0.620711337083586,0.782626620663196
-0.220849717861975,0.0563613244359231
-0.0310733359698823,-0.00334500731809586
-0.276078428496365,-0.0190176029148106
-0.184290976506616,0.109515173585516
-0.243046985459465,-0.0304731007233613
-0.0893417799118387,-0.00787963368482885
-0.205618382258383,-0.0853702331269713
-0.152765403723775,-0.00850950678051604
-0.0946960390156935,0.119358458755156
-0.0991947934230853,0.125486267940685
-0.151908665636536,0.037037037037037
-0.0730217547904877,0.0143167934711162
-0.146878348138578,0.116394559373512
-0.0973578528041394,0.0249856999841426
-0.120475489001446,0.0731415260411645
-0.131876302658512,0.0207651915474008
-0.12712335245378,0.0248344861512611
-0.0453187702870363,0.0504232280693723
-0.177253268006144,-0.0168849028083365
-0.0776646873969049,0.140158035908511
-0.18117146968382,0.00795542017411783
-0.214070530522526,0.0421230992226408
-0.0597131182310898,0.101102385604299
-0.0962830882025852,0.111655881852892
-0.337305182876087,0.121942662831312
-0.141671880368016,-0.0575106075740756
-0.118444424754176,0.118476677166751
-0.0595515880832395,0.0316552814651196
-0.0257833967927408,0.000801902594261832
-0.151747937492817,0.110238503530553
-0.0785869393045902,-0.00842528314256017
-0.0620766102249654,0.0237934682431456
-0.140280791699735,0.0476462960182873
-0.0908423310954632,0.0356037134826967
-0.12055672580417,0.0143372839339153
-0.0970740300406693,0.0697835020121758
-0.0279187982896861,0.0749330971556299
-0.0912525466878501,0.0022350976300062
-0.101164563874025,0.00124743514220087
-0.0473006176761175,0.133770696746535
-0.0363636363636364,-0.0877895840862944
-0.0989192738240717,0.0280224752176608
-0.130532362364563,0.142113087927031
-0.0447076585624647,0.0261891400439462
-0.153863717655056,0.0159523547754269
-0.0909090909090909,-0.0150623113590216
0.103479259029582,0.00813115628181742
-0.156964164387374,0.173973344346538
0.0322095619091801,0.00552628714742363
-0.104023731606408,0.037037037037037
-0.000169904165556719,0.00481283677197388
-0.0676764265638155,0.139450547456032
-0.0104299321603782,-0.0201132087972401
-0.0437958395130233,0.0613187016228903
0.0383809773309856,0.0364259253124655
-0.111941579861014,0.0166234868411255
-0.000986859652874735,-0.0253120724234007
0.104736853319205,0.0257570187994391
0.0159523547754269,0.072851850624931
0.0874602651064094,0.0970859386503571
-0.114282884798945,0.0588235294117647
0.00436332985691782,0.0209292367390919
0.0783834033337076,-0.0582701945364675
0.0432621362040274,0.0211569876143329
0.000440274475535575,0.0910823198960542
0.0554593553871802,0.0710854741249659
0.0710557280900008,-0.0461728150674602
-0.0503116931210539,-0.196446121285095
0.0913324029466883,0.0507831415104878
0.00134394029394854,0.0906375405740725
0.019490566662771,0.00980729002590904
0.00781535023345462,0.00323722406139264
0.0699454109657839,0.0777607611992385
0.0566037735849057,0.0377358490566038
-0.0149879796483775,0.0665934312697482
0.0905212842535875,-0.0600253912223008
0.0188679245283019,0.0832870483466622
0.0656579531225595,0.0464271838917903
-0.0425798602990943,0.00475766053175068
0.131003297333704,0.00552628714742363
0.0228518041132107,0.0266832747617565
-0.0122025770252563,0.0201682224555081
0.196568542494924,0.0965685424949238
0.102154972874964,0.0832870483466622
0.0216679242823345,0.0484681760508523
0.0974636244251627,0.0731415260411645
0.0419752864249638,0.0444947926454538
0.0443684609916754,0.0319234929401933
0.0238764714781532,0.135064125907757
0.0670061291389723,-0.00458140359999378
0.0136581051861175,0.0767528683474635
-0.0566820022950458,0.0718568205671905
0.0475654433159185,0.21872545604035
0.0790060454681768,-0.0159562193078018
0.152966233552161,0.0130141362365338
0.154205518070398,0.0144956899152561
0.0948352076823694,0.0528113242874902
0.189293293129766,0.00177820739811716
0.0483936254586807,0.101248755592156
0.165720305999996,-0.072642841752619
0.14062821970068,0.0250369324942573
0.0909517172680345,0.0513288660339105
0.0709587362042162,-0.0855233383749992
0.0364312921346138,-0.0390961544832089
0.0829281523647051,-0.0277942269956687
0.232668792866282,-0.0178858788766493
0.150778126482784,-0.0710474860460956
0.0320306794437293,0.011370678781192
0.0956514541017861,-0.0572843635776343
0.161811799276406,-0.0464271838917903
0.20755496071839,-0.0190448945014716
0.0814054980287124,0.00270666397723656
0.0976970503749287,0.114260516874927
0.119073353646901,-0.0322242002650632
0.162032820374757,-0.0335205639985846
0.136290202967025,-0.04168896761479
0.0916619901538117,0.0392837100659193
0.199399999397693,0.0162623125636348
0.0884910379266628,0.0706558990011478
0.264838497758318,0.0778605301478158
0.105388723627439,0.0470617999134607
0.187431858214067,0.0578022285844378
0.117222065372727,-0.00191950561818335
0.185048271343453,0.0692747355622467
0.164725308082829,0.131107232038689
0.202481480254561,-0.0210846822616101
0.00158647527595384,-0.0583755446730319
0.203825242185234,0.0788252421852338
0.206598124734975,0.136585442885988
0.189635656307866,0.0209876432124819
0.125,0.115718100511193
0.142221979153751,0.0666521393155283
0.22007836228451,0.150535019588083
0.128345007318096,0.0384700067265447
0.158585676107576,-0.00083631742787918
0.139469253829927,0.0474931014243254
0.0749989729663872,-0.0541969765401365
0.20669820636217,0.0923124031124873
0.0874004855535699,-0.00987118579464361
0.148368584881661,0.0794145284910707
0.133646735785415,0.0256705019567229
0.182885294943999,-0.0500909388846929
0.177936264868037,0.0336564590192221
0.112935505141653,-0.0285988209319011
0.0933373777242808,-0.0310733359698823
0.214566920259992,0.114231447567961
0.180737863277851,0.00523023605024022
0.0350877192982456,0.0598984835504052
0.0613326519857259,0.00212842707999373
0.254109073754092,-0.0274114366740968
0.170300118968185,-0.00513847752304303
0.179971468479206,0.0882138485809014
0.115876371322658,-0.115491826638578
0.117668540020817,-0.0474931014243254
0.185271162551445,0.0449466882357913
0.186268096609579,0.0332355647543845
0.116164442759489,0.0327933483386852
0.196183524051434,0.0913616425422333
0.203527619251024,-0.0341853017488396
0.111887372363646,0.0540292829391866
0.142434231742045,0.0255228176867331
0.147227184279506,0.0263129744636356
0.115671552902054,0.0843462999300968
0.170820815153642,-0.086003694282163
0.179584994407866,-0.145140863662413
0.0510343397939439,0.0492288743240764
0.0675924234411757,-0.0290237966397416
0.146832815729997,0.0289442719099992
0.0731542394798606,-0.0386556144846495
0.236069975429169,0.0371132069221347
-0.0337380447245684,0.00889284497457076
0.10016303308251,-0.024068692834833
0.094636745935086,-0.00490364501295452
0.17536060017878,0.0104846036895426
0.105056944808837,-0.113657206260759
0.0316383057147893,-0.102446072823879
0.0444947926454538,-0.0897090897044777
0.100646071016959,-0.0310383051124827
0.126223665709797,-0.113179151622495
0.0549089570860278,0.00751822693987805
0.158615595277911,-0.128492650111765
-0.0112651238005174,0.0689574314928251
0.0954503773460464,-0.0903180498598632
0.0374103302157112,0.041270196411573
0.0679534711733295,-0.139565303090675
0.111992927138767,-0.177164382663162
0.0703039595239765,-0.0991117786847358
0.015627515748143,-0.117980082615095
0.0181818181818182,-0.182390819438529
0.0932906514451477,-0.0448812667167944
0.0754716981132075,-0.117785673341873
0.165636441432967,-0.160098125051168
-0.0310733359698823,-0.107424063117135
0.163161926394986,-0.0357142857142857
0.00275572101225902,-0.150535019588083
0.149945733282246,-0.143138348831421
-0.0147759925488478,-0.0680019420784257
0.0620766102249654,-0.0696077659044762
0.119427889801084,-0.138209708585208
-0.0576375983862921,-0.132284376731748
0.149948863141241,0.00803532176855286
0.0242340880254261,-0.170427184155054
0.131876302658512,-0.0392837100659193
0.0696077659044762,-0.109090909090909
0.0335681405590117,-0.0846024803529556
-0.0224022718832711,-0.142802527152068
0.0567512789738117,-0.0310383051124827
0.0108478969930908,-0.11939284436111
0.0207651915474008,-0.0578022285844378
0.0960614890706179,-0.066083961834437
0.0608572604702555,-0.145278809346846
0.127272727272727,-0.105971402268113
0.054944443830984,-0.0957419983564086
0.149084894764835,-0.133693531154474
0.00224667302888227,-0.142724199651603
0.180052857699002,-0.0421414948193731
0.00844483807395023,-0.0203876426101753
0.103451896047623,-0.141015533615872
0.134987176918613,-0.0490855466450276
0.0438947920431472,-0.094601235352235
0.022637752750447,-0.171514944026144
0.0555555555555556,0.0293664155116094
0.0696736417152335,-0.0828127308404587
0.0310383051124827,-0.19155516192605
0.0773057365828972,-0.0917954103215713
0.122833715434054,-0.156077844974894
0.0620766102249654,-0.0181818181818182
0.0749330971556299,-0.093114915337448
0.0128564869306645,-0.0749330971556299
0.118108384785207,-0.200286318810174
0.0702077665067828,-0.104651897252236
0.0714271162614927,-0.097545006067332
0.0304383045101761,-0.135090201762412
0.0953207397658052,-0.113502557947623
0.131556811944303,-0.143015820661965
0.00991729455430995,-0.0501316070590101
0.150546675475888,-0.235435397829217
0.082858476026404,-0.170412060728328
0.0150623113590216,-0.112783053534053
0.0548317733556283,-0.0724135909351399
0.0642824346533225,-0.195966810782764
0.0207651915474008,-0.128699027190849
0.0871686440960472,-0.128699027190849
0.0897069381352916,-0.200206937521831
0.0254563114745692,-0.0957419983564086
0.158710272228491,-0.20795904873954
0.0260121583959088,-0.198151758713631
0.217259798901596,-0.163048183639989
0.0880713768309809,-0.188334590949001
0.133502655098984,-0.111483787799491
0.127988965770407,-0.141754543234336
0.0808455763242681,-0.13819600543269
0.105978783624928,-0.105367671900356
0.15672150240851,-0.108836568378382
-0.000863506705602111,-0.147864098021442
0.200085220677026,0.0176157857835848
0.215134842717519,-0.240101759312322
-0.0919814808680211,-0.0657923408240749
0.207592165632317,-0.125363381759545
0.0175682092231577,-0.204427445958573
0.164765949152852,-0.0280095346260643
0.083765510457921,-0.19056317167494
0.103653605652846,-0.148060504550102
0.0586240730599393,-0.0665067009548493
0.128200763146181,-0.133267163036777
0.113713090268508,-0.079077591480872
0.0369169254338872,-0.0530502134218782
0.110263547313563,-0.171740156936222
0.192843670737689,-0.121819243653469
0.0443969375648656,0.0490920462403854
0.147946688693076,-0.0564375971816789
0.0908423310954632,-0.0901491680281513
0.0648430384239605,-0.058510862313362
0.137300251155057,-0.0261891400439462
0.0830642534374473,-0.0103369807101746
0.160487583611918,-0.0726701357586874
0.213142805740838,-0.0702077665067828
0.104051896649929,-0.0338441301431464
0.156391526767027,0.12254739662388
0.14792734014298,-0.0578133344939917
0.160516856813567,-0.00753115567951082
0.114369528810007,-0.00238156053605673
0.329431840169029,0.0421132321093971
0.187429831879509,0.0520259483249646
0.0813916697977691,-0.0551050366803917
0.174786151816022,0.0397933627588594
0.250135949357101,-0.111366658361794
0.236116549908837,0.217017936573359
0.0571858273018723,0.0221124567041981
0.290943990410313,0.0647645168243716
0.0966760549834283,0.0558508486025754
0.323529836558431,0.00502187864482084
0.170607353557782,0.135215281487036
0.169099147656925,0.0275951692726415
0.134707957860492,-0.0437942815613919
0.181331098991241,0.0466434534687716
0.227602151922569,0.0107737732687608
6.73219705539342e-06,0.0113234553838218
0.194306573801113,0.0889928057661172
0.133221285639222,0.0536800365827872
0.170820800085652,-0.0140954471961294
0.176103525512698,0.073267922763161
0.152756259319062,0.100124680371694
0.0963094242729894,0.0452773911773703
0.261797553298504,-0.000611111724571536
0.162174064300237,0.0230873789073831
0.178852634545706,0.0403552354586891
0.171110266922981,0.0511888024246193
0.165842188064721,-0.111296733519266
0.184310325056713,-0.0175818175795116
0.201468387000306,0.000256180422858723
0.105371401665806,-0.0570375977839855
0.108444196956547,-0.0773146576916866
0.101497594216254,-0.0853359536765618
0.22317787027823,-0.0377358490566038
0.222593467038532,-0.0545454545454545
0.0786805266272842,-0.0469204969480437
0.243724727390836,-0.0132177793737193
0.238855779602167,-0.0357636357613298
0.0593640765702245,-0.0914521489921365
0.184346949638575,-0.048224711223844
0.239125020976231,0.00421451574988379
0.189927402954684,0.0518232117411277
0.117341126309333,-0.0198509796006458
0.216500037001728,-0.0398797786572238
0.212095139752969,-0.141576475424289
0.292759388567652,0.0179532376702348
0.227420345970829,-0.0945723411192943
0.175665143004822,-0.0764901941297924
0.159072022627996,-0.0540326097353288
0.199654950028654,-0.0148021362862682
0.101723029833864,0.104419561729832
0.204695734465349,-0.127755721012259
0.16894362365135,0.00355492284585874
0.142169489776946,-0.0970990733852943
0.185786030056463,0.00244034018574571
0.0639672012149152,-0.117048217789736
0.244181110853321,-0.108777227298776
0.0949622647759785,0.0989177488135714
0.2430982060564,-0.0401600059698611
0.0817446955995017,-0.0338597615693739
0.0976970503749287,0.0976970503749287
0.130069013770372,0.00949445498006375
0.154449348034068,0.122565304965781
0.110791620396902,-0.0380614866167762
0.24067743044939,-0.0179745025271258
0.190900754692093,-0.0472738223055563
0.177626670988172,0.0110525742948473
0.337600323866212,-0.00267387500753098
0.132377737307099,-0.125743777677018
0.123390063113989,0.0808102028148949
0.143722292580114,0.0676563478797529
0.198148486450982,0.0696624785196087
0.151119740807579,0.0808102028148949
0.0959691606078415,0.0500546353823538
0.286050106887876,-0.0297153729203118
0.0371456311960768,0.114929944272021
0.129441842591891,0.101065105425226
0.0708113924222505,0.0256011939976063
0.160824939623531,0.110200794776729
0.124696484691986,0.019679510523142
0.11091848408378,0.0490855466450276
0.257113146219579,0.0312594186303666
0.118685360085856,0.0950770204106216
0.0880867586546322,0.0564606224029467
0.0986206255199949,0.0237715695412564
0.186762844648233,0.155961796874013
0.0437808436335121,-0.0222199042243376
0.240053855014077,0.0539891916579821
0.0251052941846658,0.0383754626759947
0.182413480079339,0.0651204123096387
0.212747938117852,0.101532330740495
0.18853609410106,0.0725800715767701
0.19137651919054,0.0150680796299138
0.150240419519542,0.0767920003028576
0.154439551575105,-0.0468252340074124
0.133306844905399,0.119569429396471
0.137655454568466,-0.0210846822616101
0.160445782839737,-0.00457751730623129
0.24970772599969,0.100695335362527
0.199102468946399,-0.0588700172931665
0.142548565162715,0.0314625696070897
0.14701239696316,0.022210955211165
0.302183915746407,0.0406475542771039
0.177447467926579,-0.034435432706442
0.190190832028938,0.0346035755513234
0.205229711177974,0.0679534711733295
0.183222714206034,0.0499934982949615
0.151031399302688,0.100398265035583
0.201393720383471,-0.00596796448793818
0.219179410332612,-0.00987806852497833
0.254091491185573,-0.0101696895353405
0.256046543204093,0.103479715615015
0.15782972327742,-0.0163018168327569
0.20598523088887,0.0881338234678591
0.135960996676231,0.0589349408548617
0.151619484586124,0.0916574646371381
0.296207059178286,-0.0128564869306645
0.181668712146733,0.0292259152774644
0.194371596764247,0.0221673269019455
0.146014197055032,0.0268229661166157
0.117724989291825,-0.0027065320743985
0.167196738827793,0.0975484511555861
0.130554891961535,0.0869189686802535
0.135796495932494,0.0404031470783459
0.199302366031989,0.0788236778092432
0.133962768596669,0.00971859721766558
0.132515746173649,-0.0175471011016952
0.171028209476339,0.0501293254621204
0.15665280069889,0.0709330018209803
0.199004105694603,0.0245315523124259
0.249688657419561,0.0889564866760448
0.124557244758235,-0.0536920683644056
0.157686572095461,0.045848322583635
0.211665946239494,0.0737545833598647
0.290067036154745,0.0223442918923854
0.112407474844633,0.0781352988873315
0.129818968364788,0.0400767264736784
0.202059707265147,0.0444762253904846
0.222280417282818,-0.0204716249429099
0.218433835029988,0.0536005035370355
0.218468136991992,-0.0134564875329711
0.191192375702455,0.0635177980913454
0.13954692418394,0.0130945700219731
0.198653132002164,0.0895895858932142
0.150633009912477,-0.0310383051124827
0.153372175205397,0.138033972477509
0.180842132581064,-0.133288289735802
0.223194653005134,0.066787621684168
0.100027392360473,0.00275572101225902
0.170539594111375,0.0685373680476726
0.245332175898315,-0.0359954916885635
0.173930478827025,-0.0285988209319011
0.134146417120167,-0.0169407731794735
0.158220767636031,-0.127030952337782
0.213987873222175,-0.0140666967302241
0.0865299932734553,-0.0433921624452259
0.103682356118752,-0.102086107572826
0.247772516084061,-0.141435189370904
0.118320224631828,0.0686928390789425
0.312240189900332,-0.094118828341502
0.267236844428106,0.0256771040308763
0.174887554162409,-0.0712967335192662
0.165384351802975,-0.193755809753222
0.223703738418509,-0.0238227414447947
0.0955536128420902,-0.183692886123999
0.28945254488093,-0.0591531916027281
0.139682000367054,-0.0360151583583183
0.244838248424213,-0.0993558392027312
0.271829974307945,-0.0866578917524409
0.198526735470623,-0.248553362878367
0.260906198735583,-0.154370161310743
0.169986682389963,-0.0893790535723294
0.181227504587718,-0.189988935642651
0.292022088173265,-0.155753513788097
0.215359180310874,-0.0267617615225983
0.195486386225881,-0.145648271945759
0.301412886618176,-0.208703793902165
0.189268346515227,-0.129080162310873
0.0737380341118057,-0.0683232840526301
0.167530909155681,-0.161588772608282
0.224386404435631,-0.131691275522356
0.193559842108902,-0.0516069612725959
0.203438646417293,-0.108836568378382
0.149050880883082,-0.103120998871474
0.232130430462025,-0.179272452569198
0.237819645695936,-0.0706444036253804
0.112624955570616,-0.104343222320617
0.180955590433936,-0.0806923763159154
0.195731352726518,-0.193637744026078
0.22804782286533,-0.0521171824773421
0.168481218451042,-0.136349941859696
0.134665937267805,-0.00719812533728131
0.0845285968580345,-0.215982026219041
0.241609886852015,-0.103857511021526
0.125252455508372,-0.158577093316157
0.0883666600894215,-0.13370942310727
0.246553750280588,-0.133170696144229
0.155625697626459,-0.155717493426859
0.183521754177027,-0.162437071915417
0.186781844877012,-0.187122986000027
0.124177811429237,-0.242959544065776
0.230111796040458,-0.24178849493506
0.237279415146372,-0.271170831861421
0.157624235143443,-0.271884752018371
0.175192444366601,-0.272025252252515
0.28320929715798,-0.227074285023528
0.263791831346355,-0.266326339943772
0.192007316824047,-0.21613245724284
0.260764538440315,-0.24762544931509
0.222063058862596,-0.276643309621236
0.149728248626827,-0.237322748055325
0.165528506272588,-0.260129741624823
0.12790250186166,-0.214944717767448
0.224752579934834,-0.270318349209257
0.0968070597805922,-0.203378462651011
0.122833715434054,-0.185510326261326
-0.00428198494044952,-0.15145831937215
0.102711407040457,-0.200296941235582
0.0983112220129579,-0.098817799551153
0.00135430122906197,-0.234482643574251
-0.0358207727299151,-0.0978109727846461
0.0812626452221252,-0.130009864177135
-0.0778768678707268,-0.219021426062243
-0.0708077671090894,-0.104651897252236
-0.0208496975280487,-0.0651494055157062
-0.0501092467780578,-0.218753716217786
0.00986528227797987,-0.0487521414777193
-0.0550902017624119,-0.0596681381966052
0.0216286982530029,-0.118206061499471
-0.0614645344804981,-0.0647413086737608
-0.000369462598913292,-0.131739629514791
-0.138089893509118,-0.107670621525428
-0.0448469872663849,-0.0128216907174793
-0.12002789040339,-0.11822788859647
-0.192555835169155,-0.0406494834076233
-0.00133866929457836,-0.0247235049776006
-0.195102479739495,-0.0654728501098655
-0.149953613618016,-0.0996521023934487
-0.0761865420893542,0.00135729543914312
-0.259061914820048,-0.0961387840470943
-0.197771451914965,-0.00568012891940414
-0.136302365299269,0.0137056817465446
-0.202832039778497,-0.0474085283579798
-0.121858282249234,0.0268982261378817
-0.246482218786761,-0.0585745915748013
-0.180955590433936,0.083991368628384
-0.218085551144691,-0.0968328078859144
-0.282188633020069,0.00824629266249576
-0.135828870454684,0.0111974250182591
-0.232230024548927,-0.0822856555098293
-0.243147924647618,-0.0338441301431464
-0.246747931258011,0.064128909815917
-0.188480439465785,0.106587745689256
-0.308753981710923,0.0855761114326932
-0.192972269830091,0.068625475671027
-0.100913041277036,0.0843748373445347
-0.318508514378879,0.167051868037213
-0.140073960818043,0.151841480736224
-0.236808576912148,0.10753757182082
-0.223639613726469,0.150325813565753
-0.245266170265108,0.26662336645806
-0.257194704941511,0.0807290221332561
-0.260807873542453,0.133877658280978
-0.28677946222263,0.0976911412927665
-0.198358460107842,0.174195320255016
-0.203088268875848,0.118148777050924
-0.210523037802201,0.110426837603799
-0.277665222154633,0.198083599365214
-0.119299138032945,0.0540470774008675
-0.228604050897785,-0.0278042587082648
-0.100259660194753,0.067901198628618
-0.181455034437577,0.0264261176112725
-0.0589289459487704,0.0426794602126509
-0.111215607377357,0.0714878185282987
-0.219908286062618,-0.0747304698175235
-0.1053385872089,0.207606937214007
-0.253417845679141,0.0393807580803555
-0.184564987146106,0.0615430392162454
-0.136899061717242,0.124736455331979
-0.249296608812983,0.128425013402522
-0.12789002961294,0.0920933534999968
-0.19667102216461,0.0321943605396093
-0.198057216681722,-0.00667594857430866
-0.294665688806529,0.038952737778226
-0.188976368576595,-0.0127189952464091
-0.131915528687844,0.0820717571973674
-0.132887975491528,-0.0328289765612798
-0.293702262849358,-0.00195505201852008
-0.0543915271670087,0.00192523672054418
-0.197819764258804,0.0731910481957203
-0.131351345787212,-0.00766910136394404
-0.190622130981514,0.0434705275485402
-0.181272882865934,0.0610228840490361
-0.169722279723769,-0.0722612386089734
-0.0794278898010837,-0.00386690163975694
-0.199861602825911,0.0858421880647208
-0.229204023855153,0.0227662089361509
-0.183038792358272,-0.00690784428313435
-0.215037001203883,0.0478402623760894
-0.179394169414003,0.00614769075141474
-0.1857966450715,0.182704501230662
-0.159797352399997,-0.0564649601636379
-0.214141470113799,0.0966823850423767
-0.174591257549941,0.0309007380069631
-0.148649790855939,0.0285988209319011
-0.213977633954155,0.0403552354586891
-0.153880026906179,0.0166785702454692
-0.278625241598774,0.0385694607919935
-0.180314950691191,0.00519786371373179
-0.0211544582113921,0.0796584278044769
-0.267221501795049,-0.0213763032719723
-0.180484978943509,-0.0485701860390777
-0.116242687360036,-0.0467029949110863
-0.105754675884309,0.0598707857966082
-0.0673893037517166,0.0697551494604745
-0.109039668971399,-0.0619139976791393
-0.0114798449462024,0.0022039142086671
0.00836552981113737,-0.0294780750152911
-0.136612170354873,-0.00188522873214436
-0.125697894317195,-0.0490019712441043
0.0409445217645259,0.0156907081507207
-0.185818003020748,-0.0601772101642962
-0.117005281134225,-0.00954410242281105
-0.0281391959334728,-0.00358838819266106
-0.147613658350847,-0.0558560384525419
-0.206862169171771,-0.0505076272276105
-0.043700242776785,0.0111671282209511
-0.201107346272687,-0.0532291733876341
-0.154469313212016,0.0302028436897677
-0.195114516448258,-0.0261701832914747
-0.250843617922834,0.0569164358895244
-0.0972716713482135,-0.00117857261167368
-0.262881238423899,-0.0431109564709481
-0.085870078468111,0.0006000006023066
-0.236936273983984,-0.0138896731363675
-0.188134534034513,0.0859407069676184
-0.111737929489706,-0.084934732318864
-0.159699549262256,0.0163973642711913
-0.249192760312342,0.0623902920170982
-0.288751212700823,0.0296135573839308
-0.277420248320227,0.0766588074788116
-0.247689321121663,-0.00711546478238458
-0.168700242776785,0.0763507271472526
-0.193942353845271,0.0454775730030039
-0.193528606244397,-0.0711204910970124
-0.282996389801739,0.096929416164419
-0.145647038721637,0.00164184785757917
-0.24312604448287,0.0818234758549533
-0.212209775036645,0.0741842924408305
-0.144434291257728,0.0365847779944004
-0.321990983377127,0.00247451503798119
-0.0114825090474644,0.114885433330791
-0.263738548724972,0.0584686787760186
-0.134253149022901,0.0406925580985418
-0.194516468339146,0.075644071026782
-0.159923650979624,0.0776569088415803
-0.118473821523452,0.110487864460953
-0.147072642455353,0.109590497823557
-0.0043509819668503,0.0889586309138817
-0.165328361101408,0.0365847779944004
-0.0221033892225717,0.0910056212247959
-0.0820018727729769,0.0389529902270216
-0.0910056212247959,-0.00826383866117119
-0.102832055401282,0.121649121644671
-0.0589981905337475,0.0479024794454374
-0.128221767603035,-0.0532105268969625
-0.0668891156173093,0.0323803442686578
-0.162328549709151,-0.0662879403494162
-0.116622260108674,0.179824434342225
-0.0907480183422654,-0.00341942846416133
-0.0566121605712233,-0.0377950943278334
-0.219759037610259,-0.00162694184076902
-0.125477010186281,-0.000746655523516193
-0.189902626567944,0.0806826929013906
-0.052907851483501,0.0111321755318127
-0.113832871779049,-0.0449961852030925
-0.0795231365024292,0.178898511943261
-0.0542690910318165,0.0560696770651318
-0.225418456347898,-0.00987792000238233
-0.116208738177817,0.156126211677688
-0.155777900667427,0.0575814999099084
-0.148004852993434,0.0267721793879318
-0.0811570134687336,0.0781988604471162
-0.261162927830526,0.0855837596579372
-0.140903422265248,0.0755901886556669
-0.139096027997689,-0.0214208288158783
-0.236756932529979,0.0310733359698823
-0.130073922146896,-0.0350877192982456
-0.11976976394976,0.162880720420708
-0.148368584881661,0.00058928630583684
-0.22877097546748,0.014512135539047
-0.221682385042377,0.0104604721004804
-0.137340826749933,0.0496215285043191
-0.217851130197758,0.106903559372885
-0.219921647472504,0.0124053821260798
-0.0122564863283579,0.0917954103215713
-0.288516759524636,0.114873968121373
-0.0474352484578661,-0.0518905972281102
-0.162722681241924,-0.0523396301170974
-0.16786901647473,0.0879955707817467
-0.125639540464718,0.00973698010786795
-0.078235955879397,0.0227792985758241
-0.184024006246539,0.0855837596579372
-0.0827595358091665,-0.0280095346260643
-0.0840554782354741,0.0735950061349936
-0.156768289545034,0.02588968682263
-0.046455963789044,-0.0439814487510628
-0.0588016646216688,0.0126269068069026
-0.0507698301616148,0.0485137904841076
-0.0898750005915511,-0.0516861998392842
-0.0853514206617816,0.145612863869402
0.0342086297307795,0.0174033389199458
-0.00798595706249925,0.0049490300759624
-0.131398057319268,0.0379694601896869
-0.0354520827802814,-0.0412076151847979
-0.000243380874565195,0.0601317819002118
-0.0801497182291158,-0.0359429397839723
0.00115789589918818,-0.0169649116995287
0.0286760351809355,0.0166886391633961
0.0276627609776879,-0.0460176912911087
-0.0781271635446929,0.153695539687623
0.0143947657244131,0.0470452500948808
0.092847250405198,-0.0162352462207677
0.0156623119613282,0.143535039836362
0.0195814563022739,-0.0409400003536982
0.0686501255775287,0.060979504052101
0.0768526027738132,-0.0410889670124834
0.013778185874217,0.156545188640032
-0.00576340569050215,-0.0409463978731501
0.00992730246021852,0.151521005574207
0.0229656945677096,0.156201652027634
-0.0138441727353937,-0.0025986544886016
0.0454242708096423,0.12743570686205
0.0459094624655623,0.0521090426456967
0.0333068449053985,0.0153392974567266
-0.0377504310368125,0.11603366421026
0.0561319298214084,0.0765573628548501
-0.0584092857435929,0.100687823684198
0.067401941476119,0.0353304501579334
0.0235071494329719,0.145740864264719
-0.064556487520752,0.140416802671397
0.0485006188807307,-0.0310383051124827
-0.0338597615693739,0.178830634249859
0.0109369813124811,0.160203175021434
0.135862944262337,-0.009311993207729
0.117175353840671,0.132460112839448
0.0477702355361977,0.1097736019923
0.0128564869306645,0.0536317721510151
-0.0535067291144348,0.0621808467920002
0.100027392360473,0.102501907398454
0.110923553875166,0.159334364673787
0.158295887341879,0.0301740932238623
0.134029935822823,0.103179813053019
0.0764068438128276,0.126856478266239
0.122000898113176,0.0456196463611648
0.053905123922512,0.0557378632778507
0.137791981237902,0.0980564501468597
0.0802850207711854,0.0304840496640455
0.0944257467469267,0.0335540206713697
0.078886910846048,0.00918446598493294
0.116313601085336,0.0642314387932616
0.00657264705596952,-0.0773583851421779
0.0519956471475786,0.0145806831605775
0.173114196605423,0.023279954775362
-0.0850119232160262,-0.000276272536132599
0.0846637675815844,-0.126404550437666
-0.0443330204041719,-0.0627947916198883
0.0779867281676691,-0.0304731007233613
0.0802584284067836,0.025712973861329
0.0293657214728045,-0.131724794596811
0.11264419811595,-0.0156287181634573
0.103880686907133,0.046501342568872
0.00816853369997324,-0.0455470252239327
0.12067443108211,-0.179787826282815
0.115128814205356,-0.066479541352609
0.0279791387260379,-0.15136532579442
0.0282797719750643,-0.0298118705814803
0.144718477699454,-0.0923085424658867
0.0815453289613269,-0.13853329374119
0.170476044848739,-0.118072646542603
0.137357064939741,-0.235871627372578
0.179352385020341,-0.0712843307730013
0.215383426382381,-0.171639217748069
0.0897740338684704,-0.168948780283052
0.228364265799117,-0.2129048592294
0.182779633396888,-0.100042364111678
0.151213952604758,-0.269188754247084
0.210519145791786,-0.187125786967863
0.119950307805538,-0.159245745325059
0.163352572709755,-0.282186201010469
0.065764921958597,-0.263079117260264
0.0816375297888367,-0.223113181313747
0.104658985720165,-0.341596403748995
0.0724026465566566,-0.269420073125311
0.0330860371744641,-0.233968873423071
0.0673347907708394,-0.138001236894931
-0.0177575536872112,-0.241328574290602
-0.0136291693707163,-0.193305578864589
0.0679890888257318,-0.145542609723678
-0.107732143448694,-0.112654299167375
-0.0363636363636364,-0.215062311359022
-0.121347395419267,-0.15327201994423
0.0338789263563316,-0.0657302418393112
-0.0592707851943016,-0.0436084732329734
0.116136193880057,-0.132937381919664
0.0173611735039644,-0.060272059297821
0.0624271840259059,-0.0461738414245275
-0.0173061211947459,-0.174838679165423
0.00920285531631869,-0.00284062124384896
-0.093114915337448,-0.0341578119352792
0.000506234388159017,-0.152189958741542
-0.0488963039747897,-0.0453420906343641
-0.0353720305304912,-0.0736597055919874
0.0607537040361319,-0.0607537040361318
-0.0735950061349936,-0.0409445217645259
-0.0695433426964271,-0.0584935842901098
0.0579653471937896,-0.0838120973609089
-0.0886964279798775,-0.0794145284910707
-0.031943828249997,-0.0590828705959467
0.0175438596491228,0.010276955046086
0.00243110249345522,-0.100979900857421
-0.0734464342359757,-0.0965781719342494
0.0594347171637924,-0.0986699019956225
-0.0468324414849416,-0.0790393357520545
-0.107360226768271,-0.0199020754601122
-0.00270737502958781,-0.103802586582087
-0.0949862028486508,0.0193960141929839
-0.0389529902270216,-0.103108327937414
-0.0220726424553534,0.032088072421912
-0.0553211749349332,-0.11362315822185
-0.0105379216915507,-0.112637323649477
-0.0740154003243699,0.0395326417036802
-0.0660073642197619,-0.0172413793103448
-0.0639156341583887,-0.0639156341583887
-0.00921310674166737,-0.074120226591666
-0.124935444623853,-0.0154154325691291
-0.0261891400439462,0.0185185185185185
-0.125,-0.0714285714285714
-0.0949862028486508,0.0132870054891354
-0.0522908890472091,0.0491909449975757
0.00796564543025183,-0.0304958930312866
-0.0661983353783312,0.101912621092617
-0.153921159036669,0.00532139229953467
-0.132583694527918,-0.0421933378534475
-0.0576230920099951,0.0741842924408305
-0.0641366680567905,-0.0244013862310475
-0.0747901003326103,0.0342042527407523
-0.0212021501752387,-0.00464094974440339
-0.0788252421852339,-0.11453952789952
-0.112373093193097,0.0840554782354741
-0.100027392360473,-0.0194342912577282
-0.0714285714285714,0
-0.0557378632778508,0.0588016646216688
-0.111475726555702,-0.0147933415133248
-0.0821702495033297,0.0384700067265447
0.0508157075591695,-0.0249726076395274
-0.104079055799039,-0.060968099328091
-0.110886440249865,0.0547500011831022
-0.130073922146896,0.0804523936425773
-0.0403552354586891,-0.0717097774028493
-0.151830962014391,0.017575936882865
0.0788252421852338,0.0468814139352369
-0.129332869412844,0.0966823850423767
-0.0130319715322926,0.109338634249998
-0.0684262065730327,0.000986474673647237
-0.0794554595844428,0.0964203712839716
-0.0711204910970124,0.100027392360473
-0.025792433848041,0.103719785078613
-0.0555193342414601,0.0257590910402234
-0.0680835641104756,-0.0120376205010658
-0.0898477253256078,0.100124680371694
0.0350877192982456,-0.0701754385964912
0.0510969135334474,0.20194001345309
0.0191296302430901,0.0427526065439447
-0.00195505201852008,0.0478849340301279
0.00870107303835753,0.023840233071354
0.0156917051052617,0.0852881957521588
-0.00377045746428872,0.0283176149576233
0.11453952789952,0.0788252421852339
0.0378807204207079,0.0304840496640455
-0.0224980926015462,0.0138054794185763
-0.012210218463985,-0.0113768417781498
0.0171504867366722,-0.0375995144464301
0.0165612004308353,0.00798595706249925
0.000281205974277824,0.0563271495836876
0.0126269068069026,0.0230873789073831
-0.0378807204207079,0.0945159503359545
0.0264323862254789,-0.142267856551306
-0.133648989775112,0.0440941003617972
0.0178571428571429,0.150253813613805
-0.0235826301888235,-0.0492121504832071
-0.0234368317776195,-0.0682561334657814
0.00513847752304303,0.0124053821260798
-0.184605289330803,0.0294328755376991
0.0790060454681768,-0.0693227688313148
-0.0319713360570188,0.025288709366722
-0.101374893563719,-0.0534135482130389
-0.0886964279798775,-0.0197423715892872
0.0283176149576233,-0.0862219129418963
0.0526315789473684,0.0526315789473684
-0.14460773135297,0.087719298245614
-0.0226823371721658,0.00513847752304303
-0.0982725258278327,-0.0674680635669034
-0.00377045746428872,0.0239578711874978
0.00191950561818335,-0.0827779346272735
-0.0566037735849057,-0.0409730731179964
-0.119684465371473,0.0769318588275279
-0.212306873262041,-0.117087976271632
-0.0654728501098655,0.00542394849654542
-0.13954692418394,0.00991729455430995
-0.0698723490266717,0.0213763032719723
-0.102851895445316,-0.113502557947623
-0.0579042979842729,0.0326504843704677
-0.0282324800818189,0.0201013238000015
-0.0802850207711853,-0.0212021501752387
-0.0985676137745211,0.0258430999196421
-0.0802850207711854,0.0138054794185763
-0.0616135022995027,-0.0122302071266151
0.0384700067265447,0.0107416780747583
-0.027199293876116,-0.0147759925488478
-0.06387906517426,0.0166886391633961
0.087719298245614,0.0278208146952089
-0.149746208876013,-0.0620269106303989
-0.136931448728821,0.0363158533615817
-0.131926076690758,0.0127080575395413
-0.0211064551644373,-0.0671653881534419
-0.16941849560513,0.0816991973595154
-0.0469141534747313,-0.00699063206690415
-0.107424063117135,0.0236766652132199
-0.159605177813559,-0.00243110249345521
-0.114916092460298,0.028809140665915
-0.113964230933094,0.0734617615756731
-0.126740984560229,-0.00798595706249925
0.0450248374293981,-0.0275781174525006
-0.125238120037315,-0.069017542697303
-0.135517037678023,0.0417228009196795
-0.104079055799039,0.0714285714285714
-0.11979696710081,-0.0598984835504052
-0.174556973128173,-0.00513847752304303
-0.0931340483047897,0.0822781453091095
-0.109447680102953,0.00991729455430995
-0.102832055401282,-0.00185215454386113
-0.0231317376982737,-0.00238918693322323
-0.141579011256318,0.0953955808697628
-0.00220582442835713,0.0128564869306645
-0.108834364267362,-0.0165779045754577
-0.200286318810174,0.0905954091169581
-0.0859235221972221,-0.0687592369152622
-0.0693573796122366,-0.00568385017921278
-0.104341258733043,0.0672043100270856
0.00642781170218744,0.034553825656618
-0.123311960489297,-0.0243942116757255
-0.0998078341724109,-0.0172413793103448
-0.108769668161604,-0.0196305662435681
-0.0898477253256078,0.0517499555843128
-0.0310733359698823,0.0926307216038102
0.0600976070479763,0.108013349422972
-0.195531204791176,-0.0304840496640455
-0.032909452274013,0.00585606974105256
-0.0647400215404885,0.060979504052101
-0.140769147633083,-0.0865575323714756
-0.198571376217521,0.0159523547754269
-0.0753704378075955,0.071328919850918
-0.136980760440848,0.096794317639995
0.0702115465974611,-0.0634051675610476
-0.0798482597471235,0.0299706059489889
-0.192244694986041,-0.0498399860486479
-0.0715933522258866,-0.0762884609014065
-0.116535059607657,0.0501316070590101
-0.240175284618044,-0.122233714831747
-0.021779629748802,0.0231489274067873
-0.088389584688601,0.00191950561818335
-0.0879897718594068,-0.0024745150379812
-0.0845323326156004,-0.0383584911910729
-0.0455511992900584,-0.0377358490566038
-0.144970872680485,0.00962567354394776
-0.109888887661968,-0.000611111724571536
-0.0722279682475571,-0.0258007843557668
-0.135345199136537,-0.0287553037870378
-0.093114915337448,-0.0235071494329719
-0.0895669202599921,-0.058212378315832
-0.114212444527687,-0.0429754741023083
-0.0668258620125913,-0.0764788322891893
-0.113716500883534,0.00770606211293115
-0.139583357045031,0.0954708660885663
-0.0819210228016652,0.0148674393738514
-0.157525461253265,-0.0483115261294106
-0.0230739638295755,0.0100506619000008
-0.0539891916579821,-0.0391051467145891
-0.0851915595563972,0.1455487295973
-0.147742281442856,-0.0701741725689519
-0.035444432481739,0.118801056228652
-0.250978187947506,-0.0194968027468148
-0.223555927917194,-0.0598426834459736
0.00436332985691782,0.062690253570896
-0.220461830103617,-0.0503785761433581
-0.177390846505705,-0.0564136398608242
-0.107721807157432,0.00499794587858826
-0.183152958135595,-0.0588928366709366
-0.21675069716525,0.00438071552746674
-0.284998442763438,-0.0167619787673225
-0.232293965254229,-0.0386163980076749
-0.129412415539811,0.094779897117045
-0.161195141609694,-0.077363980072035
-0.187601762379624,-0.0606600133378916
-0.0406475542771039,-0.0113496975884238
-0.156012947526028,0.0297784268059934
-0.229919223263728,-0.0224264068711928
-0.0400932738330433,0.0205704547576975
-0.226712217633199,-0.150617877385523
-0.167425028219705,0.0503949797088294
-0.160844469497508,-0.143306681438686
-0.202460517178633,-0.00725403757480388
-0.198243091411019,-0.128651043896524
-0.109909181671795,0.00574251500512808
-0.0685096253433837,-0.104071308166835
-0.184171529674742,-0.0225781471240694
-0.109841311101541,-0.0251459070748675
-0.244957500027032,-0.0979979833855257
-0.232700664239884,0.124247743399613
-0.174959819020185,-0.0892848252098707
-0.205630886018377,0.0983081620995002
-0.161811799276406,0.0384615384615385
-0.252133962048956,0.0833998216778533
-0.0798413700466046,-0.0144186980814786
-0.123934602623766,0.0107554510012707
-0.14843976915851,0.0124834582974016
-0.125108413868018,0.0191296302430901
-0.1566778455772,0.0727272727272727
-0.0429617610986111,-0.0753573616502369
-0.221273962022656,-0.00945066129769417
-0.168180511126172,0.0481765550404901
-0.0974054293645665,-0.0481765550404901
-0.119308002220325,0.0395124191114318
-0.210701801794542,-0.00247592537876821
-0.0494866046435886,-0.0164357102603119
-0.121639517389993,-0.000902732734933715
-0.111402732121473,-0.0213763032719723
-0.149172597727887,0.0137056817465446
0.0221051485896945,0.00781535023345462
-0.103120998871474,-0.0367454160266749
-0.100785675216979,-0.0559811314504365
-0.121028405665421,-0.0763207471029563
-0.113357784139993,-0.083991368628384
-0.0632261770809832,-0.0447076585624647
-0.0596721569017835,-0.0953864426160692
-0.0246645273079684,-0.119461683618201
-0.0603149506911912,-0.0348021362862682
-0.0991910749325934,-0.107769968548407
-0.11195111454818,0.047769373960458
-0.100490122840452,-0.110589889006433
-0.142179885017599,0.0165788614422709
-0.132396670756662,-0.0252538136138053
-0.120382561263204,-0.104422328787166
-0.0264807610543084,-0.121639517389993
0.00767062152542768,-0.135345199136537
-0.0328109439374434,-0.0241071500352785
-0.0758795395439415,-0.127063465886538
-0.0558471765659177,0.0028577847534538
-0.0891104587876624,-0.182827439294703
-0.0455511992900584,-0.0754716981132075
-0.0318850026942738,-0.131763672128214
0.0265086307581556,-0.0507427187835817
-0.0740740740740741,-0.0261891400439462
-0.0286057172383852,-0.0529893918124639
0.0743656950844363,-0.16952445142012
-0.0165486313738086,0.0235071494329719
-0.093114915337448,-0.112496734723879
0.0295294981910142,-0.0633248695925664
-0.0937149159397546,0.0304383045101761
-0.000611111724571536,-0.0945476446111127
-0.120736784655059,-0.0344708732939454
-0.00828173324999922,0.0644484005301263
0.0481765550404901,-0.0213763032719723
-0.0425752870272704,0.103332392236359
-0.0175818175795116,-0.0715272715226595
-0.0931149153374481,0.0385694607919935
0.0209876432124819,0.0316383057147893
-0.0271216880768558,-0.0213181082113761
0.0575235390129513,0.0783834033337076
-0.0746851857986456,0.0561666672801271
-0.011606944829173,0.0835071705438343
-0.0904340032619673,0.102813820954217
-0.0504232280693723,-0.00391010403704015
-0.0865575323714756,0.195713591464067
-0.0197876899563476,0.0107270554539547
-0.118655152139347,0.159146936927811
-0.0175377880588219,0.152722634941173
-0.0192307692307692,0.0529971990167879
0.0205000012741101,0.093488983805251
0.0239539372001899,0.146737932505598
2.09476042382105e-18,0.0566037735849057
0.0438947920431472,0.152985701134056
-0.00191058450939399,0.163875970914482
0.0350908428798153,0.11175878843714
0.0668019408738124,0.171453838126048
-0.043559259497604,0.146959516641506
0.0908052752865402,0.168116504255839
-0.00513347014532896,0.116732757605833
0.00251950622048995,0.187429831879509
-0.00843799236792373,0.134661658077721
0.00945066129769417,0.185510326261326
-0.0805447472169574,0.163322681844231
0.0705214482989156,0.205897968871501
0.0881032658784272,0.222879785848706
-0.0304840496640455,0.188134534034513
-0.0456103912973984,0.216037575452453
0.00195505201852008,0.20880816148604
0.0997597516044784,0.166728507477201
-0.0539454539431479,0.202492143238531
-0.0791785318564101,0.243279034779985
0.0283231825425307,0.128970941344631
-0.0476242705849246,0.306802716449843
0.0159348939252281,0.230815723204559
-0.0964566833569146,0.237007467075626
0.0911023985801168,0.139890821931568
-0.0592583216549218,0.210792107603231
0.105182240993467,0.109412823167903
0.03149390699206,0.197354057877578
-0.00999589175717652,0.223409259745116
0.0104299321603782,0.195871953382004
-0.0760152253638663,0.222566251415411
-0.0343437261980204,0.198928534446062
0.0255875417275889,0.171419190291368
-0.0573786905020812,0.124920260638191
-0.0457323343116581,0.252225531800396
-0.0496204980711436,0.235943068243841
0.0113919129844836,0.172417676761078
-0.00914597573901349,0.268178667957781
-0.0975092346786115,0.141488689967689
-0.0354183904232568,0.15830921422993
0.0106158662891221,0.185548839090124
-0.0561890687947715,0.194490011532357
-0.128838247636721,0.243262683528154
-0.0173317356568789,0.143082916395144
-0.0870700796727242,0.171020652522652
0.0558649595613313,0.0941302593255723
-0.052912267737445,0.207817474489685
-0.106633411880524,0.151520641627359
-0.176361381537922,0.230239610160192
-0.10982717192646,0.227544292352892
-0.0849771185112483,0.228888836807903
-0.0162439757857891,0.164392123933937
-0.0996875429809522,0.219695284508462
-0.148979874898779,0.21156306266194
-0.00739667075666241,0.193364770084753
0.00321534601068737,0.154993900060859
-0.0984402465886017,0.0249934694477588
-0.0371081058681319,0.198694994284854
-0.0206600006625373,0.142111456180002
-0.083691213544364,0.178755119335323
-0.0344302633048026,0.105950334245676
-0.0280525724197418,0.053366549523513
0.0270367333142205,0.109535897457878
-0.147931219555429,0.0897407641426126
-0.178539013239497,0.142113087927031
-0.0877994626771987,0.0900076454601615
-0.11745749919917,0.158536054192885
-0.119622707122574,0.122388147848665
0.0577154259946791,0.0394981411334872
-0.0697998659510428,0.0876154769445895
-0.0733609523612771,0.188155600468937
-0.0409863671034088,0.0996875429809522
0.022279036006906,0.100874325842592
-0.0313569081176329,0.203742929733035
-0.0381168304515319,0.113751337222134
0.0353965082353081,0.124704599300492
0.0228698884911261,0.093751086285552
-0.072277374675693,0.055974334356594
0.043559259497604,0.0799258108962224
0.0552886128209776,0.149017356531504
0.151310480864757,0.0985393290764529
0.0743444570637417,0.0787433241054118
0.0618494191507158,0.0436645716188182
0.0743603072718243,0.039239040142144
-0.0169411037673749,0.151238996663189
0.0414897965944258,0.0330364585868116
0.104668342104876,0.0590828705959466
0.178984993805559,0.0316383057147893
0.0269129750659422,0.153585701736363
0.0760943402476767,0.124231725917343
0.14677332392707,0.100996251414948
0.0824514554776075,-0.0104604721004804
0.0816805277059133,0.0141244311849615
0.211221912941896,0.0683647700847534
0.0917333549664143,0.00798595706249925
0.046455963789044,-0.00581952235607707
0.188134534034513,0.0661983353783312
0.0313246239226565,0.051425947722658
0.188088656636958,-0.0387599745040978
0.0574598447978065,0.0985588519712458
0.181281272186133,0.0173764645626646
0.0865678183731679,-0.00519606119800474
0.159590497823557,0.15849358429011
0.214314956594008,-0.0332685211422098
0.188172359134226,0.0945232508309088
0.0809982888709069,0.0304381722664908
0.220306131200823,0.0842429230525416
0.0435617617009177,-0.0130322230383641
0.17865196346333,-0.0585602018895208
-0.0212021501752387,0.0206128638694019
0.212294999157156,0.0511744251256694
0.167531155679511,0.0911675193158744
0.123083290079992,0.0831597686721651
0.104721371446615,-0.0453310990509073
0.171609838584439,0.122245415554448
0.0213827277005699,0.0874166228321525
0.180229326069879,-0.0613412600731543
0.0834661919296372,-0.0323692783961899
0.0674229910359725,0.168278394495842
0.213606604396671,-0.00627857863233064
0.105263157894737,-0.0278208146952089
0.138498722649121,-0.0345087713486515
0.22114978153584,0.0448924290023881
0.0997564256542149,-0.0465933222663079
0.225079881737278,-0.0191902008777298
0.154220906338,0.0500935199994371
0.196003121282379,-0.0280095346260643
0.106717406996664,-0.0434190368025071
0.216834950183982,-0.0187818187841248
0.111907159558102,0.00142817749866091
0.211567818373168,0.0157248830029562
0.186087917920119,-0.000902732734933724
0.188945702673573,-0.0057155695069076
0.138852316210389,-0.0254979471526984
0.213620998258014,0.0284358130728285
0.205000067437225,0.0157733642953625
0.090138255807808,0.0285670355632881
0.163835501377354,0.0917250407145859
0.226339836321071,0.024075859241224
0.0348241438361037,0.041270196411573
0.18147853801457,-0.0380864245921945
0.118020536117677,0.0457925678701198
0.115384615384615,-0.0192307692307692
0.17310641421071,0.00812183455633519
0.0341421356237309,0.0424264068711928
0.257539191056003,0.160654950165675
0.0486316397769965,-0.0250125631420813
0.171556296637764,0.0881309238534241
0.133494609532373,-0.0219491480751854
0.171015493048839,0.118751658437848
0.0569312934087239,0.13258513828846
0.252224984301563,0.106617118709382
0.0747488025333964,-0.0293421926307803
-0.0258499424731569,0.0368965368028921
0.0769318588275279,0.186820746489496
0.0900092897543897,0.0424278662952063
0.0360867277416762,0.0320452097849988
-0.034444130745453,0.0338441301431464
0.321881520210816,-0.0240723538220932
-0.0914279174210093,0.177923794281748
0.0316801842736704,-0.0136702411590412
0.0421022687900415,0.00516776807368669
-0.0647400215404885,0.113357784139993
-0.0736135921397531,0.0285187988919927
0.0316130885404916,0.0871686440960471
-0.164285033607293,-0.0543147104988747
-0.0566037735849057,0.0812951085542078
-0.133617879260628,0.0101044133194856
-0.0754716981132075,-0.0644191238183603
-0.0689771713063596,0.045991473765594
-0.137276240004644,0.137276240004644
-0.186361786649672,0.0524467840954673
-0.0760291260925941,0.0268002517685177
-0.15584704123937,0.0328322040436493
-0.192510715931565,-0.00980729002590904
-0.109673199814842,0.0693227688313148
-0.0377358490566038,0.0266832747617565
-0.194620311025083,0.0525084870844218
-0.201845406984353,0.0135982073305105
0.000634616021670442,0.00923487747359271
-0.15875874645987,0.0188679245283019
-0.0888133354940858,0.0790060454681768
-0.168961694887517,0.00340582563297033
-0.0501316070590101,0.0316130885404916
-0.081303488040487,0.066083961834437
-0.0660824364602423,-0.0422889682170966
-0.101846072221572,0.095634421557938
0.00705950980085615,-0.00195505201852008
-0.272034338567023,0.00195505201852008
-0.0998659097889331,0.0322095619091801
-0.0712905150228182,0.07925616045307
-0.172100383840748,-0.0433861495930745
-0.0315668410906484,0.087261670177167
-0.0793031687617533,0.0455511992900584
-0.118315511249256,-0.00886236393222325
-0.0964566833569146,0.00687285232806599
-0.0964934870439374,0.00833815897162129
-0.256275039993418,0.0607296835822723
-0.0145118983198708,0.011794783768362
-0.204286945724428,-0.0185185185185185
-0.156077844974894,0.0351636351590232
-0.131998057921574,0.101846072221572
-0.27208056059291,-0.0246887087644154
-0.204292145045451,0.0450947932477604
-0.146693059487957,0.0545802507586398
-0.200478851675613,0.00662738855634903
-0.207464221192091,0.103440489585683
-0.205506755787488,-0.00737507575791905
-0.207780806087681,0.014232823352181
-0.227996452328063,0.0155864580253935
-0.140697577462946,0.077326772934701
-0.075892024575923,0.0926876566327599
-0.107649111696444,-0.0940479462819842
-0.207098874748264,-0.0190855759247052
-0.270642821712647,-0.0534215130569711
-0.0931250754424493,-0.0443889875993502
-0.244210844503516,-0.0490855466450276
-0.128878017670913,-0.0814054980287124
-0.267041548151931,-0.0892848252098707
-0.057361021025423,-0.0880713768309809
-0.0159483298915926,-0.229113143036186
-0.205297968269195,-0.0724135909351399
-0.12059437883232,-0.159363115139693
-0.182563787521857,-0.134215465611805
-0.136290202967025,-0.04168896761479
-0.119030957610812,-0.148328814299492
-0.227918798289686,-0.00532533125115368
-0.160824939623531,-0.121465918577247
-0.198080494381817,-0.0614766096226588
-0.121890321258627,-0.156771230287078
-0.21240048555357,-0.043700242776785
-0.249266469522248,-0.138497399087017
-0.172896355921268,-0.0925478007286366
-0.226351487292434,-0.0690425615153548
-0.307858420586718,0.0113397261838704
-0.198876212109271,-0.043700242776785
-0.112857903544452,-0.163851970407372
-0.231324623922656,-0.0903090903067843
-0.215414505979953,-0.0931497115506333
-0.150797222522087,0.0163886024679161
-0.173622398495466,-0.00492215571868121
-0.142426272784126,0.0113418972569915
-0.177665488789682,-0.0812916146124865
-0.233530448351014,-0.108777227298776
-0.206211650663634,0.036963636965943
-0.249691919668441,-0.154305477052372
-0.0969635910166545,0.0255618939453643
-0.265074547487603,-0.126577148400585
-0.175507627227611,0.0461747578147662
-0.0936832831555525,-0.122491310109783
-0.14844007729874,-0.125416688342918
-0.256632716456348,0.0861987535671623
-0.145512814404923,-0.0621114561800017
-0.157726245131669,-0.0141762932369712
-0.130100241120056,-0.142676623091176
-0.224569204953152,-0.102832546895219
-0.126092737045132,-0.0745285788867477
-0.276807048936371,-0.109610563905265
-0.0514251297703785,-0.172745144258321
-0.22648289274609,-0.0060813031926315
-0.16541411484974,-0.135552837840123
-0.0999028298992587,-0.0392788622595361
-0.11264419811595,-0.150290376241178
-0.23576363576133,-0.0495064421044746
-0.0341578119352792,-0.04168896761479
-0.0686019426807322,-0.0391694613943001
-0.149664527307968,-0.00857524336833609
-0.122233714831747,-0.0990402471909083
-0.0727272727272727,-0.025712973861329
-0.192414599151598,-0.0769318588275279
-0.197329445911797,-0.0998310928735131
-0.0987072168486788,-0.0644581707610221
-0.143166239639171,0.0137441114198149
-0.219359223721831,-0.0835273173664037
-0.0651812290995033,-0.0517671683633209
-0.201069521172975,-0.0643131066461868
-0.191479541352609,-0.081299757223215
-0.115752821098155,-0.0928913510620814
-0.137898882139113,-0.137276240004644
-0.136247931871471,-0.000291621010362188
-0.184833928174259,-0.0474931014243254
-0.150779876705699,-0.144540863060106
-0.121940299820626,-0.0810771111810717
-0.131761507053271,-0.0828681438205251
-0.21240048555357,-0.0615573856339278
-0.0533454533408413,-0.100959752809092
-0.186083757885453,-0.00515474599050919
-0.0835273173664037,-0.0956308763222081
-0.173033112189629,-0.163751212700823
-0.27241359093514,-0.149579875501086
-0.165409002461324,-0.11086354791587
-0.165556389183177,-0.0897402277283445
-0.0139973027569068,-0.143626932386536
-0.174628909202457,-0.066083961834437
-0.0584935842901098,-0.219797156310232
-0.128445365495381,-0.105971402268113
-0.129478551701084,-0.0310383051124827
-0.100027392360473,-0.152302878505594
-0.0473006176761175,-0.168214827491988
-0.140450329226751,-0.137961902603833
-0.293410641838995,-0.0788869108460479
-0.145234741420058,-0.235848391293261
-0.176779363422736,-0.168010469393326
-0.166225727738804,-0.226604540761058
-0.0108478969930908,-0.107933835643448
-0.163922682446537,-0.173973344346538
-0.181019069252129,-0.133548369011055
-0.145329589424026,-0.0948747062089783
-0.0331293273372258,-0.173020149268794
-0.148576862481121,-0.119414145998259
-0.21351930143725,-0.141634141032755
-0.131618743448187,-0.19197591348909
-0.109002083448994,-0.108121534497923
-0.11091848408378,-0.172100383840748
-0.173373343744232,-0.114416240342063
-0.119729138902949,-0.138961798749118
-0.132253359469858,-0.161480020457804
-0.13759187216542,-0.172673857183936
-0.131684376129442,-0.160516856813567
-0.190955161323743,-0.190955161323743
-0.0385694607919935,-0.067401941476119
-0.141301852426046,-0.136290202967025
-0.0441617623032243,-0.0813204839269635
-0.154292789241147,-0.113857001117679
-0.258620277830841,-0.10854494736802
0.000933030944536114,-0.102621808931578
-0.0615627460728254,-0.105687162614566
-0.110650021384904,-0.0245314145298855
0.0115369819147877,-0.0937149159397546
-0.199353287865638,-0.106995667365026
-0.11498887796241,-0.15831103238521
0.0855837596579372,-0.0203876426101753
-0.128944271909999,-0.00960427257253642
-0.187112367499858,-0.172382236173574
0.0130945700219731,0.0207651915474008
-0.0326375381202308,-0.116215568893447
-0.196446420033444,0.0495204953344386
-0.108444196956547,-0.0152380474667212
-0.0695528583124624,0.00962567354394776
-0.0957419983564086,-0.106589895349499
-0.0613511502868169,0.0361284549315453
-0.121320020696843,0.100488551923402
-0.0392156862745098,-0.0588235294117647
-0.0966314338376835,-0.00485296317459934
-0.06279701617375,0.0470249962264379
-0.223527460174645,-0.114113253761707
0.00463409649646958,-0.0741758023187933
-0.0747424281428398,-0.0916341183341972
-0.0889895852909075,-0.0224739632272689
-0.229016554695201,-0.104208003070301
-0.0915476043401958,-0.0627114070404572
-0.102132391031746,-0.051425947722658
-0.102783113372732,0.0400740294844113
-0.126852799686134,-0.00123564199379921
-0.0706558990011478,0.014232823352181
-0.0453811120579342,-0.140129214203392
-0.105056279981888,-0.109038325143022
-0.149239077161776,-0.0365847779944004
-0.0791711476165055,-0.128873244414416
-0.130929142632623,-0.00641168411731007
-0.0702077665067828,-0.0450947932477604
-0.0753628650525041,-0.13197122061047
-0.0231934676408391,-0.00945066129769417
-0.0666824370625489,-0.0768526027738132
-0.0797155647730623,-0.0921993227233186
-0.0407752852203506,-0.0106506625023074
-0.124466902242064,-0.0511396289124842
0.165355235458689,-0.0760695211729748
0.043700242776785,-0.0159719141249985
-0.0301519857000023,-0.15238570053175
-0.109156059092591,-0.0236229763008546
0.116535059607657,0.0654728501098655
0.0372114429473184,-0.0956692177711232
0.0511396289124842,0.00472533064884708
0.0394831431864329,-0.0877895840862944
-0.00195505201852008,-0.0396032007801287
-0.0181818181818182,0.0394831431864329
-0.000611111724571537,-0.0274113634930893
0.0537275845943806,-0.148402626256071
0.0347923096022835,-0.0419080688696071
-0.0412742026719429,0.00731190478188672
0.0656579531225595,-0.0848887223533288
0.0102367852685193,0.0389920890555571
0.15039482117703,-0.0130945700219731
-0.000611111724571536,0.00195505201852007
-0.0230118645762831,-0.118781732636539
0.0461243466887219,-0.107087191135762
-0.0328322040436493,0.0231489274067873
0.127063465886538,-0.0715079103309825
0.132195793372721,-0.00571556950690761
0.00542394849654542,-0.101777058577526
0.037037037037037,0
0.100874325842592,-0.109767170817163
0.0261162838928257,9.79743693639393e-05
0.0282842712474619,-0.108284271247462
0.104125741594633,-0.0802217648254888
0.111512730670933,-0.075174574819631
0.0396032007801287,-0.072119022055554
0.103732110596046,-0.0137056817465446
0.0106506625023074,-0.240775285220351
-0.0281441920624663,0.00256616374309161
-0.0731434716352932,0.0794980225706195
0.0526977708021018,-0.0999715931076581
-0.0785477132752587,-0.0821768168440089
-0.0175818175795116,0.0125701681204907
-0.0108478969930908,0.0185185185185185
-0.00224667302888227,-0.0239424670150639
-0.0322242002650632,0.0852135920775271
-0.0201343729662493,-0.156542511928445
-0.0435617617009177,0.0105127168178741
0.0137895178752006,0.0434705275485402
-0.0925925925925926,-0.0185185185185185
-0.139890821931568,-0.0754716981132075
-0.0719373507582383,0.0595154788054058
0.0455511992900584,-0.174389446926779
-0.00132000132507452,0.105512814404923
0.0657923408240749,0.0618822367870347
-0.122426406871193,0.0258578643762691
-0.0198624588124671,-0.0453187702870363
-0.0279187982896861,-0.0254266550511552
-0.139890821931568,0.0566037735849057
-0.119845974824736,-0.0298843895453154
-0.0832870483466621,0.0377358490566038
-0.0334548461781184,-0.0836125671875547
0.0302176221167257,0.0517001285719511
-0.109156059092591,0.0364259253124655
-0.0181818181818182,-0.0802584284067835
-0.022036786899286,0.123673588608023
-0.105154840400463,-0.0248933072864719
0.0364312921346138,0.000634616021670442
-0.0769230769230769,0.0271964146610211
-0.028896798690119,-0.0200940710043282
-0.0253624513351498,0.0680966223552885
-0.11208513701435,0.0192307692307692
-0.0490855466450276,0.0029117052205001
-0.0871686440960472,0.0948392656214749
-0.0743656950844363,-0.0501316070590101
-0.0584133403090094,0.0412387620844394
-0.0344708732939454,0.0754180143680226
-0.0137056817465446,-0.0743656950844363
0.0219866734031302,0.120025889089405
0.0534215130569711,0.0881733868192064
-0.127063465886538,-0.0874602651064094
-0.00195505201852008,0.0115807255624678
-0.0603683923275294,-0.0227202435659209
-0.00784961200549208,-0.0197604488242416
0.00585606974105255,-0.0194688278138794
-0.129018517905058,0.0523782800878924
0.0259366192382403,0.0656644080872985
0.0640936049774677,-0.0575235390129513
-0.0202372221862872,0.158136104325401
0.0949357509692646,0.0154028795920965
0.0251666360583357,0.103673915535449
0.0319047095508538,0.0376481487616086
0.027804994491677,0.0115716392479602
0.0193818193864314,0.0959207403681118
0.109520790878479,-0.0894359776285549
0.0811801905711291,0.0592018741834741
0.0559811314504365,0.156766806667415
0.0157189288256609,0.0361044890041274
0.207212256818612,0.0215629442093585
0.0797896435809817,0.0344708732939454
0.163636363636364,0.142335038631749
0.0718794661435907,0.0593055814074869
0.11049999938654,0.0797896435809817
0.0871686440960472,0.121028405665421
0.134481692430935,0.0775075299645959
0.121460526909928,0.0826950048948626
-0.0389920890555571,0.111722222835683
0.160803175623741,-0.111896734121573
0.101644237470081,0.0122801331585262
0.149783709452459,0.0782757991214764
0.129956691227495,-0.0214433990051511
0.0487876667650616,-0.0105284062788815
0.0137056817465446,0.0891236961145673
0.12845443879234,-0.0784929908484744
-0.0128564869306645,0.00532533125115368
0.172745144258321,-0.00436332985691782
0.0558471765659177,-0.0692612373021002
0.133390147118017,0.0683585045671665
0.0635456677951926,-0.0405059335150624
0.100909688606026,0.0670337057452838
0.177743090136909,-0.0769230769230769
0.0477453587942034,0.0583574156356707
0.0476964159351312,-0.0470617999134607
0.156813853397817,-0.0228330848041032
0.154148991049222,-0.0334635925829502
0.0404917847884632,0.0411264008101336
0.0299204988231492,0
0.139890821931568,0.0722344740518149
0.0933914616661478,0.0243942116757255
-0.0211569876143329,-0.00228906308603099
0.0865242724080548,-0.0299204988231492
0.0215638527607624,0.0056325619002587
-0.00139563030525425,0.00860026145192227
0.148328814299492,-0.00522916385384706
0.147578975924225,-0.0307987302343551
-0.0507803631439055,0.0312897964811344
0.104119491584098,-0.0464271838917903
0.0817446955995017,-0.0230118645762831
0.171193344922077,-0.0545419003643169
0.0228330848041032,0.115052836566013
0.192155162528356,-0.112496734723879
0.0501316070590101,0.00860122396420857
0.159287666151601,0.0290469247974
0.182007909717522,0.0261891400439462
0.0139973027569068,0.040186442800853
0.0846507287134011,-0.0434705275485402
0.0895669202599921,0.06372382034035
0.138209708585208,-0.0925149147351414
0.0429617610986111,0.0124322224360575
0.159873035742465,0.0747754548552914
0.0492859991050582,-0.13203285413476
0.147660369882903,0.04168896761479
0.0548976491663857,-0.0950692171688166
0.14410767745671,-0.0733272733295793
0.121947396021574,-0.00412533004654048
0.0933818855975251,0.0258887099690286
0.163922682446537,0.0153759931511544
0.146460368678289,0.0573512795761183
0.109025033280152,-0.0262781782504504
0.0302176221167257,0.0139642795153474
-0.0073790005150655,-0.0213763032719723
0.274892123320477,0.115923947883085
-0.0159101179427037,-0.0754983015447512
0.227918798289686,0.0203876426101753
0.0390592930323816,-0.0656090490724944
0.127211792828251,0.110331951227145
0.144107207885896,0.0287343033005409
0.12140302901592,-0.0461766339233903
0.149337443936136,0.0161073964936383
0.207531155679511,0.0620766102249654
0.0927022140208893,0.0300673613211279
0.11036370257473,0.0443190565377542
0.181151421402248,-0.00697157354457368
0.22793779172913,-0.0344708732939454
0.142335038631749,0.134803882952238
0.175559819622492,-0.0217255894992217
0.117944812556949,0.0302519171886641
0.186696142349859,-0.0279256741084217
0.0243934688454522,-0.0100506619000008
0.186240256111426,-0.0700301201793932
0.11764115434305,-0.00191940358437984
0.0458666774832072,0.0316626222757192
0.129431840169029,-0.00443009072988394
0.0827595358091665,-0.0656090490724944
0.0853702427212207,-0.0155522850400369
0.299872463524219,-0.122942173304936
0.109889127146592,-0.0515333099227585
0.0844408954219094,-0.0855544864562882
0.24956357907306,-0.0959188301484217
0.105290427510974,-0.0110342269670555
-0.00147924096625174,-0.0349546138132662
0.124106508917875,-0.0812826935036971
0.335892062127445,0.0398627457475855
0.145307678661323,-0.115422063565807
0.0405059335150624,-0.0603683923275294
0.203995324714066,-0.12931013891542
0.0846606754135518,-0.0373584733453751
0.1862738184028,-0.0106901841540434
0.102193827066895,-0.0203316578951241
0.146413657146234,-0.0137517274519342
0.17244043123417,0.0415284375006728
0.112407474844633,-0.0266212612884533
0.129978272384256,-0.0425197940564871
0.223661555539809,0.0202687325769832
0.0397694619966067,-0.0209876432124819
0.251350264795463,0.0289631297611095
0.0559220965299167,0.0520240381052746
0.0442895290826218,0.0239578711874977
0.228262254068445,-0.0350460415674496
0.201493052211842,-0.0820399883405337
0.104776948147256,0.020922820309585
0.0936685062756617,0.00476049383099551
0.146486182822039,-0.0271964146610211
0.0926307216038101,0.0310733359698823
0.0603149506911912,-0.10308640753373
0.051425947722658,-0.0984402465886017
0.116908383580594,0.0391694613943001
0.0317692874336446,-0.0556355339254814
0.205950376732586,0.0392837100659193
-0.0492201232943009,-0.0310383051124827
0.0620766102249654,0.025712973861329
0.00501164945902087,-0.0897090897044777
0.025712973861329,0.0620766102249654
0.0120376205010658,0.0747735787466673
-0.0126269068069026,-0.0230873789073831
0.103765577839755,-0.0642824346533225
0.000600000602306599,-0.00873115688412402
0.0419752864249638,-0.0263129744636356
0.0845505734522343,0
0.0708077671090894,0.0181818181818182
0.094636745935086,-0.118111192182766
0.0943396226415094,-0.0734797583207531
0.0150623113590216,0.0181818181818182
0.0984402465886017,0.0106506625023074
0.0717942417827366,-0.0487958587996939
-0.0181818181818182,-0.0363636363636364
0.0428297504966703,-0.0310733359698823
0.0606191595246554,-0.164622838310011
0.0601223083935968,0.0777004093574952
-0.0294324812864321,-0.0162623125636348
-0.0650197627666575,-0.0656090490724944
0.103732110596046,-0.132487414383083
0.058670784591995,0.0128564869306645
-0.0188679245283019,-0.00781535023345462
-0.0883895846886009,-0.143535039836362
0.0203658327473595,-0.0684294695417472
-0.0623234443460495,-0.0487876667650616
-0.0185185185185185,-0.0555555555555556
-0.0686728504163124,-0.0821702495033297
-0.0108478969930908,-0.155818769673576
-0.0984869296838393,0.052059745792049
-0.0175377880588219,-0.0973921562131988
-0.113357784139993,-0.102509887146903
-0.0150496220404932,-0.0322242002650632
0.0998659097889331,-0.0699454109657839
-0.0632261770809832,-0.0555555555555556
-0.0389920890555571,-0.11939284436111
-0.0875032652761206,-0.118108384785207
-0.0385694607919935,0.00220582442835713
-0.0987265653987755,-0.111896734121573
-0.0743330965533233,-0.0880759028964681
-0.0100506619000008,0.0564649601636379
-0.0404917847884632,-0.120685398466272
-0.0357142857142857,-0.0283176149576233
-0.0431109564709481,-0.129332869412844
-0.096794317639995,0.142113087927031
-0.118781732636539,-0.0632261770809832
0.0644191238183603,-0.0566037735849057
-0.105687162614566,-0.0130945700219731
-0.0481056738654831,-0.0177221075460952
-0.037037037037037,-0.0970859386503571
-0.0682534646754142,0.0187159429733674
-0.0415765774595536,-0.0329077432013177
-0.0396032007801287,-0.0319047095508538
0.0165634664999984,0.0332765195486495
-0.0103938228825444,-0.173835166482718
0.0156307004669092,-0.0188679245283019
0.082858476026404,-2.1350442781253e-18
-0.052059745792049,-0.0792561604530701
0.0984869296838393,-0.0215638527607624
0.0750671985244351,-0.09467504166169
-0.000622642134469112,-0.0351212671296802
-0.146625217374135,-0.0702659800252594
-0.0130445140873017,-0.167196738827793
0.00129411894615149,-0.0628052538112338
0.0554593553871802,-0.0554593553871802
0.0348241438361037,-0.000173109904529489
-0.0316552814651196,-0.119986832316691
-0.0555555555555556,-0.037037037037037
-0.0664034525486464,-0.0153412430508554
0.0423938898004037,-0.0712517299081237
-0.0396386413676321,-0.108000931376627
-0.00231376876206104,-0.0897702484266423
-0.00603506022111695,-0.0960614890706179
0.0207651915474008,-0.0578022285844378
0.0207651915474008,-0.105687162614566
-0.0644484005301263,-0.0268002517685177
0.063450884158936,-0.0703856854413195
0.00945066129769417,-0.150466194913566
0.0185185185185185,-0.0708967986064109
0.0405059335150624,0.0603683923275294
-0.051081916354371,-0.161966460424991
0.0657923408240749,-0.127063465886538
0.0331269329999969,-0.0536005035370355
-0.0984402465886017,0.0363636363636364
0.0363636363636364,-0.0984402465886017
-0.032957810730666,-0.0755330977579364
0.0849837590556306,0.04420847383528
0.0103369807101746,-0.156391526767027
-0.0203316578951241,-0.0516861998392842
0.0365847779944004,-0.0206128638694019
0.00275572101225902,-0.0212021501752387
0.0326504843704677,0.064031900671909
0.0987265653987755,-0.11822788859647
0.0473006176761175,-0.0812916146124865
0.129051663438567,0.0557378632778508
0.00561165006132747,-0.068888261490906
0.101857849581387,-0.113504670463388
0.17192181994263,-0.0678736399083137
-0.10221826613654,-0.0453187702870363
0.112882028328919,0.0107554510012707
0.0826644062121931,-0.019490566662771
0.083258540059007,-0.139425207339134
0.0344986249952111,0.00323722406139264
0.0633562072083556,-0.0949823434600412
0.0398948217904908,-0.0481765550404901
0.0861987535671623,-0.188353726442126
0.0246913349693021,-0.0226993951768477
0.0467300210948587,-0.14085362092178
-0.000863506705602111,-0.0604038329150329
0.144083422953745,-0.113694009947782
-0.00256836468742664,-0.176443957492824
0.0587049613193715,-0.0605382964930862
0.0779750917966066,0.041897450369438
0.0836270873472372,-0.144407235919613
0.0443190565377542,-0.0707610555770336
0.0803324497616579,-0.109560308591348
0.0101798373288965,-0.00340178656811727
0.0808405544589341,-0.0841626540698531
0.172636024215783,-0.127162181162977
0.0275910897565658,-0.0891115601416436
0.00465034472772941,0.00574347815481503
0.113821762751292,-0.177788501569025
0.0849406921681646,-0.0370952560144481
-0.0144365647217929,-0.0116924346674284
0.105537576065913,-0.134292879852951
0.0191650478218785,-0.130380655199235
0.194177136883127,-0.0998375142416171
0.148934458690331,-0.0354107542635442
0.0721859998204363,-0.163030491583951
0.0211569876143329,-0.0777607611992386
-0.00486041333240101,-0.0517859517526603
0.0760659447003607,-0.112556509488026
0.140972407807483,-0.097959782759679
0.0508601900870091,-0.0872586095703447
-0.0254427560521652,-0.0737554425449335
0.118995384596236,-0.116634852620655
0.0626150653564117,-0.113038293425784
0.00102370013303016,-0.116559526865847
-0.0762679960888042,-0.137437180077744
0.108180730139414,-0.0221354383569308
-0.00526004835888924,0.0384247347745156
0.139916167697041,-0.173047981461389
-0.0042810028784854,-0.138818647567159
0.132995237126159,-0.0842068137747078
-0.0698608274565716,-0.103449481041399
0.0667081869043913,-0.0699454109657839
0.0159077450764232,-0.237582424269113
0.0699454109657839,-0.0966286857275404
0.0351620600912729,-0.177743090136909
0.0533697125581573,-0.109154241149709
-0.0133561444591341,-0.1535360964014
0.0246913349693021,-0.12946088977119
0.0550521082679868,-0.0585472391459815
0.0813404755864455,-0.0524112110808914
0.0521765123253204,-0.144191712269083
0.0646873042404942,-0.169246564363133
0.0215638527607624,-0.0328289765612798
0.118655152139347,-0.0729889825311409
0.178285422400474,-0.0130844802303943
-0.036193441494089,-0.177923794281748
0.0491074823483138,-0.0909455573027173
0.0843891814336414,-0.0633954236853301
-0.0398571687667927,-0.0722279682475571
0.087118518995208,-0.0702425342593605
0.0453343907896045,-0.20651157404434
0.0961791534976008,-0.0519972518655277
0.0553207483298772,-0.154418552783438
0.167456309020728,0.0259259259259259
-0.0506397828978295,-0.326099922398998
0.136950721163752,-0.164879280194447
0.035157376407514,-0.115239453105358
0.17040556734187,-0.122239786124888
0.0292493824573015,-0.060875518708987
0.0686893516068603,-0.129345579502924
0.0277461913717612,-0.260242602968986
0.0725999590358,-0.154485457311902
0.0440965468378932,-0.0478570643262807
0.0344708732939454,-0.18772347922443
0.0415303830948016,-0.18772347922443
0.0207651915474008,-0.154766450389989
0.0993997074124182,-0.239234467164892
0.0412387620844394,-0.306824702575178
-0.0570649607659445,-0.119714208611257
-0.0109094231128883,-0.155175924873522
0.0523428493904829,-0.228397776377673
0.0826644062121931,-0.210755998325397
-0.0656644080872985,-0.0618045418914368
0.00816094775840977,-0.0950770204106216
-0.0612244897959184,-0.0736879346352352
-0.0183822830205285,-0.173277306419278
0.0421414948193731,-0.0791785318564101
-0.0131701687227973,-0.176779169377202
-0.0028577847534538,-0.140769147633083
0.131556811944303,-0.176875582231339
0.0789389233909068,-0.122833715434054
-0.0428357307330484,-0.169986682389963
0.0811447478192639,-0.30241870984192
0.0287293312128775,-0.246119780750206
0.0874739920744715,-0.153982601244233
0.0266212612884533,-0.193419341874757
0.0567589956153591,-0.272306252720805
0.105128001553438,-0.127661861142859
0.0859016302735857,-0.254937899957471
0.0296616631280206,-0.202057047415445
0.0526367443691891,-0.291399035207156
0.180835499502248,-0.206772118740489
0.00473055471548843,-0.133356768007862
0.0416424160817214,-0.213061264276486
0.161606533870733,-0.188824907254105
0.00307110183877234,-0.148406409981374
0.00168035170524898,-0.216603875246255
0.170813112019648,-0.239534276855884
0.103111354347295,-0.192847542466896
0.0339528026259306,-0.300656496453489
0.0437538521486328,-0.238274943278562
0.116730737253204,-0.219198066842092
0.170602988748018,-0.326492202488649
-0.0183795261211891,-0.262250432341063
0.0978127473144257,-0.306610724002719
-0.013370182442041,-0.249528846128217
0.0118112101793891,-0.460483666074326
0.113281800687224,-0.192919477362668
0.123378085721599,-0.388797035508354
0.0768963091729038,-0.314262968444023
0.146408733687221,-0.222164176029472
0.0622298854554966,-0.344325994637282
0.0998475507571049,-0.374833011872672
0.12644730346632,-0.25103385433064
0.0953587746329077,-0.417847276404854
0.092225621368382,-0.292428164226069
0.0988775658842728,-0.189494605398649
0.0337500515764359,-0.23691512320127
0.134772971998323,-0.392431122524282
0.112516802628843,-0.294549085934041
0.00762109937087182,-0.266472341405428
0.0690898177056921,-0.240400049506227
0.132995237126159,-0.315941262582076
0.0841160993506016,-0.258666372631323
0.0235523962304131,-0.345709099481241
0.0199547131846544,-0.255529878524766
0.0999878318299671,-0.297275124644737
0.110449814060929,-0.254984102676672
0.0608683450886275,-0.339962005772678
0.0987583674018796,-0.334268291654487
0.0647864833641524,-0.267976925054351
0.0763816267471505,-0.406404546409696
0.0599037784164066,-0.233223374401856
0.0939377250976238,-0.373145514509284
0.0372661836149361,-0.327186748041047
0.084972607091136,-0.343648237476863
-0.0121880544206821,-0.30614994120876
0.105119114853317,-0.337776352804484
0.121802238864931,-0.259752187234485
-0.0287972456398061,-0.269936698455077
0.112949637134218,-0.340846175264699
0.100684606352131,-0.256355196659728
0.0989262351880695,-0.318703278759106
0.0545726173154767,-0.22786055343938
0.0628524693199716,-0.308840148492788
0.00796029694166114,-0.21670688223762
0.0985699909934364,-0.265830013882585
0.0473384080993839,-0.244778922543894
0.124706509520182,-0.251454817037135
0.0696933585466073,-0.221855154947586
0.048145157227504,-0.197506278073345
-0.0137840820598082,-0.231657277565834
-0.0924136021125282,-0.173226771806009
0.108972327968217,-0.233853630875
-0.0139833234309686,-0.268998296854433
-0.0140239936381879,-0.14334197479093
0.0993595846661112,-0.152013911732362
-0.0965543349682125,-0.122720740026229
-0.0288381602457314,-0.171312710266044
-0.0411867307806536,-0.022732729043511
-0.103188094604653,-0.171294476302485
0.00281283235411973,-0.0827192098827362
-0.111728451822473,-0.0789955019629868
0.0536924483479677,-0.114330676302322
-0.089561865579409,-0.0113226569203912
-0.0189040338061356,-0.0228879133910444
0.0249879464362227,-0.000957484614006944
0.00831964343397432,0.0665443803236545
-0.0105738180352104,0.221497670447791
0.165764471120228,-0.0477458171137985
-0.0194282849486138,0.146438722492296
0.0299077668440501,0.169135857245479
0.0292904200850867,0.189993214993656
0.00523335786663503,0.283565361104066
-0.0157219586501732,0.221271175513208
-0.0525702744588942,0.119188090205203
0.0701660226563801,0.173802509424958
-0.0522478361700324,0.288533014040914
-0.0374722766424715,0.185392182191438
-0.171260463836166,0.235763050919085
0.0392440474362827,0.214783501406212
-0.0541504083841047,0.225514914052147
-0.0817147218643908,0.236699090193685
-0.158325789507441,0.248283868188085
-0.114458469786474,0.235023934432816
-0.048344394200616,0.188329973263024
-0.07522726103173,0.173071914332081
-0.0811193952826605,0.279644291150978
-0.118706403593487,0.165208566613764
-0.0752304404747061,0.231761445782304
0.0161050909418857,0.182140155773689
-0.119670412164985,0.157413130192378
0.0953400556966364,0.262845856866953
-0.0295964763380752,0.279108047396858
-0.0378704724795763,0.261398209405448
-0.0507084984857523,0.169936783888656
-0.0433803754666802,0.128107434639029
-0.024782908522005,0.229183286257166
-0.0646098695614374,0.154826638228372
-0.0663374476470218,0.209886529445574
-0.169907013556425,0.107882296947232
-0.0908420977390183,0.159945508307279
-0.108478993169732,0.0838407125529854
-0.0995602784070705,0.0843860742345006
-0.0768809619142855,0.134075125221085
-0.150272279860567,0.0433768918386704
-0.123473909261653,0.189092515285182
-0.137660622576838,0.164222421216189
-0.239603567343393,0.052497370387797
-0.0753019228127447,0.093301125407092
-0.0055176079536754,0.0791754821979941
-0.117239830789358,0.0558826171534212
-0.105717487971315,0.111282960870797
-0.182310149228053,0.0977177793583969
-0.137457493015234,0.0991754542469305
-0.15125133836922,0.0710103098792405
-0.146601017899748,0.0756842378975718
-0.150863203220321,0.185016815247193
-0.203931751721262,0.0474489908018581
0.0154420532333069,0.0378499563784233
-0.0816980368895148,0.128583311179815
-0.134057015556709,0.107744041093073
-0.128460296395694,0.126707522883606
-0.118994704197687,0.127245364290768
-0.110034365471975,0.0215583706131395
-0.165409002461324,0.157997350593077
-0.177280886992099,0.148633679030725
-0.210113889617674,0.195578229062424
-0.235330450157933,0.167614826889682
-0.1101440435023,0.1566778455772
-0.136729540169507,0.170558597151648
-0.23465542724761,0.206221578196903
-0.20221926317561,0.138155407329564
-0.0964551200692056,0.233474370755973
-0.179477186561934,0.291203194839445
-0.203231902280447,0.214973287539346
-0.161480020457804,0.209937450676519
-0.147755566782995,0.14439139275841
-0.115885778932539,0.109186939981561
-0.208219515656298,0.276463006685427
-0.143801746907874,0.243883958559689
-0.1455487295973,0.266868744085243
-0.16736340992025,0.072041308785484
-0.0708323379423028,0.18948749008165
-0.147108507309919,0.232238718809917
-0.168830555693776,0.0973171447478759
-0.131352709932142,0.332264594727501
-0.107978383315964,0.117039017818357
-0.0812951085542078,0.256929839749925
-0.190020147393688,0.185442021221626
-0.0408163265306122,0.156262331622293
-0.129920275939865,0.117259521834093
-0.134987176918613,0.140187945225144
-0.0310019768159201,0.126160733151604
-0.131876302658512,0.218114344315778
-0.0908004243763839,0.142364582534768
0.00950395669914229,0.151908665636536
-0.0972649291304215,0.257228760976465
-0.168913339695549,0.113357784139993
-0.0427526065439446,0.0453187702870363
-0.113357784139993,0.250658035295051
-0.201429160970974,0.275503235045048
-0.063049826160375,0.113179151622495
-0.119653599745281,0.202940648091943
-0.0783834033337076,0.0464709647181041
-0.222852351437338,0.144171824810053
-0.158136104325401,0.145714232372568
-0.00266486234859514,0.156482074579215
-0.0825556388233356,0.152879759005881
-0.0564230756489668,0.1386469356537
0.00559575821323588,0.304765342863412
-0.0772259141261454,0.113657206260759
-0.159927457038785,0.215217768945573
-0.0925515305805121,0.160084390152549
-0.0976970503749287,0.182619021442094
-0.0245535787396355,0.153544226940846
-0.0791785318564101,0.0587049613193716
-0.150417575650123,0.0438422062627339
0.00726418541943373,0.14556512815702
-0.0682882608885994,-0.0464142982636371
-0.106934604498872,0.0745235371378459
-0.172382236173574,0.000611111724571536
-0.135738830135125,0.14120126887759
-0.0925925925925926,-0.188945702673573
-0.15672150240851,0.101165946852954
-0.0248451997499977,0.0364259253124655
-0.0817446955995018,0.0478849340301279
-0.0928842136029548,0.0124834582974016
-0.0555555555555556,0.072119022055554
-0.0584133403090094,0.0757096353783848
-0.126452354161967,0.0338597615693739
0.0229071488306653,0.0229071488306653
-0.0605473828075938,-0.00672031223006682
-0.172974564508806,0.0360322943138778
0.000291621010362188,-0.078886910846048
0.0114590087176624,0.0427526065439446
-2.2754473092733e-05,0.0614301223424715
-0.0511396289124842,-0.0153759931511544
0.00886982497408918,-0.0705972347882046
0.0141759919465413,0.187116150087377
0.0117982062884517,-0.0771108493075923
-0.145921181975846,-0.0311809672959845
0.0552942599019424,0.0296878518199474
0.00998482089504048,-0.00499947770936003
0.0890214138393633,0.0509246234667692
-0.0702425342593605,-0.120400255268797
0.0345669866856197,-0.0325711900279064
-0.0188679245283019,-0.0266832747617565
-0.00943254728751986,0.0103453486511658
0.0518925036514068,-0.0484990137883922
0.0943396226415094,0
0.0588928366709367,0.0530694262299364
0.0794980225706195,-0.046954331591347
0.067401941476119,-0.138929212998779
-0.00906418722635353,0.0947391810366682
0.0714805599906038,-0.1149977990712
-0.00452121576161169,0.00901456181937623
0.116678799644745,-0.0995426843045477
-0.0287198631995343,-0.0931366085839853
-0.0152380474667212,-0.0984869581206575
0.121061076609093,-0.0483338038818205
0.0405237626233621,-0.0253607792403979
0.0511744251256694,-0.00717896105857969
0.0984402465886017,-0.00695851805916325
0.0186438730996916,0.0190487890442019
0.129054287206477,-0.0372966673081725
0.0489442719099992,-0.0903957274274636
-0.142876145897416,0.071845259771489
0.0291187994942993,-0.0360499545715036
0.0982097085852084,-0.130336980710175
0.00460582683758354,0.084383758453324
-0.0277985827975098,-0.0553621820188291
0.0858247038020986,-0.0385508814965423
0.046455963789044,-0.0563271495836876
-0.0214522867247414,-0.0184242115269851
0.128766122924028,-0.0865929729589791
-0.025113439665621,-0.130350194683029
0.0633961152408421,-0.0940012347499285
-0.000600000602306591,-0.0357636357613298
0.0153759931511545,-0.0223071482283587
0.0794980225706195,-0.0162718454896363
0.0156607337650647,-0.0666950735590086
0.0130945700219731,-0.0686501255775286
-0.0889895852909075,0.0143428069454515
0.0768526027738132,0.00280582503066373
0.0436832089827255,-0.043072097258154
-0.113357784139993,0.0316130885404916
0.148880976717525,0.0248451997499977
-0.00314940576381599,-0.054944443830984
0.0520306794437293,-0.071370678781192
0.0377358490566038,0.0377358490566038
-0.029188107237738,-0.00464094974440338
0.0409445217645259,0.0304840496640455
-0.0914521489921365,0.00523023605024022
0.0283176149576233,0.0837742722611962
0.0415338080703628,0.0365847779944004
-0.0354330797400079,-0.0409445217645259
0.0429335718508765,0.0405024693574212
-0.0402261968212886,0.106697326330058
-0.0951052366417914,-0.00711546478238458
0.0868111992477331,0.0486223984954662
0.0252538136138053,0.00739667075666241
0.0483411925211883,0.0335478510078635
0.0849259705155887,0.0363035720201226
-0.0887032664807337,0.0266266562557684
-0.0307633795296992,0.043167073136523
0.166225727738804,0.115835470325827
-0.144316921443094,-0.0107416780747583
0,0.0892857142857143
0.0224639177493108,-0.0656737485294882
-0.0856185558711225,0.0578854043676675
0.00784483747164363,0.0147759925488478
-0.0588016646216688,0.0126269068069026
-0.0523396301170974,0.0855837596579372
0.0304383045101761,0.00592533185346028
-0.0133416373808783,0.0966286857275404
0.0338441301431464,-0.00945066129769417
-0.0266266562557684,0.114416240342063
-0.0128564869306645,0.067401941476119
0.0235071494329719,-0.00220582442835713
-0.130078552303391,-0.00412533004654048
-0.0147759925488478,0.0674019414761191
-0.0736135921397531,0.0316383057147893
-0.0573512795761183,-0.0436084732329734
-0.217581817579512,0.0928285965272743
-0.0132807514252715,-0.0341771604853759
-0.14618334561897,0.0208028384771785
-0.0665284323609508,-0.0714802831184872
-0.0683230571017847,0.00567752587208481
-0.0732999103476203,0.0350441313477596
-0.0655172320711209,-0.0334919355222153
-0.133484377936361,0.163036363034057
-0.125306510122488,0.0415510219303568
-0.111048927537891,-0.044529588858639
0.00438713613059812,-0.0140045083114365
-0.149945733282246,0.049519765132862
-0.10480952094498,-0.0162172333235446
-0.098506122399359,0.044529588858639
-0.116647690137954,0.0345184498543726
-0.129478551701084,-0.0824642528351407
-0.0682882608885994,0.168648013095385
-0.104668342104876,-0.0442895290826218
-0.154259599654817,0.118301223560533
-0.0917954103215713,-0.106857721680593
-0.0892759041010813,-0.00220582442835713
-0.163322681844231,-0.058670784591995
-0.204106448159512,-0.0341371373137004
-0.0923226412722511,-0.0277283286517865
-0.184082870595947,0.00987118579464361
-0.0206128638694019,-0.0680835641104756
-0.107142857142857,0.00306380134381804
-0.0701326290022639,-0.0351249994084489
-0.0338290569821414,-0.0689540563905902
-0.178398830608509,-4.58773975547329e-05
0.00711546478238459,-0.0354062053827267
-0.0865299932734553,0.031779992090353
-0.0384499569807299,-0.0662019402715058
-0.0501064427067812,-0.036963636965943
-0.181384996214785,-0.0372499557761168
-0.0526259489272712,-0.0357636357613298
-0.051425947722658,0.0696077659044762
-0.101846072221572,0.0391694613943001
-0.0291187994942993,-0.0598707857966082
-0.00652533245576688,0.0830642534374473
-0.141678570245469,-0.0634426143660722
-0.0378807204207079,0.00523023605024022
-0.1137695282077,0.0214119077070889
-0.093539179832055,-0.000933030944536113
-0.10623837252819,-0.0845594945610236
-0.125953222256851,0.0607571052090886
-0.0396485793382184,0.133267163036777
-0.0486223984954662,0.0942078700043955
-0.0474419497751684,-0.0288507845978852
-0.0708392851227346,0.0338290569821414
-0.146193096129628,0.0638372888055548
-0.0734617615756731,0.062605858579993
-0.139793341513325,0.121936198656182
-0.175507627227611,0.0104604721004804
-0.126959045480594,0.145740864264719
-0.082694790838534,0.0992986755976919
-0.0889064415021681,0.0453532216545439
-0.158597351195384,0.0990402471909083
-0.11321623913745,0.134490201160105
-0.186530511276647,-0.0253711834284391
-0.0799070209864075,0.123423126994926
-0.160440380234962,0.164097118132094
-0.102119393907772,0.0397847712122914
-0.0310383051124827,0.276356990811062
-0.138871636226731,0.12592377059456
-0.167734330700945,0.16534657610197
-0.0514095933826425,0.116327547256989
-0.124153220449931,0.23252462512727
-0.043700242776785,0.198876212109271
-0.117214089468774,0.198609736551126
-0.0135651212197057,0.253791292339153
-0.184310112387335,0.239204194164847
-0.0526315789473684,0.12280701754386
-0.0692938152334357,0.160023163922099
-0.0904354868383251,0.249153363480673
-0.062676610827272,0.166128506874895
-0.123594569408513,0.133098526107655
-0.153140711183599,0.168538701537256
-0.0320452097849988,0.152913408359695
-0.0573701073399307,0.177758608109693
-0.163246880976633,0.0695143680665429
-0.240514173700249,0.156071900438019
-0.0635038367257045,0.200905400626271
-0.11140540600205,0.165566294691077
-0.150963046044625,0.118247052875172
-0.171268191339817,0.260830414251072
-0.189282577684065,0.209863376639409
-0.182600616677199,0.174638880753721
-0.214321052539046,0.0797134035920141
-0.156313255611097,0.26002741590265
-0.129466663246278,0.179280076317191
-0.183687602256381,0.221813860927479
-0.271857118503724,0.174368712279955
-0.210271581263992,0.224492335820429
-0.227488793583725,0.154246419475717
-0.242947883286921,0.270400404295292
-0.183621964774402,0.343962521082443
-0.23893832065442,0.257835377981877
-0.24566249759057,0.239768942152936
-0.149811576018357,0.272282971029393
-0.324025709614898,0.207274604174441
-0.256320027589669,0.128811175533301
-0.216395257494079,0.249728652119714
-0.266826937951509,0.212010887377086
-0.291477344479889,0.238186540252661
-0.230774162961714,0.255194599889684
-0.212767756713291,0.155854452992132
-0.198213202149745,0.219378236730704
-0.323378722908232,0.268829551747165
-0.162808230676807,0.0734659885393558
-0.184948838487818,0.253952887174374
-0.246136819533439,0.338729412126032
-0.249964432755005,0.109483120690457
-0.113122976914315,0.179704960092451
-0.278755177129547,0.197743310099422
-0.173160333976041,0.137996698817018
-0.191121976322653,0.340988170633913
-0.131073853973074,0.18770908388832
-0.204106448159512,0.167802876139389
-0.217155798043131,0.108064888952222
-0.129331684907862,0.310549866123737
-0.142188171838526,0.18416345826349
-0.302101875315688,0.176248399481179
-0.193284222978511,0.237756283839761
-0.198037003078988,0.206474995446912
-0.264696715752001,0.185729886760799
-0.18838983571996,0.156509649516931
-0.276819117951321,0.162142401246639
-0.303653635481709,0.249315737677408
-0.200818049246403,0.21677040402183
-0.274458971533116,0.11736359861625
-0.234133794824384,0.237279415146372
-0.16658953382881,0.231653277636296
-0.192016648211858,0.142286054914057
-0.23400121151772,0.143419554805699
-0.163633995925508,0.259841544970425
-0.0290713211104988,0.14775541486538
-0.213494593641368,0.136030955735706
-0.178271772709269,0.0525484577244151
-0.110054890687425,0.131950522266789
-0.158433227618977,0.0797527009916929
-0.146878348138578,0.162577572149562
-0.107389819652055,0.0957065577689051
-0.117451665398563,0.0701569871978649
-0.120083671210171,0.0425473966238802
-0.102585782130546,0.116770002264226
-0.206561488457158,0.0481765550404901
-0.0350864075337301,-0.0550250486462716
-0.219631157969716,0.0720513567267633
-0.0391412559924228,-0.0130844802303943
-0.167196738827793,0.063049826160375
-0.103545308894585,-0.0238949158660833
-0.0852612358946982,0.107685003470409
-0.0188455801163842,-0.092340197611562
-0.0799686340610461,-0.0740264975136469
-0.0438631208881272,-0.161824014596717
-0.101212225364592,-0.0420328919946667
0.010630507778847,-0.0683228154711547
-0.0592244062987237,-0.0514651004103718
-0.107424102871904,-0.141918871001856
-0.068278990014222,-0.119653599745281
0.0454364436554154,-0.108379441314525
-0.188567538001297,-0.114345504036665
-0.014232823352181,-0.000302837203068426
-0.0256243454146117,-0.0798907764747405
0.0919339043075939,-0.126151646837097
0.0335578113329726,-0.179584994407866
0.00472533064884708,-0.125039539862411
0.0668328157299975,-0.101949902707457
-0.00525945544039634,-0.190989957536928
0.022419536241051,-0.150496831165256
-0.0699454109657839,-0.114749954732326
0.0311373875447714,-0.128215605502251
0.0856102727345308,-0.104362741493369
0.090759257418878,-0.263019776747647
0.243147924647618,-0.0326441289385332
-0.0179429333092321,-0.190656927194699
0.0868213957016314,-0.115496610255842
0.0430272539736808,-0.178868696843936
0.126577148400585,0.0496371349474959
0.0708929914699434,-0.171556987597296
0.18852479144749,-0.0750273923604726
0.117096220018918,-0.0571702495033297
0.174259663156712,0.0100506619000008
0.200046730431106,-0.098561292863943
0.1666003067169,-0.136782063104204
0.142944300580862,-0.18007415324223
0.219591070041803,-0.0770467453558239
0.140663833793439,-0.204695734465349
0.168140198779242,-0.161981477674688
0.13790811278118,-0.136612170354873
0.150209650090019,-0.330049279101742
0.120700683284905,-0.117332648075201
0.125092983591522,-0.18295302961757
0.17580576462292,-0.24771010064947
0.0669866945693708,-0.176292340210614
0.0501316070590101,-0.0731434716352932
0.0349622137678402,-0.185826622266506
0.184560853652596,-0.176502697436558
0.137009707380595,-0.0567512789738117
0.111636496058551,-0.201172638222654
0.0959207403681118,-0.197453130797551
0.248702983276531,-0.108253326357657
0.132884377334055,-0.14914668989769
0.0332441295408398,-0.202492143238531
0.189635656307866,-0.119427889801084
0.151785699929443,-0.212542805138532
0.149570954392297,-0.170520807181512
0.178265489391989,-0.113069372344227
0.0947391810366682,-0.0893760593622482
0.151638833136221,-0.300332389224826
0.0657309642448431,-0.0999800103324999
0.105685083457939,-0.210336980710175
0.118356913172114,-0.174026788075649
0.0811447478192639,-0.260443423416956
0.11939284436111,-0.143015820661965
0.0371456311960768,-0.198118977352791
0.145838245761615,-0.317489097372424
0.0625703352078649,-0.135685358210751
0.201695363823005,-0.096925809021117
0.0473053109499734,-0.276293499227368
0.101777058577526,-0.209710894220974
0.0302176221167257,-0.203237771385519
0.119687604803771,-0.151428515995022
0.137124907086533,-0.279705937132169
0.16226716774986,-0.155669183124923
0.0966286857275404,-0.192240657564278
0.141986560626431,-0.21421450477534
0.120888334711475,-0.203544493722936
0.103120998871474,-0.140769147633083
0.203563203469559,-0.113255774151768
0.020023577563565,-0.1695707350569
0.0183851175600422,-0.0533316979443405
0.126459778585952,-0.0643131066461868
0.126151698254392,-0.208040741783444
0.141089283939632,-0.0923226412722512
0.0888126613690499,-0.0947615217920684
0.134084378538668,-0.104051896649929
0.201737842611776,-0.104117772460687
0.121633714229441,-0.129764870511258
0.163150193628214,-0.215275342951664
0.270946578695933,-0.0864750415560018
0.0708077671090894,-0.0175818175795116
0.117932648677507,-0.160183826471338
0.214629125755625,-0.0473006176761175
0.0744132716448634,-0.163348890964859
0.128091592113204,-0.119653599745281
0.0680607129908537,-0.054761411827667
0.100084334882197,-0.0988780465464412
0.146006538299725,-0.0735006933099278
0.0879159550952269,-0.0360693140404355
0.0796549500286539,0.152822134298656
0.051545536034864,0.0168687802503092
0.134156496657682,0.0306673416038192
-0.0394359368733552,0.0701960532462472
0.164927754425825,0.105506952571
-0.00827974047221333,0.132185412644347
0.0639799504268391,0.193059270803134
0.102031898296638,0.0625007408801224
-0.0129013629053427,0.0445829596306341
0.105515121889352,0.141946414023966
0.0218501833499599,0.0589960004369033
-0.00266486234859514,0.165716952052808
0.111543232355618,0.20949341349499
-0.0304840496640455,0.0840554782354741
0.123416575967518,0.131030383708262
0.0948392656214748,0.0871686440960472
0.0887032664807337,0.155191525562413
0.077487399589305,0.126424920689045
0.146746687488463,0.025712973861329
0.129595072346849,0.174347167169943
-0.0225781471240694,0.032455800922204
0.0202318577847756,0.0989581071375767
0.108777227298776,0.0322383063170959
0.131915528687844,0.0412742026719429
0.0174825967304586,0.132252152726812
0.00805271601436205,0.0942110739845266
0.0846507287134011,0.051850212217265
0.00183935133458963,0.0416424160817214
-0.014232823352181,0.109117437462686
0.0802828237140952,0.0544386609602986
-0.0406364414329669,0.102193827066895
0.0535714285714286,0.0763507271472526
-0.00292343970405249,0.140607769458782
0.0680390138529571,-0.011139518003453
0.0175671750795898,0.137862235383626
0.0798098813141822,0.145220254595988
-0.0432621362040274,0.0777607611992385
0.0076628082271834,0.120382561263204
-0.00541475005917563,0.0889925048398811
0.0753447524984982,0.0793686510935159
0.0357142857142857,0.0892857142857143
0.0236766652132199,0.135741678074758
0.0892857142857143,0.0750547847209451
0.0106506625023074,0.127272727272727
0.0176845448942236,0.158927423756502
0.0784768684730334,0.1645693945809
0.028656744576426,0.0520726598570203
-0.0147759925488478,0.107577226094163
0.0294790460419071,0.0328550188462147
0.111111111111111,0.164100502923575
0,0.178698674995385
0.0568884331073559,0.0598984835504052
0.0831849859553594,0.0701326290022639
-0.0827595358091665,0.0901562065658289
0.0504548443030129,0.0237715695412564
0.145641613715517,0.0951687305409169
0.0131627820951172,0.0561607595073021
0.0107416780747583,-0.0236766652132199
0.0783526958479247,0.0383758854718653
0.0282358023894055,0.0769753647612106
0.0634426143660722,-0.0370102281405932
0.105257628410713,0.017267856551306
0.0243374439361359,-0.0627178456915956
0.124690043559817,0.0463998471234691
0.0476345364007177,-0.0477519062153515
0.00593539910332715,0.0132664285119085
0.073752637765736,-0.0231514433850907
0.107050895074571,0.0132216023362745
0.0621300607323293,-0.0966286857275405
0.109093110516479,0.0475146582935711
-0.039408137837034,0.113075435153943
-0.0420783513651498,-0.100703628321288
0.110677907953912,0.0623295860438604
0.116686959565668,0.108892603506362
-0.0300901577664787,-0.0833605500472325
0.00980729002590904,-0.00261458192692353
0.0856245856640717,-0.0450717083375483
0.019490566662771,0.063049826160375
0.000698181292137612,-0.206455857654
0.14909460761592,0.00878358989287889
-0.0546118337924512,-0.0273059168962256
0.142724199651603,-0.131876302658512
0.0683109280067393,0.0272323730130249
0.0706558990011478,-0.123653098017936
-0.00945066129769417,-0.161116857415874
0.0775429705520994,0.00615677706592242
0.0763207471029563,-0.168913339695549
0.000600000602306599,-0.11086354791587
0.121942662831312,-0.112882028328919
0.138496027395382,-0.11410255854993
-0.0131701687227973,-0.114702559152237
0.109447680102953,-0.154766450389989
0.10016303308251,-0.116416375683888
0.128972118723645,-0.11544419503187
-0.0379368079002412,-0.0576283428980037
0.139503373735772,-0.0652819657006618
0.14523209781479,-0.0455918500215752
0.0258430999196421,-0.0769400134530895
0.195812410765453,-0.144715497232006
0.0538526345457064,-0.130792647998796
0.0118264341764857,-0.0982725258278327
0.246166580159985,-0.127642819653441
0.0332355647543845,-0.087719298245614
0.066479541352609,-0.112065012861538
0.199157418083549,-0.201042646815694
0.147190012269987,-0.190300968740935
0.129494974197302,-0.0792944977433891
0.0121027067126183,-0.107667857510863
0.185991824073447,-0.161154656943958
0.067744336103036,-0.160878384407826
0.0704517111326238,-0.0644580131238541
0.111256855903507,-0.0834360412082977
0.0677966101694915,-0.190553231985073
0.193645976059031,-0.0532633482398696
0.128102777533322,-0.0199020754601122
0.095440239757461,-0.0853404735914799
0.103719785078613,-0.00980230929413104
0.212602775819863,-0.142386003822049
0.169727149298375,-0.0532469019040134
0.232327029598584,-0.201496164460326
0.126369613059174,-0.0526315789473684
0.277909503608562,-0.11183268409074
0.110367944029592,-0.0706791171397638
0.247507939208133,-0.081802519516382
0.166750648513735,-0.0720285331705154
0.272249861228695,-0.0856101713928007
0.215264040608553,-0.0877570365987761
0.18904191090707,-0.0568788839215437
0.192271573145232,-0.137800223919934
0.204139797305381,-0.0380349024204634
0.209208036664276,-0.0413662979305763
0.335490489698668,-0.0256942308096529
0.19893108161819,-0.0268324887245027
0.330039099324692,-0.00117367640271195
0.274572838784402,-0.0459622919475278
0.281527325112644,0.0428323590250821
0.239638002851129,-0.0944882532880995
0.315726785473849,-0.0415571560189589
0.294317582481266,-0.0281997150357208
0.369393497041492,-0.0773942208883787
0.3703324493729,-0.0922657126639018
0.15637937313121,-0.00673929336499499
0.267765442024252,-0.103150818990219
0.312979576080668,-0.019333109371718
0.292875587204252,-0.078234696193317
0.25800742814845,-0.0152545121564903
0.273700095830509,-0.199859801487293
0.31323273753419,-0.122343229708217
0.364134747923308,-0.144775190755272
0.284540622437412,-0.0885745187313407
0.288351634132785,-0.0568433605764249
0.2890324186751,-0.14066383379344
0.342543262181192,-0.0645536274081007
0.306429849352464,-0.0790576816139949
0.267470791667332,-0.136127035069816
0.28783486170253,-0.169422472910664
0.318988973747779,-0.161886126110039
0.208812437015203,-0.150493025155217
0.389747365547208,-0.2476515865131
0.280144241824307,-0.125688757510421
0.391785777551124,-0.208920374231487
0.285855317191305,-0.146090847119079
0.349748086643437,-0.129695434746502
0.350891737863034,-0.140269006800934
0.41235861450072,-0.258181071928202
0.32023772727163,-0.16515778124104
0.370050497812728,-0.190735907891746
0.432075211187768,-0.224172008635946
0.327653544541108,-0.148106278555553
0.42778159462618,-0.248762721030626
0.335615189801192,-0.214080541673361
0.363305156411418,-0.133787748079447
0.394573967457997,-0.183454147085349
0.470229205422278,-0.118576255723039
0.312326877916188,-0.129415280474511
0.416143854005767,-0.202022167683303
0.360073483551321,-0.135415927098878
0.437523246400731,-0.200581275538293
0.385375923967133,-0.134027213411804
0.443180693825693,-0.104987190985674
0.365352892108048,-0.117917484114756
0.302772385784289,0.022380996037726
0.308606951715857,-0.130455054096242
0.315796056933447,-0.0606326926658007
0.285502543596355,-0.0537913180409943
0.324059797385819,-0.0841991012368351
0.323887057667633,-0.0777909881070041
0.324727043102099,-0.0774243779602878
0.319283533021326,-0.111079083796178
0.279807271852932,-0.103793422737876
0.372582112562605,-0.00888706627673732
0.40219508905794,-0.0966079958898629
0.351147758058675,-0.204974138661552
0.347850073481439,-0.0930186464557463
0.417874674447188,-0.129425446157305
0.305645076596256,-0.0544594939373272
0.406932456660244,-0.102080398669655
0.459697043056323,-0.0550087731545533
0.518292572442248,-0.134051805954119
0.422245263409428,-0.0496491840386976
0.429851038610006,-0.137067967341105
0.525444040345356,-0.144593378413801
0.410616893548946,-0.162211716861498
0.532120100988826,-0.122914607556284
0.479833657275936,-0.0475374032222003
0.517280536592485,-0.154585259200367
0.572099681943684,-0.14699632971314
0.501226755000178,-0.148891914386715
0.558099169541229,-0.100197486933488
0.551964841211342,-0.179942206167959
0.520842180184265,-0.19264833117493
0.589089372689001,-0.119816740415029
0.574858823682956,-0.120970566521974
0.636409834059273,-0.196082802332075
0.420273661562821,-0.106362010507712
0.682865065670641,-0.173995606659088
0.573654226959491,-0.144941521173971
0.527785475414807,-0.0666233355718195
0.457092213464641,-0.180831839353793
0.58923984202781,-0.0961923962025355
0.54704928701288,-0.189787166557224
0.57493912303937,-0.142673384720694
0.561504834716141,-0.162045850167071
0.530764145886587,-0.127451067320964
0.525308338244583,-0.12743808273148
0.536597116691322,-0.129151231668547
0.582944651061719,-0.0597244657588688
0.549583305354027,-0.169460801133813
0.581023946058221,-0.0866972980190402
0.547780940747394,-0.136212201264544
0.563192758112255,-0.109387161551317
0.560633964098434,-0.0861352657002576
0.592829117026201,0.00947022261451586
0.597160037605511,-0.0787131278302813
0.59290111765425,-0.00907776021360357
0.621369965143987,-0.107391596546686
0.668960199056775,0.0466231822275201
0.739791491551737,-0.0317096932472538
0.683253381183099,0.0620259236344553
0.634934732439486,-0.0148539911021042
0.723943500953079,0.0359915914968784
0.719306261531315,0.071903310111198
0.692079003429966,0.048040275577577
0.721485007929104,0.0161565395008374
0.738814716598018,0.0994685957601213
0.6511033979074,0.10306241183689
0.818181953564007,0.141877907951587
0.700452645691229,0.119806541400666
0.698353185075139,0.0832192114743142
0.744384770869486,0.102603738352104
0.80308879034883,0.143495259531245
0.747186621097137,0.168548840877188
0.736873941596588,0.126047687396953
0.8495307489148,0.145074556737419
0.805461237365981,0.164546697236705
0.808526491958828,0.176138726575589
0.766105496001827,0.204459943317921
0.860215354777344,0.262753763220714
0.835933536926863,0.257846220071889
0.872781013817561,0.265087109165452
0.840318826437089,0.282950223877724
0.853008642541186,0.269547851109242
0.838900156997103,0.30918648308191
0.84030535549236,0.241497169474846
0.847379882307672,0.282748127109148
0.887962999889076,0.306516366633314
0.866750115051684,0.222393459773382
0.893553679064622,0.264442762918656
0.893901858920123,0.248169480539172
0.856588406827338,0.22838144988202
0.884082735221567,0.247784868105235
0.87367693873934,0.250362325845153
0.870403167025206,0.238167029875526
0.887610976925034,0.264619309919912
0.854072309330482,0.245431929647064
0.812444633901088,0.212208400083593
0.842112824608303,0.243819426489306
0.84936352170801,0.200067664350124
0.895453628178555,0.239557708278341
0.87647626347241,0.200453949236297
0.878575514829178,0.192796982948329
0.936271163400261,0.177362260922903
0.888322330559643,0.173824479481777
0.92742081672993,0.134145886839441
0.910142734125553,0.106195223350151
0.940134605146744,0.141169353766168
0.945603954448453,0.126530306745652
0.924591577686823,0.107650457126626
0.967387258571283,0.0837685686682132
0.960192872435603,0.0846006713960806
0.95098115367268,0.0563249844175643
0.947093595364576,0.0404426331942461
0.938740037641571,0.0332527999234301
0.933702480617368,0.039019165326883
0.945022117705394,0.0735560872589678
0.961574619319534,0.0469707670961464
0.944125746841599,-0.0287210524487135
0.953821220522249,0.000296214359905882
0.960603840087882,-0.0104405811790615
0.956181596705086,-0.0373105493319639
0.927283903953322,-0.0853584014618264
0.90329672470206,-0.126085600127295
0.908122910505612,-0.120813117930016
0.907478648775069,-0.179143715217531
0.913644613383253,-0.136014686101683
0.877837272533348,-0.207543193630803
0.824249672160903,-0.226112841965848
0.873632115892788,-0.240973802277177
0.865274120715786,-0.245760377017819
0.859398020001985,-0.187623393712975
0.8057565737863,-0.246734087100855
0.706714918058568,-0.313260719749534
0.767383262830948,-0.303907328780544
0.668242858741297,-0.309334675746354
0.658109439258035,-0.251322818429139
0.692331200941846,-0.397278639377667
0.642164969352355,-0.365436993268353
0.606757525002004,-0.448811422625394
0.593524603635023,-0.373196202026101
0.631702834403022,-0.403655589756251
0.637750251398763,-0.519243454006442
0.586288974742077,-0.488509214583391
0.615346248887838,-0.526664997163488
0.587287993646138,-0.559874540114209
0.624477089490965,-0.557532143357347
0.605490150782023,-0.651790346553886
0.614318240210865,-0.591788687541883
0.560722677501141,-0.682004735667789
0.627041255767788,-0.672081120049383
0.612412586082896,-0.659372680313182
0.595317487564241,-0.649091120534688
0.655873458864247,-0.639400420858552
0.617860515976808,-0.643458153822628
0.67920494886892,-0.617113235140045
0.642524071648469,-0.662850399674942
0.680032004041777,-0.667768191854936
0.667244282735216,-0.64934228173026
0.667620054620859,-0.647800966803835
0.692599551707314,-0.630099334507176
0.665360532777673,-0.608685248107954
0.602078476369375,-0.551537159917701
0.665331855120922,-0.642910748154475
0.695239513783789,-0.614229867707335
0.639415020738601,-0.633444224865531
0.692749988429731,-0.593102306871127
0.615711672944754,-0.585201281756909
0.63722012593864,-0.622178911625667
0.59247280918911,-0.647209058804234
0.654071516525955,-0.579754041067039
0.655445502171073,-0.63383486887975
0.644694726435299,-0.610542790039468
0.658788443664406,-0.589293758633119
0.688925998828193,-0.567326426634859
0.673539458223349,-0.568802587783025
0.653988949804785,-0.553891232143819
0.664129597898787,-0.558527304305367
0.722077241355618,-0.573142694487041
0.734100645076327,-0.531399747193359
0.703818002999491,-0.529407668021176
0.662015768646887,-0.490401604940545
0.736062812712264,-0.505353308933975
0.70120616754924,-0.513934803220648
0.691643762577789,-0.508831249208799
0.713754501043149,-0.483790341996428
0.743608811793603,-0.492381868957827
0.662398061159921,-0.450412902503775
0.724845255557924,-0.42062034082091
0.690673023693425,-0.459270413516566
0.635145802660706,-0.434901691185698
0.608901965481856,-0.39282970103943
0.602022871465988,-0.40371235836959
0.509849518048629,-0.358821508875605
0.606948308752918,-0.315925682149203
0.512730391279721,-0.379486619477462
0.551704208958335,-0.308252783845015
0.558624703945174,-0.286684571525767
0.589778260806378,-0.298327652610628
0.497117885222269,-0.380663338363372
0.550790147574062,-0.28481892723417
0.541724373093071,-0.232731300786944
0.461423469551623,-0.259985268975674
0.434580650270689,-0.39247058962883
0.489056896972526,-0.294353550513291
0.481356561988223,-0.336453483356808
0.43967533920102,-0.315121437259084
0.510963562295529,-0.327171862229259
0.458606705006073,-0.260592409287805
0.374647123570481,-0.343806254751962
0.44394621495763,-0.347554087184379
0.361751852603256,-0.253866564653816
0.403813760148679,-0.332054437101405
0.388549445696801,-0.386760076052732
0.254418330630869,-0.329985966960398
0.275575735172229,-0.29793587765698
0.323040132610278,-0.379902101564945
0.286406866571783,-0.380464087473524
0.226671035775446,-0.377593830825737
0.271386722433256,-0.325416005372443
0.235548182613536,-0.397228067502819
0.171639136005316,-0.389207570563249
0.215204490421844,-0.425846437458118
0.240447845279347,-0.346264235391138
0.199662501764335,-0.406908969932752
0.201573748506224,-0.367654092400921
0.158093320150141,-0.421916575591026
0.160870178216701,-0.309705618424178
0.166047515892429,-0.312790486765279
0.0788817177540793,-0.341563516641301
0.12924070971011,-0.300996945888507
0.0809860100517292,-0.30532614526359
0.0639690002999253,-0.227885050347607
-0.0301024788566337,-0.36375349433986
0.0953462640411076,-0.221022127112999
-0.0376648864281098,-0.4048175326059
-0.0432675661779668,-0.326730087480331
-0.0596856471680698,-0.414804576990824
-0.034787602336291,-0.28103951563305
-0.021710141028419,-0.301229583154483
-0.085312520154943,-0.299738921895482
-0.140769988207927,-0.249669639452827
-0.118881660353472,-0.176159799573136
-0.156514650252828,-0.227596501320618
-0.177775328923598,-0.213104754128946
-0.128916490080659,-0.225594374086743
-0.207480852746073,-0.241468595287612
-0.286531624907362,-0.143664177350151
-0.261231003887321,-0.232202571604633
-0.325364351312083,-0.141765693561577
-0.297807663468534,-0.165587933757752
-0.408175607498126,-0.0412182184518278
-0.387309916846686,-0.111161115634261
-0.490546977812797,-0.182680127716974
-0.241897608570359,-0.105960104074633
-0.404201773647833,-0.126595521986219
-0.448830700151238,-0.0662997163858492
-0.450406863331642,-0.00948953824000771
-0.410331307715952,-0.120286307471122
-0.581273190984832,-0.0117255816312554
-0.502460055446555,-0.0344576276801163
-0.577911801965773,-0.0268945302786285
-0.547969157749413,0.0300376773722942
-0.548507886363136,-0.00164452013871001
-0.527131450345846,0.0312915317862398
-0.473372271008027,0.0989641363281372
-0.651596500551826,0.00447263475748181
-0.544224711030999,0.0701410965795919
-0.567797702447311,0.110891555294886
-0.593193177995642,0.0717588353691945
-0.617149293014271,0.106644011659984
-0.489955703606272,0.102536043488499
-0.650717198680555,0.0688033988686385
-0.64171858231536,0.156424767757255
-0.475366901970503,0.12220195183687
-0.490036438984506,0.126340321031767
-0.538518042250835,0.187789329668212
-0.622513783140081,0.250888914768925
-0.486055919436701,0.16463013145991
-0.481810655646502,0.321531315658093
-0.615898591644261,0.167353296050913
-0.435675927217815,0.270389788375122
-0.461175612120055,0.270411979561654
-0.448212688015026,0.29343268564445
-0.493238579728861,0.311346036588641
-0.541056625015845,0.366414887503172
-0.573499993299866,0.250639475840761
-0.438062289814546,0.36053299005562
-0.529180821892589,0.275763507863322
-0.424777758922552,0.191518605961931
-0.510548605200858,0.327742792804783
-0.504970241081999,0.318123196522826
-0.416655457962491,0.301081769728244
-0.449921966650249,0.325622736802397
-0.424277282926016,0.348781602582523
-0.471218794126073,0.404477867439297
-0.347648152702659,0.321665456995832
-0.564593325025538,0.399614516315918
-0.451558491904034,0.36379299563313
-0.551456090085415,0.368701642174145
-0.479056697641763,0.351155547080778
-0.471652561563376,0.38144613429911
-0.451146586077042,0.403561973679854
-0.485055631304479,0.411986980110945
-0.425442677994587,0.348372144411058
-0.538866489187632,0.332735154922506
-0.471402080792037,0.470316030439732
-0.336822567480078,0.350476381327321
-0.562502256697463,0.440988046279285
-0.41577226218424,0.432287968820638
-0.42932838444857,0.459818892445433
-0.395492134098004,0.488668791182363
-0.419357635600381,0.425746762616086
-0.399754786927963,0.40959183037418
-0.426894014262993,0.418653867134804
-0.371462250137602,0.391463064082532
-0.481327160975352,0.388713164131505
-0.344327426789207,0.311832515419781
-0.490391359344995,0.418933527451764
-0.44583510941543,0.305760430279594
-0.422568375417603,0.412038839368367
-0.482159535295686,0.472929637861568
-0.508151774359611,0.388208015385153
-0.426528793182114,0.347249043670525
-0.47239652778532,0.372130074100264
-0.382650986675435,0.307242047908907
-0.444725413977286,0.337207539770081
-0.467408655359967,0.322323251197003
-0.477029247436848,0.389415748828937
-0.450653024114265,0.398574386199065
-0.471627440977839,0.376898050588312
-0.432596714273367,0.280646101135266
-0.430611759114986,0.483128309239386
-0.452964785049591,0.414803597309977
-0.451327904789958,0.328298572703413
-0.423662128322946,0.45677319567978
-0.401285251447514,0.382935411992562
-0.389795623110954,0.449443864774708
-0.446710767064541,0.442519993453772
-0.416841149662354,0.388600987336332
-0.309686217636913,0.42263035501762
-0.413731622090041,0.456853739641118
-0.324263937325661,0.561977370730826
-0.431231688289344,0.589493935048931
-0.411521341330369,0.462990078189639
-0.529157160724931,0.545738730120907
-0.416335960167222,0.559796202895757
-0.448628494596399,0.57638394427126
-0.467512503845552,0.556020634209539
-0.448536744814402,0.501700164837641
-0.402722308323798,0.53936463410095
-0.520552745191597,0.542791797032025
-0.408418054341792,0.536896240611303
-0.437386173382076,0.525974465047356
-0.463658369080468,0.569138123099132
-0.422959787953095,0.447256007169725
-0.463791095804459,0.507266716160591
-0.412685234566132,0.492905024251163
-0.415435315968856,0.601778200426088
-0.536711161890136,0.46719563879792
-0.501017755747934,0.446798574866028
-0.458777985780649,0.5578402991988
-0.495194092819753,0.41407291509722
-0.387637145815473,0.439390984478955
-0.430448107229231,0.420236265188498
-0.403474817830292,0.567016115003351
-0.515112704627664,0.487853499830009
-0.421720772380176,0.435137780590658
-0.420356501615028,0.520074079662043
-0.34774014331835,0.480932659775949
-0.394811491049481,0.468923571444778
-0.336698778498856,0.405887263034769
-0.429481524058718,0.46988271827654
-0.409910494902585,0.486196516346176
-0.341588009785125,0.56075023085439
-0.342995878362399,0.495772455064293
-0.369737570797642,0.463133201486099
-0.229853868480987,0.517640212479173
-0.4050433932755,0.482079488257589
-0.330601616427975,0.496523099573434
-0.260622176092602,0.463282806494959
-0.220268027718583,0.488815920627236
-0.257519842207373,0.473417346960294
-0.219954685504307,0.407189274258954
-0.204782312347978,0.45370477661848
-0.212180345217829,0.38309611620006
-0.17729477958977,0.316429470345281
-0.144365009163763,0.40070221261842
-0.19095853498729,0.42817911695236
-0.194581293687708,0.288886265865411
-0.236944507600524,0.424201661691293
-0.267204374134614,0.325506357421531
-0.288739774669193,0.304153558243614
-0.193766578047681,0.254497798922698
-0.2711128096049,0.400573699376089
-0.243377104484429,0.328776206925877
-0.211636130941518,0.227676496075517
-0.129042901635291,0.32745654800409
-0.208451609065131,0.21148488580419
-0.296728407960047,0.324700826991831
-0.146764562123794,0.254496705572488
-0.236468573063493,0.17529688291882
-0.255349203685683,0.264438273747205
-0.30451558457999,0.219227388827831
-0.199011867076508,0.11881473759721
-0.231727334286745,0.262495520010343
-0.27795195468319,0.0891690539765136
-0.237206423352705,0.214045213622251
-0.32553755634119,0.204612227698433
-0.307872644354068,0.180345135395706
-0.313504246750734,0.163864166984519
-0.328217168892903,0.122475468689809
-0.424839636245481,0.145046699971816
-0.374891170395575,0.149376109337086
-0.456743359038546,0.210330956313187
-0.333066356802969,0.0818621691717707
-0.533230287951938,0.224916622937914
-0.403392463965572,0.177657528526377
-0.473365191867264,0.0659970409723877
-0.451441811552061,0.196982221573852
-0.345533643686452,0.130473929755338
-0.444913682906184,0.13747926145657
-0.43431819917267,0.184780764913142
-0.445797509574838,0.0168533513671873
-0.395370303595471,0.0750308786904111
-0.512459939194935,0.111432388569707
-0.449353437361932,0.0338022813678723
-0.452591561173304,0.00266069614976733
-0.441172015855927,-0.0453187702870363
-0.426229986496752,0.00848222238244038
-0.47463023075204,-0.062935888618498
-0.487748146888824,-0.0238776211830445
-0.450658210248554,0.0065726459583638
-0.486197239823375,-0.0275983657445662
-0.449899855884692,-0.042666875767558
-0.409117563451374,-0.0791711476165055
-0.438498435136749,0.0541388746969154
-0.441474785302464,-0.0623753822022317
-0.421899941035215,0.0381135502448187
-0.499085819261487,0.00328957719924631
-0.418046516584172,0.0073363703241541
-0.423113737443754,0.0111330340041695
-0.368028232156255,0.0900875334182377
-0.356967012383523,0.0846911813324942
-0.33528901149691,0.0221934482395657
-0.271489968128767,0.100598566112303
-0.385520523294833,0.0510556969396399
-0.494649889200939,0.00618602260513999
-0.260614887947308,-0.0245563325693332
-0.346959847304946,0.142476879470269
-0.354369661104324,-0.0268895171604922
-0.397890922457629,0.0821282993364965
-0.322099596706759,0.0695085356744675
-0.344042548089833,0.0172743757193998
-0.334379579133842,0.0292789800143385
-0.391475325537181,0.111234927426118
-0.378069010493389,-0.0224555754053557
-0.420254564049566,0.0259145965476821
-0.371004896991081,-0.0660072405254223
-0.365230683518923,0.0611086622569309
-0.347547647054373,-0.0158113883008419
-0.320244308872886,0.0110072947796629
-0.342012169191385,0.0464890840497208
-0.30248636846934,0.0768017780300993
-0.391818992724715,0.058502014757495
-0.316108488431495,-0.0355654205764039
-0.215296028970055,0.0103308440168181
-0.355855933823193,0.00470180612971152
-0.281824815191693,0.0446386836006721
-0.266859047265745,0.0470035916868343
-0.291396550010679,-0.0302733508426374
-0.23160957464707,-0.00949785452786219
-0.42866759753908,0.0417451038993138
-0.178257919273053,-0.12427076780638
-0.11175349658575,0.0464424883781934
-0.236167798520768,-0.0131475730333305
-0.24155619511965,-0.0359545820942312
-0.273665130560327,-0.0779921012234994
-0.231068288835688,-0.135300805109029
-0.168888658179832,-0.0001383139307751
-0.264864351688775,-0.0876555582599451
-0.229975151509485,-0.0727353941492493
-0.242244111149662,-0.0747736343747463
-0.143328617295594,-0.150460588007332
-0.17651209427751,-0.0203909821080157
-0.134164529674173,-0.0923226412722511
-0.213509963355194,-0.205085162852969
-0.148230305039038,-0.0702126000979633
-0.0650883741594554,-0.123911030577481
-0.189966620811894,-0.0889115800066353
-0.261422352213573,-0.0201129672419575
-0.140908532828844,-0.0992929597389976
-0.141152736568207,-0.103718755115838
-0.188093137887675,-0.0759358242140139
-0.143002866462781,-0.0720893501514874
-0.263519864226381,-0.0584336715562539
-0.110558117027888,-0.0543989083374487
-0.189648037314213,-0.0985558948435685
-0.0373773447853214,-0.018490006540841
-0.152214260771486,-0.0606859719202273
-0.0668755985952295,-0.0776840759668633
-0.0917663315656457,-0.0245290439915247
-0.153291095920436,-0.161189402128127
-0.149945369061463,-0.0373401346503886
-0.0891576612441361,-0.028201879133026
-0.145765627252158,-0.113224321142447
-0.0509460894497576,-0.0757897899908784
-0.161497983147756,-0.0139328279077649
-0.183794728816541,0.00565560410744614
-0.0907743286908164,-0.025187632013446
-0.140048201779521,-0.0105532275822187
-0.161848915588631,0.00641168411731007
-0.118041453598426,-0.126200043130692
-0.0309045488471666,0.0105502268601635
-0.226736158743015,0.0312860927915831
-0.0494183604224348,0.0443690197920243
-0.0517144410236445,0.024608490429609
-0.0240721335373715,-0.0104119244875511
-0.115065328508472,-0.0421489209872257
-0.132416363179164,0.0104485672099089
-0.010269125698604,0.0428575322670317
-0.0413797127148314,0.0555329216762733
-0.100820470066765,0.0341759382888109
0.000669102362591463,0.0611069112222151
-0.0838540273168381,0.0801497182291158
-0.0493349509978113,-0.0452648134547114
0.0389193801969573,0.0964115256252239
0.0137742303421463,0.0464424883781934
-0.0119315974222772,0.119700196048871
0.0256884288192847,0.0535165997053342
-0.0333389824893752,0.0396888268898284
0.161884345396769,0.122139160638053
0.0730892190332994,0.0479718799401928
0.0435894619170139,0.193681744605628
0.0941713589978815,-0.00866310618955299
0.0815867093221753,0.0639156341583888
0.0488821973287152,0.0959745288193569
0.186268096609579,0.126369613059174
0.0571628624490507,0.0657863518807913
0.00837972797129397,0.0324870468763083
-0.0212481687368451,0.0847092478025647
0.179269322888624,0.0612951826999235
0.113177930116536,0.0235940990876871
0.135908331582703,0.204945520316484
0.188532921149124,0.0167785921483027
0.105912344008479,0.068608164676191
0.0422759760769271,0.149916475862464
0.0702499988168978,0.0991569000803579
0.187427877914043,0.0526740619340327
-0.013632881455657,0.0581665009182772
0.224966343150956,0.205322845870898
0.100528339455456,0.0686631209675636
0.0849668506850953,-0.004729099501931
0.345473201547424,0.199677585209889
0.187123317095306,-0.0546446953322833
0.291554736647577,0.0639156341583887
0.13002606125079,0.121655168201524
0.245923882917276,0.0928949372701291
0.280808456993615,0.127321474586378
0.227910611705733,-0.0301151642057398
0.160526802501693,0.157029155423862
0.305622025135217,0.0701487670506045
0.190820139350489,0.02068339733797
0.302116930208657,0.0831210582015526
0.279494679618692,0.0760332732195709
0.133119766744356,0.174956728912547
0.261535359828078,0.06971733058399
0.165695870974036,0.0668010333383246
0.186783480180372,0.162764114245111
0.0735871319745741,0.072468486783833
0.213390611722214,0.0536939313461594
0.106598281559175,0.10241091484605
0.151076328594698,0.183625543790912
0.218138671840546,0.0697886734968895
0.0967515429590468,0.176496500216389
0.15228446463532,-0.024120226591666
0.18476271017999,0.00178936964406922
0.0485520286634788,0.0473783394836674
0.183799570496708,0.0265853210010102
0.12012068908402,0.0528620701078229
0.223840474162633,0.182785068485974
-0.023298996942826,0.0508474576271187
0.156654926900327,0.0975568533707283
0.0628323183251957,0.069852887178977
-0.0236828855406715,0.0259799441214061
0.107166018282211,0.0640946603885582
0.056361291320654,0.0285263412182526
-0.0279581410831293,0.0780597101302111
-0.0169491525423729,0.0467093957436096
-0.0365744886820628,0.10849815894506
0.0831597686721651,-0.0444830509812761
-0.00513847752304303,-0.0105532275822187
-0.0448788153884586,0.0370102281405932
-0.12400207494452,0.0688686567087998
-0.00597903304361108,0.192340769195992
-0.0128770892959893,-0.0627940558364761
-0.0737607781152278,0.0243428476477367
-0.0546931042806733,0.0312827054798897
-0.0822737604464356,0.0907520934027792
0.0237644727362162,0.0894466118324172
-0.0178189271516862,0.0425796501479551
-0.00312165892442668,0.0260532869834481
0.00771057923275789,0.0260898907198911
0.029460898687936,0.0726994923596915
0.116072686269166,0.0273112566044814
-0.14102346970468,0.0531878335787039
0.0377631002571462,0.0838535453647018
-0.0129511553280344,0.0300996557798629
-0.0794888064258035,-0.0686862435922452
-0.0237028140307379,0.00440496924892525
0.057069551931375,0.0675314835173456
0.0707202100478082,0.049664797998539
-0.0332075978419466,0.0472508533334109
-0.11213610852393,-0.0273285181548016
-0.111193662919105,0.00884518393981604
0.0421933378534475,-0.0194912960086156
-0.0223796617587043,-0.0907029458113345
-0.0400398243905676,0.00597894922458628
0.0668562991968281,-0.101014793510517
-0.0728690084754536,-0.0171970838920161
-0.116156342726193,-0.0750480414568973
-0.0647009743187247,-0.0185025202565923
-0.0507443923911437,-0.0882986266130973
-0.13081765529123,-0.120455793117294
-0.0472762173454931,-0.0826647590495024
-0.120800809019066,-0.159972102392535
-0.193535001212616,-0.110677907953912
-0.106091005096548,-0.0761591261440599
-0.176009939374778,-0.109171987940972
-0.137820244507972,-0.0406965078611508
-0.113996270543231,0.0329319954308334
-0.158805080850362,-0.1566537216849
-0.0587497743536892,0.00134613548127231
-0.14610528875965,-0.12116271816643
-0.115119921566291,-0.0289143534458744
-0.0982616989003438,-0.115197556494345
-0.103992100100555,-0.0761507325222619
-0.239531330429469,-0.0976120990822814
-0.13790811278118,-0.0320611980646308
-0.195387155756477,-0.0375188217917008
-0.192903182414977,0.0102046290734998
-0.0925886756486199,-0.059383099979612
-0.228926878031553,-0.127115983239682
-0.173170472384881,-0.0889398685640893
-0.122489714450165,-0.144558664344292
-0.165748964340277,-0.022273716826054
-0.0952624753847834,-0.0885745187313407
-0.212081729131745,-0.0701519857000023
-0.143334524758703,-0.122228069594266
-0.15347837431981,-0.125611033614924
-0.197663947279322,-0.139115685085413
-0.162284696487072,-0.024489419185096
-0.209654524139419,-0.220965974781337
-0.114163421875691,-0.0154019388637412
-0.212030722388942,-0.131214023256184
-0.123621860538725,-0.0766760964741372
-0.208790416504021,-0.106713740908716
-0.22447048452918,-0.0594522312745872
-0.259185279315631,-0.115362093020925
-0.226991806515833,-0.20502603435933
-0.266375531982019,-0.0279197919612176
-0.269946989408504,-0.0570595157583358
-0.217960027223223,-0.0984006070723377
-0.268748565780168,-0.0952385198640487
-0.230766782924184,0.0218140642921146
-0.222741472642361,-0.115973866922651
-0.298756339385402,-0.0692038535027289
-0.1820577890963,-0.015071232467811
-0.228622720510862,-0.0755901886556669
-0.387630280721224,-0.0373492518632188
-0.216210789739389,0.00861939665928539
-0.244592826851762,-0.0344449190182644
-0.291666078975714,-0.11774976272049
-0.166522222575886,-0.0767127118955579
-0.255441774891941,-0.123800788420124
-0.294571331614212,-0.0876282696821367
-0.196033301776212,-0.143276197358238
-0.15935587391585,0.0320935716874664
-0.170158405395777,-0.0631848065295871
-0.198094530786065,0.0183990801348495
-0.170300118968185,-0.0402261968212886
-0.183959442680241,0.00246396054307141
-0.072197165003269,-0.0486227512517469
-0.108685830691207,-0.0363042815255557
-0.128141869271994,-0.0258757557648722
-0.0862953152925252,-0.0184709419580914
-0.00415425725217023,-0.0200343536974975
-0.189950445396732,-0.195864712240284
-0.0523289035339069,-0.0820018727729769
-0.0782975636852547,-0.0637637544791812
-0.0692212918331355,0.0149517286565474
-0.0682882608885994,-0.133484377936361
0.00188522873214436,-0.0849259705155887
-0.157711031782903,-0.0235071494329719
-0.0644580131238541,-0.158749957327832
-0.13611081363793,-0.0880011697412472
-0.0859537350982028,0.00407859721522766
-0.121706174843606,-0.136015348787639
-0.194679107841478,-0.141842985388961
-0.110504853752088,0.00290801483481034
-0.216948061472958,-0.0445195154247787
-0.0609574811367714,-0.099080681447119
-0.0675348513741514,0.0618283460643503
-0.0978405826385027,-0.0668388282918547
-0.156220203712675,-0.107282496696799
-0.111921165364524,-0.0885419445399422
-0.202637907770285,-0.110506867501227
-0.133376023695167,-0.0391059115020714
-0.269520334817184,-0.00545982259010659
-0.108137824010456,-0.101177255507914
-0.251890376609424,-0.0192445815060128
-0.217911927578088,-0.208747397903915
-0.201314223338683,-0.0448210375941599
-0.174497063492694,0.03338912186223
-0.262891327795115,0.0161381565042626
-0.291455589820475,0.0296580365219715
-0.263818804445062,-0.0348000351139324
-0.218378148752496,-0.0603661401517568
-0.205713014883376,-0.0502881350317481
-0.326842819866733,0.0360743547489244
-0.207034552385543,0.0721081966580818
-0.302122078778733,0.0212433933622263
-0.251526205672866,0.0219637465401225
-0.307265437989543,0.00781157045389603
-0.227153340617686,0.108153852027872
-0.3261939778058,0.0483811935895616
-0.227782182559575,0.0624252543776815
-0.255262807825752,0.0867887926454902
-0.397034269877875,0.0866811226991542
-0.35368808573558,0.0922077594973078
-0.349605724065165,0.0398021227363555
-0.333735284067034,0.083748241121417
-0.285934763629389,0.0730519302392336
-0.351614360564185,0.145036422717677
-0.34756687499956,0.0385294744960532
-0.323736398303032,0.134721979583338
-0.36812646726353,0.14798785314284
-0.338284495690243,0.0971280179784039
-0.355060771089602,0.0884271140997703
-0.284709364462747,0.178775498432064
-0.294199951017638,0.201928888641151
-0.264498636070941,0.123467942055838
-0.394178699128159,0.132607094975769
-0.290770357774016,0.150097671245098
-0.399390732708279,0.1831016674768
-0.334399760163482,0.154312582931997
-0.345136303563738,0.240406561026601
-0.395151743277085,0.0942522456116531
-0.445834605085014,0.0751245455087063
-0.362255898307669,0.167832222617936
-0.413466708316859,0.150706288774952
-0.465733805902749,0.120409490343829
-0.400772273685529,0.146348439120484
-0.445581443631493,0.0733127843360052
-0.422292087935244,0.108084540156417
-0.354402034429418,0.144897541645969
-0.392257280070048,0.0119466494237431
-0.411973708145355,0.12912490743215
-0.516367181717701,0.0566403711140545
-0.393127197237215,0.049546577764894
-0.394426271788853,-0.00303001952008111
-0.479901197510828,-0.031710474214937
-0.583954890995831,-0.0848366343501941
-0.547029424162798,-0.118800033042676
-0.472615801059922,-0.0798648376055549
-0.419522602133472,-0.148274550794755
-0.493896082051294,-0.0552250004751103
-0.471058050677633,-0.0211880395872531
-0.487404009755924,-0.0443679125076397
-0.450897854027937,-0.0892039221118985
-0.404233994389829,-0.0495660011405815
-0.343257292859725,-0.0871066253190597
-0.421698924879046,0.0209249816429646
-0.441528508623386,-0.117233007375915
-0.351851127664832,-0.0757167213985362
-0.35338643076888,-0.0635901072244521
-0.452975738008255,-0.0751655516766836
-0.370499419381959,0.0249595198212846
-0.201429186269495,-0.0696275820648315
-0.300666435492811,-0.0569063040654593
-0.433349725206903,-0.0858107859294644
-0.29906790412312,0.107531682255782
-0.418528961765411,-0.0940184452488804
-0.305271843571755,0.0600255662031077
-0.269648306050432,-0.0383947095268918
-0.271005986306944,0.0998786335373505
-0.314546635471976,-0.127428948537409
-0.40064659342402,0.0166724132219506
-0.275549412861161,0.052183097158052
-0.401531364147287,-0.0476455407158068
-0.260642176642911,0.0182485009243086
-0.348879394804792,-0.0141023624035483
-0.226056879994988,0.11578344764894
-0.281045971853493,0.020132391030454
-0.370756026409653,-0.0380280506804003
-0.323239865492379,0.00449264452683445
-0.305931389284195,-0.0307362443217625
-0.199322664849401,0.0290854132020476
-0.306444790454331,-0.0732947167446198
-0.338666373400914,0.0955218514831433
-0.281303160591636,-0.0897941678363093
-0.306349246748636,-0.00246100664163076
-0.279119965156514,0.0187623318681005
-0.307166588125379,0.02269642150985
-0.430100215317585,0.019111133569423
-0.200148373125741,0.0865702343315844
-0.316176447085377,0.0799099504014655
-0.409873377909674,-0.07456403909244
-0.323825343717459,0.108600355531308
-0.460373557361428,0.0309259925981846
-0.247022891259201,0.0960092058458552
-0.423657905020487,-0.00513894979564204
-0.467807214576197,0.177285600626085
-0.445939652128737,0.0263107955507206
-0.405873501078669,0.0780332921056333
-0.420587098476801,0.139317871999594
-0.36717269611172,0.14309559511966
-0.331156115373372,0.0717125953657965
-0.381566271038679,0.13144459161336
-0.459900494959473,0.046580522809216
-0.361609878821511,0.103808065948543
-0.458379759419171,0.191684027859371
-0.422209807198163,0.0279068418949029
-0.41237730677866,0.239120536235876
-0.465511706044261,0.108609438653196
-0.445360156073863,0.12312678483712
-0.342478538437154,0.100913826938708
-0.440405431633419,0.111270392793734
-0.444258781158138,0.0557816696808185
-0.372716988845893,0.0652664505093023
-0.477622173469763,0.0715279841297803
-0.427318424591754,0.0555717229727445
-0.494008093985668,0.0258038758114781
-0.378577585465536,0.0971682488362683
-0.531389651685598,0.159706695064851
-0.568282230686871,-0.0333601671015116
-0.501126140212309,0.094453619970935
-0.549098059714069,0.00700899116631579
-0.535212941875341,0.0293074468629094
-0.557318573039491,0.109197548059847
-0.65385175182533,0.00806878549778479
-0.575248712871604,0.11153547413981
-0.565722459310899,0.10504186763198
-0.630324415253081,0.111961243236511
-0.558933170253462,0.0377299901892489
-0.551572638688545,0.121499998125973
-0.652970680197195,0.109419265495879
-0.602792853905301,0.0411683610802567
-0.550885370513076,0.0855979503570765
-0.651682550294872,0.14378077148772
-0.646301341215222,0.0222348221443297
-0.492173098584472,0.125436928374447
-0.555606619342207,0.0782902214343976
-0.62773294927026,0.0560754890981854
-0.559559666244655,-0.0189569061661567
-0.592189758814411,0.0871947908452753
-0.57611811101035,0.0241271367096523
-0.570544833653887,-0.0235917201513209
-0.607474649994954,0.0602742862780929
-0.650714815722035,-0.0108759616144607
-0.668482278521907,0.023944836929139
-0.608145015361164,0.0368857663576404
-0.595127378691778,-0.0313167093112319
-0.587808445274435,-0.0239145652205077
-0.601557017285034,0.00247063880084042
-0.634945266825739,-0.098693465776518
-0.607089937123594,0.0161353221996737
-0.696973717651015,-0.0830572312006696
-0.513450585077669,-0.104404774122846
-0.70567231543339,0.000294195943224686
-0.57715811231951,-0.0126446016267939
-0.571259149939244,0.000261758795340159
-0.567227107546958,-0.00929971691611041
-0.545935155840084,-0.0424049646205303
-0.583056052765148,-0.0190784074427879
-0.504465610967824,-0.0706879239324387
-0.639103586493431,0.0602035209763289
-0.60298448759082,-0.0240829303140623
-0.551004602598414,-0.0914241109834687
-0.610988809406635,0.000670724453328108
-0.594045201861785,0.00505213184319794
-0.587030136520118,0.0376961627611959
-0.664746598886784,-0.0133260649841639
-0.558817984967885,-0.0204473474612338
-0.622204131144867,0.0266603363410213
-0.55025310400665,-0.0200147401501721
-0.545451512115232,-0.00690355937288491
-0.549272552649714,-0.0297877761617266
-0.639252516206721,-0.0383614824023045
-0.548851210558229,0.0380884367694938
-0.424082937447397,-0.000264867949753805
-0.593802937292519,-0.0692011907117225
-0.620887499219212,-0.0556593718870037
-0.513352366649086,0.0416557322385238
-0.695974565542238,-0.0545482547753141
-0.597050699918668,0.0218230622263616
-0.633213131304874,0.00678789230933442
-0.670942013015119,0.0251219272922469
-0.680854884442104,-0.0147642820982463
-0.61828444940324,0.00355332393793333
-0.697274899402722,-0.14830815471109
-0.571343374654886,-0.0183595438047172
-0.569794150945002,-0.0329161931115094
-0.629743869008847,-0.00519174026414811
-0.509958214249553,-0.0773171373608862
-0.568131706046852,-0.0652905959795725
-0.497005977862851,-0.127530386518538
-0.556115556947292,-0.100388909120056
-0.617952016104485,-0.0852467989536464
-0.50685949709707,-0.142441384761982
-0.478390167587047,-0.144784835917013
-0.62451051651653,-0.101624918922881
-0.459961006733153,-0.0561309527981556
-0.550364728662603,-0.157937972850389
-0.529817226842933,-0.112087907391428
-0.481405984662572,-0.075021494016411
-0.54209698101174,-0.177131242672781
-0.448156849617909,-0.162477885853294
-0.542506359032852,-0.104051581377189
-0.427425826414563,-0.273272452270542
-0.455301844934216,-0.113370735376785
-0.502161757392776,-0.147788358705336
-0.517790705723015,-0.201652393956863
-0.502228225800224,-0.1625127728728
-0.534636676318244,-0.133233420598901
-0.466930390812879,-0.145744922499002
-0.487743052494285,-0.199034972700666
-0.493393625091274,-0.162519658416864
-0.463596509024277,-0.22041719148582
-0.533769595981374,-0.184886674470405
-0.37914313021597,-0.118337960996039
-0.46226356830314,-0.166386562481947
-0.483075445122789,-0.238931645865989
-0.466750929913077,-0.0863871327758396
-0.48795420139425,-0.283646861214985
-0.49166071273033,-0.137046004548198
-0.407577278881686,-0.248979260682358
-0.421377365364461,-0.151962519213104
-0.407509755511077,-0.255945386440105
-0.49387447411011,-0.193269017328558
-0.423495101680688,-0.283278952544774
-0.40674637205871,-0.222792424414725
-0.332606542385727,-0.224155705070703
-0.417045048037164,-0.206268352015944
-0.404668054283919,-0.353274777332549
-0.502965052914413,-0.318738782787366
-0.402601324304484,-0.173275158446477
-0.419344181068518,-0.293225777320394
-0.474965533335809,-0.359080230721011
-0.415805319372721,-0.333027320242554
-0.474091871335774,-0.419073583685184
-0.293334093709985,-0.220015857032973
-0.515859671964383,-0.272094905250348
-0.420462724035091,-0.365197971172809
-0.480357155523136,-0.379982509559748
-0.471337243850413,-0.346504471459964
-0.517463054270681,-0.392814497468912
-0.40910886752984,-0.299063515305666
-0.433833922961184,-0.345488241260594
-0.531079765316995,-0.352508810114375
-0.455459761240321,-0.471715754266599
-0.540246615968913,-0.372707327374543
-0.521614806566727,-0.446973397041647
-0.45947206349163,-0.322970229083606
-0.52655003875782,-0.348220186730979
-0.510930649335914,-0.350041329303832
-0.492454612640185,-0.428097305811544
-0.509162854426705,-0.449907061010427
-0.585618030007528,-0.419140262082093
-0.566856758988426,-0.368497017255822
-0.508767901595023,-0.38388672656383
-0.499111232310447,-0.393853603899734
-0.525687844973773,-0.343318010128839
-0.528518016879223,-0.370321952786719
-0.466757160645625,-0.411257244827615
-0.440924881699109,-0.399896144987034
-0.495509152928059,-0.425363703416944
-0.493791641403281,-0.395619821870661
-0.460333898735771,-0.490756519608106
-0.473707429208713,-0.458234229042853
-0.436269397679993,-0.483658252565404
-0.410517307947339,-0.526214578343905
-0.449331218972814,-0.451161565418554
-0.383394832822319,-0.53964261714516
-0.26769027458693,-0.46571045737742
-0.361349554532421,-0.471654924370189
-0.307632345514961,-0.565718968905867
-0.2912322837558,-0.441652746220069
-0.338641884405613,-0.536239785145633
-0.192104387049814,-0.418002679734453
-0.18938756847079,-0.455317007717671
-0.155313777886373,-0.542879164054586
-0.167518769187625,-0.322729318274737
-0.0734406735343637,-0.448212925897812
-0.122094213650107,-0.284891618507048
-0.0327833327812189,-0.277479609597752
-0.0379839300753953,-0.32096166452997
-0.114304243719325,-0.37102870618114
-0.109637902537071,-0.389140888074553
-0.0625061927650563,-0.281839802277787
-0.0691642977200796,-0.284627502354419
-0.0503006524418917,-0.324231649272108
0.0467181667230483,-0.206100284903015
-0.0242030870172243,-0.234729886020273
0.0668334704862091,-0.283705116106876
0.0520539022547472,-0.288679418639015
0.102849462234536,-0.130304076116848
0.0197466107265305,-0.274145121145524
0.15398746635909,-0.208181984269603
0.0505647610244377,-0.123214639554119
0.209522097167433,-0.137308549658923
0.249516941099943,-0.0793452522960323
0.152435435438671,-0.0971793404439138
0.259455620922709,-0.0739242209287555
0.210688743301634,-0.0210095635496894
0.28410436762209,-0.0204170327793988
0.163683223334355,-0.0364382382990823
0.177361765016,0.059288910728577
0.281418961896361,0.0280371311550201
0.168376231059979,0.0437317722791885
0.226754331765921,0.112279299288437
0.26340740578175,0.0264674937258451
0.245201294117861,0.0790109559230638
0.289626021864702,0.0926228046426197
0.275723656609327,0.100936355041693
0.148984598533324,-0.000297456871850087
0.328731187827089,0.0439510902570412
0.169380966904216,0.0281240393503812
0.311620295259588,0.0608278001087831
0.179657436164518,0.0738923450824165
0.250789674112234,0.109277314812016
0.312544891845146,0.131136393551905
0.190275081110763,0.155160958935189
0.137094083554695,0.126403969194089
0.290052013538064,-0.00243971058088354
0.223158185494592,0.155443923009648
0.246133975880629,0.0718301994783894
0.169758432789145,0.0855719926726512
0.318355135141391,0.129655936038356
0.204153826744693,0.188509125343343
0.300156355707974,0.0949736909137568
0.220448219209329,0.134805338507213
0.173899411204818,0.236928711710475
0.235617797968653,0.0643571192978842
0.239955522244064,0.184212519050714
0.232758250047757,0.0310237859645509
0.1851281835764,-0.00513719876092617
0.225854690674872,0.151734464083206
0.182495791138431,0.123832684948878
0.218816503408199,0.0229106803271123
0.168688672392661,-0.00664110046355895
0.193600098661477,0.245622143675869
0.164357119297884,0.0487904537354463
0.136686357665186,0.192765014502017
0.298597991639763,0.0578680264808999
0.230186243769648,0.152572006278108
0.104856470913428,0.11461957820721
0.183823609930658,0.0782478693500001
0.106056339854636,0.0976854468053694
0.105611018629136,0.142028113525551
0.188204539745633,0.0421489209872257
0.0195011318541011,0.0906522653645453
0.199160024836074,0.110020922918038
0.160765315309182,0.0667345169450537
0.168138671840546,0.0790017802385568
0.15147200517388,0.0111255673073365
0.12330025165224,0.084502805386077
0.0487897506854623,0.0748939990009771
0.234375556517037,-0.0300826578303514
0.0388316137882791,0.0425382623919438
0.163831001261567,0.0242621366261085
0.218599433832221,0.0679168873162782
0.127253842556255,0.0466299594297152
0.170050848019099,0.0829563930677952
0.216970370234813,0.194407598624934
0.140016054593478,0.0591221943896286
0.154598649890841,0.0779921012234994
0.0741118996381584,0.0902410780742052
0.0632822009271179,0.0718106792228835
0.0396888268898284,0.054848609788132
0.00608293703503691,0.109541714068805
0.129316614702419,0.10800531151183
-0.0229256725871072,0.117283940601418
0.052266728464398,0.067580493605375
-0.0422719893467998,0.259237481769447
0.022729417918905,0.0617796086786869
0.000968859054474961,0.175961431164808
-0.0266149210287888,0.0980037448962629
0.0124300090348434,0.153289724507039
-0.04961741057842,0.129665788811405
0.0287030076645915,0.105775032125324
-0.040918873938527,0.0800483782329849
0.0235300025186845,0.124109737223854
-0.151983050285985,0.0152711847562612
-0.00338446573954877,0.112707117641541
-0.0227577665781112,0.119238672944775
-0.0890273464416646,0.0125975724812162
-0.163257118193655,0.0867177990728821
-0.161851839275716,0.0659902159038218
-0.0730278093792036,0.159003619139767
-0.173560534794173,0.0598212179202823
0.0484890467604055,0.0705425839222591
-0.255330425461796,0.0865351323559336
-0.0779188915584442,0.0532026064856847
-0.203938398702521,0.108769668161604
-0.0852271510118334,0.0395326417036802
-0.167503105623674,0.141486827714169
-0.210677306727672,0.155157972486212
-0.125762911701584,-0.0366648957128394
-0.159675604531088,0.0443272827526943
-0.234780255773751,0.180186243769648
-0.230980967060166,0.0578424690450557
-0.124382685500992,0.0903898064552193
-0.269213590211313,0.150262458909326
-0.177639320225002,-0.00866310618955299
-0.177876696400866,0.0296613259509961
-0.209738024560319,0.147140452079103
-0.285067797416539,0.0661166661145523
-0.145380905262435,0.0879273453374358
-0.264332036564422,0.168951131301987
-0.258088022903976,0.150634462978977
-0.247647633726833,0.131184877396609
-0.215802290703586,0.200839752282515
-0.133308250599871,0.136717799072882
-0.201074918370766,0.183198705439546
-0.238452263156088,0.0671915844853186
-0.129526698057209,0.139289805350991
-0.162597572481216,0.106353558820771
-0.226117149584198,0.158900482365417
-0.22761423749154,0.15
-0.19674336527599,0.0898398059031049
-0.226404691226986,0.165432037668651
-0.144171358997881,0.0798142396999972
-0.175321595173163,0.0754398677008363
-0.221260678670769,0.118951131301987
-0.210000483469645,0.188189804246762
-0.0403871586623424,0.147476068223611
-0.253062165848698,0.0828559335180516
-0.210185404340631,0.077877856850745
-0.195897499480424,0.13992678534316
-0.173254654738682,0.076083716638243
-0.215829124471764,0.0824957911384306
-0.172956811536537,0.139043019004241
-0.227067136674674,0.0482063501577245
-0.120855850313554,0.129665788811405
-0.197573800838854,0.132685205504173
-0.263901212005492,0.143441799866822
-0.172734304833386,0.114075276752372
-0.16449312799648,0.135600061797731
-0.19470445449959,0.0606422930111626
-0.213688407132586,0.17011870522853
-0.140265096953325,0.0490580879830494
-0.139016163563639,0.0987280813818415
-0.202445724027212,0.0608622528115814
-0.149462281909512,0.150809650692326
-0.0777610956476409,0.0515506192283313
-0.123070676572246,0.126149225082415
-0.143523935998837,0.0686680603695292
-0.0795080279275682,0.0652523106244239
-0.182069926578331,0.0388544505507457
-0.159701255665912,0.0958110283751856
-0.0677358739442814,0.103751192263723
-0.177980246823209,0.12174874410126
-0.253263914834539,0.0847543203334957
-0.072882813626079,0.0801497182291158
-0.0880011697412472,-0.0504728831745996
-0.303680036582787,0.0483870699187431
-0.12520709295294,0.105393686934741
-0.220559750084422,-0.00274401846693978
-0.250076683871225,-0.0711197157439879
-0.151379022805073,0.078216521269328
-0.179723126825821,-0.0707219153081007
-0.183240247901337,0.0271446435963807
-0.121070337741615,-0.00142909720468389
-0.226136434139277,0.0351897617875403
-0.214458486775152,0.0140028513991553
-0.179264239147883,0.0407868932583326
-0.216441037095385,-0.03256345362335
-0.155827277114352,-0.0509646546107042
-0.190352420541317,-0.030067802326529
-0.174491719057582,0.00135311540827283
-0.065714825295468,-0.0984085911960532
-0.252653416202844,0.124221139081811
-0.103026698481912,0.030090506838639
-0.196499328686307,-0.0947579510894203
-0.16334267346497,0.069836302857082
-0.226446232646789,-0.0437916604126653
-0.200250810097806,-0.182068145865061
-0.233858251151985,0.043621358445767
-0.0902438692869927,-0.0628323183251957
-0.195817040018266,-0.11982323221217
-0.224206958195801,-0.0687988709323538
-0.127063871703847,0.0205539100921721
-0.115237437527361,-0.165437913981275
-0.166497487060213,-0.0862068965517241
-0.106541868291701,-0.0407443399388924
-0.297212439083606,-0.0628323183251957
-0.106903559372885,-0.0971404520791032
-0.181743293487222,0.0782845164534537
-0.293107136512045,-0.135764944742205
-0.13611081363793,-0.017810345398739
-0.263131491859513,-0.13974552636606
-0.203675833999857,-0.161995864356402
-0.203825242185234,-0.151405511868198
-0.107631735984815,-0.149256107749869
-0.113914246169846,-0.13506979953317
-0.152948485416548,-0.11241091829281
-0.153009534626064,-0.107424063117135
-0.0247326150585528,-0.245438746221887
-0.170104793214451,-0.109263414451725
-0.06372382034035,-0.181300275226406
-0.0032169021761592,-0.166263968067227
-0.14986619431126,-0.105971402268113
-0.0885125843899957,-0.111402732121473
0.0570784863295685,-0.111796363120061
-0.0419323838592744,-0.178427184399514
-0.0264323862254789,-0.0179745126717767
-0.058109893385345,-0.131844341289103
0.0171620586643876,-0.0224793521237162
0.00750340265939688,-0.113679274887425
0.098016541089138,0.00542394849654542
0.0423094032081508,-0.0766219902706184
0.112373093193097,-0.11976976394976
0.0545208949927016,-0.138647608637625
0.130929142632623,-0.0311071376743908
0.13547000255247,0.00883417852333695
0.0283733597674741,-0.137919774699527
0.120640256229874,0.0375995144464301
0.30503120715738,-0.152420248320227
0.127363961425105,-0.0139274635596338
0.201233407134424,-0.0123581425363797
0.190495647718731,-0.0217222963049412
0.161116953789174,0.00478018528166976
0.159475852438084,-0.0433878433247535
0.22152548545102,0.0681921109695489
0.187273183703805,0.00321846684875311
0.230536254818126,-0.0208480624717275
0.186974492696934,-0.0829563930677952
0.263323852626133,0.0583260442194378
0.228185781865416,0.0435344735433831
0.276013822799766,-0.0119848606980771
0.238981663739477,-0.125126276748681
0.302662482306284,0.021991994106262
0.212445157821888,-0.0344652706375115
0.147353848429631,0.0920414352979733
0.241650819561372,-0.00980230929413104
0.322668562795153,-0.0428756265214882
0.226185365677527,0.043882748135452
0.3058886423346,-0.0199020754601122
0.271652933403215,0.0449552963232196
0.300200766001897,-0.0242163461456831
0.211920487151823,-0.00980230929413104
0.273591882626195,0.00105723553664529
0.358255387764732,-0.0912070089702751
0.250952744790679,-0.00835285813413871
0.382984998679572,-0.0930015271844204
0.227021418035041,0.00882419762161094
0.397665369897755,-0.147140452079103
0.32174063526384,-0.157757178887158
0.398387507772568,-0.0707426794325398
0.308444477477931,-0.170595383673843
0.266961289497404,-0.186415170101564
0.366861223938146,-0.0052704627669473
0.358572115555591,-0.167082096959079
0.320183657666267,-0.0146136795696324
0.447750534012644,-0.0995871308516296
0.322668562795153,-0.0130319715322926
0.251888595896153,-0.0333389824893752
0.309749913842507,-0.105242549051592
0.467880480657228,-0.0410554056766592
0.403554067047342,-0.0456945093081532
0.417363302064299,-0.132986014307287
0.290956518758096,0.00492906348362377
0.387266485621582,0.00630113783942541
0.384760438257186,-0.0787889692398471
0.362057128579254,-0.0882084603318832
0.448205618995331,0.00312479933064289
0.358575558405948,-0.0522347908965464
0.496289054310135,-0.0842095858522799
0.447629482442412,-0.0330637588361045
0.36055048402176,-0.0135446598364439
0.362793113591736,-0.0583403963325772
0.375854690674872,-0.078164238043654
0.377422439991964,-0.00396130005984147
0.315383322386823,-0.0917227869171192
0.376408098124631,-0.212019082297994
0.252886840741971,0.00396130005984147
0.262579678289561,-0.0829782706103955
0.257960741572729,-0.150388909120056
0.408479133003131,-0.0613326519857259
0.258882746194495,-0.030490690462842
0.347725756057616,-0.052143022946242
0.337753183944927,-0.00505763808732098
0.284580454851967,-0.15516111478383
0.359924840004244,-0.0785492129116029
0.345222558522951,-0.0733253343857021
0.185991824073447,-0.104960482481275
0.147951896538743,-0.144696494191732
0.230736864926483,-0.142819519420285
0.232323843748925,-0.083782623028582
0.218661015264736,-0.113275958864402
0.341306235222359,-0.0700083926864357
0.170221063726401,-0.0679081094599735
0.165169578759325,-0.157166018282211
0.235905339611442,-0.133595792242659
0.171847146946515,-0.0316110224994018
0.186440677966102,-0.138475727309255
0.0412104435997166,-0.151429186269495
0.279425881700492,-0.142908863076891
0.0596573961249692,-0.125527726927896
0.0823944236611625,-0.268908312397602
-0.000152913749001045,-0.0967433652759898
0.102440493306803,-0.13689728704322
-0.102180352465478,-0.196058018230351
0.171067306499863,-0.0587133099101866
-0.0726231386843239,-0.198502912092658
0.00651465025282849,-0.151166727360169
-0.0257477444645779,-0.140842259430813
-0.0307613270552249,-0.119238672944775
-0.112689381470619,-0.116505575234609
-0.0155039982450722,0.0142461339428997
-0.0157447091353056,-0.162720037051132
-0.0445684458009947,-0.0692386729447751
0.0532255231401569,-0.0557720381300862
-0.193376635707363,-0.0265311414377164
-0.0553315111318791,-0.0591158083671156
-0.107716018834325,-0.0939089000885554
-0.208950433781745,-0.052907851483501
-0.130511442024518,-0.0898750005915512
-0.0415224146113098,-0.0231323839347254
-0.102521145215024,0.00963616845863729
-0.0638430687049167,-0.117674517784808
-0.175934903945675,-0.169252267015288
-0.113225266816311,-0.0662852512491268
-0.175421137454472,-0.137940253927688
-0.095908343418686,-0.0157707228694177
-0.204228080941971,-0.159827025850474
-0.137530258534322,-0.0254826866052207
-0.217454043394645,-0.00947556565099334
-0.166929125575993,-0.0830457916905449
-0.143796752187418,-0.0166515989272059
-0.157660352569607,0.0317049169466602
-0.103906697771181,0.0111586307372903
-0.205153692288006,-0.0666779649787504
-0.165719579311439,0.0215482203135575
-0.225277767030605,-0.0177753825031597
-0.172933354989372,0.131455158455474
-0.0976682552286858,-0.0122772759280314
-0.200947249271848,-0.0125254738851338
-0.219359557168036,0.0320935716874664
-0.161334281397576,-0.022973551061376
-0.134741482513658,0.185588940140777
-0.136686357665186,0.108604082250061
-0.0479394427923083,0.0677966101694915
-0.10849815894506,0.0329340469924047
-0.00322966223816151,0.0787678265355103
-0.198319549531136,0.0427031065321089
-0.00747206642526874,0.0472797417223675
-0.135033897743612,0.134474575148242
-0.0756897884079886,0.196787409791952
-0.189394544062194,0.123061801582594
-0.0551454551477611,0.0570375977839855
-0.146043933494885,0.0439692632799479
-0.139796183861162,0.155902108867194
-0.142463535795781,0.0734741680477986
-0.129150354662187,0.120029471567715
-0.213277032952518,0.0501489785064312
-0.106633699233995,0.229975151509485
-0.0863623208438803,-0.0157980702037472
-0.15149040959164,0.15600593284825
-0.178767421442981,0.139310273557897
-0.139998189587908,0.0920332389310619
-0.0669703802087047,0.192498107136601
-0.105962974780667,0.0265853210010102
-0.0608441585571249,0.0976901564557318
-0.0570455302305692,0.113661364607697
-0.129651489161607,0.0440135586982766
-0.111984689841604,0.109583576433525
-0.149356446976409,-0.00523023605024022
-0.137633577610909,0.0519956471475786
-0.0893198891379498,0.173215181461257
-0.092911927578088,-0.0689540563905902
0.0117891764479856,0.168570869358564
-0.117451533262124,0.0131269463489163
-0.0927795436076937,0.0320935716874664
-0.149944810060488,0.0199602529472863
-0.0175084751377434,-0.022851076205413
0.016097414717048,0.0318420280752603
-0.149828363467612,0.00275572101225902
-0.0883604037895606,-0.0865675695038182
-0.0774327786281288,0.0505805502617024
-0.0855908711656203,-0.0154154325691291
-0.092278827819063,-0.0740143066479383
-0.0595958081369437,-0.0631848065295871
-0.112530062497774,0.0350877192982456
-0.00722881737681923,-0.0519572857224351
-0.134563105463085,-0.0095631054630846
-0.0350877192982456,0.0350877192982456
-0.110487864460953,-0.0236766652132199
-0.0424043003504774,-0.0442895290826218
-0.0212021501752387,0.0230873789073831
-0.128433626666824,-0.0488743621614503
-0.0205539100921721,-0.0453646743443317
-0.0487576999311641,-0.0441101374036667
-0.108200702073209,-0.0416243717650534
0.0089288375801378,0.0565390325834104
-0.0014597785859515,-0.00464094974440338
-0.170195316950155,-0.0865835414090025
-0.0107548136493784,0.0925925615264325
-0.0320776688551963,-0.0496215285043191
-0.13214721706422,0.0390664577276627
-0.0935557012097149,-0.115176730366429
0,0.0338983050847458
-0.0402261968212886,-0.0723038656764849
-0.0493349509978113,0.00420940777805227
0.0156917051052617,0.0345087713486515
-0.105263157894737,0.0526315789473684
-0.0505606862356825,-0.0554520230429432
-0.0127604623157485,-0.0740154003243699
-0.171120491097012,-0.0507340484809432
0.00571556950690761,0.0331269329999969
0.00391195090620218,-0.00630113783942541
-0.0226823371721658,-0.082580820722571
-0.0601560864329357,0.129628079682282
-0.0350877192982456,-0.0175438596491228
0.0847092478025647,0.0175438596491228
-0.185148307763891,-0.0710572473027525
0.0108559029956801,-0.0266629187960207
-0.0226823371721658,-0.115816385476955
0.0142575366699409,-0.062605858579993
-0.0971146299286445,-0.0226823371721658
0.0850119232160262,-0.0111321755318127
0.0926307216038102,-0.0815809631974929
-0.137562207349909,-0.0815467883452574
0.0294328755376991,-0.0294328755376991
0.0793367926239045,0.0442850679148207
0.0591997287331777,-0.0995033285468118
0.11629537555717,-0.0829563930677952
0.035323233925628,-0.0288639094493049
0.0791785318564101,0.0172962950693754
-0.0864784057682682,-0.0977161041110377
0.0882986266130973,0.00923334320573685
0.0246804493265586,-0.0133294284041426
0.0434445926098824,-0.0499039170862054
0.0169698700938007,0.00561884917138475
-0.00991729455430996,-0.0392837100659193
0.00386527092877599,0.0359429397839723
0.0359545820942312,-0.0884800075074615
-0.0642178708813531,-0.0759103163494758
0.0266922328697744,0.02614223231766
0.0922588984322123,0.052022005725994
0.0348632254812986,-0.0721179329717211
-0.0680635175349078,-0.0464424883781934
0.0596573961249691,-0.0245290439915247
0.0529037346366041,-0.133536943329498
0.0414781965338976,-0.0117179533326608
-0.00290801483481034,-0.0169491525423729
0.0352838576409031,-0.0722015794184168
0.076606548667342,0.0473801201969377
0.0710572473027525,0.00504988308299056
-0.0263184136355939,-0.0385956895636253
0.0951184463531091,-0.0260326871573351
0.116929125575993,-0.0882148869802242
0.0532315519905477,-0.0112351124676614
0.0569035593728849,-0.0264297739604484
0.116929125575993,-0.0180291266802214
0.0971404520791032,0.0166666666666667
-0.0245290439915247,0.0281077832796632
0.106926114463949,-0.0175084751377434
0.0634594981299973,0.00345014585349731
0.100048990085019,-0.0597631072937818
0.0802113265031106,-0.0905244343490067
0.120448219209329,-0.0123351135718902
0.0442125385436567,0.0197336177358634
0.0570455302305692,0.0440135586982766
0.00222254062419775,-0.0469900594829167
0.142114494605505,-0.0862068965517241
-0.0148521923771216,-0.0262032132995376
0.0615264472251655,0.0484944756928729
0.0605551613574026,-0.00921499544271412
0.0861837602602438,-0.109377227901083
0.02893401324045,-0.0868020397213499
0.13002606125079,0.0741292629932611
-0.0899769619215764,-0.0654479179300517
0.0595459942670116,0.00413806188350901
0.0620475719291018,-0.082783332781219
0.065457120402113,0.00800356047711368
0.0312827054798897,-0.0540223798273452
0.0689762140354491,-0.0649071198499986
0.00986121265879448,-0.0189232848637132
0.131147540983607,0.0491803278688525
0.0904461842149199,-0.0902221012431181
0.01757093511751,0.0390355241247214
0.00433155309477649,0.0536720073823372
0.0941713589978814,-0.120185760300003
-0.00575808465719807,-0.0531347402124626
0.0704122097743476,0.0476725354268921
0.0259145965476821,0.034165212450162
0.0247959513569409,0.0774327786281288
0.0730278093792036,0.0162784280890448
0.0625622297180327,0.0730537490389357
0.0960092058458552,0.121530130477352
-0.0346366025246111,0.11182620776653
0.0306922391431496,0.140644944519016
0.0598984835504052,0.143913472708297
0.0409420830970127,0.166384164480567
-0.117411229535124,0.225948319705514
0.118266205706685,0.188556170704693
-0.0267721793879318,0.0998078341724109
0.0369768084614315,0.208375020278788
0.00771057923275789,0.173525777624931
0.0866092163310929,0.180762365585918
0.0480478604951755,0.0809460717413794
-0.00370430908772225,0.124517458515313
0.00726690460303675,0.105263157894737
0.0317961148156163,0.144092902087232
0.00599961963361348,0.191992300005011
0.0923882089463497,0.184931747982147
0.078150650021256,0.237844138434101
-0.0509068235813731,0.175151730176559
-0.0465928084076677,0.114649881490339
-0.0120840370590162,0.274709509855941
-0.139847658562978,0.265673711962879
-0.0379122585829936,0.263731140227353
-0.165848194801228,0.282471236807416
-0.0134987879367655,0.22135605890422
-0.123350351322181,0.179826915464356
-0.146908806295709,0.202221219427367
-0.092490834031014,0.0901341589206925
-0.0708392851227346,0.201940013453089
-0.103662367456122,0.172987234792075
-0.0683647700847534,0.121229542535711
-0.0617842133876906,0.192440669692229
-0.052258665369759,0.155455026261222
-0.121649121644671,0.0604774314999993
-0.0760291260925941,0.227326680004558
-0.0790584272021704,0.15238570053175
-0.00771057923275789,0.135541847549535
-0.0474279937218916,0.250262458909326
0.000253161453521374,0.184745987984522
-0.119429226628635,0.0628507179609577
0.0468779931697772,0.127901779134328
-0.0101954910540079,0.163967910984062
-0.0682740072792547,0.0248257479336246
-0.054400689050719,0.113275958864402
-0.00966345703644574,0.0716955200988461
0.0396868921541039,0.121260678670769
0.0288639094493049,0.093620018912632
-0.0117851130197758,0.0617851130197758
0.00477977230410528,0.158401130749872
-0.0031220068302228,-0.0284517796864425
0.0164042077573407,0.158925565098879
0.0966508376868496,0.0792323426191297
0.0695964906468971,0.18812025115344
0.0381619263949857,0.149664527307968
0.138369190008328,0.186381214757303
0.0660073642197619,0.152214260771486
0.00185215454386113,0.11979696710081
0.126200043130692,0.122761945012929
0.0876282696821367,0.220313475186309
0.118265337693049,0.0690091120982478
-0.0100372977247457,0.115309318808518
0.116701970093065,0.103352569210796
0.0819636709808594,0.129818509156233
0.0538484845651648,0.178946209059791
0.091545597928183,0.0768828570921187
0.0768654116780971,0.0770413076810282
-0.0225772123588492,0.179920663750637
0.0846581849234392,0.11982323221217
0.237821950324053,0.113946683317731
0.227826684734436,0.0285519265537897
0.134647868227878,0.0428086619159425
0.121872587450698,0.113971645401453
0.179511471779225,0.0112792183258782
0.207783692256758,-0.0232459035765847
0.123928530282122,-0.0297875317790452
0.184719165531464,-0.0342938058848031
0.147285665807106,0.0420375191292681
0.13847734588955,-0.0476904526312175
0.160023163922099,-0.0372161463782393
0.112047571929102,-0.0545940120041025
0.161235112467661,0.0129946592843295
0.115816385476955,-0.0553389539769562
0.0680635175349078,-0.0353952594988607
0.165842188064721,-0.067401941476119
0.195188382739384,-0.076084904304265
0.02893401324045,-0.110771761117504
0.0833333333333333,-0.103384465739549
0.219797156310232,0.0510969135334474
0.0855719926726512,-0.0704122097743475
0.0643112359553222,0.00483569840965466
0.21979548729218,-0.100432390229512
0.147402910988429,-0.0112351124676614
-0.0313839069453527,-0.0528804178708456
0.145489354716025,-0.0577700564704114
0.139027346441665,-0.015457120402113
0.202834465187434,-0.0643571192978842
0.131147540983607,-0.0163934426229508
0.139289805350991,-0.0433588995364411
0.140022764544132,-0.0620954133135597
0.00616186760447296,-0.093620018912632
0.100620933403276,-0.151329490048219
0.0163924443332787,0.0879321425799294
0.15365655233572,-0.0805955606937305
0.0735950061349936,-0.0661983353783312
0.0095631054630846,-0.0335478510078635
-0.0184076882222778,-0.0804073211116463
0.0183990801348495,0.0136785887203468
0.108790453735446,-0.147741585037433
0.150460588007332,-0.0464424883781934
-0.0639961158431487,-0.174859663759019
0.131062248117603,-0.0447406538638066
0.103191869668352,-0.0744133619353609
0.0957674837266591,-0.077028961540217
0.0454201607544632,-0.196648312272038
0.114634599347742,-0.0627887736766692
-0.0363583991821431,-0.152964785754231
0.0856781841285142,-0.159769921089072
0.0183347050985302,-0.149230540958634
0.110589889006433,-0.100490122840452
0.00761024686145276,-0.099659282117842
-0.00842480050222493,-0.171849598098585
0.048214506804201,-0.162541240735683
-0.00503239509981242,-0.0802722427454666
-0.0529310972691406,-0.0765094501651117
0.114773349129179,-0.173525777624931
-0.0369049419629678,-0.151138797035933
0.0301839963609956,-0.177723396360043
-0.0949088166179877,-0.0977878589465868
0.095440239757461,-0.145344156843666
-0.00379862832655571,-0.149983260475161
-0.00322966223816152,-0.206599094852288
0.0330733172273572,-0.197637260863095
-0.0331867379112531,-0.25924922050403
-0.00223509763000619,-0.139352572821236
0.0962594094429178,-0.129494974197302
-0.0430615722289151,-0.0411594107054155
0.0140117170721833,-0.232120019483785
-0.0499242039177806,-0.184139669529586
0.0443727240450202,-0.12633376752602
-0.038303274333671,-0.193057429731971
0.0229586097082984,-0.210499912912145
-0.0175438596491228,-0.0526315789473684
0.041599352719773,-0.194983818459322
0.000266907365416239,-0.259735394710722
0.126602268469136,-0.193168831589929
-0.0143335529375169,-0.237555042958637
0.0935591275604352,-0.195248765992778
0.0907464574743072,-0.195897499480424
0.0556940131083312,-0.222360679774998
0.0790017802385568,-0.157166018282211
-0.0196722867291165,-0.219227388827831
0.10228446463532,-0.178164238043654
-0.0204482192093288,-0.20309692409676
-0.0291113253988818,-0.0864553401635561
-0.00475510343616042,-0.165523846658054
0.0851457888431617,-0.21789161073452
0.047977994274006,-0.238739804798876
0.0233077671302256,-0.11233511357189
-0.0181228075987169,-0.145765627252158
0.0796955271782468,-0.175784496979444
0.0525720062781084,-0.230076698609323
-0.0295517807906712,-0.180186243769648
0.0617851130197758,-0.124932686053106
0.0237045947440083,-0.186094999460347
0.00205627700948546,-0.267315286159873
0.117833394026836,-0.0565146502528285
0.00731298408373559,-0.21369672342044
-0.00470084912055279,-0.101229439460847
0.0617669629833362,-0.239457415614554
0.0123351135718902,-0.200922004621765
0.0396868921541039,-0.136167798520768
0.188038937237049,-0.11230394202343
-0.0584273490762705,-0.23203142851897
0.0704482192093288,-0.152572006278108
-0.078224624203515,-0.000581897080867499
0.0907868932583326,-0.175854690674872
-0.0402368927062182,-0.113147573033331
0.058663106189553,-0.154594012004102
-0.0096366570830513,-0.173264948225841
0.0264297739604484,-0.147140452079103
-0.0617851130197758,-0.224932686053106
0.0166666666666667,-0.161497571376987
0.0105755667552221,-0.242808898984327
0.00635355882077053,-0.105144012556217
-0.0371148858759954,-0.199162457805097
0.0525720062781084,-0.147952911540544
-0.00290801483481034,-0.251329273300783
-0.0271446435963807,-0.111331083712875
-0.0279017791343281,-0.127351778582214
0.0559335457090867,-0.273902577885736
0.0750422312134313,-0.223832684948878
0.0276393202250021,-0.058663106189553
-0.0631475730333305,-0.170710678118655
-0.0265374831271109,-0.0457189242950792
0.0819672131147541,-0.0852961958093923
-0.0401182556639337,-0.113023396573769
-0.0787142385957684,-0.223020225487437
0.0779017791343281,-0.200922004621765
0.020235476600557,-0.176108277189598
-0.0608084784635948,-0.0123131777175891
0.00563501629762391,-0.154039327295471
-0.0600255662031077,-0.195533819011436
-0.0413496030992565,-0.107286386903335
0.198425538664179,-0.143999341748922
-0.115332235873888,-0.105429160049834
0.066695156555434,-0.066317692539365
-0.0257590910402234,-0.0748171790232728
0.0264497982830226,-0.108733349113588
0.0187385221864421,-0.0894176393262059
-0.0221803517520849,-0.115065328508472
-0.0391295042944578,-0.112596359122245
0.0707226617882903,-0.0884628159307779
0.139453798455738,-0.155443923009648
0.0057905218050826,-0.0462614750061967
0.070379772626463,-0.093884018229227
-0.0686886723926607,-0.205406471465543
-0.025879773408334,-0.0890273464416646
0.122470224935323,-0.203384465739549
0.0195070373177162,-0.183753857564829
0.0591999911165564,-0.156819095160599
0.0271245866279782,-0.135341296515013
0.0117851130197758,-0.129526698057209
0.000223431622551649,-0.151808229727935
-0.0775732561741325,-0.253721640082012
-0.0777251938580831,-0.119177882527443
-0.0209586209912407,-0.0791786036236715
0.00488155364689088,-0.162969576550867
-0.0657816470354136,-0.0556394965034905
0.0201857603000028,-0.0815737865166653
0.0031220068302228,-0.138849349959201
0.00159845538461011,-0.173527407135167
-0.0402368927062182,-0.180473785412436
-0.093358899536441,-0.187089803142533
-0.107391584974731,-0.100124680371694
0.053755472461929,-0.108715484108019
-0.0511551718426403,-0.0986699019956225
-0.0249519585431027,-0.171136590691708
0.0333333333333333,-0.201074918370766
-0.0978922804801565,-0.158070760432265
-0.0828570932587036,-0.0998220049582323
-0.00488155364689087,-0.15309692409676
-0.00965531316817269,-0.135120172971076
-0.0239876247907158,-0.166275675059107
0.0109431809580359,-0.17658363743332
-0.00799673182410899,-0.142156354324535
-0.065273497232416,-0.0939898480900171
0.00852108805529802,-0.138478911401639
0.0133226162325677,-0.164192582533763
0.00944816834882105,-0.0933686190645134
-0.0945391477076299,-0.134010334731823
-0.0711744391229488,-0.240817283321627
0.0266452324651355,-0.113672130061414
-0.193800892051257,-0.226046793147538
-0.0807362443217625,-0.0961933647238755
-0.164662397111595,-0.171937129433614
-0.124120226591666,-0.212047571929102
-0.0172523581919761,-0.163315549876978
-0.11937509369616,-0.0898597184430645
-0.0496324078696613,-0.0793367926239045
-0.155443923009648,0.0644846002467829
-0.101402500024283,-0.217697875581453
-0.0711864406779661,-0.0651295031715133
-0.0395773469937789,-0.105144012556217
-0.0612351124676614,-0.00378155254266211
-0.161886126110039,-0.031549612845306
-0.0198571673771832,-0.108715484108019
-0.135905339611442,0.0031220068302228
-0.102834465187434,-0.0597380245603193
-0.0315656088336084,-0.073765958692937
-0.0887720018572285,-0.0709635696251224
-0.074483761306197,-0.0318600648592487
0.0282738943383131,-0.0765591854720798
-0.0351582768977546,0.0347582979230217
-0.074203857898012,0.0446867183286683
-0.0195581111163166,-0.0177062816110345
-0.187927345337436,0.00800356047711368
-0.00714161314436371,0.00714161314436371
-0.0930536217227307,0.0262686825283905
-0.067562628582945,0.0279853570686319
-0.130113939298533,-0.0285821378131603
-0.106385455349524,0.0499396138401391
-0.100576270063496,0.0163898299470023
-0.0666779649787504,-0.0221803517520849
-0.152937873681413,-0.0140231009235741
-0.0496215285043191,0.077442343199528
0.0220197531767913,-0.0612549380086214
-0.122781385233787,-0.00322966223816152
0.0506184625624536,0.0704517111326238
-0.207439570157226,0.0588657510753982
-0.00127320659426704,-0.0423546239012824
-0.0683965511529851,0.0428756265214882
-0.0514266810591844,0.0418958809815975
-0.00976310729378175,-0.00690355937288492
-0.0806077008283554,0.0163898299470023
-0.00357873928813846,-0.0391295042944578
-0.100781595996397,0.0320737070800045
-0.00741074102061488,-0.0214217701028271
-0.122489714450165,0.00963616845863728
-0.180873518877909,0.0199602529472863
-0.127554424627807,-0.0125619708656253
-0.0663460891824005,0.0202502136313396
-0.168237381734451,-0.0577902873398452
-0.0994645116855153,-0.00823131154298427
-0.163564093896151,-0.0303195657966073
-0.145767069689917,0.0218767432737531
0.0146440049514596,-0.0410826957338402
-0.253385550310268,-0.110771761117504
-0.0904993516155442,0.0681386718405464
-0.159021484145336,-0.069893640614716
-0.322860128265872,-0.0552524268760439
-0.0832233004332114,-0.00317492220022658
-0.161352311379206,0.0263184136355939
-0.271409803394856,0.101566321819596
-0.212062859283829,-0.0396888268898284
-0.162477885853294,-0.0900383715756723
-0.172274522868496,0.046945764064588
-0.182861938677963,-0.0263184136355939
-0.319255881113195,0.0301640602891486
-0.149230540958634,0.0417451038993138
-0.107719907276852,-0.022970679923314
-0.256354711491408,0.0626450800035524
-0.153054736076424,0.107360226768271
-0.281356423867436,-0.00675366148836502
-0.175616811803659,0.068898063783549
-0.272564272941763,0.056537561098855
-0.120967252171512,0.031549612845306
-0.243687148127063,0.105658389182957
-0.220331082428183,0.136619054378425
-0.251036858070829,0.075084086388689
-0.19774709391849,0.0834152973298195
-0.160414475323164,0.160642293011163
-0.0933942029628395,-0.030793223583978
-0.0876718143306632,0.0629609117598369
-0.264003117573144,0.139334467248061
-0.0817625003430572,0.106824257088932
-0.160493806092638,-0.0107820548340218
-0.0713287565192966,0.08563793046333
-0.0864784057682682,0.126282556688493
-0.0625061927650563,-0.0190616001551739
-0.0853433279148289,0.0520507878033366
-0.0654479179300517,0.153101695476726
0.0442067784451435,0.137919774699527
-0.0286446983294559,0.146618838518156
-0.037110458361402,0.0782613288883516
-0.0323910285593165,0.13581335676608
-0.0459919661800033,0.172685302319992
0.0179830634394915,0.138989741376324
0.0684262065730327,0.133723985214479
-0.0756966028511167,0.128649452176645
-0.00188522873214436,0.168673368419504
0.142335038631749,0.23000511890678
0.1466271836772,0.043147924647618
-0.034699549262256,0.150535019588083
-0.0567067223323257,0.129505467375764
0.0473264560691587,0.198876212109271
0.0883168552312393,0.128172409355177
-0.0424134089731553,0.13096448360907
0.0201132087972401,0.145091590238099
-0.0653132336095808,0.234758132092039
0.0139628524362911,0.126541943811668
-0.022038100939814,0.0616572577879901
0.152511717643336,0.0300018416260933
-0.00188522873214436,0.0892857142857143
0.0150623113590216,0.124153220449931
0.0226823371721658,0.125514392573447
0.0598984835504052,0.0568884331073559
-0.0350877192982456,0.0423546239012824
0.0590432630646785,0.0559179019265503
0.143252426782293,0.0784963173189662
0.0878346089406929,0.0888507912674733
0.100703628321288,0.0105532275822187
0.146817961640641,0.0798907764747405
0.109520012054724,0.137340826749933
0.0855719926726512,0.0774327786281288
0.0800159410851003,0.0801097878870807
0.100172452975584,0.115469145596384
0.121810679222884,0.00690355937288492
0.139705774357954,0.148963633593217
0.174382685500992,0.0956684469052235
0.120012428776084,0.134990353095086
0.0751095942532271,0.0610429486811265
0.00963616845863729,0.0516736875879054
0.103191869668352,0.179687016477737
0.0598212179202823,0.136729902313713
0.186522066419497,0.0857442481793838
0.0463279926176628,0.136455340163556
0.117792329971285,0.128280236255247
0.199537307308814,0.100079607840763
0.115128814205356,0.181019069252129
0.157170704847171,0.0575928028276292
0.127445690006606,0.065137465916109
0.138202543699303,0.198319549531136
0.0579479839430763,0.0635498351649495
0.16877335141379,0.0832487435301067
0.212760962456761,0.17534599846976
0.150394039926657,0.0570455302305692
0.207502384527446,0.0730278093792036
0.178986440159418,0.058296784987004
0.310942027627437,0.0284808890683376
0.0651695787593246,0.0135446598364439
0.325572494981399,0.00852108805529802
0.157990759542247,-0.075667084623016
0.196193364723875,0.0233077671302256
0.119244193134164,-0.0004571264313966
0.169008841111535,-0.0890866853928542
0.158749957327832,-0.00812212508876344
0.250884162767109,-0.172956811536537
0.226922518550356,-0.0340937610761849
0.18148049000016,-0.134037431339579
0.142745929135135,-0.0321265680965214
0.219947679489493,-0.145873605415419
0.161828158868966,-0.0628875029124708
0.244171794724506,-0.0940895159405474
0.0165486313738086,-0.10817722669647
0.236125945753953,-0.056913203085472
0.160083026641142,-0.11982323221217
0.190499351615544,-0.0830457916905449
0.199620649367809,-0.054467561793372
0.148563298252519,-0.173314580925516
0.188342717995763,-0.136167798520768
0.303877960728659,-0.0478834405920286
0.247022891259201,-0.0442850679148207
0.274856421705018,-0.121607529140105
0.236247953876702,-0.104618255047012
0.371292273149515,-0.0395474737923783
0.169696831214089,-0.180019877095137
0.118913668720011,-0.0401136287229769
0.466306328911061,-0.0837338464661243
0.1890454241237,-0.0926873864751773
0.347004011024221,-0.111397133804581
0.30933913439101,-0.126851522776887
0.236512345641724,-0.074286909540914
0.289594502188757,-0.0752911918177318
0.20223206907626,-0.120112229411892
0.286504853564587,-0.131332439771483
0.240127097914966,-0.0632630474859251
0.313305266905354,-0.152102749607063
0.183309739156039,-0.106511291791205
0.322387972596072,-0.0988731651275929
0.285884955517578,-0.0983442297010278
0.26231958748858,-0.0896769634363311
0.238557014265161,-0.113778533942876
0.311585250357923,-0.163812181506345
0.280618521478381,-0.107410741020615
0.232818636207617,-0.187409241314075
0.261853081374303,-0.142086903745278
0.257385658287152,-0.107157840599154
0.330339157518649,-0.103384465739549
0.218004043946759,-0.136980257982208
0.245338086358051,-0.167580493605375
0.27277183740595,-0.0985264009167798
0.238242179801298,-0.0961916136891596
0.304464817100798,-0.162174684344903
0.200110435733637,-0.0827253874919367
0.193460849494098,-0.160258817662023
0.191988261839829,-0.07664941396539
0.318150639368839,-0.293297703040616
0.253944872905639,-0.210677306727672
0.315364350096869,-0.0657680885712679
0.268283574413232,-0.231449869131
0.276641002604568,-0.164226502061624
0.212867325741875,-0.213742343837271
0.404841218081481,-0.160290570580776
0.387076665925912,-0.226726992090238
0.310351876339956,-0.228926878031553
0.378005383345316,-0.212815144064902
0.365079226355921,-0.230219667474426
0.294603690516837,-0.23715659993209
0.287268982765123,-0.260630489633334
0.384197710252339,-0.272972664072724
0.372355708739277,-0.236793679850921
0.383674784746291,-0.178083602830733
0.39179226667343,-0.276044987345404
0.349790689868453,-0.275715196937199
0.457424101481311,-0.22350436178938
0.348153168493615,-0.219593339668222
0.366507783484507,-0.263108254360665
0.391016089913426,-0.149576079428708
0.415323321791129,-0.201689894144105
0.397316462843696,-0.119282537001821
0.381068789378992,-0.235526406126041
0.377981447509939,-0.17435760276753
0.336648146400319,-0.129155523270361
0.423462890966838,-0.219474298085923
0.38849950220639,-0.123487973700301
0.424084221482572,-0.146355118361004
0.484466800276983,-0.191504987543656
0.497910092636159,-0.220702500435598
0.413056426248999,-0.225446681496127
0.475720062781084,-0.165432037668651
0.461804890362864,-0.229424336922082
0.462572489747754,-0.278689155862306
0.465786305567379,-0.29470445449959
0.474774126038792,-0.154736963821617
0.457895781892162,-0.227972654270438
0.472761393677833,-0.263581041364276
0.43203132752441,-0.266881765786356
0.444343158384227,-0.233253159279814
0.435933127559854,-0.276460306601435
0.484046468327385,-0.241496621354739
0.442985720084884,-0.256446748614982
0.471017997104531,-0.230470670489954
0.393443911647595,-0.266370947340821
0.516208492020997,-0.35635560183065
0.499417401236437,-0.371106401034002
0.417859443699589,-0.29763162601159
0.535027256652125,-0.319087275819356
0.48270394839754,-0.393496165206134
0.491260400624026,-0.359440646382922
0.470167648161293,-0.331782875082124
0.555469206683227,-0.380358881683811
0.603639856313188,-0.412558182659626
0.599066351749368,-0.475310863557237
0.570674793366817,-0.386820514587692
0.590565990455624,-0.395201929349076
0.58290237479584,-0.357251865621181
0.570400677460702,-0.440860775750062
0.616332755463216,-0.356838368413471
0.660671724270239,-0.401357529792018
0.579480287874766,-0.371234463650723
0.578992023490906,-0.351459194827615
0.649965556912944,-0.386883708944577
0.670011569373319,-0.340593291942366
0.599731242984062,-0.398534153045866
0.603862165251921,-0.340960424676679
0.677127139306567,-0.354248419782993
0.66387582121867,-0.431781605102352
0.601545472788436,-0.350696726309987
0.682073636565876,-0.343921447465065
0.666721581402645,-0.396593159923834
0.614196008004958,-0.378970652450356
0.695921765952003,-0.398184129073954
0.648981661952293,-0.348869423699533
0.652504264574283,-0.368190789806075
0.655624196445714,-0.401823019757398
0.67390859939079,-0.339825247680843
0.617529892823002,-0.374662359205647
0.726020545243689,-0.282121699777492
0.680517157494253,-0.351604404011718
0.702437554171071,-0.349382423383307
0.618916925537364,-0.324887849215819
0.644450669929597,-0.377413863654989
0.622899820698875,-0.356045472483859
0.603704232693727,-0.429089393502614
0.555900843494455,-0.367791445043664
0.610305011284322,-0.455091837874793
0.680393021479434,-0.417139207883918
0.591111994967803,-0.418427697557118
0.571392634015154,-0.421517721675035
0.669988272715689,-0.50887198894841
0.584982210523333,-0.452852937168707
0.562379502444389,-0.440171573292559
0.685988601695186,-0.520892179665688
0.572242698224505,-0.480048120224227
0.644833075041938,-0.522996590115109
0.551062382278663,-0.495888545982278
0.585346368803675,-0.518917406568509
0.545342578931005,-0.487312481264887
0.602870222351587,-0.449234288224832
0.603966937763596,-0.488197249937668
0.622852101046295,-0.444998141385107
0.646369639515071,-0.568243931237414
0.502401671883655,-0.466858186571171
0.597399965385453,-0.487492265134164
0.613062216405357,-0.57765510550727
0.619026275500642,-0.577432499051586
0.617826098064928,-0.572233290188233
0.632827673988275,-0.537767433467598
0.560524412359292,-0.501400502638195
0.586478886622874,-0.549239475272715
0.613455439863903,-0.50033206920896
0.612192321377407,-0.500585202344272
0.557288262517639,-0.523035252791514
0.577475814374623,-0.485831380693046
0.547116760637362,-0.465720807453541
0.63893245760443,-0.42495162229221
0.615906624847709,-0.430713045902881
0.572002697687324,-0.284493435439277
0.665885288360548,-0.369181283981795
0.522855997172258,-0.336155981575018
0.608869196660027,-0.36106884222194
0.5432074647308,-0.244228544433295
0.671545837699345,-0.280191442815381
0.683943263263139,-0.192944907682922
0.546407818799604,-0.234310644891336
0.620769996942311,-0.162426966520657
0.600039286086343,-0.179119304764377
0.468220561745547,-0.106770453644284
0.57283460129996,-0.145585989512121
0.604253842701114,-0.0778446805854396
0.509555823093532,-0.0811555130513
0.580216748824657,-0.0561605991692586
0.471311234298182,-0.126118749716613
0.558198412719303,-0.0901712077206913
0.525391482952623,-0.010048600608231
0.62211356990308,0.00958860698212738
0.551592121604165,0.0279372401628558
0.508667539874665,-0.0339309876506291
0.503665364367533,0.0481380647945706
0.488216711115931,-0.0258430999196421
0.537046082428138,0.0421430830388297
0.577665488789682,-0.0153759931511544
0.33200758242321,0.0243757980702876
0.529640785318293,0.0101261003323502
0.42308070526677,-0.106642385225072
0.531983470171298,0.0019056939985934
0.400403839366935,-0.0541830621764355
0.519703794686687,0.0614494871280024
0.412105292897246,-0.0391656184000578
0.408096854917317,0.0853512615002113
0.585530773003559,-0.0127152299556367
0.45103935369405,0.0512439602891309
0.454723419391204,0.112590963086338
0.345264970042287,-0.0503842630906347
0.402103406185393,0.0465543305634043
0.51363524940667,0.0243661944020412
0.387502715698707,-0.0448252161650741
0.369407942930952,0.0993668573482199
0.417240568177146,0.0761613119938843
0.433521128938117,-0.0542059977279711
0.414980693268927,0.0904088765508666
0.534278406200139,0.11375819656111
0.426955509346361,0.0749986433078697
0.435988083647971,-0.0216657651296931
0.363835120180801,0.0226823371721658
0.480034478867105,0.0529360975552677
0.49407861225618,0.0463165358715351
0.367799849602327,0.0843891814336414
0.526781753136212,0.0526334221418062
0.325718680785904,-0.0322107743401757
0.431849010408253,-0.0358922000140221
0.337818212044124,0.00980230929413104
0.306204352069927,-0.0738637498877351
0.418651924553435,-0.0213541217912981
0.178214374624526,-0.126783281841133
0.3862262613219,0.0216210291567144
0.277218361983927,-0.0774327786281288
0.31058285233784,-0.0300526584311911
0.339224450348336,-0.093151884121803
0.319548296343149,-0.178164554199084
0.296783114131156,-0.0642178708813531
0.267315286159873,-0.121818989996837
0.334702496815878,-0.112646179547688
0.383446839921731,-0.277311727057896
0.2362994880454,-0.121259667401466
0.318558244587049,-0.190913504424458
0.373579665887235,-0.0769992582546119
0.288298028011144,-0.179722918267294
0.320523509004401,-0.224478467412345
0.225433272538064,-0.115065328508472
0.373317987823162,-0.145675260700514
0.285606875593022,-0.162903512499998
0.317454043394645,-0.13293624653022
0.306310739916386,-0.229628065534477
0.36142285594385,-0.1297135344278
0.212986481601273,-0.1568607404685
0.323113415281648,-0.111318743774007
0.295705501366338,-0.181370516957167
0.294805821976858,-0.154044011451988
0.197494719977832,-0.0837568836747173
0.152437378384321,-0.142258898432212
0.252869768613833,-0.0521430229462419
0.270051132406215,-0.139686892154104
0.309769921089072,-0.105863944428517
0.230998703231089,-0.0861677985207677
0.229999238483611,-0.145040986227397
0.240211809972756,-0.212572489747754
0.327005119432727,-0.10848447853216
0.327272026798143,-0.118120646990797
0.234360696969914,-0.164381276789689
0.32131215812268,-0.0921887444385206
0.255303740100509,-0.153707310808736
0.393610506059875,-0.153792844928796
0.207450523591065,-0.114591054699216
0.275769052866103,-0.211244670955527
0.323088330710473,-0.0750262460772252
0.259009858610296,-0.180099867770728
0.313425023421004,-0.170679255289113
0.373691626746167,-0.139808668227183
0.315798458867333,-0.0989414112121666
0.338667832060919,-0.0665650312988823
0.295124935263601,-0.169560502989349
0.338669553622596,-0.284508838745331
0.380272830265737,-0.072253578475585
0.387494872307586,-0.161871054569422
0.350137679497158,-0.154473322181613
0.320979837552877,-0.241219712789551
0.298131940827283,-0.16040134206368
0.366964318329645,-0.14206139588074
0.321932890372147,-0.0612308913364697
0.445205290134572,-0.201443568352439
0.353316564101702,-0.191700720197041
0.395803091716053,-0.202319768061719
0.475720062781084,-0.106878476639423
0.364384412118958,-0.057426726156821
0.418301806282483,-0.173027039282728
0.503784121075653,-0.0216824388108102
0.400559814259417,-0.140532004318741
0.390364323205409,-0.0479394427923083
0.45838429609179,-0.0489294945484083
0.343333816802979,0.0722077660259968
0.455668930374869,-0.0424118121812133
0.352673373755376,0.0298570586043816
0.431775432641556,-0.0861126782736567
0.404975405646173,0.0437933722534563
0.440295441279102,0.0162002974208983
0.364216482833472,0.0156458191079635
0.396718282542527,0.0273517785822137
0.313165309204253,0.073959135159608
0.384933169522752,0.0947213595499958
0.324095143858204,0.110288025112434
0.280278526458262,0.067680953977046
0.390804042082878,0.047145649979406
0.227504916035766,0.0251654526284142
0.259625571717171,0.0232727940897431
0.293985679436551,0.0736686688769247
0.305793667517976,0.185314954072916
0.342981417706762,0.0581834624073575
0.343219930514251,0.113188116714965
0.276786220077805,0.119909062316937
0.469832940483648,0.140705053212172
0.281454970481596,0.0175128885268889
0.529806909580739,0.106251483865443
0.453103897556815,0.0944072548990567
0.416085874521101,0.0391956874697299
0.424473513521854,0.067744336103036
0.390213158353261,0.0456860194113952
0.517401527454659,0.0851550902671794
0.432016690661024,0.0553389539769562
0.420787117666958,0.0499577792112049
0.457665675858271,0.104656523116762
0.478438760447817,0.150466304811025
0.486874909910788,0.0710223398343063
0.546434417776966,0.12283717553805
0.488909110548335,0.119511724622022
0.465070943709168,0.0988031564901451
0.456274222589129,0.140932267010388
0.46248225617713,0.0838922441732692
0.418748562568203,0.0898740680523479
0.459287371109887,0.0478444887059433
0.466542870117896,0.0960691377247361
0.530839135250109,0.0509519466739801
0.491378537332925,0.0639682101778278
0.473621899911393,0.124271746727257
0.434686066217825,0.0328736745092768
0.489746448009764,0.081245988133799
0.497153105197815,-0.0401948613788064
0.441024627935541,0.0339515931911383
0.381777747424448,-0.0374687280850297
0.429302205477055,0.122948031542812
0.369676795300976,0.0137732042646942
0.443639261416077,-0.0160492032264567
0.489691623633607,-0.0453615335272176
0.411353707599052,0.0308985549380815
0.461993905300791,0.0390908280565171
0.452207924949456,-0.00984190234065129
0.505756340581083,0.0607653554890939
0.356551044524404,0.0334030475511507
0.419350335503027,0.0596833956535533
0.450245082047267,-0.0380280506804003
0.382477926111999,-0.0470018109735639
0.450474583436282,-0.0711192369816911
0.447853587073155,0.0433270030076879
0.397306350804029,0.0935552943948974
0.500822680154376,-0.0203067775202507
0.473765257010242,0.0127928314353905
0.375599595245128,0.034857546984017
0.493425534056154,0.0327462825194636
0.394758184953692,0.111228671571657
0.542544250454789,0.00413324232616335
0.409891725672697,0.0251904713505919
0.361653672681849,0.0431037443826536
0.470638916874938,0.0606231025685126
0.451863627782543,-0.11923137000907
0.416033185770286,0.0522555782158442
0.362778644408537,0.0211791512800538
0.313122490299868,-0.0229596704121308
0.426377198861748,-0.0092829311865201
0.361328302261873,-0.0613533849953349
0.184762519602829,-0.0206093106413867
0.365214824480455,-0.018495499973951
0.224932686053106,-0.0295517807906712
0.232631799837026,-0.0824780549675086
0.250219640004942,-0.062605750164273
0.252834465187434,0.0368524269666695
0.268951131301987,-0.101209546264554
0.238002798960725,-0.0546858209935054
0.27441798892739,-0.0911063314298741
0.190263356244489,-0.0316655955060682
0.361760030286313,-0.0777922339740032
0.140499351615544,-0.07614223231766
0.332470708404968,-0.0031220068302228
0.152140278253668,-0.0820891458474521
0.176187241899671,-0.0383646839877668
0.182153633956344,-0.0359251964230771
0.191668059227224,0.00309792339758222
0.148792432705735,-0.0564501163458566
0.0420327083055896,-0.000839087286625463
0.106044346425927,-0.0800434985301479
0.0743987174630544,-0.00790941693143178
-0.0195439507584855,0.0196873060196215
0.0427406807304808,-0.144901071778108
-0.0707046250043019,-0.0730533172437416
0.131435001635419,-0.134082014548785
0.0945229626588057,-0.0528031260434619
0.0770388232069857,-0.106745769689205
0.0857533860579284,-0.167613103470343
0.15100872674039,-0.103806053590663
0.0195675944012357,-0.0992079676115748
0.062992168085829,-0.0514948281747116
0.0451579941786223,0.0589971881885709
0.0247215382854215,-0.00610650525530974
0.0941871879776984,0.055598562091191
0.0992228439649581,0.0334543505535813
0.0831943547828334,-0.0108076617137711
0.0372532137935006,0.0540900810976287
0.0105291976153015,0.0199859121267102
0.142863068038871,0.0927168449366431
0.0169291255759926,0.0169291255759926
0.0757764237594661,0.0776087655978632
-0.0524620090188864,-0.0302705868422662
0.0312062673998496,0.063385828941208
-0.100346895713299,-0.0359903335524097
-0.0581665009182772,0.0746009807837481
0.000910352648396788,0.027546385353514
0.000919657793794511,-0.0493956577207752
-0.142974555752811,0.0707522037888974
-0.0266442510768532,0.0699739381418017
-0.0626514190504682,0.0467084468294423
0.0407273011287993,0.02864866805976
-0.0308044622609293,0.0689022320022242
0.00730825945338918,-0.0231760331166024
-0.0139674216538546,-0.0168032237847752
0.0383947095268918,0.0655965847682654
-0.0585676091638195,0.117579504487803
0.0563666335412433,0.0781915581355736
-0.0568512716058838,0.171188914747336
0.0556787908918898,0.141657659080674
-0.0253310856469747,0.0679265034297211
-0.0228322589674481,0.227238526007302
-0.0364569964053603,0.0435852944191193
-0.0140528539139305,0.165353113917225
-0.0931841928808986,0.0172622315003762
0.0307469996458486,0.0675905747616953
-0.04984144864497,0.117195532471457
-0.096252481109564,0.0867776740553416
-0.0373222696448193,0.132936867298388
-0.115571387828042,0.0847184741340559
-0.0680990942811351,0.121643453056999
0.0116225301389601,0.0347542678372338
-0.17305178635316,0.0228427404985514
-0.071391224960532,0.11958471940468
-0.17304716658446,0.040735843741467
-0.198579264111682,-0.013220469396094
-0.275664260533222,0.0488637054808452
-0.13415057917911,-0.0194667592716885
-0.137687586380016,-0.00765923506068021
-0.191062853009691,0.0393863764042141
-0.25866290938134,-0.0497014350309791
-0.213871874646738,0.00160472172084066
-0.299604992478352,-0.0556177410742139
-0.315237952451067,-0.0225444238468568
-0.299157314235134,-0.0234359066653217
-0.360880705996862,-0.0525355224143552
-0.238797527546191,0.0196802940064844
-0.282959386691552,-0.0834153898391322
-0.29851149495005,-0.0398459997458323
-0.27941325628005,-0.169303989645196
-0.350474669331117,-0.0270714476750051
-0.323563219708232,-0.0323928399745398
-0.410809002771352,-0.136224136217576
-0.415937604199411,0.00530140786140466
-0.392607554750878,0.0271703912633588
-0.437617702945214,-0.0457748354787447
-0.375676951891677,-0.0474522617117468
-0.43172515916702,0.0224118854361544
-0.447965420033772,-0.0717249177268909
-0.474003673178354,-0.0354717072117467
-0.389501104918687,-0.0363609258925127
-0.332134337317444,-0.0881012774039004
-0.44731777731448,0.024440180377508
-0.483844657555832,-0.0766760964741372
-0.376853979909874,-0.0288147801101313
-0.52321859750038,-0.0177113288159331
-0.42611752369695,-0.0725202074315259
-0.454601630370936,0.0709970837887936
-0.542887880697889,-0.0801497182291158
-0.512870727166551,0.10440117251602
-0.512893566391756,-0.0907480183422654
-0.462197987325471,-0.0784283554592957
-0.359390048317205,0.116213393690275
-0.547336104264703,0.0751018360569117
-0.482453389185406,0.117690046069614
-0.485710803256086,0.0537663201947986
-0.44271163181565,0.0828570932587036
-0.574112796363489,0.143507676854403
-0.514115204475477,0.122950184595013
-0.399180442361577,0.0524620090188864
-0.408401468075106,0.0539466785552322
-0.396902146705605,0.0978016676201549
-0.463640097794628,0.0706314719788652
-0.352998629036721,0.0978760408549931
-0.383247695524565,0.0679944854588939
-0.490548341700563,0.0192386729447751
-0.450272015559478,0.0631289169482091
-0.387936901987588,0.0883430882256705
-0.372623138684324,-0.0100255662031077
-0.358935121749031,0.0722610633324457
-0.462059843304255,0.00787408739237652
-0.35663653693559,0.0260917021351144
-0.3922863547717,0.0804412497231197
-0.425843361157598,0.194977777735365
-0.380951629213179,0.0446046592287489
-0.347156540649144,0.104740312372984
-0.386517457352967,0.0126816546622124
-0.328231838964415,0.0583755446730319
-0.241869798765586,0.111358356741068
-0.234578233578326,0.0462719350686752
-0.251209853591794,0.198860756549001
-0.195387155756477,0.149443533462552
-0.188415740008791,0.140382627819162
-0.250147161783839,0.147315106382558
-0.131998057921574,0.0473006176761175
-0.240431595907265,0.0902636816453265
-0.229949548079154,0.149239077161776
-0.237394912040798,0.161690559337798
-0.125931544015808,0.238785090007335
-0.344582269425687,0.0543553552986951
-0.227722427494204,0.150040276202046
-0.241586322936267,0.181349425928769
-0.0878318102086243,0.10878776241606
-0.28916790104374,0.0609222219305363
-0.226232590426033,0.0552088822275174
-0.197590992415537,0.13237475349023
-0.148843516883149,0.279688931244908
-0.171427213323139,0.164677821646512
-0.0300526584311911,0.113120453356944
-0.0140946603885582,0.146877993169777
-0.0390683009221005,0.135212399669939
-0.0623351135718902,0.200262458909326
-0.000979745539890743,0.104402073746654
0.0226823371721658,0.158171009378238
-0.0564274518299273,0.146037295211862
-0.033439801260525,0.192876374979827
0.0738695938891546,0.181881286461216
-0.0578680264808999,0.108156161512648
0.0534630572319747,0.125931544015808
0.0257719294966055,0.240113558498929
0.0964011790680989,0.0544419208515432
0.153880026906179,0.258548369011055
0.0394151239855566,0.103786544023844
0.205530495727756,0.250038240328423
0.102321932208831,0.172790146543775
0.180184995010172,0.261043424019262
0.0920414352979733,0.143727635137258
0.16745103036619,0.056773122412277
0.171110266922981,0.178831622078061
0.199070755252969,0.224159121839864
0.119333388034901,0.173759584950159
0.172540977489822,0.316609080723376
0.24630103495279,0.291053129775885
0.196966266752892,0.19642945421384
0.152169965353157,0.211789676588998
0.170296115386769,0.114362569677682
0.321480496279519,0.161733604893552
0.108246805460457,0.125211717159986
0.217065345051437,0.192989697559473
0.227626459270045,0.103751192263723
0.226772679528944,0.095440239757461
0.304953192213038,0.115508961526599
0.239611319968122,0.213963630785856
0.350027802525935,0.165984557924796
0.301915609216022,0.203551464226093
0.281511902340761,0.0603443260150199
0.438072760421858,0.145236318080967
0.324079067813928,0.224082217563185
0.311409082298627,0.179394601247782
0.3253125795043,0.0960399161671422
0.379370912316776,0.177252734459085
0.438115739019162,0.0756623266032689
0.332823186793041,0.110080914824092
0.353406874697428,0.204182148848535
0.4441862640034,0.165373109259059
0.398975529003956,0.0878327120169984
0.312831893092448,0.130212871650354
0.34589527531005,0.130930119992114
0.280179640094537,0.130630709207958
0.434907485478507,0.189729794989104
0.353605854542808,0.117451533262124
0.256336056907078,0.0694078603277873
0.383996182040033,0.0815210824884038
0.333009006933971,0.0189988800361209
0.273548183026528,0.0227202435659209
0.268385887488332,0.0605855858374089
0.300926586187347,0.0952624753847834
0.269331224240268,0.104817315430122
0.359161491893919,-0.0909593227628646
0.306946687073445,0.124935444623853
0.314286232288906,0.0470452500948808
0.329764870511258,0.062676610827272
0.270234173954919,0.0889442719099992
0.321633714229441,0.0425752870272704
0.187866555185748,0.118506975016943
0.283784968295048,-0.0444160375521025
0.227767500025135,-0.151598363419874
0.211811199247733,0.15635454194416
0.254005786041012,-0.139928823881965
0.229079055799039,0.00739667075666241
0.0728774681475815,0.0562050549256309
0.192658113964283,0.00669001463619173
0.150006782491763,0.061800766508493
0.186481548918707,-0.0636582983254904
0.206073488823675,0.0714035726598273
0.184415942065718,0.116092658013088
0.109102025946184,-0.0286760351809355
0.234309291849279,0.131381934304633
0.137778061127119,0.069017542697303
0.219359557168036,-0.0665763303081561
0.171609838584439,0.037110458361402
0.213292906332528,0.0782590085889156
0.251119151197723,0.110325428543638
0.202415634729542,0.0686680603695292
0.343916867828324,0.0458253198709778
0.25664791425885,-0.019299059104636
0.27170221862481,0.010324084488649
0.206582524134204,0.0884747715377998
0.349669639452827,0.0455073554731655
0.0976003980192548,0.0831202148631083
0.307738343180371,0.0634275037722953
0.169851941031177,-0.0991569000803579
0.170340410805098,0.112401650179134
0.35676290880455,-0.00275117700690389
0.181090605817883,0.138311905513942
0.150394039926657,0.0880011697412472
0.270334702852641,0.14467006620225
0.147384953998178,-0.0531980759494712
0.0823356608183288,0.0514392173703737
0.215156206565829,0.0439814487510628
0.062542294201192,0.0487998833120168
0.152110813628823,0.182180992514994
0.128341290340811,0.0374774324282365
0.182215956388372,0.00770546059365458
0.094343189871905,0.115399438111452
0.154077435248941,0.226699852679654
0.0763897884302638,0.0686273711044359
0.0583986204769513,-0.0200890205335335
0.0521929808400406,0.165074116833516
-0.00626717792192915,0.0268935774579526
0.130323282890284,0.116288195170986
0.023840233071354,0.0467988427796524
-0.0096930545541081,0.0633248695925664
0.153290740600342,0.00798595706249925
0.115124023580529,0.0583778997215059
-0.0355252259471877,0.0114205381174004
0.0734464342359757,0.123919317410575
-0.0318009419995928,-0.0536401108535841
0.118480246001297,-0.0229533165682112
0.0675589772616325,0.0810258517438915
0.0383947095268918,-0.0472432209364381
0.0375561705505885,0.0802273116393166
-0.0474279937218916,-0.00543155419900526
0.0579031619553909,0.0647156160063846
0.179526698057209,0.105406471465543
-0.0543315530947765,0.000812459461440366
0.0254555148278695,0.0904883011700521
0.000550000552114382,0.0235702260395516
-0.0466155342604512,0.0867177990728821
0.0237352511786224,0.108920981819339
-0.0760291260925942,0.0894153171249294
-0.0394172673756756,0.0903438865199695
0.0426571525337511,0.0163514868736366
-0.0541988528676686,0.0689724701663721
-0.0978294266906842,0.155443923009648
-0.143874701516477,0.0428126039740878
-0.0189780280844436,0.211496846970279
-0.0661983353783312,0.0705312047911756
0.0144135063712658,0.140072114280428
0.0469141534747313,0.0523289035339069
-0.0606859719202272,0.115342315217573
-0.0132254233753863,0.110562129935903
-0.0453602783050018,0.160464334060458
-0.00726690460303675,0.106394650916596
0.0440543814583652,0.157936730629646
0.0749369073714422,0.0581757702564215
-0.12387468839689,0.131653390362673
0.111805664760898,0.0727867580307315
-0.00325274768575756,0.158928832401712
-0.110592965242888,0.130083531905659
-0.000565204389121381,0.0306326667624404
0.0340746681465397,0.00446690224206354
-0.0961405829625307,0.0470079429983596
-0.0136796575782584,-0.0559531995036276
0.0139599648274896,0.063634215369265
-0.0489635784707534,-0.0156604017416382
-0.0671010009782216,-0.00404276146902679
-0.064031900671909,0.117603329243338
-0.15727071636158,-0.0711637645671973
-0.0420144476067366,0.0709782420316072
-0.114702559152237,-0.0268856120839832
-0.16091195970125,0.0204903457133712
-0.0100641064065792,-0.104328379864663
-0.127259969592811,-0.0471573571295087
0.0270063295399625,-0.0525262853789845
-0.154602114532515,-0.0680345450286965
-0.0659555746824943,-0.0683833945789503
-0.12583695450395,-0.0676055763388375
-0.107716018834325,-0.0290017802385568
0.0077588377387097,-0.220177582616946
-0.122241318417679,-0.0458622641488381
-0.107807827823728,-0.0124962050039481
-0.0954237241668195,-0.102148455936725
-0.103297692184252,0.0922294361804101
-0.137776300265007,0.036301802994113
-0.0678121570685059,0.0587952709038458
0.0238761071103742,0.0655030051041642
0.0485423100362054,0.0880237704821941
-0.114353965047316,0.0787566724788078
-0.00440496924892525,0.107304423687323
-0.0146004603029331,0.161352311379206
-0.0800038147969075,0.126858354374863
0.108438799569165,0.0942078700043955
-0.0868111992477331,0.120640256229874
-0.050473452375375,0.245822325501502
-0.0609223294012846,0.198566340480095
0.0222364280319882,0.137975023155193
0.0445980315600117,0.298882686577357
0.00702056885378127,0.190416322262577
-0.0190374105312745,0.100561968080407
0.00208524951569677,0.18203917335885
-0.0575832541099144,0.239570566532383
0.0746126003655994,0.233912481258085
0.19564611726401,0.320734798743322
0.00155836406821073,0.251628617814084
-0.0200690307535292,0.174375265414416
0.0375457745498257,0.160982641016503
-0.000694258644672959,0.23774177965776
0.137295754219002,0.297355382584604
0.101777058577526,0.25893976854505
0.0860374106882044,0.220489098184592
0.0989934141084501,0.259052399075348
0.197731814349833,0.278328565700055
0.00485137280703525,0.217683899496319
0.211223300122655,0.219354456404472
0.152165814131962,0.395806783486316
0.179797029516714,0.153799366068824
0.0870128840228905,0.359152570620079
0.130081185015048,0.330948108116305
0.233777253514513,0.235748481737884
0.157481156861114,0.337546482562224
0.138311905513942,0.279256602209424
0.115601901350602,0.301827352424195
0.168027963479114,0.265426355392692
0.157535653071021,0.27765634215504
0.207439570157226,0.227639102489188
0.217539336323207,0.162743722790909
0.132487414383083,0.246136819533439
0.180503755411573,0.232249056276275
0.187541303203846,0.178422244056949
0.240197082749711,0.333852937408543
0.170652519959363,0.30134218467926
0.184953362876061,0.233575761371528
0.21933360951273,0.290688313687333
0.203587670713511,0.307505776467097
0.202993897274448,0.235067979921596
0.156790664528407,0.145436040045952
0.222905295038225,0.268269969382556
0.277043080648317,0.311710833341055
0.148687141661474,0.206301637980438
0.25080585249497,0.216207850450685
0.15880218262486,0.211077668769981
0.127317096571965,0.282741976423593
0.140294273760676,0.187240037825264
0.169732924924607,0.212329766649246
0.198692446029595,0.268812240573988
0.199647269425023,0.198648901381069
0.100576270063496,0.188204539745633
0.206831660074117,0.295019252351625
0.162737863935364,0.225837089625976
0.0763692206115001,0.236902106077486
0.151854456851344,0.337528445778236
0.197306893473438,0.208887937083603
0.100875959073781,0.259169321933176
0.108340276594771,0.221630290895403
0.0640797883566268,0.186800358981382
0.113950241593683,0.274520283136053
-0.0028912033808988,0.317729606381362
0.0860703682750269,0.179787826282815
0.0196031559366398,0.246767365827612
0.0810981432874268,0.316076264293289
0.0396304667842125,0.209408176626831
-0.0569819865715334,0.232327029598584
-0.0454837555711933,0.283266904493331
-0.0219899217219306,0.185905242663709
-0.0882986266130973,0.261824404238028
-0.0955364781508006,0.294225459538722
0.0213216846434136,0.319428692625248
-0.0776819975459945,0.298128122062387
-0.0790017802385568,0.225017148479969
0.0419352768976094,0.293047088622288
0.00295815302161741,0.16342601145895
0.0148521923771216,0.280588547521352
-0.0167495721821463,0.16309195529179
-0.164297812871987,0.292180440618058
0.0594891055292932,0.180229326069879
-0.0442067784451435,0.274539939927459
-0.0426571525337511,0.266913898822192
-0.0958414233343775,0.130929142632623
-0.0271087612606353,0.320225959338854
-0.0181923487048954,0.223562890812174
-0.123662238029586,0.204088228794835
0.00198686715385451,0.275109537223842
-0.0619480664029357,0.182541793222265
-0.0959558028869932,0.191464680641533
-0.0620475719291018,0.237902262603973
0.0200537258967469,0.325974188548447
0.0339137925322955,0.274584866553776
0.0085953499560249,0.293515656146126
-0.0072805003828599,0.272913802133712
0.0114762111502587,0.284449644289143
0.0423127427825389,0.301014541088634
-0.0229106803271123,0.297005824185316
-0.000406643453265498,0.246987168100194
-0.0301299660510689,0.248424089311596
-0.0108555212614836,0.196274448230307
-0.0620060883644089,0.248309856608015
-0.0546769190097334,0.267367140533869
-0.0185979251110406,0.278198860447116
-0.212521637384488,0.29588474970578
0.0141608956284641,0.219057818899349
0.129126818491541,0.246298382864994
-0.0508928919041484,0.248073866866516
-0.0144055771794242,0.270586400503078
-0.0310435535257353,0.19556340819214
0.0110652656633212,0.275885229365125
0.0916421716241574,0.166540216455936
0.0359870192421158,0.235083359632586
-0.00674534520051054,0.182259071434066
0.0862429464294406,0.247936500671443
0.0704951538303159,0.268232290596708
0.0364238825768004,0.208439136591522
0.012216584537918,0.263945457382315
0.00576484276825351,0.079260931106484
-0.0628840117891769,0.319376974433345
-0.0208552986664564,0.174955736334726
0.0587289271081211,0.0849941844921603
-0.0571911085208174,0.207098279237884
-0.0720285331705154,0.173892261658099
0.222237579025124,0.0551451782212105
0.074286909540914,0.200297957012862
0.069525072022267,0.0331190391633706
0.100172452975584,0.194958201233998
-0.081753634596905,-0.000506059319570648
0.0704122097743475,0.118910975162026
0.0203043952394809,0.0662605256732833
-0.0486154083300455,0.0322070709548024
0.0303195657966073,0.00702056885378127
0.0416243717650534,0.0719236702629967
0.030153492062728,-0.0632707045548614
0.0136963835102474,0.117899740026018
0.0185321856198289,0.087095277765089
0.000600000602306599,-0.0307519863023089
-0.0137139070273811,0.14245774740373
-0.0221803517520849,0.0695604719490227
-0.0604483977250839,0.00683871027447964
-0.0328197231995494,0.0775037705793024
-0.0749295163871958,-0.0945858547639841
0.0161034471335565,0.0148521923771216
-0.094110162502056,-0.092693035497081
-0.0286128711185004,0.0461756285529535
-0.033097337962278,-0.0273945974865981
-0.0795348757402657,0.0143393831269622
-0.115683465549076,-0.0348423887689683
-0.0756615142082006,-0.0206270468123087
-0.15800531151183,-0.123622601594088
-0.00462250163521024,-0.0642648366092702
-0.0494499994478856,0.0178762129312204
-0.0990538077848432,0.0073129840837356
0.055580743895556,-0.107564401769393
0.0398479835861618,-0.0746879633147023
-0.0300848762923801,-0.109780843464704
0,0
-0.0122514822655441,-0.108459195853111
-0.0447956012839223,-0.00693545590163803
0.0525758993451033,-0.182870928394703
0.0116225301389601,-0.103719785078613
0.0736603036718089,-0.0521638940093978
-0.0344576276801163,-0.236840214855807
0.0251997684448528,-0.118618559932072
0.0918015599263177,-0.0982628061847284
0.0329870263378443,-0.106184933289277
0.00863712698579712,-0.15735808850154
0.0558733309039294,-0.166739016096377
-0.126793000468406,-0.0805535001777294
0.0294754708302512,-0.156815957482853
-0.00429534810423807,-0.177285060962497
-0.132530258997689,-0.134199351494971
-0.008733887022692,-0.185612583205104
-0.0702033275554793,-0.111918377025797
-0.0780546928833291,-0.10228446463532
-0.0362767783016465,-0.215829724834427
-0.0942234913318503,-0.265029771896012
-0.140499351615544,-0.091599352719773
-0.0560786568368307,-0.215082275976597
-0.121619939840852,-0.29843416984445
-0.044873158863189,-0.132533062412569
-0.220366738462109,-0.180485957860715
-0.104742087358267,-0.265397699586154
-0.0810049387148425,-0.221934763857419
-0.080746234017237,-0.169885335935273
-0.140181450506629,-0.239501698823435
-0.113683240593988,-0.21243770386553
-0.161054371074185,-0.180141384770485
-0.206626033895941,-0.249825816716776
-0.224320793819943,-0.068153714124148
-0.165440196347567,-0.220843451051607
-0.142954969910443,-0.188788749453549
-0.22358570883019,-0.14350489344932
-0.15201548743387,-0.0772017730522703
-0.226218362086582,-0.1012264202776
-0.280475224941705,-0.199728990924468
-0.108578574385523,-0.198692446029595
-0.287247997467,-0.140209163620575
-0.0594804974418648,-0.0353639918343782
-0.239593934201621,-0.251002382269566
-0.156042582298244,-0.131205415168756
-0.275766449163069,-0.0821210000983949
-0.18027439860081,-0.185110200710391
-0.134794413561399,-0.201959801714841
-0.073165421472296,-0.124287714039606
-0.19310302013912,-0.18437685962027
-0.119470297757397,-0.110101036664176
-0.110856783027792,-0.139805504536813
-0.250726109733434,-0.176267414099626
-0.0878963068337286,-0.168570869358564
-0.189278147052629,-0.139051267721387
-0.0421758330600433,-0.127969784241305
-0.12243862793723,-0.127728876404473
-0.109655197280551,-0.151960623321799
-0.0613326519857259,-0.177567023571222
-0.161117495442486,-0.124969019917278
-0.122131170596704,-0.279345124856954
-0.136485606264206,-0.0995457324220997
-0.12924070971011,-0.191746902475166
-0.0687326620737421,-0.113063937916437
-0.212654742869467,-0.307640945718118
-0.101595058608185,-0.150331571485422
-0.125,-0.232705269091413
-0.187533815292305,-0.122645219957624
-0.0657403331600061,-0.195406121971411
-0.107453559924999,-0.118951131301987
-0.075879773408334,-0.195380905262435
-0.209787014645338,-0.31609158338109
-0.152559947998195,-0.172588497462996
-0.140025566203108,-0.248790937205092
-0.205153692288006,-0.225010859665189
-0.220046567820893,-0.234647028123826
-0.148963633593217,-0.215641598571968
-0.101566321819596,-0.272080527848184
-0.159522520224875,-0.0986515542325998
-0.105540005923442,-0.289165549714354
-0.0957376966293111,-0.17534599846976
-0.0657358550032178,-0.112681619067806
-0.172382236173574,-0.186379538930481
-0.0706907632695846,-0.134123946484075
-0.00332463705478526,-0.253142539137507
-0.126282556688493,-0.183328086919062
-0.0459919661800033,-0.273175425160444
-0.0542892871927615,-0.178275956057041
-0.125664636650391,-0.197573800838854
-0.0558117494714144,-0.284264438702246
-0.0856833945306088,-0.198959353395011
-0.0198319765603723,-0.165726046404052
-0.0545645108460322,-0.197555764054865
0.0458831657828228,-0.151690635056031
-0.128683466440982,-0.319805442763635
-0.0488967954722417,-0.133405822069834
-0.110828401813922,-0.177500196972368
-0.0690266572181902,-0.17416340203807
-0.0507170163170707,-0.148258014446955
-0.0811570134687336,-0.246972211860906
0.0302733508426374,-0.246131736555968
0.0263184136355939,-0.357696065169362
-0.037367423228197,-0.208114970398616
-0.0730347214974149,-0.225775758008124
0.0235347130701291,-0.185932387374235
-0.0199186118079116,-0.23989116430465
-0.0305739593136971,-0.20437940697079
-0.0748043334048212,-0.309276614608129
0.0703566863202499,-0.206443407047033
-0.140145100777083,-0.32382817583823
0.0728986533466678,-0.23872737591046
-0.00852062456323921,-0.185648994351291
-0.181709977320365,-0.154930380120383
-0.0511405462859587,-0.29128221634324
-0.0108604413808865,-0.144983811079447
-0.0430365606021083,-0.276828386258936
0.0122244926364092,-0.190671438739613
-0.0112351124676614,-0.219763590763427
0.00307082639038309,-0.219622312521406
0.0952817857246429,-0.174660411725071
0.0146627408360642,-0.183656851547097
0.0538995957447982,-0.156402488267434
-0.00694883685732086,-0.228925095616559
0,-0.193259907901637
0.0367606179772665,-0.137538436217379
0.0448870304122698,-0.209593768659835
0.0476362835766736,-0.257995968856293
0.113517826068266,-0.180788619876299
0.0853553390593274,-0.26461957820721
-0.0356678874125361,-0.275610305926352
0.084608776571024,-0.255716169425171
-0.030002994183037,-0.16207311371546
-0.0232720848700085,-0.26879420379
0.00269845648883888,-0.247097633174719
-0.0157277569944959,-0.300482098914268
0.0557183843974453,-0.232023112231116
0.0464424883781934,-0.29942422160055
0.0138071187457698,-0.244280904158206
-0.0594578294800714,-0.314873859433479
0.0198752041611717,-0.316613369435521
0.0772689568328156,-0.205961885464804
0.067340373144224,-0.233510346149097
0.0731813169194952,-0.305210738812157
0.0908221966847311,-0.298247266978623
0.147285665807106,-0.230801381470272
0.0487301135768849,-0.151068485496873
-0.0682991010675333,-0.286588604169577
0.129771246733435,-0.155160958935189
0.12213352429207,-0.170345487844295
0.0878827753983355,-0.220601962241133
0.144171358997881,-0.210288025112434
0.125709583638337,-0.166805092592538
0.00514401255621684,-0.182098704335317
0.15241091484605,-0.153188733086163
0.0648595260436024,-0.231360704065642
0.151663346478223,-0.126996925930749
-0.0712238936117779,-0.124557310660287
0.130929142632623,-0.145462951838697
0.196179931994842,-0.143800291592937
0.158741860344426,-0.120682983319853
-0.0432675661779668,-0.130895835860104
0.105942325702811,-0.114975831184405
0.091414999245908,-0.234989332097241
0.076827746910772,-0.111095548375007
0.175914964558154,-0.234780715633552
0.0467093957436096,-0.274491360521113
0.110804198265389,-0.190881549004585
0.135488672206072,-0.154305738449462
0.106949447316775,-0.315640272230436
0.046945764064588,-0.175914964558154
0.102805652523953,-0.184531252760797
0.0865614023464259,-0.267273035324422
0.0378499563784233,-0.174573344948845
0.124935444623853,-0.139469253829927
0.0700423331115118,-0.135810017273136
0.00405166343856655,-0.0988488197487989
0.119180477643923,-0.219489075978673
0,-0.0862219129418963
0.0714285714285714,-0.136729540169507
0.0444599964322685,-0.124219096260688
-0.0134564875329711,-0.134424141077953
0.112496734723879,-0.0755330977579365
-0.0520526309977743,-0.195387155756477
0.11453952789952,-0.104079055799039
0.0480720493739195,-0.0280970872313415
0.097417305342106,-0.144634134230299
0.0402261968212886,-0.107391584974731
0.0723038656764849,-0.142479304272976
0.120491225745483,0.0442067784451435
-0.0634426143660722,-0.155765255638323
0.157650484370468,-0.00739667075666241
-0.0184464291629797,-0.134281899488807
0.0606581428879078,-0.171512080454619
-0.00881454053899864,-0.0038101387661059
0.0114535205988763,-0.169588065533612
0.051425947722658,-0.00621165066363407
0.0219934664362259,-0.0702077665067828
-0.017810345398739,-0.0570455302305692
0.0724666886960849,-0.0660073642197619
0.0668737871800062,0.118597925111041
0.0464424883781934,-0.0722015794184168
0.037143454770457,-0.155443923009648
0.0890221385261485,-0.0964817528285137
-0.00212842707999373,-0.0124053821260798
0.0919981905576022,-0.161995196374565
0.0353553390593274,-0.0755922317655456
0.0638675049056307,-0.0966223480557419
0.00746711500095994,-0.120370340807412
0.130491964466545,-0.0234032469148178
-0.00238918693322323,-0.0962807150623993
0.0238140263663143,-0.126011047471948
0.0803407934629391,-0.0756434089840596
0.0303195657966073,-0.136127035069816
0.0949412537658722,-0.0774327786281288
0.0166822451769566,-0.0862427171259793
0.0643571192978842,-0.0799237848603221
0.00167796778611168,-0.233683888440544
0.0248573610110368,-0.126523303759063
0.0453238431874523,-0.221276614869592
0.0566121605712233,-0.0589015494922707
0.0423546239012824,-0.257137793850744
0.0767116201113524,-0.123083290079992
0.0371101408285582,-0.211485349732773
0.134909724256478,-0.174859648541634
-0.00398058162385485,-0.187265030667714
0.0960092058458552,-0.296876128947112
-0.00589035838792886,-0.119438400415979
0.136066518219601,-0.249799554319699
0.0243829924547085,-0.231279544178846
-0.0166724132219506,-0.27765634215504
0.137927345337436,-0.105144012556217
0.0456684469052235,-0.166379125023878
-0.0304737854124365,-0.19076181052487
0.0880884367694938,-0.191953620618502
0.0373596086143994,-0.210558661704817
0.125105314055021,-0.146167020616365
-0.0365139046896018,-0.261524764354791
-0.0523444120412336,-0.150460588007332
-0.0440937961387536,-0.216467828532755
0.02068339733797,-0.216467828532755
-0.038303274333671,-0.201308045634451
0.123350351322181,-0.0864784057682682
0.079731650442126,-0.227858138274789
0.0245290439915247,-0.11103866848292
-0.0974279937218916,-0.125592231765546
0.128714238595768,-0.164357119297884
-0.00231625509155526,-0.157152839841602
-0.0395326417036802,-0.173910609421121
0.0244255044053764,-0.128840688806499
0.0753297728562197,-0.116116666114552
0.00782876203057962,-0.136255628504457
-0.022205859616623,-0.137357082118514
0.0731731392364383,-0.123173139236438
0.0146440049514596,-0.15681874869564
-0.0727609020137873,-0.0797814708675686
0.0854035064472377,-0.179695450651216
-0.0169491525423729,-0.139705774357954
0.0545997392067042,-0.185313716487506
0.119581699615355,-0.118351652566656
-0.087920684912091,-0.236995720363266
-0.0748171790232728,-0.207502384527446
0.10222872998507,-0.196343753790155
0.0800483782329848,-0.0478280409343508
-0.0597631072937818,-0.197140452079103
-0.00976310729378175,-0.082673787620894
-0.0273411454763259,-0.23842115732321
-0.0198418566575986,-0.152132238838537
0.102253107451688,-0.221355815907825
0.0543848340808018,-0.0347542678372338
0.0308044622609293,-0.234063873447366
0.0502004764539132,-0.180853346550404
0.132348706097303,-0.144239221075933
0.0417756759516883,-0.324766819258701
0.0828570932587036,-0.113661555519633
-0.00798595706249925,-0.248677183216411
0.189005026314628,-0.164457868821293
0.0516861998392842,-0.147779298575824
0.0630171642198793,-0.241561718434027
0.105539430430869,-0.0861434162378855
0.0770383802274498,-0.321111729293737
0.063949404311093,-0.106276162951456
0.124077753805725,-0.197759958469474
0.0861163248124608,-0.159579287161963
0.0853368998984266,-0.177155107362471
0.149248579727537,-0.346489830767527
0.00681165126594067,-0.0889895852909076
0.0243934688454522,-0.225112973259022
0.0878171738964875,-0.042423303390751
0.0863486335072608,-0.214900615611076
0.0334822833337649,-0.164778771504595
0.199121113818746,-0.241127479841282
0.0680299275384494,-0.15638230483772
0.074511375812663,-0.207741423255161
0.0898750005915511,-0.219797156310232
0.0739083010982572,-0.163021717127642
0.0721520905379034,-0.17765505652527
-0.0456724919960765,-0.230087062406624
0.135853226828161,-0.237262516338549
0.0590828705959466,-0.244461683618201
0.0173683129932632,-0.240542708151525
0.209423597973935,-0.244171502097148
0.0529037346366041,-0.309912127884512
0.0740154003243699,-0.201846668641147
0.0632278191252531,-0.291378372629997
0.112449728903616,-0.245134934407788
0.0607760413157102,-0.196903076385526
0.0472432209364381,-0.165543689175629
0.0898477253256078,-0.236771248476954
0.0687326620737421,-0.201477494806724
0.026369859608563,-0.205601001549374
0.0288639094493049,-0.33499932925746
0.10985626276161,-0.1739262788623
0.0423546239012824,-0.249176630603034
0.0527375844970495,-0.241831078175642
0.0577783032908429,-0.254271268263129
0.113819551244594,-0.239830598716543
0.0933485096960879,-0.248381653254239
0.038544309263879,-0.147027336608919
0.0196722867291165,-0.409894053169806
0.113669035619405,-0.157814320530112
0.123085890859386,-0.344155870669479
0.0509166590351511,-0.196561797127542
0.086880725547637,-0.32485526767315
0.0660072405254223,-0.357696065169362
0.108982391473435,-0.341573142587775
0.0540548169752298,-0.27618663431182
0.16225224353596,-0.352834406399188
0.0582635272809573,-0.262444359389547
0.0718425757516366,-0.352869768613833
0.0953367545659296,-0.380125287502874
0.13351143546496,-0.347363664392858
0.133014346594157,-0.335260976419616
0.11709223889636,-0.30320968658704
0.0786618630412319,-0.275852939640156
0.108763644384017,-0.290472517847366
0.120051132406215,-0.193071357893653
0.186974492696934,-0.22087279778168
0.175617507686304,-0.267171744192869
0.018448338648451,-0.307527373218309
0.0479351753696215,-0.191438261287715
0.0648724786286711,-0.29569235425678
0.154044011451988,-0.2769546917791
0.164222491404097,-0.27288559759365
0.0277922339740032,-0.289399350511315
0.156561561826358,-0.246236388021846
0.130184492734932,-0.278924321950558
0.156851159401599,-0.270996976613122
0.118351652566656,-0.255038010231842
0.140824419548695,-0.34776748148077
0.122197299220211,-0.314428498991395
0.207563794181541,-0.156128041452841
0.162592084766748,-0.345030325165109
0.136653832071018,-0.224111983379177
0.206539244844163,-0.313465359308112
0.100737203614712,-0.34334477446743
0.213360763541959,-0.250348942040817
0.0939230269084774,-0.342976482716111
0.227686907614031,-0.27215259945332
0.17661341588449,-0.380559788139787
0.120713596569426,-0.320597562536052
0.140582306472195,-0.349083059043595
0.19058913377463,-0.302742982806618
0.252663318463818,-0.312691128404494
0.239742099014648,-0.326931682498635
0.166249560590238,-0.365249549239472
0.260388761680823,-0.381880596696943
0.168068022201828,-0.253214642161071
0.157201321708609,-0.389406164306606
0.299704942879226,-0.382781968893453
0.157687653025009,-0.463910804209553
0.192341600872831,-0.386186319514221
0.139706256085965,-0.407217992889911
0.164223710848837,-0.405396186097957
0.100370169707149,-0.449926667288729
0.155794381123101,-0.449522358536771
0.19357701141089,-0.502013027315611
0.125478602169484,-0.473095599130865
0.125887999367281,-0.447834808375313
0.164630319149536,-0.470369156789867
0.0389656824991446,-0.615194728499575
0.0974254687232996,-0.518929331831642
0.0766653991015961,-0.416296872684628
0.171247070915406,-0.55882365643279
-0.00646778414845089,-0.534001736095558
0.140385374100111,-0.424175538993101
0.109776184286337,-0.539923181183555
0.0994475278716302,-0.480667731545117
0.0124091510253353,-0.513230317092869
0.0717465696485522,-0.488888752613807
0.0498394204611012,-0.492395458584962
0.12625986103532,-0.397218838052064
0.0375457745498257,-0.553063336250732
0.0725081447772677,-0.535884425381623
0.079685314580812,-0.480918472727925
-0.00133135190553136,-0.500475078496858
0.0769188335975005,-0.354893907578291
-0.0629844675392562,-0.459289546022223
0.11496019664498,-0.44306050758715
0.00746551781253212,-0.379274649583565
0.0814285226852777,-0.455707900831819
-0.0456384723551767,-0.394041361224212
-0.0553647412782349,-0.476287005942099
0.0693125368735604,-0.379265231520834
-0.0618502063519593,-0.426887946522284
-0.0340526797707917,-0.387682191899527
0.044998541576693,-0.52115544177396
0.0188040791294945,-0.427686230500102
-0.121299889351596,-0.396586342070733
-0.0343519480578651,-0.457376319019716
-0.0183157166704031,-0.446396140317994
-0.0850478984379527,-0.411364448334238
-0.0136539531953596,-0.450760859994112
-0.0138886743809747,-0.435043677352579
-0.0652840961347386,-0.428754050533474
-0.121485835059023,-0.438192367973846
-0.0125185235849569,-0.331789439398923
-0.0575029851545402,-0.490901182073384
-0.106511291791205,-0.331365271547768
0.00513847752304303,-0.326252556204567
-0.115053930289793,-0.25244585391585
-0.0650791444543008,-0.325589834076584
-0.0571275441420164,-0.377180866596578
-0.101873116437466,-0.355004979708503
-0.081716992149416,-0.330706777286305
-0.0710028027261436,-0.270655999345081
-0.145344156843666,-0.314168187655752
-0.0525646132359728,-0.328969700634578
-0.10977339307355,-0.344394068125533
-0.107302642974053,-0.35160480997761
-0.121985265934306,-0.331419807308926
-0.199253549338236,-0.341893313228992
0.0335961693586575,-0.271633166111746
-0.113442750983789,-0.223453926313113
0.0293746177036625,-0.390127422373528
-0.114658489577767,-0.318355135141391
-0.107362138731868,-0.184809719720227
-0.0915171108425512,-0.267981632185896
-0.00710670297910933,-0.291769136647086
-0.151498629079771,-0.281998549606613
-0.0641871433749329,-0.207598612771804
-0.0768364775227144,-0.298191451501501
-0.0819974887736719,-0.313137762717566
-0.0579966199155411,-0.335764583998705
-0.0411571462932677,-0.34800528709508
-0.0513732604794225,-0.349882863218854
-0.0112004712463339,-0.282038149260011
0.0375384362173794,-0.360245206208049
-0.047816902841948,-0.41512675985494
0.0678420454091039,-0.369263053995542
0.0275447665430248,-0.239966918318906
0.0382985182865702,-0.446276996030221
0.0351924965925535,-0.39171845453025
0.0100316692586947,-0.3644061820092
0.10920829635173,-0.357717394816604
0.0180447397401974,-0.302319823136235
0.0447886414521118,-0.363504451980014
0.0960605723854991,-0.39265836329568
0.0477928125736787,-0.401591370153105
0.136255628504457,-0.406443701138468
0.0665058268955828,-0.505187056909369
0.106824499727648,-0.36872148334203
0.108019251790152,-0.424734861588472
0.140270245523401,-0.462810573196642
0.101852736610879,-0.464136853595328
0.110708830761243,-0.456761416001112
0.125227041491185,-0.445172035634721
0.0911758023783891,-0.491183354363831
0.110223805430354,-0.400710576969624
0.134300656351804,-0.497101106140646
0.0220750645885241,-0.39671592348854
0.0785753554319546,-0.474113437055161
0.0456409468804643,-0.428505663656255
0.0651485096891819,-0.442758369735287
-0.00645068439284201,-0.457483699071158
0.0312347505205877,-0.414818308548324
-0.00929673804801341,-0.386251429827114
0.0428490073849929,-0.327563136229614
-0.00805416525840778,-0.392798064230963
-0.0435125198004705,-0.330875827962549
-0.0157277569944959,-0.312554753576832
0.0116225301389601,-0.450910610563427
-0.0241114832381644,-0.340320721556994
0.0540657473826892,-0.327474194288289
-0.0710589051539845,-0.303991768793066
-0.0130198499558472,-0.359702327770452
0.0103922657411649,-0.318194173300337
-0.0578036317638358,-0.343923722417024
0.00143720046386177,-0.395057194117787
0.0265371909573171,-0.257104974435942
-0.0858913454254175,-0.366784271177351
-0.0661381747825865,-0.313765867876383
-0.032811696101708,-0.365630704461137
0.00540283401315947,-0.426921528416007
-0.0338059046165503,-0.378787494110459
-0.0922435739283544,-0.24787515560708
-0.0570455302305692,-0.290688313687333
-0.0879984565176497,-0.349553811254165
-0.0313412279361854,-0.283410189138825
0.010582902149608,-0.227103132809849
0.00340592777608507,-0.300953613162549
-0.0466069836023923,-0.23960021246748
-0.0181386718405463,-0.226117149584198
-0.0394387625180545,-0.208856756355435
-0.0330886105949293,-0.337478712262589
-0.0150983732442078,-0.20462680684052
0.0568018012275144,-0.328314690192473
-0.0821046552424703,-0.268967746081447
-0.0443607035041699,-0.260561624671508
-0.0343207179576207,-0.323238437489245
-0.0529753926874693,-0.130081185015048
-0.132539399109589,-0.211482331626253
-0.0644846002467829,-0.159084364699306
-0.0799241064753215,-0.242482835194182
-0.0939512020097723,-0.191739734385245
0.00382760986956624,-0.147973581837117
-0.0552524268760439,-0.218816520772195
-0.0849317887179435,-0.225787964418931
-0.0833333333333333,-0.0873773447853214
-0.0332068831226029,-0.135312520154943
-0.111514476427393,-0.136522066419497
-0.064688142050128,-0.202894377648084
-0.118300468239191,-0.136679779726324
-0.223394301533173,-0.212120804296252
-0.0132763174008716,-0.170148408514136
-0.183799570496708,-0.241693104842146
0.0031220068302228,-0.192808898984327
-0.0923799156524602,-0.179203852988022
-0.0967515429590467,-0.143114176798037
-0.0340696249405291,-0.152375223872855
-0.0650770511701844,-0.216609687404451
0.0242668220137462,-0.12077187461448
-0.0208717695507127,-0.214399938202269
-0.0868020397213499,-0.137649497348469
0.0637957753784794,-0.224175290098996
-0.107015782247043,-0.0108379304000475
-0.244824351948866,-0.163910927722346
-0.132319737191181,-0.115116714480411
-0.265846410430914,-0.00686542272355116
-0.468838556823962,-0.0149975332137354
-0.342135070530165,0.204517569827066
-0.426772414471153,0.222779633396888
-0.428170137384126,0.165898241452432
-0.463567744885785,0.205193783182904
-0.391776162258234,0.273559728787096
-0.383136313335876,0.216680241181434
-0.310549866123737,0.223932920260097
-0.398078173676768,0.346255157555236
-0.247878679983955,0.237951180461981
-0.275791825891883,0.411780288639115
-0.277410054715152,0.135676182489234
-0.13407075806033,0.226396412221346
-0.232013745657887,0.209024802571441
-0.253134079465379,0.156714094168028
-0.193168831589929,0.156921834265743
-0.240722322299894,0.290749805820687
-0.23412014267634,0.230011053299043
-0.336205033655568,0.148671218363263
-0.297435801800496,0.325845720806247
-0.175852756409106,0.181230344966809
-0.379469831215207,0.30992648851878
-0.188067630023137,0.264674178690479
-0.314380754334257,0.295695125375029
-0.336797886432996,0.306169824633014
-0.224510516516531,0.284383168970637
-0.249509683925051,0.238415350941397
-0.346354042290416,0.248714722065414
-0.213767370102277,0.367987276943418
-0.326017106517071,0.215994285006538
-0.283893554578384,0.231030599759842
-0.306624331231927,0.283536965623032
-0.274711870666259,0.245626459121356
-0.284627891709041,0.288875813497472
-0.36565851097215,0.230408510335095
-0.227217150688426,0.293333816802979
-0.262015034437097,0.262454079885681
-0.270757115725516,0.286587623077148
-0.309188024008205,0.160397570272759
-0.2919889240449,0.241732616725794
-0.352960234288519,0.388292336511963
-0.241357144963665,0.176091085612915
-0.104310514859093,0.292515054604726
-0.290211809972756,0.262022489195639
-0.324481308285686,0.325238626071888
-0.117080983983794,0.269800778859354
-0.210544320117863,0.199826756639176
-0.293429987544939,0.305676814068334
-0.358358280753949,0.316042592009804
-0.239275360089641,0.262454079885681
-0.194243932132143,0.292239830951455
-0.283585512388975,0.332640135730351
-0.214016724152098,0.304221900436745
-0.264140363959647,0.230242058874901
-0.179133840519984,0.286865983968678
-0.224645144410318,0.181023785964551
-0.250779984899319,0.371562518930249
-0.27383794207238,0.343394949379729
-0.0646000922036602,0.34195789398167
-0.255287500236328,0.216968093024188
-0.234860762188795,0.376124321088587
-0.213122490299868,0.307978477743651
-0.17288559759365,0.313672490851983
-0.210818396620743,0.283723537530578
-0.167912142411792,0.302388666090036
-0.20828855437998,0.241075439625882
-0.175742380024312,0.387526411310519
-0.206331069923678,0.189424665739081
-0.0738120307017357,0.281193695289816
-0.146717171611571,0.298235871400412
-0.180768140850516,0.339434653937714
-0.187671700223401,0.242294201858611
-0.106454926298039,0.187596984790263
-0.091991963895392,0.260957481136771
-0.146062966297637,0.341604972722484
-0.0865710341454914,0.292839906982565
-0.180891555661897,0.348593711441557
-0.147552573172522,0.287146945672519
-0.112860475274874,0.31158189381068
-0.187976978037111,0.248114665177672
-0.166641583933204,0.237352262051859
-0.130205128617304,0.261920938583734
-0.152072018739617,0.214148628964582
-0.111083241407264,0.240712871036894
-0.298709393497721,0.352439358095111
-0.164234818349479,0.263581041364276
-0.244283196582464,0.210384891497718
-0.114213590683147,0.340454497397034
-0.128543112670099,0.180720241065424
-0.24980681102213,0.216579230390712
-0.138095779839739,0.296620128156445
-0.289661809420641,0.227064236939425
-0.207258103019627,0.324775076856751
-0.146682979116129,0.249719272152502
-0.247475983788259,0.230403089457427
-0.152516865016818,0.234913935489243
-0.3113629434832,0.244696276816533
-0.195181563950888,0.286579306789294
-0.258142475710725,0.325379763284845
-0.210830434043727,0.267662333249427
-0.231418336256452,0.302676300905593
-0.255477729109312,0.369420947785369
-0.248087896910575,0.196990983377127
-0.237925035894156,0.304723278019693
-0.263437270206777,0.370199387890584
-0.297046153763146,0.35301686790041
-0.220026049672753,0.303909383558201
-0.240243706501509,0.352319768061718
-0.223289498192054,0.309485786343929
-0.181811162692529,0.321388509686308
-0.20518612943589,0.326741676708984
-0.190181852045045,0.288997724970684
-0.226702228728912,0.38612130567338
-0.19343229308299,0.353488749039466
-0.201326938247103,0.305409914494604
-0.150498902834176,0.356948839360616
-0.104657807067814,0.348419687611672
-0.220066382573004,0.285656603627249
-0.177140271659283,0.294189485142039
-0.114489864212615,0.231107646589807
-0.160554152125119,0.367463123269354
-0.0764789844348179,0.223406093794212
-0.161003754734644,0.370627936247456
-0.267522188168303,0.335180302132585
-0.195081427620846,0.330745626061078
-0.109928898581008,0.303879011274918
-0.249904417227218,0.401436389330663
-0.214709703123586,0.34302124509488
-0.182487611614123,0.385174755560209
-0.311543378148366,0.372569768512583
-0.108366047814329,0.475698412320387
-0.092603847246529,0.270585989512121
-0.225408960071625,0.427024529708255
-0.235219729037884,0.367663678448543
-0.18339659674724,0.457559846844274
-0.137217150688426,0.387690936100863
-0.256534964645957,0.39447687722438
-0.165724838754631,0.279935213496184
-0.25080585249497,0.254355619276897
-0.107428477191537,0.370576050224867
-0.31131831741582,0.427262133413742
-0.0611452872673433,0.352123996699394
-0.255477729109312,0.341313164505706
-0.160752311870699,0.385422539014479
-0.0753509937541053,0.364579724300647
-0.168589217121587,0.389768995134452
-0.146433927981781,0.25570873468517
-0.131051078785625,0.329815990734713
-0.126514236387311,0.270685595385192
-0.142173799738556,0.340625813000853
-0.156187807086975,0.454706506332753
-0.0879337873881791,0.260930285822606
-0.123791499024464,0.266789110758007
-0.0958061419558319,0.33716440942708
-0.0709731370279807,0.333045791690545
-0.151184463531091,0.365406954935188
-0.0396888268898284,0.361697217330375
-0.0684590183349651,0.277871049653267
-0.0563455642022469,0.429760734865283
-0.132758250047757,0.364332036564422
-0.0902438692869927,0.34434424770009
-0.0646133716814105,0.428220235802641
-0.0366707737220696,0.325800914818307
-0.0685995565887627,0.542836312187344
-0.0593974180428994,0.385995255746041
-0.0298888366358779,0.391283918240165
-0.0888662550096066,0.437749898539264
-0.119993977142841,0.364427749497009
-0.00205627700948546,0.395191705327209
-0.0450486195341816,0.462385448252803
-0.15042868786692,0.42244315982245
-0.0654153199028938,0.517240191989022
0.00961109997721836,0.44270656928966
-0.0647499584968169,0.393135123564343
-0.0378465697274264,0.373455355874961
-0.120037865813982,0.461227360896626
0.035316727486664,0.458108347537372
-0.027805271048584,0.448242068313582
-0.0808393798330996,0.475743541498991
-0.0281450169947041,0.48934940633005
-0.0559908168379286,0.395147429899289
-0.0292009206058662,0.434191211978746
-0.00840612140993863,0.354272831388682
-0.00423699941279916,0.562699602163555
-0.0183671422464148,0.384765208697343
0.0790096171198282,0.455756138489298
0.0630238446885334,0.522585077508633
-0.0122517680634933,0.354117325881223
0.0722947828018609,0.55910063516472
0.0109726535583354,0.483308250599871
0.2061555130513,0.425324117637392
0.0194469248720638,0.420758564999944
0.119405423461628,0.501842538787379
0.0917663315656457,0.318318249294451
0.054848609788132,0.492481651332521
0.0787319907893095,0.411500319750443
0.081148051133772,0.493006588905664
0.0724369711614644,0.46819798505888
0.158476733692281,0.487957078365695
0.0785342322421863,0.466368004628854
0.0684180358002778,0.496015917925704
0.0676327883741784,0.44060891358863
0.15391073386083,0.527094225519121
0.0675314835173457,0.45439286255805
0.118951131301987,0.488452263156088
0.0570742336679976,0.51917820241307
0.15896007449124,0.483085478166482
0.125157925693251,0.419152379656115
0.0387340034944004,0.580762608683997
0.0572679504497903,0.4800667349026
0.133906936265017,0.511021123362978
0.0894808296935721,0.4786376159066
0.100079343388955,0.538798457725028
0.0218876313397557,0.535227829071179
0.106054814001663,0.509055374776789
0.0703508001202517,0.468388861576793
0.0610429486811265,0.450736547433207
0.0826639778378409,0.431550104509352
0.0211902999959849,0.401746316659589
-0.000526885447486033,0.387517718024694
0.023805899600841,0.388581229338256
0.0578680264808999,0.411985352362123
0.0697242937443358,0.392110148200951
0.0403633429169487,0.350879185717381
0.0159902159038218,0.451954104088147
0.0123095473687825,0.308714238595768
0.0899493510634298,0.509425400184068
-0.0318043488972381,0.408301322812838
-0.0378954488086827,0.42588999410127
0.0894244332447779,0.50309692409676
0.011457975250591,0.467299188892263
-0.00346911814345127,0.518964730101872
-0.0119848606980771,0.49514707136282
-0.0826722941256954,0.424219083641628
-0.322024566794072,0.79744038518521
-0.331262293420478,0.754282192785557
-0.311689231374501,0.787324648895666
-0.300755976760406,0.804951921389094
-0.272036303851001,0.759240532283897
-0.3385735134889,0.741716795296631
-0.318745263199586,0.696856932237821
-0.306627617863445,0.798749725711381
-0.273819866620954,0.706676109612777
-0.295558062006904,0.697362709824188
-0.285107821285399,0.698580417536722
-0.312873418390632,0.661538017791171
-0.342258695810637,0.704756906660986
-0.366963466358951,0.69456969826667
-0.389367730935994,0.751346072745991
-0.284287430062759,0.674351306134184
-0.345079495191453,0.740831024340837
-0.330545130232524,0.692754983420293
-0.298368528109032,0.667996046845654
-0.364160676412557,0.6937704621997
-0.303909210892301,0.727485502348565
-0.319582513023329,0.676688048264948
-0.375660905859579,0.717195666829651
-0.261486296470986,0.73882514192644
-0.28407256366371,0.60525174276197
-0.288544268948868,0.68461762335197
-0.320555399800516,0.762392411982065
-0.215751950509394,0.620005384292465
-0.364093681810029,0.723330964612575
-0.28910686916767,0.661795366544742
-0.366312080032833,0.659350897798469
-0.363207761747896,0.69354407536434
-0.337204509201635,0.718933911590387
-0.436639812341373,0.672391646407447
-0.391587206083873,0.694210070957364
-0.421604528929644,0.667603442318146
-0.418509968367844,0.673202472812287
-0.458037308979711,0.62827064909455
-0.481094196339323,0.63565383865937
-0.527081854457085,0.63363013227687
-0.545622217775212,0.612969969143507
-0.53796083058433,0.618114524836707
-0.543301729288333,0.542351776162249
-0.668606114232159,0.551399858818183
-0.586452254226858,0.611979731127483
-0.688007762881054,0.510112576268097
-0.67573902151169,0.572110000642502
-0.645161987260751,0.470044314441874
-0.708391232089585,0.508511415506951
-0.693983408915919,0.449606052308495
-0.660773385466979,0.507663358827
-0.764137231060531,0.485169557177277
-0.768071484610107,0.455160343674561
-0.761640863843411,0.439825107822387
-0.793118898826343,0.423185733841654
-0.815814394974387,0.407614921282423
-0.756875812196198,0.402622605424495
-0.812777150648192,0.434583261271509
-0.801963701611054,0.381563829754855
-0.838220817543908,0.399306975852161
-0.844434833327758,0.357847473312484
-0.859961122105058,0.389161678513577
-0.885989135099789,0.301337227617064
-0.85369384053605,0.333772245086109
-0.860716483043348,0.350291977737506
-0.879652872704897,0.321762345454196
-0.862179224528699,0.359575398185781
-0.856159601620056,0.311956721347661
-0.863452467981998,0.312642013965291
-0.896081966284712,0.223175095062132
-0.852846708849244,0.231319893251979
-0.86319014355377,0.170103910254203
-0.858848778742684,0.160468637411032
-0.864153692233597,0.16836721425724
-0.917151015440017,0.108084151021047
-0.881082286255544,0.110128541663462
-0.910188458456899,0.0277120009467866
-0.883337948543197,0.00552200252543223
-0.921593013132207,0.0156727759975844
-0.913175576850038,-0.0620756331243246
-0.906751666524254,-0.034025247066694
-0.921832414053417,-0.0438022617761448
-0.891107537317402,-0.0522025472507378
-0.922665440086797,-0.0751512031058593
-0.903529229408019,-0.0487754600123954
-0.908964595152992,-0.0995174716599946
-0.930653483432188,-0.0907240582281059
-0.950652315713884,-0.100033950341626
-0.929510472192311,-0.0789575335555257
-0.921157885779592,-0.114864028154228
-0.918700050394132,-0.0373700977329418
-0.952552516802103,-0.0944801223653151
-0.952099823297752,-0.0849615667582142
-0.935791959938091,-0.101618269735144
-0.920706313450207,-0.052864557082535
-0.947711487721126,-0.096863918550147
-0.950130796872776,-0.0648583413390882
-0.947693445970242,-0.121179695031371
-0.956437573721469,-0.0744791632543274
-0.942821978170254,-0.0601099531564304
-0.932928127108777,-0.0951253025968201
-0.959342029908781,-0.0719219890875523
-0.950083922103039,-0.0674421173395935
-0.956618888083896,-0.0914941224557682
-0.947588668986577,-0.0523819087425435
-0.950911233705946,-0.0515172529955422
-0.965332957997391,-0.0407491462932708
-0.959593048472596,-0.00166415279044913
-0.9758475502013,-0.00589339096834685
-0.966890589353391,-0.0398449269583882
-0.950027825639,0.0101981384031192
-0.961502114766464,-0.0275212083483493
-0.973345488500109,-0.0793900012893995
-0.96841855136048,-0.0832047820502673
-0.953672516594318,-0.0955946365061313
-0.918385554296609,-0.121472146062753
-0.945153921343552,-0.0991828197007502
-0.928865232624089,-0.10121423034766
-0.9454989756682,-0.15602555061464
-0.921629956889056,-0.120156451575994
-0.944340987128819,-0.146435275691497
-0.911229886791531,-0.171850919398543
-0.933138760835605,-0.13945912232802
-0.959635030167525,-0.172855577605481
-0.927389605781265,-0.165067900556801
-0.946102015714904,-0.192121420790359
-0.877189838469128,-0.186877545271181
-0.862415441666955,-0.231421560078306
-0.920566069702458,-0.222114450546214
-0.887771997591683,-0.225476253914974
-0.910463077556814,-0.189736711003966
-0.907198049899162,-0.237807654146051
-0.891513590038849,-0.27250189326072
-0.881916294141416,-0.26629045935264
-0.868845330773937,-0.313729002012872
-0.836666491875365,-0.272458135804209
-0.892762004121354,-0.246540072674548
-0.862149081273512,-0.272082560442817
-0.864070685186842,-0.30603492559186
-0.867589638766216,-0.320271104291274
-0.847138404772558,-0.278247532776619
-0.83462567906649,-0.330442367042278
-0.779579995299442,-0.318390924155454
-0.72652952181963,-0.342115794755352
-0.755556070750721,-0.294641557638547
-0.640042750237593,-0.375185529624541
-0.669050213422868,-0.339056729769394
-0.632133259950251,-0.266373483144512
-0.619483192973787,-0.375323971891423
-0.699130925998987,-0.362382167567939
-0.638611922433362,-0.369791962013731
-0.526016977603458,-0.363172294289693
-0.583555566046121,-0.408439077304368
-0.58103783854579,-0.401969669381654
-0.570356359875345,-0.403474900798785
-0.514270685891055,-0.439029130890557
-0.486624671989186,-0.427590109472306
-0.500329144300712,-0.461195586486127
-0.532820405633389,-0.496758888639025
-0.461549534531736,-0.478058050903781
-0.478498886360779,-0.430929039788488
-0.400982550318888,-0.417017629033202
-0.358159558963077,-0.512050484140467
-0.296729641429314,-0.518939681908568
-0.444978684476307,-0.467565632699025
-0.147406637002819,-0.490236854616668
-0.224174548999174,-0.557351153021573
-0.333053466664729,-0.535610053612261
-0.13324725243648,-0.467757480592054
-0.140779444119934,-0.525001051132271
-0.189639944188931,-0.598924945755521
-0.122470290661668,-0.470859255093754
-0.133438274444948,-0.604727203864311
-0.126039165300479,-0.49080302448023
-0.0324512211993303,-0.629609152143936
-0.15560784293216,-0.591453917502202
-0.0560579939798512,-0.624065852194477
0.0267190988965789,-0.663423312623984
0.025452961900956,-0.618209042625919
0.0292614944553084,-0.672071793834858
0.0230630443918216,-0.657750861803129
0.0839561165598215,-0.589791017565563
0.0300474903784782,-0.65677375836238
0.0835529733382749,-0.596869133394439
0.0561435311325997,-0.620810220075563
-0.0623691520165818,-0.621568713682514
0.0460812054392909,-0.678227115324465
-0.014937561937511,-0.670395977972156
0.0912471723310359,-0.608211672569958
0.0581342471979273,-0.70737837499482
0.0280323767160722,-0.625291974948861
0.123972085859143,-0.645944462319026
0.0301482859464418,-0.62893561454848
0.0960941168177683,-0.688076579220175
-0.0163981462348568,-0.652827278379918
0.150363441518982,-0.560871001857527
0.00295996443684072,-0.575984130320569
0.160028493143757,-0.565244525425657
0.118800033042676,-0.66433154658562
0.0740488100721907,-0.686929676013014
0.115986652463407,-0.550394394966335
0.0217138366328134,-0.611108384400817
0.166566319215469,-0.518572802997643
0.0729952351710796,-0.528667505529421
0.13273904182767,-0.593776814897097
0.0938403040179536,-0.634336243703457
0.102110902709905,-0.46311281192007
0.207321930156423,-0.493717974158136
0.1562835469603,-0.53452238605208
0.159663236092453,-0.489778231651218
0.223257391810678,-0.514184938062562
0.12706543477775,-0.473313073414235
0.173687926028423,-0.467233407451137
0.219593122008413,-0.413500171781807
0.195655837760144,-0.5191603374075
0.0814603398310868,-0.337953163761661
0.22377333966708,-0.507508460571
0.296920023853651,-0.376968402086636
0.163760544540223,-0.297538887370599
0.164385393068932,-0.437248214389475
0.202914357744301,-0.369745137422565
0.228825162723189,-0.416148380919257
0.243509897875671,-0.273155145356388
0.18895526963802,-0.425655110129658
0.219740062176635,-0.385731813022298
0.253561286840106,-0.357259208076422
0.2680707702027,-0.390178549556236
0.18572789281327,-0.277606059808483
0.202699837293647,-0.251648826274437
0.194036731104094,-0.227479609597752
0.224907603319644,-0.285330256325865
0.26966288549123,-0.24290752176902
0.130076698609323,-0.154196925200989
0.15309692409676,-0.200787376727978
0.147984808069297,-0.157226404442072
0.226986588307853,-0.154629315430501
0.158711203909812,-0.128280236255247
0.123023529180997,-0.230508966240317
0.0792743241826691,-0.0811900098777885
0.0714405961762942,-0.014100633309737
0.119981418849067,-0.126580013560343
0.173701568645813,-0.133119664207257
0.158903557876832,0.0137454451941649
0.153623702164819,-0.035323233925628
0.182678304626409,-0.0284945860789911
0.187853299331987,0.0316912519080977
0.131805687664215,0.0426371137139991
0.26290811278118,-0.0708392851227346
0.0557939799434257,0.0612780557682741
0.249330705996775,0.0752000674157069
0.188269439759934,0.0375547164594602
0.128748280915704,0.0801219169148357
0.270777607592553,0.047232689376012
0.211031353773097,-0.0198213531368407
0.0907096830541288,0.121916212600234
0.152505605048524,0.113319333616367
0.0744843204745474,0.209787547404905
0.129374536641192,0.0945883138866807
0.0495386286253811,0.142863752394139
0.0993299669440794,0.198581887510082
0.0598129016324278,0.151019910602703
0.0706791171397638,0.16244544870541
0.0802205163161525,0.192547927562043
-0.0165536517423155,0.235566623158582
0.00275572101225902,0.340129332208548
0.00910235372780481,0.332651802231968
0.0195212074987024,0.345969795548846
0.00174861620833021,0.125852097577723
-0.0460208062847122,0.434467186333866
-0.0661740105287874,0.239375523846717
-0.0274868811206382,0.388237212969588
-0.100611498424168,0.218634662192893
-0.0830457916905449,0.333461164348872
-0.0699675010998694,0.305093015968776
-0.144051997640563,0.302106277809284
-0.0720813158152664,0.303054932637467
-0.0433000033258513,0.272340987658265
-0.079631113930186,0.329006722501728
-0.0547678544617691,0.425172358323527
-0.0158677736632132,0.303796912273226
-0.034269660313991,0.331649313046621
-0.00842870364699942,0.348650946276441
-0.0302733508426374,0.340478908193892
-0.0593039066009678,0.228435282375798
0.0727933391616719,0.316314506650232
0.037143454770457,0.305874151445218
-0.137251459038315,0.323729614409774
0.0537128165001123,0.263445645237477
0.00963616845863729,0.337994403299637
-0.0578944652076353,0.386828330096013
-0.0116400181221382,0.152688252043256
0.00719736349685825,0.35539882244107
0.0545032362719692,0.35204831974136
0.0917687734699275,0.293233005469611
0.0743169820613998,0.249729175675299
0.0135368751479391,0.34316589939355
0.0383544042930892,0.36727321636413
0.0655099034733612,0.227061744142955
0.129923990202753,0.425426247978324
0.0886629050034382,0.406543135020865
0.121418619312929,0.354026520184117
0.139221755279442,0.321187622541712
0.0974360091088173,0.287819751672458
0.195817040018266,0.489514186125511
0.077806648689709,0.346692030465362
0.164435625183701,0.275754466827369
0.249098651292986,0.308446566868316
0.0989255561716706,0.437644954671487
0.257834814889823,0.275950573220709
0.218098476217631,0.259232725142233
0.13870402554487,0.382277358018176
0.242828796900964,0.493202937644039
0.236432246988403,0.351570612042346
0.312058761719159,0.334438423477864
0.189935109144286,0.34931727550741
0.352121933533931,0.303383415862752
0.246015502079372,0.336135913733065
0.345779798432987,0.244270744669685
0.227636177897318,0.279401451714783
0.183395753408796,0.298572483775225
0.249963848386224,0.279656064090588
0.361323482529315,0.377903016892749
0.332503226007855,0.301516400399593
0.380726767742263,0.324349439821018
0.356881649615369,0.25103595756299
0.339292307557767,0.250176803957649
0.457582882428412,0.246959340674158
0.30948156911032,0.27404648032611
0.411553283521069,0.379412877579842
0.372248780815157,0.340615151474569
0.404494687536713,0.299872185901503
0.383945426291891,0.217241638556186
0.349095029866461,0.366971242797682
0.247598556503196,0.352861714397933
0.371480435635976,0.197664385523968
0.185960047030249,0.147523505650506
0.251504396645749,0.146002677855038
0.269565254032741,0.260355272781716
0.362586036295024,0.260957981277784
0.263141943235941,0.227632732727363
0.303635291134591,0.159147901700868
0.278807563720991,0.192972657353778
0.25342066692765,0.268988477018997
0.211467399205031,0.235756714855723
0.373865830572347,0.225305268036272
0.337553831938285,0.215027743449479
0.325501065126223,0.214581052986607
0.342339232321867,0.33357170575463
0.445668166593538,0.182760053812358
0.408920141386949,0.18159959375469
0.44153097845127,0.269499121565968
0.519864828795532,0.230738639204254
0.343032097105057,0.224111983379177
0.483792833319901,0.273740927552621
0.411314627908795,0.159985354608012
0.479189218209611,0.254053904450735
0.455803218540815,0.132427849733561
0.422750969699863,0.226270063333199
0.36680748265813,0.159468050173007
0.406350336064499,0.182010200852638
0.492985762777748,0.119901700347012
0.487639214795832,0.214987304075341
0.470718271898844,0.130178652554199
0.502546562436922,0.158675371404326
0.379803097822195,0.168724236960457
0.464581033745713,0.151977927867926
0.336938808330387,0.0679499578504599
0.336339871703986,0.221084336933265
0.276666523813015,0.105015614643945
0.354849863576852,0.18284577899534
0.325503483281989,0.0928867574696572
0.343883817355093,0.184120710061311
0.24884088012606,0.184092659155548
0.205918340816278,0.190381093901905
0.409053396114418,0.155668930374869
0.342018981148963,0.132132256727
0.338637073433842,0.193284657802515
0.421744201306496,0.195912153406733
0.335209226581995,0.242488778243307
0.304983737829774,0.178196991346968
0.308219302291122,0.118083732404544
0.295574819467395,0.233337983263565
0.270376206990229,0.16794011056132
0.376957678680292,0.117195532471457
0.305558679087361,0.251888445043926
0.280240236511091,0.136415319263529
0.323403467602572,0.185813646057536
0.310180907771136,0.188276816370124
0.363977129925333,0.160598669000157
0.447273439905271,0.171943816242219
0.348580203061794,0.0672931668058107
0.338501134179233,0.17811821833777
0.332504751133151,0.143113288107158
0.315976957934739,0.0846428535286739
0.398784275111243,0.237617057459539
0.312163761969272,0.0267498743370609
0.361336479944929,0.105101193651832
0.347853103603509,0.0926294690099693
0.237885167209995,0.142249631919511
0.396185187040819,0.162004753024717
0.514030874705765,0.112199584578783
0.349637539212361,0.0878433173178364
0.376982391831626,0.0911630643674717
0.389814723169642,0.227217150688426
0.341306235222359,0.0146004603029331
0.341574269986311,0.116379125023878
0.317334234771466,0.0890157556874205
0.352699837293647,0.0510749183707663
0.182495791138431,-0.00488155364689088
0.288739804798876,0.0991624578050972
0.209851076766885,0.134474575148242
0.192177939602395,0.0373055855778057
0.217191584485319,0.00976310729378175
0.304406086803866,0.117182027835166
0.243621358445767,0.0184262134833347
0.240559127017372,0.0217359549498412
0.253948816993067,-0.00478193720433872
0.246852910436315,-0.056641100463559
0.307978477743651,-0.0649071198499986
0.201734464083206,-0.0723606797749979
0.188739804798876,-0.0197886734968895
0.183272947173472,-0.116148562643305
0.17237841594592,-0.0560829222283877
0.227504692331215,0.0333333333333333
0.062538122381971,-0.121579838042682
0.13274772188306,-0.0582854400412046
0.295724410601056,-0.00118678286163961
0.243742549622745,-0.101059088928846
0.2670500783419,-0.0125219495082593
0.101059088928846,-0.112410109851262
0.455519825905506,-0.00496429184429581
0.309788241699495,-0.128558613481281
0.221696348649635,0.0269907930118392
0.315436590013247,-0.0909810475182869
0.24047585147642,-0.093686039086383
0.137354775466432,-0.194220088583928
0.330911146269584,-0.11553526693274
0.320135814276992,-0.0544751254038012
0.167701982378277,-0.18305046175135
0.335813856907092,-0.0570455302305692
0.262069465658254,-0.226282556688493
0.223165234248341,-0.154229189039142
0.254874316699021,-0.0887188184883766
0.255213794432199,-0.130463957798527
0.187440259320817,-0.280322299577202
0.227354938451731,-0.0382153400091139
0.172659354664686,-0.226772679528944
0.0791975223889521,-0.149414294386766
0.305531188291727,-0.0923855304267135
0.116092658013088,-0.129353260624895
0.198876212109271,-0.123087896910574
0.014367891367132,-0.114231447567961
0.0631345340345132,-0.108130719237606
0.034535713102612,-0.214141470113799
0.088440468683032,-0.0661146305098176
0.0877275689254025,-0.107840751460053
0.0199936317961801,-0.132914402661464
0.0169649116995287,-0.143334524758703
-0.0150672469926484,-0.0594287760272183
0.00711546478238459,-0.210207176489867
0.0260839708464266,-0.0852881957521588
0.00851752326789617,-0.0417451038993138
-0.0468983045232735,-0.102917558559315
0.0412765076505861,-0.147172348607856
-0.0982404531833319,-0.0769546917791004
0.0401940738018338,-0.0392979830340474
0.00496429184429581,-0.154598649890841
0.00963616845863729,-0.149901265411962
-0.0580252757704599,-0.0543848340808018
-0.0204507078337087,-0.146841016141631
-0.0633494037087864,-0.0838021997241871
-0.0693573796122366,-0.279738395621255
-0.112344342727192,-0.189958509617599
-0.0375954250902234,-0.195782595646064
-0.149068939284182,-0.228031374032219
0.0904285164696396,-0.210278772538682
-0.112675651506465,-0.400233722015288
-0.120828938240737,-0.104061644277665
-0.154994150690899,-0.252199047910096
0.000559322595370558,-0.205713014883376
-0.201749540954656,-0.211466810828429
-0.0978853402997989,-0.222057519468582
-0.151645294683092,-0.17534599846976
-0.0346895241783455,-0.273053985479839
-0.205951688393987,-0.210519120533079
-0.0672693299370811,-0.251323469380545
-0.195390978974346,-0.144369139807637
-0.243245639870551,-0.205206273035747
-0.0599857131444812,-0.187299345074773
-0.112934780521327,-0.147269240596014
-0.189972405697302,-0.198397206199526
-0.259163708088261,-0.0891391019180356
-0.286522993316174,-0.0975875723285575
-0.129173629130239,-0.187434600596196
-0.21473809741853,-0.0667560101323299
-0.210802588325606,-0.092278827819063
-0.328220021443507,-0.0661948569726364
-0.201458446641322,-0.0599514867674372
-0.208417475091991,-0.0881032658784272
-0.18965042928604,-0.138468648621112
-0.249056755965049,0.0185819115316195
-0.239157278439478,-0.107222015046249
-0.305554925789118,-0.0781118164287766
-0.277830947855097,-0.141200948058799
-0.374932686053106,0.0197886734968895
-0.330248175974337,-0.101860914293936
-0.301247135421641,0.00173070178688663
-0.283516898165212,-0.107138177768029
-0.439011820358354,0.00761640239177312
-0.244028707485321,-0.0438462273495225
-0.16799506267366,0.0518885958961534
-0.303746232874931,-0.00295815302161742
-0.288659052067195,-0.0835791968110118
-0.284956141936302,0.0620954133135597
-0.26098392893309,-0.154603447704709
-0.275520316675338,-0.0623753822022317
-0.279093542618902,-0.00510406469113185
-0.251188003618925,-0.0112202103595914
-0.173262728080514,-0.0898030428230535
-0.169491525423729,-0.0748171790232728
-0.193455612155572,-0.103773966686754
-0.104310514859093,-0.0534630572319747
-0.189524361850969,-0.123306055903852
-0.176692232869774,-0.0111255673073365
-0.206600824407818,-0.0309740341792173
-0.152147715419743,-0.0910973878255879
-0.189313420123614,0.00249404984074186
-0.204909684570283,0.00886685917256901
-0.308344064457,-0.0137101990380098
-0.123315944410952,0.00178936964406922
-0.247750534012644,0.0737240416970698
-0.240499351615544,-0.0594755656509933
-0.233290514428949,-0.0256091368159512
-0.103384465739549,-0.0177666677708954
-0.2844082517041,0.00800356047711368
-0.207318932031212,-0.0488999988957712
-0.226396412221346,-0.0662741478908385
-0.163994977547344,0.0618239040970156
-0.173114964356862,-0.0562271090849122
-0.247768321584822,0.0652814288979818
-0.131332439771483,0.0517241379310345
-0.159924840004244,-0.00532139229953467
-0.092911927578088,0.0357142857142857
-0.236031970389987,-0.0456945093081532
-0.103019058156299,-0.0640948025217789
-0.203875930261285,-0.0470047081289489
-0.102592944366621,0.047459526130901
-0.115496610255842,-0.104444035960995
-0.156389092998525,-0.0209997525567868
-0.116850481036562,-0.0599320588438295
-0.0510969135334474,-0.121229542535711
-0.100892992995464,-0.0765793394490498
-0.133267163036777,-0.0255618939453643
-0.223538863308616,-0.133042073728074
-0.0829358369034009,-0.0409215877059327
-0.087555520417245,-0.0118216685425759
-0.117249312497606,-0.0797816438631357
-0.114282884798945,0.0114860085809197
-0.113357784139993,0.0239424670150639
-0.129901164246725,-0.0826159319808145
-0.209736980107868,-0.111296733519266
-0.0998220049582323,-0.0683232840526301
-0.165437913981275,-0.0480720493739195
-0.155818769673576,0.0555555555555556
-0.0919720511014202,-0.00841556487230117
-0.140515688274732,-0.0697835020121758
-0.102832546895219,0.0367879008582434
-0.186203427904814,-0.061421903265288
-0.169000207716316,0.206079631877909
-0.249586008624146,-0.0254347847326846
-0.27526060144946,0.0520526309977743
-0.0504903238025511,0.0205090111245421
-0.2053427657355,0.0569062278972564
-0.102993017242335,0.12424118597918
-0.283784968295048,0.0513538305081532
-0.176293816976955,-0.00583273616771598
-0.168171691888191,-0.0423546239012823
-0.0267721793879318,0.0653250755517212
-0.0989857066304953,0.0381147406382199
-0.12517057216701,0.119140943544129
-0.114091060461138,0.0416243717650534
-0.00953080007758693,0.0154211584655158
-0.0449961852030925,0.149664527307968
-0.0858671437017529,0.136761878800339
-0.128221767603035,0.100979900857421
-0.082580820722571,-0.0142575366699409
-0.0120717953533013,0.0958497178619747
-0.185051729650422,0.0487578808641059
-0.148193610671582,0.122506978156511
-0.0783389227886002,0.0663687552704161
-0.0504201244989141,0.173973344346538
-0.195380996717845,0.0390261669426769
-0.0562419254872035,-0.0197346932014926
-0.0366499551738101,0.192155162528356
-0.0243829924547085,0.119551722995625
-0.150394039926657,0.0594347171637924
-0.0540873772089517,0.146753598236999
-0.145612863869402,0.0365847779944004
-0.136612170354873,0.092911927578088
-0.0935708301923798,0.150726618622298
-0.0561941744626829,0.138498722649121
-0.122159483336084,0.126678962257983
-0.0821628346140307,0.188699199103035
-0.0407787418935538,0.00928002098795161
-0.144884003889102,0.147315106382558
-0.0683522557346564,0.166786484259936
-0.0654824358579357,0.214029125153319
-0.209432242059114,0.152726270233686
-0.0567497194106932,0.130375959655878
-0.0292549831305296,0.221632088443958
0.0243374439361359,0.0984321314058813
0.0333448264439013,0.0493349509978113
0.0102263980077004,0.223146756108783
-0.0737304885036334,0.169950307805538
-0.0402897612000896,0.117123167364647
0.0254863532432304,0.0263780381724598
-0.0950698472005134,0.194647749220055
-0.0297857510657748,0.214522953381227
-0.0586252769561381,0.171155339453912
-0.0109072450618645,0.0615889156664009
-0.0771470389629678,0.30686854792165
0.0296218925161298,0.0931960570696672
-0.0459921023103748,0.070857273540735
0.00341636226830189,0.213732877011843
0.144922713699724,0.218130494157489
0.0879387216960794,0.227885050347607
0.0209503047033863,0.189882507531745
0.0632393820227335,0.186556707640824
-0.0190676632764265,0.150609668097583
0.120389892792153,0.200620129604439
0.0606859719202272,0.0909593227628646
-0.0444528932697335,0.0911173375135691
-0.000271509216544113,0.236872445694925
-0.00658071430369806,0.0784836762151956
0.107631735984815,0.172956811536537
-0.0109402414709194,0.170296115386769
0.0432419155485941,0.171127387640541
0.0723709705004227,0.182818064895028
0.0464749255260779,0.0863041267800751
0.0926662210280472,0.167635419237002
0.117668540020817,0.0547600060273621
0.0634530505746621,0.145261825945505
0.0697886734968895,0.0525720062781084
0.00488155364689088,0.07385776768234
0.152302878505594,0.141253120099276
0.0901813158991617,0.0087233211817036
0.156335077712881,0.0614906114789647
-0.00896728400831638,0.214292254953916
0.076578514626373,-0.0211515276953683
0.0394902584618544,0.154133174097451
0.171360295113321,0.0653137633032641
0.105228877944807,0.162628756754724
0.194974888585287,-0.100042446339291
0.149476762828002,0.0503476929467569
0.128334870897479,0.028243513372887
0.177507155143652,0.0137732964581855
0.0132248487645404,-0.0449230840710996
0.174382685500992,-0.0209982197614432
0.143937932094826,0.0331045122718435
0.243723873987093,0.026989138088922
0.200171363659721,-0.053858558032032
0.110813265255092,0.0812603884976951
0.185617797968653,-0.0303642402521116
0.147285665807106,0.140935821406653
0.266305321232624,-0.0658940416401154
0.190495647718731,-0.0138724468372309
0.317180524186593,0.0706907632695846
0.207098279237884,-0.0583490044200055
0.260161626651058,-0.0213529729346274
0.266191998652978,-0.0361637092305662
0.306109472152849,-0.167066453148608
0.245818377696733,-0.112484062559834
0.298039581588626,-0.104455878990231
0.394136589549402,-0.0581834624073575
0.341586624959461,-0.163050324374615
0.283380054233944,-0.170662599419937
0.228041422268557,-0.152169965353157
0.263353154915102,-0.178427184399514
0.193661147870993,-0.147708515664178
0.339926115113733,-0.113169527605394
0.169851941031177,-0.13790811278118
0.355647442396349,-0.203779364787679
0.37630789638764,-0.0613956366623409
0.271608365769136,-0.136513133417298
0.292658631967474,-0.150535019588083
0.396591964160875,-0.178217470842315
0.349807226216252,-0.0465076085390184
0.267453598221788,-0.188554715183893
0.305086993309436,-0.168263259088301
0.297988214966942,-0.0570245765931328
0.245979895899568,-0.102056646947322
0.351162597351701,-0.140820540821802
0.307984648924285,-0.103977285196048
0.29494954633398,-0.16112175614338
0.316601267373557,-0.0990434625578034
0.275227121016391,-0.162852457930267
0.216942603987487,-0.0805027112548014
0.449214085154554,-0.0899769619215764
0.31512675985494,-0.0947295372330527
0.280614495176658,-0.0819974887736719
0.356132945754928,-0.0297690261824757
0.250322588968974,-0.133812166982768
0.377185317248191,-0.0891182948129051
0.380408448649118,-0.0707543865460853
0.331454775912143,-0.078021291149122
0.414035596634714,-0.00997427963262457
0.347715496154879,0.0234117065869456
0.229070241635093,-0.0570099825812791
0.396794412399053,-0.109520012054724
0.396568380725677,-0.0705778122829311
0.408189526134011,-0.118910975162026
0.372623159279653,-0.188142296531709
0.4258620308112,-0.0496215285043191
0.274066579863677,-0.0455721584174565
0.355146791538694,-0.0692040300488685
0.281795332119342,-0.0446902270313353
0.438997713532913,-0.165293354841817
0.307964299821095,-0.0385694607919935
0.378861541869097,-0.134862423991368
0.493203566291606,-0.102159652214659
0.37553535661044,-0.114505353047284
0.40126379691064,-0.115361934924912
0.391062228601517,-0.0101553325109654
0.459400270979046,0.0232612851217599
0.392179729044966,-0.115719976619817
0.450388480072029,0.00523023605024023
0.429576399530661,-0.11397468221496
0.458928532857847,0.0590046383138944
0.623695194700955,-0.0670593826037608
0.470511194338244,-0.0444781893437706
0.527616311478647,0.00886521114588918
0.47953020852718,-0.0438289162323898
0.456443331004829,0.0493471671699428
0.535707003344734,0.0120376205010658
0.590256386225779,0.0703015034953354
0.43652908324951,0.0440965468378932
0.538752343121969,0.06626385383829
0.622186177910893,0.0473354138893027
0.506708064315268,0.060127831405133
0.487850013755076,0.196214865508767
0.475753640468672,0.049211684801303
0.480176112883624,0.146282007720692
0.595030828484339,0.0620225188931734
0.442841902944625,0.13120263647756
0.591785718060693,0.141468726723394
0.502994664523289,0.157256588904556
0.481866075333989,0.154338987241914
0.555322975977971,0.118790937205092
0.455761026005751,0.138678816187243
0.545756650711251,0.150218344948854
0.495641998446282,0.100523828989007
0.454105610064506,0.115699437770239
0.567428868393531,0.182634025686005
0.48771498289937,0.155541958700351
0.535026538131912,0.204922064771966
0.477861594229362,0.241502146473016
0.478831976496334,0.128672330207872
0.546863901664999,0.245634908329976
0.504031968092726,0.28080807622399
0.663541025432092,0.217751412097946
0.530054390855195,0.256679429278296
0.592192457298063,0.188842533339756
0.576025058872625,0.255072194983421
0.563609707713834,0.134671197640857
0.609430966256863,0.250614911684595
0.577924613554605,0.297982068497685
0.637794388005914,0.1919597829209
0.518621902095426,0.324448241913858
0.630999341101723,0.258052457304407
0.47710868961754,0.247784700536349
0.675268716042671,0.279438649214932
0.613592952749241,0.286586292931728
0.593107779585231,0.295011092742932
0.700204759603337,0.297851547754017
0.680242935778782,0.329559386929034
0.601813801165355,0.133921676800602
0.603853898723794,0.275164613619604
0.736051628785902,0.23458928624944
0.717362605781233,0.298619255295826
0.730426306246063,0.283828340230281
0.753987070800234,0.266182547515552
0.768925679309003,0.32164031796754
0.72946152863803,0.295697469757006
0.741719824916452,0.21762648067225
0.847205991130767,0.213484879154176
0.836231089564688,0.27676513727596
0.835624548249757,0.175248269493991
0.833023949611137,0.254952995525903
0.88505980515023,0.191130809375576
0.878596785021464,0.248107323567242
0.870798843461846,0.191645061007124
0.851237175119001,0.219572344830179
0.894705908148302,0.168812005684164
0.884155688599419,0.20612603129021
0.893152915161746,0.171152653453333
0.917365958464789,0.0895873438855932
0.933762412346804,0.12522735996509
0.934762893778985,0.109750194699207
0.924387844822351,0.135536358661821
0.973392879518727,0.0781178176555732
0.943237315543376,0.0517778806055814
0.97690120397781,0.0164884265404299
0.976163478384665,0.0618067366775883
0.982170667957854,0.0208984358962944
0.983410986643597,0.029019797086611
0.978964808775903,0.03868326702821
0.978423939647561,0.00792028190844035
0.979988940575739,0.00429608967693785
0.934090112918792,-0.0087580692120873
0.932688719904906,0.0193881587690655
0.928290865839209,-0.00242343467422077
0.973127441083072,0.000414235752989574
0.972429459125976,-0.0306568512996297
0.967686081225125,-0.00249401007676013
0.983644952667648,0.00275320996925945
0.969012144706695,0.0116149107628099
0.970200949481774,0.0286740568697123
0.977535835900876,-0.0631255563446703
0.955203301177818,-0.00727695299901772
0.971967497287019,-0.0336253987642289
0.97462812026632,-0.0278290774099297
0.944812661170923,-0.0296434205526882
0.951334321697966,-0.0419058362386187
0.886299695093513,-0.0510642215950758
0.978609160020603,-0.00270841942460972
0.979717146854589,-0.0779752183600503
0.929428443598553,-0.0913494431947527
0.92651353292592,-0.0279948954435766
0.941014476508527,-0.0436477773995291
0.949120736416801,-0.0237198585078805
0.922913534929345,-0.0360600839664459
0.937341090520321,-0.0146604013528952
0.965309065236023,-0.0503656454361086
0.959306333065218,-0.0587978183307944
0.965151817212573,-0.0875322466048626
0.974639311660661,-0.0982997930497003
0.956893553542059,-0.100595458737373
0.928211419737411,-0.17421938733147
0.934119653118317,-0.159670122786528
0.953565937771529,-0.155383633543039
0.911297796746999,-0.165002535895265
0.92856359231423,-0.239754407686176
0.888711870473753,-0.294411094985206
0.916091226949297,-0.301314841382845
0.862959923270064,-0.322423867913164
0.91592055149588,-0.270974082533863
0.839152649889812,-0.324387436893946
0.881298014365219,-0.347928070594053
0.75362152841549,-0.289554287016983
0.827024856559472,-0.294015399783881
0.826490431134126,-0.373876431320982
0.811664459821671,-0.450862767279628
0.798189637339978,-0.498113767693272
0.785830927616623,-0.492382564721806
0.764832475665805,-0.529178265131211
0.760269790155131,-0.565723800815826
0.725651869521965,-0.571345437728593
0.61466905890972,-0.648644309669573
0.618603611641713,-0.653985177495216
0.547222218716344,-0.643945645051148
0.572471395866316,-0.702775460496729
0.55651028474388,-0.683640783658725
0.461813921272439,-0.757011656223921
0.464947300231476,-0.769101650976196
0.443825733625366,-0.795893169469611
0.382354298457148,-0.784471875723674
0.275728622582385,-0.796150233661185
0.243555910146175,-0.814930314222121
0.17398643358177,-0.811298500114188
0.20471676653974,-0.766302152937781
0.119797763545628,-0.795568746307292
0.0335666142729399,-0.75604909366791
0.113626394379924,-0.799483839443078
0.00339635018927771,-0.727368424361931
-0.0133640761050907,-0.656200143614076
-0.0506372119619465,-0.599505902862379
-0.0789223514335514,-0.724534685004387
-0.0401667359442731,-0.498503632949938
-0.0602483387591595,-0.537240393549924
-0.184140684358289,-0.573495176083334
-0.0416336542784461,-0.460433743263314
-0.092462438483698,-0.496638097239047
-0.189237323683935,-0.436970290808525
-0.188578635398936,-0.46716622223793
-0.0880612642764859,-0.393691998976701
-0.114407184247631,-0.568359826932046
-0.189303533933802,-0.353893900107152
-0.132557746872612,-0.301331098286402
-0.118161198004238,-0.372003513792964
-0.121024792518345,-0.338855138484764
-0.139105716624925,-0.241323982761465
-0.121033713627134,-0.284670077263498
-0.136409706778289,-0.30565772047598
-0.167687619168889,-0.406165845808505
-0.165714186517407,-0.278823196964775
-0.063415740008791,-0.306608355557965
-0.206264121062659,-0.333982726480638
-0.236865540541338,-0.340508904957186
-0.153157371050334,-0.285806481691008
-0.313415740008791,-0.23400121151772
-0.129695734465348,-0.369290047085813
-0.251858354374863,-0.247498610604738
-0.142433568819574,-0.192883203272986
-0.217171942770185,-0.247201723200331
-0.128077538939967,-0.15866942106906
-0.20766137100537,-0.164865085855502
-0.0274787870514872,-0.0803395177671133
-0.218404019732012,-0.199362399847494
-0.168381814401403,-0.203543874492676
-0.0551143479965408,-0.0367175463228277
-0.0490855466450276,-0.0484629045105585
-0.22072740514946,-0.168048012493078
-0.0932671537897691,-0.0940859098319931
0.0701724765794855,-0.144670327847754
-0.153099031494753,-0.102301884013153
0.0221803517520849,-0.085305085307235
-0.0351565876166025,-0.0746533935740818
-0.0933485096960879,-0.110589889006433
-0.10295739945082,0.0343962180260205
-0.181002232538907,-0.0151763215344686
-0.11616799233302,-0.0257570187994391
-0.173217306292885,0.0589098187373647
-0.0800006409597962,-0.00584842490539426
0.0187714398320058,0.179621472237907
-0.155827903446458,0.184770904855779
-0.0267579609146581,0.167485095899432
-0.169169520118408,0.129668855658961
-0.13126519093394,-0.00737900051506549
-0.0776171108364777,0.241926008171529
-0.10764310190492,0.105000375257554
0.0143139376309745,0.119814363872424
-0.115023674175596,0.103804090668554
-0.0434705275485402,0.177479325240675
-0.22838085320756,0.124106508917875
-0.212262296610079,0.0940824654910254
-0.0835328229292465,0.263282523737001
-0.177066280122791,0.151340550017783
-0.219539836026493,0.186864627490388
-0.0877895840862944,0.122233714831747
-0.183343014661767,0.240976896432446
-0.159980755236534,0.255484567667237
-0.0338290569821414,0.235769070435231
-0.193645976059031,0.124691919668441
-0.13632499918021,0.227237806704914
-0.13039966732675,0.277777435015092
-0.197588082271903,0.2199641005211
-0.0453811120579342,0.202058957635135
-0.197025872092863,0.332709363631887
-0.146350253561937,0.226171552288594
-0.210757515794675,0.0792858896559608
-0.0232983840072992,0.219315261749708
-0.140204519244538,0.166127222999671
-0.141445905771339,0.208423054342697
-0.021558016566402,0.0463987699039382
-0.116707461192577,0.191440985931188
-0.167676647915122,0.186974492696934
-0.053636350311611,0.219587663558869
-0.0732947167446198,0.0814339307891422
-0.0889440171545198,0.116440898491415
-0.0638278951563627,0.194056471204811
-0.156708190176127,0.0701180138311229
-0.092624998674317,0.116064369981312
-0.075320836688946,0.160194537805565
0.00905880907927828,0.0471401249043391
-0.149162457805097,0.115829124471764
-0.162585536154011,0.0186508207036773
0.0223172614745806,0.157773572091068
-0.0840902838297372,0.0493071303428964
-0.149901265411962,0.0774327786281288
-0.0691306553325267,0.103295376118643
-0.0254838673869526,0.177698596677682
-0.0535972543685002,-0.10244208252586
-0.0981009359072283,0.154034481616315
-0.128934293623933,-0.00581952235607706
-0.144492420657891,-0.00243110249345521
0.0353903947117071,0.0777186157356606
-0.110020810810712,-0.0115837369337774
0.00822589287962256,0.0356045952689945
-0.0278730596422353,-0.0767573897002528
-0.0750112407060728,0.0616353273991874
-0.0605885265794529,0.127339032669341
-0.0822781453091095,0.128221767603035
-0.0341358577710422,0.0113017454602948
-0.0781366018442009,0.0030100504430493
-0.0571911085208174,0.193837676626078
-0.080037989649143,-0.0315366112157878
-0.0242448982230068,0.0643467739635533
-0.0615337465912441,0.0839798460515767
-0.0388328650524614,-0.0446515519479885
-0.102396858829776,0.0732354925086215
-0.0359105477770449,-0.0321020313595943
-0.0171258735405825,0.0456409468804643
0.0459622919475278,-0.0238224382814534
-0.0475590255713109,0.00686164425569176
0.043172682885537,0.0590768383581028
-0.105734165992568,0.0144007037210941
-0.0543669864587914,0.00917198794097235
-0.070688006792271,0.13553127208669
-0.0728427643104233,-0.0284161062162485
-0.0334832093975267,0.014711290633278
-0.07579152616472,0.032755163130663
-0.0689417465878909,0.0937869463378885
-0.0181818181818182,-0.0539454539431479
-0.143821358646536,0.140129214203392
-0.0198030896709572,-0.0305481648071183
-0.108657723487513,-0.0122564863283579
-0.0335118372905171,0.000276272536132599
-0.041936637792742,0.168447964424324
-0.102386212936667,-0.0613777245166569
-0.101604540761058,0.120050969924038
-0.128135293760897,-0.0476164238467117
-0.105497017259265,-0.0713670331697755
-0.195517523829368,-0.0581349338463162
-0.0511108764243116,-0.0253542783224714
-0.18219051332472,-0.0659555746824943
-0.111208278699483,0.0107374874700836
-0.084805338507213,-0.121523137580095
-0.143358899536441,-0.0456684469052235
-0.00216643470642219,-0.162880720420708
-0.0402368927062182,-0.00800356047711368
-0.191379461945859,-0.07855142381887
-0.0640623653738944,-0.0365139046896018
-0.0615264472251655,-0.0496064602143554
-0.132312185311374,-0.0234291945701238
-0.0763786396022871,-0.0228602284817296
-0.0221033892225717,-0.0311071376743908
-0.222254757308508,-0.175932744376772
0.0309547816319158,-0.0487198780758651
-0.0758664611917995,0.0383740422774275
0.00866256570211935,-0.0134969325919304
0.129922998378151,-0.0639156341583887
-0.0971141416135886,-0.134737893030527
0.0350847211181388,0.00232671849198781
-0.114161988574502,-0.0425928182956703
0.0336193434249426,-0.0666150237212488
0.0466741673829376,-0.0351635804941165
0.0597062263803365,-0.0252234677596468
0.0713547041746025,-0.0880271173965532
0.191112554580443,-0.017619876995701
-0.0572728020959716,-0.0829239559199106
0.163953440959823,-0.0156874303435342
0.104079055799039,-0.104079055799039
0.117479126128107,-0.0605755667552221
0.132781297176484,-0.0631848065295871
0.103150818990219,-0.106108972011836
0.0645651600203737,-0.174014376301662
0.182171806979251,-0.0624977330929284
0.197908770079639,-0.0243829924547085
0.0808126344989078,-0.0841521978088953
0.145017109374082,-0.119172946620285
0.11979696710081,-0.0598984835504052
0.13676190139922,-0.148634929237679
0.188378422443947,-0.0435923442708596
0.146175275817958,-0.0698245486707049
0.243138866834612,-0.0528647724509579
0.259192460371225,-0.12465467296195
0.155358340561324,-0.0675687564750293
0.323737788998588,-0.0172341892339395
0.214011808806391,-0.135923747346386
0.269261693294809,-0.023748157630299
0.276030671294527,-0.199140278097447
0.230282310655778,0.00655429929294679
0.307631378247065,0.0062550310058734
0.19789235830295,-0.025264797634995
0.127282125909651,0.0127763982464832
0.27288559759365,-0.0707106781186547
0.156292857986714,0.134088110737874
0.106926114463949,-0.151983050285985
0.172107125028585,0.0237028140307379
0.191112554580443,0.0524999175486922
0.233940240328614,-0.066278873436306
0.156284398314586,-0.119551722995625
0.220110661028121,-0.00271181442687236
0.268288260888599,0.00251950622048995
0.308103321751725,0.0353021204145663
0.195917032979976,0.0129902926194048
0.26152648562797,-0.0398605351844646
0.302268869922018,-0.0834351083761792
0.329128578270119,0.00648164208545915
0.227772589602034,-0.0586297609170466
0.209990205008969,0.00946169250095388
0.208057608012388,0.0112123546372547
0.142841533277129,-0.0563714542067112
0.172238686281013,0.01972122279491
0.238018052193892,-0.072303865676485
0.296096113299423,0.0573243898770943
0.219359557168036,0.0546822909526519
0.316765898673451,-0.0166772529462785
0.256354920954862,-0.108570170833481
0.235841070387179,-0.0407353157421962
0.390698281044333,0.00563256190025867
0.193079994769635,0.0193470231732462
0.331540958787622,-0.0411933556520391
0.257439225581987,0.0530271663968395
0.267590779114913,0.1407320027584
0.33458077458975,0.0759150357640615
0.194814120765798,0.0113041068337251
0.290587397299751,0.0754629667673567
0.291238638722594,0.0545033714755679
0.275728098056021,0.0924381349782608
0.273266651414462,0.0314603150212687
0.247495800480297,0.0276487023552562
0.217439710806997,0.120447109238825
0.20260380785969,0.0123044678173372
0.344587722758097,0.0322832081929135
0.236788569372901,0.0481233848225682
0.231517187051631,0.0016956489951982
0.217719340952539,0.136981503835491
0.395173457860393,0.0576004865419294
0.273408446905599,0.0410814173070153
0.374251119251096,0.127298124282011
0.267936448421886,0.0686384898837767
0.233470244350928,0.0896827659783518
0.335179753538796,0.093658786779818
0.251769473745835,-0.0203614027984414
0.232603302134717,0.0946835274351893
0.231778267193606,0.159189227606824
0.310644570755586,-0.0360037111784453
0.230309433221284,0.0702285135324619
0.381710505801912,0.0872843821595581
0.178260421144774,0.0480520108486024
0.318535780763436,0.0788755654931076
0.321338782707111,0.136343892691799
0.286776362781131,0.113932873824241
0.325319364330966,0.18812025115344
0.38699306923185,0.114834717048
0.333527890604812,0.247673547580812
0.372292778137151,0.0806348768444945
0.286836493658576,0.145797027680845
0.339069503841852,0.168923886540504
0.247346716924733,0.0429751509480125
0.377324906092499,0.100490122840452
0.278136717406777,0.124190826627119
0.284640337301429,0.0804572368175148
0.225589804309028,0.135152391768921
0.398478029385393,0.10222872998507
0.233002972786161,0.0891287139189326
0.348419687611672,0.132478621763023
0.277814528791938,0.0679857717014886
0.300427979800113,0.0647202737171262
0.377303396508785,0.163751212700823
0.358672273973598,0.139507980063879
0.474066905264574,0.140860400511924
0.321784623237291,0.114356782495042
0.460620424123761,0.0552772317988521
0.36144885219842,0.126858354374863
0.293614609053379,0.0430666773358559
0.259853119780153,0.149894394388628
0.353814641972745,0.0806893859109835
0.344671652616147,-0.0484469904081067
0.263773668203393,0.123304691460717
0.271477544922767,0.0826089457385872
0.196015830974598,-0.013563235918271
0.244700689307282,0.014363265967256
0.196210096068097,-0.0305736546351305
0.19244148133853,0.0571844645772081
0.290268806958836,-0.0118177254612033
0.113000204598647,0.0205786890171664
0.298993918946262,-0.101086544901736
0.38635657940012,-0.143138348831421
0.231101246333546,-0.0557378632778507
0.315202614705158,-0.0147369544279799
0.246791405038433,-0.0440187960368022
0.397557434833516,-0.0498271152924884
0.252342140118429,-0.132559061941153
0.34649247535128,-0.139295228822384
0.304288997799454,-0.0044164203694921
0.331103101309383,-0.0916701752788891
0.314073212839128,-0.112401650179134
0.286207396692737,-0.185148307763891
0.179312359055549,0.00758110550248571
0.225916887680861,-0.0284633385632613
0.382581563253447,-0.111266210113133
0.347510539145962,-0.0498122922591314
0.268753250156782,-0.167929596704754
0.346246188000747,-0.116653811172782
0.276632301196821,-0.12280876130786
0.262807904769731,-0.118073637700598
0.350388229655702,-0.0571309615854708
0.310194098192574,-0.197973480693761
0.339662607652527,-0.10340797087442
0.182173774277882,-0.211395473584286
0.32745654800409,-0.21396887215088
0.279832676034613,-0.178304002220787
0.349249127051664,-0.327795016143755
0.295715678408047,-0.295840175805598
0.310662842232065,-0.340796253846173
0.222842845100045,-0.252120557308867
0.299248386230296,-0.383350339830672
0.205716038700883,-0.338026311908388
0.216676945949159,-0.398842531584351
0.131736095589186,-0.386935825452786
0.317726055695697,-0.382666058599356
0.187138604721692,-0.413005429661557
0.255262977735311,-0.546694443731548
0.155590290492775,-0.407397821359794
0.354858649774652,-0.471947877068616
0.193489928681685,-0.482460536925256
0.246375266141349,-0.449275376845639
0.157426219305248,-0.435044351435915
0.20646448323554,-0.552399950366831
0.178853103256837,-0.522817727123711
0.0758423665560898,-0.505207822694953
0.146170833462341,-0.587358382223965
0.228372982682018,-0.514910264438402
0.0255235129541773,-0.553715399994504
0.0737370550564578,-0.60153584264735
0.029038920840005,-0.554831130348795
-0.0340629288840369,-0.623784004697268
0.0921967193852091,-0.611691334900529
0.0186596565049039,-0.594227353481065
0.0566547470548029,-0.593090912568893
0.00743647453151881,-0.576381048334805
0.0350847211181388,-0.625359104314157
0.00993311985695564,-0.637279861537673
-0.0807728682663172,-0.595085733598724
-0.025128672144873,-0.539769483048882
-0.114615249956607,-0.579288893799995
0.00601919892615616,-0.55389305987533
-0.0356388630942026,-0.53744279840999
-0.0846521026944086,-0.635754940576063
-0.13556348768699,-0.671938083767702
-0.0414952953016916,-0.646312533892141
-0.084021209444362,-0.637059032327755
-0.076444780554461,-0.630341656568545
-0.111217611168793,-0.623227351257008
-0.0335167534968537,-0.621177012951042
-0.084820985492197,-0.608444535314594
-0.0992393387405553,-0.653845177036141
-0.0316509197303999,-0.643150775069619
-0.063963522671118,-0.699946373748569
-0.0266119470420149,-0.622398891299234
-0.0622026205020752,-0.659385309630293
-0.0191640107878595,-0.77875289860354
0.00296564311113256,-0.637709411977745
0.0490388309585136,-0.74838000589822
-0.0443421117830682,-0.7622648509222
-0.0185903150107336,-0.786839780108049
0.0321157979385451,-0.708501513271179
-0.0999675006258768,-0.727590385069744
-0.023951666089086,-0.830793405958652
0.0216706578812825,-0.781621022942144
0.0509809274709324,-0.79203702380447
0.0550712776414852,-0.874964993814087
0.0244210242153858,-0.751789587760469
0.00282084253022892,-0.815348608343453
0.0599830304772337,-0.754153562222999
0.00935870147946965,-0.82235253941537
0.0583777594071883,-0.758958892553009
0.0283268359971242,-0.710165399767824
0.0790218433024272,-0.723354135482352
0.0512745090515741,-0.841923332645267
0.0632630821176504,-0.860166371178719
0.102205452116672,-0.802078115461794
0.075091846011755,-0.793659955958375
0.0690187416793817,-0.781662776904665
0.0842781955510034,-0.780724573774341
0.142177418932234,-0.755880505386039
0.0955507924141482,-0.810974376722017
0.131003434282475,-0.78739309907285
0.174086707836453,-0.712565098664482
0.137727744212385,-0.812530710942615
0.166796553841718,-0.727084581075931
0.22396273886063,-0.723751108056314
0.109031121750914,-0.721705967709146
0.230815745619641,-0.666680453148469
0.225821866231896,-0.738509034078358
0.228149166500236,-0.689800339201536
0.224634414497277,-0.792681275285509
0.200956339479823,-0.644606773889035
0.204237283993138,-0.603447628588674
0.251111613090424,-0.701282503985981
0.286592673272294,-0.711010738184764
0.267067452342589,-0.661443106986149
0.247216736822909,-0.630597507847634
0.261754722644622,-0.644721972349254
0.251260390853592,-0.632495639140027
0.281662092305137,-0.617057509557096
0.246041292275558,-0.64707194786153
0.305582725790622,-0.61269344587708
0.26967284278736,-0.614057338173433
0.253894423605788,-0.590994511235671
0.142474088257481,-0.541780967038029
0.197081285519038,-0.615590880937203
0.225874867044811,-0.539836935224946
0.246572065140927,-0.576228625120243
0.186838170403041,-0.507578228740624
0.22124989499303,-0.524347531946646
0.188253888848761,-0.481406698753593
0.208066069391602,-0.610637551561908
0.329239055553705,-0.551655754970523
0.191101819632784,-0.564284741949665
0.204773996060124,-0.637299580183261
0.268742696396878,-0.542672555690895
0.212034560206504,-0.579232503546376
0.219615462155173,-0.559125790290018
0.232433858602374,-0.641685953647223
0.235281669370199,-0.622041800522696
0.124095143858204,-0.587252768669024
0.254378381287593,-0.521170834710697
0.137086869944099,-0.588217592195174
0.260336992618416,-0.57237120336444
0.171522294568676,-0.538476218973301
0.147708078679981,-0.51396577076674
0.152004935453293,-0.608379348030543
0.147270033851627,-0.516492626350573
0.176688289358245,-0.517972564374794
0.159243237927374,-0.523282610053745
0.131123843627742,-0.509534180351759
0.169744934678306,-0.529908258777012
0.242980211109321,-0.55874012912351
0.0833905868701978,-0.502329344228012
0.13630533671766,-0.441012388334081
0.191757599390814,-0.507114548783339
0.265749279232694,-0.49285164426804
0.239147777154517,-0.428669673307384
0.196757119595782,-0.440366127083244
0.226327359708282,-0.463126629427476
0.288243776615985,-0.479010732024869
0.277485269349343,-0.491896820872612
0.185362152854618,-0.443369120229377
0.136065067155733,-0.49404695179703
0.21443340404169,-0.382977890052698
0.201631487817645,-0.506225499821748
0.205696993381403,-0.357954529076758
0.128588450590109,-0.436681793963788
0.126297182802917,-0.390826378654249
0.122251272810576,-0.515136824366417
0.224940153307186,-0.413548939997784
0.087076238592327,-0.460063601563323
0.181478239176829,-0.395599103556817
0.175501084981214,-0.397750137108383
0.146852910436315,-0.37125388179252
0.155702766695075,-0.413128621563324
0.221919599826888,-0.458726563003316
0.293592506474549,-0.511051061432336
0.195355776174536,-0.361317118815295
0.170892457549236,-0.570102802144773
0.270688424073451,-0.415605549660706
0.114839341947289,-0.408405482485648
0.241309067271193,-0.466681333717855
0.18575276193609,-0.388473214849008
0.119049289092802,-0.390587685922299
0.264474471911358,-0.409071130447627
0.112401839827831,-0.377487787280809
0.16744514711185,-0.33342377843497
0.20754674971921,-0.483291895233757
0.1344082517041,-0.360703397770761
0.213790930457389,-0.274923514712191
0.113340147128624,-0.458800674428382
0.159769921089072,-0.366017341647163
0.091708897880098,-0.446168281990413
0.13453470191483,-0.215676760407055
0.0287904537354463,-0.432750969699862
0.0353952594988607,-0.319392790835691
0.178835278652412,-0.353558003285853
0.0192978447818127,-0.223755304751952
0.159829849100553,-0.33804422372508
-0.0286869457746943,-0.237350511017143
-0.0402368927062182,-0.356218930926983
-0.000532264381192408,-0.380702983905243
-0.0417339806135604,-0.233595792242659
-0.000126450210730455,-0.320930318123596
0.140236892706218,-0.301184463531091
-0.0321237870687796,-0.312572489747754
0.0125975724812161,-0.345355822528973
0.00177728298759004,-0.237106708192939
-0.0456684469052235,-0.281286244873877
-0.0856000617977314,-0.257817386311593
-0.00207438128053062,-0.309477316685709
-0.126692232869774,-0.25309692409676
-0.0383331595078978,-0.268781862186872
-0.132530432359758,-0.353543000984892
-0.199974917266538,-0.279789156966535
-0.243410188099046,-0.213442757754213
-0.21531679569901,-0.267398957991084
-0.166790819790087,-0.20088534963273
-0.241511549326419,-0.227341645617338
-0.189583117924935,-0.123969998709953
-0.183702645726819,-0.177805166100762
-0.335388522322055,-0.225938394482808
-0.242674271090539,-0.161650485125988
-0.228544969480654,-0.148368284198871
-0.252699837293647,-0.126845146618775
-0.233683888440544,-0.119177882527443
-0.189736550742001,-0.138130700441071
-0.254004413827216,-0.210153212492974
-0.220677373734295,-0.123770730767662
-0.329721985256412,-0.233280314852696
-0.158171009378238,-0.00455952957344894
-0.252123066113685,0.0827253874919367
-0.210074439483775,-0.146184212193048
-0.290101488069517,-0.0492276839048121
-0.159829849100553,0.0628323183251957
-0.24980681102213,-0.0371846291429299
-0.164907119849999,0.121260678670769
-0.19233084249093,0.0575593551802275
-0.191214796812102,0.00264288818266447
-0.170584662749932,0.140265096953325
-0.25147200517388,0.158790937205092
-0.263012945139543,0.106353558820771
-0.241708897880098,0.105406471465543
-0.176401946534412,0.0100141701282654
-0.245219813830377,0.082691523791816
-0.27635540616311,0.150902083327538
-0.219458588833033,0.0916912717820405
-0.141206097678709,0.178698516593081
-0.341162890720017,0.0655077415560901
-0.168110956470948,0.213552183807962
-0.201061549854551,0.177318096761426
-0.232522339263153,0.0864600580052455
-0.165951454558855,0.137898882139113
-0.218660713287434,0.116722055118033
-0.143578117606979,0.291526977577048
-0.232774835277125,0.183993568299488
-0.179272772214337,0.238966266956607
-0.241669819430809,0.176312835884222
-0.177432947821072,0.197734880015496
-0.232837541443965,0.267805381878762
-0.144998383221762,0.221575959382893
-0.244309196111048,0.406513736979625
-0.214207747293331,0.199157058456249
-0.213010013171036,0.33876402890734
-0.117967665654806,0.157017856414588
-0.173716799522991,0.328535596104996
-0.230413121218602,0.288457313391007
-0.173525777624931,0.349554064762731
-0.162585536154011,0.261255438149634
-0.212254637648636,0.312996112428468
-0.232391528700329,0.272764645708947
-0.163792495492117,0.237843731562688
-0.109451956829644,0.197339803991245
-0.19133612302367,0.19133612302367
-0.134674298733113,0.199861565152209
-0.0475439419922509,0.220357019834836
-0.155864598729098,0.252299342267412
-0.12924070971011,0.255934045850099
-0.0461747578147662,0.311530511276647
-0.11321623913745,0.103165577237449
-0.0617979564417096,0.303606962639979
-0.0579922793614049,0.187030997049955
-0.0307233828845192,0.384840708765742
-0.108480670961881,0.282959386691552
0.000533323066786436,0.313654268087776
-0.0774327786281288,0.261947177227666
-0.0667393746328462,0.349477886414766
-0.0328148882546767,0.224097540407349
0.0184605073203839,0.291741918010181
-0.0290635521673853,0.374252687112196
-0.0618339502812413,0.380641065449718
-0.0203992983958702,0.380125287502874
-0.00543155419900527,0.152716685949386
-0.00573408732014126,0.37965381047301
-0.0336611940884579,0.364090551808218
-0.0553389539769562,0.398202177957045
0.0255209246314969,0.356582355327448
-0.0283746906450794,0.313465359308112
-0.074596398466036,0.279784471264441
0.0220982208656719,0.436955175248745
0.00801675102195415,0.330602772147907
-0.012716994805501,0.405264128021643
0.116215410809009,0.281169108092731
0.0337356956574279,0.365931177701244
0.0249255107467844,0.36603381201608
0.00570771557045722,0.371162247819378
0.0960343910920753,0.272546485369585
0.0636776823493298,0.354508801611409
0.0578072179718835,0.383264709667209
0.0443677402861972,0.323190937250972
0.160717067260016,0.279782065992362
0.137616896818827,0.41647813774865
0.0917894716319892,0.250651031297284
0.0808284296794674,0.376849592571588
0.123068893870301,0.276232913905279
0.172607662043436,0.25941886129117
-0.0127062807076072,0.280858245322673
0.143928272446516,0.317054000857225
0.124285398927658,0.287576749313703
0.0979351625941021,0.42106219822539
0.0292450032704205,0.348622194476274
0.120967252171512,0.307941744868446
0.207933113688175,0.263270589350333
0.0999211567520574,0.411377968859747
0.0865527942589975,0.27664969735385
0.200572637620348,0.455205003121014
0.103991794494908,0.301257990886149
0.15999676104477,0.35712076065003
0.113360955287846,0.465999824488662
0.0362948102168473,0.405293928094576
0.169289859371796,0.385103655102946
0.150149867959775,0.422497558638411
0.0335118372905171,0.4243125516808
0.122974371369433,0.272597873731167
0.179840496640455,0.387291952118062
0.0807104709173782,0.463080267316759
0.0142489285825126,0.318149100769406
0.155682435817137,0.355837598218172
0.102581852901825,0.413608969156072
0.119105107797928,0.233407109986421
0.145915962269207,0.250139405657832
0.164537620964617,0.316751396777588
0.146708724054662,0.253433455824567
0.0408753292900005,0.321173844191905
0.145968209575727,0.246943865961141
0.189357715541943,0.318869934468597
0.21708369281446,0.269376796833888
-0.0201323359050093,0.314569631392165
0.20183530431729,0.244554233708753
0.112426271085606,0.322626856585952
0.129922155718681,0.181019069252129
0.0717097774028493,0.159110262956419
0.159001263597131,0.250569402296804
0.130212871650354,0.18381337518739
0.146344575201752,0.181984839572263
0.14734668809077,0.235736272779371
0.152701454294505,0.2548952813614
0.18519328772802,0.325758555925138
0.167919930203928,0.187397578907299
0.200283496297073,0.244315633730348
0.191516414723909,0.393089012420537
0.121232673605502,0.258124765138637
0.269930885764729,0.208595521853649
0.202029072241233,0.408044222850698
0.252831376284974,0.238314932477322
0.281157513609746,0.347620521338256
0.251221664801763,0.319537889784156
0.286977349750756,0.341371109518128
0.205309197795464,0.360174755051722
0.22923915641442,0.309188024008205
0.296756202058338,0.34137409243179
0.228786962141633,0.234707343468849
0.304140818171823,0.336897488510148
0.286880038307102,0.210944214093088
0.272711147239452,0.247607365773472
0.193157724089287,0.401427720136211
0.222563271750892,0.0679857717014886
0.235523207515904,0.379187685429099
0.344922831667664,0.172492547343287
0.284703883010758,0.170714897931396
0.255519511159198,0.216303824884689
0.196707671564096,0.154485457311902
0.449605716011464,0.243542248898006
0.263484453427562,0.237587890051974
0.28789316641758,0.219839433173512
0.30546573193738,0.067865775296727
0.274774016554535,-0.0559099048574299
0.330643042429269,-0.125701426058259
0.26352694756985,-0.101890999546663
0.211828696000417,-0.197034099917837
0.22351466435,-0.231591928326171
0.203622884880189,-0.152603349308606
0.0997979970969707,-0.245218869072638
0.124935444623853,-0.223484242987819
0.117944812556949,-0.151180377311334
0.0743133573372323,-0.200079343388955
0.0518432663629417,-0.172994418872812
0.137626906806903,-0.137626906806903
0.146940865469332,-0.15327201994423
0.0598707857966082,-0.0598707857966082
-0.058046329006544,-0.05746738105695
0.087719298245614,-0.11979696710081
0.0518135199631138,-0.104926907187851
0.232327029598584,-0.0496215285043191
0.0944072548990567,-0.0647606885373156
0.125442081383554,-0.135541847549535
0.0393023158065112,-0.0654154807821672
0.141548407277823,-0.12278391039339
0.0417706117638519,-0.0868020397213499
0.0640623653738944,-0.129398881445989
0.0245290439915247,-0.106926114463949
0.176779001642926,-0.154039327295471
0.130761327055225,-0.0566411004635589
0.0628323183251957,-0.0429751509480125
0.175592231765546,-0.0951184463531091
0.11808474520124,-0.0870689470867661
0.0540223798273452,0.00963616845863729
0.121259667401466,-0.0137742303421463
0.121259667401466,0.034613133187575
0.0919964395228863,0.0144061093829027
0.110288025112434,0.0521749194749951
0.191671877175814,0.138475727309255
0.0884243809017862,0.0219398384357196
0.0139002059077601,0.103773966686754
0.121404950623071,0.136041624526866
0.0556299647719254,0.0963894765227796
0.0291187994942993,0.183424005644232
0.0277661537514991,0.0492043843063487
0.0415673197051496,0.183450081429172
0.0274945337950791,0.0580240724576327
-0.0511377186927942,0.0749902341242152
-0.0249945319195564,0.125014460980665
-0.0233313552904924,0.151617044626173
0.0373286580473992,0.143307441672327
-0.072857116186284,0.0955849069104476
0.0542463488084661,0.0705035482751033
-0.0628533280602353,0.182197641863802
0.0390505312291063,0.209173436997563
-0.0396304667842125,0.0726786364573242
-0.0628074506626806,0.163334524357905
-0.0246498024111058,0.23619230052736
0.0493928651919193,0.192460645617232
-0.0486511489613715,0.136668287020448
0.00103080519183899,0.187085722776473
-0.0601002816362453,0.155627949057462
-0.0558721999343675,0.240011488258007
-0.058160766772356,0.181994415990428
-0.00893581504567878,0.262890985849531
-0.0406661406057873,0.147537036423577
-0.0669529420436561,0.161603386672497
-0.244005374745621,0.171434489575952
-0.0678262059707261,0.11628903442819
-0.0647110641096781,0.211489055110326
-0.0480720493739195,0.0945682167401104
-0.106650179029701,0.222074434925945
-0.166085597647644,0.2483422937559
-0.100467769582628,0.154156111642262
-0.21599908436705,0.25083986734878
-0.172261948114407,0.0875077596513206
-0.172962421466842,0.30826285409083
-0.0784226198106822,0.222595003061821
-0.196518189633325,0.0766144998234354
-0.145186679302564,0.221355815907825
-0.168145289010862,0.255864587256476
-0.137357082118514,0.163054591726223
-0.137927345337436,0.199424916714423
-0.219117285494619,0.176425643951981
-0.0685622221819303,0.101716727912284
-0.193013885083445,0.159554625447283
-0.182431209517234,0.113076908708417
-0.112285907108303,0.0406084219245843
-0.142966396981865,0.197874829280558
-0.191165817856243,0.0858371193247971
-0.123052894450331,0.105242549051592
-0.139469253829927,0.104381534531681
-0.189635656307866,0.174545981966886
-0.181647136309185,0.154305990832859
-0.212420796681318,0.054680912270426
-0.122389650899695,0.141569201941619
-0.269982283708212,0.123085890859386
-0.206870604068832,0.127691998081825
-0.216803723925788,0.225887908805677
-0.231606368076582,0.105236755017408
-0.245365525750873,0.126914849096884
-0.219517475308202,0.163458054331544
-0.254642273993262,0.172441143446382
-0.237587730772021,0.21559744962741
-0.241029458021353,0.0957905922219477
-0.213696412578323,0.162726234807731
-0.296836377406956,0.255414538741945
-0.230589402109956,0.241297325736545
-0.240522521966912,0.172856479165231
-0.337927345337436,0.155803558268656
-0.293883817355093,0.0910493521676586
-0.271126050776982,0.177504692331215
-0.287843177990385,0.203656737873891
-0.334741098891325,0.196242376242204
-0.333030657919872,0.176409127672034
-0.333747397903915,0.130511442024518
-0.266305321232624,0.150394039926657
-0.285051116752925,0.0874496916360312
-0.257088590425103,0.221963591016655
-0.246544923362225,0.0810563763486498
-0.275533097757936,0.200286318810174
-0.384169385162198,0.0953399040445068
-0.314730504494538,0.148751098372343
-0.249291941298113,0.160299436458232
-0.110677907953912,0.0981115639867789
-0.317775483778917,0.119461683618201
-0.17490784294419,0.110956373039601
-0.289679099960455,0.145765627252158
-0.266115139425234,0.140903422265248
-0.33190190600089,0.0798798110569928
-0.200297957012862,0.104560260383551
-0.300490622981464,0.025792433848041
-0.326733530330688,0.186972711983664
-0.377269945227466,0.135134645582243
-0.250787376727978,0.0859053396114418
-0.351862295098744,0.127767151240541
-0.398190287716407,0.108638023456091
-0.291955732009356,-0.0166822451769566
-0.273149477505138,0.0821700087630511
-0.336921094481865,0.100276455510275
-0.3531123226701,0.0835326822497745
-0.146897120274017,0.0352030299933245
-0.231526696479739,-0.000589286305836838
-0.230982087306996,-0.0318220624709223
-0.287642717293072,-0.0106506625023074
-0.209336684209752,-0.0363035720201226
-0.193490321526278,0.0679527752924336
-0.251841291108476,0.0829352288618034
-0.325023730379487,0.0722407389003595
-0.206497969473808,-0.0654824358579357
-0.165800277592611,0.0126269068069026
-0.290483408888486,0.0431177523847346
-0.235179784129394,-0.105964284531183
-0.217533064334883,0.0259072918417669
-0.210374105002979,-0.0648769437957238
-0.170891336872551,0.0192307692307692
-0.259258682904884,-0.116313601085336
-0.159978091391168,-0.0706212810611059
-0.233844130143146,0.0603039714000046
-0.205435913953628,-0.0739466224819826
-0.261115493892938,-0.0960022481133527
-0.120596284420914,0.0163459857740146
-0.194184499735409,-0.0162918676382364
-0.119064267332393,-0.0439272534326606
-0.210207176489867,-0.061131935487735
-0.214208306838663,-0.15408800841275
-0.163961195275336,-0.0943497127552465
-0.153741603795495,-0.232841460965486
-0.236004399011954,-0.0966736232391014
-0.12643290422867,-0.165210991286774
-0.238914603464148,-0.142396453225295
-0.317804547075354,-0.222541174777172
-0.164621704980937,-0.101885746735336
-0.272596772206439,-0.241296572789
-0.294543860699619,-0.092603847246529
-0.26723222039075,-0.264439383784211
-0.262726753014986,-0.181942050909049
-0.280257365400096,-0.241028102636942
-0.310924366805225,-0.210404771932593
-0.326061541658728,-0.234484118872747
-0.227366481187975,-0.325623031518243
-0.29871800670947,-0.20289070047225
-0.3146935230996,-0.298163904489476
-0.328836192927665,-0.179757301678057
-0.202079498724877,-0.293296495877846
-0.217503232591207,-0.20653361875331
-0.310321917870377,-0.353834437670848
-0.245692728838587,-0.43846655246292
-0.28908015432243,-0.33995658445576
-0.208285069839706,-0.330810012650543
-0.180777362591152,-0.282173606760974
-0.171917795368734,-0.379006642312133
-0.326671950767034,-0.421577976172234
-0.194821291511502,-0.3910536434437
-0.23864818028484,-0.322723218543376
-0.154573142026303,-0.316347866278385
-0.227729544840148,-0.47437030895088
-0.105409198310371,-0.442950556487334
-0.155643364171761,-0.385271843571755
-0.179365606625151,-0.33572789281327
-0.162047156692565,-0.473716890502147
-0.112388992678406,-0.407226386450729
-0.0488172029803741,-0.501400084240465
-0.217845776236047,-0.511472702435449
-0.170427278573919,-0.336971130036172
-0.100946451388928,-0.522829365797116
-0.213023812683634,-0.462974108180713
-0.127687940671461,-0.446093276795381
-0.153376324761613,-0.514248642836266
-0.100120429992176,-0.446354872534716
-0.136918412504151,-0.549493621229405
-0.145291504398128,-0.481916212381568
-0.0227965797802629,-0.490905124029576
-0.135742805095991,-0.436757584503768
-0.0303683256592611,-0.44882526448202
-0.0233685848816609,-0.496791954484267
-0.0615802801638179,-0.440675756729134
-0.128617536754868,-0.478656290112381
-0.056913203085472,-0.362883719730547
-0.0758356211691989,-0.415745563274697
-0.0602751924687307,-0.474042348261701
0.00726690460303675,-0.509877019969092
-0.077442343199528,-0.31990461427179
0.0755381642973488,-0.486233844489055
0.0181228075987169,-0.379224149872601
-0.106717406996664,-0.414477460809022
-0.0143256806873867,-0.500109991255749
-0.098423369602606,-0.437080532164179
-0.0326625377758606,-0.456503512079506
-0.111674497453842,-0.411876691874506
-0.045952033491771,-0.422655788785412
-0.147136231308678,-0.417052819493859
-0.0120783483878238,-0.47249079729627
-0.105406356023472,-0.373088807280102
-0.0869178492104248,-0.532137579471233
-0.0478322515659571,-0.474208596277056
-0.14759137891869,-0.47050604363353
-0.0673383687776548,-0.41882477617017
-0.0636808204678901,-0.470366070825842
-0.0585952878707615,-0.364902791033832
-0.107117413589121,-0.452675415466102
-0.00358626008151679,-0.392344127775102
-0.138569218769354,-0.453484111876586
-0.0575733866066311,-0.411249573780771
-0.0424015396266511,-0.327636029058609
-0.124030207670588,-0.44954314853735
-0.0746486885651461,-0.363066137020683
-0.0751007961574104,-0.28382544678448
-0.0886187665301894,-0.388918062113986
0.0410961478439817,-0.343381793813515
-0.00503764942469092,-0.265411870127455
0.0726596334170507,-0.397508333838545
-0.0541456603016946,-0.319721632496265
0.065000759726384,-0.418537886050864
0.00638193430463271,-0.428119104067955
0.0029138576032887,-0.429354960567511
-0.0530651065602958,-0.404068003535132
0.104321747576062,-0.431089919946495
0.0810384299890848,-0.508672431123538
-0.00742438594169314,-0.40456096642043
0.103204827759326,-0.419216519318183
0.198288628941683,-0.316373374142923
0.0386808673894682,-0.442735753409677
0.180876178199231,-0.354970921912556
0.0648802790468267,-0.40932620810874
0.165204887316108,-0.452113898129421
0.0913290668303322,-0.384651377237031
0.107588522629423,-0.389407459299042
0.205890858528941,-0.417426513884573
0.160164849004739,-0.484449890921589
0.261006593096968,-0.428341532843422
0.231268574167915,-0.52737216734183
0.21556507183249,-0.482102729349125
0.273817874478961,-0.488533344582247
0.26707969247434,-0.426683118284361
0.317941121810672,-0.465821403208884
0.330446349577295,-0.496534818839628
0.363545595645691,-0.446376147698013
0.350673187747789,-0.521917228188714
0.346578903510123,-0.448099807114559
0.389668910282459,-0.513323767230239
0.386101021598337,-0.507057940692653
0.352883282380068,-0.46869107807316
0.374952644796418,-0.488177024313424
0.454015652849497,-0.496016199022033
0.337310453561765,-0.428289248168969
0.37395460519646,-0.420328305741926
0.451118414559551,-0.527468979197284
0.394505085127362,-0.4165906344204
0.410678996832784,-0.527328569943185
0.418523142754807,-0.478789442507369
0.442798232052908,-0.429381463014904
0.457336801475507,-0.46565960768892
0.416556049265108,-0.43944514504398
0.570921149549825,-0.480251028112154
0.421691884997894,-0.440813090773249
0.488399857415135,-0.471289268401669
0.483256353962461,-0.437693736545301
0.444882408303443,-0.523474953073608
0.480210310694567,-0.408327914339069
0.52819456079616,-0.459025266461248
0.524386133352531,-0.488874322256373
0.528460260914427,-0.378747201473278
0.575958583189398,-0.469966451608705
0.558535056638302,-0.450683753243026
0.544141066213993,-0.481056630977555
0.586047364865028,-0.399247621172978
0.591907282832347,-0.444031605627713
0.604185216696152,-0.365207044492294
0.652062778492576,-0.387898464439256
0.618061079306845,-0.429335584190831
0.543130702652668,-0.334607388266508
0.648648756910064,-0.303544490657119
0.649346913886934,-0.27454386694494
0.479189337999583,-0.316995639146479
0.698631533768599,-0.332412068081119
0.641232594864929,-0.282681801246954
0.645038978856106,-0.303398734440558
0.622793345203414,-0.320450756500086
0.571944997199592,-0.2826427478569
0.703319128795535,-0.333790315728453
0.684982488311049,-0.308207771092808
0.661713520517773,-0.347608599186178
0.629932496149892,-0.308920326961743
0.555024063261286,-0.285480572388088
0.546133995436599,-0.260993061144714
0.61305590689567,-0.240819677745627
0.679854546341434,-0.241997821936881
0.559796641275434,-0.23588434544449
0.545190986356419,-0.33092851201146
0.553851895823132,-0.254982618611253
0.626535228951658,-0.169310927860881
0.55925820026426,-0.180423942666552
0.533412932720507,-0.306038975733842
0.575382659757869,-0.252002336262495
0.575616399278121,-0.287848957108988
0.545585944310851,-0.222049753241975
0.528164814916276,-0.327919715862924
0.543889701379244,-0.340945337559519
0.4527420613127,-0.328014383052168
0.470936792801071,-0.256744008048669
0.487379887892734,-0.407386936363314
0.417213783117876,-0.339293814084527
0.499689857867602,-0.36129518390245
0.309902038808656,-0.393143368535792
0.443055107088529,-0.38483770105222
0.29709678318744,-0.530245949972206
0.302909174934532,-0.401127170383241
0.225864913531621,-0.549586126931109
0.295893114280136,-0.43664057510023
0.246871019072344,-0.402537692423199
0.228139441711381,-0.524313463524131
0.105465933597483,-0.488614382925932
0.169874073675789,-0.3837747123876
0.215622571512188,-0.397176141519323
0.103529286030996,-0.265446724389851
0.115080915657923,-0.299388715795766
0.0581938932787498,-0.258711243740167
0.175118092165802,-0.22324924844762
0.175138763527049,-0.373143210394748
0.0379133084737576,-0.275210232758774
0.0627243073194824,-0.258596260701487
0.0162630696791057,-0.30469566652511
0.0469220947381428,-0.217314307735042
0.0808856676378555,-0.175993071575273
0.0110639272022555,-0.197825524756228
0.0627651227944196,-0.0727086634402906
-0.0138782850589371,-0.0339783177327466
0.0339337817235816,-0.180011477470186
0.0174161599976509,-0.0973501385644584
-0.0698134479176115,-0.0752973344940584
-0.00209679327351169,-0.165730937117999
0.0235425171497702,-0.0781362172657647
-0.0378372777086861,-0.0599169753982752
-0.0171179020441533,-0.0941842225448065
-0.13171661287655,-0.105650381169415
-0.085353577623556,-0.0396656539693224
-0.0927027418139766,-0.175173731825752
-0.000609479877484661,-0.0860218103216011
-0.153840634310631,-0.194112248229138
-0.1567650916115,-0.0751550853146903
-0.133332605090193,-0.137910275309077
-0.0877647952784941,-0.1612130076451
-0.237988502053328,-0.0294327051526053
-0.212986753462547,-0.131464831654215
-0.13754434893492,-0.114879017665468
-0.230859346918239,-0.132011196727321
-0.073114201773834,-0.15978921773395
-0.134554535162051,-0.0405796774005095
-0.161435338885123,-0.107213082955952
-0.177981680024634,-0.0331003844657831
-0.157400464548724,-0.0489142120948404
-0.26674263831169,0.00287406223030906
-0.175007761529207,-0.0300347388972217
-0.25772288591139,0.0396672227511921
-0.221563533937224,0.0386913817306873
-0.243248079908785,0.326469627580762
-0.17011490166726,0.261254678745679
-0.177532965958665,0.358620864590434
-0.183929671141797,0.420700331579783
-0.0791086074007936,0.501254782192877
-0.12344102488313,0.506584990036704
-0.21497096936049,0.527565756751785
-0.214253758546197,0.525135323709954
-0.239972931265963,0.566305453825142
-0.195590717206471,0.576220466500587
-0.172322299555224,0.613519847026262
-0.215931206922356,0.679732310769279
-0.25184778572486,0.67012523574132
-0.168488144911439,0.74039391940258
-0.125770203821559,0.743625045052952
-0.0644446219881194,0.750105278001885
-0.000366514284053492,0.82390551375658
0.0002839115103078,0.795339942516244
0.0680844957380356,0.780110595161276
0.0740695817694939,0.846952686589909
0.049715754189992,0.919081890900353
0.0445198067710103,0.878568465826466
0.0573736647341472,0.921693881003089
0.0267280040258503,0.94911239718186
-0.0176121273318865,0.957978659755235
0.0123218987062845,0.927912713645414
-0.0116147880948793,0.932686917741016
-0.0533732914260748,0.96105095273202
-0.081863735464683,0.927473967696978
-0.0614984270869425,0.941861563518725
-0.0532787583744195,0.917525082683575
-0.0887854874408438,0.936676165196374
-0.0531065685177435,0.888336080737669
-0.056547208508844,0.803023323431807
-0.00372469803932214,0.78656401708211
0.0343457977327361,0.787018856926802
-0.0545645173772013,0.722194538088234
0.0994157526059093,0.643904085715345
-0.0319093208095936,0.607552710059212
-0.0171461730226067,0.629521078636109
-0.00743960741217316,0.390040880170236
-0.0959190252030922,0.486224672802792
-0.0539900989167616,0.422817828768852
-0.0985932982996455,0.48165752264001
-0.0276126546928701,0.429346500895383
-0.111813384692338,0.451805267476507
-0.15574188002251,0.289787411395385
-0.0177486325784218,0.412709620137442
-0.173460423744329,0.471621243428853
-0.0974070603828988,0.329331684907862
-0.0661189958360693,0.37242667279134
-0.102253107451688,0.489464823449327
-0.215023821908536,0.430306775424078
-0.101533757849412,0.286573075449081
-0.0415928884366895,0.453743466233702
-0.0825075721431824,0.340911205139934
-0.149819482779204,0.384458698182453
-0.0599064557850464,0.300480770140021
-0.119114208008951,0.313955691756707
-0.00869261318296993,0.412428395917234
-0.157184675562647,0.176775424301222
-0.0850538664197845,0.354653060157969
-0.0862636551847597,0.199610909155896
-0.0415278303002592,0.064806185414934
-0.114321033090161,0.332457193025864
-0.142570244544238,0.0278070517618544
-0.114213114211035,0.126604169110592
-0.00261210254208637,-0.0115096541443571
-0.048180619870935,0.123332775176167
-0.114648135910878,0.0298488859606539
-0.129119043859142,0.154636444113764
-0.0373072617423365,0.1850082941499
-0.0739826327746315,0.27114289602944
-0.139921005591106,0.182124873782534
-0.0372161463782393,0.0620269106303989
0.0118264341764857,0.123083290079992
-0.0667170289618756,0.197321456228222
0.0642272814782807,0.140473567642272
-0.108260380545014,0.158866882081854
0.0187112336086337,0.201765125998163
-0.0422532865425759,0.249626351994342
-0.0697350599038119,0.319063649745706
-0.0760164390715488,0.233470664377864
0.0317834269301838,0.213102728942028
-0.012486238281025,0.255210821743895
-0.0548386205318308,0.210688743301634
-0.157085656061056,0.250322588968974
-0.0820015696723672,0.206899517283548
-0.0637489878493633,0.22729735019901
0.0661710623207355,0.302667001010207
-0.0714564113241546,0.21723239688728
-0.0646957042482892,0.122260281123284
0.0433027945386389,0.329234285227229
0.00424884170262988,0.133648167797196
0.018715506160839,0.268165964661621
0.0956684469052235,0.231286244873877
-0.0715910460161133,0.161337795492503
0.067286138167296,0.256083584433459
-0.125465781554815,0.255210738812157
-0.0537299645973909,0.185185123052865
0.0873289251688359,0.27383794207238
0.0425464400750007,0.266641583933204
-0.105950182459992,0.216701893097254
-0.0742783614773997,0.286364292933043
-0.020283552771259,0.217454402765148
-0.0817359022082769,0.342791471928564
-0.0451779401454585,0.274661465325659
-0.0595107659063396,0.268595153634015
-0.00361181054000379,0.223492279365665
-0.0401496292987729,0.329501858048471
-0.00518406173798095,0.302088392830649
0.0137417931942618,0.272607895023681
-0.0661455544561974,0.334216613855514
-0.143523935998837,0.394863742274694
0.0640198120261788,0.283946180985192
-0.0584453858602589,0.300645952361394
0.00174861620833021,0.393461145825322
-0.126143669449996,0.32672967012612
-0.00741886086662616,0.373140620438651
-0.000152389804758739,0.337167783537334
-0.0264747225160817,0.347462334701358
0.010324084488649,0.26879420379
0.0478280409343508,0.31719960410371
0.0440736729601641,0.290630961487659
-0.0512775227333371,0.341211876260228
0.0119848606980771,0.262643409545532
0.0180488582062282,0.251244088080194
-0.0321237870687796,0.275060517068645
-0.0269628694621573,0.216336306119494
-0.058816019938554,0.252572006278108
-0.0316130885404916,0.302303486813566
-0.00898595125873986,0.216347228495125
-0.043990210554338,0.350262720937196
-0.00440496924892525,0.361430309964959
0.00287694495806988,0.378350259733273
0.0139566042700894,0.387916532904801
0.0584273490762705,0.313757774538067
-0.0263021575648759,0.197416714757152
0.0068701039278196,0.341571976313429
-0.0476051531322478,0.349416787057074
0.0370659081562842,0.314867997223442
-0.0835831220983655,0.256676781087094
-0.079978305106196,0.356693585904582
0.00471761838686222,0.441767969751761
-0.103150818990219,0.200569466229407
-0.0707414426678796,0.322527864141433
-0.0386503148135601,0.414890817120441
-0.0229586097082984,0.392562723872283
-0.0410554056766592,0.236600936478381
-0.0609574811367713,0.430711078231465
0.0638964183032692,0.337635814130293
-0.0131627820951172,0.342665613071889
0.0372161463782393,0.349301310974728
-0.0213615222149385,0.347063393999776
0.0263613999364352,0.353378640744593
0.00420094810592443,0.368299860283032
0.0414543308846247,0.381788357851036
0.0550540733533953,0.273087101838536
0.104960482481275,0.350484372507133
0.10385684581549,0.32450921637617
-0.0449251392884486,0.224036774006597
0.0429671471443008,0.372020809648366
0.0573759835114742,0.302942278355923
-0.00398058162385485,0.311203541233433
0.036780812055018,0.311409082298627
0.0417756759516883,0.297524952513086
0.0844533474819101,0.2503661336175
0.0599243034903854,0.280263286541233
0.0532535198015281,0.379418644384758
0.132495791138431,0.305406471465543
0.0693400404220431,0.368908312397602
0.0473225491278955,0.217556612793429
0.0789469246189273,0.364965504604571
0.117366749380632,0.273642334766752
0.125267821675961,0.249167647873289
0.100025822756955,0.341778468520677
0.0658147376207752,0.228372415022572
0.000347220899881753,0.327391900431335
0.0573411410334139,0.295751386459049
0.0674985038636713,0.244440504884859
0.0213010879433777,0.329220878241301
-0.0498804352008591,0.323662366081895
0.0055526857045962,0.153782127212876
0.025879773408334,0.305144012556217
-0.0547204622148329,0.322665957588708
-0.0283746906450794,0.0680635175349078
-0.0125441832934476,0.335671218924735
-0.0263184136355939,0.123875267006322
0.0406172501510896,0.378829322302455
-0.0219134443866687,0.157506664725652
0.0558117494714144,0.344481157422586
-0.0351200358455899,0.207751255108873
-0.0213893501519702,0.251130782145772
-0.0566462957200557,0.30363014069349
0.0440937961387536,0.235206350719197
0.0453646743443317,0.431882131697299
-0.0932671537897691,0.183605794110923
0.0425213046796861,0.252133118870649
0.10567431675363,0.161964350743039
0.00766910136394404,0.29867985386672
-0.00710689118490381,0.295874028836056
-0.0201445320710601,0.285492483964616
-0.0788568736505105,0.356996261318044
-0.0226169532180208,0.383466045879803
-0.0649677362304098,0.35081150849307
-0.0915353259897872,0.414074066519493
-0.00290536131388093,0.434225136585369
-0.0560786568368307,0.404318371615918
-0.0729051409098354,0.343047905903591
-0.123119841929989,0.453766026459352
-0.074286909540914,0.272417365416482
-0.0289664503883345,0.357328149871008
-0.0365858672861939,0.392474761125408
0.0326044282955768,0.440959257852846
-0.00747247100232464,0.369580062838076
0.00238112938732431,0.372830168424708
0.0497107073224957,0.423750432609627
-0.0343685477221973,0.444435859079374
-0.00532533125115368,0.432064076541914
0.0635625524396738,0.434691064058481
0.00213709521070818,0.379619976361809
-0.0464442690914638,0.453262456360236
0.019101585838615,0.405032468939354
0.0264524713172163,0.525991409832088
0.00919853538145859,0.446731631567519
0.112644746944804,0.501042580746806
0.121126276122918,0.593221725777701
0.00356476627143577,0.621520452991825
0.0594484141744459,0.6286295597608
-0.0100690016167562,0.53782742785382
0.0294027763281631,0.633589665276259
-0.0123926794208434,0.625065081586275
0.0726712592306211,0.626947462780666
0.0124852930768346,0.655195579651422
-0.0281729699652461,0.669220408373093
-0.0175300594853103,0.642536887622571
0.00862501068984758,0.6931773779296
-0.0762069424801236,0.681474643724903
-0.0574155161743854,0.70397006847488
0.00243196762209536,0.750632596982138
-0.121159199334671,0.621863879471312
-0.104234455848855,0.626263116171538
-0.149561726449381,0.69013149624212
-0.101166576889937,0.659414838317988
-0.0297620220456466,0.786735895715242
-0.159303855973991,0.660040688258073
-0.171038405655391,0.746698308523351
-0.0879947011911153,0.71714563158174
-0.0561640851964785,0.659740567765104
-0.0970303972006693,0.653345924313172
-0.146368029604569,0.727181530941888
-0.0298983546389079,0.650153374326993
-0.0747599353759362,0.623166355100215
-0.122516383720003,0.642811885512063
-0.0217155984968838,0.594146419838177
-0.0781095871574985,0.643283107913197
-0.0185375148414866,0.514671135394135
-0.254047115536833,0.551545410072109
-0.0808087232669533,0.606791742886569
-0.0941680246569939,0.585475086223631
-0.206324633440072,0.522687639976332
-0.20348465768649,0.543324256801444
-0.0918571347897348,0.431119624965645
-0.228061378604965,0.424799530788549
-0.221592082835934,0.495331705341249
-0.255281912954631,0.498838470162373
-0.22178223125046,0.480138999258322
-0.196283736206583,0.47791068688822
-0.27161017718436,0.443296432664977
-0.276415927124879,0.433982958294711
-0.268753264239814,0.446431120086515
-0.297527009656203,0.390108536806685
-0.278825976840014,0.407522024898064
-0.296296184969054,0.453011800467013
-0.353930017578668,0.543353405630118
-0.283472834638888,0.486968237171993
-0.27319606473399,0.48204752760299
-0.298555430716526,0.445941151596442
-0.370503055299096,0.427971381714303
-0.385352063425443,0.410478130914073
-0.390642825981939,0.477698356199172
-0.334178776623036,0.426058555094788
-0.289547769554783,0.512088584910903
-0.381269273122709,0.487406335705048
-0.398811587700618,0.490226608791162
-0.466563316103331,0.449967069257194
-0.438930660338508,0.394961043193965
-0.448171549674892,0.521675637418082
-0.388363221119809,0.456285325858527
-0.352209814081811,0.561394106315831
-0.525180448265339,0.501213699797696
-0.572260674930865,0.503081608202847
-0.569017210761426,0.503582801178582
-0.540666632938574,0.545717605123769
-0.637885992060392,0.595635168849707
-0.607043318572906,0.554218859074726
-0.620397285664829,0.538485245132312
-0.677797286780485,0.574713159201231
-0.664900005381509,0.558692112081148
-0.701048395764947,0.557249434546775
-0.71346775118058,0.547002263701169
-0.750569003338459,0.576705128180735
-0.7385445192908,0.573224793205097
-0.79144654147071,0.542805062732261
-0.769748844184943,0.581487566452359
-0.781419943435505,0.569368481432552
-0.760135823147727,0.584232229403995
-0.762999225291753,0.593390155383613
-0.810501346061661,0.552142857677706
-0.800616232359769,0.572504877157689
-0.81106151332964,0.555588824927564
-0.798404832317994,0.576379830866767
-0.812731317615081,0.551927141563088
-0.80257625406544,0.557460955560177
-0.805020766132683,0.557649297172392
-0.807275744682774,0.556494763766924
-0.733991924083308,0.588756203393231
-0.781985042158829,0.590625989134177
-0.762671325149896,0.579549530683489
-0.783645586351149,0.584480931147875
-0.764158466068384,0.623886155347572
-0.789806019911123,0.496837485376625
-0.754642245208329,0.58068600584937
-0.795511639092579,0.542773113085614
-0.733466426664752,0.570426536330018
-0.775327658013938,0.574190171024563
-0.801769052012751,0.572709004881797
-0.7870409189143,0.58964399362283
-0.785191592997424,0.583787206470469
-0.789733671388026,0.584172871585047
-0.784873486489359,0.592560027548026
-0.712873965600092,0.608252348084504
-0.774754890750874,0.517112282655433
-0.749205554845047,0.412150783664168
-0.74433372219809,0.364548432900576
-0.59978205587595,0.267581727455036
-0.644065503571597,0.209925615394527
-0.585515702885244,0.264117866507884
-0.620931214789736,0.23312909880384
-0.682045887049662,0.212639873373182
-0.584901347771319,0.222119153145269
-0.67266813582944,0.2098826615575
-0.606663187376297,0.228607491339793
-0.609722270192232,0.20212706084983
-0.612580137736455,0.184198986525847
-0.610375007603285,0.222953221315784
-0.646894380403709,0.140450269611278
-0.650420490634694,0.161695916116849
-0.659400050965619,0.0591896150043505
-0.74219291080973,0.218379836152033
-0.662967791325288,0.218841835788643
-0.718384466657206,0.129415747318699
-0.625370259599332,0.205463764075421
-0.59153180203042,0.159651605029977
-0.701625504193983,0.198427881957219
-0.78647127117264,0.188867403588326
-0.607113489245532,0.272786111289402
-0.684238851057067,0.205549158450026
-0.696520047872591,0.212814303369986
-0.641746822176139,0.263370688393925
-0.675625008019897,0.203363953027606
-0.659486226050957,0.212777897976254
-0.666909763477684,0.298112871510217
-0.736312461180251,0.375200461002762
-0.628275508760082,0.3779395775383
-0.60599516469525,0.376540672066867
-0.584808033420847,0.347107552747634
-0.594930137407436,0.398776655378998
-0.522682455671591,0.353380565791691
-0.628126236825082,0.370971616132995
-0.468514566619203,0.365327672437069
-0.574996125724952,0.367077380615577
-0.581766230859749,0.412522309672559
-0.534105888346457,0.386881695220674
-0.581505560572437,0.414724721380032
-0.513630094645704,0.389421158662113
-0.491587419726661,0.472652701378387
-0.600904718219151,0.417358398824969
-0.467426447327983,0.379965715908712
-0.579056167230415,0.367184921198375
-0.533729344770807,0.341061060118493
-0.520458966402653,0.48634632203897
-0.560126954673295,0.389647746657624
-0.533896260315234,0.341549029008511
-0.457119596091131,0.361463873992025
-0.376859909645634,0.362300154695824
-0.465492906471112,0.405131349243827
-0.389544065341805,0.387618981910938
-0.352259624969749,0.409779088132779
-0.382461440724775,0.400158144024044
-0.352881940518924,0.446060109214475
-0.291958765701774,0.406911740084469
-0.296182174144178,0.453534979341678
-0.27428435165952,0.500358408125427
-0.234718507600302,0.468099289932113
-0.247506261008084,0.527907209822954
-0.245707801725368,0.438397938316339
-0.255492370736837,0.429413129089008
-0.335432967016668,0.4621968746514
-0.282643202000916,0.510543685188281
-0.376328989390991,0.401688153047424
-0.318791605108029,0.312708979020038
-0.281874679674141,0.441974004190157
-0.30761868995963,0.487135551505165
-0.372729691093071,0.477958072292247
-0.197614290113391,0.53550801951464
-0.404445139458954,0.465932294319707
-0.325645676187869,0.548263544988427
-0.377703852429294,0.452817475490319
-0.196417725737779,0.493411694107313
-0.374806640367257,0.458876613204681
-0.253804807071931,0.482348286908808
-0.334833041171853,0.429412276103782
-0.322649923246397,0.451975482267904
-0.300655834477535,0.485101837437195
-0.335144026661343,0.530141287649789
-0.394601117215021,0.422787409135234
-0.41000586442751,0.397639449612859
-0.387485755783914,0.409671637749958
-0.381305913258446,0.492054060512258
-0.465995744110956,0.469721650856159
-0.403493631558264,0.427079321970663
-0.377780467904313,0.397337329784892
-0.494538204892082,0.336790771301264
-0.533293280006325,0.448726649113992
-0.52596949925747,0.413511148134945
-0.490665711320141,0.458388663963148
-0.449753139341089,0.313822006150138
-0.532815175837496,0.373417007810018
-0.427068749037986,0.341688300048597
-0.509362045073779,0.388582218289416
-0.494142402375774,0.325708438890072
-0.451255214398104,0.406698600454689
-0.491434628870455,0.261766596489697
-0.495028742367646,0.36315490282441
-0.477520826604269,0.288907163470197
-0.42818090743909,0.29319861611654
-0.418889555442453,0.283443507716617
-0.442016087508489,0.286847228145797
-0.481932725759318,0.251158064441212
-0.444038811583159,0.303607564428585
-0.40450294990262,0.268817544096273
-0.437968681962634,0.271084204757997
-0.462001118143588,0.253843981712402
-0.387450715921107,0.218560139694427
-0.482072095308709,0.209938818810504
-0.293981777934716,0.250634936678188
-0.298795354828069,0.170791254770325
-0.439137021309768,0.245628205477779
-0.355826868181349,0.192890645689783
-0.251951421493779,0.086340698008263
-0.356511194134659,0.126282556688493
-0.443199385138506,0.052724232520931
-0.351670321255182,0.0497621553030651
-0.357283855220386,0.158091664495913
-0.278850414678268,0.137300251155057
-0.410176085684011,0.187967673286672
-0.26757091403211,0.0832086992329362
-0.397744757662995,0.177219887454473
-0.368055107944585,0.0324228976017075
-0.395333844865302,0.175513051613941
-0.326127117272273,0.0537830182372514
-0.341887576990019,0.148598924532539
-0.370429194682344,0.0222199262044717
-0.27385042253706,0.0316338175239598
-0.424350990691785,0.0877895840862943
-0.333316734066093,0.0838144063327758
-0.429817381341949,0.0229131275711849
-0.22616214083151,0.0437932835834008
-0.354426214288937,0.0846303766205414
-0.347976313394374,0.0372118434356938
-0.266389311973349,0.0770413209694937
-0.382748351267039,-0.0531280573734716
-0.298700376312004,-0.0179751974606472
-0.299141726517976,-0.0164057812596042
-0.194171877300714,-0.150686442187393
-0.257595828251101,-0.0551143479965407
-0.215479871425874,-0.181870921329632
-0.389166182437917,-0.20161012582692
-0.129074095546238,-0.133679154644687
-0.155737179231396,-0.239966745213858
-0.168549518290633,-0.102366484583888
-0.229021460538257,-0.170029791523669
-0.0846270095661808,-0.203915873993594
-0.134137753532688,-0.247353058667713
-0.0376943008969807,-0.314441430343135
-0.28574629718543,-0.284452178239279
-0.19709188328091,-0.26797256409145
-0.161343183273305,-0.308030534556395
-0.112590665555845,-0.310562118234955
-0.130510314630125,-0.302623380419147
-0.185027144644793,-0.261348872689696
-0.198507793814474,-0.319069248408209
-0.157966877086605,-0.346168780795846
-0.0813746266854678,-0.3204643082876
-0.200418495023956,-0.527554929666523
-0.165332747448275,-0.350209545995621
-0.0870503727762703,-0.432215181626777
-0.165184715497922,-0.433432144963278
0.00555638073014935,-0.415260272993652
-0.064413478186981,-0.402547974261803
-0.0295995218467246,-0.4130047359604
-0.0258615031814407,-0.39624896078631
-0.0166861102326041,-0.450894374357818
0.159960703913291,-0.449147574901929
-0.00943257018991531,-0.470224141023943
0.173517598769903,-0.606528645985161
0.216021061932464,-0.592166219052998
0.183547254481865,-0.555967426324149
0.303173592909359,-0.708764404421951
0.273261422430607,-0.669678099800161
0.382312971866695,-0.774205269319153
0.357652366865814,-0.698736713884438
0.301969320397292,-0.695263498815794
0.356793502918555,-0.741435563366461
0.298934034287758,-0.703607599010496
0.370868063403144,-0.767396577567661
0.297946012401587,-0.707589157777032
0.284044956390303,-0.667786676955863
0.428955959030808,-0.693429217895806
0.364503656427237,-0.679381557339729
0.28354814137421,-0.61594377494468
0.427110087645228,-0.583605299857001
0.372973822215431,-0.645509341272811
0.365448920808473,-0.57537081914185
0.437965899149603,-0.587413623266179
0.406851345528443,-0.671402609672299
0.416654527852697,-0.582992008391985
0.374790469859703,-0.647152776731103
0.455625931184184,-0.553177760941735
0.400181081629893,-0.623445375299054
0.417100851348607,-0.503127888379849
0.385322361820329,-0.507569994381439
0.34603238654938,-0.51595286878727
0.331659616277513,-0.579596602217683
0.351759407849645,-0.443655594141767
0.493094839553901,-0.501932525161361
0.347436629349685,-0.46023948292349
0.355487971099541,-0.468596981546908
0.397154393067823,-0.540737135579363
0.336573825890933,-0.448270035134175
0.432096554795586,-0.475184790935122
0.353778366533159,-0.464361766174896
0.412423052618013,-0.430151736990747
0.342116272554801,-0.48033390069544
0.429068766991008,-0.432955908814252
0.372764177320994,-0.415385757425919
0.427324261987265,-0.418125557460857
0.421162288190952,-0.38490732262432
0.357503581597003,-0.379454846283748
0.310833682176515,-0.377002408966801
0.407264785869723,-0.427213422739296
0.303290655364763,-0.406984928603101
0.342989483143779,-0.509652822940405
0.344964057371114,-0.401847979456965
0.337216018856234,-0.527397001985809
0.23309906329615,-0.392151922222072
0.305096232702471,-0.409144412736787
0.310236184331604,-0.365981640081672
0.362739840880287,-0.425638899347314
0.269264810910694,-0.456781052960438
0.239780611843446,-0.226753593298258
0.280008617785069,-0.365906059235139
0.330632856921937,-0.300282273440197
0.300618708035,-0.2222797852464
0.258380120141328,-0.143678425668745
0.247273254694159,-0.276705735980591
0.14635127845763,-0.199773286342797
0.257474297806256,-0.109705118283166
0.20115696497954,-0.235890648593463
0.347164614236873,-0.23765812852874
0.26758219352529,-0.211503536688459
0.207056470643339,-0.0902503069062931
0.182759120830668,-0.064458652591477
0.181019069252129,-0.112065012861538
0.260327653990934,-0.143606607792833
0.269779315007045,-0.111870293953484
0.128596913488962,-0.163688819583339
0.13511697517576,-0.0964428641554425
0.117371402097595,-0.0271660394951726
0.231081076534161,-0.181713129127295
0.100526643626381,-0.183771862779613
0.185812248668909,-0.0298351953170678
0.305793667517976,-0.07734992547005
0.174461227746493,-0.189760035321312
0.145344156843666,-0.0300018416260933
0.191406574132622,-0.0225406235997581
0.310882196166369,-0.133466947733729
0.315478190183321,-0.0967417163510351
0.200159360961404,-0.0767528683474635
0.195689831169939,-0.154466700290516
0.225887908805677,-0.0664096839991306
0.0862400572793623,-0.156728232855489
0.318255841588993,-0.0277029845034515
0.155847306971501,-0.0238213586465359
0.19794140047838,-0.0379891705423123
0.274252105570858,-0.118991709987606
0.217375130649057,-0.0164344798654708
0.211765321850178,0.010877160443398
0.20052563327952,-0.0450619989308702
0.243593007673346,0.0297460965532962
0.331502270252556,0.0802048503917859
0.244906725752123,0.0381888007522669
0.214449550445358,0.0624278779140425
0.303544554214147,0.0966823850423767
0.315300968740935,-0.0178571428571429
0.212590325505441,0.0831207683966332
0.353894415841601,0.00294648606424836
0.282991143307012,0.0345087713486515
0.233047524275207,0.0558025627348446
0.261566292957318,0.0255437813913584
0.274945733282246,0.046455963789044
0.306562478160411,-0.00100597464875444
0.174428010337753,0.0323692783961899
0.321382694031017,-0.0328230823333869
0.330847432719741,0.00523023605024022
0.23925249684342,0.0175937328983821
0.189312213924517,0.0144939360012747
0.341178243512813,0.0333044701332983
0.254005786041012,0.0971361889795738
0.373251733070218,0.138778605061295
0.392038294652705,0.0727301337801255
0.384405974854096,0.114038489135096
0.354992333570036,0.0472168288881928
0.408532384583122,0.110854439088655
0.386915398788093,0.149270823962533
0.442987384306293,0.111893479532039
0.401714011974035,0.153753239140805
0.260488382464144,0.190437412540107
0.436222430945088,0.0552511015287204
0.408398627326872,0.164974811310387
0.332715373423411,0.188526889255631
0.30063714990817,0.176732457845146
0.19171249324665,0.199581644013844
0.238321654810618,0.210658095733534
0.399609888107138,0.134227260287977
0.264991598034954,0.249096938331335
0.165266735137274,0.22759852977314
0.173087512477225,0.219094570503131
0.342686007999013,0.252650807290527
0.175207290818346,0.315854810388458
-0.00726767640232927,0.236205663551679
0.34114078714038,0.338442518828969
0.0660165606494849,0.394346138949216
0.111300265863484,0.327192458695794
0.255951749251326,0.348845598864186
0.0958335559726456,0.194982146676529
0.069072424724116,0.180991031021439
0.108246185637278,0.263763223817193
0.169956572664628,0.193710962885119
0.0753704378075955,0.145402993924992
0.0280639077675541,0.358489077648909
0.0152286125205576,0.18738428165364
0.142267856551306,0.318862301595481
0.0179838634225074,0.191877226655253
0.144017602914811,0.301332242110171
0.0714285714285714,0.284443958307503
-0.0701699760835164,0.270547529046068
-0.0284615896699362,0.267363122244883
0.118080807192007,0.318212665148207
-0.173524802419292,0.416483157592812
0.00958997982036579,0.258122918864862
0.0292567451787326,0.401125926690598
-0.060843209308569,0.293122682496518
0.0201961755264843,0.303217470842315
0.0835155261034492,0.425715730754278
-0.105180494919386,0.323310525509972
-0.0794145284910707,0.475281723977469
-0.0357414090869278,0.329213319453966
-0.0669266446827505,0.40352699463827
-0.0542173435843604,0.429504549911007
-0.0895943076049938,0.360058138837577
-0.0890282803863233,0.37017785218773
-0.0926390747155658,0.395377513342678
-0.132322167155015,0.459749999750538
-0.103963290467056,0.365850997389727
-0.0319096533977615,0.498228246566993
-0.0571079986718046,0.330412138436966
-0.145439621693957,0.441449327680824
-0.0523502525425055,0.478549003619829
-0.123266315934725,0.326388552246965
-0.156792024813416,0.402922123991956
-0.198606816805024,0.293823792010335
-0.118199027804309,0.323097085253309
-0.181066719654949,0.393588127812443
-0.180611792298246,0.192545364730295
-0.165979860017857,0.362209402553569
-0.250004692341078,0.370159315372953
-0.241737723985535,0.315058876019058
-0.216271552190784,0.319659274999806
-0.245221950825582,0.437333690610201
-0.25549722634002,0.35274623405569
-0.16200368425178,0.383069458213768
-0.116786916657761,0.495895755835283
-0.293447752762658,0.420207574522166
-0.234178794426753,0.480651344738947
-0.156853824037811,0.417648385523461
-0.169314677033086,0.456648164214142
-0.228701368335217,0.418926355035668
-0.183290710697452,0.390731724529459
-0.085454747806505,0.414107690269749
-0.149272120339632,0.317483571410074
-0.201082343524717,0.38812375108136
-0.256079375829862,0.346445517858248
-0.170615828668861,0.393571686516045
-0.202942445768312,0.419409408343712
-0.162220516309708,0.368624712829134
-0.0459172194165969,0.395494802927457
-0.20820802112799,0.324289706291106
-0.193871169975844,0.43850384212461
-0.156837150661276,0.331027028460605
-0.117531824185311,0.274658584825445
-0.0928305067469643,0.288419358675227
-0.123752234964833,0.408121885038538
-0.138187250159068,0.278540746061979
-0.191665744628524,0.4995661732792
-0.0535714285714286,0.336666955075818
-0.0854902537010105,0.424492858634588
-0.158100883289962,0.385431348736348
-0.108692647925072,0.399508283408256
0.0205174456486695,0.378163473629934
-0.123295936329713,0.269717684202184
-0.0141563017013091,0.437256757415868
0.00361633168267529,0.515762811784418
-0.0605235303965507,0.300339281945103
-0.0728979063772017,0.442116722721259
-0.0871837291995332,0.364025942781165
-0.0600007469647822,0.340161743400168
-0.139250328022138,0.386268343503694
-0.0757447138408923,0.452243220474595
-0.0719825206094214,0.439734480229544
-0.0465076085390184,0.336522661869361
-0.121714777323042,0.487642447603803
-0.114035023508162,0.420674270377191
-0.0436955041259087,0.368847053047683
0.00160945730115286,0.362483764392927
-0.0412537858342397,0.375184015419299
-0.0115780658444615,0.410025596150209
-0.12356766396795,0.324371472532836
-0.0221984687824328,0.451111978106411
-0.00606361273607542,0.378318132960815
-0.0163827704643094,0.528885164714543
-0.0835561977254609,0.456833548065144
0.0518213923401638,0.451203982703843
0.00269957869995902,0.427141082977231
0.0166835828481607,0.417482384723877
0.0160567107993302,0.543426818422845
0.0359649937281855,0.356524710482122
0.0575275517542704,0.508755499923494
0.0174533717392442,0.325339098863389
0.0769076611750618,0.390516296114892
0.171953683467188,0.381781897727433
0.0474693533474136,0.317624465279685
0.11241755819821,0.436783060143274
0.102723861278844,0.491089058793184
0.0912455497620758,0.354132693380556
0.0944264370299899,0.2229510826646
0.189771915381982,0.383465046060127
0.0506533488642705,0.324526352920288
0.137235631512945,0.428335610585239
0.0732116609474614,0.323145720742468
0.295937119502044,0.31312458271218
0.282550975133295,0.440979868101772
0.177805012277649,0.391752926381566
0.24660438136545,0.350845615464968
0.204760533154911,0.340911947412456
0.216108934665644,0.235682386990763
0.165966441621396,0.394441686967945
0.224646336003249,0.351515336435458
0.24447777412144,0.418729575273725
0.229789625067818,0.381654815120645
0.383619055453988,0.382105054978257
0.350241000084931,0.322527189237328
0.259625072038507,0.241604032032256
0.292663852528141,0.245950577414816
0.324134837404922,0.176353297114835
0.372896756574036,0.181740303555495
0.419615598089123,0.202322903861037
0.515823939176621,0.182414989269441
0.453032129515989,0.0990060251007388
0.625589615779853,0.0669334508565042
0.507940895635962,0.0590172108371629
0.555544691005424,0.0776199259950029
0.601675271200694,0.0999503905604619
0.593996725960468,-0.0167094408071099
0.625183915690732,-0.0134522321277461
0.586722201552327,-0.0492117181351764
0.642293508599377,-0.0460138824150715
0.742571783286188,-0.126679907820487
0.657471940507795,-0.0623975644607505
0.66340351681748,-0.112078676988509
0.678017409828309,-0.178166657127075
0.712257416297836,-0.138803061060425
0.63646368774205,-0.299990566105454
0.708321970286281,-0.205270308851896
0.646059648329755,-0.247596821476444
0.694186746667373,-0.238258905913909
0.695209081819663,-0.299462323403815
0.63185033379187,-0.289766508318247
0.633368689054159,-0.411964698320684
0.704685458868676,-0.411984542091367
0.69898113704922,-0.493240287452339
0.62358130191024,-0.461581231479413
0.670679571154014,-0.534983460484386
0.702476953552885,-0.525430924258048
0.716359646842974,-0.561307015481993
0.708764649697674,-0.537499483685616
0.656832849490421,-0.593141407293122
0.732899637004555,-0.528854312239008
0.699864052636844,-0.608833401128407
0.716198996105846,-0.522943730684897
0.708505637678311,-0.556839291445107
0.69780252548594,-0.609133223345174
0.643723239615545,-0.573740827079635
0.656379692737106,-0.559102547430598
0.628157107851108,-0.591154589664741
0.600634445476083,-0.593935486521812
0.629000200721463,-0.584176935032793
0.614415834812031,-0.548917891869999
0.575854165627293,-0.499512538029069
0.597641729225408,-0.576691920003191
0.572780104269495,-0.609066431110656
0.624967232194591,-0.556465571104167
0.592182539688045,-0.552205324796627
0.568681645430035,-0.504972917030422
0.603097241705689,-0.505963333731593
0.602958552155722,-0.589677419870107
0.559832918632882,-0.595875567653989
0.623266334329466,-0.63786226966159
0.538626059120443,-0.562499504274495
0.538326521270234,-0.603847119271131
0.554978209294957,-0.546785360716476
0.594997544274972,-0.527321463370651
0.461718840716282,-0.576614932196652
0.500450609324692,-0.539095493849462
0.548945433231024,-0.471442205778465
0.57883033497797,-0.449107200655145
0.542189470254419,-0.409327842018076
0.572440508193166,-0.476965177489709
0.49593574432504,-0.456114853367972
0.505651291884289,-0.395541116287382
0.605467224540615,-0.405900119206899
0.482965938596977,-0.401971338192445
0.512517956454485,-0.302526034403675
0.526929418295033,-0.257645873417423
0.436935315569613,-0.343530126709221
0.391458968995669,-0.271266433091538
0.403301927975288,-0.276075123346566
0.406517564348812,-0.248178713332046
0.403618069929129,-0.226709875976284
0.350652551684031,-0.205897808445956
0.325762019887508,-0.19008067387703
0.230867223582758,-0.187237511054581
0.282082968777,0.0181440931538653
0.404813373960469,-0.233042249511466
0.202421940662458,-0.205238968932378
0.234340145983499,-0.0499242039177806
0.158403606835949,-0.0365847779944004
0.294807319213504,-0.0344285770125484
0.23421753705417,0.0550312071573801
0.204695734465349,-0.0834661919296372
0.219207870004396,-0.0344183432879782
0.180737863277851,0.0453042655346515
0.125719525592589,-0.0172962950693754
0.109549969798701,0.042141317496888
0.0784547896015408,0.0935973353157518
0.129318541576385,0.0930045484302985
0.16867602860833,0.175673456370581
0.0887270154575636,0.0164130815071934
0.14675707029851,0.049180223595608
0.138445082745797,0.200273847613085
0.0595919002176606,0.056732714350701
0.125092100874983,0.170220949598015
-0.000243380874565197,0.0294663724699718
0.00719139314022591,0.0567512789738117
0.092097254939653,0.035620690797478
0.147527827378455,0.136679779726324
0.145319784787543,0.0764904816723245
0.138626785510619,0.0815187747787053
0.236860693137451,0.055940540407864
0.0968262325393906,0.145229663831994
0.0849491689567811,0.124010683954188
0.0963761799126896,0.0533355713459267
0.154310238166845,0.132853518138452
0.141927242414286,0.0842643756031209
0.18619584222462,0.150868786468167
0.143672995936428,0.0686357348220329
0.204069559141233,0.0875861927606346
0.22572123975529,0.128206763219268
0.100459962020785,0.0544753861983456
0.182285449160832,0.233759868640473
0.137355959980166,0.159657152461466
0.0295650405831061,0.139176134977284
0.224013184127146,0.192822252866745
0.206813727098066,0.273011719918534
0.219035870182568,0.176241351346178
-0.041421997354713,0.248287092349765
0.162481618021543,0.185948653643165
0.138541268661941,0.229853185342341
0.150493025155217,0.161543718676223
0.118531240685807,0.224773042940052
0.1700477679873,0.20651052910126
0.00856509570641254,0.214844254069637
0.0282190236135125,0.18881287571975
0.0913748289242361,0.286516728380791
0.190412195882904,0.293652729318927
0.118049079547302,0.317764660336324
0.121397079411224,0.24416297889523
0.170066825896392,0.306982279093059
0.04865147968235,0.237373857808221
0.256906758235547,0.233221732917916
0.25637361961337,0.302116517273256
0.179823775273903,0.346289565058534
0.295566968290841,0.303244221180161
0.211791611354282,0.310791274062242
0.327482331072034,0.250075271051764
0.270848192446125,0.324148656280274
0.272103134969078,0.330029545590647
0.358330697448889,0.349951116603931
0.279393831429324,0.37492985257168
0.262767381766616,0.236546586576995
0.317981586942835,0.213959067318322
0.326169734249859,0.331630396784346
0.28264339536262,0.238187622122374
0.287820650195388,0.192114148530329
0.199163828092236,0.263343623183537
0.33564153395945,0.174175530637555
0.263668090347221,0.214227575849152
0.240492346924928,0.169107990669962
0.280681847488251,0.135898050227184
0.26278932639177,0.140124103074776
0.187133376727045,0.21234161617414
0.282645393804399,0.119897194020557
0.306448036919738,0.117764791346601
0.255215522249943,0.190725346222291
0.289904674980874,0.102780486890736
0.253157212226889,0.025113439665621
0.350268429975571,0.102350416203726
0.255218477085994,0.13245197379558
0.365768368771649,0.00902103139892556
0.27174622508571,-0.020769183460085
0.400572368053239,0.0354693003260899
0.442736438449406,-0.143992248596316
0.260936958917305,0.0290021269539362
0.349569036471833,-0.161062222755078
0.219535428613273,-0.0346715871553288
0.319187137795439,-0.00820055372408714
0.297920977428754,-0.0809595049413784
0.307144401372048,-0.169836775872788
0.362356127069484,-0.169810778381875
0.47461720023391,-0.103618822471103
0.393372772980803,-0.185516742158252
0.331203812059989,-0.177122404227994
0.322685822384469,-0.206658062035969
0.293175595373844,-0.149975991525379
0.373749658427785,-0.270675315342714
0.391718656629552,-0.292043955343816
0.254621559553104,-0.30276941458051
0.249986145229133,-0.232254338671119
0.23857317035706,-0.32889945278929
0.234744199742931,-0.273123294449177
0.222688047509359,-0.324116288790814
0.296584612140837,-0.349339585643752
0.280197422666025,-0.315488155850742
0.26312357889562,-0.428483237127622
0.285725803274809,-0.454697121868071
0.251967945734866,-0.395235067426204
0.250255769256981,-0.449969843222209
0.173786439932487,-0.234612838421702
0.217200241188406,-0.373685772871729
0.162048372952094,-0.380315461517924
0.230684231510475,-0.36226287309769
0.298209265625125,-0.394674504272552
0.291188806498449,-0.34580484692089
0.151488750225927,-0.490475154930385
0.199436834885118,-0.408800616223105
0.288255162996635,-0.371034092018284
0.336249995350192,-0.582727872032759
0.23849105416793,-0.358653034447743
0.283715075872268,-0.436311464858427
0.310216581586749,-0.408813839509557
0.278040830874806,-0.429158987973428
0.312701512631528,-0.382061136390909
0.404323247999453,-0.36478128571227
0.407207814443177,-0.438510789407425
0.431118093878422,-0.421280049180912
0.394205217719203,-0.419119807727497
0.452761100101128,-0.387193736018185
0.428493647521121,-0.433406703341358
0.563665050626181,-0.328941353293584
0.465002066117515,-0.474428938925124
0.486759656415248,-0.445975169782779
0.587769003275762,-0.367572894451276
0.600556629337367,-0.379232008305549
0.570600003285484,-0.409754926250165
0.485316432247207,-0.37421900082581
0.603670645287059,-0.407135685414277
0.500795998611231,-0.294671508000761
0.501463655856897,-0.356061807029902
0.541708219999366,-0.325837065381637
0.667643635480377,-0.383356669851662
0.542163751311787,-0.316392660946738
0.598790016864681,-0.430257843169348
0.622947639968841,-0.43359278997265
0.693577555484066,-0.413750613182589
0.63074505672863,-0.350759784300465
0.67415663717084,-0.465273595090195
0.690953416813504,-0.458428220813024
0.669841488054298,-0.528908317480739
0.653468409477192,-0.50839313719603
0.648072287307429,-0.550762797662297
0.66772694294904,-0.593132535646599
0.654323744087284,-0.562793418382223
0.628480208096219,-0.613729164120103
0.583902243077926,-0.634304211802072
0.510445510036441,-0.667555646976233
0.5214268575984,-0.710784290106107
0.514997496026668,-0.678688024420002
0.509748237156821,-0.703353184889449
0.476009948165364,-0.740711723184328
0.470420140138194,-0.76319181095525
0.471367041490456,-0.771918963958102
0.426891348824092,-0.799140068958658
0.437203138102065,-0.80132541156828
0.426498083664927,-0.825070583020596
0.429352997378135,-0.827860209308907
0.385834689509338,-0.843108286869045
0.365630433108646,-0.855302023249482
0.416801034211761,-0.827427859589084
0.404128493916473,-0.865032374966802
0.400970225659456,-0.835850941938734
0.407582729398759,-0.846708570852335
0.413549225125597,-0.841108817202743
0.442576693637825,-0.803246930598553
0.418905655118256,-0.828497997413747
0.440183765580545,-0.793149470012399
0.469352632303141,-0.773475637663657
0.487643159125985,-0.779993786552598
0.407087973153154,-0.77726669753968
0.451624921368772,-0.775108355378437
0.426934199540428,-0.770009986755528
0.508238336698553,-0.750128248995953
0.466680075365047,-0.758993528847632
0.411700268248807,-0.740520269931607
0.491808875385698,-0.717190383989434
0.472981018502214,-0.733518901015993
0.450965768836715,-0.727364485570415
0.43930088756744,-0.746681262147786
0.449028697302094,-0.706025594215508
0.458479967313938,-0.680951404872768
0.507396723387128,-0.756280589778889
0.416955389050261,-0.747023961808191
0.431751664619443,-0.719913375345741
0.449059835400385,-0.697977799128294
0.454025858429029,-0.707681391828386
0.418218421540533,-0.664567198239114
0.443975027967791,-0.63536072122798
0.387544855155892,-0.634440486149111
0.335428144007977,-0.713192880019112
0.485339048270399,-0.735012382311862
0.403208700702618,-0.719225709799028
0.374080277686665,-0.701920641088786
0.415012865948415,-0.639049615439877
0.284779370276769,-0.665494354717797
0.255563854561931,-0.664055707737933
0.24601210533537,-0.636110983489396
0.254652843925569,-0.691852744032554
0.260231134107895,-0.764004004979847
0.203974302237027,-0.723755827483059
0.242144703056414,-0.69189840995417
0.166406014146349,-0.727528979835555
0.121610284049591,-0.668542306805292
0.104825283930999,-0.589473422401897
-0.0022570283709404,-0.694764771969645
0.0164301222240292,-0.758157753556917
-0.0864694248416972,-0.802212392214285
0.0106651826579369,-0.713069281085886
-0.114524678490868,-0.676071373440224
-0.144158444713129,-0.725373415541717
-0.115135984637851,-0.739087957515896
-0.169774540420267,-0.724173572842778
-0.178898379137982,-0.57421968527727
-0.261536714022498,-0.550476653842658
-0.201386482059551,-0.663107758294071
-0.328699531636034,-0.580335532061187
-0.358119754369567,-0.59056414881362
-0.330729037488132,-0.631123457075564
-0.440054825602482,-0.644141217400176
-0.454478948060488,-0.606307738523455
-0.375019599804884,-0.665062352039922
-0.436802069338724,-0.589270153393354
-0.49584586503407,-0.591213873941338
-0.404485070363006,-0.607407034051763
-0.476469738918954,-0.626813703753067
-0.530397813608112,-0.582506834542658
-0.500224582581022,-0.644016117382678
-0.538741765047843,-0.541161817593175
-0.629591584167208,-0.620602100504924
-0.528114082744045,-0.65610037025891
-0.644677581975506,-0.511283466439221
-0.645870810927701,-0.544019674650969
-0.629568353711091,-0.597801472946683
-0.612292740754766,-0.572088840143103
-0.581220058786314,-0.604488796503788
-0.721272939153091,-0.480931192955618
-0.741108832892648,-0.42392870483774
-0.639134632098811,-0.466956376646342
-0.714460067162699,-0.456494096930102
-0.72988824743108,-0.423423888574318
-0.716836851156334,-0.401520285155934
-0.726005818770101,-0.38870530873844
-0.736036582346592,-0.395107093553619
-0.721141896135523,-0.26837978128229
-0.645947836929533,-0.303958446885763
-0.748217065597548,-0.416266083873205
-0.70648362243819,-0.328696706533631
-0.755913440645585,-0.35769030380512
-0.727893227391574,-0.362894022273477
-0.665348379295583,-0.368166672570017
-0.706186986344442,-0.283147104775905
-0.728715649327793,-0.213958094953596
-0.731645892719583,-0.271306134095182
-0.678307132700355,-0.120542188950162
-0.729841186877418,-0.127675908972992
-0.565013864455133,-0.00457513911976981
-0.577837246252372,0.0291008447828156
-0.588186577093786,0.132536261705971
-0.628843629710048,0.113614117369836
-0.575212266803106,0.213279458531809
-0.593101634367027,0.154771320557245
-0.52383189727372,0.29714757994725
-0.57379276485071,0.225478786725838
-0.623198315594095,0.280277648052984
-0.549337039496719,0.350693219755841
-0.601714536374739,0.314143771974086
-0.435524969526995,0.330698626105189
-0.566472844881447,0.485987205452794
-0.596667919709968,0.460251752546619
-0.411400003584379,0.487826779646792
-0.51466770091715,0.542329364084573
-0.474355241277859,0.601973692112208
-0.436073350931669,0.630610649651207
-0.426158000554111,0.590927207242911
-0.359211495899401,0.612570057848319
-0.354437788478685,0.614409058816295
-0.358003777678105,0.608360572130778
-0.281450720226071,0.657633995024791
-0.259153065092028,0.581503026760301
-0.242755889319797,0.555201401744824
-0.223931109263691,0.534391845462068
-0.120808066134541,0.54596535637113
-0.167903758746138,0.627430629286072
-0.229870991656949,0.51801063852393
-0.168044693735862,0.550029903862622
-0.178223510427126,0.5157738189803
-0.097159927890474,0.513866948725645
-0.14095182225948,0.565440044906603
-0.169879442136787,0.480476757679596
-0.129074063401085,0.511868660339121
-0.143578333084326,0.513095996157426
-0.053409131419371,0.426234752279378
-0.0296924007052409,0.437898901444426
-0.16318749865146,0.478288276825682
-0.0671989634468663,0.498493559728631
-0.0925325711280767,0.428176918320887
-0.0757232941406463,0.565749849364711
-0.0396733403573997,0.449665739786958
0.0578869987708539,0.374300939676539
0.0319035345142236,0.567845075784863
0.0219134443866687,0.486424222162022
-0.0280578508802386,0.516687504777541
0.0891353938752558,0.511899792529092
-0.0360258499139927,0.562112370424149
-0.00576800749723209,0.388777285811505
0.0543071229766122,0.507160359738147
0.0443872175987419,0.453905774241446
0.0196016022200047,0.494457643826036
0.00437828227053978,0.452404483438795
0.011674927599221,0.421827251092907
0.116151088743757,0.478365003535752
0.0361651489094388,0.421873361637395
0.0312765792768059,0.491193498312566
-0.0015539489668106,0.405306803649344
0.028894554294886,0.468956597000953
0.152222669073593,0.586966666204265
0.0621658444567753,0.561692678332758
0.00204373013673908,0.427944357988457
0.0643669509716042,0.559035801154188
0.0251682204446768,0.517175970443847
0.1223836976189,0.633726400510301
0.0505076272276105,0.593474339526644
0.109397294275593,0.633241238892853
0.0571755434684187,0.647226543162103
0.0928313728913282,0.546450476213204
0.0577869281696391,0.607613514296303
0.145650688969115,0.56729245368985
0.0800549170381461,0.607543145148158
0.0645894631543016,0.609367380403528
0.0774788076430307,0.594825201000585
0.0629636680905592,0.67896199683317
0.101912193895085,0.49210141602612
-0.0271094152357087,0.569697343020676
0.048829076215062,0.45737736254817
0.130736244321763,0.586894620173439
0.0798900409741575,0.530482098914268
0.042835732752505,0.599544568209192
0.104271263183829,0.439383055241091
0.0698727631830297,0.57357703226374
0.0485967380901104,0.456860353770127
0.14493337739217,0.436216604823203
0.118669791609504,0.475259020950586
0.0863267553316335,0.466319141707418
0.00855531206394392,0.433274988345639
0.0632278191252531,0.51625232257269
0.0576144963189633,0.430869264868362
0.078664775043215,0.452469208381524
0.104588019454081,0.403039282567089
0.0633136716609396,0.322572844599491
0.076107130385743,0.32812922532964
0.0768734560327583,0.364872139530602
-0.0487904537354463,0.303249837845761
0.181286244873877,0.353646924648875
-0.040262458909326,0.301701617532204
0.030914240804226,0.275745145514547
0.0137121640137712,0.361467582066147
0.103191869668352,0.356732925486079
0.0180301195008204,0.325264142150305
0.0440613589908691,0.329148563012229
0.0659054922059575,0.248570014937996
0.0805590962502278,0.305743718643326
0.000361984252674662,0.298975301918027
0.0752498322514059,0.348931070158864
0.0613227695975957,0.263894029236059
-0.0234115337479119,0.226737871704666
0.0321124491700807,0.217127148779442
0.0776428141950168,0.358770669112822
-0.034374611606164,0.23790950628526
0.0404415324725892,0.356093292637982
-0.0306566476269647,0.302628184536478
0.025807698310294,0.235613352577766
0.000886319412480383,0.210336980710175
-0.0311446264163973,0.25678032911271
0.0511551718426403,0.174208066292971
-0.066111542087552,0.269960411568315
-0.0577537665539158,0.124733845060208
-0.0388198847420422,0.20677693417082
-0.141274019300567,0.279065783548373
-0.041597923968735,0.232792560563111
-0.0515795917345426,0.303302305401989
-0.0311819439812409,0.364466776144683
-0.265529663894549,0.246804745042694
0.0104799808820077,0.36895918141935
-0.0607874043572226,0.247928565215486
-0.133968948843589,0.295615063571289
-0.052939205610081,0.363071697015726
-0.133016254764566,0.42718395952803
-0.00320225373164447,0.384955249181309
-0.1413075906401,0.336793879280263
-0.122682582402368,0.345161633122675
-0.05352481769504,0.467243697047492
-0.079260847064387,0.400491218401313
-0.0981547401894712,0.454963748681765
-0.109760351062782,0.341311071791349
-0.119522118163542,0.483662787533552
-0.0664188172521069,0.366649832344703
-0.0323327359056975,0.241221288155445
-0.179011222945202,0.449256951382208
-0.102367441318629,0.386455060490772
-0.108246805460457,0.511260490888699
-0.125835205781303,0.303958567290629
-0.146068543915223,0.458757637171935
-0.0568884331073559,0.320598872916463
-0.0242135068085371,0.466969587538539
-0.158742612409127,0.39860904687187
-0.0501037548103478,0.402106714215647
-0.0570592272412226,0.295861230799667
-0.110061042166669,0.488678126141594
-0.0594645050385772,0.428575073934694
-0.132246160055589,0.321046092226848
-0.0177187197464591,0.37543698983608
-0.127620629734083,0.350067031358388
-0.0918761405508033,0.471398182153555
-0.0901789664324881,0.352266912435689
-0.2360610736735,0.467024713322599
-0.114249424129147,0.469428883489216
-0.11046718135255,0.323830200991569
-0.0810700569884715,0.430518307625935
-0.157784243037366,0.446841386245723
-0.201033885012418,0.487464177597905
-0.218273335208519,0.470558110774824
-0.140070279835439,0.468736816311172
-0.197970577740612,0.432509517327401
-0.178848981220048,0.49219743381176
-0.165761540576411,0.482242610190557
-0.160824431021981,0.47058905659804
-0.171687373196165,0.569131926148927
-0.178332484491859,0.45070721010141
-0.195337723231883,0.427030365925622
-0.284980676834905,0.479893695155299
-0.156447544038993,0.412952088521489
-0.3440521782455,0.486202796260128
-0.23355792173235,0.482597516105602
-0.232812549437274,0.401733154031644
-0.346428363623714,0.556977319945897
-0.211857382368759,0.357989640522281
-0.294611104319809,0.473885588142488
-0.290481448247366,0.480011777920604
-0.216220099208793,0.356566720377567
-0.28001112176083,0.473542409334624
-0.266979150228537,0.402074382580375
-0.304416227692379,0.473832496353193
-0.263064359985189,0.465965970035503
-0.204927353554212,0.452808259845907
-0.247725026148106,0.455740205708734
-0.264337099324997,0.485020848503687
-0.291149824792898,0.428252199412857
-0.268442764501916,0.44807124390191
-0.276785024362822,0.40437987867268
-0.256200574538438,0.40800377170928
-0.259446102781274,0.403634483161615
-0.37202823110237,0.328400412407474
-0.21356514403286,0.441839019616292
-0.312303169468845,0.397910390502168
-0.327064660354304,0.437461576890107
-0.298310724979885,0.433987961814149
-0.205764619961128,0.306240378779316
-0.323295480866828,0.426043570055342
-0.288911457220759,0.367310500354726
-0.226325632742354,0.413875215611558
-0.267647741249944,0.442127197649988
-0.228184145809525,0.366155953374427
-0.244394879599679,0.413821769719854
-0.231001778484028,0.391305729615419
-0.256256949779899,0.388213314039901
-0.313767919411704,0.467464839273359
-0.208992425874127,0.365868357763629
-0.250677927771157,0.466156421643695
-0.221140719933062,0.402226868375953
-0.279668431085551,0.510054744869002
-0.302597001688869,0.450938671677228
-0.248032451441327,0.406581567987958
-0.334275800973495,0.389731193982578
-0.199558378902802,0.506318757822716
-0.299941733772543,0.426282447472723
-0.322672099584501,0.423320541152429
-0.266076047266478,0.434361244502622
-0.299371964944371,0.503866844354675
-0.321351233523674,0.448532782635319
-0.196831573900525,0.498555970780061
-0.177733094062329,0.412691155306851
-0.299358117912374,0.456542386294892
-0.295675618149236,0.431869360412703
-0.24778034078484,0.401704506581816
-0.260741611993975,0.353960360594065
-0.27782016306897,0.32817513423996
-0.260570136980743,0.34117195843835
-0.250619446119256,0.296292833635359
-0.229134765853078,0.364200797230997
-0.393481686542542,0.306920284196116
-0.344916214809888,0.290492020606011
-0.339564790480941,0.278903995461963
-0.345043638051024,0.332869085791522
-0.356663420947908,0.343985352493744
-0.369911426161512,0.235121584596994
-0.279479293599524,0.367634895840532
-0.334687784221251,0.361091423674841
-0.352854252446973,0.358343093857286
-0.286546003664165,0.274145276257697
-0.214954858137004,0.359292656760018
-0.386973233874604,0.410670776267744
-0.29444247181378,0.277023109562208
-0.377299565072483,0.262604611051213
-0.315227779817288,0.396352018413901
-0.342954637843653,0.240963230136727
-0.369987174606929,0.414904362091108
-0.334427140835463,0.262281590665267
-0.332430333971275,0.392928750091478
-0.383001969168308,0.395983504822995
-0.276089005093616,0.3369988473619
-0.353130300796091,0.387902535876188
-0.265229232158517,0.397175105429032
-0.336397279295794,0.333017963557295
-0.250683489250529,0.458984221320885
-0.301463337283951,0.373531594551843
-0.325549016864147,0.410766744901786
-0.349649196116512,0.479697929193945
-0.322253025355779,0.377608238089116
-0.366119163265347,0.44620871211187
-0.394831854481034,0.537161239879494
-0.405627817260518,0.509925000852988
-0.364158622119809,0.501598982925639
-0.4723231655163,0.476905452889459
-0.464848812251723,0.563559792892979
-0.434002454732982,0.537142903504289
-0.479824750857429,0.591460930636508
-0.466635146995182,0.52964057116718
-0.549451710153293,0.594207455223864
-0.48823564772001,0.620515669868911
-0.513155761563431,0.612507547173261
-0.515442731066902,0.61040064611627
-0.532422440183462,0.668124523115529
-0.546241220684272,0.648322474567161
-0.49848076658197,0.676910244902356
-0.533388563420923,0.720364189498362
-0.543691567367011,0.67515956153722
-0.562725799323631,0.736160644710039
-0.512480208960661,0.754755082262249
-0.526088368677844,0.77141246702441
-0.465291697456556,0.778798100971093
-0.52129238284091,0.759496916197814
-0.481820591597186,0.754290057500653
-0.454087285557945,0.774273885568946
-0.493090562288111,0.789142965760411
-0.526130390779683,0.779656567392734
-0.486726567454248,0.77063617388047
-0.493723983842543,0.769437776406526
-0.506355640728652,0.814097424387643
-0.532379800311171,0.801886237836012
-0.490607699225797,0.745316089458213
-0.499290817820135,0.772216777509334
-0.496087689782181,0.799222967945114
-0.496064956054031,0.799019055087773
-0.474093185817473,0.816163681189237
-0.496647250802074,0.836724977866964
-0.443475892576034,0.849652244267469
-0.495263372214596,0.822528324375996
-0.520415503934397,0.800305805417326
-0.533022079332389,0.799603310959667
-0.575528363407176,0.756690224584978
-0.583235718052521,0.768244484023308
-0.604073929936056,0.749925996296117
-0.651377953120488,0.715349820178588
-0.685197965541075,0.681236655091606
-0.686644920579391,0.662676804464895
-0.696799106509952,0.651326295469685
-0.727422179425554,0.604095812616976
-0.738165659613712,0.548725436877099
-0.738756440449801,0.52703355005847
-0.768798977695857,0.51302818914614
-0.812599358610219,0.432654504591162
-0.818944757331456,0.414936769959948
-0.851618231788646,0.398279368282088
-0.875471735913541,0.351610730645278
-0.919244064654317,0.288516956886945
-0.929370604651345,0.249556007266573
-0.942540188754538,0.231604820265987
-0.926939950263181,0.236459614935317
-0.949771071362031,0.211665125723134
-0.933003072228414,0.204064710689329
-0.967802588725123,0.187004172167005
-0.966686184145841,0.130971897942694
-0.979055124596853,0.124007320438829
-0.988586201910177,0.0862815744268884
-0.986951243296785,0.0943124516797373
-0.935869589494744,0.0882131877935715
-0.98528266326864,0.0876340779302441
-0.936797407864668,0.0257057705991495
-0.984333414746052,0.0167299448870239
-0.991682113805941,0.00477248985069308
-0.990942732778728,0.00622104198432006
-0.988554779090363,-0.00232257909240175
-0.985149935641565,-0.0126072377677436
-0.974996422956921,0.00236549445198541
-0.981264417358273,-0.00845681003742119
-0.981381605466259,-0.0224066552975589
-0.968324427451552,-0.0365016034155932
-0.97984175286932,-0.0698044550390155
-0.979912857204618,-0.0724596743653693
-0.981568572371301,-0.0776838753227577
-0.973177374155504,-0.106327064522903
-0.96228668078058,-0.103844133036076
-0.963624129225019,-0.124861822676558
-0.966058221586994,-0.153753811085112
-0.946855118122458,-0.141902800566995
-0.966332243421255,-0.167485365040772
-0.934451001561369,-0.185427978747126
-0.920704069017376,-0.229701197446208
-0.938591973528075,-0.284478876069895
-0.889004419591681,-0.306200548304094
-0.900966963096741,-0.354639092960578
-0.862598139772138,-0.405867948288093
-0.824823577394992,-0.418103207042901
-0.861669891012187,-0.439853408547817
-0.837312973508599,-0.449118662572258
-0.79719182295433,-0.532386622040421
-0.715418775201161,-0.588417994308837
-0.698464572324531,-0.59395076278327
-0.708603215248886,-0.615890491204299
-0.624054324935824,-0.662592319738861
-0.609427471810082,-0.714119075608281
-0.58388435443572,-0.732320061737324
-0.547945048324524,-0.728603530408554
-0.528744384179347,-0.725511188805917
-0.441013645635844,-0.783923833713427
-0.445499764804834,-0.781775068501738
-0.439566570823088,-0.820269027279776
-0.415711575920671,-0.793446158850476
-0.387995294669088,-0.760787427806908
-0.385760747433911,-0.858234683516288
-0.337223274411758,-0.850513438646772
-0.324985051776128,-0.851156484243129
-0.302032272534853,-0.873401877689437
-0.261338561035082,-0.889057645255911
-0.307304246703548,-0.887466663279454
-0.282841006781157,-0.868590598205781
-0.292423688374718,-0.841321382489627
-0.316928222532521,-0.873797416733492
-0.312798134445542,-0.911576456664512
-0.361208429884478,-0.860586893997977
-0.352375519569412,-0.877937473941994
-0.337207463657522,-0.900513498020368
-0.355498280261398,-0.872390417675907
-0.36041096620569,-0.876361191417377
-0.359903917394466,-0.892239621859608
-0.402336563557202,-0.899258566730241
-0.425410574576517,-0.892773717509371
-0.419965292097289,-0.87477140177206
-0.451000224719534,-0.854891465424726
-0.466918100167032,-0.838941646231636
-0.489314339104098,-0.804474643100622
-0.497747545088961,-0.803841069826646
-0.541464106500389,-0.803595014277212
-0.53600732703311,-0.81657420817583
-0.520285690754093,-0.832869098941993
-0.49274112088587,-0.827416685803658
-0.462874893557824,-0.811920526211539
-0.449586332507725,-0.832359156770331
-0.44265179664537,-0.828625745681744
-0.468528472837053,-0.856561123597785
-0.456361620745376,-0.85415543671733
-0.461138630285911,-0.858753793731175
-0.425892907519564,-0.868011245702214
-0.438923657046729,-0.859124959120031
-0.40320652355374,-0.877441470925763
-0.371615723991879,-0.859035910102168
-0.278812385769052,-0.87255673204579
-0.295088243015859,-0.876517616687138
-0.243208516517945,-0.895028916972561
-0.235240407609253,-0.849692274495162
-0.215812547945524,-0.874309385285162
-0.256944650332369,-0.875385451324961
-0.174678207544128,-0.887439834482653
-0.156976575228503,-0.932034695482765
-0.126393694416983,-0.914817434262527
-0.117313903784712,-0.928836771077314
-0.0384128603533533,-0.884935720954114
-0.0367391038419516,-0.939220872964117
-0.0591976343121272,-0.947721657520005
-0.0188430996710103,-0.949715156094003
0.0124977814126016,-0.948198191637407
0.0632715168690276,-0.953364860557101
0.0649205640783231,-0.951457322901201
0.0933431567440656,-0.92473411941884
0.151577026815158,-0.914177660678119
0.140838238301478,-0.935312292029329
0.129834049063808,-0.893156476990797
0.183876319975398,-0.930322553806353
0.227017591606057,-0.883390029326073
0.199871854425266,-0.924662027857272
0.247632828944803,-0.912745256190562
0.265523089913711,-0.906764756720463
0.25633485203621,-0.918018762383394
0.276756435648728,-0.893772176079835
0.280804581205647,-0.921845968829458
0.350312651603674,-0.873957745672773
0.383859666600857,-0.836566932746536
0.378720176710673,-0.818100856561411
0.414405554487734,-0.805884815442578
0.395872653771402,-0.774350095918323
0.4411148419183,-0.778279858372185
0.447576552259358,-0.764435768034408
0.426746025330161,-0.713203120754312
0.470323898650347,-0.688587466881559
0.50204608250892,-0.664702998984767
0.516930383080817,-0.637926730123649
0.489830830677754,-0.667437336554749
0.423042077923014,-0.682391099482811
0.5543502695843,-0.59618716628703
0.518772857475582,-0.642326406562693
0.48566205907511,-0.6065016740835
0.543100250511492,-0.528221919435136
0.54018371526507,-0.60735766883345
0.63631506776026,-0.550362251745682
0.612568601113269,-0.520025660829
0.659959442048883,-0.503049666222431
0.644696143541837,-0.443724993126728
0.671690709738142,-0.489399168930918
0.675680171875381,-0.377274971506981
0.701835734989671,-0.32988856771833
0.726563942598936,-0.308769682811555
0.674865152773302,-0.308510966305497
0.70866175603841,-0.284784642677162
0.69581157257685,-0.231534466867795
0.708210935966964,-0.180058611859575
0.689776698962524,-0.213142779995664
0.71427645342281,-0.14186095071193
0.69892281317316,-0.0905112202020303
0.718519623057236,-0.0652699148745104
0.76315985625373,-0.0750145908375713
0.781142212460269,-0.0732791870104666
0.793715602158617,-0.06806869299697
0.687393028367451,-0.00646007095000525
0.721320708697933,-0.00130507382724006
0.687663058262012,0.0816269537733151
0.659620734352953,0.116414649578732
0.698831011919326,0.0838644202132324
0.669830408847068,0.149096560376274
0.638733582689288,0.173901625158232
0.604598623096037,0.163807366482362
0.663321049719687,0.269466004837098
0.599538457822109,0.236815582394522
0.608533953852338,0.186156114417583
0.582584155351694,0.275968360291803
0.618971222052974,0.262507867979464
0.524031369574023,0.21965861719877
0.575767981587726,0.24186722438398
0.628707538528995,0.229567710618411
0.477437245890509,0.169763670084304
0.571614534779837,0.199671726050747
0.557057676869357,0.196660963309025
0.559593325001831,0.302340268515629
0.412447599077257,0.235176392554615
0.488883882098777,0.195790967271039
0.446728425842111,0.212034368505629
0.43527670644598,0.14525350965765
0.432641189409446,0.165327925498808
0.495746110616124,0.216081654663317
0.345571245300304,0.220970037092845
0.441797071988371,0.128812199175391
0.48444147248524,0.0281962564821707
0.450803106396477,0.208021296648036
0.446785482497679,0.123190401708149
0.493561264261069,0.0145004763967331
0.437257915804955,0.0626220889324563
0.52414551474803,0.0213727800178086
0.420626176214168,0.058253941516112
0.360364180710554,0.0841005178443188
0.535328151495384,0.0358135343011766
0.415126201358575,0.00309218289888825
0.429044940638133,0.000758133636008061
0.44804215185742,-0.0957172405521685
0.428503680555327,-0.040774193404199
0.401270170078059,-0.0777713218692038
0.422968911521642,-0.0559023769805989
0.444348766318429,-0.111475481725199
0.430276785358448,-0.127604934764617
0.362449863739213,-0.104160430290843
0.342204450527101,-0.129179064141051
0.355046641412113,-0.0389745577879737
0.359047885089691,-0.0699967752277476
0.318344168510795,-0.141414713145618
0.326440656858455,0.0254122486678693
0.468539457516468,-0.118134372916633
0.222860269959661,-0.0195646800110812
0.327119900821011,-0.0681819813955135
0.286404839044485,-0.144115615082953
0.286268077168391,-0.0737016273550423
0.24244995363426,-0.111466313787465
0.373359627146281,-0.0979753445133513
0.29434614963682,0.0211646015377132
0.281280141170449,-0.132740245543068
0.212032907595027,-0.0371045055025619
0.307518993909472,-0.0415731078128535
0.219016106523211,-0.089350358588584
0.277767151240541,-0.058816019938554
0.228686054089458,-0.046811733913377
0.268130494157489,-0.115523846658054
0.215597270109371,-0.0828406759245439
0.131078927639789,-0.105751654575618
0.162203065848605,-0.0965867499937672
0.20404720168734,-0.169525477777572
0.223408324271529,-0.254179684498437
0.171440166641107,-0.166148192413398
0.255844844369829,-0.277655523592712
0.198633905105316,-0.236618229704967
0.247678789076812,-0.288452321152068
0.226419236278158,-0.306115361659573
0.147958068747886,-0.414177774002595
0.303972179349837,-0.248807861310425
0.136357882144772,-0.440173782326879
0.111217902702445,-0.383076720050195
0.182443391167145,-0.345112061216721
0.116404350003764,-0.42179015704405
0.156673659197383,-0.382869646036675
0.0424803728128563,-0.425926589434312
0.151752434148355,-0.527006312151596
0.103054959945857,-0.496799531284393
0.125819721277663,-0.462301254660414
0.153879360770897,-0.5049123632923
0.0370522372541526,-0.468513854138239
0.0992674208296974,-0.396692556597902
0.16748839538031,-0.485661400190244
-0.000635645732947598,-0.440605375578334
0.0577231946156212,-0.408579221781764
0.0600574629131058,-0.491533486336899
0.0444955683064087,-0.487650915101416
-0.0154941270789691,-0.413109852635812
0.0620320175671004,-0.485030858129912
0.0429915396123381,-0.475295186974539
0.0818691703216347,-0.565191525758267
0.0333641258423027,-0.474052234451513
0.0819946494365259,-0.542412777019264
-0.00681494009834506,-0.504591633259591
0.0250036566194208,-0.534964054822949
0.0341788181941596,-0.440143858250656
0.0386772009044635,-0.560683330463502
0.130413245762993,-0.539126866131703
0.152343804453382,-0.407724050340621
0.158829487248728,-0.503696782566789
0.268381389629265,-0.482599909320725
0.198788673281891,-0.496516765560023
0.196793705029699,-0.523651126993965
0.282821812527308,-0.503311687491409
0.354059518494255,-0.398907188783449
0.175845594514642,-0.394087356934737
0.235191797128321,-0.516811699056209
0.336138689853015,-0.30161020739523
0.422310592007669,-0.398337405969842
0.292867048926869,-0.372054683224926
0.377158257882391,-0.217362418926831
0.283607268032159,-0.377411421236995
0.41063154748672,-0.2455514714583
0.322304897250567,-0.389712313621502
0.328194863692016,-0.328834506610227
0.337614500141312,-0.333155676863075
0.367786009262141,-0.213241398939406
0.41632304531617,-0.163708021605527
0.3399457161823,-0.159497182418772
0.343614944239813,-0.0884510586614268
0.358154894457572,-0.100530848615276
0.423976263068059,-0.17125054928122
0.296007959576853,-0.0876548973847849
0.424026921919926,-0.0892065797423725
0.399652829000093,-0.105317323409894
0.27916227325586,-0.157920953973047
0.306171202338117,-0.0860725622377145
0.361235188543321,-0.119947416754695
0.292401398702512,-0.12786208147663
0.341447171312295,-0.154758577436962
0.350263311879401,-0.0947674214860819
0.252725548599278,-0.146619578420954
0.387988703406116,-0.0845425175778241
0.387324976304624,-0.0193876343104395
0.320022555943038,-0.00566840555448102
0.37463298829084,0.0234223569113351
0.245589479012194,0.0934865067487007
0.258472820045719,0.105453591598931
0.287127578617301,0.107422170707553
0.309032216426679,0.0868554731979981
0.209568842518822,0.119129724813939
0.321985129080712,0.210157501080814
0.219997077248845,0.257338180157536
0.229450651817128,0.247379446594179
0.305354134695902,0.324986224886538
0.290877046170909,0.389737784807677
0.398648225430272,0.372739185161127
0.32851531618182,0.489506099162554
0.357129658454489,0.346845131736061
0.397517565983966,0.478069452702767
0.370215266497756,0.369894984369485
0.297350800886893,0.438071199770071
0.385122140907685,0.510714609542781
0.3648779777134,0.472032859021188
0.402678548073142,0.454392511469315
0.427399425395767,0.482285283331434
0.428678303458055,0.490975925885053
0.344879151695917,0.553151876945748
0.478222873605543,0.466788316488959
0.344526591616974,0.482315001910697
0.444752220863399,0.461199756012449
0.382490160450676,0.562989827963236
0.429479582617887,0.562079115570413
0.359140739443206,0.508328820383934
0.396189561268332,0.532556397127642
0.398869056547252,0.471772570198159
0.415303478613212,0.573297234908012
0.433957712113995,0.552445992814162
0.442613252388771,0.516879984105503
0.401824560354641,0.48592292774697
0.382622014169223,0.600475395258135
0.382822768176067,0.529521726025126
0.278353188251834,0.513371891370722
0.430982465626127,0.514729860294037
0.320277586206448,0.549069304518342
0.319036143413141,0.505252932018927
0.265873817470582,0.415249575184541
0.362729446652949,0.550561933029668
0.3113655376501,0.324917809483637
0.337787036855797,0.562429307793746
0.448421157471412,0.470220580565755
0.370997425910532,0.392825821511086
0.383784877437377,0.410386908287059
0.291285513728562,0.377326717507722
0.310799940222366,0.382571787562486
0.357983453449459,0.44711903099062
0.370094133472555,0.275818633327033
0.374733237104049,0.334124446625087
0.399448981673983,0.361377614810017
0.428651638392257,0.31270146148169
0.44950784724228,0.273402361265469
0.401824909184842,0.396684303526271
0.447292581732679,0.317058683209498
0.408858966443047,0.447979043626027
0.40831137493136,0.365384743821528
0.365132408677751,0.446756206914024
0.464361368196016,0.435251782712013
0.43325986869786,0.326087824372104
0.427050398661576,0.474848384166688
0.291804080581798,0.383616285201907
0.440906287043973,0.488458704883758
0.351495190701783,0.465725035586787
0.397093947663038,0.465227548731448
0.387239952210018,0.536479291184518
0.326985133028531,0.432299353572525
0.423466790023539,0.486971104941093
0.327052706615438,0.458174466673889
0.242342996320307,0.584914144875185
0.256033936613354,0.527789686493153
0.267172801460638,0.508674923587159
0.120207289685252,0.427790927547903
0.189193686575777,0.558586339630883
0.13526487453814,0.541475371784284
0.069320476656424,0.523938740573442
0.122428978224955,0.537355533271622
0.0652369919285319,0.463956243019251
-0.0159698984074467,0.527002687001646
0.0304653094917505,0.522052313793235
0.0179675483961171,0.589434251090419
0.0108381082057796,0.548000533958648
-0.064451603837728,0.500055437187875
-0.00322966223816153,0.509574448222521
0.0099064871619211,0.465638181351628
-0.048661807041627,0.407120566546375
-0.0332850225996958,0.419667227531678
-0.14086323984907,0.420226480269293
-0.123359562616125,0.471663939532718
-0.073959135159608,0.331505884878818
-0.0363000132570352,0.530290793043496
-0.0642178708813531,0.452096592124826
-0.060499882156474,0.447717974078883
-0.0319479048581509,0.340360960544646
-0.0893029088899151,0.334448536191972
-0.0814507811794571,0.471342594465655
-0.077495968995495,0.500551060293269
-0.148407172772803,0.417932268152693
-0.16972602292288,0.457210335583391
-0.162857045370555,0.459461665101123
-0.0924718156484924,0.43340760822635
-0.189517955145259,0.430634090736248
-0.12485390764942,0.350038530042518
-0.149310116518976,0.40270229273313
-0.144027842182831,0.402357243991023
-0.245514752535789,0.329353937611406
-0.191394980712182,0.417544142472028
-0.300364387072013,0.325420266082536
-0.243542966900506,0.410632368727264
-0.239631095703093,0.340028462402871
-0.361155805234454,0.314691791990113
-0.350659336194589,0.339245687496262
-0.411801073788763,0.324874849777784
-0.390043236957414,0.38933236645888
-0.474695207644308,0.328249942223533
-0.321592968455922,0.2216319222121
-0.513225412292935,0.39793351710495
-0.493332357200822,0.292479249226158
-0.560144051226694,0.352108158134687
-0.543551211282167,0.314901682305306
-0.544593974292008,0.276388815605549
-0.582210626122392,0.314164102032997
-0.641052306062805,0.299115116444378
-0.677688967293528,0.299790316038897
-0.673745204914383,0.222357776526116
-0.711450206794184,0.206360394054404
-0.655033179423403,0.249847011384392
-0.691606580064879,0.139934155732524
-0.645704625792081,0.237688849612465
-0.632380566160978,0.230543194137901
-0.745274052959853,0.211094003983039
-0.659124596399367,0.191222630400863
-0.619408412414433,0.223937193044365
-0.72302516811998,0.144250466194502
-0.615818259549809,0.250172025171888
-0.643434869582212,0.192364307723997
-0.626786191567483,0.162863196814157
-0.579808804631933,0.183364713900721
-0.585557444945176,0.237635792336383
-0.700626271303308,0.18603151648862
-0.619932929719102,0.106544809033745
-0.566373869845236,0.178698516593081
-0.506582608154719,0.191304154790989
-0.513864672204832,0.238559016639784
-0.558546509140475,0.175578874392303
-0.54614027402917,0.160814965341724
-0.471900680669538,0.176176314189767
-0.640382104237776,0.136412580812752
-0.519006138747729,0.180076582600561
-0.608765655247991,0.181648588865377
-0.527051445333186,0.196111729293737
-0.580778068818961,0.155105895926274
-0.585798378089457,0.210773296298199
-0.51011727577395,0.135413030653128
-0.536040698695817,0.137445547040708
-0.544504507080637,0.214849853180988
-0.591182032960183,0.132885360816371
-0.594555434811107,0.11076344482965
-0.670831951261222,0.1638242166356
-0.570231418400399,0.215019880413487
-0.487111250994866,0.140045040649689
-0.610482967907141,0.155436148377248
-0.623517208236574,0.130830689429183
-0.62878799789012,0.139888119047711
-0.598742716876387,0.0687698235752142
-0.493411309036637,0.0244812914331498
-0.639005107565879,0.00248559016861402
-0.518308316450931,0.173150661048926
-0.532816960023788,-0.0240886492514123
-0.508958057298832,0.107516082372282
-0.579556231789721,0.129991830533406
-0.605157821317761,0.151325459618408
-0.54690580773684,0.039773875675943
-0.542043850760798,0.169510235636603
-0.463350517847765,0.134817421318198
-0.537566566771646,0.174215940846166
-0.426955803731715,0.178046634409586
-0.578670490732778,0.152508730493803
-0.443664975373996,0.179371936950796
-0.501569569079808,0.252401522449477
-0.377912789541447,0.235448780642047
-0.529019032202015,0.265253878941626
-0.50997573512959,0.299171470132345
-0.382835493120782,0.258411051838778
-0.494351825699769,0.225726130441791
-0.395984146043017,0.331463076515468
-0.463148914760361,0.362781919770306
-0.513436731061424,0.339038227501959
-0.472459774030612,0.317909103564769
-0.543977332717622,0.445481046899001
-0.494361067661155,0.380215025375919
-0.424098708481448,0.467715268114368
-0.52738356511374,0.365075934397573
-0.474784927397681,0.404057725578365
-0.500258686678702,0.485168299424924
-0.470519303394878,0.50445538850704
-0.506420608554054,0.510440066698859
-0.447666711577837,0.558816663342531
-0.485342494705732,0.474596172748857
-0.467695548623945,0.543801155845287
-0.434799434828505,0.581323071541707
-0.457473254572677,0.519674836652994
-0.413214951809103,0.557087024078086
-0.389255538408513,0.59458411087519
-0.459793049732918,0.60043280066115
-0.441140434242231,0.645804593622999
-0.49945825750817,0.631162454092672
-0.446662796138476,0.598423204739525
-0.445883589137193,0.58632143077266
-0.490878552477235,0.633583299524707
-0.416086804750331,0.597801271004951
-0.38814759914025,0.519776564566925
-0.413648417715294,0.575938833949185
-0.471487690092847,0.606886743030555
-0.354205837482956,0.572105784158977
-0.383004980298627,0.51312519942102
-0.329661521603464,0.652732531846245
-0.390233021833468,0.570404027290281
-0.356740516824989,0.598215704494773
-0.330075850421945,0.616447952898993
-0.263217477231082,0.662898716495603
-0.330318142469128,0.547177235676118
-0.30653450041701,0.659834090574118
-0.291854475025035,0.619093892896875
-0.258442732768259,0.727378361587448
-0.383637900212081,0.679234688799767
-0.249137433426573,0.605422768047287
-0.297364204822371,0.627076565019174
-0.315426757845935,0.753304738042109
-0.236794209545972,0.658725307977961
-0.30913671004241,0.658062265499622
-0.326294988401431,0.697153928602768
-0.302466415803073,0.745800669695432
-0.325014183257907,0.735118073467392
-0.320544170098211,0.781540127863325
-0.288859013141191,0.696825362371445
-0.27945074336872,0.716454584519824
-0.318832298591796,0.761742747769638
-0.287878590832914,0.69654963064172
-0.261549558643707,0.763063608633155
-0.297347309353234,0.789826647270886
-0.26916020331234,0.786252316030305
-0.24073467987344,0.796641175750444
-0.258769327993014,0.740196069601163
-0.219510961405955,0.781713138913654
-0.163164102713533,0.779045659104445
-0.161282550159054,0.741207175706083
-0.20447437375095,0.742149637925504
-0.127860735815047,0.793742044270917
-0.140802361018344,0.733840624992312
-0.0557345636018054,0.76166356319612
-0.0928284949114688,0.85371259625391
-0.042401135630059,0.756287547374301
-0.00972006437365112,0.76941212528338
-0.0113588800543903,0.784399498151483
-0.0133878918287166,0.786213999429318
-0.0104628132126911,0.858438408580457
-0.0278742007017636,0.803098271389937
0.0344213746317706,0.805596395808339
0.0685749600785555,0.750504128991554
0.00890992373240711,0.805513889938662
0.0468161940241908,0.830207028365591
0.0512246536476159,0.845356061227941
0.147945677450411,0.743144533137545
0.124795442555789,0.775123806226523
0.0980654174489887,0.812949950173872
0.0675313312998587,0.745265977795705
0.0406816531006275,0.765847108655632
0.0321649762695729,0.76746883219106
0.0519651313783905,0.744550741377679
0.100052252856162,0.742156994110154
0.0552424593243903,0.741177292743377
0.175690288520774,0.747090292679372
0.113209853214412,0.822665489083154
0.172280029264945,0.779691156768917
0.236594720261875,0.790705795874907
0.294260316853327,0.789127793748573
0.265524113012992,0.791671585198697
0.305099587352049,0.767532279926409
0.30211756887078,0.790155965818021
0.339110032647567,0.835791012246446
0.387729942181941,0.759037462214325
0.385608237397621,0.805017534910245
0.415283490891073,0.799772139065532
0.466211131532827,0.773685774933256
0.426371258062107,0.760364488726515
0.434849445597591,0.791286097562722
0.484487745928439,0.786766020315077
0.53282655078174,0.810666896955634
0.497593201765255,0.775396614411492
0.528333655710075,0.787262764179012
0.530419737302907,0.802361323777462
0.541096757574254,0.77031585086437
0.540127357529141,0.789359105029158
0.57498573176929,0.778910300831835
0.60657200118703,0.755497266034685
0.60366678335023,0.75525958528972
0.628624347873757,0.712750982130887
0.646345738487667,0.725505120537919
0.662590258746083,0.701342174720869
0.69441340044366,0.686995320789307
0.69710539459674,0.665667614666949
0.70765366679562,0.651210835684524
0.750255935945768,0.616887283291905
0.752877003319912,0.5957409507188
0.769066703589789,0.583334225672838
0.78966570548066,0.558226533465848
0.809656726415247,0.540645305596975
0.782996983466747,0.552774347145754
0.812847469420128,0.523399856776244
0.798620884065582,0.525563011018296
0.805786927088095,0.497761960152611
0.827907907834846,0.470493510979193
0.831270856426917,0.472934526351572
0.849848641367383,0.460972769672132
0.80313270357178,0.427758015732085
0.868534289964648,0.412789395852913
0.884162584428853,0.389934657135638
0.886434010112926,0.376766601183333
0.85878590187471,0.307938858339385
0.90434399482299,0.320324211109135
0.919461608784966,0.271211362415222
0.930635588595021,0.256627306455323
0.920644149664407,0.248853609394436
0.94021152483023,0.225283298650304
0.951288060601663,0.198004177025712
0.95524535898859,0.201105182794386
0.940737990889506,0.170052388819064
0.966582659795287,0.164858181443823
0.977547533139147,0.128685344552053
0.980175254021825,0.122646207635558
0.980178517685361,0.0979642550548715
0.976935464594719,0.114766577615021
0.975104380677893,0.0677375030587008
0.946684621760073,0.0243168166809833
0.979530145852716,0.009845075574229
0.985455699438753,-0.0164434144647522
0.983445080477368,-0.0370128209654198
0.972329526574232,-0.0713471968603255
0.96860502632432,-0.115312617506681
0.941299913116042,-0.19416647727042
0.955765779808186,-0.198927366514404
0.948529218462514,-0.216557272432181
0.908967069656251,-0.274841223328616
0.904234826562526,-0.297778117443277
0.902444549275408,-0.250970734832202
0.899749361578876,-0.292011824303841
0.837209444047873,-0.357460936193571
0.903010211836348,-0.312805247631339
0.883313287917429,-0.340041055126634
0.877687775727489,-0.324823471036417
0.837591334950146,-0.358903714383956
0.851417287308082,-0.381042126681623
0.848332394611152,-0.38799315566554
0.854658854551577,-0.428476563229958
0.830571229234641,-0.423169925664181
0.811921283505164,-0.424533321129172
0.834557369322628,-0.450135751285561
0.826698906500342,-0.462881719806415
0.797165048335605,-0.511133840738139
0.797912568829631,-0.444209557665726
0.733661299836981,-0.507229728212359
0.751987040728971,-0.523792051314328
0.719997875267742,-0.558942509282332
0.740492831606356,-0.581712009462911
0.693154647194621,-0.625138161638421
0.645819043262523,-0.637061252834664
0.634694364964164,-0.657196952365549
0.631750211911874,-0.658269287496756
0.601579915566019,-0.603207080134318
0.536372843663262,-0.601064824403083
0.497128827821663,-0.640259111299333
0.527006502357101,-0.660444161020193
0.46858700658535,-0.672981319195961
0.489062137073128,-0.661906191173749
0.416185778109366,-0.611068409285945
0.366374331593749,-0.72394571886572
0.379713108231741,-0.692017796271966
0.415046321064991,-0.638554362301506
0.429546610879525,-0.636586168497286
0.36800328924066,-0.722989809480408
0.388583756573829,-0.707753247990476
0.335812216202205,-0.73853465112811
0.320255902266485,-0.658247487281589
0.298404486295445,-0.736238004801722
0.287943082312075,-0.749072859509726
0.251164796692184,-0.674190665616354
0.21973777869633,-0.7837521052986
0.164026469545437,-0.737968065962354
0.254522687590292,-0.70616708618034
0.185781004494318,-0.719184674118336
0.230678498082203,-0.746741960344257
0.211555015877326,-0.827292806887417
0.229245953257339,-0.787022407568444
0.172220205851162,-0.685516045187851
0.177644481996334,-0.792362205951328
0.244789297045308,-0.706181090560269
0.211011261196391,-0.768810417282313
0.114693186219018,-0.717165403331281
0.244450818156349,-0.690054502386143
0.12492537213654,-0.753033515855777
0.183820761576965,-0.680050523286069
0.153275910545064,-0.734960893611215
0.118118659387538,-0.676100430794199
0.181102706957718,-0.643105381914941
0.100737821932112,-0.70483632713083
0.0968436866141696,-0.584865243644228
0.149727259684493,-0.667330187732752
0.151188278173348,-0.737038876657915
0.16492935998798,-0.595657954100576
0.0333759973607546,-0.712675755156701
0.115373448591966,-0.610601541308593
0.18671066478339,-0.595984453762893
0.112556948588677,-0.608445454382961
0.156622403177105,-0.576352802263038
0.186716588454073,-0.582657165371321
0.0848423532875442,-0.427277529592919
0.0809713634214182,-0.488692415611048
0.130610686715638,-0.580347222949586
0.0908274432088855,-0.536476196580579
0.170153933589202,-0.545341841320598
0.187369993496992,-0.504826784469983
0.0223089451867261,-0.457713571638462
0.21177759754179,-0.563146209145564
0.0990722217749912,-0.513530694547052
0.134335884712476,-0.52178565563963
0.125514279713009,-0.50592263386715
0.163248940510599,-0.313525748283616
0.159335719081768,-0.52998780338619
0.0845775208192145,-0.30291809649378
0.0930810508954681,-0.53372697168918
0.0512323959020871,-0.351277457389225
0.0769476056906813,-0.371782683974715
0.0752407074254988,-0.392727148156069
-0.010105371348882,-0.457735482355925
0.138202983889991,-0.302236203396559
0.0116140704668322,-0.343556767775122
0.126581824975566,-0.367987557858006
0.0479170499323509,-0.391160088764762
0.0482404531833319,-0.334933169522752
0.170549586686597,-0.336124979616383
0.0357096069580563,-0.14915428012204
0.00753719123134533,-0.427563240904098
0.119501131854101,-0.187927345337436
-0.0380884367694938,-0.246963005280931
0.100423550341384,-0.367436307223723
0.0215482203135575,-0.214668568292229
0.0256304976055822,-0.308327525172369
0.0275484606842926,-0.162383867272895
0.00440496924892525,-0.3082341600984
0.036677726484915,-0.151113275676672
-0.0221803517520849,-0.196903076385526
-0.00772373045499391,-0.189918409321302
-0.0243652221962115,-0.20857748506966
-0.0561607595073022,-0.216839559671989
-0.0663791250238783,-0.123173139236438
-0.0287714188948204,-0.125680370710645
-0.120497523297877,-0.224606371501474
-0.0603812139445386,-0.148685618727159
-0.110423242697407,-0.151600999264763
-0.170912581952674,-0.161768757653662
-0.0148521923771216,-0.223543017290783
-0.198311089859008,-0.207281952159251
-0.144259120259515,-0.128347838953547
-0.117939034256793,-0.147066630839693
-0.189945825014241,-0.0630666066844299
-0.0824577748693307,-0.243064541460636
-0.248125476922847,-0.0821203911644317
-0.105665196151285,-0.211003210053167
-0.221610331745069,-0.0201274778431043
-0.189135041408731,-0.0916004611473883
-0.347271851344223,-0.0315548233334432
-0.269984992378974,-0.0105557634933932
-0.1698937956074,-0.0716445611541694
-0.276547637530599,0.0359545820942312
-0.200253661594534,-0.000971285867762905
-0.16440575699884,0.0882986266130973
-0.181614700052581,0.0989859505754122
-0.0268784096598502,0.159565732947925
-0.180384653003882,0.0328916207529368
-0.142404818353669,0.203399792039041
-0.0749691982089546,0.132583694527918
-0.143851552042962,0.186897841592663
-0.223618293036127,0.13288668927252
-0.115455271131972,0.163507130622398
-0.058310657507911,0.178828889915612
-0.0500009608862028,0.306021553510984
-0.0201926131352431,0.364107275048608
-0.0494848023354439,0.244757227932685
-0.0638898193780253,0.320828520944035
-0.118241846993222,0.362012918569118
0.0165956825763602,0.3121690260445
-0.0409906820413521,0.346865895738263
0.033185756669535,0.405007373821179
0.0402162580988289,0.251618963090581
-0.00910701738575839,0.382657110758547
-0.0605822909132121,0.465404028619555
-0.0375552250878908,0.437571705458264
-0.0261600442567036,0.375415328864946
0.0736547899715558,0.387952123926381
-0.0444847106329011,0.443647900207017
0.0187547782571602,0.39537356203765
-0.0154172757635668,0.38684886205177
0.0416934419192853,0.541605288973929
0.0504746945898229,0.397148924179161
-0.018334223370519,0.454834529309863
0.0649648968932639,0.438040350044906
0.165957208320103,0.507475904143357
0.0283307791071116,0.399395338667585
0.20537098803986,0.518709887980814
-0.00688519512360658,0.461672740186041
0.155656558856372,0.497522116674102
0.171390760933435,0.408476590319483
0.0531878335787039,0.428624052890553
0.153864249011703,0.422611093101014
0.180000610527131,0.491275952939646
0.143028538989268,0.557984648924285
0.172502071565285,0.55490182450484
0.306205341611465,0.456408712383867
0.208885743051906,0.515326875197068
0.204807125389905,0.411737634908304
0.264310100268255,0.460205278813271
0.229890853425219,0.418628285421416
0.231850688992266,0.541963857896812
0.230762555866755,0.395410091635746
0.243015069369354,0.480824450697933
0.272346784400141,0.442106343832317
0.192216281379458,0.35636486320694
0.266319530598767,0.457216176483284
0.266020573603339,0.451193312461098
0.291134814383955,0.425971818191631
0.269500540898254,0.432356477408683
0.135053001312334,0.413785522117506
0.194594851167451,0.486271266921481
0.233561778884761,0.402380641117678
0.21753868833283,0.448005713018353
0.18840192353146,0.46387673496974
0.193964507804111,0.20526819896499
0.15419894031379,0.435135222086548
0.102111714631712,0.361533214896875
0.240194861960739,0.417329785219092
0.19194554227521,0.341605178981651
0.146240412846509,0.437200437207784
0.168040184792008,0.463717395369139
0.2824845403425,0.412606037908522
0.168793102105325,0.432683827740691
0.233342891821198,0.415083940950556
0.224729249415875,0.385379720110094
0.204915160844483,0.399485960392123
0.215516312303541,0.450414432538325
0.248342595174436,0.451326145903421
0.255949455822404,0.554727459849049
0.207989921886947,0.350165913449993
0.291746114699592,0.491361783044413
0.381139132075602,0.416058321126857
0.266713127891439,0.453678428072843
0.327308229913646,0.402084032834746
0.314106404254245,0.466889631114125
0.351652329972495,0.351652329972495
0.332014380056284,0.441917188111603
0.374704133076938,0.346577472423327
0.339215026776097,0.472701868091168
0.352278404427129,0.356339338919062
0.327617792387228,0.452077288893745
0.33997532334126,0.331375061889338
0.390294155838184,0.407965231001971
0.475994903029508,0.452100915278613
0.356682265672171,0.406862278130404
0.343082732692835,0.381519184878777
0.404354821586057,0.356459129589534
0.451229308666193,0.406972897873624
0.348803962718231,0.361254600325008
0.469265815981827,0.416867050004644
0.403650570961626,0.381184425926582
0.518909956672088,0.371337103349797
0.452014292538135,0.396329091388651
0.511224561489049,0.32920875201044
0.401275414983004,0.299606225167386
0.487826177948954,0.336253954048774
0.613991913762471,0.416234732381858
0.518534812954025,0.448427839158983
0.547434020119642,0.30244225128881
0.563144751974953,0.366569490958473
0.671095093771603,0.411653687492894
0.564194318858768,0.319366052374804
0.647975251954152,0.330656404464477
0.618982355065286,0.476470821564033
0.60537536022972,0.365617415787216
0.622791075327577,0.251825549903874
0.586163802978913,0.310396003524345
0.593753275503195,0.352728523135052
0.509304255107975,0.264798116276705
0.492633087939609,0.197751996226683
0.573062102075987,0.263172478437895
0.620809951014402,0.277150830879348
0.512919645587888,0.203144076316247
0.685418649656888,0.21764129392726
0.621948066401557,0.254909124426592
0.522771249376157,0.249571950681779
0.615237924265756,0.187134900724266
0.598430442666214,0.187253009726335
0.625884219153076,0.203051247321849
0.617874818441403,0.273068542335846
0.552576823338863,0.23501749976526
0.623641556247217,0.105640197172981
0.597380548203787,0.245478823275422
0.633843551063801,0.260033785579754
0.59078632565337,0.143553809601086
0.535667238753807,0.208353714358722
0.447145939821963,0.24893817615062
0.506273602848591,0.158867476582773
0.5196614711368,0.2198543991064
0.401580932047004,0.158865976136871
0.422111038945621,0.199981744523086
0.387211142152917,0.117762757090839
0.435063581455173,0.0693379833289009
0.43340612522565,0.112625936412078
0.487971681909894,0.00388565295618449
0.475698755568306,0.0551590678346687
0.427810657023518,0.0521200139886765
0.465961225726995,0.0842312779918718
0.485577566979213,0.0951141624546415
0.514712322098416,0.0293053218468819
0.41676250078303,0.0593996088992709
0.410042383763539,-0.0928817886802446
0.322651474567859,-0.082153282557108
0.314304060438606,-0.123788559439752
0.379423036550522,-0.0710673188211386
0.2016536487116,-0.183053010436294
0.304065454970134,-0.106713706649783
0.285263228146198,-0.156320893054951
0.229617819649195,-0.0705336688812454
0.336952789998255,-0.0606487957706847
0.305866132112715,-0.132687386475177
0.261437674298189,-0.143043086676578
0.386217636263551,-0.130973059753971
0.228530192277161,-0.0457111544951521
0.145105281786519,-0.0927179631770244
0.347439264130611,-0.121192676627966
0.224279834796087,-0.235417999963264
0.174289991494448,-0.393757232328282
0.114909539531338,-0.340899924751811
0.103659643773958,-0.312510065005755
0.103414544121534,-0.374599078040529
0.160476460196789,-0.564633761364908
0.0695616367821564,-0.562169135822764
0.153434750686752,-0.421116213567148
0.0842613674616563,-0.461903452385324
0.139242114207742,-0.576087559311144
0.0605639905239562,-0.585123952430989
0.114475377492284,-0.623058089694867
-0.00949713053048904,-0.536310608383792
0.125188331640089,-0.588325043737361
0.0954305502262308,-0.719257929580638
0.090246647166235,-0.716078517032512
0.0742342898773798,-0.767657993405911
0.0714730063075162,-0.762125550813781
0.00505151622276349,-0.808358761900683
-0.000391696798174449,-0.823769506968096
0.020247195555037,-0.846531071152236
-0.0161889895485406,-0.922321402839382
0.0104672767412511,-0.862919647413518
-0.0297357678606978,-0.834874721326143
-0.0650592773675574,-0.916865292792483
0.0426553102336893,-0.839400805590831
0.0400927060215523,-0.824783424974878
0.0590561252362505,-0.835144594189274
0.104419142465931,-0.859564493382019
0.111770458056973,-0.88780249972072
0.189540128156294,-0.908710701677601
0.158400418299804,-0.847833699017538
0.156500906789322,-0.814298509423284
0.206463390147182,-0.939361207223102
0.228475664718922,-0.947120254987546
0.156037379553256,-0.8879757299015
0.242616672805824,-0.88532173192278
0.171811989132003,-0.806979991707596
0.213123403127196,-0.870690760819633
0.120830448968919,-0.920020658377433
0.122138760141402,-0.954292108762171
0.12756706748307,-0.92660184139913
0.101026428585137,-0.953666348920791
0.142849927681786,-0.940239274254753
0.0651056828373837,-0.948637333501041
0.0822687567001638,-0.959654720865659
0.0813618396833528,-0.965113846140506
0.0624947125701068,-0.914880583625461
0.02811640772649,-0.881128333693133
0.0274027879050335,-0.962821142233578
0.0135072711279036,-0.967457266747768
0.0104078801456224,-0.949951406291094
-0.0376000083435911,-0.96349872704699
-0.0741849614212913,-0.944198798236689
-0.104357988586657,-0.966475620914347
-0.12714690649578,-0.969349284118232
-0.107081072338377,-0.951026907658227
-0.0974871907526441,-0.982751044531518
-0.0496317071599246,-0.959684884298751
-0.0708622064847988,-0.971380747422193
-0.0578397614623952,-0.966457590979633
-0.0360603129745121,-0.944887632105561
-0.122304799569002,-0.936407825617925
-0.115480738263392,-0.965851641096367
-0.104761602585326,-0.937711704863761
-0.154277242978501,-0.917756423293158
-0.140344933662491,-0.903941669182162
-0.103579490839187,-0.956625318880735
-0.123015700374417,-0.934902411635941
-0.0415862394605505,-0.946927642640402
-0.0320089220164153,-0.961378898460679
-0.0240497394192996,-0.911556819040692
-0.0236592160186641,-0.921010808167805
-0.046812612208557,-0.932387127947364
-0.0154570157793964,-0.916296599912199
-0.0456587443763676,-0.90678468299723
-0.160852382658075,-0.868277185990012
-0.150290587938686,-0.883960076278119
-0.128924553216183,-0.894807635002578
-0.127921952560251,-0.867138259181183
-0.191917549219154,-0.906494185406426
-0.151081019016672,-0.891404683227189
-0.188040468188315,-0.901628602319556
-0.256632758226859,-0.867336382908091
-0.208838774814116,-0.913520173889067
-0.257190756484133,-0.910023465841895
-0.302871802076993,-0.911135912917035
-0.325747143638668,-0.857974261120688
-0.343968358511968,-0.902104107037287
-0.344577864318105,-0.904720782557127
-0.365777140544134,-0.874307341447386
-0.375047279076421,-0.840903056619283
-0.406605472731914,-0.867750127043841
-0.370765487525991,-0.89358130345685
-0.392772034202973,-0.865389759629647
-0.411735343752355,-0.819841546317164
-0.354561040314652,-0.852556721077278
-0.367425726037032,-0.874203620378178
-0.349467633209815,-0.882867333170398
-0.392413755050304,-0.859674899115655
-0.38957941980154,-0.828867519318863
-0.349818946346821,-0.840956787331103
-0.357302815755896,-0.813730590646556
-0.34117956866193,-0.785643460300174
-0.329173073890487,-0.817938522532302
-0.322664954691042,-0.784812219580184
-0.32506884178505,-0.721935059377071
-0.366955701280155,-0.745586491144892
-0.267808505462268,-0.74452804403735
-0.22737502244545,-0.725157276495468
-0.22131717522471,-0.721395854786609
-0.219784348910956,-0.679824280781214
-0.229315677831379,-0.760249807612105
-0.195533160388214,-0.595614191888911
-0.205930025923689,-0.722270606402382
-0.0643782581280403,-0.742050019585581
-0.178110097441925,-0.773043783370588
-0.151753127322591,-0.728508563321039
-0.139631188480547,-0.700556556733573
-0.15456867055365,-0.741224782956448
-0.0762624396694012,-0.74201995770647
-0.12940622273749,-0.76184058390007
-0.103124275767259,-0.756987966457658
-0.057661920064049,-0.757223618276405
-0.0142110909090885,-0.78728264433043
-0.0161615600920642,-0.729149961861432
-0.0154541632911496,-0.767937924166758
-0.00142519906945069,-0.750928918271393
-0.0036572489772721,-0.781123865459364
-0.0218233348641056,-0.852052391778169
-0.0177323552528572,-0.816692562917357
-0.0297125570760656,-0.719290198330064
-0.0348366451770764,-0.769835996542171
-0.132476465428334,-0.752218095733187
-0.0990391377516718,-0.673842819086123
-0.0124468440285079,-0.681433273466046
-0.0940052879989326,-0.690775419733469
-0.0204791794260027,-0.549147402537534
-0.095798814464969,-0.451117309294972
-0.0385144995475273,-0.487502417926329
-0.0326481693571285,-0.316403997146881
0.0586884100010522,-0.449208074555385
-0.0350363420589847,-0.363721364595404
0.0716301559129095,-0.435623072028015
-0.0857001467498326,-0.32032260067057
-0.0551957869258031,-0.351472698477839
-0.149060702981002,-0.448993486045876
-0.134016837225345,-0.225653996231153
-0.148112993926907,-0.265519589621525
-0.156391933428312,-0.523522654130296
-0.0584548802133448,-0.306054119543293
-0.12391784556455,-0.29749443548342
-0.157779788580911,-0.261846309369697
-0.157585902318726,-0.311244013131127
-0.164541847327546,-0.220630244098375
-0.260547027086171,-0.19076431759813
-0.078133206367062,-0.194656796287303
-0.198169023354922,-0.158313847402933
-0.181981113966965,-0.157455326900429
-0.254101227376617,-0.176310656144632
-0.201444337993695,-0.0771004425185525
-0.244301956613643,-0.0790304557488909
-0.250870492280115,-0.015934798530719
-0.212164421430829,-0.0289907538297422
-0.294629815629722,-0.194248670108725
-0.262804631860153,-0.1383571770388
-0.196262251512231,-0.196026970354797
-0.213684376878831,-0.0391619460374567
-0.133829861731598,-0.171730451900447
-0.203542704266326,-0.086079026875414
-0.138410942403452,-0.118100946904147
-0.20808866741015,-0.179266919347702
-0.119413930112022,-0.111241875443723
-0.259772041566105,-0.0743992160938028
-0.176954199642695,-0.14951304477965
-0.194127629736262,-0.21635710872809
-0.189186078812033,-0.127425265488026
-0.241371103798418,-0.126287240164045
-0.279420397788733,-0.115900148639849
-0.17669839747184,-0.0809918347053679
-0.230772656913529,-0.151496386909188
-0.316492451104814,-0.0748308663006975
-0.272705520810691,-0.0703272137350728
-0.358149925018368,-0.0871121896013771
-0.392641806183886,-0.131800703671061
-0.308543399608312,0.0329164153994585
-0.419378511794476,-0.0190146813456783
-0.34685897144413,-0.021779942294115
-0.38645077226784,0.00827061389046006
-0.432149103505455,0.0132426411397744
-0.369631663605368,0.0701250379144353
-0.521009882989393,0.037316553992406
-0.355189700491786,0.0646582691956822
-0.512672113814156,0.062246518147848
-0.395704217579632,0.0706464678512559
-0.428087677547714,0.161885380032134
-0.514464167886571,0.0900979910683326
-0.542893152271,0.0918891525494447
-0.526992922624715,0.0985724344564721
-0.530145214430237,0.159807045144769
-0.549772168358848,0.0818033773653465
-0.522258700245138,0.162176481886399
-0.506794951508103,0.0187493795990304
-0.52660810894469,0.231335455103846
-0.585186045894731,0.0867969155876697
-0.585403146328448,0.049328888067588
-0.58816323362363,0.154307454146543
-0.52094380769434,0.168993253980888
-0.482813970316198,0.101282620196776
-0.546410221136913,0.202932133330977
-0.412906947577245,0.0619680633990071
-0.634458493625609,0.0798876095217701
-0.531020176202775,0.130783886195521
-0.513324304789328,0.158447281914371
-0.508227611548505,0.14421084626332
-0.462067005103802,0.158549863447818
-0.416883615422342,0.162202977876929
-0.430866063276938,0.178806757148152
-0.3662703595429,0.259632672038835
-0.400521418180966,0.174123973668787
-0.340007135660596,0.184909899399594
-0.459865159953887,0.286309910296776
-0.273523290049826,0.219243833163763
-0.240267035533197,0.287529862786048
-0.369445941269537,0.224091537819723
-0.273052286494173,0.273753351061978
-0.274668135231788,0.404614007322294
-0.305825372991898,0.282713196367359
-0.190658261922415,0.302717326751487
-0.178966125738469,0.318123179634004
-0.130813900021348,0.232011031313364
-0.274502622669966,0.351098452175306
-0.051707702681038,0.374164099834566
-0.219038437380231,0.310110794252049
-0.0980576075285762,0.400494307717633
-0.0362587603337339,0.48735001435903
0.0341747833463646,0.469149031767355
-0.0381431734618079,0.494509127487616
0.053697820186085,0.490237311669969
0.0527969478353321,0.537552082434567
0.0518645832393821,0.585360780338828
0.125455580296468,0.57727737092175
0.190388259929813,0.505598507213303
0.070812517803315,0.608856340739784
0.116414624393763,0.658263194587471
0.215099285131795,0.6671564333729
0.236451634578754,0.588811310060858
0.23650400577022,0.585815895994683
0.247163231313611,0.544073936497568
0.297660455852406,0.633291159733327
0.244386690158432,0.594185057545885
0.26744340513424,0.556073153958745
0.33756011321207,0.676143413520761
0.32715662848773,0.539490300581292
0.355089453662135,0.634027201369614
0.313460412051941,0.63848897702063
0.408592936594303,0.615474343887044
0.402194700856865,0.647680200134081
0.41258615078277,0.567619833458335
0.423894451680899,0.585358709784524
0.355318357600823,0.65946676251214
0.355733309319568,0.588678204202683
0.440490958327219,0.582943125761965
0.437925342732206,0.576202962137659
0.438813309070626,0.620019067485184
0.478823732470316,0.577688914365846
0.484385155339744,0.507772591968686
0.506774375185635,0.539007623985841
0.493569391250692,0.560148018877405
0.512538476578665,0.622927204336968
0.494805104286959,0.652361981399289
0.529755923305266,0.472621527520016
0.442521617003714,0.57322056926024
0.419233992482816,0.528796571245475
0.511502239694747,0.482597303781601
0.437759534557548,0.521250440728152
0.496121347978901,0.538121004573499
0.551049042076537,0.518375808168261
0.537389841873604,0.513433380534295
0.515311997410035,0.538982055582166
0.531834241716204,0.430598136469715
0.536244756951743,0.458439311181556
0.50319171867775,0.517349320084508
0.440818891976318,0.326309563933223
0.517395509043691,0.415501469198086
0.430359136031045,0.433686714013133
0.458722499739229,0.430252211082547
0.343584822392966,0.377368892891198
0.362529068726144,0.433629461950725
0.307177488738265,0.360404738959463
0.412744940469238,0.3461509175385
0.362102962942257,0.306682872173183
0.293709380789518,0.437389475699929
0.212742368581812,0.339293473622633
0.447787242017861,0.411666124217979
0.353327053139981,0.255029895512935
0.171981838845665,0.253218499736386
0.304494039252419,0.292775966166221
0.307095014864777,0.372611439710357
0.110853731448644,0.344634123953448
0.165839677682581,0.32745145568793
0.137269472285954,0.47829125420573
0.129105748615894,0.412874073825382
0.243722898852763,0.319974715760105
0.0910605655206468,0.519209744953402
0.130005404851975,0.533613314008258
0.0787859271504978,0.497970545085346
0.0708202827160481,0.500322677204154
0.0717591111551278,0.500600127997453
0.002941054061808,0.437999638324315
-0.0936508215711438,0.574616249631064
-0.0484941261855458,0.589934793653356
-0.0999968439415657,0.528384307752663
-0.0904991530837082,0.492186165143718
-0.0720033643529298,0.519581457217673
-0.166344073106572,0.594412307569427
-0.191376254524692,0.426443673990267
-0.138175408427553,0.483948947731138
-0.212031274233008,0.529537557904494
-0.267957234972021,0.542346264656542
-0.240888794361121,0.445367034683042
-0.246689494946913,0.448616732768381
-0.283871109173674,0.342190482363515
-0.305250865046205,0.296063980471691
-0.380107187667813,0.303254125080863
-0.441713362881756,0.258635733745899
-0.389020508650995,0.278753887432489
-0.469750630299351,0.338660273297281
-0.482571533130675,0.250502349429566
-0.473335842071306,0.328322991875885
-0.582479321776433,0.262363031884041
-0.449939540595065,0.327189763337128
-0.452530439500143,0.145049878764424
-0.419832519793628,0.282896101157772
-0.560676590374041,0.182124510952649
-0.56172856357844,0.197851136949786
-0.460501603334344,0.106149656399479
-0.586612334537635,0.0633937673841588
-0.5659915787196,0.162851969954803
-0.422045327389669,0.0175374891000891
-0.478811943281918,-0.0138111596012077
-0.501366441276776,0.106539398251712
-0.473948486945026,0.0807932692048755
-0.511726056431874,-0.000996251414947523
-0.448396062339392,-0.0127623891755424
-0.58349113529839,-0.124196113448249
-0.408343469174446,0.03848250458012
-0.433540873787543,-0.0608969611132119
-0.53114401127763,-0.0797896435809817
-0.399558797959964,-0.0550717845209184
-0.368944757342088,0.018921674688248
-0.467912637083521,-0.0571263514172873
-0.408380120332724,-0.0621124970875292
-0.372776778237702,-0.060680007659162
-0.36240095174548,-0.0985487983639653
-0.345551929356074,-0.101807264987073
-0.378543445251776,-0.126069473477742
-0.424979414932042,-0.0383351401996251
-0.329945952675325,-0.187834048881094
-0.221951840254101,-0.0824280020143229
-0.263951716537036,-0.214778307802135
-0.418582560977961,-0.15473944398662
-0.31006272026526,-0.267601910756271
-0.185068839472062,-0.241670803999502
-0.420686190213546,-0.303421571898031
-0.191359729299095,-0.341082556304539
-0.278744354671866,-0.276515546609961
-0.297281762326153,-0.443099931912109
-0.145802707519329,-0.361691804519634
-0.324848846273062,-0.384611606274336
-0.193858085860015,-0.391759164746077
-0.211571061598799,-0.498625106648854
-0.288822856676662,-0.443582471966407
-0.284603868102746,-0.512707198173411
-0.261446621195586,-0.3796879706303
-0.179011171902407,-0.406686966115476
-0.127927671552168,-0.561620774768395
-0.0867649151022088,-0.401007327551484
-0.229287739463548,-0.48790121189674
-0.142169496791848,-0.391407927720637
-0.153372959132383,-0.533944944976672
-0.226732106604581,-0.512976566338251
-0.15089636961704,-0.624167248754427
-0.132121486754503,-0.559791469662976
-0.159869422273673,-0.616962486882063
-0.132629210062363,-0.639508435085415
-0.0794266673683082,-0.464402094899703
-0.162699360654513,-0.556298125402382
-0.152918473303977,-0.526129631127386
-0.182731651972391,-0.602697268721903
-0.159722437883921,-0.538243905204305
-0.119053000299501,-0.650170367033477
-0.106378609568172,-0.573086790669072
-0.163574381882904,-0.702953542883052
-0.0238374073684225,-0.622262596200373
-0.0512133302740083,-0.638284591802065
-0.156149284905895,-0.623101919726582
-0.0595572427946052,-0.697334888961938
-0.00642166622174317,-0.632990418032117
-0.0276515144211808,-0.676629992755022
-0.0499190465614808,-0.628053197517167
-0.0739074978588462,-0.562763938514564
-0.0166473943084589,-0.550580671940313
-0.105785708708851,-0.488001199126844
0.0564321393608751,-0.442312313426277
0.129998749595416,-0.274700589211204
-0.00689462673373446,-0.407522710114059
0.1564020116943,-0.26103685502528
0.138986672753584,-0.389748523381031
0.165501818078207,-0.303497162598884
0.153179273182292,-0.161016351500726
0.217834408798958,-0.35095212230827
0.154440728025194,-0.371642239390572
0.218254199675645,-0.392243205271169
0.231122785960716,-0.324286301584756
0.247455347844533,-0.252377279967791
0.273234401399597,-0.417869239241175
0.212370520084985,-0.409704345553695
0.19654460867255,-0.359136217084799
0.264756767129826,-0.362524917261193
0.219141935737026,-0.394310192739198
0.219221048983832,-0.483294237870523
0.203180788300629,-0.387284847384031
0.0849544858539816,-0.388945925880923
0.2604186884791,-0.337282710106252
0.25133919191235,-0.386268370481193
0.128713009258877,-0.394480123355787
0.328014583637276,-0.34712306117496
0.0967346870440431,-0.452956732573498
0.197667012923068,-0.300003699895642
0.227462266383349,-0.404460587122042
0.217463548027221,-0.302545012532787
0.216493335379135,-0.291010735791459
0.228516653745071,-0.434639811994991
0.230194215144414,-0.363113388691654
0.167897680218463,-0.403203343717814
0.283692109923288,-0.308893293720409
0.15218581910431,-0.29511089000803
0.228101991942256,-0.359423703594925
0.208074556573191,-0.360828613091143
0.212802546768287,-0.343308401360244
0.2409552760778,-0.293609577556773
0.385780941335854,-0.219793012820289
0.227827285302765,-0.204601921936465
0.227274242258855,-0.20029153403908
0.279936057965888,-0.259532158635353
0.205586481098284,-0.149224192921568
0.255074465009892,-0.242605983181249
0.222065470300961,-0.234071925111169
0.228234104710832,-0.281625029154587
0.231095465457207,-0.259448482875841
0.22564354213982,-0.27980474063354
0.203105484727408,-0.246224450916664
0.222104560961752,-0.296361269951224
0.0957177330920742,-0.330743281964347
0.210162734748229,-0.240457292956981
0.128907417092059,-0.323437366607689
0.228664903891714,-0.167861105445271
0.153734074862103,-0.282103859510952
0.201440192879611,-0.385189572255487
0.144263797075257,-0.30621959927877
0.162533548385452,-0.353624498089976
0.167300711160351,-0.30261422779584
0.0396592172501178,-0.29601387855359
0.0195993642153102,-0.2920643956967
0.097513550000287,-0.314749024949956
0.149494359193778,-0.320351671349267
0.0209036257670697,-0.436732234674554
-0.0457483255674371,-0.322018180021929
-0.0361608698934203,-0.371819204760644
0.00853572653897543,-0.458986472012102
-0.143790639571213,-0.488378112160764
-0.0378519368270971,-0.480917006581593
-0.0533333565129489,-0.57128394422816
-0.0442262381681719,-0.501332547368106
-0.144985989711172,-0.476875361891504
-0.13038369211768,-0.577207357886291
-0.106219945288003,-0.524413827998624
-0.047996859033225,-0.421959307416163
-0.151041820436955,-0.538371774697608
-0.1140115576135,-0.456311329156088
-0.166619212907024,-0.446975099895953
-0.21957463202545,-0.490204674552586
-0.111155425675632,-0.512763244201091
-0.137914056799193,-0.623713075133491
-0.111859291527068,-0.566721476623744
-0.105126603265441,-0.484378534184541
-0.144136515860252,-0.514446871739593
-0.13499130704287,-0.539509213612812
-0.15333407992121,-0.572774263402028
-0.0992218904004511,-0.528365244466825
-0.149022733827333,-0.479536307347433
-0.226772299389541,-0.448473803345081
-0.277304046913975,-0.434338187701694
-0.205599080060191,-0.564727871649413
-0.261766729780274,-0.55361664945623
-0.251070086914584,-0.524364235719797
-0.332702161865594,-0.524383132375584
-0.36575433874911,-0.529784614635242
-0.38511793560238,-0.558948673071417
-0.404668064016227,-0.506175450341126
-0.431066167489844,-0.602154603988703
-0.370387851850704,-0.437122692633669
-0.450584206197745,-0.474672623696341
-0.475996751493354,-0.403211841095495
-0.514023216402937,-0.405222465291197
-0.522105644102816,-0.378173441896367
-0.565845519378456,-0.404077562160892
-0.613789356617058,-0.416927587632608
-0.650610764881004,-0.448041946766809
-0.608079497916829,-0.389618209130289
-0.673397048997695,-0.413384925594399
-0.677255097432087,-0.413487566074701
-0.725718347511234,-0.356371628078416
-0.68642013405117,-0.372768341144669
-0.676408398319371,-0.284227825822896
-0.746884165771976,-0.291406584480639
-0.777837664586778,-0.269301061423773
-0.749555855518443,-0.269369075233413
-0.751889434664907,-0.202012251110282
-0.794977207649306,-0.134592808991707
-0.711363519559463,-0.0299969434208919
-0.726160673405131,-0.00986647784683978
-0.684382597221848,-0.0620460919893763
-0.494822174348433,0.241851002100821
-0.39085427009574,0.325628545453399
-0.377403836872646,0.455294846037962
-0.183276052954952,0.558385019345185
-0.180676945172335,0.519094314321577
-0.0270441884064285,0.617497492506493
0.0641221700931056,0.677822734588647
0.136784625408246,0.828124988300445
0.233656302808822,0.889397574282011
0.197078851746511,0.841336550402176
0.287926579571284,0.87442468584115
0.129801682517114,0.889099590237057
0.216613165813232,0.77034523545234
0.224875906830785,0.90317622324228
0.204764668492337,0.880252962805874
0.145544437056345,0.950062990689308
0.180356864431221,0.874329843495515
0.179760713629317,0.926910830565203
0.151120453422865,0.940464443733299
0.221141363151054,0.913160192500862
0.198152632005648,0.85618842748823
0.119941684911604,0.908690820449575
0.195442683162745,0.93127833329424
0.203681342651191,0.934971932153118
0.223587295105858,0.911261719453454
0.236734336524021,0.876732821027165
0.251202996770338,0.848012827228729
0.203661681273203,0.860144382616712
0.285636869798022,0.909835564020687
0.21682153720444,0.926959596084966
0.273302618819359,0.89583342901126
0.233543666436208,0.912412843767509
0.29140563271489,0.895382584319522
0.290151866605055,0.895483781810236
0.270061067424996,0.830646181689232
0.320793841492884,0.871402559469849
0.237810988535121,0.883082172014432
0.259799492787507,0.910336081360182
0.2401427694248,0.917242711150381
0.243554341999704,0.848479316179676
0.210738661404814,0.9411865001825
0.257146543843259,0.931907916259899
0.194901740241722,0.935534680906558
0.25721020414951,0.903211705554892
0.231241734111935,0.940997633482312
0.212037624849948,0.946449451040548
0.199736487092993,0.947338860097582
0.196441043614599,0.960089478910311
0.18158951430045,0.96903126519704
0.191647368594094,0.964141422069554
0.147200950411119,0.961142719933501
0.192505883986241,0.963259076198907
0.180788610926571,0.964756968400028
0.176797443190008,0.958108324494701
0.127316675850856,0.962350554570035
0.123567664830607,0.951322168195165
0.0956355661769612,0.935705197123176
0.0662426455461319,0.977045096120231
0.070073809558145,0.969222257095588
0.020807973539092,0.956414851592684
0.00801004805116587,0.976873388920026
-0.0194389546823601,0.965592352537368
-0.0276755287299428,0.968270311568346
-0.010934260938888,0.966140499698573
-0.0753853404636029,0.959733995735796
-0.116286539788109,0.898147658082736
-0.10862876759597,0.941058030952816
-0.119096268250535,0.938941428151424
-0.168881288843359,0.964280280982443
-0.229965239524784,0.948819278790161
-0.201548130025161,0.961852815569647
-0.241702546697627,0.931639966125302
-0.262729377384205,0.937370816843649
-0.283245239344364,0.928556454593802
-0.280986256215354,0.927633494684081
-0.286687476989822,0.853769691849315
-0.290409222679858,0.906681555726425
-0.34028976556375,0.876472736758763
-0.32256518571777,0.909348971372414
-0.349698542271984,0.909213099824294
-0.349663672672492,0.880599623634259
-0.408271233071108,0.857549441300062
-0.415340472871256,0.863380272282477
-0.44264656054564,0.835789960673134
-0.519365201969518,0.805572076487079
-0.488331402003356,0.826873133248339
-0.52766396245406,0.794331802752314
-0.533927147286704,0.804554325335423
-0.555802407303125,0.786904009687308
-0.554367679155698,0.796149765117152
-0.590941652027444,0.762927972664472
-0.58490858606686,0.769394688595149
-0.610932420877588,0.751584621736122
-0.661876369340574,0.710101370612906
-0.596941332040891,0.711867380934862
-0.610887970126274,0.693676703545876
-0.61939373106795,0.689519427446591
-0.658179616348371,0.687425172393411
-0.672500698556658,0.645850559794495
-0.679067357193445,0.605848184341726
-0.699033510485334,0.642639770926546
-0.724668850878456,0.550672305403167
-0.746899105814703,0.587466997407824
-0.757392327859293,0.533435430789551
-0.737753732652027,0.537984955501874
-0.78094734858049,0.475694896291122
-0.761814760467986,0.50304715643261
-0.786432561961698,0.454879831667013
-0.807805905623479,0.48142467823571
-0.814389043195708,0.463439743126177
-0.791937495870173,0.487183857242314
-0.847475968378238,0.426212591935522
-0.849613472486704,0.417866280495545
-0.870129255304878,0.381714920699131
-0.86064740242151,0.416523903260112
-0.881915445806407,0.389196623891503
-0.836637435002253,0.375449813863203
-0.879797435398528,0.37443207578462
-0.859915130595534,0.372392424599611
-0.875420683624432,0.374834709295893
-0.842342966752941,0.392772928503112
-0.839254952756587,0.434206489416273
-0.855305389690077,0.410363658834017
-0.875341347577679,0.387732168313038
-0.859118370825331,0.354748245474325
-0.80980716389686,0.370169741460958
-0.854405229564179,0.377516578655708
-0.847739986257173,0.381482714886217
-0.833920398412859,0.350257280845022
-0.816168754599753,0.311737954475391
-0.842049246836443,0.386958880227778
-0.769902240478841,0.271808075000992
-0.794287014730393,0.333972629478989
-0.751340341413317,0.307194623627361
-0.852819288834727,0.316655736893834
-0.737982362071555,0.377825231091946
-0.826189538691079,0.301592271591008
-0.787479064057375,0.338547175767234
-0.736789747310368,0.398973606538315
-0.70418348018143,0.372197866837613
-0.742657352357485,0.394763930753439
-0.742834915319099,0.381692282896649
-0.702217177628258,0.340271112097222
-0.791272049866819,0.352030456457413
-0.751216215581918,0.387740176933381
-0.739938422845935,0.351877090536448
-0.760650905419046,0.338787708511076
-0.755611877332222,0.443828289371425
-0.725936370387229,0.409573109513204
-0.738776833759734,0.430032496909819
-0.755895599913795,0.423844818283036
-0.749722791785654,0.424748250488292
-0.673715026308472,0.457269719026451
-0.692995182597074,0.469436711376475
-0.713208688458549,0.510206522582005
-0.694690918204204,0.442964035920147
-0.759091147608903,0.45331184538803
-0.725135815813537,0.487574569578014
-0.697531807398187,0.475315657256251
-0.718854766036259,0.514809815483643
-0.667637597420744,0.569960991014785
-0.703308530138763,0.521012746680034
-0.721598669548586,0.51344317001887
-0.731058902360195,0.565949927869394
-0.676051934104085,0.519721769528035
-0.726391677139548,0.586450490521889
-0.716471848141231,0.509333562486896
-0.747611127557333,0.457927964011089
-0.697540534761,0.54922136253556
-0.713753603299771,0.575685469266579
-0.681817797753758,0.525579848605648
-0.640668048165644,0.560562090011247
-0.647192281908758,0.545935928568934
-0.647175366653958,0.62303523961038
-0.622935614928741,0.618663455590449
-0.601396443129951,0.577953514812866
-0.666116169091653,0.577920199559307
-0.66738174386133,0.542265010409135
-0.636875526425481,0.568628260743354
-0.678478503535115,0.547888961285569
-0.584819540934759,0.573376597991734
-0.528067960407761,0.526305813663701
-0.578263732159231,0.549488261416722
-0.582607412563671,0.543507870971461
-0.564051571345097,0.580710634323868
-0.516307904258201,0.521754256144235
-0.579215503223281,0.560852776700535
-0.574826814555314,0.528239375868625
-0.568117457235719,0.544719877798954
-0.582440287111561,0.50974967592844
-0.536992179913526,0.577993381815016
-0.606173185607472,0.561807864818629
-0.555062624709851,0.513934678607766
-0.507197298020712,0.5964655159155
-0.481309679183668,0.60044205073993
-0.50018401334057,0.555583330460681
-0.504841945191785,0.577619617902069
-0.498495070669233,0.650743015579587
-0.431298453228978,0.667126321858489
-0.539449877727079,0.597173706340189
-0.396370535692511,0.676404008828085
-0.429091661704563,0.72677348155932
-0.456204382925228,0.704074365673311
-0.400491572946767,0.589711283966936
-0.398160988944444,0.755526319282985
-0.436752432734063,0.696879681702404
-0.384200484626453,0.729761535354569
-0.386808033526355,0.64088279855074
-0.331455975842921,0.667894982170878
-0.294656671364022,0.699583804269158
-0.343498313744428,0.640842775554964
-0.251362123484399,0.683968509796803
-0.186544009656601,0.707031259556902
-0.18226675206333,0.678126969264111
-0.150747014631111,0.701583405391282
-0.176911143173126,0.706980056070091
-0.142074763294741,0.673789260329956
-0.0356722982757021,0.667607363018065
-0.0565107781660621,0.700316925196525
-0.0421524311659216,0.669237880940587
-0.139325392105895,0.555030554538586
0.0842962870149923,0.681713896127778
0.0456887862362624,0.703352978809153
0.00933166712340175,0.694010228079095
0.114819748856638,0.719077133065254
0.10655610999009,0.580980479493752
0.0336556734182291,0.62877610394261
0.0781057172961584,0.607759701673972
0.0601667659417237,0.651982751792818
0.0903856108735352,0.499539873713722
0.21168169592291,0.564469916481892
0.0885667835731793,0.662727418506125
0.102496401571537,0.587403046810899
0.19662191511371,0.548260941650821
0.207135849529982,0.589889594549321
0.159821074437443,0.455917228544372
0.193527067627234,0.521190492384266
0.0972799317438873,0.393358852211962
0.181869985114489,0.505218620498295
0.213558149126656,0.318210046378892
0.256336355925343,0.433470714133557
0.201969255761383,0.401290018162188
0.150276770249162,0.405257789804242
0.122081028771526,0.310229415569097
0.160936643786681,0.412402827761043
0.101995074330993,0.29178854020188
0.151852508045089,0.363744471731172
0.279094496903517,0.270636962114788
0.192729406271192,0.251117250238583
0.220029840094864,0.221904746544341
-0.0183332866460236,0.189642829959097
0.0991466896189932,0.340578518697121
0.248209168193515,0.271011570311852
0.166253715982701,0.0975785882079826
0.276667255901893,0.218216713296997
0.266861504551865,0.0577165175066351
0.156482074579215,0.184811252982416
0.220554511241275,0.151829113935839
0.173753473683785,0.100109270764708
0.205780458241063,-0.0519847743829436
0.160614195787643,0.0962468022208478
0.148206783213896,0.0429959104437423
0.184517796864425,0.029131608285931
0.197541268240945,0.0915847072193419
0.29910904998735,-0.0222470761308118
0.279152645532731,0.0364427324267628
0.286261382230044,-0.0123919835327572
0.13234563013492,0.0868328157299975
0.314374945808927,0.0618992188420172
0.154723854564589,-0.0870004445152321
0.260865245103455,-0.0662286959518812
0.274480953950559,-0.0641164719636247
0.307770890641964,-0.0280824410329519
0.25624379838648,-0.0957227248584718
0.413911066153119,-0.162321297641632
0.344963717783377,-0.160475920580065
0.251189523354105,-0.212997072354361
0.279419180123515,-0.127224168791509
0.330360670970611,-0.252139560349141
0.280065900012807,-0.235217609229107
0.345659775304361,-0.24455965371766
0.434030202923425,-0.250188958032189
0.380341930323758,-0.177021037601734
0.499084792485287,-0.175598150556707
0.399568347503786,-0.202004418204953
0.555520557336671,-0.227890077141145
0.447076234576907,-0.209815003756427
0.369333555816691,-0.246705784800305
0.468288689479759,-0.188335337838494
0.440372084793865,-0.201609554640955
0.373273803804515,-0.270973641833579
0.407915928091232,-0.197803173542522
0.401003050464518,-0.261231788687223
0.318910698526233,-0.208702627812094
0.402253464616256,-0.195519502245856
0.441791467099926,-0.107276957214239
0.474212876849208,-0.188505344979876
0.4880491395701,-0.175137061460403
0.517339381235182,-0.195840393566
0.486642813823535,-0.272734629726962
0.525331504851946,-0.159244009452926
0.631938084783117,-0.231145115413125
0.519898638317756,-0.17471014139094
0.543391438505903,-0.306409168942562
0.524784314590484,-0.158399529166208
0.548235051969905,-0.274771320833456
0.520758315548262,-0.276175020695358
0.564462339375473,-0.18211486462258
0.650400832496325,-0.300407139966242
0.545516702547738,-0.278118981786699
0.597010908845529,-0.235678468681705
0.716693701705983,-0.372128575205912
0.602579849630141,-0.29653071769535
0.676947683946055,-0.307190589315496
0.609372406928437,-0.355679297604176
0.741320871260566,-0.33968369442522
0.702965260197506,-0.350257392805544
0.677262487180337,-0.328606161862078
0.758474911385429,-0.398614320621532
0.71717346173197,-0.378108922591368
0.744460968645072,-0.337322714126983
0.733477008303973,-0.412379904997927
0.695816038574256,-0.363511353425337
0.70990485436223,-0.401496509883396
0.693196239382255,-0.470424395256922
0.701972580567018,-0.503005997562191
0.712012106431871,-0.518833443792661
0.683845489183673,-0.582714982258017
0.775916904502375,-0.520943601968418
0.76232033034971,-0.620901337987401
0.753048280484443,-0.120611365272421
-0.0204160374529617,-0.366725585097211
0.512498324545555,-0.100676698855149
0.168612157576239,-0.200171161329
0.0074385442337071,-0.614740779410414
0.499225775125675,-0.760905678341634
0.539189226534259,-0.209822986334271
0.0286095829306177,-0.392493703776262
0.0381902483122738,-0.713410450259197
0.121615581067571,-0.506948114404507
0.087948967156674,-0.508672608067449
-0.0218245935104861,-0.713000635118489
-0.135393714410908,-0.718054529573527
-0.162508738989374,-0.596371850348068
-0.366398223063403,-0.67462232464143
-0.478717275436019,-0.654073723083074
-0.441178306106685,-0.577688322856623
-0.244621765526301,-0.612286487113752
-0.415838444913566,-0.448075199242904
-0.481742269606023,-0.494384484232253
-0.497147062671836,-0.417389985611423
-0.429496740656004,-0.382792214569173
-0.376999518855535,-0.39576300071341
-0.464969516815289,-0.31434741649742
-0.337283691049498,-0.334202248752083
-0.454173954250372,-0.339067312503142
-0.396426676788903,-0.247226543162103
-0.420633408226295,-0.280372676095175
-0.351649880786386,-0.209677007210351
-0.40983886241669,-0.289621479963334
-0.400929688806894,-0.224729227795237
-0.384896502814308,-0.218212659979796
-0.437790048194477,-0.181200521111488
-0.447467735899688,-0.155372994896284
-0.424676857170982,-0.116180690967137
-0.41500866296069,-0.0974092592893051
-0.399061107429876,-0.103395078852935
-0.324746704389386,-0.116832683171306
-0.470155129098488,-0.173761451095274
-0.414103769805098,-0.205971605960938
-0.555897604813992,-0.15469341917309
-0.499786261777894,-0.160418817631021
-0.436178436475167,-0.247853619582748
-0.430160285165977,-0.142821320010473
-0.46980649268733,-0.193891528129176
-0.416225859921177,-0.17009412336521
-0.47746698074333,-0.278433523463936
-0.544522854843659,-0.253113752145055
-0.522808333171118,-0.271329256660309
-0.475190853569112,-0.326587562455104
-0.481297283985711,-0.200682788809053
-0.444815314409582,-0.285132095527658
-0.448884967939799,-0.24795698064326
-0.51340885656075,-0.297377828254967
-0.407342839382768,-0.247783642425429
-0.598392191550426,-0.266472314818089
-0.464264134926575,-0.242107365488019
-0.45748702576442,-0.275685421559757
-0.524700948290627,-0.29333447900805
-0.465783174168945,-0.287800478549163
-0.424637628932332,-0.192282617277909
-0.452301359056753,-0.263160032699681
-0.436405174696631,-0.234780255773751
-0.389906532159045,-0.171362046148037
-0.469078962317525,-0.216244497130091
-0.471913182604434,-0.197789549115122
-0.346312466534353,-0.232307865938194
-0.493133954141125,-0.191976419549999
-0.440153397218646,-0.0438582511519853
-0.37471363392214,-0.208448891635019
-0.431928241954307,-0.186679286254192
-0.474299850360676,-0.135091657951919
-0.354446329847746,-0.137896627155325
-0.492891744197349,-0.118308107918129
-0.420690164778932,-0.215038731328071
-0.420484838846031,-0.031652698415409
-0.36042362563315,-0.126593952181281
-0.413219343482427,-0.18861375102067
-0.448765992638722,-0.0632519399852832
-0.406760428929327,-0.0163462852984758
-0.318180608792561,-0.133939373412901
-0.452198945046675,-0.133609949109005
-0.440875820954046,-0.202796683760711
-0.34522029808632,-0.126318728528011
-0.564080363507041,-0.147277349519251
-0.427230184046541,-0.0501159969485804
-0.444782203832811,-0.110168893873607
-0.377950137554882,-0.241263779889696
-0.42222159685187,-0.103538223471853
-0.38115161698009,-0.126557604975987
-0.396026840301335,-0.0593056343308075
-0.313810525643415,-0.0320952974376719
-0.425200260108899,-0.122464206585627
-0.432202792178692,-0.10179800082434
-0.237821950324053,-0.0701197945443932
-0.364157311427772,-0.0648885953346812
-0.281915746462806,-0.140532004318741
-0.314349534281322,-0.0889197263849312
-0.297532609724822,-0.16655622201111
-0.271924170404009,-0.119140943544129
-0.326309004484811,-0.174208066292971
-0.145913122932061,-0.0710572473027525
-0.202389687074236,-0.154305990832859
-0.264213591171251,-0.0710572473027525
-0.279160758364997,-0.0849381538121111
-0.20052563327952,-0.132781297176484
-0.261279337315652,-0.0750112407060728
-0.294581916830512,-0.170576084275441
-0.349377530362811,-0.123630320210853
-0.327244454606373,-0.0587349405125736
-0.239427152561679,-0.132017565875587
-0.358767248790222,-0.05753786736428
-0.273175425160444,-0.115070806001029
-0.323648308335044,-0.204209907919065
-0.356030877222232,-0.0204267461301776
-0.41167490034818,-0.20928343788366
-0.218746295661313,-0.223263048402111
-0.30963659126286,-0.062935888618498
-0.402669296324075,-0.212087133460848
-0.330604051845176,-0.201947313948044
-0.210117984132302,-0.0996131303802137
-0.484705393033637,-0.134193695832879
-0.324907603319644,-0.21690404284253
-0.23417275431457,-0.0991388565709578
-0.321669900853317,-0.173639100204577
-0.231551053395391,-0.162016570065617
-0.240741277929236,-0.210848434181586
-0.281278936222688,-0.186487365581408
-0.233416981075128,-0.188360045253092
-0.292386474990043,-0.167727302902322
-0.114114077753327,-0.0685286062443974
-0.3055075096554,-0.25513009133109
-0.218659780516818,-0.160291324037412
-0.293515656146126,-0.166131003027046
-0.191112554580443,-0.128547143620664
-0.311502447372596,-0.116690876357228
-0.196193364723875,-0.15826601938644
-0.190888260735601,-0.200879185717381
-0.148629362303388,-0.171767860318499
-0.262961921931031,-0.226840804131149
-0.158332894686439,-0.150193680641916
-0.185185123052865,-0.15419483280293
-0.2317562048657,-0.233106529061185
-0.165748964340277,-0.243146514607734
-0.138475727309255,-0.230242058874901
-0.268334408112646,-0.144092902087232
-0.129890001969096,-0.329714457743854
-0.221740284429132,-0.233326978821891
-0.144712547573921,-0.261824404238028
-0.183625543790912,-0.262095913454572
-0.108200702073209,-0.329949446174469
-0.188788749453549,-0.246972211860906
-0.0781988604471162,-0.282137259149637
-0.144775190755272,-0.367092900944926
-0.019333109371718,-0.271355204315615
-0.11027408437156,-0.293515656146126
-0.0644846002467829,-0.33499932925746
0.014312668832611,-0.30277689753677
-0.161998475811161,-0.254513431561041
0.0551894736395392,-0.270601244155173
-0.0996131303802137,-0.211770444053875
0.019333109371718,-0.19888851561953
-0.137353608722237,-0.277340537520168
0.00606574545835333,-0.165980643345021
-0.0413143747385844,-0.227875329851473
-0.0369094054896592,-0.175642319668197
-0.0474056280614758,-0.248980581061343
-0.0410826957338402,-0.231404248714169
0.0326131708619347,-0.272373192289949
0.00945601968117204,-0.159504267750486
0.0459359292270268,-0.248887661030925
-0.00632889690995471,-0.111945148791624
-0.011351020922416,-0.199160024836074
0.0245290439915247,-0.205042290430048
0.0381746808990299,-0.206899517283548
0.0868020397213499,-0.151690635056031
0.0283746906450794,-0.266196640969132
0.0175128885268889,-0.255365079761705
-0.0343161123116642,-0.233624435693741
0.0930510528242378,-0.235165547429743
0.135860127704399,-0.159270526505183
0.0802905905084893,-0.33945429859675
0.12517057216701,-0.190495647718731
0.0838177096185009,-0.236461666243429
0.0351283521334444,-0.254771102866426
0.0487656727530951,-0.301884315697947
0.0333389824893752,-0.278181501667209
-0.0639509635159368,-0.264966593920434
0.111331083712875,-0.173200262354788
0.036780812055018,-0.22322149002112
0.0797814708675686,-0.256827379875911
0.0250883665868953,-0.211503536688459
0.0949412537658722,-0.169199110193775
0.0742143117793757,-0.145100795362979
-0.0525646132359728,-0.109041177378148
0.0904163043297764,-0.219928523256431
-0.0140231009235741,-0.200877316473722
0.131629896643333,-0.0668478395247002
0.0633466680699945,-0.154874956921253
0.131455158455474,-0.178723876794454
0.0113242332458738,-0.235619886434382
-0.0520775046758173,-0.152516865016818
0.111565553930406,-0.139207861416679
0.011314136244749,-0.176219679047556
0.186086853082052,-0.217170990133967
0.097064714555903,-0.0681394993313188
0.10367222755365,-0.22043307890421
0.0888583167308353,-0.154306234660887
0.122809885091381,-0.171676019362865
0.178274175343771,-0.189269921660574
0.176053190015486,-0.0633738533483886
0.202063818873894,-0.157032390916396
0.14467006620225,-0.110101036664176
0.101843729430576,-0.0586703494870691
0.168204385325396,-0.104560260383551
0.121530130477352,-0.0929377302445913
0.151180377311334,-0.138498722649121
0.185445764635741,-0.148004852993434
0.167363910020458,0.0121914962273543
0.0720275931403524,-0.0345087713486515
0.230474875054723,-0.0326566168047904
0.113502557947623,0.0438947920431472
0.146279606965228,-0.126413367251317
0.0713610205146622,0.019679510523142
0.103150818990219,-0.0710572473027525
0.0678815150652484,-0.0543691995413765
0.196447574468845,0.102610515409812
0.105494357899938,0.00554785554415505
0.113819551244594,-0.0396459642833267
-0.00932509351888258,-0.0392378708505825
0.0881071416740406,0.0153826278191617
0.103411003350876,0.0326566168047904
0.147101070968676,-0.0129121127523832
0.106970285628825,0.0903979841382762
0.103580198392934,-0.00163309660593762
-0.0313072779906694,0.184008564171879
0.207868522631629,0.0446543912851344
0.0862416059224303,0.0880483025956395
0.0654824358579357,-0.0535122683397516
0.0449961852030925,0.147190012269987
0.0923226412722511,-0.0277283286517865
0.0113309643805951,0.0698514230279861
0.0659171294040534,0.0418150140446406
0.0666150237212488,0.0914331459518629
0.0341029624614649,0.0736597055919874
0.0338145127039786,0.0882982461952081
0.164794140944849,0.106366791868579
0.143252426782293,0.154603447704709
0.0578680264808999,0.135593220338983
0.174077407687281,0.0582741970694966
0.0709715323697181,0.0482318580222626
0.123608359640906,0.02893401324045
0.106366791868579,0.0999055456101681
0.0669268355601782,-0.018609928751801
0.087920684912091,0.0312827054798897
0.075084086388689,0.00963616845863729
0.0899769619215764,0.0771658712627126
0.0996131303802137,0.0294933358358205
0.0385701816990872,0.0923256541610162
0.118291585589547,-0.0833333333333333
0.0310237859645509,0.058663106189553
0.0364883968250637,0.0898214564141178
0.00205627700948547,0.034165212450162
0.110459078443608,-0.00438594217797263
0.0811570134687336,-0.0538158679924077
0.0493349509978113,0.0814285226852777
0.17127586092666,-0.0440135586982766
0.0849855203386973,0.092278827819063
0.0435125198004705,-0.0532105268969625
0.0711459697772968,0.0480720493739195
0.11040163541778,-0.0402261968212886
-0.00291385760328871,0.139891953981307
0.0305732622557276,0.146905728361446
0.0874004855535699,0.0437002427767849
-0.0249803341806416,-0.00786452220623292
0.0989113219144962,0.125834766580594
-0.025792433848041,0.054953800169196
0.0286760351809355,0.0631848065295871
0.0253897122017536,0.0720275931403523
0.0196722867291165,0.00513847752304303
0.0526651542407928,0.110614343575112
0.00997427963262457,0.0601747560865378
-0.0295398637540906,0.149727539222411
-0.00602962862288131,0.076107130385743
-0.0178954993716444,0.0498201238966074
0.0838177096185009,0.0944864418728762
-0.0468814139352369,0.0461747578147662
0.0788899416422276,0.0615232107816924
0.186557385633928,0.155765255638323
-0.0565348643628422,0.0917124772676719
-0.0217635523076382,0.116059082719664
-0.0252538136138053,0.031943828249997
0.0692621367221492,0.0631345340345132
0.00987118579464361,0.0947971563102323
0.0428485503520338,0.129411791887457
-0.0182771185693277,0.126446909267555
0.105024046860076,0.113351707690076
-0.0708051102704991,0.1076674439917
0.0894383473044957,0.0868190052289564
-0.0201995323319622,0.117731502150796
0.0689655172413793,0.130789421338395
0.00936926109322105,0.0899769619215764
-0.0190616001551739,0.0654383981313677
0.0538158679924076,0.120961164388958
-0.0552524268760439,0.210677306727672
-0.0567512789738117,0.176492850567028
0.0428637490900549,0.0592535790370573
-0.106659207098533,0.274447256871612
0.00976310729378175,0.197140452079103
0.0233077671302256,0.10826601938644
-0.131573786516665,0.09320598578744
-0.0615889156664009,0.173221271999332
-0.000568966088394181,0.181236356857689
-0.174777032381366,0.141545528517111
-0.103213287431454,0.137031615113459
-0.0995006598911688,0.239345518021562
-0.0724135909351399,0.26737457849416
-0.0649483110663864,0.170888633736927
-0.0771660706633954,0.217490544979049
-0.111195375880756,0.21586543446708
-0.0801145461422356,0.262602157756359
-0.0593195356008111,0.252275588863833
-0.23098940564029,0.167026393387206
-0.133057569712617,0.238320727607354
-0.0366371984286453,0.334856409586404
-0.0136456369075052,0.16365745897012
-0.00371705321891355,0.205110147639479
-0.189602776962169,0.148468528037567
-0.00134697295209707,0.216665864609214
-0.0915282888512588,0.236031970389987
-0.0701812041984891,0.220345912334194
-0.0649084090857264,0.181733625838848
-0.0719970041873646,0.205128012645049
-0.0356160469339375,0.30627130648152
0.0423853486429427,0.224077407687282
-0.158788192512517,0.286980920187279
-0.133045791690545,0.29674336527599
-0.00120954626455368,0.223570226039552
-0.0937478086564975,0.356573198825712
-0.0500114395101246,0.238133790360905
-0.113519577102981,0.307166018282211
-0.0536551023319317,0.184500060693503
-0.0626684965298826,0.312887999928753
-0.101685472160474,0.374863033380543
-0.0539950195292567,0.254371445582539
-0.0686145977364668,0.356388657257281
0.0390970671465733,0.185917257160289
-0.0604836260857559,0.395352927610609
-0.0164734333765706,0.277675641553442
-0.1476650016553,0.270503430001403
0.0140403779510867,0.264074067427733
-0.0401381285780038,0.371196034897081
0.0174599929342523,0.275809673513893
-0.0183811229023565,0.189001117698588
-0.0810049387148425,0.327750466824421
0.0190616001551739,0.356582355327448
0.0102769550460861,0.332033723861737
-0.00833186249377089,0.271209450670193
-0.0275928462831467,0.144388413860173
0.123749308048183,0.187773287658268
0.000140939894514372,0.316613866067163
0.0235457863580603,0.147237064882119
0.0273059168962256,0.251106429308925
0.0115320652473574,0.276821464411257
0.144709577026872,0.239690367051283
0.101941020314967,0.118318641262097
0.178779364787679,0.19854118284458
0.222552877322491,0.179441920851543
0.0797602976023596,0.13041295967751
0.197051294924107,0.235813442020628
0.0872740855138655,0.237353608722237
0.178170000370731,0.271180714578178
0.164115100203667,0.215890469153396
0.173086495723866,0.165735730100344
0.168227305653162,0.16781195173584
0.165687985994386,0.110403908055903
0.15235820027895,0.178175452481237
0.0283313265405903,0.137152511782271
0.194890049199336,0.0929332312532583
0.202108687703344,0.0472539903896649
0.0813043689234859,0.035272397326568
0.085369125598511,0.0285762781059861
0.148450999819627,0.0421134174207788
0.178145978425236,-0.0169866505770282
0.259646376106491,0.0651058228142961
0.0697491264651137,0.0204652113176462
0.176612512610856,0.0165631230266387
0.0434351682918584,0.109837516507041
0.175082177081418,-0.0741842924408304
0.128878551098778,-0.0141759919465413
0.0681873217004465,-0.0273113644561533
0.221064348270635,0.0725510273746702
0.234146498877405,-0.030397795943144
0.254321166867525,0.0218380233840634
0.159508838745331,0.0412257277388038
0.19448686273982,-0.0243649217875449
0.185849354080263,-0.0281966174228965
0.242880257180803,0.0377950943278334
0.253112139695958,-0.0138481586488289
0.143064748202185,-0.0125749520545618
0.20347128445612,0.00481354770732263
0.232960494788723,-0.00771057923275789
0.297678891898072,-0.0410025600372515
0.228346447974729,-0.0480720493739195
0.328183406937781,-0.0404008760791478
0.356523143046833,-0.0992608517985388
0.333618521299171,0.0414778465463099
0.405091546562766,0.0531011141618648
0.335956393580677,-0.00991499237923724
0.324365818854543,0.0981410444256654
0.41503218519489,-0.0730997908626029
0.33353602989243,0.0702632363973508
0.437543097904652,0.0264848756022845
0.506849393611039,0.00629285100633129
0.405726685442612,0.0504216148929411
0.407182515317428,0.0639642152792667
0.38596628323983,-0.0190668392059542
0.427747278832239,0.0648355150138753
0.530935522176961,0.115159848739338
0.478638139577436,0.0603504099805234
0.435868466189236,-0.0107895602820392
0.532047409862775,0.135896029493957
0.458757730008806,0.0540963961063695
0.473560059117443,0.0778766728508728
0.463661777571377,0.0710766896469215
0.555622502258214,0.0358672484107094
0.448672204815705,0.074521104411494
0.530381625338821,0.041556633070477
0.474009506049435,0.054712284531776
0.429874143576547,-0.0217515012599096
0.49301473528396,0.0556803648239858
0.467904236009725,0.0194818959766387
0.435992162990852,-0.00819710352386893
0.451886310669758,-0.0149690395095603
0.44105618016513,0.0405751239174741
0.46205127967345,-0.0311840736572508
0.357584397904545,-0.0312224483694696
0.637649878151702,-0.0838180615040839
0.452916173002519,0.0172212696483181
0.457226397048884,-0.0751983129592155
0.457736419072918,-0.11437102934981
0.525044224286552,-0.0719443925491345
0.400999361358467,-0.0417154579642168
0.346485996093377,-0.104211964603199
0.367885938034369,-0.0767134633057901
0.458776250498521,-0.0513405775632008
0.38684886205177,-0.110403478612218
0.413678460945987,-0.0139140874299349
0.383077041467307,-0.0959576163679001
0.40103255109881,-0.0524299715540344
0.342675158682774,-0.0971703638318092
0.398504183964352,-0.0620954133135597
0.324374947685556,-0.169102953907018
0.377002364359816,-0.112562043305807
0.360596437145203,-0.111794250021489
0.398243559167861,-0.135896029493957
0.232116271590794,-0.134051239112796
0.403447061987021,-0.161393088977237
0.387095281892514,-0.206248155333475
0.35555050476478,-0.134850397637662
0.291893579842609,-0.211783807554639
0.357512770702954,-0.184117965368737
0.355050902594932,-0.16336012682307
0.374050694927442,-0.267781076563677
0.383193767462831,-0.170966339830111
0.401436589268967,-0.277456349657935
0.452424530552995,-0.222891246795022
0.351346933930245,-0.141961428071651
0.304535817092361,-0.190560161268419
0.414260863006138,-0.238564253978309
0.368529208717975,-0.218622038000908
0.37153933010575,-0.272787487431457
0.360407083629211,-0.24558763221039
0.320672667330248,-0.242560322027628
0.406875394639328,-0.231124061168465
0.326973688768867,-0.337964531032826
0.33258419466893,-0.283249243671119
0.274731355813712,-0.22400417533338
0.353407061497227,-0.27996477478093
0.381071865223189,-0.171925759875589
0.347303204026841,-0.298621548592736
0.408213110175725,-0.229012794803237
0.391424611124481,-0.297792180026105
0.363818943288436,-0.308900978865441
0.417602304905455,-0.257647992869031
0.256724967734694,-0.26853422570793
0.378435462195214,-0.211035716428556
0.356560787402912,-0.264612597257964
0.351080717611772,-0.29012281771676
0.318667111531601,-0.222497744744227
0.205102605775071,-0.20153309531902
0.36774492600474,-0.190234463683275
0.288520902984086,-0.0961762907580244
0.237287733082947,-0.188600202394845
0.348326804076141,-0.148963633593217
0.250219640004942,-0.126718696408045
0.38213060086407,-0.140272196132617
0.298477829359195,-0.0410493521676586
0.297097633174719,-0.0944419955902643
0.281157049970572,-0.199180025060574
0.235067797416539,-0.0879273453374358
0.231254348345124,-0.146913296596176
0.28164883909739,-0.0257590910402234
0.121810679222884,-0.025879773408334
0.40123326511025,-0.0939403229180975
0.191636955452774,-0.126604169110592
0.0522511542592355,-0.0602312581649129
0.130364240252112,-0.0953809052624351
0.248502912092658,-0.0565064725697716
0.206353558820771,-0.0149071198499986
0.174492230661317,-0.168029126680221
0.0732649482258412,-0.117199762168376
0.206875204722644,-0.01969334558187
0.256440577434348,-0.0548040935211789
0.0831150741331999,-0.0185098447896808
0.196681433071301,-0.0219085446307198
0.187057244408709,-0.0774787024921552
0.146265315874024,-0.126456426004579
0.0615434517950496,-0.0784013152208412
0.224183330278596,-0.00632496866760813
0.173266836470107,-0.10412047073186
0.0511305964886802,-0.175434452059347
0.134399940039982,-0.0277541828664082
0.102113814715397,-0.113798941062713
0.0555628788899867,-0.0319451136453634
0.0653031739778417,-0.114069090346307
0.114879188914911,-0.0156682603412714
0.135847191453718,-0.106330139643455
0.193461676774969,-0.120616431717229
-0.027180690289514,-0.147841006991346
0.0952859435526199,-0.111997673309726
0.117712991770823,-0.085892932805392
0.102249478125299,-0.1204796384698
0.0468052050300471,-0.114030656917368
0.0162219965225556,-0.173429539889618
0.0668212096975307,-0.158106555952645
-0.0175578670838639,-0.164019897280727
0.128841175395129,-0.166098364507692
-0.0150940875020655,-0.153326599181228
0.0628449696146535,-0.208707736539037
-0.00476556394543363,-0.103001625329764
-0.0517241379310345,-0.0594347171637924
0.138809818455217,-0.197562693338212
-0.0759358242140139,-0.215641598571968
0.0371846291429299,-0.0639254556513988
0.0972962963484909,-0.249447913938626
0.0510927034014049,-0.0873778251375675
0.049169489841007,-0.26758219352529
0.0583659394221747,-0.194586821293971
0.0179572410824613,-0.100661318849611
0.0172160599077891,-0.158040479456484
0.00235047295271015,-0.0660605038012222
0.0971404520791031,-0.186827344233207
0.0483686544287782,-0.162454215382367
0.0813103339494808,-0.177726999205937
-0.0292264284704043,-0.113946683317731
0.0687324612749655,-0.150513851283132
0.00691094770909409,-0.161268664932511
0.000975310051037913,-0.261488038494761
0.0506836358318055,-0.229726280928057
-0.0241444796472194,-0.252356072601677
0.0352008830349312,-0.284463802901508
0.0556988106238439,-0.262217325960168
0.0151543000013409,-0.291993575311793
-0.0644846002467829,-0.363503138653563
0.0384930137143281,-0.323460474925849
0.0543165757705699,-0.287542444603715
0.0180778947342389,-0.354419459738451
0.0281077832796632,-0.352937099257967
0.0473075007928968,-0.30524285228546
0.0266487021217403,-0.330877099496603
-0.00249404984074186,-0.310003075296028
-0.0195680978023326,-0.306219095615505
0.0657273953310899,-0.284640337301429
0.0463284870083228,-0.335607037980307
0.00727242370718831,-0.305819615173282
-0.0383956630633529,-0.34044211891123
-0.0400977925478163,-0.287764235071628
-0.0515933273682099,-0.375328150847749
0.029161366321155,-0.338658687349063
-0.0511551718426403,-0.311507491505984
-0.0452893501916386,-0.404412715375187
-0.0272103349135013,-0.312961228317646
0.00173684384878226,-0.235941193624444
-0.0600528969250265,-0.336590813959491
-0.0318220624709223,-0.286776362781131
-0.100172452975584,-0.327954417753088
-0.0733880818185889,-0.260300993083008
-0.0756434089840596,-0.369010201414111
-0.10222872998507,-0.264140363959647
-0.0305465729442334,-0.250347315019845
-0.15632022796611,-0.334243990002927
-0.0534762747289517,-0.265955574682494
-0.0981140029726015,-0.296700546371605
-0.171575513134632,-0.314592744439032
-0.0074535599249993,-0.276404691226986
-0.0892501077224116,-0.290845603947072
-0.0623262590056251,-0.277887305723985
-0.0293970397914982,-0.191571796494013
-0.101953745841925,-0.412216632749462
-0.0612829439737252,-0.248266311959489
-0.0959309058145495,-0.306218930926983
0.0207106781186547,-0.250524917818652
-0.130853854644365,-0.198687722370412
-0.0764650773868469,-0.298183473921116
-0.0814764881421135,-0.208105590159453
-0.0669291255759926,-0.155956472017657
-0.153419769165947,-0.201702567554453
-0.0660072405254223,-0.0964382081799872
-0.112047571929102,-0.0948309047103207
-0.0376967829568629,-0.0607454980754079
-0.132512696188836,-0.0201429413956184
0.043628873923753,-0.0559965462294672
-0.190149414897161,0.0155635999862155
-0.0610429486811265,0.0873613623167204
-0.0345442860066199,-0.0305762501946093
-0.0213105771427716,-0.00591911523972375
-0.0656270517222988,0.0833652298620864
-0.0706791171397638,-0.0192978447818127
-0.125011699769241,0.143898923415575
-0.0414346518853711,0.0205548039033289
-0.161886126110039,0.0607760413157102
0.0487379173418332,-0.00795641995925525
-0.167969063145076,0.0505805502617024
-0.0932132937758988,0.0604511889378714
-0.149634358046546,-0.0455907505528685
-0.128796014202091,0.086965861516663
-0.137987731497297,-0.0408187897870858
-0.159384298663788,0.245133772892255
-0.119291048499312,-0.0250404801787154
-0.248765371001984,0.0339928790457726
-0.151180246297481,-0.101831900504822
-0.275836121310211,0.0285924002327608
-0.27614223231766,0.00378155254266211
-0.22152548545102,0.0983913996193696
-0.22712854632877,-0.0586618192938022
-0.207502384527446,0.0578680264808999
-0.274008851711633,-0.03851637537786
-0.0992388680840167,0.0184926340667797
-0.2769546917791,0.0891368916019895
-0.19827575660973,0.0373705309900307
-0.123717325389016,-0.0958331614796014
-0.26609158338109,0.0856428807021158
-0.244154453947476,-0.0123528497428121
-0.293883817355093,-0.000812459461440351
-0.213257118193655,-0.0551440125562168
-0.22912341368416,-0.0461500731482391
-0.145856568602422,0.0661358339600634
-0.244678697382521,0.0368243567035446
-0.280651015962587,0.0660663082841228
-0.216166415715804,-0.0156596712730049
-0.310246892459359,0.0159943291469449
-0.339765736159718,0.112845229703673
-0.181450878257268,0.111331083712875
-0.201867368229822,0.0745502716578566
-0.230339157518649,0.0517595468166681
-0.270576050224867,0.0879524280708982
-0.223865861402605,0.173129805633444
-0.344841429861971,0.139869596153267
-0.241667596977608,0.038303274333671
-0.212862177171799,0.141744014583451
-0.373055528913836,0.0833014368045802
-0.196561797127542,0.112535300079104
-0.401436389330663,0.0472432209364381
-0.290436922983929,0.107148887732022
-0.350160013951352,0.141878280701353
-0.206301637980438,-0.058296784987004
-0.29991098247561,0.0298161362902232
-0.192910980732091,0.157458955943664
-0.300646071016959,0.0385694607919935
-0.139441289701628,0.075146179272315
-0.17859856872956,0.06526325967782
-0.301102910859958,0.219845270663415
-0.278880026906179,0.0368659839686782
-0.22533639753168,0.235034404628172
-0.217651506820103,0.0949862028486508
-0.282959386691552,0.174943678690391
-0.141650649509482,0.193728154185299
-0.201308045634451,0.108423068878064
-0.0953809052624351,0.0563535588207705
-0.156966686982627,0.14743588690504
-0.174989631998857,0.18959009230179
-0.072882813626079,0.113964230933094
-0.0994381060546357,0.0815809631974929
-0.0965356819790504,0.183560721579992
-0.126797341168745,0.162557777083482
0.00395366983110989,0.152507407491091
-0.135834039915802,0.223119324043992
-0.0449129902406941,0.0910913983029374
-0.241437480658054,0.28947306558847
-0.0993675544061894,0.262488801725386
-0.0425216701651113,0.336195038584615
-0.155830383056329,0.185224002466634
-0.0542546210399075,0.375280220834802
-0.110581429334305,0.286681387964507
-0.0733071640010232,0.309908100479404
-0.000333292593547214,0.138099148238098
-0.0381730163329985,0.28902539569058
-0.00499616104371207,0.407320789363528
0.00505763808732098,0.439122985076717
-0.0909818831882988,0.394638384658098
0.0382831419818197,0.427605116497553
0.0969642218055517,0.329517076437252
0.0149517286565474,0.250946050587206
0.0497535558117345,0.370225827294207
-0.0479006182784241,0.405870605889542
0.0908937209969313,0.502136312509561
0.111338591305161,0.364727502168
0.138614768901651,0.387174582303429
0.168379296247412,0.430729565019768
0.13791018530612,0.418673718297637
0.0572096003686873,0.380600295060739
0.162552360935776,0.365811772122213
0.150919866095255,0.442948077394383
0.206277438330452,0.379274571670426
0.229816860294881,0.419768689009428
0.123866483562295,0.299266711580048
0.15381721223062,0.361295181115232
0.241952678950776,0.379200003725581
0.293882635610814,0.396804508443499
0.312902559031159,0.362540301514317
0.343496169807318,0.33146891430071
0.385489695476422,0.327798653361019
0.393771411790937,0.349541681190647
0.437489919322598,0.362057846550651
0.415241819574868,0.292878623809272
0.40959826168797,0.262607508687891
0.456904501645541,0.186925453446873
0.482458171078609,0.246551765431325
0.41162200520159,0.172133143519212
0.489318989349134,0.137972422789703
0.516655261870389,0.142352368745959
0.384442737499661,0.0494524530858588
0.419143620696757,-0.0468871132130756
0.485325957401952,0.056069281829204
0.508875230716509,0.088292535611796
0.381060839349074,-0.174754827989396
0.426530668851842,0.0302413854460153
0.411248719271172,-0.182323446331534
0.446399435393713,-0.0938142922872767
0.411259898486663,-0.0990862449327277
0.344589570614784,-0.14971068899584
0.421591626244297,-0.0969804917136181
0.322781885374799,-0.0867499149848124
0.420765136046923,-0.082021629357919
0.428435536104978,-0.159267666629593
0.382267771970553,-0.121608107344464
0.404400262793779,-0.247386911841957
0.300766229508181,-0.111761812873604
0.378696921077584,-0.219042674701872
0.343634059602506,-0.089201570359271
0.382860369398456,-0.174855772798722
0.41856192334785,-0.226274876274481
0.405394622864807,-0.0956989851641273
0.399916302640943,-0.194596055971038
0.444658943933018,-0.0541396833609702
0.296133110425748,-0.243077435959999
0.397942456114352,-0.219459619873061
0.479667678104559,-0.145737630614456
0.303929151254818,-0.204901224898156
0.415386349350203,-0.0879723610443556
0.347101408486474,-0.115923088084606
0.367610246047715,-0.214641456377053
0.416653364855175,-0.176065222325498
0.418811741398559,-0.211070252774311
0.403758641588628,-0.120073239636943
0.434636727860098,-0.157245359439892
0.463261498639033,-0.151011594314848
0.441995207686505,-0.202335349295514
0.432067437198494,-0.199196280744841
0.501669879588958,-0.106819807506797
0.545181528394596,-0.170322274649007
0.430067938439977,-0.194078765943168
0.499816490409781,-0.208411552728807
0.494986619121218,-0.186882980658307
0.532600529509136,-0.282154470149677
0.614850659341935,-0.211196664944834
0.396393018396295,-0.240792076572558
0.644496757869463,-0.231360781683796
0.47118546506153,-0.229770875812283
0.562504861945271,-0.159370744037324
0.544169586316808,-0.253542836481415
0.625010510615734,-0.216807788161559
0.502257151974309,-0.161741412968373
0.604369012123366,-0.210896933701612
0.588115151113377,-0.256046165507614
0.557875552533967,-0.226858240503244
0.662322100839734,-0.195467664445401
0.65894738857541,-0.182303470056217
0.648580767827543,-0.14268500881805
0.612787457613012,-0.235707686362485
0.608649376220128,-0.224272104217517
0.660832740415879,-0.218017688632515
0.595552296596904,-0.221628668222926
0.704982168659593,-0.299505664604665
0.651791819487033,-0.239956125089691
0.616959166679193,-0.245346923276422
0.675771661166445,-0.264893876158187
0.710493330770135,-0.263745341848324
0.716549717938016,-0.192387357612979
0.73971029338484,-0.263024131884691
0.675468211557713,-0.344974924511161
0.757378449633335,-0.282400251565417
0.691725151140457,-0.333964216290447
0.716415498217098,-0.278011780341609
0.714212566525134,-0.353207616300894
0.732379730579765,-0.291031361089701
0.644306047446109,-0.338104358092639
0.713726181271579,-0.356630578021463
0.69087164506498,-0.312200001539251
0.623334930286713,-0.337420406048591
0.737137596052285,-0.326453093016079
0.703825383178876,-0.365757498504548
0.710587345481015,-0.357520987863184
0.774751474014954,-0.300749003514872
0.761341599049487,-0.409602710950436
0.733836126877726,-0.409389383599659
0.739300162017908,-0.436764704020698
0.667577523003917,-0.347340524669035
0.596368111918258,-0.47731458481624
0.617415062143936,-0.444303894411101
0.618539864407141,-0.448848217044206
0.661954105690327,-0.463166053218551
0.642475888717908,-0.509600254399901
0.625310393153245,-0.499490445531245
0.596714546347077,-0.540737826605881
0.538330946911512,-0.551539350180005
0.590234883642061,-0.571492880742266
0.594537449818174,-0.543574608621741
0.579706624040355,-0.531448683056983
0.464748174424617,-0.616296607805053
0.476655544564618,-0.59950849277146
0.447427286683961,-0.595299584746591
0.487524452479343,-0.65260516028441
0.46242544669739,-0.690624260357575
0.454558727853572,-0.690987411354598
0.449961884111085,-0.670805779178875
0.467528550668021,-0.697900809934946
0.422411400412547,-0.720639162421629
0.411606326615735,-0.697629465816111
0.416238400712681,-0.721453903879207
0.459335907385223,-0.721301118892814
0.412065886625416,-0.759916063409901
0.418273377360691,-0.779883548357787
0.407123059420898,-0.799175429821686
0.391524637495064,-0.818879686403894
0.373884189421348,-0.798441714024754
0.35580141593089,-0.860412927850309
0.340592588150998,-0.869257694429899
0.332087523940642,-0.877728045697153
0.245372840051701,-0.879788707128051
0.277118852528245,-0.904473993427032
0.256482435444306,-0.914769257049079
0.194348446349587,-0.919460244991352
0.151776230894034,-0.92590722839783
0.153281213403736,-0.935189793509741
0.114116548199432,-0.925895058152752
0.103072883915557,-0.936823695935346
0.0758816031845464,-0.949511146584207
0.0880449501065499,-0.949485959796525
0.0871965133738559,-0.950725289156424
0.0329931895641746,-0.887728429384886
0.00563333596245357,-0.91541371763785
0.0182027228494178,-0.884111084242628
-0.0082601099486396,-0.957410340278443
-0.0335808341263384,-0.909858054715508
-0.0138325351556902,-0.958351597749206
-0.0261080809719422,-0.959300815123395
0.011586422790766,-0.977675501323921
0.00596682099766175,-0.976129404982426
-0.0123315588364058,-0.98400964822923
0.00384459801963737,-0.967324352548731
-0.026881504346442,-0.984777549735991
-0.0190923491080396,-0.978462013184308
0.0271527933048979,-0.973777493134237
0.00297502797403263,-0.972355488381267
0.033804161958783,-0.979434526913346
-0.00573579043718051,-0.95427911281181
0.0363327946973344,-0.969127396947797
0.0317893500405261,-0.952711667089089
0.039264267083145,-0.968123534303499
0.0264749942042419,-0.949264660428241
0.0422049875200954,-0.944031126831291
0.0802142424686242,-0.96675777515038
-0.0178879427583101,-0.978922282211433
0.0184506461918544,-0.957840367174326
0.0684223650997037,-0.960502732888951
0.00160368665474134,-0.974642065679549
0.0512221681501932,-0.977307167130773
0.0586005256560218,-0.96767680642696
0.00964832478336294,-0.952079243292824
0.00269397906675494,-0.969635330928887
-0.00321654126075398,-0.946245477755757
-0.0271354579197779,-0.929980651863965
-0.0941805701227313,-0.906177715123443
-0.078851387910979,-0.937063489694077
-0.107040494090567,-0.865436017565925
-0.133405825217883,-0.905817428444259
-0.153758747585255,-0.883861563120568
-0.169882359042277,-0.885511744885135
-0.272770438529471,-0.874907247876963
-0.330632805241545,-0.823353329556273
-0.304871858063009,-0.860994311187486
-0.337693124794422,-0.841626954917309
-0.355096504028595,-0.848097796474335
-0.368593587794836,-0.823862682303613
-0.411439543701592,-0.780540156764542
-0.405522527422264,-0.754895245807294
-0.447063489527184,-0.740372184413163
-0.484429076739856,-0.73201940430853
-0.487408081842967,-0.671735277826957
-0.497213967380012,-0.669471556799157
-0.559033545605025,-0.63273778669451
-0.538943727124435,-0.610516910326618
-0.531049403089261,-0.51302156555384
-0.530953436082505,-0.576859333128122
-0.586491014458718,-0.565811011551056
-0.606462116196561,-0.479772676210649
-0.654272921869017,-0.491843591261757
-0.653538705176105,-0.362310966782151
-0.577581248242812,-0.339101632338929
-0.662296702885515,-0.355593952235255
-0.642897115407014,-0.297275118002909
-0.629326445599002,-0.247450357842558
-0.636814464796248,-0.162038503807807
-0.671072004258477,-0.139847571529118
-0.659959329154851,-0.167454256401381
-0.552344432369355,-0.0244801690080824
-0.714226465837304,-0.106855695428135
-0.642475045924025,-0.0922211759846928
-0.651522806818613,-0.0305623480423596
-0.527052674012328,-0.0665368297029791
-0.575895217038702,-0.0566327164563484
-0.677310113574847,0.0252988342672393
-0.652729816434721,-0.0703272137350727
-0.553110478011688,0.0354713870796203
-0.574141371941744,-0.0160006645909038
-0.646508565328866,0.0152736346278827
-0.616369657067426,0.0566921108770381
-0.641095998669145,-0.00358393104325667
-0.567279830784372,-0.0215088298938404
-0.632640882222869,-0.0374164575834678
-0.611748940530261,-7.71924872106484e-05
-0.65325392462609,0.0288719861249765
-0.657628589898485,-0.0596221677642971
-0.595591881541403,0.077167310634817
-0.716176216121542,0.0198668878733172
-0.682678093573476,-0.0361111375355665
-0.656483421726342,-0.0634694034302477
-0.654649085171872,-0.0550297375880399
-0.608687166302306,-0.0474616844189238
0.319937800104773,0.42260231711464
0.327580719552038,0.473128867296289
0.36449601181988,0.565325660175025
0.406036479378219,0.499436965317271
0.419886391423756,0.496855873641796
0.4611581136222,0.55824589634361
0.520866175750658,0.50656896885603
0.558840794908994,0.453980950202322
0.673216602110449,0.48901506192528
0.629212059478708,0.412840724547332
0.733300240219477,0.470324512748992
0.706542889747114,0.503720132067326
0.707373362146622,0.411481538903715
0.719107023984261,0.370207724649673
0.754351503126211,0.375699989732993
0.705866329343878,0.353242493077315
0.747734839134239,0.371017199104142
0.782187263778682,0.295390268443764
0.779096982135522,0.315311050246666
0.790549793856628,0.336803712321212
0.794625273772569,0.231617027226437
0.76637162882526,0.290693251684377
0.841162412367126,0.154912555345428
0.828596529270377,0.274739149309815
0.818347371635613,0.208793795170534
0.785717199622885,0.177454876337148
0.823675026202677,0.17386698331157
0.799529005755247,0.123678270532769
0.802417505077239,0.108687183161832
0.813524932241533,0.0560233747733995
0.790306370657786,0.112282018409427
0.694676518727656,-0.0180684728268473
0.806693091953142,0.150600742500746
0.755222066233093,0.0763548233986645
0.746332294784085,0.0334805777126652
0.712425803547937,0.070250424827221
0.690379578363704,0.0757316585706674
0.798063142757419,-0.0372805155867351
0.653966007859397,-0.0707028474687881
0.690286225681497,-0.0612771668098988
0.754590070608788,-0.109961206799149
0.709120761967606,-0.0786926760813849
0.708709899516882,-0.126750863751211
0.791081200526652,-0.0937408526104581
0.739873365624093,-0.105937309928936
0.579515438581238,-0.153190783977775
0.698912814610391,-0.226298305260717
0.671920318147268,-0.155107984552885
0.525191837883659,-0.116547710780271
0.645135212174002,-0.200727652866304
0.43596095992999,-0.273493224966736
0.653754093076869,-0.24227801357023
0.491615082388272,-0.179449237931497
0.479514323503685,-0.262965957344181
0.342463729719418,-0.283131421208087
0.525051405267044,-0.16186855357297
0.385792547603145,-0.214929573080301
0.413469314023581,-0.0514065237820207
0.307178836703952,-0.186268343503694
0.200540753322781,-0.0732527543214364
0.206862144396704,-0.047830534787855
0.272642979857979,-0.0181148510243381
0.147052866524072,-0.0632924864618533
0.290616055847836,-0.0274545749029464
0.288868092842504,-0.0655776683663202
0.208509194233783,-0.0166099588666693
0.306696111508751,0.0823042565871312
0.23904737470216,0.0319572047535363
0.264656141906491,0.0352666660642195
0.121738917907289,-0.0435073143964897
0.326756304722237,0.0430008167493309
0.186417735543232,0.0266743652341621
0.274193199764221,0.0614219032652881
0.142476879470269,0.0490580879830494
0.208059215643915,0.042997977412185
0.213329928545155,0.0231317376982737
0.311761317733288,0.0526270816772082
0.0926748940933112,-0.0649630821550782
0.294330229037228,0.151354481607815
0.180610963021387,0.109501078321282
0.0643094942656296,0.123621860538725
0.143186704451773,0.123350260814867
0.200011658143651,0.0449972100963431
0.113522094372744,0.0119199870108102
0.160354535857686,0.0605467016852748
0.175218368955491,0.0554137206480622
0.150665549143201,-0.00573217175103122
0.137402434676779,0.105644615322395
0.176460233341129,0.13856077609537
0.170952874972181,0.120443156067953
0.14644280327061,0.138121730646786
0.151259529390311,0.205206955563806
0.160828890573394,0.230274496022786
0.0894127576916482,0.340107604228973
0.181431260197301,0.333019729705673
0.0947387407126427,0.337610090984331
0.115470573606459,0.35832162118934
0.117686536696268,0.487353639181241
0.026764965236092,0.371190879687027
0.0829085944066046,0.501856996798352
0.00941060504388759,0.436408515006426
0.00965563478328453,0.400397302977045
0.126100333931686,0.525756803662098
-0.0885044480721747,0.467194013544853
0.036312606979566,0.463182512422834
-0.0789926478671063,0.486278296207577
-0.107268395033643,0.572624636923945
-0.0575182550822806,0.565672877208126
-0.0517029699862823,0.658245707260589
-0.203907159948076,0.599379539855333
-0.120789398398127,0.629866565463433
-0.150026863600009,0.702647548966829
-0.137342995428149,0.609715438735114
-0.117700818552396,0.586970528346616
-0.186501352850126,0.756142760332294
-0.241127672688322,0.603815359542828
-0.216302518653908,0.616601319898926
-0.157161092827778,0.653868015757873
-0.27439134408419,0.628367265621862
-0.229538442142211,0.70459223785285
-0.15663853828005,0.648539400688386
-0.192550000792023,0.767304615413874
-0.207475756403211,0.70672392443023
-0.222421323756999,0.749900556637832
-0.197468220979858,0.659560879317984
-0.245820512294363,0.757699942779996
-0.19465016665272,0.736914888381863
-0.204617265732482,0.745365233401384
-0.261194151913053,0.782817495073121
-0.161302581920115,0.815690992190678
-0.199298945605541,0.835318088384726
-0.146731659122495,0.781034414116834
-0.176853765230359,0.826472036248507
-0.14147619309233,0.828950008117158
-0.212630365220527,0.879779495016867
-0.192220677548431,0.875318718625725
-0.194597739622775,0.818174975663294
-0.21689934293308,0.89323410511716
-0.252607159452056,0.863434892084845
-0.20930539660481,0.790065325356034
-0.240978242772237,0.800358767795075
-0.212802350159374,0.82720007820471
-0.254801541525778,0.771966112710576
-0.249380565071178,0.759379910815064
-0.337451899703274,0.770634751203059
-0.231240981232568,0.650538346711054
-0.267656432420574,0.718721789178385
-0.318293475021265,0.761229478244837
-0.290996527400738,0.730676213493903
-0.221583987157414,0.766584521213461
-0.27001253433641,0.715878218606013
-0.258203151036797,0.740027949240765
-0.167338541113149,0.731563367998187
-0.259649899145864,0.706692018895602
-0.109053273438922,0.751774493147847
-0.213731277934762,0.726812643204665
-0.19166379190753,0.757476838382701
-0.0626357884001443,0.851251756227402
-0.138681729369573,0.818957826609412
-0.0405661222214433,0.781174981389564
-0.0893810660446591,0.836008076917187
-0.0124626148543813,0.882818486363338
0.00319469477655878,0.857683661188967
0.0131776253934293,0.847498089761468
0.0793365242928173,0.888537714836709
0.0864605175983097,0.866795924549237
0.0226639759910088,0.939228888516351
0.0521674717867175,0.930677770213765
0.0205881051098087,0.95267986452597
0.00130809120616467,0.950796779345235
0.0328508541930075,0.982128680230172
0.0401895323726281,0.984402782192152
0.0101241895106261,0.981015065119106
-0.0136200952888179,0.975137514913183
0.00327399934349003,0.965798617949294
-0.0246117076867852,0.985496492053095
-0.0128122092557491,0.985567005776075
-0.00652159542251517,0.982401913466223
-0.000162535409180339,0.951139236685806
0.031775293261855,0.937499197392221
-0.0101706493721581,0.982549889700052
0.0645842433026819,0.967671282919983
0.00685903908451369,0.980916600533013
-0.0198817060125342,0.96355740151121
0.0286716891298803,0.970907944132681
0.0173019293105381,0.97854093595523
0.0238997366639114,0.972172173218656
-0.0240172028474898,0.972512078964041
-0.00848383012277613,0.949308191904449
-0.0421651620087942,0.943298562067203
-0.039983310952246,0.927744194826724
-0.00540840895151789,0.958507917097161
-0.0459785799525128,0.939968836890272
-0.0237175711192274,0.974449517044457
-0.0401472422776373,0.937598830204141
-0.0383204191591763,0.879768972982016
-0.0891651691622138,0.933317937346851
-0.0779821886898284,0.921143558583854
-0.114005568967223,0.928982813448278
-0.113881063780456,0.954587966914583
-0.116771125195709,0.916394535827547
-0.170473034137001,0.907940963278519
-0.166019967006332,0.930347538353545
-0.15494264765374,0.930235061540436
-0.175604937816894,0.918566014352976
-0.184069911234329,0.894386761028907
-0.184521970602888,0.923214297999955
-0.19250442930397,0.90528056822104
-0.274384270339332,0.891372056836976
-0.300362107131991,0.864530787380254
-0.29311187713504,0.85521366418688
-0.380236549201212,0.806326679613673
-0.407133141949822,0.77633570804969
-0.363949342976202,0.829769051119518
-0.439432512189226,0.729860093421101
-0.472062326525536,0.764733359265658
-0.487140043860639,0.675568808299517
-0.489031248682756,0.703003113011522
-0.573480726227867,0.714237350293478
-0.514859923164149,0.671987065477509
-0.608329002564709,0.625318185835851
-0.607828005584221,0.559243349966225
-0.649935477459466,0.582174096874158
-0.680602546417321,0.549122480229429
-0.710110390856106,0.537245380513949
-0.720335804773685,0.546981316845279
-0.722401374095716,0.515813113658707
-0.769511985954736,0.472210109766968
-0.803216300899581,0.450954706131706
-0.776311069457479,0.393779310671328
-0.813541487354081,0.38373781572252
-0.788832848306291,0.394699055846135
-0.831765912255598,0.318299290957975
-0.865276057696386,0.331098150973101
-0.860558836485493,0.363447280999145
-0.891728030227392,0.347857614836044
-0.904554454619186,0.308685572479999
-0.876697402444375,0.300967254808082
-0.918455596121201,0.29164453811884
-0.899611941679295,0.273277226917528
-0.922359248119733,0.257461951952744
-0.927870779178551,0.215552971311525
-0.948791484692796,0.219909137785291
-0.934486653998574,0.221571121324731
-0.939839004301096,0.202993701154724
-0.952812996145476,0.191737146340486
-0.961419461426686,0.176387588596436
-0.967437903363989,0.133967086694989
-0.957451594136146,0.152758487817912
-0.973082245548276,0.129017033287315
-0.948007377343741,0.142071939693947
-0.956799189781096,0.0766752647851947
-0.932788358970897,0.0702780692270309
-0.96697188421894,0.0623196226614647
-0.94960699243396,0.0718378106725255
-0.930704394201742,0.0292710979074919
-0.97189694548978,0.059377048835522
-0.912215967173259,0.0615097105569316
-0.966103939242573,0.0691510053625152
-0.976827753706471,0.0814699208159294
-0.973530846910802,0.039378231714244
-0.984967859912946,0.0438591063858733
-0.962592996935299,0.0207450986969595
-0.972896271507097,-0.0319068272527389
-0.923008798028041,-0.0116380008841538
-0.95027513884431,-0.0173461700217962
-0.959077367507459,-0.0302988529126224
-0.96734151299149,0.0021485024253837
-0.935869412667904,-0.0883336408940832
-0.973018609037476,-0.01426406350165
-0.976237117217145,-0.0498185342086208
-0.982554300701815,-0.0207671804305538
-0.950035144989626,0.0305773747457527
-0.959450790584392,0.0402636993739234
-0.929167517257948,0.00867525624628828
-0.949158762287864,0.00432385683507749
-0.963957500257384,0.00762353096668538
-0.815762103704217,0.0544530249369004
-0.860432697430995,0.00849440950110402
-0.949396629149346,0.00623041437153424
-0.909274317884574,-0.0164681460975047
-0.866323664555182,-0.074571863209048
-0.833692418265156,-0.0646048541459482
-0.845463313117688,-0.14838825889778
-0.870114509767674,-0.148879684333986
-0.810424765193013,-0.138802069463973
-0.807012228453956,-0.115382877111808
-0.89212216095256,-0.183645653182773
-0.831940318004259,-0.227730920220857
-0.835016847835313,-0.245746107320818
-0.833865219768862,-0.215900143638755
-0.818393686718964,-0.257959266526847
-0.787613412916393,-0.250310139298031
-0.805318702468293,-0.264671926255356
-0.704152482530664,-0.233611708285779
-0.755652643003172,-0.236619654756362
-0.728075102077491,-0.301300410449369
-0.690690923076931,-0.284990389399254
-0.734495342525217,-0.290422014220671
-0.704841971549395,-0.303470879838513
-0.735025746766737,-0.318649438297029
-0.645188064900256,-0.373506182608176
-0.711214230180419,-0.315115865540334
-0.757975312465302,-0.388270109793988
-0.704339557109321,-0.282335951303505
-0.571223038093391,-0.376258752783352
-0.667853971139341,-0.334050482575424
-0.590638461445798,-0.388098108190227
-0.571811908102229,-0.308942736989896
-0.584447180190135,-0.294266335633656
-0.525226266257871,-0.313990907111235
-0.522045451736835,-0.273534797433913
-0.407127941166682,-0.197378556699789
-0.523441692110298,-0.315312903520856
-0.462094985176817,-0.148371337026602
-0.473367108347409,-0.301665075944182
-0.406142969620659,-0.108104300576267
-0.396338105929212,-0.2404102613511
-0.533082602176555,-0.191242552223364
-0.376769910931626,-0.234474890040659
-0.357515610798339,-0.18804071795032
-0.452407252140984,-0.257043191034436
-0.443523857706787,-0.0908703756629086
-0.363408163836939,-0.229564186241536
-0.369458181677069,-0.140240395386403
-0.493334433246592,-0.112500639406299
-0.408517661388683,-0.0791890985432517
-0.449249505216101,-0.137813992572667
-0.372865566694939,-0.0109675203641687
-0.310085490857005,-0.130034126546118
-0.454260151842871,-0.0772588017044371
-0.286561606770183,0.0381732038606159
-0.345263188573933,-0.102874615732211
-0.305032230665417,0.0731812415200316
-0.386855452661519,-0.0358277033889179
-0.297052705236708,-0.0691137940230875
-0.269714197449616,-0.198778338148872
-0.339355134629469,-0.113816711907448
-0.256353104197795,-0.127418401428798
-0.318807291287246,-0.173043326681032
-0.32275800960949,-0.092452516250091
-0.315243651391305,-0.139040179667095
-0.283151643169964,-0.182788804278263
-0.221393541998967,-0.123992640774673
-0.315035589494466,-0.114093637441141
-0.281311562818174,-0.174259663156712
-0.325152724545,-0.148976138861197
-0.329195640128913,-0.15764393995812
-0.173216356970024,-0.25818396254837
-0.240711603577961,-0.161777531288015
-0.243972744568521,-0.217836189512229
-0.280950428147798,-0.14741517178598
-0.23813999180421,-0.1981538034238
-0.25644353520607,-0.226837716553849
-0.10252937998782,-0.25313080934956
-0.329412675890327,-0.147814669907351
-0.284568989217561,-0.218314191408368
-0.357613154750796,-0.225079547125101
-0.273017225269703,-0.208072137346596
-0.247882942151299,-0.220570810856792
-0.284186229462858,-0.204890098369795
-0.232845223387853,-0.161262236331533
-0.330789135608172,-0.240128573085988
-0.173640314004309,-0.22049822531265
-0.243570655790347,-0.219186981216269
-0.141579940908665,-0.204329615861064
-0.270969883310513,-0.187038962998892
-0.259550880269621,-0.196296833484791
-0.256437597181679,-0.119714208611257
-0.160878384407826,-0.247439786754252
-0.271280019825606,-0.185412876123853
-0.134281899488807,-0.168700242776785
-0.147946688693076,-0.147946688693076
-0.284374837344535,-0.246940224351929
-0.18696852860872,-0.183923000662762
-0.212964590699024,-0.141082297339127
-0.0680807465181123,-0.181105546294864
-0.25381636813342,-0.155602109646545
-0.278877950139179,-0.075339011612935
-0.205468573644666,-0.112779423241161
-0.286872393166533,-0.212842982451552
-0.204895239331231,-0.200086806537653
-0.310203403053837,-0.0413358645989977
-0.224444149621733,-0.309251956373814
-0.294425558604373,-0.193883258072425
-0.201753767342856,-0.265429488867989
-0.326856355336294,-0.155583008345884
-0.231341039945791,-0.137449871455447
-0.222694082313716,-0.163470306877278
-0.232988802825861,-0.201455269712612
-0.269468886804063,-0.073236827411822
-0.205978795671692,-0.147242394980895
-0.188941543650165,-0.0654543766533594
-0.234884452165576,-0.0366807644090426
-0.198779084909062,-0.149224439653064
-0.250895002493382,-0.0130663807608087
-0.148917297731903,-0.0811843867788287
-0.167022157730279,-0.0757048106063743
-0.0856496280683658,0.119175825753869
-0.261142115569987,0.0775165717790755
-0.131667496880472,-0.0820535678135419
-0.247355232241874,0.0642413249830742
-0.0927711943589194,0.00383702485700935
-0.220359568258788,-0.0991569000803579
-0.156308664546605,0.0872278875906507
-0.231087398297741,0.119281583530017
-0.170093633331543,0.0266055330789063
-0.156012889098042,-0.0657358550032178
-0.0934357098803123,-0.0267391829788768
-0.263581041364276,0.105248146677838
-0.222156099356399,0.0297043847542432
-0.286214112569153,-0.0125995144464301
-0.151456649847466,0.105539430430869
-0.194692897111804,-0.0447857263947376
-0.277067683462391,0.128052197674553
-0.197655389388812,0.12396527488534
-0.276535162047339,0.167445387889991
-0.236148643183869,-0.0184283166089738
-0.39619244313968,-0.014617500795986
-0.348512533920251,0.148605199081722
-0.333329520417129,0.0764291239945202
-0.342581229259003,0.111956482804406
-0.374619538068777,0.104050536777024
-0.494220001509793,0.11082774061254
-0.340258718312987,0.0559454914761317
-0.395457881913231,0.177206939590868
-0.341353235885565,0.126700286440166
-0.355080323832979,0.0881079221374187
-0.468268511061383,0.222112223985347
-0.431333387649416,0.131217818330099
-0.404822003238773,0.0762081536941695
-0.480687349948718,0.234347797446508
-0.519051922669647,0.137486230700285
-0.424966942697377,0.203727456975166
-0.54315753412854,0.185952947322628
-0.54384228552571,0.138017709570717
-0.475339724411079,0.203888416878635
-0.492982779864086,0.217138552986083
-0.481601391256713,0.0823813613079748
-0.551798752518765,0.198530076184269
-0.463533903414496,0.214740986568609
-0.457575931136572,0.199378975055099
-0.577032310258084,0.30416097251066
-0.609639158640036,0.291851259434745
-0.449961542106142,0.25507951436943
-0.618109019111302,0.256353106066655
-0.494017318671437,0.246357338597518
-0.575165470178984,0.289935081623847
-0.574422986430145,0.292451335465854
-0.522065140149336,0.22349829964751
-0.598406798240603,0.313513042027198
-0.470788778449955,0.320176149576837
-0.539487620406701,0.295807713965308
-0.57828300626706,0.250906322600302
-0.446416462090044,0.277873775509151
-0.497559539370316,0.279529050440354
-0.363418449002206,0.221706977043668
-0.546100544751609,0.216808295660406
-0.385011804986087,0.312899159248064
-0.474823805094939,0.277162494518125
-0.428257970541583,0.229292352565151
-0.474591482736163,0.196158998007767
-0.442216013368225,0.321938187736259
-0.333839520274134,0.142611406205041
-0.360071331553074,0.245033651466792
-0.437227185247669,0.237845999968932
-0.388522130628104,0.245518351459419
-0.339785384467509,0.173303634753481
-0.324291014013474,0.221595882558421
-0.236121851231062,0.191623947269609
-0.234725980192197,0.12486451763136
-0.146820678789369,0.125135085693739
-0.25317778503205,0.143241189244539
-0.191931260739686,0.173493869065645
-0.196011620035447,-0.00558446502469306
-0.184578529776323,0.133562632189882
-0.0599648105210883,-0.0577581057403186
0.00818068019240907,0.044467100865512
-0.14071423201871,0.0737068150885926
-0.0867187552438933,0.0331073858745345
-0.035282223588842,0.0201961755264843
-0.0581349338463162,-0.0534630572319747
-0.0168599874770152,-0.026258687909901
-0.052148525891342,-0.0447759112775148
0.0975571544456792,-0.0565975630129511
0.042257980925371,-0.163347794539221
0.118048544512734,-0.071471800412484
0.0348174246427808,-0.0507628424971926
0.125018617813731,-0.046712282761682
0.103131122084432,-0.0923314930206214
0.0936097571721642,-0.103481066705692
0.0923838952831152,-0.113257473749405
0.214420442882488,-0.0779477622406969
0.281836430070041,-0.151660710058575
0.221509292673023,-0.10723940674396
0.272327562421465,-0.255173791680251
0.334895514097041,-0.0505825038140739
0.262561154064174,-0.246313482609743
0.386494579742588,-0.190740573677879
0.333275084783784,-0.0867563978805914
0.440663326660246,-0.246039772227399
0.462389532136306,-0.217288456235296
0.343201141583775,-0.181366241287384
0.39054058187917,-0.214306146616493
0.346735019939297,-0.272289340474879
0.336757269552336,-0.286098278638691
0.388125133949427,-0.116915563582785
0.338999223726925,-0.319718869445663
0.315586090622294,-0.287728349250492
0.438988391225367,-0.278561308662721
0.337562931630766,-0.230354139377536
0.329416394921899,-0.300584290132661
0.438818131138294,-0.313241257821959
0.440279873057461,-0.374129328834295
0.449975693862255,-0.403680960510203
0.457539234241224,-0.332433872175358
0.403490129348418,-0.32733231956438
0.451537269529456,-0.366928416540087
0.384724542366496,-0.31743824302355
0.45318908446452,-0.3704030015757
0.410240338726231,-0.352939932179407
0.49829793355084,-0.386930335467346
0.414342088341912,-0.360029635305824
0.459959134625008,-0.37190186027325
0.4752291181134,-0.322689406593076
0.430381625283839,-0.329829034002152
0.415443173631591,-0.41000970048827
0.513856818967176,-0.320051182839692
0.46723795487085,-0.444732912046009
0.476682304837964,-0.341028081928679
0.51336738365537,-0.373780107786018
0.486476314527909,-0.291911015679562
0.479786869174707,-0.393861460133934
0.503906272945506,-0.33087537888405
0.520494362373116,-0.308183539490928
0.502323376481442,-0.368425176214051
0.530030022448559,-0.360283018191534
0.455101454836224,-0.355350279753259
0.510368298289618,-0.360805059940838
0.577342971428182,-0.308281523744432
0.566507566169964,-0.3714175540353
0.561516789947068,-0.267010561460264
0.492134856690131,-0.365220892503889
0.63073802921396,-0.281026791203067
0.584508837652891,-0.370833772035481
0.53295704558925,-0.31230340891637
0.618022003433483,-0.280367256067484
0.599654260543364,-0.403453395114401
0.63268381621739,-0.322184189606134
0.583572470828829,-0.285284837072469
0.567582714655868,-0.366664593240283
0.635248582642938,-0.264637208211638
0.629716078713649,-0.409965643557921
0.59687616604957,-0.295302283464701
0.563362065244496,-0.465884755302815
0.566008342136919,-0.29950694600733
0.57945379815522,-0.335296718234106
0.635665092184246,-0.265811571279452
0.606334252038114,-0.367821779849579
0.583423124948513,-0.311815418634812
0.619900831485514,-0.219599172817942
0.657544725700097,-0.334590694763391
0.636723795434272,-0.322297397227706
0.73667222614149,-0.282732985723224
0.721342378967311,-0.295214970192003
0.781658233437644,-0.353101655252861
0.74991242578661,-0.347898840701012
0.740936199445296,-0.320639771949201
0.780885902743231,-0.270133543350907
0.780022793889887,-0.346068376040847
0.762107110174494,-0.284128798435302
0.811346643185942,-0.295997423409407
0.830035188734951,-0.282799570466548
0.83130557166582,-0.247846794781159
0.819861003269713,-0.283526010374259
0.857963184985445,-0.266298052344188
0.868224251813426,-0.217773679343871
0.911094262594458,-0.198975091593664
0.870463234121981,-0.17004374187629
0.855078582574397,-0.229268376878578
0.900015978095145,-0.224586745150497
0.864304725990717,-0.146959391793598
0.902861472695736,-0.162354084633359
0.891822760886062,-0.121332301790338
0.863790589736711,-0.195410432489359
0.881166907079782,-0.14633680731506
0.867885169950671,-0.169625629911295
0.877016121367482,-0.124195036648125
0.895666973797374,-0.123848796406919
0.886652656462394,-0.0251753160640526
0.893628132384051,-0.0462132689678579
0.905557151837528,-0.0507745374907729
0.900397871580503,-0.0462518843991815
0.89021930638507,-0.0611759954145035
0.930751398117348,-0.0713756263062809
0.900409255315076,-0.0724280089894356
0.906622321536669,-0.0776704013561385
0.903359013653687,-0.0481835253703728
0.903805634667534,-0.0424178169342804
0.89370435638343,-0.0526378737240008
0.945303606597382,-0.0101142003773771
0.92444122868593,0.0487106307321256
0.952391962150633,-0.0292684086506724
0.897737402367649,0.113472861800108
0.918624728665015,0.0675642106223055
0.895036915843062,0.133858098857638
0.955425433848931,0.0962501478794727
0.937462351180992,0.105780631229868
0.913842883588161,0.161647980134127
0.847436110171856,0.159246007760702
0.906838572608343,0.128112422657693
0.908871359586054,0.249670196286641
0.90464163157484,0.200083203635723
0.862053758532794,0.294643914767337
0.881164512298371,0.241322354722514
0.893358913411033,0.258923658681967
0.845814641279247,0.31236770365921
0.856009360743004,0.353801780736546
0.825377155721064,0.369123877057174
0.783600475910408,0.457794734535361
0.779748259696702,0.422101459175751
0.682774198323399,0.473329926991108
0.770462796307306,0.461596236073769
0.663986216832841,0.522384386340829
0.736865026202476,0.52588113746623
0.597168594727182,0.574581252244117
0.650176800688308,0.641526713266332
0.595734440498026,0.67706573875834
0.499045765097685,0.634404262489895
0.523148901105519,0.684815899250452
0.471648497671003,0.694829699268176
0.469313156968283,0.743942507855493
0.434259765598533,0.733584300883384
0.360770092771196,0.704864130914873
0.415685190241582,0.777590458653487
0.304706683371395,0.787330263096205
0.316505221434094,0.781965141538946
0.288605958149545,0.786188851204556
0.243316673328243,0.796631233221631
0.294172841379501,0.790940506384683
0.241044546708488,0.856879138225442
0.27536711081676,0.783717256143432
0.241824237607502,0.800450177420541
0.215593387904151,0.826507185053768
0.235532888085849,0.799818441675995
0.0988684536045247,0.737766665337486
0.148645012281807,0.754842086583335
0.137539644311249,0.735583609377248
0.157990970590573,0.817493264894285
0.0544101391953873,0.769425907047823
0.0998076942611171,0.769184172615885
0.0906252710277172,0.870336407506618
0.121684258243702,0.755720844085873
0.0914157981941392,0.726232813762416
0.0983878581284376,0.812923302528249
0.0985636489100614,0.796379983921349
0.0969098428449818,0.72663080732017
0.182282757537026,0.69967901327461
0.0575539353296331,0.756171545729631
0.116618473872431,0.767293833375362
0.0897479011807844,0.837304655049961
0.0924883588740053,0.767505442188614
0.142513501543403,0.738846678199016
0.153157902182013,0.785011960355732
0.12760123314973,0.73381281380706
0.169813885752339,0.688585939252166
0.155379691851089,0.665929456398066
0.228709263679548,0.732332083026598
0.189926439602985,0.629541858723484
0.0865426915221197,0.657369027544864
0.227848582052859,0.749631871883408
0.199722045981766,0.657942961080885
0.192471673752517,0.738384027109824
0.133535214588316,0.665095639921905
0.156838515351234,0.586224645028036
0.227954563194956,0.634529570848046
0.20824998246725,0.642415905081043
0.226765428089773,0.55539071793532
0.196367874650185,0.534716853535722
0.189022112077399,0.553796959085507
0.217689702197376,0.587237313553178
0.172758425693416,0.620071200267424
0.16241553847756,0.60741494103265
0.159980113523603,0.570317422978089
0.163273341622965,0.446285182383902
0.249371230215219,0.555481949446044
0.154099937242061,0.491488387119261
0.195747045615851,0.453731856731995
0.179678266334383,0.517855653551301
0.166245616131668,0.604661499304745
0.139246186099196,0.573478783371636
0.281183241404728,0.606110229084907
0.197948497695019,0.562839030548925
0.227539455157612,0.619417172313694
0.203823665204495,0.636715653238859
0.238604075703097,0.614286746800958
0.230316758841224,0.530529123994585
0.124392639893865,0.619470844524468
0.196438498781092,0.613980586568845
0.267254832590525,0.554962625820203
0.216121394401275,0.496463206547371
0.264183468264312,0.511497939688172
0.236890613741874,0.535108382466056
0.233170490498959,0.602584189156252
0.203385377553148,0.512855521928527
0.234842788654851,0.504823715554944
0.242916226695795,0.533941156977938
0.18163796161806,0.476490058928073
0.233726617522693,0.439277999010229
0.197922339496439,0.450717014158806
0.193539687719315,0.50817939907579
0.225662405130416,0.50250558645742
0.225342066211888,0.506890305440824
0.194263281487164,0.448129320547208
0.257021832857033,0.421520735195694
0.171169646258968,0.417493153518675
0.200332516848642,0.392656446042323
0.31145386055133,0.488879847321537
0.258050382871483,0.44436721046234
0.233761198033905,0.40961062602499
0.252970625721715,0.466755862569942
0.285890488201469,0.479639952111555
0.256568035173991,0.35004432620428
0.220847170434543,0.374363913733735
0.301576332490169,0.48200611543646
0.300885913608745,0.358292974079343
0.359530393765602,0.400770999018432
0.352180719731194,0.438470293383678
0.238702136085337,0.377105361194305
0.365133145807881,0.506982209669722
0.265827765096114,0.37672193971357
0.310226584183676,0.258408400647007
0.343148292017588,0.260081668144823
0.324493932688166,0.291568010899818
0.300514169713851,0.136331326028543
0.327383990953591,0.0619473786314206
0.357013772231002,0.0115483586176935
0.267848152236496,0.157836879474018
0.322546655308782,0.122121100429401
0.17707594552553,-0.101670210640167
0.259139251024387,0.00995615446027657
0.300771478068686,-0.0685206601362688
0.12784536889861,-0.160156881981774
0.316061336982384,-0.069759986681404
0.130883759329139,-0.205719911199052
0.17595871417459,-0.165372078198276
0.210918363032066,-0.115334728420333
0.1013342298872,-0.196309109657745
0.143373799380561,-0.229191276110049
0.0611085901702669,-0.237255340415938
0.0205386693002888,-0.308082897834778
0.0624348756701134,-0.306640548175374
0.0601428501474675,-0.314646874656369
0.0701021740883901,-0.30849888767895
-0.0328836690478113,-0.323598130913068
0.0523024074352464,-0.391118332635113
-0.0182995998100135,-0.359226787717835
-0.0243759592027248,-0.358103713502744
-0.0141819803667035,-0.270151440382014
0.0182110002034882,-0.41773297292511
-0.00612537592765281,-0.289066452417992
0.0165845928693367,-0.389333141049874
0.0828333920911382,-0.322854460189321
-0.0731557679085154,-0.356254323762413
0.0414750155221708,-0.340464253402129
0.0871136333208134,-0.413621880882169
0.0644714126473949,-0.282526355503127
0.00866656274605911,-0.50306557046269
0.0945396391655079,-0.388977718314631
2.99817561865944e-05,-0.456509065722248
0.0875876633551163,-0.422829121240167
0.0135297561619516,-0.434090899128753
0.0467123601589766,-0.39790721128865
-0.0908614004659484,-0.383857339413564
0.114690368520158,-0.391475780556443
0.0273418880688143,-0.483335583409731
0.118536387304015,-0.475118781404389
-0.013584312180252,-0.48972599340658
-0.00116765012308485,-0.391448462898258
0.0792515605783912,-0.600820367261635
0.0874655787342782,-0.45615188102807
0.100615482650138,-0.539970155231006
0.100318756184667,-0.421775335294587
0.101970471280519,-0.4822807776353
0.0577365307292367,-0.462707154424083
0.158036962077554,-0.460052328589298
0.0731706747639068,-0.524719083570984
0.212553140204341,-0.478631459825624
0.168390150273025,-0.549896045016156
0.218604279569926,-0.511606007370052
0.148038019974393,-0.547980518915817
0.158404608255537,-0.496755393411267
0.107740799399431,-0.628206743700695
0.195027337576357,-0.483418414824136
0.131967202875967,-0.610440851124336
0.234514387142625,-0.627624057835356
0.223238642533787,-0.59650416239262
0.219820856582457,-0.591116481735834
0.146893160966146,-0.563779564542261
0.223949395298636,-0.643324129220606
0.198113010431307,-0.633743691726216
0.212836675104698,-0.709640451452566
0.173736312692163,-0.700809770277628
0.236180765985324,-0.755855296562167
0.217646337237441,-0.704518215123734
0.166737317483135,-0.750076942910979
0.144388692090646,-0.792930480602579
0.210945083442722,-0.831450659884412
0.166840822950488,-0.817278000158266
0.165791659484466,-0.804982811809844
0.191318123829306,-0.773931709296781
0.218974846716205,-0.825127462755922
0.145108605682332,-0.747004466172419
0.244445677592616,-0.858120728862469
0.209015725618703,-0.890787199965241
0.249859321977046,-0.852808124793146
0.257645639141778,-0.859189460170448
0.283113517243824,-0.85117695620843
0.28994232136143,-0.835926836118195
0.286274219328029,-0.86783747425426
0.314374110478621,-0.864792887043927
0.323748030756435,-0.869776349549333
0.320652950070127,-0.856511048656224
0.327679286886126,-0.874420096061161
0.379534118250342,-0.867483480312394
0.344830929389894,-0.844728730422093
0.363181718907529,-0.884856541640051
0.344235290954446,-0.901836343953274
0.394697351934178,-0.878987562339362
0.368025329627767,-0.899513410092237
0.431960835180279,-0.845850987696693
0.394624649746202,-0.85679105243094
0.417103510259996,-0.887100653983149
0.425023993253183,-0.882475414633654
0.427510171323989,-0.873317913944124
0.471708625996436,-0.855149135880173
0.433483618093464,-0.880893391674588
0.404567870678014,-0.893599655095372
0.426748720962558,-0.893846864504012
0.428064176612939,-0.893781920718492
0.434749133262985,-0.894089535821509
0.454358947078301,-0.883955449040996
0.457063431583654,-0.881052583681103
0.430701896515088,-0.876817460485331
0.413135197677919,-0.773266700224588
0.423339327382195,-0.889037332535113
0.44595270687585,-0.88142144761301
0.413062196764293,-0.895817894851128
0.410211799179036,-0.886989773828741
0.416635626098497,-0.896731101037845
0.444608872497746,-0.875669924618098
0.440322095838371,-0.883088629367177
0.419573380350016,-0.872095501143241
0.486192150640889,-0.856699655876675
0.445397586707008,-0.879088268075909
0.447880589047632,-0.811747158386688
0.485802792747775,-0.848891941044595
0.479973891724266,-0.851792612965767
0.454348670927143,-0.856599967706135
0.49165614304935,-0.845058343672461
0.471244342845237,-0.856458340991191
0.505175224960905,-0.849488872618579
0.503435631275289,-0.841482594775533
0.51425190238783,-0.83108241471116
0.509757571687453,-0.839980298744011
0.483103723927999,-0.846708344939885
0.496977866880022,-0.815981038192305
0.443516348417528,-0.862653960659056
0.457966168976485,-0.795353661225038
0.447881783853333,-0.828513767456356
0.434456191436353,-0.816365962948889
0.326088466952006,-0.863756816880035
0.384174023293944,-0.866337107649782
0.374618609456074,-0.861140866532309
0.312833730989709,-0.840824074082738
0.359615052056284,-0.854746699656981
0.299130482924326,-0.845686163795809
0.285340118720936,-0.820315521297757
0.292643813154032,-0.845154361883149
0.237593214170413,-0.823757375054886
0.235530423637387,-0.851223060154075
0.223579240448937,-0.808851784895935
0.145287142242476,-0.79641304792258
0.213453743624717,-0.825687344842836
0.121242870091377,-0.781039699735996
0.160046027857045,-0.71158175954206
0.134672722426679,-0.77547834247427
0.0827214347873891,-0.751527804372425
0.0472813558063224,-0.792819931707295
0.00979453539088624,-0.711321318716486
0.108206311077164,-0.675054536329009
-0.0550328018665528,-0.813455074131911
-0.0185674227138554,-0.748654354470308
-0.0390859596459313,-0.737875678468338
0.00902628356934095,-0.762635695176869
-0.00726988806173041,-0.740305812132535
-0.0349575285548436,-0.669460776279077
0.0219750918184404,-0.668714290148025
-0.0472758566754613,-0.601749317056461
-0.119125438675866,-0.600183490576423
-0.08455421662147,-0.645287036986413
-0.142071256046151,-0.64604139371608
-0.131986181973519,-0.640818004126376
-0.220226101886531,-0.53248574740612
-0.178958882524938,-0.584529478061058
-0.176586144470026,-0.533112300008217
-0.210940529046098,-0.592028108068155
-0.258551246419664,-0.461927750289075
-0.169161016034416,-0.496338974957898
-0.341690365235649,-0.472408737902884
-0.243015401600832,-0.501375535903348
-0.393390094382499,-0.508131216196254
-0.373636012228924,-0.493143440009709
-0.426423101573631,-0.510911606178903
-0.336156526735312,-0.401975363425707
-0.395692268009645,-0.502718723532028
-0.429506426311893,-0.461348578965358
-0.493564022448778,-0.396190448118382
-0.388056595788722,-0.379025161819956
-0.525430984986317,-0.403428718298491
-0.498843993284815,-0.455904223291079
-0.50223356252223,-0.385263260101331
-0.51733323264908,-0.426398638948476
-0.558348087250156,-0.316768568690373
-0.65029073819071,-0.374448456250644
-0.62399816940162,-0.291167910938502
-0.727388007830279,-0.350268330565526
-0.672096531443243,-0.234899962372358
-0.730152184716701,-0.284966707560491
-0.739207063700858,-0.313601446862128
-0.77007864764798,-0.277668777264836
-0.737136464299944,-0.283600385340118
-0.750389531778578,-0.314057608479006
-0.790385637839768,-0.300633537350262
-0.734605300977563,-0.307875647565145
-0.732780509433107,-0.26465600999058
-0.740311894938309,-0.29929384007692
-0.747782818604447,-0.357499869611734
-0.763890373095051,-0.342612810872843
-0.71361399160196,-0.317463599178461
-0.723909150709967,-0.314619980815048
-0.723657333197471,-0.365483473926114
-0.732641865567827,-0.338364134614305
-0.770101033565485,-0.424498962305366
-0.724505532244869,-0.330133543276659
-0.718807836167876,-0.343858848914164
-0.656500298428274,-0.342088716499064
-0.706755647880908,-0.380681770383697
-0.708368167503284,-0.398204772145553
-0.665804332836048,-0.283996202355041
-0.667666718959682,-0.311762882183335
-0.714458063582269,-0.372064696301823
-0.709218326399499,-0.322494841097346
-0.689630506278314,-0.357692353860946
-0.713231988561625,-0.356261563786508
-0.672676604712758,-0.405167875073892
-0.696802857395623,-0.352875213120099
-0.747871931995224,-0.351781058456364
-0.72876949009526,-0.324390858686396
-0.706342111784616,-0.376333271810244
-0.68896936618863,-0.39875064173145
-0.752956354923628,-0.372723114577456
-0.756147651658328,-0.342422151424171
-0.747024504887055,-0.387986839936571
-0.665242693814812,-0.31371449078315
-0.731112778429074,-0.40983193510875
-0.725462421393821,-0.356060183388235
-0.699633907789263,-0.368978996142225
-0.676926521078484,-0.328670141445764
-0.700603033229117,-0.313100753311341
-0.721145516251348,-0.302435845712892
-0.76658965182555,-0.326023676611826
-0.752870364619379,-0.3097429609766
-0.70154342089609,-0.286183010857773
-0.751547857131466,-0.339843874265539
-0.702104916909141,-0.204766645913249
-0.684400295663136,-0.303232732404863
-0.69639064087873,-0.206481264436349
-0.690106566719961,-0.219821485022227
-0.667961672604745,-0.210044261884898
-0.692625034416297,-0.176016486957355
-0.68974977047936,-0.205870771218479
-0.715416120528835,-0.147285271940287
-0.622138417739473,-0.0984375550147812
-0.663589863845839,-0.163618014634087
-0.650826093444773,-0.107423498905788
-0.667712748893638,-0.133757536485692
-0.626443980861798,-0.0779720729216407
-0.673348490009976,0.0121385418037464
-0.669972864778827,-0.122520605586755
-0.558636267297599,-0.0523941221728532
-0.682764588845872,-0.0404730584139226
-0.679578114381128,0.0491696584231482
-0.678344580479669,-0.00954245014070714
-0.677759294319177,-0.0575860835807661
-0.652533316020542,0.131390974886562
-0.613477384340755,0.117775023856458
-0.628194723828503,0.100644142300889
-0.588974930675731,0.248983672320883
-0.585544887871082,0.158285462636132
-0.564236339024147,0.288943639209174
-0.445651253997143,0.326862574185015
-0.412526395565761,0.373321135094123
-0.404585880994508,0.325476643163133
-0.37064329738137,0.404094968550924
-0.309138497712221,0.401326428811882
-0.2754643750496,0.43058937676014
-0.173307739479115,0.47440080952045
-0.228744570811209,0.551435690549185
-0.118596963598466,0.504186321161206
-0.131286050655999,0.593918085585737
-0.0224196845046957,0.590404757434035
-0.0406776143263522,0.576078634068979
0.0195271939670027,0.653660642312703
0.02271794776834,0.626859867351008
0.065704234077156,0.66090098650924
0.128425950585556,0.661211968026601
0.134283393959391,0.664636091954866
0.13677750159089,0.665737255571207
0.179812111279063,0.691378083272001
0.177141275629706,0.63116921901251
0.322666098345005,0.706811029274049
0.262354355997463,0.701135467183929
0.34886231496882,0.66776387107104
0.302308669857596,0.599720944757079
0.466849256746062,0.636636798473675
0.381579669194294,0.638725856134471
0.426192338996875,0.586036677775764
0.564239614715775,0.592671052924174
0.51333604206535,0.639988077514826
0.537712239233688,0.595600783053686
0.477374218156503,0.53612071938021
0.546780002914152,0.576464827139203
0.498311743964858,0.506013006414706
0.478322829736082,0.558919581086303
0.543120170146821,0.448940989006098
0.570871727786571,0.413792160778643
0.578009539081049,0.34582117825683
0.500098692208373,0.335036560333297
0.474793074411886,0.420427266948518
0.558576249990765,0.322579583754382
0.451874847074383,0.353244491114495
0.474013916207637,0.295671003318053
0.563092817423427,0.341225867692341
0.631582155245398,0.351899457238977
0.586635685342358,0.367286688267054
0.496088402299236,0.313862990088603
0.604915128789877,0.227970644913727
0.546880743544936,0.178535792410872
0.589775374479434,0.230647442396349
0.538370199633593,0.200197567584539
0.482135574773305,0.0918971911260583
0.543402932206823,0.124479325792055
0.59773372599541,0.25361437611186
0.506640474765944,0.101463827490823
0.602447354018976,0.146450456157816
0.546828377387144,0.169637140552697
0.509637909798981,0.168861689831898
0.521927980365432,0.0294976803732379
0.486160283042782,0.0724647919448403
0.557605298292094,0.0854736115870009
0.570714421277505,0.0752154710361177
0.564839218212152,-0.00937419817372533
0.529045890681647,0.132254352806131
0.604467697612146,0.0157186819762761
0.497750136950629,0.0148083751555414
0.526694274041941,0.0416580830167044
0.596076227942729,0.00504526786175968
0.55151686525043,-0.0125470198673416
0.544332036564422,-0.00666666666666667
0.525200323920644,-0.087151322838687
0.568569727381167,0.170404318536286
0.453002019311887,0.0100614391698224
0.524988526501269,0.0471067081929385
0.51276100386707,-0.00159848002978527
0.489054116795319,0.0549537366559211
0.458957705805069,0.0529893918124639
0.465609037527777,0.043702410679563
0.455725096536313,0.0147358576962863
0.55721143447677,0.00632668123147914
0.571288607850063,-0.0252265487842727
0.530153409996352,0.00368192806635435
0.574358177725993,0.0809900311405856
0.620504751593962,-0.0120914007635831
0.581714561982055,0.0985820679970559
0.639682234869606,0.102609581393996
0.5626122345683,-0.00786093599818519
0.570057195684209,0.0408467647504779
0.63888468770098,0.00176393460966562
0.557451198442045,-0.0567641229952209
0.558079091801401,-0.0704698646806633
0.600642446756048,0.0281681472335092
0.594409311266914,0.0107248066889169
0.505539330614278,-0.0177778256112278
0.61809254637378,-0.0628727192356584
0.479568348760624,-0.0852039502533898
0.63121016371526,-0.0019570305047694
0.590771862302361,0.0473933525005641
0.457131945692014,0.00643577474454725
0.625140119647241,-0.103142152041573
0.508286479041196,0.0396563897419438
0.571538711721914,-0.102726824691184
0.568589355722684,0.0108013542324232
0.53910138152981,0.0708034471821965
0.580391854405534,-0.177187059188399
0.577378796063974,-0.0171025240428846
0.618840471137885,-0.0422063722910359
0.651560206056281,-0.0213392759239739
0.542837221232219,0.0080653227655641
0.579516469104672,-0.0969346087182963
0.676504875721272,-0.0589462687051527
0.629646707394437,-0.0913502887306387
0.56744503956593,-0.0175110771116656
0.562138318079455,-0.0407219180525463
0.594648799885076,-0.0667982421255371
0.69198490346016,-0.0499155958303523
0.519830866703659,-0.107571832452673
0.618900796919616,-0.0777644065479663
0.534410292876266,-0.153751974081909
0.633180267585929,-0.118813096510554
0.552904871294167,-0.0727390877665124
0.560373709473875,-0.183396758949226
0.621036912697819,-0.0646463733234755
0.622532035335274,-0.134158987776246
0.600063933437746,-0.168645476963213
0.58805570352773,-0.147106568987916
0.587256088854109,-0.0922248601509635
0.575103675602124,-0.19445361329868
0.652071906419538,-0.225204513255461
0.64071053194974,-0.139185934744201
0.629328231384926,-0.259586725944787
0.675472720058086,-0.22339810839407
0.675329907033653,-0.258867425375578
0.775075406520635,-0.209761098568945
0.691386292740499,-0.285191643064659
0.645136231364372,-0.250725487890963
0.715593328015474,-0.299568409709949
0.730023369929192,-0.304993526864578
0.734940956813836,-0.28466416969781
0.72638863998927,-0.348791933454366
0.757347680847661,-0.307454055382619
0.698515662129871,-0.328303339178374
0.745937419250563,-0.378098432108134
0.688411470455079,-0.401515876008766
0.684717802377089,-0.429305379287861
0.669651613062171,-0.456644636846262
0.734675042028899,-0.480470345553217
0.68283456429668,-0.498120350132639
0.721047301344294,-0.557453291051259
0.688956339110038,-0.562103377285875
0.692797965206471,-0.582929627747285
0.691738990080008,-0.580471885744941
0.7141836661843,-0.59428452922567
0.665651541737015,-0.670902350250428
0.637743788871295,-0.701170366460533
0.63128484896509,-0.684116915196042
0.58524408929493,-0.752789339047795
0.608363074137721,-0.727260895284413
0.552216297179413,-0.701694990941573
0.537612398569517,-0.745887767621109
0.487656699294606,-0.760943909225821
0.487901492312844,-0.683459913865045
0.499171556342282,-0.682655066105353
0.465067405267232,-0.800792372566793
0.477058561684418,-0.783687897728712
0.47655925429306,-0.814474901189424
0.48645047930485,-0.829864676290423
0.480253459994373,-0.795407015602526
0.486084940065546,-0.839185511433581
0.496423895863964,-0.821922208639195
0.430079196468842,-0.816934231476689
0.344785283209845,-0.795607997721093
0.373400675206588,-0.807292431346612
0.303351291262418,-0.824768507471313
0.231018838162875,-0.769768441205141
0.250052667883429,-0.811473204796127
0.180062845272507,-0.846707402753249
0.0875222602825623,-0.836680366404147
0.163535396790072,-0.861674085163076
0.150544396173694,-0.893942941480773
0.0723383466957197,-0.832780666433105
-0.0604227903187393,-0.826161939269072
-0.0674859409709596,-0.855294026066993
-0.145195158378478,-0.763512142135534
-0.169147918746118,-0.813990479041275
-0.0974127840517622,-0.810964262994251
-0.157103044426073,-0.822586320069319
-0.239499642127684,-0.802432446066677
-0.284527171109657,-0.819165823562523
-0.312482945610672,-0.793520165994746
-0.380587887490007,-0.764735963821974
-0.419205169004135,-0.763122510011407
-0.424968982634197,-0.760498885581716
-0.510874667767388,-0.744509320515638
-0.558650511176677,-0.703408905934717
-0.490168449279263,-0.635105906041856
-0.60894414888316,-0.649460816477251
-0.61801934416979,-0.67801687155171
-0.624533040583538,-0.691750750084738
-0.662708598257335,-0.699001886432488
-0.688497591322145,-0.631361273484195
-0.68778991319633,-0.656453368865094
-0.680597432083344,-0.687793572676184
-0.672265261349023,-0.70197683205067
-0.67501573228228,-0.701111169800503
-0.698471424419381,-0.684884851136648
-0.670256328363713,-0.716546520398195
-0.667026722001768,-0.724163521836658
-0.615732558292878,-0.749124326495826
-0.636458171037006,-0.736005200633765
-0.636632359096465,-0.740138843991198
-0.639825745666664,-0.735181063796445
-0.626319207633352,-0.739857395218365
-0.64162195844992,-0.743531132070304
-0.627433050595878,-0.752149612703784
-0.627477857131531,-0.762307951262794
-0.634444521475982,-0.760930250500909
-0.638221129124498,-0.758543737264692
-0.63189699072368,-0.760043054191257
-0.650958989942563,-0.73886678051339
-0.674941680871932,-0.707273866963391
-0.693413882049119,-0.674337585970192
-0.70813267341743,-0.654186183203744
-0.719063558997869,-0.633117717363684
-0.721960285310868,-0.597915195150367
-0.743979237155126,-0.562311504387531
-0.775184743051248,-0.504222647462574
-0.792567772851685,-0.430826667660645
-0.847887866672011,-0.439781591096693
-0.825344663647482,-0.445976643321346
-0.8638820584347,-0.392455828649132
-0.8538991622516,-0.40073304817864
-0.837842351859696,-0.350135605143235
-0.860767439982279,-0.299356089979618
-0.915814130229728,-0.307493171025946
-0.934862332881327,-0.271198211845051
-0.93395205438672,-0.274381369110752
-0.875762325657875,-0.236407437941095
-0.878949820797086,-0.172886186362562
-0.87667570041048,-0.225062384787738
-0.928120076969005,-0.231036196654014
-0.945723662856938,-0.117726098870599
-0.950887243981339,-0.1039885389095
-0.942460520247436,-0.0930544582556952
-0.971223329006547,-0.0967357221544485
-0.976065114899306,-0.0506486328979996
-0.974070663270346,-0.0088829724225191
-0.984475562139225,-0.0130458022183593
-0.97792162234812,0.044183400087559
-0.978065956810454,0.0898320410095092
-0.911923017974384,0.139701167080326
-0.935658155292883,0.16958921620962
-0.884219203770228,0.218677036762283
-0.930879448440121,0.188527037775751
-0.915703193145476,0.277396779286823
-0.898035225019619,0.24541108231153
-0.921222518470224,0.267978272081985
-0.884954377355506,0.226158916536315
-0.860367074553593,0.213405671815134
-0.848203871169054,0.293134339915505
-0.846153109475572,0.354724501383603
-0.83620387246267,0.32234133483731
-0.766021774607336,0.36189189196046
-0.806786972153755,0.314701868689441
-0.791086607595481,0.410092277553238
-0.837552564370622,0.369021565426218
-0.698973026511589,0.384047119879518
-0.790936043835351,0.322253099298854
-0.741357453702863,0.300076324253668
-0.77943300769776,0.290486475962645
-0.710172606215192,0.308674071507537
-0.548719410770617,0.306154347280841
-0.36619620336706,0.494832088144172
-0.303032347793658,0.424292135293822
-0.315371003234656,0.528312272830779
-0.111936783066825,0.555307222325053
-0.0538129159007521,0.597352780149611
-0.0262479486152497,0.61163060130619
0.0884257202886272,0.673258507828002
0.176726329449126,0.696592163139927
0.199525073130257,0.716754596349245
0.389170023842902,0.693151894543159
0.350674702421413,0.737181381772861
0.332050094554756,0.801540239482551
0.381270619630301,0.834386997240314
0.465269726535183,0.765403668789571
0.460350191003564,0.801431903923631
0.447655356259459,0.775308746025083
0.420414679484892,0.822728894908431
0.466642391120519,0.758457621440964
0.504178484026748,0.750966127757861
0.44914633323117,0.776605089432411
0.448871155344419,0.798094990866997
0.421089303235582,0.772520977860349
0.455835096680118,0.786068621706232
0.433744744172323,0.794271431244856
0.408009592060141,0.771784823884564
0.414974182825326,0.806354054670159
0.415935519567542,0.794673196285295
0.385172888398797,0.824529944766096
0.323296518982235,0.852473106670676
0.34456788897218,0.832323448838313
0.254983142224859,0.864522748796738
0.295635885751052,0.846401290078795
0.30949780034118,0.844774009819933
0.304396535453104,0.88801817612585
0.273637047458141,0.870536770439686
0.299375735227072,0.894339330313306
0.27979351992286,0.885808145463916
0.25508905122324,0.910926710554145
0.243540935770955,0.878942189466938
0.226028161627759,0.920650293694958
0.236260438825405,0.923816777781094
0.216237470262326,0.88672603308696
0.172729025423428,0.936152563302179
0.195747537418941,0.888772308663459
0.205627970310542,0.909352029723624
0.183489514659434,0.901466781624703
0.158049443246251,0.903579891893786
0.185181104301422,0.905407716446238
0.138343433648642,0.939639622733385
0.157733004104933,0.89286426072097
0.101081074610304,0.911168811521241
0.1123047299041,0.952507220683818
0.0608058252068284,0.939771457055473
0.0460468639585915,0.916329619214921
0.0645193234727579,0.962538905698278
0.0582513168204866,0.897984476591047
-0.00725428734640759,0.927240045132272
0.00533846813563729,0.930069232601254
-0.0303398910854042,0.931483155855558
-0.0701578131955255,0.87159132337289
-0.0936952700822649,0.889119349990589
-0.120451447567578,0.913562342604798
-0.0930990060887793,0.885266241128354
-0.107553249590247,0.926370113530526
-0.10547843414684,0.94018143102752
-0.133627044608215,0.898104286246922
-0.179661959529493,0.894904262663343
-0.143249758602235,0.920754947782602
-0.165185324877041,0.887083411304804
-0.191544608269139,0.916832309916578
-0.202876190767097,0.888524147894828
-0.242317246623868,0.864514425360344
-0.219258401756211,0.891924780510254
-0.256622308423254,0.861883205637987
-0.28289739864522,0.862986564078523
-0.286098478157905,0.875815302211295
-0.297569092718823,0.861867865029105
-0.326258213444577,0.880776467313566
-0.32831859992787,0.830242982786872
-0.347409910474756,0.853525652683398
-0.426925221692272,0.822587683082461
-0.364280214982194,0.837646320593219
-0.46163515807283,0.781818231326432
-0.431898453699618,0.770375483027676
-0.453502948082838,0.749172684418294
-0.434708431062892,0.708167521726987
-0.458500584512868,0.748361997288118
-0.468368068426832,0.738698494408449
-0.462021015239166,0.711374281795088
-0.43523449871919,0.68303472850254
-0.478793362856306,0.7149943353888
-0.407292567062381,0.731669364479487
-0.476540782357721,0.702645791887312
-0.426105373959418,0.66045104041624
-0.410248613826113,0.694054575022247
-0.391954726522787,0.658139021673675
-0.405046629735276,0.62527847885048
-0.421506481179258,0.67896311626222
-0.382207701530697,0.604197257987254
-0.39194563441588,0.549400961316309
-0.36340177935394,0.572290988647635
-0.360996033782173,0.613850392789868
-0.287319381214219,0.562012610984278
-0.422787103403552,0.521020725152882
-0.277877290212854,0.497815109737608
-0.285648124948971,0.44178686988128
-0.294313428664498,0.484395507955754
-0.32990432252821,0.390661427737298
-0.308948819954057,0.456401045754624
-0.400578269074126,0.416608175973323
-0.276540597561936,0.229861420572814
-0.209724117293038,0.355755955515155
-0.262531229642996,0.4155796020054
-0.26590652583013,0.37580844749423
-0.191959119204888,0.369802415312242
-0.211876071785383,0.288131415003043
-0.257614996459976,0.286776362781131
-0.317601191728984,0.358471603333595
-0.249335451138824,0.334291092934113
-0.233754180395678,0.220849717861975
-0.27179873697603,0.252204259806135
-0.15880218262486,0.240101939848075
-0.173067287041865,0.15698165334971
-0.279232574985887,0.265517521822038
-0.0708281972300149,0.291515189061414
-0.169029864757944,0.407497686050349
-0.156603735457938,0.206615972329767
-0.14482718187028,0.291481728529438
-0.144290047085813,0.295133147005455
-0.18903565570556,0.254684906562406
-0.224149404536895,0.246456310247648
-0.0314340980604272,0.264024519470806
-0.110932120631047,0.317916644018204
-0.242820545266055,0.270357272914648
-0.109763095786476,0.126695107162675
-0.121194671092628,0.394273164843736
-0.121994415797655,0.250517981214747
-0.179764472268067,0.248504864829832
-0.150155586897125,0.329860224250813
-0.156087288017102,0.202383146176666
-0.11016990650377,0.305424344147662
-0.208554461790093,0.267523816105105
-0.141009558837771,0.303782753660861
-0.0945874427530336,0.246193906375155
-0.112836661296681,0.308324336940014
-0.0645628725370669,0.263720499440846
-0.132068097605442,0.299838728090651
-0.0783212113378129,0.277725937955281
-0.181939175925429,0.265140807771906
-0.0664149116932352,0.36684814603153
-0.0949736909137568,0.204251962258819
-0.132513067421005,0.316347866278385
-0.134775603589946,0.200275100867394
-0.228880627178774,0.283989888477861
-0.0436691529229264,0.268093304630069
-0.0101926998412203,0.158418616901439
-0.165457461654556,0.288162084412969
-0.158859346278426,0.168764009246015
-0.0996780046759828,0.265063905364087
-0.139987082087266,0.17561664002524
-0.176955277587235,0.154156832507012
-0.197974762897749,0.160504204483146
-0.170731431575193,0.238710839562661
-0.111597991078291,0.15419483280293
-0.300591751710768,0.249083664762586
-0.153771032925547,0.288394857726787
-0.231864782338102,0.216085599511546
-0.110563941351127,0.179529458592506
-0.158004143811427,0.105857941336221
-0.113829624234205,0.161148664182724
-0.210587945866193,0.0738260670658542
-0.160710305886895,0.194446214193423
-0.383007883826944,0.166702512488113
-0.202252042897051,0.144612896199481
-0.265656886852401,0.174767446333743
-0.275411798894314,0.12916422642434
-0.263044732344551,0.299017783209409
-0.349109489388401,0.01336209696638
-0.294330902466114,0.318088087057037
-0.30610883057585,0.0761944152915757
-0.362660168728689,0.175200207723007
-0.356913780065821,0.147037720714069
-0.25269165961059,0.17893387860071
-0.361107298369165,0.038909736119062
-0.251726286400149,0.179483879152824
-0.301015022816645,0.111952065013723
-0.374059898141803,0.109247183810249
-0.371801031737738,0.107736598892334
-0.301401725600837,0.192943428362101
-0.360024329372421,0.141703715154008
-0.310021423059051,0.0739894526690639
-0.395053728043916,0.0707988460003
-0.391387302562977,0.15499730781195
-0.295896383407221,0.0913890186163064
-0.416926574957497,0.044548117459237
-0.395063579998836,0.076465154746783
-0.426093230816402,0.133164272320267
-0.317604184268886,0.0979949787143692
-0.415103802286282,0.0674855160013635
-0.430663316433625,0.113508904916211
-0.392354868271026,0.0625986985360135
-0.410062009621223,0.166514771536778
-0.444584121401819,0.131124552696368
-0.33838883821061,0.252739923176318
-0.432118806654314,0.177406566463396
-0.414549221711927,0.190010295507965
-0.384801328599349,0.188917832969726
-0.410272763044518,0.211705172268825
-0.484138880856538,0.230180059805209
-0.423364337410045,0.159038222586302
-0.516726633587123,0.186770836806398
-0.438072016812078,0.291181663365486
-0.562748249147399,0.248166877658608
-0.413765570134475,0.253718379239534
-0.53569584392675,0.301550626989041
-0.511398683477891,0.239590674990675
-0.567622769305191,0.324208373415544
-0.47163686868464,0.258869795859231
-0.559965688541928,0.356051622986635
-0.499044213149405,0.323235508178361
-0.508678136377769,0.30610581141991
-0.541335323455869,0.345523495619125
-0.486681023395673,0.266429666406403
-0.515058958696761,0.369705281812633
-0.569669879214621,0.370869849512
-0.561059728269783,0.34064541209163
-0.560607911655154,0.338850000645814
-0.572992423079129,0.430179096974471
-0.583790104908871,0.30244605462957
-0.612429613142672,0.397115950121843
-0.55330798952529,0.396425963467978
-0.680952132078844,0.345101752740448
-0.63092265762413,0.447552954476092
-0.590730634632576,0.400952415092118
-0.689634713765818,0.413902830612524
-0.673918975989945,0.433233183868705
-0.685221021242297,0.408360292460005
-0.686797861695411,0.396770240098687
-0.688162162108369,0.423296019143579
-0.693477779187137,0.514743565097788
-0.697764569297984,0.497149320515255
-0.687399209635808,0.518262077280675
-0.674340317464816,0.554377888547396
-0.706955861306043,0.587264493324665
-0.607896953193608,0.568537768148043
-0.635773036222451,0.677141849683974
-0.590792788430586,0.739384165078199
-0.620625035038867,0.741244268739166
-0.586750715740556,0.739124736854529
-0.554918528384335,0.800453629659855
-0.52941333143825,0.794602642081548
-0.543591333054148,0.799415138735507
-0.533383724667705,0.803899730168162
-0.500706268820502,0.816709616796036
-0.492667694897643,0.827697807508344
-0.483669572148199,0.840653610336347
-0.449961834785483,0.852007223868775
-0.426903134197302,0.859074449900734
-0.415915303540117,0.865227359869843
-0.397191915163516,0.864702328026301
-0.367359935728619,0.872577999830771
-0.369449566373714,0.879840374674478
-0.339251476892943,0.89171733742106
-0.344320878261386,0.896098745800957
-0.367577249768731,0.884129542309869
-0.357564482546505,0.897938577781811
-0.346917336844963,0.901531559648804
-0.324765471295202,0.909434815819193
-0.312390988679506,0.920117373169283
-0.291794706992877,0.917318292990149
-0.270253865289204,0.929629161610934
-0.246779869092181,0.935101735370233
-0.21554245956719,0.917074495431522
-0.210741512307285,0.932450785161849
-0.185457933613537,0.936471710164536
-0.19931371782359,0.928111261736938
-0.221942272561458,0.93048058470709
-0.201899902590562,0.943642541410484
-0.17854584100803,0.948483662892386
-0.186267026935211,0.951959192248421
-0.18642639448792,0.955580865664601
-0.172955128261239,0.950812729764868
-0.157878024297004,0.957151678308094
-0.153461148842967,0.953133932028438
-0.122058676993352,0.964204285725507
-0.150036027910229,0.970771032157459
-0.162094630163141,0.968793737582268
-0.184409510834519,0.961767932372068
-0.178416461641475,0.962615302640729
-0.179656939818554,0.955236477512425
-0.223222361265108,0.948164634873523
-0.17362767936723,0.86175118632658
-0.204305420871912,0.859714049659339
-0.149105710621094,0.955588693758701
-0.154772404526735,0.945525728951609
-0.136019049334724,0.890951233184836
-0.0754303282533443,0.913972562680954
-0.0718882647707492,0.919336714399529
-0.169224102695153,0.892460142368576
-0.148450175700197,0.936488120519684
-0.0966492020829147,0.900764088467627
-0.133605997902798,0.893452262792297
-0.121443251180342,0.875298028692846
-0.156637180857342,0.863587681665207
-0.171383230615976,0.895687886097079
-0.151734845047711,0.871270194227314
-0.190423815148437,0.812324648423947
-0.161072477381805,0.864204465703549
-0.149181529765984,0.759376442695941
-0.17175741582878,0.73427269742376
-0.247820930995084,0.688898803501671
-0.234692707682813,0.681890819577868
-0.262902923570327,0.554996927891088
-0.319054125004331,0.560911862567113
-0.344737855932815,0.500332108528004
-0.337194632242487,0.442770823805451
-0.332109153577374,0.368296208140781
-0.301637378653163,0.2686801335522
-0.273445946395692,0.271822132186127
-0.302948681665763,0.0930041866336491
-0.274461044378509,0.158610442793052
-0.255760049865787,0.05405490541139
-0.285233283988457,0.0838266396238629
-0.214436298622206,0.0407775981285881
-0.253869711288724,-0.136916906688318
-0.293142855234091,-0.130754587076339
-0.301586237606207,-0.229695188969449
-0.251288207320322,-0.339355242122852
-0.363269924034765,-0.384963734272565
-0.264751256576156,-0.333067531976574
-0.311748110964167,-0.522097524300648
-0.294332544589552,-0.545238331029619
-0.195590416640241,-0.441925308383633
-0.248686606287875,-0.554038227088947
-0.158781179756831,-0.602297808544095
-0.16479131717091,-0.650434971942494
-0.0360292042840782,-0.674919751629521
0.00282759185512007,-0.701096626407457
-0.0556774103560837,-0.726549594149604
-0.050205598820944,-0.781534795939888
0.0431759723285531,-0.7221536886254
0.0523145565135276,-0.783604150129719
0.0299069186967143,-0.762766944567523
0.0494652157241566,-0.833154423471871
0.100944153740901,-0.806950157628295
0.138894734342199,-0.771036140941665
0.139644257967135,-0.77144664348668
0.213693114301919,-0.784406862791155
0.200221761101012,-0.775238134747977
0.332864019920944,-0.76152187062921
0.334963892107021,-0.752739035508909
0.271825993519729,-0.824391515651076
0.343445415493826,-0.76023222984784
0.357014215437076,-0.711455162656695
0.335918744281206,-0.74760662125718
0.393894336786,-0.709105502067862
0.394633070867948,-0.737429071811637
0.455163779550986,-0.672469319790599
0.505948734837674,-0.62961187123831
0.481985489958581,-0.595155433424699
0.534008639435937,-0.559374410878953
0.513292517410999,-0.520963845762704
0.621675383660565,-0.444390899783295
0.593970353665406,-0.46129848146163
0.644357299372,-0.365529307802825
0.584928736914212,-0.414429374986096
0.67109018040326,-0.251578388544038
0.682370213722472,-0.276016772190458
0.626021931882332,-0.154393699092612
0.707368428912717,-0.192845568944093
0.723475716765355,-0.137247404439023
0.768237594114278,-0.154316273288782
0.67889140672466,-0.0914903572737808
0.726483122785689,-0.124770453878663
0.764175827102548,0.0537092527692609
0.744739875596258,0.0162357360674356
0.750052637855278,0.000455721469605763
0.759523811732886,0.0732280930707006
0.806212096221863,0.0741117901584069
0.796062182602041,0.0990464840006053
0.843913685859103,0.192599082089354
0.849454085509468,0.16804616992073
0.826855185484369,0.214375228734449
0.851387985468691,0.195645267081665
0.817804809366806,0.294726286620884
0.841105334164208,0.282487152198002
0.827095298366404,0.310584358296158
0.848350152383215,0.306815614975388
0.791034448417619,0.346340838794551
0.810511531681982,0.387752686364887
0.818226677927077,0.37501879351237
0.80119416539558,0.417980633510844
0.822479540938461,0.410672413069683
0.863932825831759,0.386902791242564
0.859065542727557,0.423490397144751
0.825883010828913,0.432312510118928
0.846286108220362,0.43621993308991
0.771949382069085,0.439308426656205
0.871587423888313,0.411141662217672
0.86613545149055,0.374089741564627
0.842001330280561,0.382984080923376
0.824001979952163,0.438997690728365
0.80873000805672,0.433679717688166
0.814892404183653,0.429277731093491
0.798674605974897,0.45399398491256
0.794717316414849,0.478674197896898
0.742576428286069,0.448755609804266
0.6961036675703,0.425274025078261
0.693869977928436,0.415579601781618
0.690542007666151,0.444938846776626
0.687144639496116,0.504052837766045
0.696588355700709,0.556652360096436
0.658622622678427,0.556725551795248
0.651316796003651,0.46658299499279
0.551885764952243,0.515491170158717
0.5520333653096,0.48856248267794
0.591145830285843,0.543480331660244
0.600079885335515,0.542862154596541
0.568579343472466,0.492255794803515
0.532592500158172,0.468135697378096
0.553313034866091,0.429770452839239
0.503475256838119,0.471608560917806
0.613739636598596,0.425995042731992
0.569891131676425,0.45262599976756
0.49870809712278,0.361593309054821
0.606903252585475,0.41483037878592
0.66142520606134,0.361461678696768
0.634702798737815,0.381048842472562
0.654583504819151,0.225487893316183
0.635441835942173,0.460777060771063
0.657784164510471,0.287677719596271
0.647756023434085,0.282913761612369
0.685852320440493,0.18087738448086
0.664562576667533,0.208344730388914
0.675541052917455,0.239804148800667
0.705717316002598,0.140641840618578
0.772150874894382,0.0881893684259579
0.793923202419914,0.138364106132863
0.729545114955307,-0.0126623063305379
0.752413170166412,0.0427769558406896
0.790059657812743,-0.067799944576172
0.856099523291832,-0.107730191169793
0.805986617704534,-0.0529409684481239
0.822532796268061,-0.12611285050211
0.83488124231229,-0.16494368561104
0.883283326292166,-0.165347077267995
0.860402326776897,-0.241672979333833
0.853341771237388,-0.289219218903977
0.834882933037235,-0.275072326617608
0.82340278264948,-0.343721915558388
0.85968883018727,-0.361435015222519
0.845135691296722,-0.406789509092359
0.84832682172874,-0.439766803293983
0.810003662430541,-0.488703262593502
0.807017690130713,-0.523706611603338
0.799865750604039,-0.564535254357451
0.792435248305158,-0.579973802238362
0.771599117775859,-0.610425452452404
0.760808808289228,-0.623602533367268
0.767961732572359,-0.619489213720665
0.754463935806974,-0.640124104651353
0.749362256919438,-0.642009667150504
0.722991684298516,-0.605089717803351
0.736551062464164,-0.615257445384962
0.769423980249278,-0.622466544145126
0.765583624461972,-0.629810131624476
0.768421562860076,-0.628065284956056
0.723861835919826,-0.644392862608766
0.674374813790606,-0.655775109711557
0.727295724111501,-0.623835897068199
0.737054970233104,-0.635060651058501
0.743378933312525,-0.641280467948105
0.742128914471063,-0.603421817644525
0.748704506435149,-0.638681368166896
0.796559360700806,-0.585282619340658
0.78030896637107,-0.600639833699382
0.797886810938889,-0.556220924598151
0.809360918739133,-0.55867787528484
0.807036922556407,-0.560462055401607
0.815691594647774,-0.543484921722459
0.768894630596211,-0.546440685443625
0.796471938814323,-0.530120988297097
0.846303780615534,-0.468162484909315
0.805979197605869,-0.416397623232957
0.784844339503106,-0.491891097556954
0.815426380074793,-0.4131479160263
0.789412821008332,-0.427442669544111
0.752490765046172,-0.474736890727404
0.759798848838698,-0.415588870276686
0.809563240696031,-0.416454021499052
0.758190651333121,-0.414574164596405
0.814368655715513,-0.396140510301497
0.701346437994415,-0.359601454781945
0.736741904991695,-0.383835542646417
0.734357325425403,-0.366034477310226
0.714235191480294,-0.358908817032589
0.663887451394373,-0.361086581349553
0.717177031852322,-0.37522810331276
0.684855855137574,-0.282159462599263
0.667913389778428,-0.312767364792331
0.585375261638953,-0.295567596862254
0.537202395123467,-0.222569247766821
0.589017673262004,-0.244433506452639
0.464652313502926,-0.273894679193996
0.566471687098793,-0.174633066746301
0.511509210572146,-0.341966834203841
0.555444812744363,-0.24665154383241
0.553528426659755,-0.173103236032953
0.580834057958278,-0.20376326692162
0.514132354336527,-0.252038020230102
0.506918465969396,-0.261382560445922
0.464050857001707,-0.210446904275459
0.416632575708502,-0.20352169504975
0.413237230393974,-0.26586657345718
0.44310859898863,-0.220731413111542
0.395597340947096,-0.297042201559849
0.480018465419218,-0.229766720354823
0.413945451572852,-0.33419650327742
0.517403370649097,-0.285557677693459
0.374172787674033,-0.355651321359432
0.454200937902515,-0.423923621763827
0.350263087460529,-0.305555428898064
0.511937335320627,-0.327717206248209
0.290398325811124,-0.417616683997899
0.329786818870157,-0.408664550432196
0.310258387606237,-0.371910255679217
0.422956110472132,-0.493981142099162
0.325423993776436,-0.417376455715211
0.23834569481335,-0.404214367813685
0.306379851790232,-0.419366656746792
0.321769567274609,-0.434312601071732
0.279459486775321,-0.501662328362598
0.283021220363407,-0.42464777538526
0.270716460729408,-0.429824248189295
0.213896055296403,-0.42052254648871
0.253640314439369,-0.476615745526479
0.274777904825651,-0.540672872208158
0.192092224689867,-0.512893566391756
0.224950341949347,-0.484345592260496
0.174400196731699,-0.499072507678225
0.213596283864569,-0.495276202783878
0.210388433053173,-0.482245706231535
0.164259824855497,-0.480116700036049
0.13586999413251,-0.476614681740263
0.0121711500293326,-0.455305856082058
0.170962510006526,-0.515339065938225
0.0761494986209226,-0.604179894799641
0.120323019868694,-0.588882937705272
-0.0772565408045942,-0.576972338849983
-0.0226073710838798,-0.500244634037742
-0.121493286476127,-0.497333586539076
-0.0481243199739885,-0.536879329983824
-0.168631644199842,-0.405851455010917
-0.116502953007185,-0.528524142312655
-0.117987389760267,-0.482911402920302
-0.312207184908562,-0.574493772140989
-0.20053033107651,-0.416825093346597
-0.23405397543485,-0.564606918312334
-0.292060708592587,-0.421904313517166
-0.393523474897093,-0.468219140153728
-0.525372245600168,-0.386721089195173
-0.450680971694487,-0.392549714425271
-0.530509578841516,-0.298211229977251
-0.594992005915919,-0.34814220560371
-0.592386223976023,-0.216684189136164
-0.55961816544347,-0.267192142730913
-0.607825175091234,-0.144938627143169
-0.615365220557981,-0.178021648719097
-0.61835122256224,-0.191202399389984
-0.622270250755696,-0.0497938652576684
-0.644648250103942,-0.0945308863324738
-0.60849964622983,-0.0415528111106363
-0.665625791945804,-0.00596722527322745
-0.684726380260373,-0.0693924776000099
-0.699918628327209,0.0646240019286597
-0.63118592123476,0.089150588667668
-0.596584504273837,0.116882695640038
-0.706641381746504,0.180196451139485
-0.606647790135332,0.12158710310935
-0.614975847415007,0.180334006026264
-0.689763977097262,0.132350913223013
-0.639913995984802,0.319147286476898
-0.587524204329118,0.367551973817091
-0.554031555408153,0.280094063626771
-0.571519177635078,0.449779678099075
-0.596077401357729,0.381374746730269
-0.445904226951426,0.435528497300378
-0.585359654272754,0.503950885466079
-0.516294538701733,0.520939961074938
-0.520096905878827,0.502126174459005
-0.510758446368295,0.58992171207781
-0.466036287914232,0.587136148781384
-0.421497506882414,0.623899993221098
-0.423275290644125,0.600516279399675
-0.456887999545306,0.59405589148563
-0.410441670374761,0.680257577260921
-0.375922161123471,0.705888099796755
-0.400066646692671,0.726742044787703
-0.34512439071733,0.73339784191131
-0.348812828553023,0.692093302584391
-0.360529124531381,0.706255212670546
-0.402858147687376,0.730348781958566
-0.345149627063771,0.687238407155186
-0.312373798355137,0.681257790506094
-0.278035891062124,0.729892958942627
-0.270371973579394,0.7572321082798
-0.243333501615201,0.616533053609299
-0.251577517834364,0.689305093962743
-0.259806811647659,0.666760932051607
-0.217759689912615,0.697364620683357
-0.269936758743174,0.648890971419449
-0.205579557423539,0.688676873943157
-0.320370498058183,0.683314389012107
-0.296909552283195,0.633532697975288
-0.180496721242045,0.596107599042372
-0.207885861048373,0.613583677012956
-0.112150672635313,0.706484792725022
-0.106159673414875,0.627853293777217
-0.153653605652846,0.692250478464871
-0.110828072876177,0.589114357126763
-0.127273512905368,0.62406453600906
-0.100263997041413,0.697245984215685
-0.127902140094929,0.561845296695714
-0.132503685302502,0.642385888773975
-0.104765107998813,0.700257246436546
-0.115628275287699,0.698097861524486
-0.0208301826283047,0.598915175954948
-0.136164849163261,0.608102353678602
-0.0652390290451511,0.503788609133426
-0.0814704191637955,0.576982229590125
-0.0397570924512936,0.54951026568325
-0.174966599018157,0.627777295412922
-0.114529215986708,0.535139668272347
-0.0588572914032703,0.604016594677069
-0.0791388468618953,0.622165857389957
-0.0897468801277441,0.620200796481952
-0.0710517572322037,0.549983407130127
-0.0416230918040327,0.626513303440924
0.0203761507161066,0.492785143353375
-0.0469660753033261,0.633641542034544
0.076004821715981,0.544742758259809
0.0132878784184022,0.563040631140686
0.0453238431874523,0.400460963955291
0.0126727767280888,0.412319271729666
0.148204495711514,0.523666981498963
0.172074348333582,0.406903286438672
0.0846531872053042,0.474781588451473
0.181109310488675,0.562658849897822
0.135649841867062,0.357187982737524
0.152627104516947,0.566739297355936
0.183154940439047,0.450732981480351
0.146853638570281,0.440975965502361
0.181966347724393,0.483708622998153
0.193401895727637,0.556267878843571
0.148641029052663,0.568030404343369
0.296798138671803,0.47871798208367
0.0825204464820862,0.514387361416513
0.231516145926944,0.42772482985811
0.160854717148682,0.42583070933748
0.291288458352608,0.560476509406313
0.231289904625717,0.600488121107453
0.266757868723394,0.438440695959993
0.25363407586833,0.580608029379059
0.295478931129232,0.377821445838291
0.159137501139668,0.557000442690676
0.269053321537912,0.41418726328371
0.294542796066199,0.551778882266815
0.344120366535262,0.546366673528784
0.262729108448765,0.478267292255917
0.365450732144582,0.51846368531517
0.256310076933775,0.400665781992415
0.31180251058684,0.383397786852626
0.349674050709298,0.518289705671975
0.436760907298654,0.461759479039132
0.328208190593292,0.328598664422254
0.372443100301602,0.450151590625704
0.351900537381667,0.239991866569863
0.468087473785854,0.360421352997328
0.492551971425993,0.450010574973138
0.408546663103131,0.253652702837482
0.516841868282082,0.25364002969454
0.483261113800928,0.333937272851273
0.553432447247674,0.249722103132365
0.566526162439852,0.203126734605082
0.544861649690578,0.202633142148273
0.606332763967962,0.124883496710382
0.565601963230138,0.281133417983425
0.636474038587346,0.319600930840164
0.569955359793275,0.169485816392759
0.614397210104317,0.28996865250581
0.532282503560709,0.197600614460962
0.613388136823553,0.240078900122343
0.606682851266619,0.146093632354554
0.560706759550333,0.163602884708562
0.49804761852637,0.333933459557556
0.586830153934043,0.300020484959671
0.564820248126209,0.355557107487396
0.447417752276393,0.246951504652211
0.419196760091204,0.247863338095448
0.394945923935659,0.227323218979578
0.432038117762044,0.266500028655451
0.468546359614858,0.325298488051002
0.523375805218155,0.218556542690125
0.349998409262205,0.247583572415584
0.399172778957849,0.159579880661028
0.426075258984313,0.27103372619194
0.45588554710764,0.17129940510913
0.481776932087549,0.262413192788313
0.33584698869762,0.112367766377698
0.483458508325655,0.199741951320932
0.385555387941214,0.199275980857466
0.449982032966109,0.152411486516952
0.511599684546372,0.0972766776406723
0.428577646897717,0.240126167991189
0.50745952933665,0.261597002449418
0.481194337629544,0.207096496485491
0.42077850957953,0.295776611426797
0.535583954016576,0.27485742676405
0.410661812349147,0.194968420790246
0.446868949118707,0.138430266422849
0.373444480869599,0.272300174930208
0.405805062570166,0.280322816339978
0.31817978356439,0.253282327741528
0.263165284626434,0.266099596098605
0.319235807654656,0.25841990082168
0.312739086060778,0.276644180113485
0.297707283107611,0.247563633654995
0.334663146190505,0.227746248563732
0.336615128418354,0.298096170014514
0.19512499809105,0.291983284693079
0.27126304475863,0.314596733989267
0.316069318754041,0.393044257002157
0.325165359318086,0.306794402082297
0.144171189977505,0.424996370917491
0.0926526950513749,0.319212467675543
0.142011700384819,0.32207819854232
0.102209160765866,0.269614545793238
0.184576019054742,0.291194294166862
0.0928198357606216,0.366841906527324
0.137562409692801,0.285977557400798
0.0815989180162555,0.288742306730963
0.14324888364227,0.282318638259245
0.142012562492535,0.304121641838004
0.107796919565326,0.271240868617735
0.191065996048312,0.209836920148105
0.0884564433776891,0.196774111946577
0.0714686932619588,0.228867885355658
0.192196696413959,0.252922106466566
0.110837043515536,0.344704444373134
0.178020657633538,0.197218729937793
0.0402212038942517,0.185821245507535
0.130255107490079,0.309740880246714
0.029338757422936,0.253128176410234
-0.0462969160028536,0.248412995299855
-0.0356045952689945,0.279550213359097
0.00679512478135846,0.282115554403602
0.0660344668956029,0.296039968055444
0.0791176707084729,0.213600700247516
-0.0864160786626568,0.341937613018414
-0.0575294104656132,0.13515533778416
0.058262335678644,0.22661362948964
-0.075063475988084,0.257340703961269
-0.238706024684188,0.0686843823823157
-0.165962047782897,0.226552784664639
-0.106945078769805,0.298510807240975
-0.31674421384753,0.175496989575753
-0.182479430885439,0.223356650661503
-0.350924424812485,0.225710892840508
-0.298898820895128,0.209413649563867
-0.416404998577543,0.214888341391134
-0.238589903098266,0.206862635152696
-0.372854562611662,0.177015837782333
-0.423739499262233,0.179280268685049
-0.44645812443907,0.170990020450799
-0.336833918651161,0.130236395741338
-0.372132349812364,0.270656990229331
-0.558221363005113,0.165496783630678
-0.55982570921765,0.116287223509762
-0.530675426969605,0.0218165099240864
-0.513348041377259,0.0498739028761536
-0.634046975720991,0.095432230920158
-0.731650906507526,0.0320369299197355
-0.790667548025567,-0.0274598284371745
-0.747805119189306,0.0267133125707304
-0.829786947393749,-0.00103963992899614
-0.703802868796913,-0.0726462498604899
-0.786090999886601,-0.176455468076797
-0.809023081458108,-0.164754240751752
-0.807144589739498,-0.16042946539968
-0.760996815690424,-0.201055918521002
-0.722324734873662,-0.259246721013165
-0.778959778651674,-0.30038843543275
-0.677352902640263,-0.386406588099186
-0.723538188094212,-0.376634279242064
-0.665227573708531,-0.345778015663416
-0.70901104705949,-0.481771658914832
-0.607034164163046,-0.509624548760917
-0.607136933677105,-0.499152883767765
-0.634233222374762,-0.512382585376211
-0.524894459402479,-0.612237981923991
-0.607485851681367,-0.605342912907901
-0.558780410761667,-0.625541465232213
-0.501314324724948,-0.662504792125977
-0.456378826313938,-0.641218069208961
-0.422521562126145,-0.747330285807972
-0.405745010018311,-0.773164355192936
-0.321287121268306,-0.799942237568335
-0.254417626129975,-0.888377593006242
-0.237839926225929,-0.870424222775666
-0.182873706196333,-0.893488526219899
-0.144321939377416,-0.879088590714232
-0.114165479348705,-0.868870059630776
-0.091764631980744,-0.954307224130839
-0.100608555513514,-0.953780192676967
0.00597593432513152,-0.963319333479099
-0.0245186726025975,-0.965814507801698
-0.00533101724830296,-0.973677638555192
0.031876832322043,-0.964886214526034
0.0682497753253734,-0.87717425406298
0.0769421628329802,-0.966805338606449
0.181632454745672,-0.944407504108518
0.105297723722286,-0.972451760289646
0.0983842093413947,-0.961265918769664
0.117798241263427,-0.975448360502847
0.151077661870593,-0.846569504105075
0.142736438016751,-0.978711193283272
0.129140123897927,-0.897795623829163
0.160479058502951,-0.966324061656636
0.11742834832353,-0.958727541351339
0.129879881474417,-0.964220208419856
0.106103625358905,-0.971016764081023
0.117171131951917,-0.97211017612012
0.0939585897828736,-0.968895151606987
0.0661242296875453,-0.953145394074059
0.108421122071752,-0.887859231591624
0.160643996632066,-0.898529123069819
0.103590880105668,-0.920213629554311
0.100701690771194,-0.850445768907016
0.215076658163403,-0.93227914620761
0.200547102484713,-0.929041308530001
0.250207713223861,-0.920160868041799
0.273245988972349,-0.908817035947908
0.285464307038742,-0.923277259152339
0.292901798311028,-0.896581306953519
0.336619687584198,-0.896055498397553
0.348034687512509,-0.83016243197792
0.351267871124956,-0.814822513439085
0.458585592317631,-0.781913845385419
0.475880346498908,-0.769355059182348
0.463518780169586,-0.786353422116009
0.485858136416289,-0.733826313784902
0.528121698362102,-0.739249044185328
0.559282994335052,-0.66653879530775
0.556646611155573,-0.657221925191886
0.578567032641873,-0.709925956352513
0.60929268952219,-0.631869485899288
0.566112796762544,-0.536475225391625
0.646861035923209,-0.635307540495851
0.577950783952135,-0.605931748110089
0.578886784501325,-0.612467494873976
0.6216386342957,-0.555026169587456
0.613861539149494,-0.576660618808326
0.587571170189794,-0.566425709550709
0.580659884793645,-0.543965614697274
0.665548933965383,-0.508244954470691
0.687434975241893,-0.490659076151599
0.671254501481539,-0.504495987786638
0.698038486325802,-0.394665036591433
0.679373317643829,-0.49193033043849
0.709384241115091,-0.433299662130032
0.728898261643211,-0.477308319235274
0.659274163909803,-0.506750900353908
0.749192501963522,-0.443766064440076
0.636301413459681,-0.454342265707503
0.726737948280249,-0.530620669774337
0.624683080133693,-0.440124248050031
0.579568496112344,-0.483842332974845
0.688135945358288,-0.376126428715518
0.626559942440842,-0.442407248649888
0.68532344256442,-0.45225921935426
0.684372337794288,-0.450527880964441
0.714412118580448,-0.475112950381939
0.699597625481897,-0.480078144043111
0.732632980980999,-0.438548844337438
0.687689880981341,-0.494704858587696
0.705825398950938,-0.479829380459063
0.73355011006975,-0.378236268246168
0.694560711537113,-0.446521633728862
0.77462515987611,-0.463880479689619
0.717862846824768,-0.484907510190042
0.701324998487142,-0.390169305162985
0.70112617238316,-0.441599580741141
0.5374422622582,-0.368020551229682
0.564806830572198,-0.342624492744502
0.507595883889633,-0.345941267225459
0.621256085699969,-0.408808188123412
0.587061490840129,-0.392375338079043
0.514920273990314,-0.438375933820865
0.5208045502405,-0.445049306910992
0.607993838822542,-0.326229006966299
0.460777415488997,-0.291756956014279
0.48877088978581,-0.290387949002604
0.5699898900391,-0.258306739925314
0.581770303346582,-0.319007099833334
0.528749739561823,-0.253228633570663
0.553898969946422,-0.248000132923393
0.503674748116146,-0.307780945142556
0.595897214482439,-0.323749201260587
0.529671167378998,-0.34593345990379
0.434221803611528,-0.248921075837064
0.47334049591832,-0.315754163449005
0.472894784262953,-0.310029769070271
0.533334545722131,-0.225315902810124
0.530371372643864,-0.295168865660166
0.422904773162683,-0.257617802854063
0.443724511109011,-0.249969455833916
0.467374093396541,-0.281568980414822
0.558031197062836,-0.258559953180265
0.504992703975727,-0.232948954894997
0.520756752398036,-0.151951293690812
0.565519045490511,-0.284557212896447
0.517561392919627,-0.224175758809891
0.458625846919955,-0.192669429625851
0.589023554701414,-0.0863304088548599
0.568999307075889,-0.0825221678934614
0.520291370620057,-0.00858523711933716
0.477534421426086,0.0649492145063279
0.414382310611477,0.111284926111075
0.392604043429608,0.0846583054048895
0.431328629017411,0.211687581169498
0.308736612805515,0.205533198651736
0.345111940686316,0.199428752747747
0.25542663641031,0.278966801183378
0.236043099184392,0.337173206520773
0.353000189544383,0.38018291181609
0.11599548905773,0.327787544306671
0.226867239756068,0.458314013438077
0.095260791377269,0.332833959108443
0.0800789639490731,0.463554016327976
0.162101246646435,0.438433433718462
0.0185106420147274,0.420228545802844
-0.00979587705195655,0.369678053533915
-0.0573613147077517,0.525238894163161
-0.075549729974868,0.451999138288638
0.0145823216570677,0.49586186683991
-0.0817927893551816,0.468605751449427
-0.15458613906509,0.431810550832182
-0.0698036044618612,0.437097801906256
-0.226188014025276,0.418332650260755
-0.170586181888124,0.508161930211691
-0.247286917736027,0.522440576766201
-0.174811523934818,0.413664298900992
-0.208633869059638,0.44159768821904
-0.185694463634144,0.531363572148036
-0.204884185332903,0.486668468601229
-0.222100623013764,0.415384745698116
-0.143778710441781,0.375821724408604
-0.0923919100753896,0.514246003822745
-0.13833701851904,0.482090795425121
-0.123272399762425,0.549237308399596
-0.0723986012655564,0.478831324755138
-0.141389564143027,0.505012105822098
-0.171230371405991,0.327641041330729
-0.102505810233663,0.413080079394783
-0.114484875380564,0.479690141265376
0.0272541350245304,0.47485397848752
-0.132677262230823,0.448309525771197
-0.00128419185212664,0.546197780746421
-0.0706474381444148,0.457360214292922
-0.0467504572098865,0.535361675360342
-0.043330216849607,0.522535838081259
-0.208631103223786,0.546428621446414
-0.0105940506773162,0.502878707010993
-0.0790321180016899,0.474504408045955
-0.0671144154806004,0.527464803143758
0.0122371464766194,0.670567305827529
-0.0527363290540176,0.548920938144841
-0.0413445961801959,0.613914433077437
-0.0596959685470466,0.628193048273072
-0.000979745539890743,0.672260631402336
-0.0478495418608195,0.745430212024055
0.0281692277730621,0.60495229382918
0.012457452883155,0.72261931140788
-0.0311951039535459,0.681154833139644
-0.0590120697256143,0.647862550811263
-0.0516490842450047,0.686284271072624
0.0856200828413196,0.645588070849485
0.0379509336663403,0.768068512663361
0.0399274036192952,0.692101144284125
0.0609036151749719,0.653817571309062
0.122880238496145,0.686613614217835
0.0629929724027305,0.538796217836098
0.0492973654294912,0.614452721385571
0.110488862389999,0.706840516798857
0.117154236743855,0.676049402794806
0.0268686180625284,0.689214815068978
0.126426472033958,0.530657091117333
0.134973136609356,0.55938482847634
0.161246994674982,0.568958096542812
0.166082881140938,0.590333678231512
0.149078009097363,0.413483784942536
0.224350489820823,0.466434591081778
0.246333077971992,0.418878383210878
0.202894798088489,0.469757708073532
0.230615906837413,0.438199185926567
0.270749735445979,0.523416774359245
0.209894118640237,0.362818787486551
0.342531483869278,0.337965760776282
0.233910071054928,0.423421820013987
0.341067287487196,0.420047419131332
0.301644798528568,0.27748769099498
0.337807061854582,0.239503209775777
0.369485336325084,0.326208866880338
0.322888822372745,0.228799584042352
0.434497499911826,0.114091148348653
0.439197236565461,0.172797027310705
0.36233875548543,0.0628875029124708
0.485771257405409,0.175571422474834
0.439959184255131,0.132032779298408
0.467786494929955,0.151216841754836
0.433342774343017,0.0687526660063659
0.507544523063916,0.110471234978853
0.450758710960133,0.00732930864352606
0.449947212715969,0.0202606834812363
0.415494334267504,0.109157174443783
0.424658682270809,0.0258393239729878
0.337301348577962,0.0262219230629391
0.445907038146226,-0.00119108009582384
0.333612818370772,0.021744106330021
0.44226232764067,-0.0892729098910002
0.339449572271542,-0.103035664646662
0.313796478497208,-0.103479398320586
0.472210527553933,-0.06952602382084
0.23992738494839,-0.0856836523993434
0.363020431036168,-0.0688698176129587
0.414351560972413,-0.0541755039320271
0.354342569330669,-0.169691515378217
0.390861860046159,-0.0956518012019856
0.359780767465502,-0.130130497014811
0.365892788591613,-0.0497895066875194
0.383152351530122,-0.126902783672555
0.46826382222809,-0.131770155605936
0.306813617297869,-0.114205742991876
0.231641823191177,-0.12839537859814
0.29230734666862,-0.159355720262602
0.251962189277675,-0.184681208109958
0.354126161151814,-0.185618494238201
0.341650973563303,-0.148339882237878
0.155402424049276,-0.287767346892988
0.376409038166405,-0.17592247582758
0.323760577786333,-0.279685989019283
0.204757557214855,-0.213518988269788
0.330633304916201,-0.235662552380716
0.331081464102644,-0.359919994543722
0.215369591360234,-0.325697269909021
0.33477157563283,-0.397915150927825
0.2111377321524,-0.491345978801052
0.209700686502549,-0.343103839442835
0.269545939572747,-0.485432816407347
0.205860373851534,-0.421526126814665
0.207934299908945,-0.454998219098564
0.189846079613134,-0.492517390676154
0.172192207296362,-0.501217171155325
0.239820051399729,-0.535709270319202
0.204066870463374,-0.623017018730818
0.184169464630241,-0.531204288471137
0.193880814854927,-0.600605803981255
0.135346555530937,-0.558743301488516
0.195798911122573,-0.569868768086624
0.0563729270894612,-0.572967310501336
0.165916399202512,-0.52888997086927
0.0814192081426908,-0.526758402653801
0.13593871820538,-0.55553973924967
0.0315047739203246,-0.572050802364153
0.0806848313732835,-0.549273328518374
-0.0334185598694966,-0.457055147793002
-0.0193315382817117,-0.544109385466008
-0.0605422156390528,-0.505494373080205
-0.171408972856391,-0.494994742087176
-0.177226083994812,-0.544943507796452
-0.167865097117101,-0.546755971911052
-0.149170510209093,-0.626446489477072
-0.209674695541888,-0.544947503595579
-0.255427290242662,-0.589887752518553
-0.243589389746256,-0.572038253023757
-0.346278385762418,-0.610079227704349
-0.212804447392347,-0.488457226917001
-0.38782387553134,-0.453376896440289
-0.231038935565258,-0.485484447938663
-0.365954772055365,-0.540656219048066
-0.430315690321404,-0.31255022907446
-0.245595357734117,-0.445762444904441
-0.252653412487735,-0.351706267981671
-0.263096690219044,-0.294900054482667
-0.309780880509908,-0.336371674232047
-0.219172907422562,-0.440406902612927
-0.32309507766965,-0.201152413280593
-0.407367414033752,-0.328515924360693
-0.30281573010637,-0.250957140413066
-0.294400974983926,-0.389326792567676
-0.331413709574911,-0.272262050690394
-0.414693151524243,-0.3216430246246
-0.467354451642943,-0.422006313333107
-0.548682022847205,-0.305088736691618
-0.506677478229161,-0.424586535758462
-0.558339803083941,-0.299581242805546
-0.510754054588747,-0.26339778017529
-0.54087364727629,-0.305544683174473
-0.492237487585662,-0.334319641077574
-0.560998763438713,-0.303019407502378
-0.528431167600343,-0.232439462363819
-0.610264323658332,-0.328999606035648
-0.64839827705098,-0.31616370926621
-0.635812867934264,-0.316766644969948
-0.546947257792464,-0.283355931646629
-0.471837208764811,-0.382198689195661
-0.588081565741982,-0.222001980565839
-0.669910739044931,-0.234317287987833
-0.647403424904548,-0.276136838148472
-0.558694095461157,-0.258924080630249
-0.693679126042263,-0.214500178871773
-0.659750296635794,-0.23159478003714
-0.628656852935562,-0.264189143270341
-0.664270942509292,-0.167119174601169
-0.606373927521114,-0.274733524806372
-0.587503260858852,-0.220355482731932
-0.600643476447718,-0.260962521972597
-0.628450244264606,-0.146965774666867
-0.564435231580418,-0.188478362115277
-0.549811952567914,-0.212252795169653
-0.639361723697465,-0.111406094587587
-0.465739965986327,-0.201748078172939
-0.508931621675598,-0.0612754090481499
-0.592823191752628,-0.166655673697111
-0.465123222194018,-0.0971877473932307
-0.489536048158063,0.0241248338090095
-0.628507899629246,-0.045231348287748
-0.44658196553304,-0.0829615416378713
-0.531804815058263,-0.00185077929816505
-0.515641059899114,-0.0426275949441204
-0.503236101399512,-0.106571239963686
-0.458525619115391,-0.0849853950991292
-0.358284640661201,0.0168491888968761
-0.397098463638153,-0.0642536280014643
-0.357694805628949,0.0416158178126572
-0.330861295456344,-0.0337028526071379
-0.390756273420998,0.0113925804745173
-0.400826329555939,0.111720807886339
-0.232611179590931,-0.0436307910117561
-0.284642653361492,-0.00179012294394677
-0.245504613386751,0.113519943624529
-0.235758377784689,0.0943473587959646
-0.0764500648905513,0.193270572882298
-0.178792993288624,0.130169217211593
-0.126868549671618,0.321436358477949
-0.0625756388223558,0.289915316082725
-0.0679727831967091,0.325496528947146
-0.0768970655930578,0.349350068701883
-0.0775406722909222,0.488100318162672
-0.0656855732682804,0.450226068701818
-0.0520053675217158,0.554112721233025
0.0554945132055708,0.483490914616
-0.0212781443223239,0.589191397364364
-0.0436650101401345,0.573413154403281
0.0734381809685485,0.663284971576242
0.0739926314146877,0.623059013320298
0.0672320601589206,0.676340650325798
0.121558965430425,0.727972904974721
0.0661912031328949,0.722782154874814
0.176678048444895,0.739267565770012
0.21250962245793,0.708016370545991
0.165441848185872,0.71304230063829
0.271661201071482,0.752782474488704
0.202421546481331,0.757413409374124
0.253300774487106,0.720012350305085
0.243819243406846,0.765716121884926
0.390042515580835,0.778306964090972
0.339811783284654,0.821891653698833
0.40695600920191,0.774876627320152
0.386819158524924,0.797633879987926
0.436984898912951,0.776024236904084
0.417292747684366,0.777720531283689
0.411545240022801,0.817414214799786
0.405767382230575,0.822565115249063
0.422053416066592,0.779433084389224
0.446170184047421,0.826259928478433
0.326433026159124,0.843233397303176
0.386271312821936,0.782239946013345
0.487886976371591,0.74239650907544
0.413824106362896,0.810994541524585
0.444201635412044,0.774839549074003
0.417479673823799,0.780688658928385
0.458068758347284,0.763333341558139
0.539146581513109,0.732625270805468
0.49902111281974,0.747169049110937
0.436009606685595,0.807036835203196
0.420962232124965,0.758551032004878
0.406754082590497,0.788505756369495
0.442434385641035,0.651673872382319
0.450947508853913,0.634118414317562
0.381452802154686,0.618008617111937
0.283640333524021,0.64855753126749
0.447692791973933,0.628913798933911
0.377724290172877,0.619140674840071
0.446035854567618,0.582442214242438
0.328782760254484,0.566625544031637
0.451963778062678,0.554962553518443
0.342953951489139,0.672651727046315
0.429429607006661,0.496858241495617
0.398544936237354,0.492208194781472
0.412850403845895,0.438775325680323
0.402623869700998,0.445189955442316
0.332011734527128,0.451387927838791
0.44564964025039,0.454119454540147
0.408983628471977,0.383699682802527
0.333168055284505,0.403677909174891
0.281211826151252,0.262134887360091
0.398115495106277,0.472243247961919
0.255298391050374,0.40698915384625
0.228860580438565,0.406408450331832
0.301536107045052,0.4839304588278
0.219133418515409,0.328704559830525
0.14465737094965,0.418776888522277
0.24780239208882,0.48223694442826
0.135312299595187,0.38958393881768
0.349047719277968,0.342498353373826
0.175422253245638,0.386687629362906
0.249688971040426,0.459213866064756
0.0273333415977034,0.434482028982609
0.241489334304328,0.423615697322727
0.1775078739798,0.396793625420232
0.249138033430229,0.45459013313343
0.192442679346646,0.399476569749969
0.119739201643655,0.398808246463426
0.168728872784776,0.436267724990709
0.143241710137089,0.51336611659093
0.113669372946534,0.502394879204179
0.0901626696145134,0.400647823242079
0.00915755353495461,0.532001514736295
0.0957079613150572,0.501814724967625
0.103767188168082,0.485535581474005
-0.0186650587954808,0.57244959118651
0.0574815826405323,0.507905457171247
-0.091562953820903,0.544868052966482
-0.0607548901600498,0.573600667628855
-0.0941290287729734,0.549072424852742
-0.0284240550295678,0.548393295112415
-0.212542040016803,0.541198178152094
-0.251338744494303,0.607735688627329
-0.207681399472509,0.561313516900575
-0.311934718447236,0.523601222703886
-0.30832624879052,0.61502951248289
-0.338499075584891,0.419860640769882
-0.505029533535924,0.597366217856751
-0.413181358206193,0.477818753904526
-0.467185451466361,0.566750753323694
-0.435191746196466,0.452791424568534
-0.571812256328936,0.438777810613742
-0.544938845390502,0.47350957460176
-0.58097638351909,0.468911372359537
-0.663975421840642,0.335410391121424
-0.671129477164711,0.366948578158304
-0.676779308632752,0.431790522974008
-0.619522038440839,0.469747535119299
-0.637851389716358,0.472468741980838
-0.70014959787713,0.438636544187432
-0.718814262921561,0.422581216592747
-0.700485011726161,0.405412138569031
-0.744250339320958,0.461791215403705
-0.820976998351601,0.368708822911881
-0.778234800015961,0.464111302583522
-0.809050063279676,0.330367871473974
-0.819069096292502,0.38094097702879
-0.8601953722311,0.420389203382535
-0.862382374112126,0.40588754653083
-0.890789071178947,0.388308595078957
-0.887695683786822,0.363320549729589
-0.899420038271491,0.369017407446872
-0.905436099209191,0.352052914513001
-0.912295243672924,0.348516731042291
-0.906409566985482,0.374911520220883
-0.896501556850457,0.40986211100474
-0.881894188523239,0.443854009040552
-0.840270458982946,0.41099475098077
-0.844523645108761,0.463466026658196
-0.826698398047217,0.449679550568083
-0.849882212486622,0.497581627578908
-0.829191190545224,0.457057781902227
-0.834541081599399,0.459741696205443
-0.831044124823837,0.529344502693685
-0.839650389428706,0.510237554223777
-0.823471010970271,0.556733269078812
-0.817390701998181,0.565395175405318
-0.759109520274227,0.506251970115201
-0.623204985853301,0.45683743909192
-0.794040935226295,0.508585967874777
-0.833249599533606,0.521813928048802
-0.863064970358244,0.489881058217374
-0.783202388884648,0.470004959696565
-0.872079799452087,0.484072262185348
-0.810643625144834,0.512954825124613
-0.862572505797677,0.491962962042437
-0.80512272849534,0.493538025973553
-0.808294320877575,0.47632101137359
-0.773785979737731,0.332354747924836
-0.885591517370607,0.445574401698285
-0.86794404665556,0.471223046974245
-0.858364524274905,0.485030454382935
-0.87068222724907,0.457473352236937
-0.853366736350216,0.496399284866506
-0.898869436285404,0.412808227605114
-0.904075671679348,0.379567429478546
-0.82008086312858,0.332421541925227
-0.897994655503832,0.371774220177926
-0.893787665732117,0.359710017134994
-0.821596003860376,0.239241403233082
-0.838819940642989,0.244162847426052
-0.931249718841843,0.320031306408237
-0.908231827767126,0.276637338080935
-0.947976607701514,0.259313079257901
-0.963314072571022,0.193700031269068
-0.949220969805824,0.243326861534134
-0.906276793271774,0.225627828580589
-0.912318056064265,0.237890618594391
-0.921015295681293,0.281380407105872
-0.941232422769456,0.23709821190147
-0.939532617191065,0.224943487941233
-0.883242405463276,0.217175356311156
-0.955075200343787,0.188168941600854
-0.948814824070053,0.119491590583059
-0.953136421534245,0.120572989560384
-0.887620892531922,0.122550172634725
-0.905246801321757,0.0818533309843386
-0.913412817675516,0.0997599000253601
-0.939634054978785,0.122852004267561
-0.963052424601668,0.0275882686268683
-0.911314512822984,0.0359138056386081
-0.950256912928865,0.0405082607864373
-0.963419191576288,0.00617987364596971
-0.958700801214715,-0.0210672422320376
-0.96243310124979,-0.0646543314770371
-0.953858494785967,-0.139711770810689
-0.948459107498823,-0.149592593080697
-0.948757598717175,-0.162443609044703
-0.925852446506062,-0.241175795087175
-0.907016866203667,-0.301263658559568
-0.875559612844768,-0.357712584502916
-0.834386205859292,-0.424761881805286
-0.837059310478715,-0.448754544457722
-0.801905974601036,-0.512508147302867
-0.738939678258588,-0.506962351230164
-0.707762190461339,-0.556754673225458
-0.710296739228005,-0.614914695696835
-0.711599511350639,-0.574814805803476
-0.638321551054959,-0.70190254130746
-0.584003385057619,-0.676563246478844
-0.628259069096286,-0.706030626672342
-0.569059869034307,-0.737855168262625
-0.549945440764438,-0.750521038702685
-0.544935924358283,-0.743102353376639
-0.427513816024068,-0.752886535176968
-0.455983728320348,-0.768696661816868
-0.403023254370921,-0.815798262743434
-0.337818130974584,-0.876223100103585
-0.280997163732943,-0.890702308550281
-0.258432873392555,-0.864088948497899
-0.256934358146539,-0.905659406910671
-0.229458941557457,-0.922083840191536
-0.219141850290351,-0.931044997406961
-0.169897870896859,-0.936997930174915
-0.114933143529713,-0.94375937111754
-0.110137468233195,-0.951264952206735
-0.123394491653939,-0.958409011019127
-0.0932816833707777,-0.961028787371381
-0.0647281473984467,-0.952606131417309
-0.0735043325612971,-0.94428220639737
-0.0269449452237262,-0.963384427921985
-0.0723601207090951,-0.961340645835576
-0.106403671042539,-0.941861259431029
-0.10884869585412,-0.916514991612415
-0.101178910490478,-0.932963305208763
-0.173681712849768,-0.947958223949714
-0.129436970293446,-0.933623590553452
-0.170667304492199,-0.912160193769907
-0.201331039397789,-0.899289281612633
-0.231055144273518,-0.909439862893384
-0.334641855280054,-0.815033976500254
-0.371851831614666,-0.796543030759843
-0.361726170228501,-0.772115758975325
-0.416508682623676,-0.774987974593172
-0.451240819593041,-0.753207139233587
-0.394011838273372,-0.774165312655327
-0.505000747625652,-0.75248454846581
-0.522108857512763,-0.707521915807916
-0.50700140355286,-0.696936423400683
-0.593657316105759,-0.658417282985547
-0.561280681440262,-0.606786136567727
-0.597245915426282,-0.604114529648305
-0.656104578231279,-0.555454001713646
-0.684526278816654,-0.540427712638483
-0.693020801960505,-0.494579944613956
-0.73998964428759,-0.45340179443612
-0.67914083557496,-0.491291323896551
-0.731464993095674,-0.460246018393858
-0.73876050656443,-0.460372150329517
-0.720038663136765,-0.410494770510699
-0.744783543604017,-0.455992732674548
-0.738318618689709,-0.423993935190601
-0.798162231721373,-0.388610318561257
-0.748375854885835,-0.391751735464036
-0.782836518125983,-0.315997160516374
-0.687158286509671,-0.320244033873493
-0.718787323366021,-0.425184381559658
-0.634572813117953,-0.398407383641807
-0.717278283352176,-0.346469998294814
-0.654818528335754,-0.339262538843426
-0.621906343641097,-0.283100346324664
-0.706669039635116,-0.372158179996907
-0.578247229399167,-0.288591739157607
-0.581975636745246,-0.303297355679671
-0.684184482705505,-0.37412955794829
-0.666950982159668,-0.2594781176402
-0.625003457224437,-0.285201493065818
-0.556108945227437,-0.269205211612045
-0.623469056343419,-0.262799233462671
-0.57381568462207,-0.252995307372121
-0.599146250100143,-0.192493179020939
-0.565999125311602,-0.17484981395856
-0.654524946005836,-0.176654284120952
-0.631239169144134,-0.165789887654198
-0.572305885223897,-0.175866599501731
-0.590084438909527,-0.18259499863657
-0.608170885733777,-0.167794224723661
-0.512269171669173,-0.129299257478282
-0.635825108933478,-0.210229720188869
-0.640489262488956,-0.118782381727385
-0.61013281048447,-0.091010124470704
-0.599166468958077,-0.0819498980342316
-0.633982247040988,-0.0533341224561675
-0.631362661761031,-0.135453687936809
-0.680259406418248,-0.00444139980998889
-0.637141335620173,-0.0367737899408446
-0.669261984335039,-0.0864841158759005
-0.626249336364705,-0.0765253013486103
-0.624587656672449,0.118354190578061
-0.622834159001443,-0.00780978974062566
-0.625224106501757,-0.00252807417171942
-0.701875356204806,0.09900035976593
-0.591736507613057,0.0523114517824514
-0.631260697284618,0.0996281560759337
-0.746398243214429,0.155239294553574
-0.569548595018145,0.0841081488353065
-0.54908744555758,0.16574354152765
-0.684307185185558,0.201725746169218
-0.508528791210772,0.161609683508492
-0.47902490647162,0.149636764433398
-0.628841642303847,0.166326709760426
-0.562913627625803,0.147830988584099
-0.535517295018749,0.208136038630443
-0.550494869865816,0.216593665251747
-0.58520341911718,0.194470040955661
-0.625760509776535,0.202724349771744
-0.584668200714638,0.213434421460223
-0.656430501724249,0.141519385855743
-0.513308334682926,0.176646986346403
-0.650552282484757,0.121421892275409
-0.642697369459301,0.148202159148099
-0.606920841976735,0.16612330191698
-0.524405718380301,0.0900419282044838
-0.582641881265797,0.0137028573914119
-0.646528430132541,0.0630771233886611
-0.524768049776487,-0.0475544454644177
-0.63356791236185,-0.085355755487006
-0.630890414055715,-0.0538245019455543
-0.379441607894446,-0.13003512385446
-0.531252301644034,-0.0521492941043552
-0.464831063155873,-0.143133832217467
-0.492147277767186,-0.119886572920035
-0.409890918511723,-0.217468922873777
-0.440190156082219,-0.21174106000757
-0.495559049153706,-0.24430575374426
-0.296921873862582,-0.254900773642414
-0.388583671112751,-0.267940225207153
-0.31312101512278,-0.314324821109682
-0.367546908827497,-0.351737459145059
-0.215058914716294,-0.363591310478265
-0.119428494102705,-0.291598151872782
-0.214521657376585,-0.405768046122554
-0.0756713598210225,-0.412866536216532
-0.0738589377622371,-0.51543637831552
-0.0519237284917385,-0.486972226430049
-0.0780307037477815,-0.370564062730308
0.12446583680149,-0.418424310555623
0.163182533506441,-0.513421484453734
0.143059226561176,-0.430315328454442
0.215902748874967,-0.508315347024525
0.301629510366162,-0.492976304195464
0.308209501159162,-0.461642909747581
0.39861839964694,-0.586120944565555
0.502934981959361,-0.456356987215253
0.612632019776561,-0.472469966749206
0.71764429626111,-0.408935422540738
0.714623627187394,-0.394876495180638
0.784676909558566,-0.360642335786219
0.831353525038151,-0.318790633860872
0.852068200593441,-0.331028453323577
0.819598465894566,-0.197342351688817
0.821913616647711,-0.218438261645202
0.85923265702369,-0.23185545412823
0.860809110778331,-0.196445876094258
0.855426195564941,-0.223226782524782
0.836459639651117,-0.134414057096661
0.86535103890041,-0.164446908472505
0.909079102586925,-0.106766010830058
0.874263502114089,-0.167701674093751
0.922773866763548,-0.101650945666071
0.891762339023241,-0.113612266399057
0.880519133572301,-0.0497259551539532
0.903747702261883,-0.0295509746783327
0.848728306852601,-0.109969246483438
0.844598511393938,-0.0269896977871383
0.885517549737002,0.0897608059912024
0.885575731239221,0.00897314340509984
0.867161043794369,0.0795209249040322
0.838496967959509,0.0428442282187315
0.868332335413818,0.108452530986811
0.813435168483231,0.141110682948397
0.771223257390229,0.145760692927847
0.797897572882164,0.133470347269721
0.773413494654918,0.119487125822538
0.800752795981747,0.155552578048975
0.747194941296902,0.184719426396652
0.756980567964289,0.192101088645252
0.696015188082652,0.247508946618553
0.667023736660072,0.325861588452394
0.646970464226786,0.33105687448943
0.602633237395637,0.400902249943658
0.536538865489176,0.448679339499977
0.626393794818482,0.475037631165524
0.596468839791077,0.529661481490337
0.540643091278295,0.508390155796088
0.564321117589728,0.530047179379586
0.469377008053155,0.606588914849256
0.571806701713531,0.608156353379258
0.50744917880018,0.658560886786572
0.389052141494091,0.660901684218585
0.475095524222985,0.708778204782944
0.335884152244549,0.681559361396687
0.378400542581971,0.680702730242042
0.307221374914519,0.706700725373463
0.298126859383155,0.730069998133381
0.273910049754266,0.744134418898771
0.266925978527951,0.715869788318017
0.231892684443716,0.753283494633948
0.199077590483147,0.812403247868966
0.137869046526457,0.739098832198878
0.122163359078996,0.814488680409075
0.0561654894567106,0.802086079293123
0.0961898201053488,0.771891412195477
0.0728547018109324,0.772310608308481
-0.0265033892923779,0.825172964321039
0.0271764422308325,0.755347586873634
-0.0582503721884567,0.814273185382025
-0.0231625793324427,0.799818317476157
-0.0376652419505326,0.826541280494498
-0.111384377244504,0.780668354386078
-0.13856538728425,0.847030831578518
-0.106570408702497,0.83670625373885
-0.136643546554417,0.781393403189583
-0.188449027222604,0.764832814158379
-0.173546591947984,0.800830637106636
-0.24244775784163,0.848698440099714
-0.210313959914065,0.718602736012479
-0.267882387426257,0.845188818979118
-0.269057292301426,0.740647930673132
-0.267809514389462,0.697318331905401
-0.279581577327002,0.795173294170152
-0.355326039020617,0.832814223497902
-0.331838490319695,0.740080061981358
-0.335320061622229,0.714633466796924
-0.370319908546165,0.734189128250609
-0.390066093523244,0.736647235761336
-0.451295130935237,0.704827988855126
-0.412736347714753,0.671149157357011
-0.396209254123521,0.724964026845969
-0.440651213609703,0.689193900839342
-0.288185394738046,0.593217627621122
-0.395751294422528,0.594808972840943
-0.361036137349285,0.630598827765204
-0.331516682540388,0.671103610192644
-0.41032055466637,0.635387267079286
-0.401023521972127,0.592134174472796
-0.385846350706346,0.620578299553901
-0.353201121547836,0.57939911386373
-0.476881640176211,0.592313525669548
-0.528494393611738,0.534413770100537
-0.37278894546409,0.585677850936139
-0.431886462415073,0.432848015369826
-0.409764032514926,0.33840452077003
-0.475165630004169,0.373714931804411
-0.392836042063538,0.356594725736207
-0.602303626372612,0.427957566255048
-0.389855977437077,0.408738913122389
-0.535637435797766,0.291667765305045
-0.521144007532818,0.308332382915271
-0.571849050524379,0.2963246892191
-0.608487437994547,0.352343993469601
-0.551226955651983,0.295010103537903
-0.633545213434886,0.273596472327706
-0.62165798550904,0.338516149946041
-0.596615884584556,0.215410686090395
-0.673811227748329,0.200941466468149
-0.718834012353472,0.224176708733001
-0.530021204347555,0.206086967827851
-0.672402051364806,0.283820032806241
-0.664060061691994,0.202216255834193
-0.70106566777837,0.186489949813704
-0.675437879111721,0.206461308683258
-0.675947045459634,0.11547600123713
-0.647878284284355,0.206031392193065
-0.665936713544645,0.225058112461041
-0.767460296820479,0.22362531596347
-0.634562118185931,0.207943847482941
-0.714934964219554,0.194320358881628
-0.787291739423345,0.19871237761888
-0.752366830171309,0.146775128339636
-0.628943335692747,0.12542318783099
-0.764393595580392,0.106979951615042
-0.71912740834809,0.0284025234826116
-0.745996882496602,0.0634634713916679
-0.769673908255242,0.0724409044794721
-0.79246281190037,0.019438809113478
-0.814543629165594,0.0882132319818716
-0.792994700756201,0.00244090712450142
-0.682333902893894,-0.0571034463730075
-0.822425297490262,-0.0206402087309286
-0.791951844827212,-0.0772863937408399
-0.821107897552538,-0.140584235944758
-0.782403872342429,-0.193358562372763
-0.814256665612942,-0.182508446159006
-0.789015937536262,-0.214648716989746
-0.845035813098134,-0.273306388241283
-0.797263833875499,-0.323513316646161
-0.734967352664728,-0.399484248822568
-0.776400998928669,-0.348558274934992
-0.766741815776407,-0.43708147899638
-0.731145917744453,-0.452789108582751
-0.768604927294536,-0.454592028962698
-0.739734955486091,-0.543406539694168
-0.704074868494101,-0.524820149809981
-0.743684940853649,-0.550995593590833
-0.722748766498883,-0.532156667533839
-0.725757720983251,-0.513073144914396
-0.632933066153475,-0.561358983117704
-0.595765311393055,-0.649533625018484
-0.628607555631118,-0.614451993670316
-0.623443620142744,-0.672533532987301
-0.562272948110038,-0.691406492705895
-0.601309970887251,-0.606977767858721
-0.594399572917434,-0.675830798023704
-0.550282985900787,-0.704056210927075
-0.451214844514822,-0.728890489542299
-0.416888258165147,-0.749066148415865
-0.457930945661029,-0.786158638488321
-0.358987827495256,-0.835884099179552
-0.332412896362674,-0.825185305889573
-0.383254761935626,-0.835437956869015
-0.392752271291776,-0.818628302977718
-0.316345266505066,-0.806049291915996
-0.293615032432128,-0.816861963761239
-0.316460362489972,-0.868146496446012
-0.283364370167536,-0.851762058770582
-0.231078992465022,-0.790257334088195
-0.0965025710292185,-0.847505990541699
-0.132093531871184,-0.839875828312335
-0.0416801564489525,-0.834378845178811
0.0259447173290784,-0.846866363309232
0.115480269670118,-0.863607061996988
0.15152478812115,-0.875479374532479
0.210014497305329,-0.847401323020005
0.170291738061654,-0.909067054675454
0.206622897511156,-0.850932732637186
0.265693303172496,-0.89483696579445
0.310533174995214,-0.868031070313565
0.35123424417486,-0.864231027133626
0.335198075458011,-0.867622171322271
0.360426777371258,-0.85771194386552
0.379675472137779,-0.82177551201809
0.498291976425746,-0.836161420352223
0.454265943242004,-0.834958505894247
0.446654372963866,-0.82027485046608
0.466290481190797,-0.843682001431743
0.487766671451927,-0.840724212568962
0.448236135847385,-0.883411078196471
0.427866168937838,-0.894558326355139
0.440532573727559,-0.886517176794726
0.436519852803485,-0.882031968862738
0.421200598398922,-0.897389568020258
0.401887325662645,-0.906177783041904
0.384479395094856,-0.841309269357229
0.354762008811697,-0.915110639863768
0.384125640551414,-0.913794636967374
0.364133595096562,-0.914579140068378
0.376113005704281,-0.918502109988159
0.38306176408018,-0.91547082870909
0.352036170367269,-0.92427141957129
0.37878738060302,-0.91383893906184
0.381639350282306,-0.914969538963321
0.34360489921174,-0.929773986425246
0.340911888931665,-0.931643842910603
0.380422609180145,-0.900504012475101
0.359614898881501,-0.91100773897354
0.446637851294959,-0.868108371466368
0.428390752877735,-0.87551597709308
0.42376725604163,-0.874087279114754
0.432573759021683,-0.869187208138027
0.399399589237149,-0.889338337091288
0.40735840402365,-0.880826896066534
0.421934037852573,-0.882334909217007
0.391674687586702,-0.895060156844316
0.415952680917,-0.867451048827408
0.37989281574643,-0.880915459458912
0.417923511290852,-0.857671705025685
0.446772955033818,-0.865677365746442
0.415644245626214,-0.856351575261646
0.426427895862347,-0.87739191633287
0.431792110990867,-0.872532670707232
0.482483813037348,-0.848107464642325
0.478996285041288,-0.846647268596987
0.530170274913234,-0.819077125840835
0.549016400649262,-0.795031010327962
0.598062888133283,-0.759406348761427
0.603813587480492,-0.727716811246642
0.622162402311262,-0.73260888817992
0.657856976801541,-0.699127695440286
0.658175680658452,-0.706815986696177
0.685666737541336,-0.675691745095509
0.712211655858098,-0.637997060719511
0.727710148388256,-0.622152663790427
0.751403605511396,-0.611957549058583
0.734798912261207,-0.619252480105154
0.777421803949108,-0.58046063543084
0.811530716981158,-0.538876976431643
0.800929936251014,-0.544398569125343
0.775155441812929,-0.460817661873945
0.834975630872181,-0.469749034949438
0.786074101300327,-0.415237807837921
0.856629893914578,-0.395463914917478
0.860854017791215,-0.362520536431291
0.873549294726611,-0.277532644047039
0.910448263760114,-0.247554902681736
0.901825577823899,-0.195742402953333
0.926458683298646,-0.135064578580633
0.913654159375756,-0.0148443265069065
0.897720800392714,-0.0550879557704152
0.935234698780013,0.0130220395939078
0.798239477192084,0.0537170211252509
0.787937237829284,0.1102890559592
0.847483592839825,0.101782392123714
0.907123751830788,0.133265239098322
0.922671998346395,0.191484431522758
0.872297491438204,0.187884047525547
0.842632096022228,0.231599283989077
0.820425233751897,0.215493543951667
0.78549954773852,0.202694149123133
0.872390974289033,0.284627042446951
0.730783031796274,0.332618740122959
0.749869198732689,0.305008862568483
0.768934789057536,0.28541406191103
0.700404598032517,0.423780828840608
0.690008967183553,0.301846531727471
0.620217919451122,0.33592010975276
0.705794283276197,0.396841167952263
0.668958319317151,0.434125077428218
0.578567600641425,0.392633795472571
0.543760178899612,0.424221487693944
0.600705486567498,0.556001068606111
0.605442986833961,0.580535676583537
0.484960466441318,0.586005892967218
0.497914708650017,0.632355427007532
0.465763750964882,0.622894463358791
0.422809094986976,0.640292230734564
0.434749538331506,0.650015298964705
0.197708985445966,0.687484258623052
0.0422259461576573,0.630525768391489
-0.000238225914292272,0.665457634395165
-0.0351695396883968,0.724672526048008
-0.0550278270863824,0.689646647718018
-0.247803021462963,0.692100789387171
-0.237634653035622,0.724838526227412
-0.357948984690504,0.680808137684542
-0.296829401061218,0.651313807499271
-0.420091204368479,0.699327700986978
-0.305088594054496,0.732866425036465
-0.521324057298749,0.630562768517323
-0.338831560433726,0.722927509785424
-0.496362704232367,0.704621822508296
-0.455588057715001,0.672202737435316
-0.55992383380341,0.687120224961611
-0.514107216275672,0.635780161566039
-0.540870619874744,0.615373928012739
-0.58402042300137,0.585915509467229
-0.573354374327031,0.60940030321067
-0.549892049266308,0.497128711462616
-0.582479321862316,0.464415616614888
-0.582146033108265,0.415014936799613
-0.712210305580906,0.432787027904344
-0.65318189139632,0.42429449404788
-0.697194709113152,0.353359979817803
-0.697854231157799,0.277906348006527
-0.726309350973674,0.229470134619464
-0.758423149125356,0.235376395556414
-0.743330565857162,0.148749957661236
-0.709505806085903,0.159650184904033
-0.767501905263662,0.149214501623312
-0.702146726943885,0.0285311769737923
-0.71562726950999,0.0165291031951513
-0.688389918953759,-0.0448675226605955
-0.646854474638739,0.0598840449628574
-0.628877816153042,-0.0432070896326811
-0.585228185519484,-0.0538732307439985
-0.653569015792998,-0.0224547284593831
-0.720970929443186,-0.124883590849263
-0.636448093156784,-0.114161820621307
-0.726049213011966,-0.0991160405085854
-0.674313621230944,-0.139772965281156
-0.581703435231971,-0.0899327507967899
-0.663961741338022,-0.230295302636174
-0.630207505471632,-0.193212985773297
-0.723837335470878,-0.238989692428579
-0.527096276456833,-0.170933288232304
-0.573225870459435,-0.223510350815638
-0.605670795229289,-0.287309158047807
-0.629086621500421,-0.28606815224201
-0.541767195203657,-0.271340275140434
-0.630802671648792,-0.322851348528465
-0.458230024642647,-0.278957584118343
-0.562118124029192,-0.280575735288463
-0.544084692827389,-0.271906601544668
-0.668766232757274,-0.262688076836242
-0.543706730364468,-0.216587741376643
-0.564948914033026,-0.307350455821932
-0.527521217951344,-0.23315529876404
-0.595612216168964,-0.306687915678542
-0.456991599643358,-0.271312089557401
-0.585078462866779,-0.304817771018292
-0.616961223852222,-0.305370371184663
-0.582129690533193,-0.267738823466635
-0.619552881711023,-0.343264164130416
-0.619572970028921,-0.225072905354596
-0.598651447022103,-0.316804776732538
-0.630498852531193,-0.299760911461038
-0.492604578128721,-0.209802809435144
-0.493828756953272,-0.233963086270918
-0.611569552416983,-0.163380097610492
-0.494005942036528,-0.222492504878464
-0.58634438043904,-0.188539409523762
-0.479656320708676,-0.249315534883136
-0.521549879623614,-0.0830579642722422
-0.482366842301567,-0.0913493532946597
-0.52638632935845,-0.109772665781647
-0.441733828615157,-0.184500534392714
-0.569534172862933,-0.098721497352152
-0.438627251293503,-0.24464395074986
-0.49357405787933,-0.144307002550077
-0.460026025256004,-0.25763551752979
-0.478223260315749,-0.221572601364325
-0.391701856101323,-0.239325108777389
-0.43235082473674,-0.256574688070275
-0.455546673872866,-0.339454112168833
-0.355769785802797,-0.283412700876921
-0.515967922812413,-0.228681889806193
-0.315786513757933,-0.215797631740966
-0.393144418034464,-0.265359303507703
-0.356520628254234,-0.292370205099367
-0.384092613642635,-0.271821560265631
-0.447047271416871,-0.270859952244237
-0.423155866564404,-0.283177377172656
-0.476869422223761,-0.324973239104083
-0.352556130206221,-0.25129636873629
-0.391181763997515,-0.242635802439788
-0.389151485372733,-0.325400107495342
-0.348752947679786,-0.315889467971316
-0.427342145758351,-0.297359949970467
-0.330378711990086,-0.410877146795202
-0.409487090054819,-0.365072474235054
-0.4077539453271,-0.281242904225577
-0.46184488881717,-0.35001761490399
-0.380864694291241,-0.365741677737304
-0.449788755451438,-0.334824908316035
-0.366076911230963,-0.392917674505195
-0.390455428437729,-0.324008191141127
-0.412899799412933,-0.373931705118868
-0.415090577190058,-0.441410462706001
-0.364805352684537,-0.375662603387835
-0.34363548277734,-0.395511406880583
-0.402691678763585,-0.382190911837526
-0.29979706589647,-0.38962032264683
-0.402154899502107,-0.408591074543238
-0.426522502552324,-0.431510501184538
-0.4091700867753,-0.476158159071731
-0.438470618579204,-0.432395524542164
-0.454956824688444,-0.479690775568807
-0.445830578524561,-0.432200598819664
-0.422342672802071,-0.462531572080085
-0.454772535819549,-0.604765445258572
-0.440096489352864,-0.451898878890578
-0.439047465612197,-0.470868244810494
-0.466075110857535,-0.504271290842817
-0.510222052860132,-0.560483567361231
-0.517619306534076,-0.531956936694328
-0.613878827998076,-0.488758625326412
-0.527883633036826,-0.475018038552128
-0.478338846492542,-0.543721976186897
-0.583738027648716,-0.492626881962974
-0.518630892694763,-0.46245707761366
-0.593840017108686,-0.528875046867297
-0.459856361261664,-0.567874703991712
-0.468051636525046,-0.523234746450565
-0.37559776074409,-0.571824467604289
-0.387837032095219,-0.624847245702726
-0.494202190744617,-0.584288061040875
-0.364251725274664,-0.546729774198789
-0.342060853973495,-0.599474952395625
-0.450923520485015,-0.564695186596112
-0.394794077489803,-0.583004641129362
-0.393696663466621,-0.581350145340411
-0.336094048745071,-0.495025768374781
-0.439201661847121,-0.52525371421078
-0.394292524356185,-0.510738908488308
-0.39487081924151,-0.548883793465138
-0.292535737284084,-0.501023351094002
-0.315293923604993,-0.510011647818381
-0.333700712002762,-0.507491701809973
-0.351919936566031,-0.586604996043147
-0.312665510626519,-0.558545343868547
-0.272840221483002,-0.529949343438623
-0.23140708078863,-0.501782563828152
-0.22622137845484,-0.495184912952134
-0.24696845352325,-0.427170906290185
-0.0952362378104831,-0.431341783561019
-0.125323867422417,-0.521135547824839
-0.191788333430507,-0.474420833339275
-0.0779402957117402,-0.398729172674204
-0.00347167341118774,-0.374931528327081
0.00978112132406664,-0.409837253688807
0.114707189601295,-0.351503661832975
0.176454023082821,-0.206607282941677
0.102350538487766,-0.355553455956613
0.221094503068471,-0.160243921927775
0.223579610927186,-0.12756213245491
0.164904068232553,-0.296714399283276
0.402720314169315,-0.27101653547312
0.326222509277707,-0.0774400182302013
0.393729801513233,-0.0332117336688815
0.470091558557273,-0.102638618600854
0.48378601897308,-0.0204747860185576
0.484660257837743,0.0109913612886556
0.528686739194848,-0.0823378426709931
0.668077176312526,0.0342544959270521
0.679645872547965,-0.0285990245292141
0.686554550370365,-0.0465581381542677
0.659991559379674,-0.0411947561349158
0.71422143002735,-0.0269724141399463
0.724063865967096,-0.0766058298793007
0.693885794005077,-0.0895282794884174
0.720459332940877,-0.0482379693915862
0.746833934154415,-0.220266513251878
0.65934233720251,-0.213149275364451
0.699612503190498,-0.214454819903668
0.728307016339419,-0.261373472978767
0.679583647786741,-0.268716386077072
0.723161227594624,-0.328653782482844
0.68707398756314,-0.352782473570646
0.667008170439809,-0.365448786672002
0.696543375793811,-0.392881754125254
0.701904092781634,-0.473943299389841
0.74053589187481,-0.475575204950524
0.750409912319032,-0.537343392131217
0.703566693986925,-0.568346962117101
0.685481856570811,-0.608833704494153
0.69589653864024,-0.617394485039103
0.67170388323572,-0.637249791351822
0.62306583693791,-0.676580972478584
0.583124266630792,-0.675180230846993
0.565101340484022,-0.71602329366474
0.525177647891155,-0.724571938580658
0.492137149340159,-0.736004685857686
0.429723133173199,-0.71896479651171
0.389657507422068,-0.79843326958592
0.344348902686366,-0.836758814975253
0.273602250914396,-0.779119822170646
0.34056237571607,-0.795817855436078
0.281605694966335,-0.772400669854796
0.25666636622372,-0.794293039805732
0.249341645163019,-0.824867917480969
0.207195733833737,-0.864058130366647
0.170706907452424,-0.807012252524861
0.230180911167392,-0.819019514871839
0.203733661563001,-0.841930953926807
0.133951551653903,-0.811380357354048
0.110572047212471,-0.812478076959534
0.122338418304279,-0.807430620537815
0.0157533391288023,-0.792659195718207
-0.0662255540392265,-0.809618280090918
-0.0571727015758096,-0.733981194881297
-0.0240053636983207,-0.730512614474185
-0.0202776250598906,-0.740820947330096
-0.0917854833492624,-0.827215407781822
-0.0903095051797575,-0.739816742428779
-0.0783194263209778,-0.784482407206408
-0.123998609614539,-0.684765084301739
-0.0720751010510522,-0.688872371357839
-0.130033465272675,-0.571850637558034
-0.114438490454508,-0.637429382734567
-0.137901851327201,-0.626402819121572
-0.155984462296098,-0.583252117950187
-0.145735368409372,-0.632999455817225
-0.110739458933526,-0.548273422483049
-0.140426309620942,-0.533264591049762
-0.105264784601986,-0.557104775269048
-0.121088546320146,-0.493800468206709
-0.0879939784436864,-0.584110506028212
-0.140219517516285,-0.472534915544603
-0.0411587945949248,-0.45537765036357
0.00741694516346872,-0.419410257624923
-0.0195715566491588,-0.334558534650606
-0.0296018669509999,-0.218457115835537
0.0812153283151696,-0.183511542884165
0.0321873277552737,-0.276059781422732
-0.00937051874164952,-0.275876497243322
0.132782329530008,-0.161507717555806
0.0360333222519481,-0.188430074528619
0.151981283793983,-0.144138111049745
0.243338865046355,-0.0262955676655268
0.195351242816717,0.0682821214322687
0.180021454108228,0.113654703211715
0.142570592308326,0.282549545716706
0.250384357579512,0.0839537496030306
0.286858734233453,0.240886945584898
0.332939121282224,0.357440407462416
0.3511133675641,0.367178921678284
0.234936877511679,0.420444703752404
0.4054360600798,0.412533113216064
0.384570646503901,0.513235163360773
0.402809459822586,0.559359169671164
0.382931514965124,0.643024255529101
0.384197742432003,0.596402121348612
0.464652819433267,0.645018704361992
0.505279836956327,0.713456854038657
0.495560458239067,0.668517112125512
0.518246779614421,0.674443162503886
0.521422864389151,0.63058116525072
0.611074549201132,0.637752852161733
0.539695364532828,0.71132756985319
0.538012095519714,0.6255457678055
0.507195996824097,0.625522199542797
0.55673185025819,0.677341552041013
0.58935138090469,0.67214579387051
0.555922355817564,0.682023709313534
0.622150910952226,0.690174005124689
0.602289890666662,0.693971059628772
0.642065383033194,0.681842225252523
0.670509515731633,0.66521750562606
0.672652007103193,0.638322700607116
0.655445761119226,0.669385066319988
0.693503519956956,0.68880270105126
0.687171580882885,0.687275843301103
0.670451413053148,0.6931077771084
0.669580001648001,0.69273268939404
0.706282769883549,0.659579928183578
0.698861707617519,0.659597547912844
0.694211256800141,0.656779477324408
0.657096008148172,0.673525496718816
0.622558364584266,0.6942336167981
0.587465795245758,0.699144726385275
0.569791581738745,0.694792460999256
0.59471599324195,0.68393744865243
0.582585281137963,0.661760939454671
0.540797403860122,0.647255262228379
0.569715474170673,0.659810577847224
0.509406194062028,0.631509078097936
0.529168018898254,0.64870959557782
0.4474955143738,0.625831900302047
0.492903844054014,0.671114520907534
0.506538391432533,0.685676595153166
0.565470715982496,0.639914577503182
0.582639457440246,0.642295738134138
0.608391967328288,0.544085853810594
0.649939435949988,0.613776758253095
0.647480277319456,0.620376030509886
0.65132648711883,0.581321654769668
0.705424251308537,0.570993995645831
0.734932117943922,0.546455935356869
0.713421146299145,0.461666388697249
0.749647956932697,0.547021826898572
0.749550533404519,0.492135322985643
0.78257969102099,0.436722469452731
0.803695161130199,0.47357223812589
0.819420661916747,0.401202441624973
0.821319784973586,0.424654239920906
0.860453419357674,0.352699324795069
0.783092768204982,0.34641453794904
0.896031029007599,0.291804558240071
0.880039068335074,0.236288856374789
0.884703052986592,0.220066436721105
0.910766764238058,0.139557960254564
0.923676604170204,0.121155176676117
0.908821658299312,0.113718001010638
0.922669255826035,0.0729251609181244
0.931790317418497,0.0232245299467341
0.962510907072383,-0.0485501639809703
0.957875451850602,-0.0579575842475177
0.955319601883269,-0.0968587790122472
0.939568749536185,-0.139035890412893
0.938514199051869,-0.203932521317415
0.915858387202018,-0.230610230057899
0.909400782934014,-0.285660564480023
0.910990938198854,-0.300949105279088
0.898344251225371,-0.36874762797365
0.89581683545916,-0.387464567826612
0.870115203152772,-0.433610176022554
0.837288455416773,-0.462766388183417
0.832817592932227,-0.50581801995437
0.778643005107087,-0.56466327953361
0.773620967265871,-0.590013687238391
0.7264056455575,-0.619946219212409
0.670452271744679,-0.631479525481875
0.659586450373767,-0.667510646278402
0.672615778542179,-0.700075252481768
0.631709034487297,-0.667893244721452
0.586923054156022,-0.7393079291805
0.572585097681799,-0.72630362394344
0.535217915794052,-0.737570059969967
0.509237125623196,-0.733794574948836
0.547214127669129,-0.718212204670129
0.507439381699332,-0.704464998788163
0.48675492979313,-0.752398386313462
0.484977963989312,-0.688411667057448
0.521458570242683,-0.752294719898685
0.453952027854084,-0.659531668432693
0.501610234898917,-0.685498707011419
0.470644216185576,-0.624317771052117
0.482913554051404,-0.669087413775887
0.485781097855293,-0.631531382232873
0.523792589730604,-0.615237840490103
0.482047059236524,-0.708712369333131
0.489644542321099,-0.610734468272651
0.51789902552303,-0.626827286314696
0.50606906321297,-0.61874737086135
0.48377666221443,-0.563505832663682
0.433674726862215,-0.539097377898907
0.445922204202454,-0.4561645094592
0.43081885173645,-0.447514020189389
0.478219487705483,-0.447761349063626
0.518113729929939,-0.498698094172555
0.410416368351492,-0.461705550372873
0.431064883228972,-0.289991418679994
0.437918787144808,-0.349382553058702
0.5304665332804,-0.304812103508595
0.387745007806284,-0.314519794861141
0.467616603618912,-0.271702357655513
0.474710767196434,-0.218747942934118
0.516157303694662,-0.241750253942506
0.371831907851375,-0.181907205687464
0.505497573136702,-0.155971140056131
0.448070554425649,-0.0971179078858656
0.413855925381391,-0.0984455361952488
0.428698521994585,-0.0583056232215323
0.298917872622447,0.0463444328598226
0.230067203047859,0.106275695538052
0.373938393502219,0.0794797300430396
0.29766699404926,0.151053487460018
0.222689178226086,0.128373962172007
0.260032740017187,0.238421680510116
0.213684663768438,0.13686981551325
0.240048114507201,0.333222750825448
0.202706588093946,0.352082711532979
0.237586765207838,0.302852478538868
0.122275300919563,0.404455955732194
0.220912852002886,0.385575575769322
0.216731308023464,0.537362185584864
0.111904449790782,0.517725307541078
0.114320450102227,0.573785418170958
0.106499884353488,0.55455785589667
0.105597167397317,0.615479635945589
0.0905011807544995,0.57263882146209
0.0816361046184785,0.587209472288124
-0.00213795594291376,0.581605251730833
0.0367203482667411,0.661524116192649
-0.0179025834557976,0.664246954206326
-0.0222892114394362,0.684008366020492
-0.104119134588572,0.678165021667944
-0.0516147685534917,0.679176802344154
-0.130802156590785,0.658717713235223
-0.183307774698111,0.724664448376717
-0.123665785003948,0.617758606525296
-0.106464756783955,0.627483315956388
-0.183650640550301,0.687928081145676
-0.0794494833677382,0.602025947229943
-0.0869972569944848,0.621826268744025
-0.0453408113133797,0.562588011252066
-0.18118667883998,0.610751636750832
-0.133314266812837,0.649998550190176
-0.17661223205141,0.564908580057744
-0.116046339164861,0.54062867067206
-0.23388970568126,0.575296251442004
-0.181021552896415,0.503385019387987
-0.203276602812911,0.518931055120202
-0.2235337469429,0.590093250509457
-0.344763298119332,0.458140847994532
-0.303180892958487,0.441877823360352
-0.329698224525344,0.478192855741257
-0.326346263803496,0.319225723868823
-0.193745367812477,0.425064126924891
-0.207560929666137,0.33150823613457
-0.327691100654335,0.296344933056984
-0.292226591284629,0.236434940765281
-0.156339036183133,0.352405594098864
-0.221183920747927,0.334912036733659
-0.205199557049261,0.26086370228945
-0.304683140110039,0.205212505370173
-0.208255049442237,0.190451354201485
-0.166907384246561,0.130886556604076
-0.22736470115905,0.10958839720455
-0.162464741583223,0.118363163256317
-0.21840079488481,0.0871283542130994
-0.146590858652508,0.033475630637042
-0.286945064263511,0.211903834472061
-0.2113072256451,0.0725715516036036
-0.200049026079541,0.0762351687273146
-0.108427915871425,0.0705156572884313
-0.2251393840815,0.0483927090254865
-0.203379318803939,0.0251204162673515
-0.141119262806766,0.146433241303329
-0.145909620722214,0.0538176794076309
-0.139146451762583,0.061227523479664
-0.131224976950088,0.0418941839895649
-0.140713176754454,0.0331192299659732
-0.18542633546954,0.173152409492349
-0.120066403232189,-0.0111186443188889
-0.185912460824058,0.000488151785218357
-0.199195243183262,0.0156565332984852
-0.121643453056999,-0.0116225301389601
-0.157712162436972,0.0396563897419438
-0.123315944410952,0.06312473355515
-0.0701620731054275,-0.0184553357885757
-0.0638071187457698,-0.0258546906748716
-0.0275475112355992,0.00192063824872603
-0.144102738760297,0.0139532186994802
-0.127858960229944,0.030490690462842
0.0263773984059118,-0.062599323515932
-0.0649989288394015,-0.0300848762923801
-0.0663363061194938,-0.0239937763809355
0.0139682101778278,0.015439384231191
-0.0209982197614432,0.0233077671302256
0.0404925378202535,0.0515323913337406
-0.0320538482665641,0.0572150895997494
-0.0293627485933083,-0.0102101406297147
-0.0688347066785547,-0.00207338229835041
-0.0133241669906074,-0.0368317355631233
-0.0320776688551963,0.040644182929829
0.0540657473826892,-0.0637637544791812
0.0452142970590239,0.0483338038818205
0.153198020721918,0.11473447903977
-0.00238918693322322,0.0724666886960849
-5.9197409732793e-05,0.100284606442017
0.110541913318855,-0.00299155859517933
0.0404331041225402,0.119455984049409
-0.0494850547469351,0.10196587115551
0.0523428493904829,0.123005579441316
0.0967892418512498,0.151567394918038
0.0533641366244167,0.241857369221894
0.0974279937218916,0.208240936652977
0.130756833165648,0.0615242380674331
0.150651368029382,0.133002972786161
0.029688726752459,0.244428969299002
0.224906681567732,0.153992093112634
0.0407208292074631,0.117602831646263
0.259983938923308,0.156041123050877
0.228666963114662,0.190983371501031
0.194436179244008,0.224533286091279
0.192360466371964,0.141113363074985
0.161910591560154,0.0897730686669721
0.355884329163007,0.271922908354741
0.268084840199686,0.249892398543283
0.322408381225478,0.191671344326366
0.33716557177715,0.237992331312661
0.25647291015764,0.318288559914052
0.378097108499032,0.294366799799341
0.40906413189111,0.331357198309127
0.420775620429451,0.324391713588982
0.413236335803814,0.328773629638061
0.341184830108868,0.270196527042653
0.479310985470779,0.302161685500446
0.488108387444205,0.26163369018683
0.466287473610614,0.277078916394518
0.436657941347444,0.229175961265078
0.461521781933953,0.225861394685171
0.425728794122135,0.256956751224033
0.338456666096275,0.281619524696266
0.453917553715172,0.226691190040201
0.570885961717601,0.341815483620998
0.53854608838093,0.236825440905883
0.492271407577838,0.244292452451088
0.53733420919589,0.360130518486143
0.56817870102552,0.242546889190285
0.561430474714923,0.356558845457821
0.522875045599879,0.1930141169541
0.557019834849757,0.253225751285162
0.629589815347278,0.224067871734449
0.609067798877696,0.284396372232626
0.604807490877417,0.198168491355381
0.604107995776888,0.266447354845573
0.653208985644317,0.168105955792154
0.585592401145845,0.087727715044571
0.652562049586307,0.229797246161089
0.600723676237767,0.133203506180631
0.504432092242629,0.0313895711584161
0.675338795474406,0.0444856505322981
0.610930864777517,0.103775895967065
0.561573620136888,0.0652250149531401
0.657261031351331,0.0487219362228494
0.599413912352876,0.0818751190701845
0.647707515691651,0.0290288020581936
0.641825528983754,-0.017564093530755
0.668182603253936,-0.00324193934106161
0.577323806249762,0.032265112730095
0.664547904028162,-0.00609081598176018
0.614668541251795,-0.0511810321275967
0.679398230424166,0.0479605551391304
0.723859589510396,0.0236182943523264
0.559959670243548,0.057590026141553
0.70349124180523,-0.0196068892206475
0.615871239038964,-0.0869525642910507
0.615519911952032,-0.0666973689704153
0.68586311487784,-0.0484629045105585
0.481151297620215,-0.00973196427110079
0.481415639898135,-0.0458293715571427
0.496295450166976,0.0202945800569742
0.525259798590432,-0.00224361485162351
0.510899500047971,0.0199700576152811
0.448859729970112,-0.0443190565377542
0.453476274222309,-0.0290461890139878
0.427718476054288,-0.00238982691835732
0.361157831777045,0.059099137798762
0.171681292771669,0.113354369057691
0.289631978428777,0.23814805781391
0.106454586119423,0.303167354785605
0.268627366295473,0.453498595673796
0.0386026382127542,0.273319979829331
-0.0115065852780895,0.397574873679548
0.0643762479872814,0.420272050777573
-0.0316738949989914,0.532542934518717
0.0607546954357385,0.449070559803668
0.0760863552479659,0.555661651218512
-0.0169311748203633,0.49978558374002
-0.0522196301846079,0.586504171633989
-0.0930074581749417,0.651973039850665
-0.0743906102306975,0.576537205786615
-0.0680804515304692,0.55050643178617
-0.114804028763412,0.593654189393467
-0.197892482574118,0.589851175943669
-0.189878743032311,0.487469285643345
-0.257320393154384,0.542487031503576
-0.250147772652082,0.618728709450712
-0.29204545024027,0.614679805690971
-0.383911027147816,0.681738989323252
-0.380662205969079,0.652376866010222
-0.334698505675765,0.694816302709066
-0.461558524867479,0.639029586210847
-0.495293233951884,0.55540203798531
-0.501488922626215,0.689349493960965
-0.489514968313913,0.621678952812373
-0.512161264050871,0.666378492007725
-0.546039701626919,0.612431154967806
-0.571297434187112,0.59556616094035
-0.598075436413947,0.646661045110091
-0.612202906599491,0.632776621230641
-0.622035084152703,0.630860838810699
-0.590702360772026,0.686488490599674
-0.587488979186711,0.668515645309209
-0.563245069855632,0.699319826516072
-0.534727434365618,0.73038230883004
-0.497235243656658,0.746619900904886
-0.463055911819676,0.790513158247637
-0.451895531277561,0.792019087310645
-0.425470004294508,0.805396942993366
-0.427749560617395,0.826445321673596
-0.38769020238055,0.839098092200425
-0.335983103183866,0.818542550580645
-0.30895903395025,0.881628377139886
-0.282564210707358,0.847593390963443
-0.294047971681334,0.889682055876395
-0.230643341591946,0.941620426729032
-0.199877128374166,0.953253921424952
-0.247875519648417,0.912058545893218
-0.226009215934228,0.942815195102096
-0.13504330431524,0.899016366724685
-0.130372114659744,0.958800363525719
-0.111101533986336,0.963357920994429
-0.087384548244023,0.901967579006379
-0.118496051039685,0.962564546335162
-0.0740582815030826,0.900691293898792
-0.0977430202157191,0.929987681928556
-0.0372237590645194,0.959050165655539
-0.0981372288605904,0.947515992257597
-0.0454658971450807,0.9661045302672
-0.0601646356246735,0.9736635688492
-0.0175098196276434,0.979200268703811
0.0406418329547896,0.969804186687696
0.0275941911860999,0.940180643027328
0.0387928224476414,0.976159744497589
0.0357040794056047,0.972577417053094
0.0363375857113785,0.971996793173231
0.142947320275231,0.968372911540106
0.120550525954785,0.972593382995533
0.0960607809097588,0.937716344689071
0.0888680240874575,0.965700727661366
0.130682280218454,0.96522580978522
0.132698541778611,0.96936246502974
0.134112923388934,0.972118882212304
0.110846266674367,0.971135925982566
0.154497882470207,0.958790535152029
0.189465897726473,0.934815162253486
0.13101202485846,0.976228609476617
0.144302088063533,0.967313131919269
0.0570298048851345,0.949249310774415
0.058443414348147,0.955281282084397
0.137441616789674,0.939907874014852
0.0820467069302546,0.937908757241459
0.0931555153640413,0.893697543958957
0.0654360327550552,0.919544138263009
0.0383058679742678,0.926003577784524
-0.0162055366958081,0.948088998746675
0.0727214200659405,0.926822307312382
0.0163469416691832,0.926241483936354
-0.0463359545151194,0.945260985388267
-0.0593415030417474,0.935186706654093
-0.115944848447841,0.894502045722868
-0.111219074656887,0.904861473901986
-0.168011535373137,0.877313399762596
-0.183516705203129,0.892875899947907
-0.183037836058057,0.86662686573246
-0.219930808402169,0.894859569041028
-0.27286785014831,0.829771717343055
-0.326725292199935,0.813331003769929
-0.347337619761346,0.818101877931057
-0.404576079400094,0.820641082375813
-0.43512075775213,0.758592114861451
-0.451104339185292,0.806185085879483
-0.48247889822439,0.736620274286289
-0.515513829260917,0.776804731845284
-0.579888396101756,0.754570626369714
-0.63906850657255,0.685336763312756
-0.664231365962631,0.671463834753007
-0.690422539568377,0.643423120517348
-0.716262832748594,0.626058514856445
-0.741967921621701,0.58598484681933
-0.753920939609772,0.532241118488022
-0.758061241684027,0.548062325889841
-0.797270227871842,0.555154998319864
-0.819725405531995,0.494813569091286
-0.83441044160071,0.462625696724043
-0.862870339299436,0.393303941060201
-0.902391746415809,0.376668817159893
-0.916031943515975,0.343388585096093
-0.938766317067942,0.276628678312704
-0.951749058943897,0.253457624729894
-0.926090466069104,0.194088159108028
-0.939880685552821,0.161123502304174
-0.966186663373405,0.175317096262879
-0.978856986847988,0.138849955689247
-0.948292137825382,0.0975907113620985
-0.98534634932889,0.0947548141929871
-0.985358819023217,0.0823444163542499
-0.939619067498994,0.0431987336980062
-0.991650231216031,0.0260215999544883
-0.960997609664002,-0.0375015957945885
-0.989685772653028,-0.0166987867421713
-0.988472714161098,-0.029526162568661
-0.95831167065181,0.0154509019399578
-0.937918536470226,-0.0288881407745335
-0.984099771973411,-0.0353705550465273
-0.985754855896432,-0.0499857926133156
-0.977067009442578,-0.0411263829122392
-0.970418046770741,-0.125860184999427
-0.913093851852661,-0.0856042385444559
-0.875734116671523,-0.0997574166184802
-0.964771288783312,-0.16250229055489
-0.943636980234962,-0.182710040987791
-0.935103701104867,-0.143773593028736
-0.943855471706067,-0.134632688299944
-0.933965173100798,-0.131258835676357
-0.97315674636049,-0.147881480406735
-0.940201711245903,-0.137442974938903
-0.913720172285104,-0.159428644718262
-0.933416124059397,-0.147171948588351
-0.930635918804786,-0.196215031862847
-0.953017363919367,-0.176706098276174
-0.891026788073324,-0.216709738167718
-0.882745661061669,-0.163551126534887
-0.923309161840947,-0.199501795611491
-0.892090850015229,-0.140294580990244
-0.897376856267534,-0.141698914957955
-0.87566379574159,-0.174594258808883
-0.859836904816735,-0.110458667316835
-0.869756590585749,-0.147960238992637
-0.823674352680752,-0.204658300623694
-0.846323677007947,-0.118778391263811
-0.823844259537835,-0.156416661826145
-0.827315857333718,-0.140155112121866
-0.758948319696587,-0.170625944203696
-0.789099976981318,-0.154176870056567
-0.78416082792534,-0.132418200183473
-0.798452612698284,-0.115522943558652
-0.735609888958547,-0.145018314375644
-0.776145003863646,-0.0961582051061371
-0.736558331600256,-0.123327144370745
-0.789804378669736,-0.139024559283799
-0.794464660329823,-0.130373168795417
-0.6478592199734,-0.0517448646624766
-0.711484404377021,-0.0642394138269407
-0.661992696414112,-0.0925801103910454
-0.721894802968443,-0.142330939830126
-0.727778834024867,-0.072655407848207
-0.643606173091582,-0.0650062631237775
-0.664587991259137,0.0129042299463284
-0.733914651206187,0.00450211156015967
-0.669839155362912,-0.0434402890838717
-0.742432301529736,-0.0192948254443415
-0.739561742606299,-0.00565534105457392
-0.723982428716548,-0.0165098506412803
-0.666748996280128,0.109356928492499
-0.650202736578338,0.130990226595934
-0.721188401944561,0.157412342690178
-0.561078276645663,0.0658208915635607
-0.669095717915633,0.186960697784296
-0.651129422784274,0.1514429430227
-0.68167471288128,0.231225039570091
-0.649084840856956,0.256921357749142
-0.624962979762154,0.201615970726583
-0.527333769155674,0.281180433734866
-0.553760220680941,0.365424907921402
-0.622423615531857,0.307058128122993
-0.536764607919032,0.312581668315079
-0.543383979999874,0.379543137325158
-0.574864551078402,0.402256120421144
-0.499620861277198,0.307439481931457
-0.509918764472423,0.414643611261464
-0.438689630130934,0.387118463224416
-0.455434922357586,0.359721019086163
-0.463286114989514,0.498258209865677
-0.373841542611477,0.415811664024808
-0.39241326679148,0.462393168230074
-0.467717630260257,0.45896287660354
-0.408975399371616,0.535073094078639
-0.219674135783247,0.437640951765554
-0.351980338540238,0.486849012121746
-0.399129242959806,0.514912537446878
-0.29369584072642,0.528111388792469
-0.271574257743295,0.460233606928847
-0.334017548219245,0.512365403227497
-0.281473247264631,0.628387357844778
-0.2130283563244,0.492793448335375
-0.199810080720819,0.667498866964221
-0.176157162109075,0.589995803393167
-0.16134154521973,0.550853042461139
-0.0206934943390949,0.546271154982628
-0.119989878521195,0.574374853104177
-0.0404056233840069,0.528543912898217
-0.0538606013571453,0.524854536976043
-0.0428984266812953,0.603819547201059
0.1271856732737,0.574705118394688
0.00605396148954885,0.526634680026563
0.114871426922563,0.599907023726656
0.0899334172730499,0.55670579799079
0.128692507751801,0.482240928662307
0.225473433315196,0.422246650178589
0.186987322460248,0.453835896318004
0.243996453636832,0.335883098110781
0.334948893563127,0.378842654263886
0.303289541690562,0.396120217523921
0.392238354210755,0.377115856261776
0.383985953424284,0.310344682699597
0.500729247409831,0.411427591798362
0.461309720493548,0.368849682541366
0.449787715028801,0.426067324635387
0.498675608738943,0.358806727965883
0.521423514775496,0.319585966493228
0.604949057283226,0.329436795952949
0.606870383216303,0.28395599078216
0.599390768058194,0.388927756982457
0.598359599003871,0.347547587598384
0.535107637287306,0.307443701842321
0.571919087364702,0.307363488636041
0.620728275919823,0.256566464169928
0.657272220624476,0.27346292811174
0.521528312573578,0.28236219278299
0.654508375244787,0.305136966722977
0.629350447197927,0.267756310854534
0.612922525837581,0.240387373799446
0.569222119500958,0.196609179391878
0.729723618434379,0.177611558054516
0.613308911275478,0.169816788269241
0.747343175830349,0.131922765245427
0.675482439565513,0.190290054089242
0.688922815889532,0.15405311147054
0.807778373150606,0.166087541473103
0.746564482123596,0.0305874450583409
0.826646985552064,0.00337468831837949
0.837914938104087,-0.0491734443412573
0.842722311111849,-0.0668211973805692
0.845539448493639,-0.029928238943121
0.814419638541114,-0.0470295706657043
0.865455461877994,0.00152209662934407
0.853096278066399,-0.064157563564601
0.873239357738789,-0.116724045464027
0.862799842562703,-0.0598750606077111
0.871978399187535,-0.0863306166173505
0.858400037051598,-0.113417130520354
0.86447955374304,-0.104964461069298
0.850621790823992,-0.197954522415369
0.825192522246395,-0.193703430828132
0.878141208166035,-0.226854654742289
0.840384095190912,-0.169493235106985
0.857054990182289,-0.240471614483965
0.881609794446623,-0.247739876528479
0.869779946094497,-0.195451961327534
0.897764002510574,-0.268396170172836
0.902308669925632,-0.293788999122801
0.914372547512068,-0.287861777554853
0.918574048611567,-0.316219420136857
0.923645964259832,-0.318080253344046
0.91959584118038,-0.333578195126649
0.908231420204586,-0.344825693883263
0.908969065391476,-0.358699119781027
0.903268705494006,-0.378332845316725
0.896460784844691,-0.383108279001945
0.884274719359903,-0.404925119050686
0.877812932841421,-0.404349312013649
0.882013721183577,-0.408723006450107
0.817549312425837,-0.408654528653845
0.848019615144877,-0.478451519898296
0.792351856613954,-0.467879475607893
0.766337410466116,-0.519248151596811
0.829174131300127,-0.519369161160401
0.767488336387453,-0.514380774215289
0.811361236805995,-0.499701440477545
0.8003612703405,-0.57998523023037
0.785903243950569,-0.518476511091171
0.775586983758191,-0.604519926820992
0.778866499671738,-0.600794163563383
0.784700011469514,-0.577850224930152
0.791607160806847,-0.572286420359692
0.715878275968592,-0.50404671555312
0.766286707761311,-0.614935468710951
0.765790032660901,-0.562412574788999
0.760091589449489,-0.618761231984906
0.783146573558328,-0.585858877474909
0.782910395808758,-0.549285079301593
0.799801285745311,-0.535076383796704
0.782275041602944,-0.540356110320394
0.778027418063795,-0.563236168093973
0.809284574484879,-0.542571864766963
0.791642022490067,-0.541468864028843
0.773794747711535,-0.548906555161229
0.772306558243125,-0.56292939997047
0.776969481012967,-0.55681393941553
0.779637685736905,-0.487061561667042
0.761208939613166,-0.536050026944989
0.737475581801343,-0.536496494741432
0.760684822033437,-0.508384510328934
0.731307601300263,-0.502615550078977
0.736473992689967,-0.475146801206794
0.652502092072941,-0.510220236297793
0.756939464955784,-0.535320711068912
0.716925167011328,-0.469833276360185
0.722925364050477,-0.522355732848622
0.612522917489052,-0.429177297982926
0.706178693115095,-0.521250056924475
0.691152392985486,-0.518359860833522
0.600951130189833,-0.460196083043086
0.597164127787173,-0.505083120915203
0.672484460415481,-0.519133063185378
0.530688989273871,-0.556154210979339
0.568886817977322,-0.461327862670875
0.586597737825736,-0.508718461136386
0.457969942784961,-0.551324593657591
0.443012539697725,-0.484367436773361
0.435881045366124,-0.543484172724058
0.425082320557616,-0.44214107990849
0.39934682935806,-0.473111684092448
0.304025248703716,-0.418619067501405
0.380396089488866,-0.460440876948114
0.308375914308085,-0.584793465491361
0.340208841684036,-0.529934199676934
0.315565721918085,-0.492998252454441
0.322423128056744,-0.525875895203988
0.261581411830811,-0.599997746773836
0.278227185370715,-0.49214744981404
0.317092528613143,-0.505032778507796
0.253386197723207,-0.586300597205464
0.29021942205888,-0.588660842013473
0.252409102951756,-0.629720340782624
0.260841836250464,-0.447822343767138
0.28736943649131,-0.55816881755763
0.274615778408153,-0.582869245049063
0.277980620375709,-0.601102657564093
0.267425459163609,-0.462702258502523
0.221079770434348,-0.609801894716894
0.143438912697466,-0.588133322620456
0.233969087039205,-0.556949716042982
0.284785518814585,-0.517403198723779
0.151367835932744,-0.535515722774123
0.221276866358096,-0.6319228306038
0.163656521949149,-0.526275672621044
0.121256117654673,-0.536987573540788
0.132380620793592,-0.621269288579945
0.170784670012927,-0.543633741804881
0.1532504520847,-0.570277620764111
0.173195997063789,-0.618648482103806
0.14339119057528,-0.622553792223706
0.147425861394723,-0.637089812034319
0.0934157127554402,-0.563430589438195
0.118655554964167,-0.628511706153434
0.120798984566068,-0.486787136089869
0.0506610796948376,-0.573800664358676
0.155757667590722,-0.439105588501358
0.0841199734558715,-0.545801415390209
0.224307542758185,-0.394854420141867
0.156404910145262,-0.476553232909098
0.189117543966187,-0.444264544912088
0.103082569176295,-0.452164431945324
0.0377388776169541,-0.304259583709854
0.111698522029251,-0.309664455525279
0.0746933027312447,-0.273982100827806
0.0325908185196189,-0.238429093994683
0.120286317441306,-0.146167236837751
-0.00938560097349508,-0.175429108263663
0.0730878810028757,-0.167221643323006
0.0108422113348763,-0.168496777378758
0.00998745256903759,-0.130101552701855
0.0033248591335529,-0.0843540575895584
0.00420938997176887,-0.0530830526504373
-0.0623348419975801,-0.00352706874503326
-0.114596057904849,0.034160514488843
-0.0890144674035393,0.0723529049745909
-0.0625388129667926,-0.0503245962392471
-0.108998697685958,0.11371125029301
-0.134354112404718,0.0811369952022472
-0.151311086095836,-0.0884576311912679
-0.126239536444317,0.168171378285878
-0.0990556677224927,0.103112104435843
-0.19351061179639,0.0793252378423999
-0.162205987607175,0.290674642120484
-0.0776231194276161,0.112821435710613
-0.200822001658547,0.20369116785485
-0.225439423983815,0.273382778244208
-0.301300333424658,0.213841705023938
-0.152523494017254,0.231485612862158
-0.246512457044771,0.270539491387092
-0.248211232311661,0.323791695640056
-0.322981852028595,0.281865647995489
-0.283394835861539,0.27858280125377
-0.346810984029492,0.359001128415333
-0.350345594644371,0.411523151669149
-0.521333451760648,0.573579029466371
-0.483591977773685,0.608839193347556
-0.549354645188909,0.514227495141585
-0.611887515413073,0.61379569617414
-0.669056248192584,0.578179687550294
-0.704323400014441,0.609251288044799
-0.691615141760812,0.63861072774847
-0.703567892612954,0.597219251934185
-0.642422399703839,0.624105499211555
-0.679778486447874,0.668196662189825
-0.710560949944486,0.672340842868899
-0.730560389851686,0.655332404792163
-0.732605881966171,0.656237493716039
-0.697602211017304,0.639839655685925
-0.687041020805898,0.660868939092319
-0.720507102147906,0.652304682455774
-0.723833143293017,0.608229369552147
-0.729243556165545,0.611658121825551
-0.720319759840003,0.620990508869645
-0.69767925514619,0.642155639552015
-0.706720040881224,0.668195931015081
-0.719766347616666,0.642540040833728
-0.707976070327284,0.589122746482262
-0.730938873910618,0.638116503318793
-0.758664087533999,0.605146592316299
-0.74811753407053,0.627335389492359
-0.708643053943416,0.539914090904421
-0.771926826658369,0.559083183963349
-0.806836219532101,0.549374865707662
-0.77894029248864,0.532024275770178
-0.787014793178677,0.570221124293679
-0.770684479517336,0.530290373967586
-0.820287581970053,0.527000589957497
-0.807427025126819,0.539595701742548
-0.809460189257298,0.543643726398898
-0.816805116621161,0.525154158685077
-0.775484908354588,0.504095199100798
-0.80314786615166,0.478766576338013
-0.811099090915896,0.460016243974489
-0.843049599945434,0.483734400554953
-0.851095578232829,0.441634592782519
-0.851407998578049,0.424556035796856
-0.856976315635054,0.43672508711869
-0.855608829910061,0.418675799669967
-0.828163172355387,0.41468283746325
-0.849799650613837,0.394788666036747
-0.879272910449408,0.399572881515601
-0.884184724646017,0.346356072154716
-0.886300965959414,0.329276935171461
-0.88519310348375,0.341568862786295
-0.865260803154646,0.258128966228615
-0.845033702855839,0.219238031828732
-0.922855442066789,0.27671406999084
-0.924188243539822,0.20959606235462
-0.907270610864235,0.23792948718317
-0.897370742100476,0.203447022391751
-0.906336730284049,0.17941941835266
-0.891595929986397,0.143395847533409
-0.898994494195271,0.182831835741473
-0.840058494333417,0.157213506524391
-0.836576669013521,0.205579309802066
-0.86098361522453,0.185453488698452
-0.92128967541944,0.133488462349874
-0.94527328683302,0.097727341248627
-0.90374961578984,0.119912836260517
-0.854417207082865,0.110124401597123
-0.932461761457086,0.105793904591133
-0.855929874436893,0.0781121131405001
-0.804475260939023,0.12952427798695
-0.85095713679418,0.0316941628132757
-0.920850649672608,0.0659418354779155
-0.819980534409093,0.0590194819659886
-0.903185952709399,0.000273927294235076
-0.838462973463223,0.0329853103588976
-0.727906972114807,0.0613161194396089
-0.732865697862123,-0.0391331339058163
-0.892769488730333,0.0664221989995272
-0.881771216243223,-0.0261261359651815
-0.84110681293915,0.0255669716716058
-0.89023885257366,-0.0394697641158473
-0.863733584516784,0.0860012888374592
-0.839950035636494,-0.019621525520044
-0.823413188570101,-0.0073004013262007
-0.742561496075924,-0.00526224008324406
-0.762211120902642,-0.0369304053751369
-0.86939976007884,0.0100085442719075
-0.812071988547465,-0.0503201748805034
-0.784869083747595,-0.0853825792848475
-0.759649921767944,-0.0339005680823387
-0.834226632664607,0.018312953619801
-0.694547266780183,-0.0713905855459319
-0.810099684519474,-0.0587859045415898
-0.733778277164021,-0.0882702141978988
-0.746697665000693,-0.115038039930663
-0.762976639836449,-0.036889235079697
-0.699230378233739,-0.111686938361578
-0.690303469154467,-0.067434835828693
-0.710875359199951,-0.115277179925434
-0.662539188929792,-0.108486077389379
-0.705762020949501,-0.131309323791143
-0.686341247090729,-0.120323071495078
-0.601414580376035,-0.189435251412868
-0.588637157601613,-0.0933709672473413
-0.662543613938865,-0.165191002624144
-0.571654959544677,-0.13729725064965
-0.633196308761246,-0.154613335795604
-0.619503732697032,-0.194934548398872
-0.707777098530848,-0.068852748874186
-0.547629977490243,-0.13677525468396
-0.640523599116304,-0.182177044317776
-0.563895975583504,-0.189725357054063
-0.642482922749999,-0.206091523099739
-0.670578271803051,-0.34478440290803
-0.666738044617001,-0.213012632485565
-0.644239269000867,-0.272022556754316
-0.667147968090818,-0.356640573513159
-0.707933849566931,-0.377408990236581
-0.689795220107955,-0.35728587382592
-0.597700856889511,-0.432090124806822
-0.72829435798444,-0.504603042147655
-0.572579258271774,-0.432206149263063
-0.569318935583525,-0.475621559793166
-0.5134369511271,-0.563721104587541
-0.517992181453847,-0.515727532298519
-0.548495913436691,-0.579395053993677
-0.516591703137165,-0.61536474857086
-0.543564539417611,-0.60761827625809
-0.425375137692046,-0.613785970713467
-0.402145314083787,-0.628824954444901
-0.388947219155621,-0.640368486937536
-0.334992599126097,-0.72263875161395
-0.355311631691633,-0.755781934764317
-0.330074646314975,-0.749727234181105
-0.25370741595334,-0.771294748905964
-0.284811120729978,-0.846314617684645
-0.261640040109403,-0.839716471420808
-0.292463360233229,-0.86394433277903
-0.255060756462105,-0.854646987763485
-0.24915495230068,-0.880662185222834
-0.265367892749955,-0.847716374754747
-0.293399893717872,-0.888701465153069
-0.255594664628308,-0.871291006297377
-0.32187188539385,-0.895120160988801
-0.290931566830681,-0.877022356965081
-0.331021469791267,-0.894925272945449
-0.357485284605276,-0.881326601529701
-0.363240559557889,-0.87544567638901
-0.36262439660559,-0.889723362294939
-0.389798252191974,-0.890378964035374
-0.370191191509171,-0.86372238737312
-0.397369094017752,-0.883980826968426
-0.365453141446397,-0.886097752548181
-0.409947383307951,-0.881406666744398
-0.371419450867825,-0.910277133755351
-0.389853793533733,-0.907171236365424
-0.38889881567982,-0.903312272910543
-0.418502651276697,-0.894668349852446
-0.392745617349637,-0.910482873338463
-0.404365757055103,-0.90791886588488
-0.418474951827876,-0.896426232681142
-0.416459395174473,-0.866871385492796
-0.442653670418828,-0.869365697430327
-0.397478246855172,-0.904175470218117
-0.373934433101153,-0.917462481329122
-0.362444131947443,-0.921826000328687
-0.349836997471261,-0.92365748691568
-0.322430575912493,-0.933723306836192
-0.284231553754794,-0.93919522197497
-0.308312646265164,-0.939267732569439
-0.273297680711688,-0.949472988284117
-0.272708706679158,-0.950536948716744
-0.235577940154994,-0.926471096457427
-0.209817745626035,-0.966096280382545
-0.174313973265098,-0.97208833732827
-0.198122278549366,-0.967071755859827
-0.159803786168231,-0.938230290162596
-0.124866811237285,-0.978305673535287
-0.129947430416287,-0.97730819132519
-0.101534830169963,-0.984268810202017
-0.084174037555535,-0.980667340643084
-0.0806584289430105,-0.979443886318712
-0.06798042910938,-0.907457375869956
-0.0640610383137589,-0.916709723599132
-0.0737287701395063,-0.977805807803396
-0.0582012011125586,-0.982852531486609
-0.0548002705627824,-0.971997605328652
-0.0208104598867747,-0.978490008305595
-0.0163988261021444,-0.969196340199892
-0.0679677163054594,-0.958788783903636
-0.00676965451719277,-0.941768423752805
0.00502508763443667,-0.944484160331008
0.0191265825413908,-0.947202157419397
0.123293307894123,-0.961259963161244
0.151935026151469,-0.912211752034743
0.118317142460136,-0.883587647953984
0.140692712907479,-0.908389703081845
0.223663834971806,-0.91303307649237
0.194467754984887,-0.89634915430933
0.193547847786822,-0.832590704971537
0.263271335850189,-0.880687432350794
0.231316977457101,-0.845516507901707
0.200229327712606,-0.848689178638689
0.386406277629086,-0.805177369050245
0.321469964699605,-0.84394675712305
0.350281719988704,-0.792697619812392
0.368275219578331,-0.796426084906218
0.371836382689342,-0.789909743771377
0.40294803311196,-0.79327174340914
0.388932788984214,-0.718403762784312
0.423775674491435,-0.726389616277328
0.468017607620429,-0.728108540792044
0.436427072795957,-0.702866371334204
0.399615584249947,-0.697551475290428
0.455129916380314,-0.69194577351555
0.457734434328715,-0.703845887730251
0.458925623903528,-0.659025722352042
0.429524984928598,-0.651573170642143
0.3882306796808,-0.722367904895731
0.441249933307772,-0.636101630636332
0.316883065141704,-0.669228256730544
0.385949162736816,-0.723010900417994
0.461972803748574,-0.659835273586726
0.416095851279871,-0.619439030069977
0.404261841718405,-0.603404262387849
0.456322526690635,-0.63636996511459
0.444958246616878,-0.680077590767095
0.415984583504775,-0.612702634841925
0.495889280805123,-0.519409309961599
0.389324310734048,-0.515852111307095
0.499124245606511,-0.483316398471062
0.507695773346998,-0.405310233792441
0.488645161999939,-0.407093580466044
0.488454738385404,-0.379416064360393
0.43515114116572,-0.332626415897512
0.474198240095666,-0.322682749863681
0.597722163122833,-0.292668743041341
0.555287832290632,-0.32314350959714
0.550990936464055,-0.317318879221444
0.638255350081969,-0.189009699553086
0.535620269677227,-0.18062319627085
0.557378257918274,-0.1710934459408
0.565345895607398,-0.151813752407341
0.613673907908688,-0.103593369829475
0.551851664980012,0.0336476982620805
0.522909892461077,0.016427951898821
0.535477189600388,0.0413592647387302
0.569335771083248,0.0819959799308316
0.565438408736905,0.077178764269089
0.447142232958224,0.119033067736271
0.612394648729311,0.086982840570152
0.539814476932524,0.154917418196597
0.552708411614508,0.21931500252055
0.542700381264682,0.251069159336618
0.456850450035431,0.262228000299778
0.449138981808583,0.323102951886811
0.4273293444584,0.327855175786055
0.340467560981786,0.370328258254259
0.392749158563764,0.347985415883676
0.411818380848561,0.406198605801421
0.319440757817121,0.484644976126848
0.299417732443349,0.440159560607906
0.249284513909025,0.426037645505824
0.218116640112787,0.570963254427754
0.164753527742483,0.51531934697033
0.121863915148028,0.461422424828607
0.0924974569908227,0.540258239796137
0.154008808259864,0.54722061182486
-0.021231042818065,0.611494737046747
0.0638870282256228,0.624110979323639
-0.0274853835790033,0.618208919034886
-0.0190618345919508,0.618776719421574
-0.011046427084802,0.646354501954808
-0.0797219166751933,0.695997175324276
-0.0541566982826321,0.68542154595172
-0.118751469790978,0.705747444464972
-0.104308290374126,0.657008865141504
-0.131605837515565,0.743263077673599
-0.259743994876398,0.764833689357282
-0.211049115472896,0.696633459006385
-0.280560064184915,0.734367978793627
-0.258441334409177,0.740761407229651
-0.427103461797854,0.660119406906142
-0.377953795332817,0.763473033739114
-0.348355098112722,0.748269243823273
-0.374166050816549,0.71779774044841
-0.387472913847151,0.705784992064957
-0.433526091252684,0.705684539144767
-0.412969940943813,0.728603699677305
-0.487808973606391,0.7472727845279
-0.503910003318899,0.686833838807678
-0.549708882355003,0.753868522681654
-0.503048205273879,0.723309674164246
-0.573945865830687,0.695326743648869
-0.590540814757716,0.653526040123969
-0.672264956806884,0.630919582129951
-0.691034170299396,0.634470401988113
-0.724318901740371,0.57838519517576
-0.721546525303736,0.575410858421127
-0.740196443358352,0.520668700115086
-0.757824852370708,0.532153632068302
-0.753530226160375,0.519316554439467
-0.798549255751687,0.451299329118859
-0.808470968397079,0.432909493618321
-0.794806142770824,0.453332767180714
-0.785951845306117,0.458837524333518
-0.791421745059311,0.451017894390664
-0.820301576679098,0.410253855004315
-0.795022767722982,0.377178579352791
-0.860382701027174,0.355161835729177
-0.859846479341698,0.322726679357171
-0.869974551169102,0.362431375050197
-0.871747518089331,0.306456885085736
-0.868254281817009,0.255224126175747
-0.90085518555143,0.262365823185668
-0.863727580712839,0.22431324030062
-0.912987925507281,0.261062154939596
-0.87444738636087,0.210528676301516
-0.904661790609071,0.211110398118657
-0.909597627943009,0.155263559161437
-0.914798778732612,0.189976600710389
-0.913535903172717,0.170660827604203
-0.912419468742092,0.156726122519794
-0.922919764631719,0.154239094368287
-0.920781583322595,0.169660819911623
-0.885848060166379,0.123137426099988
-0.941833358821204,0.0895819504798328
-0.898103443768082,0.118412002018997
-0.881471766628064,0.0875550033541813
-0.902954366418108,0.0703062320398637
-0.813329909176294,0.0666484206153838
-0.912953410067875,0.0336474355515255
-0.89485223960582,0.00800961629123391
-0.907122650866635,-0.0411440361451409
-0.849505783503784,0.0343686816322406
-0.768555897510327,-0.0745118054363688
-0.862166075876798,-0.000765155879323886
-0.846211536063928,0.0224477369951349
-0.852186062152015,0.0367975603663208
-0.81112477984903,0.0377444009010113
-0.805004267897292,-0.0365082961806547
-0.793603966581984,0.0635183685838246
-0.774160495188131,-0.0120277891038943
-0.863858618403462,-0.0557621900642679
-0.83643364260945,0.0461497074839295
-0.789405341888545,0.0111597413286661
-0.812345404246466,-0.00572593616987149
-0.763258773625785,-0.00409329494296381
-0.840484166452714,0.0677039178058715
-0.738034394353513,-0.00379094762122098
-0.793931070457805,-0.00960724413355404
-0.732215154331278,0.0308169662196677
-0.778957917765166,0.106291632763386
-0.785324560565309,0.0813981818761229
-0.726574005200959,-0.0331830663171868
-0.795542840341052,0.0250212055267165
-0.676266409859138,-0.00251595989802203
-0.72217215904386,0.0850086552489397
-0.723575713189696,0.0220714408925996
-0.628359276239717,0.0559072555720447
-0.660331123044897,-0.0369249547716988
-0.63569671485245,-0.00364473804309649
-0.660825790201255,0.0430254798348277
-0.606508895695315,-0.0292373986334136
-0.554164259329457,-0.0790049030254311
-0.568989559666976,-0.0177529815984067
-0.656385031232525,0.023865195798276
-0.599294919583497,0.00978541811163525
-0.537605620293516,0.0477254592303866
-0.598616315391568,-0.0258650750328034
-0.62997719549639,0.0380994665415534
-0.542284397807003,-0.023989529034141
-0.646775105745303,-0.0959834683479718
-0.520221339401633,-0.0380144082669148
-0.55888556778908,-0.0809220250381189
-0.525136247002446,0.00472226913923145
-0.476367084942513,0.0393799805022191
-0.523762694996484,0.0156318925211383
-0.537110278627278,0.0579647920321104
-0.52345207286936,0.156776483840813
-0.412741576684548,0.111830081278694
-0.352385104084641,0.0720510565554634
-0.43662524128558,0.194583981852578
-0.41023265045083,0.150890491228729
-0.308894141353985,0.171177293457568
-0.302637915606133,0.182541275518339
-0.354944242174214,0.265160717256664
-0.316702370790614,0.175907988530652
-0.265836030177595,0.233563947637377
-0.236401275383724,0.25505437920608
-0.160101499504404,0.3483841449714
-0.245794306073585,0.274660317103713
-0.0310734606274703,0.361158621778838
-0.0203690103577166,0.428083491577467
-0.0500170006490021,0.396700748716043
-0.0698763440190133,0.45529321761765
0.115492651939234,0.475910013917585
0.0863184230691889,0.591403069641466
0.104197941775734,0.544623613578944
0.177518267029822,0.544814863906017
0.140153767277444,0.578978843396862
0.211715062116694,0.581076888346302
0.220987053895172,0.514988651847036
0.182705895333412,0.695612941560658
0.307442709236659,0.635543423318284
0.259393505422272,0.617102106169324
0.287092002166822,0.681261823084912
0.319212154315627,0.617583531547136
0.323606752182582,0.61823597178011
0.497565740619175,0.660865542590679
0.44557588213471,0.639264785333414
0.469446634302799,0.628859901895912
0.479547537969221,0.555063001246145
0.536335935101616,0.620060966568765
0.544008879452201,0.577889451669719
0.527714576555097,0.63554933217624
0.563067192338013,0.577508893464381
0.576552592848553,0.585072499627466
0.532430600474581,0.572293936752373
0.559237790225916,0.576847420824719
0.56391013953495,0.55951373323127
0.583143366617535,0.496080665794483
0.564565679916685,0.544747876841151
0.569098507209494,0.484937498940159
0.575470099334669,0.504217917675998
0.585566083401923,0.535372749408698
0.619038905439766,0.445358983677767
0.583199466869867,0.50437607783455
0.516591099478785,0.477076773767465
0.548281885583708,0.439359721223774
0.56232825431026,0.467321293602572
0.600568875295111,0.385562187238662
0.592305567622791,0.369939716812968
0.611790619318606,0.379586588645212
0.645950687611085,0.455332850706351
0.605317659244992,0.418508012401963
0.638388841846672,0.33256544062064
0.619159802175315,0.37305793393089
0.651032299342758,0.372911237274963
0.729409336688938,0.299831262011405
0.631850239390899,0.399774935473966
0.723052265463367,0.437787738575227
0.741604682649779,0.433918321781486
0.732706528296876,0.453540069924399
0.748475787998619,0.390524240313264
0.740195431951117,0.446122137719883
0.784643803489634,0.380904529837744
0.774526052676066,0.443583012696692
0.76663696184379,0.488855520422374
0.798447948718345,0.477142205727299
0.769649364917179,0.500832698555223
0.776795015823024,0.512159827332195
0.733622512936376,0.550761247119776
0.7312952431134,0.564849534656035
0.717144148131791,0.569178969531051
0.701997168489831,0.593349979971619
0.71765475491435,0.599919814894774
0.640709388015983,0.609875227316328
0.622734304629035,0.646001068182101
0.603641907209136,0.682444116579326
0.516995989492143,0.719553630141597
0.489945407204969,0.747347336933694
0.451409840388348,0.729033324406169
0.426217389695646,0.793897918104685
0.361888572736845,0.819140902881583
0.342730611364513,0.842403023395338
0.332454627998706,0.848730786671486
0.254264063190131,0.841987294504475
0.254420879514069,0.850116972203272
0.185524322166437,0.844928280278732
0.133217408773283,0.892377964894082
0.157173087092885,0.88456071896621
0.0790311406551476,0.909504691006984
0.040696416813448,0.916517515451416
-0.00600673964847907,0.913890291934569
0.00740396212594372,0.904126833778093
-0.0482220628052524,0.914025101920976
-0.0661795508648787,0.907528803502984
-0.0555470633785748,0.920892141297967
-0.135844605009929,0.910576585657182
-0.156122993043066,0.910837503426324
-0.171634179627964,0.920523016020521
-0.196943716298778,0.907741039620822
-0.200682882650576,0.908423784574317
-0.220410937112348,0.912120969596539
-0.258259156540764,0.910245039831291
-0.320754875601134,0.890287863616593
-0.366769634810835,0.884050071004305
-0.352941613688603,0.896682418371733
-0.388491287558373,0.887340774176565
-0.43699941447961,0.85870377770077
-0.451295669895137,0.861969678942118
-0.435902881771499,0.82211195062921
-0.510296724957003,0.824887341108705
-0.514417487467351,0.783656711096155
-0.535854846151098,0.803453690640215
-0.540783671124474,0.787683996461237
-0.551097824260213,0.77146146022839
-0.595649087200794,0.765435281161982
-0.531852554737583,0.736771168843579
-0.574452304238814,0.759611159758053
-0.559797011441828,0.715718683897597
-0.566058939772144,0.707168409901793
-0.593629917407464,0.669122408487507
-0.506701223500411,0.603979967041727
-0.569967373822819,0.604603051624012
-0.469547774358925,0.608667513918779
-0.588948473413143,0.51706192054897
-0.566936782036931,0.557645583693585
-0.518770306532058,0.465899545833492
-0.466219421688544,0.486129377446362
-0.55331179230627,0.464240832437615
-0.477476464312568,0.419596947574253
-0.495822835216356,0.423676915575464
-0.292909841861592,0.355056513801357
-0.462708894055225,0.389676249256443
-0.34962830146856,0.430959500993395
-0.399218393422301,0.406314184083478
-0.419448878498355,0.436492042803288
-0.401792909093659,0.41549615515527
-0.360652702237295,0.372135909992526
-0.312908953359183,0.430964768030523
-0.367403487213464,0.448886175184971
-0.321461830196906,0.455232665718024
-0.311814017357295,0.364280766375546
-0.211255115593058,0.284757724376634
-0.248309262936862,0.408614556266538
-0.342901749525484,0.323832195352542
-0.150354278311765,0.372092885174189
-0.204130669965715,0.372886112321755
-0.216516461420379,0.418551657309946
-0.156337081085627,0.306400648097182
-0.17376845215527,0.348869783063606
-0.149000996999654,0.34260149992535
-0.164964969111187,0.367932440873677
-0.102991458922037,0.403616231464198
-0.25125069477424,0.343655113011183
-0.204402727747925,0.293145229462989
-0.0992256266408334,0.276424711589563
-0.0850222718844289,0.420430677352934
-0.0361025219773842,0.353330601417687
-0.0275348535089476,0.317808575409526
0.0138206879373837,0.341653201217819
0.00690810016860168,0.312822676305723
0.0360295544001805,0.275506573306962
0.0663958388553417,0.346054521833939
-0.0346886306598091,0.361371861176528
0.188524002221142,0.303856021620327
-0.0346305753304311,0.246318991479436
0.278921021656652,0.217622403968443
0.175592626208788,0.123413104173783
0.308354452631437,0.239014986252027
0.31118350916124,0.114865151145647
0.368162723150764,0.10955721112322
0.435516414986637,0.189830692124894
0.37142885261448,0.139735057404898
0.374867404658133,0.0981004150181519
0.490539443274713,0.0876428734659454
0.450998737797925,0.0384162991538612
0.525242058047018,0.0964901475147603
0.535046908197934,0.0698117927460219
0.601769228145521,0.0295876806679089
0.564217004198272,0.0831646762139951
0.634329834433962,-0.0657267023635494
0.718464768376616,-0.00971823608062674
0.756170210890815,-0.0198001691959572
0.806200776128255,0.0343472307642615
0.828685586149378,-0.00598123989926621
0.869641756749398,0.0398025744703625
0.9007960483671,-0.0259309317334739
0.910323483327968,0.016332843651971
0.902034455410759,-0.00885281014268516
0.939561222583929,0.00329309252158231
0.967924235419819,0.00442277738001516
0.972336477463506,-0.00318529507216243
0.932645298200277,0.00776802514794174
0.985390082335003,0.0288689232584392
0.98621285300391,0.00235258059516769
0.987468207707679,0.0110064075502224
0.985292624227719,0.00481544128446727
0.982917817854848,0.0442979863425146
0.980778428446243,0.0618809489652446
0.974265951963173,0.0777867464048905
0.981274366234602,0.0802985656928903
0.925437925299185,0.0897008392674607
0.921477916867934,0.0967241161058759
0.963925507303749,0.194703710302327
0.973484200116269,0.189078026351539
0.962466880426343,0.214575581165465
0.931101181001246,0.188732963749502
0.930074877322414,0.276832134508386
0.932525558447927,0.264441709192869
0.939778501172636,0.263087549608212
0.936687597359216,0.254203704612831
0.944435015964864,0.281272218690586
0.930041082650339,0.269667051941145
0.902732315920623,0.298735835047314
0.887980461379988,0.362672282219564
0.871719124139921,0.295303907108029
0.834828883686186,0.394673593804169
0.780172515919137,0.381088739823916
0.864809036041013,0.43692241643376
0.787762469367933,0.457119054795001
0.81908341132631,0.46334196735129
0.845699687484089,0.412620038811818
0.849152554215144,0.451847499553345
0.847525932165089,0.439944228786631
0.787853833933041,0.489348565657829
0.823976022437674,0.4883137445965
0.806502082846142,0.504276283860523
0.806983717303501,0.507501291391621
0.810716895184415,0.508039952622198
0.84916374072795,0.439270270623063
0.800512524085701,0.516059397856089
0.786799021198073,0.540292198970158
0.771207549827519,0.487220895894473
0.696714922357282,0.525354059885642
0.736933289182386,0.443809436240378
0.710047878717175,0.481045674415088
0.643050551182582,0.539840897585003
0.672203069791445,0.496768200953118
0.668419387760677,0.399292209826747
0.639016929196549,0.431145733796285
0.670550982142824,0.467228637568057
0.64489006951512,0.386757717029159
0.623009938213708,0.440625279468679
0.69322373981393,0.38206034908066
0.645102226874888,0.328124600737726
0.6410295440436,0.26167862704934
0.665464373648603,0.135053287245957
0.610921599086,0.222209921870884
0.650233361475722,0.0475025611584564
0.675677182315272,0.10971596093765
0.674699990264604,0.0335051038199017
0.615065169378482,-0.0318527949995455
0.689059505459665,-0.04926878229775
0.658824386924357,-0.1591337957863
0.703719104492331,-0.0986141160298522
0.710801557794967,-0.202349548993167
0.716755568589408,-0.18278424342628
0.663551365381039,-0.246334500757986
0.70077329528349,-0.348126812232899
0.657923103848082,-0.386372588163792
0.711308206584865,-0.378502682866449
0.68553970440018,-0.413249784560299
0.670154230604954,-0.480908576112747
0.649790466202816,-0.496447479193712
0.609390245202768,-0.565353663177526
0.636756937275788,-0.594525973313805
0.645218603123579,-0.641470123799229
0.577738247879866,-0.651767776168787
0.586351396726262,-0.662216224816768
0.565238279302866,-0.690089430244398
0.545772694574987,-0.743839093976111
0.501946911979421,-0.757442497445189
0.463793491771561,-0.778556645171892
0.504664867673839,-0.78689284533066
0.474043991069275,-0.776943468050362
0.49098872071497,-0.796703535465563
0.4782937710427,-0.822941525486833
0.503325068600268,-0.810288714152873
0.473979830701957,-0.809247454617332
0.470338493877785,-0.816326768045416
0.403171052298726,-0.845706806964393
0.407235704936703,-0.84692526138775
0.371203668489659,-0.869803496345696
0.367260282653824,-0.866535470265872
0.332881198224238,-0.898881858723228
0.335972173868795,-0.892279469286514
0.281826513930871,-0.897698882620432
0.295632814402302,-0.896293181695516
0.294567907553272,-0.879731967630265
0.252677628662238,-0.894588618206057
0.159574659747172,-0.924691371834028
0.135966958874829,-0.926557351303709
0.152935498043219,-0.944792206448431
0.117980094103889,-0.93702299855249
0.0815692450972649,-0.938510461943784
0.147686434036842,-0.931745193266314
0.08509927168771,-0.949958817358983
0.040112144973482,-0.937032206379747
0.0555966988824128,-0.954333640523932
0.00655558622634101,-0.944290489997619
-0.0160128544475597,-0.910822377977714
-0.0387151257284144,-0.890686722580343
-0.0101969301023176,-0.864810183195394
-0.0919112984597793,-0.873656450797632
-0.0514765236548067,-0.912000534917697
-0.126370123619634,-0.847505872221952
-0.105304250260662,-0.872275355187307
-0.171169144173653,-0.828186102008717
-0.221324581136936,-0.789058174599049
-0.259723352642907,-0.812103347495768
-0.21752282912769,-0.774318734071974
-0.259900052392914,-0.73559181180957
-0.332770220629405,-0.776987796537993
-0.350297239388455,-0.728071637880218
-0.35717674327889,-0.726125392740023
-0.370721548257605,-0.699815155553516
-0.386371321728715,-0.732250807319871
-0.449196764192847,-0.622779465175928
-0.386263100903268,-0.616265624904367
-0.485753221449317,-0.627033925411308
-0.431283221690576,-0.55935339636087
-0.474564603341711,-0.561406508175037
-0.557011791760613,-0.56696750013567
-0.475312630394715,-0.494272301331218
-0.511937421684323,-0.440761337430938
-0.643371424593423,-0.45528791318429
-0.563674136353686,-0.386158471972975
-0.52967363593685,-0.378154711065728
-0.617702803721489,-0.311631621552293
-0.619894766197359,-0.283771514214137
-0.661627167616376,-0.267028227429658
-0.728293668986715,-0.134915424389872
-0.708765148562063,-0.197698554649743
-0.714819244991817,-0.0972262921546046
-0.670945659203594,-0.0455141549570083
-0.708678109290628,-0.00796973353277927
-0.697170691725147,0.0704581339818257
-0.685162808644467,0.0560371916786539
-0.789432499720612,0.14307390187539
-0.752079313582746,0.173885598158791
-0.774892214955848,0.176117640210851
-0.830858271305244,0.280070781817613
-0.758466790674342,0.325704895910329
-0.742828404950378,0.309783086325694
-0.790132846791804,0.36803263915305
-0.802187880436608,0.417418924109727
-0.807176080519216,0.44775122824092
-0.77027257803491,0.455004795875674
-0.738203339438208,0.550276255936513
-0.755755585083192,0.538588625190263
-0.693092825026853,0.577195941831777
-0.705505152422005,0.501678936687349
-0.702856167785535,0.603298098526935
-0.710354154985741,0.59728487167712
-0.673473209041718,0.673516587556371
-0.65770846011324,0.647814691466858
-0.619613835500389,0.676321253434542
-0.631683515522406,0.710067080063668
-0.638799083553178,0.724506275176033
-0.61283866837995,0.734481285242513
-0.600403017147884,0.755491497951749
-0.582521158812587,0.740049653505772
-0.601824699243166,0.774951018892815
-0.551467324432815,0.735166131158951
-0.551083108495361,0.782035578822948
-0.535274857779656,0.781293445913119
-0.578581189550811,0.78142357001447
-0.509540855114917,0.764637058761377
-0.52524498696644,0.801155866292807
-0.550210518498057,0.805250539395669
-0.513790353410189,0.78348601624266
-0.501161865374999,0.828742074237825
-0.496978550142952,0.788336146910464
-0.55173924218455,0.80766876112431
-0.517443084721897,0.820213489953891
-0.539043354629609,0.80262632419702
-0.522256165097251,0.823380639348008
-0.516955714636857,0.832538201856475
-0.514703566586447,0.82928503369744
-0.531533444519554,0.823755860020784
-0.534601320106644,0.82528216370093
-0.507725726515794,0.84233811748284
-0.502255167645283,0.844754820818042
-0.485023657441914,0.854223167299698
-0.485826176855494,0.850529012456458
-0.464480659880358,0.853580404543841
-0.466904402910863,0.860407776296987
-0.380378592561287,0.87008990449082
-0.38503664419722,0.892089761204033
-0.368923017333317,0.844897451343364
-0.382396929500666,0.872869550776272
-0.314686497327223,0.877296775209359
-0.29085995444983,0.861345647079296
-0.302130820596023,0.896367821525285
-0.301855186763297,0.878110231024003
-0.298651431646625,0.85115011558726
-0.295735042183078,0.86935643771559
-0.292148081567078,0.889709243236712
-0.289448298467231,0.838090850134325
-0.259240284346563,0.847117516382095
-0.256947425754605,0.799418949663267
-0.315263743329881,0.829700478675174
-0.293810887956001,0.799729083855868
-0.342790885939878,0.739821739866194
-0.31816000522792,0.754503060551253
-0.316798653602607,0.71683659245251
-0.3018112589039,0.697585900761767
-0.321292138053394,0.731590804300495
-0.272878361946778,0.654272964275853
-0.242174742847181,0.671627577308872
-0.340871918029637,0.668087905294989
-0.320667848645559,0.73125988429694
-0.291769151445827,0.734973193595519
-0.264471172823251,0.627349563659707
-0.196781085908269,0.70176884771445
-0.281598710621616,0.561357243739216
-0.305876674471385,0.618372897485875
-0.245231197866461,0.584109630130443
-0.245174511700437,0.628638532616588
-0.281477961746055,0.538121662648485
-0.324742694964436,0.582120798556326
-0.174930999653346,0.577542306492507
-0.274263010882151,0.662169463869635
-0.295284333413284,0.542463184704724
-0.2514492745341,0.596058771095313
-0.187241573531589,0.620636328932555
-0.129978472304985,0.56442076926879
-0.142021261682954,0.559856483124252
-0.136297475793154,0.574138346354602
-0.114978659152886,0.48718577102323
-0.136603072624139,0.620726392360655
-0.154510017214866,0.579900904938048
-0.06120235967764,0.59887666121964
-0.140430630048344,0.497446458250289
-0.0727981509386416,0.348632625113289
-0.156442650515235,0.603759317725975
-0.0984878883629768,0.406464668995703
-0.179622363380699,0.417305531141875
-0.227401141170933,0.457800115095464
-0.139318215123302,0.456165635169925
-0.159587875879302,0.271834222812882
-0.208232490348972,0.418877772450554
-0.203567285900859,0.460941900156792
-0.216521016582607,0.330665653381506
-0.249456912128001,0.452644431289813
-0.228541813246833,0.412645684458955
-0.206478807399805,0.359114492697612
-0.216286618094499,0.337764492463517
-0.33449455935437,0.353765888290164
-0.261666479089427,0.268037572156433
-0.267824985720155,0.267824985720155
-0.272091843753906,0.31921897916948
-0.0954168735310977,0.287088627523145
-0.143852282513649,0.228700604918192
-0.0970517584269015,0.246624073689679
-0.132762664851357,0.208069274586305
-0.138046535891864,0.259300721548246
-0.154019140584999,0.185042786968583
-0.115192881724218,0.30565581025629
-0.0968602772839706,0.189993918154362
-0.0650922224876599,0.0859908820767636
-0.0415182445616283,0.277527923985774
-0.126734348843979,0.161441153788955
-0.0778502679854945,0.177930907931676
-0.123985323922871,0.153476856779759
-0.0578722834718424,0.254939221218929
-0.0869479042606919,0.049268100353408
-0.0810379514037237,0.0959699343152376
-0.183727126038686,0.082397241641187
-0.170731086182763,-0.0908052752865402
-0.271648142019529,0.0231971234775869
-0.0700843938959316,0.029653523396746
-0.13759187216542,0.123594569408513
-0.133632071508322,0.00258606379138377
-0.16333489032848,0.128032299032597
-0.134342753993986,0.0312613096843058
-0.163922682446537,0.119151998432217
-0.119164352486916,-0.0376446285655106
-0.253846825408772,0.0643184649564263
-0.184043977846743,0.131609961238843
-0.232239560638332,0.0621007945422099
-0.314041818784933,-0.0133155476384567
-0.202363979459135,0.0421436664599712
-0.224705524226187,-0.0215849925543244
-0.298183735599304,-0.044756149225973
-0.254945205424333,0.122646423482731
-0.29189619896128,0.106541717206254
-0.3491135461765,-0.011269113601166
-0.299975504868717,0.00544604424793649
-0.349776337628499,-0.0402750577867593
-0.333749236530276,0.0586990651749103
-0.433397480743908,-0.00357151933505933
-0.360580092745151,-0.0239425380775227
-0.374360537432593,-0.137457274530299
-0.324255402141936,-0.137718748532323
-0.340148972721963,-0.1351675996214
-0.45378018305719,-0.0945730793194933
-0.417083812120442,-0.111259430838913
-0.383765546077462,-0.205668071086314
-0.410299462223761,-0.237001192049519
-0.422515305865823,-0.214242645432492
-0.503202279304198,-0.309770034107404
-0.432221860445974,-0.278576651885683
-0.479667069433101,-0.323677476210535
-0.523493647465389,-0.346501517118571
-0.574508936511215,-0.246569296191952
-0.618073517539535,-0.305166968552887
-0.556487934585899,-0.301157006613838
-0.524312929912367,-0.317299937074396
-0.502664689984367,-0.312129150644267
-0.601628455880179,-0.311868965672181
-0.491635757724499,-0.380000770519776
-0.596814982026043,-0.393318954793749
-0.585910525152191,-0.347002671931036
-0.463386916771236,-0.40507178822894
-0.441927913795624,-0.442164294135196
-0.533180743030124,-0.406665727106979
-0.477436899239583,-0.458890568987211
-0.53372099581941,-0.435809974189853
-0.516517124408831,-0.381996101260982
-0.531173361320397,-0.358510342696296
-0.396019747985314,-0.456869627732097
-0.453808862112681,-0.4390831332088
-0.497514236171683,-0.47774155214084
-0.51164205721074,-0.486912835620373
-0.505010912595196,-0.590269359282205
-0.542083247071344,-0.516245964029244
-0.521366225618097,-0.482856023337664
-0.481480322958724,-0.551123749365149
-0.545207950749486,-0.558286393274826
-0.541343493088037,-0.612550875025803
-0.529665648093535,-0.66999544850336
-0.584629563687944,-0.697451383387493
-0.58257400356767,-0.685829381965095
-0.53677517777005,-0.678875585824096
-0.529549830515849,-0.711056997034456
-0.607993367272035,-0.713088547881224
-0.581240087803876,-0.713075231551655
-0.618201772720831,-0.703821071553377
-0.603780737126283,-0.744329795819586
-0.598257182928061,-0.726917448234823
-0.585564546892087,-0.7031259866542
-0.593272954077463,-0.765134260089322
-0.577721060012618,-0.721064500296878
-0.542326582133084,-0.764471436379526
-0.552039883850836,-0.751366997085449
-0.562178837503898,-0.711964147676963
-0.545760455440513,-0.740379523978824
-0.515602881530239,-0.745859559516992
-0.536908292856627,-0.721485403017049
-0.514909056997667,-0.767207738688409
-0.53395106144202,-0.715627990332095
-0.533365239514508,-0.760062046393827
-0.556486960067288,-0.717938298418397
-0.548911864401019,-0.70826139173318
-0.532635250326767,-0.808642733725878
-0.552910300857342,-0.711921505044486
-0.476736747058917,-0.820333233290047
-0.467883318799561,-0.763515238197141
-0.443119279633307,-0.796919054495116
-0.387455504591385,-0.789670653102229
-0.405398343125389,-0.757144695330223
-0.402097717289748,-0.763658529482705
-0.434603311740477,-0.739268294653075
-0.449715383709871,-0.810492964312652
-0.40179513480986,-0.770207704523711
-0.424975897995656,-0.813766777405983
-0.443136440166548,-0.842994418979509
-0.40912706159079,-0.853755971982996
-0.448891781151858,-0.83616704717375
-0.460355588157245,-0.835006506349673
-0.445499218708716,-0.859178455426552
-0.485666570317351,-0.79575349739851
-0.483017870891175,-0.788204360916408
-0.500577633559494,-0.807293928928953
-0.520602560012607,-0.803084373303999
-0.546601889497674,-0.755479526461523
-0.59605866275908,-0.745102170335399
-0.584071801709412,-0.756238513076218
-0.599668529829424,-0.756746381843847
-0.598613473026788,-0.696053120811739
-0.589951729933727,-0.734640084769453
-0.607501936285679,-0.764318402106263
-0.610204260763798,-0.749048350700229
-0.628662399219756,-0.746020115595685
-0.5828328504528,-0.758222032640801
-0.612535480292583,-0.713116724482144
-0.644485977104456,-0.704655564788469
-0.675572184814156,-0.661075819569098
-0.706675453496982,-0.633330957151074
-0.699159871942663,-0.63694781143246
-0.71039685949212,-0.673803230377966
-0.727514733033051,-0.659114847173294
-0.70841704961031,-0.647404233927865
-0.712861907835724,-0.58502547131515
-0.759926962502086,-0.611924883599729
-0.744844516106033,-0.621754644087904
-0.71673144797549,-0.637601566707243
-0.751059213227697,-0.603101017810998
-0.742500668403295,-0.588692812920516
-0.751249644931101,-0.584731526193489
-0.709476601531942,-0.585294351652679
-0.685664323663451,-0.54774931857537
-0.660121969473172,-0.570463634997614
-0.707972846300676,-0.580398358856232
-0.696030060960191,-0.587729742079828
-0.701985898148539,-0.562045329520013
-0.640666236911828,-0.508977759752126
-0.673164171691015,-0.523639292091584
-0.657805420652189,-0.539092383912194
-0.61169567088244,-0.55459523613174
-0.534697987750434,-0.572307711870262
-0.629038476726155,-0.600100070206321
-0.47725247410212,-0.52814106139727
-0.471262041601008,-0.606307278106175
-0.566376853737763,-0.505848287112636
-0.510130500310533,-0.547183793669527
-0.434787749866705,-0.463233817352644
-0.438134351764116,-0.55899541963058
-0.40099367454632,-0.58715200341801
-0.20688732160829,-0.644013657740875
-0.328825492742338,-0.577419078284861
-0.188711002928994,-0.673735703065376
-0.141066502216172,-0.630986018908178
-0.0440242673290458,-0.647982531263273
-0.0206623386565658,-0.702454277979132
-0.0113341973558006,-0.640278655876723
-0.00544144917491462,-0.652434820684908
0.097968750552017,-0.607609506396301
0.124436198086003,-0.6070315185209
0.231156851097161,-0.671379223566349
0.175440032824856,-0.537616636214684
0.291585027511068,-0.473134837549134
0.395261552268361,-0.501772640921351
0.410805276772387,-0.37262133704173
0.533149080089869,-0.367241416556366
0.472488289802284,-0.350032960029808
0.542041224564734,-0.352655477828121
0.592249119243817,-0.293376002874233
0.589691605588383,-0.261314172544161
0.59204448479032,-0.201974049122926
0.651041808491412,-0.190774016546841
0.596412101773473,-0.114969199446515
0.621781097611964,-0.0785031426728126
0.646437866181225,-0.0755085788941097
0.682457820553114,-0.112226651981346
0.70957829741357,-0.0251817127389262
0.759628394289384,-0.0248264608135173
0.746501184125567,-0.00297962229875459
0.799417985771238,0.0327322931629832
0.781949463759197,0.0304564594250848
0.806859412356657,0.0993680783366235
0.851747260886464,0.132378672724621
0.848558586620658,0.179721174284801
0.860179823433912,0.24889121983604
0.849856048384117,0.228035375681482
0.869392008509069,0.224411035421963
0.862226274916356,0.316426473642001
0.875942133093955,0.295985261438854
0.847853175229971,0.294637559089735
0.871521096565904,0.377759410642509
0.845550732006089,0.337891453239664
0.827945720782349,0.406969670042816
0.808198155920414,0.414018174181329
0.806211316197889,0.435367072612604
0.821483617357384,0.442988746450804
0.827233548391809,0.450986174205499
0.854220209711024,0.42764664549283
0.810653514697529,0.443812875910131
0.84651384922871,0.453467295668531
0.873279519523024,0.428389032297821
0.849077792960294,0.467998623618629
0.836979373415403,0.497112268671337
0.845547502838421,0.492121192958183
0.852363124410821,0.485916292481262
0.863066062256986,0.465221600073734
0.868718016796709,0.465059653018854
0.85629078250853,0.477282991329832
0.854700269411355,0.484025929113004
0.853670217613088,0.483320540418548
0.858078896244319,0.486185173897897
0.824823889783618,0.533655909716774
0.812875339300252,0.558086820695289
0.81125604329408,0.554451772436842
0.767875739898644,0.565931650126154
0.804777368932238,0.56475686450035
0.778030307892293,0.54768453588437
0.777874763330597,0.587600925215087
0.792280034922036,0.585188493299425
0.78258572418833,0.560054049099945
0.783923538943682,0.567783578681945
0.796329045195635,0.562632091880421
0.795024332224687,0.564068938364654
0.792553342984527,0.556683730175126
0.791075316868339,0.564840953065606
0.799736452366617,0.556993362882826
0.78965404963456,0.577292439457745
0.748323826477268,0.626587447238937
0.726790718930061,0.572084744684636
0.784639234679681,0.580155233094072
0.71039715329351,0.591831768709141
0.760088286326205,0.599607097579376
0.737079341575307,0.60397394884466
0.748867828680388,0.610199340242093
0.727395764436816,0.637204649113422
0.695939356742992,0.646135236855968
0.694248819877444,0.617560290834997
0.68065504262133,0.664998752809803
0.668616705035414,0.68107869860569
0.637533636860844,0.702323333214707
0.631025319571795,0.672884370008863
0.617151142704579,0.721521173544387
0.649991000009959,0.682784550786001
0.639605959771791,0.670873142835581
0.651651483322404,0.651814043904498
0.656103297018137,0.664605875500043
0.626628344447795,0.628110891915017
0.632356269981173,0.604117134657524
0.647168554457823,0.637323385794115
0.669683033159812,0.59197941250122
0.690937939702627,0.542667202912972
0.642365996618399,0.579004886596674
0.657980465306839,0.549440282561953
0.659082358737811,0.537906965708728
0.733520279195601,0.415651277507453
0.719308739084427,0.412994665424897
0.7272989857564,0.354987804780967
0.757140843111219,0.284714200189759
0.749094653995599,0.189308202363324
0.770227397338425,0.175497579663016
0.807993965486292,0.129581393458415
0.822972878886196,0.0316220248545693
0.839463757128021,-0.00444240992391899
0.836911306999574,-0.0935830228944467
0.836206311703975,-0.158376730145177
0.813727787509241,-0.228095030137267
0.794751765895172,-0.291265406627028
0.759778658151228,-0.350145109566038
0.793595047657058,-0.382836424012185
0.760214401180609,-0.442278579008148
0.740128289934799,-0.482242738380124
0.7534447932415,-0.499906374043744
0.724967203630847,-0.549938496891632
0.652812203502169,-0.61828756103087
0.639312119276652,-0.651069752116979
0.647914011368465,-0.650561889385867
0.646185522634246,-0.675630000998366
0.642982840296546,-0.686130058159468
0.64670644868944,-0.689444540229575
0.655984881510331,-0.697018360061985
0.624449410959355,-0.722821578185451
0.604573068975124,-0.708518072788312
0.593491398819767,-0.756761672597829
0.589771929339421,-0.759609732957906
0.536725641146901,-0.781614408324581
0.556524116674888,-0.790267995761191
0.545447785959815,-0.774292573182897
0.533797875042873,-0.806295358478778
0.497968461969823,-0.791856914461772
0.498188499135153,-0.793296745889479
0.505366485710894,-0.811862222943924
0.515135798337195,-0.809450736792057
0.48996106066561,-0.833090178765121
0.492819982617334,-0.835587126170645
0.474318752430896,-0.791519193385569
0.493431305903267,-0.837777008835888
0.50706181855342,-0.823781287029759
0.498017748729259,-0.835292969318778
0.497301499027336,-0.836056055477135
0.472271811086607,-0.834163439608901
0.451207921108087,-0.847703875703278
0.450158090790865,-0.841834931234979
0.491901842560551,-0.841704325865219
0.496594337745973,-0.826745684959766
0.493264374164245,-0.821497496829666
0.499451600826903,-0.82840840625729
0.518919593820322,-0.821464883595241
0.534650026370776,-0.81007573263968
0.546053958116504,-0.783810115658504
0.549459072968309,-0.75627673883745
0.579932320611457,-0.785826312934527
0.589232646990867,-0.769851047691673
0.610909608495002,-0.75041062471113
0.627179683067322,-0.733095896751783
0.630438913526263,-0.742937196815127
0.596017601016038,-0.723820133699358
0.584940190327686,-0.732966641093758
0.588804742213769,-0.705239289977507
0.549593576354273,-0.733180113037125
0.523964137407206,-0.741849731953874
0.542584343830623,-0.751133100582552
0.531116922389725,-0.760878773654405
0.476962958958078,-0.806159541666064
0.449825788477151,-0.809384305751394
0.457418391038225,-0.810585724668151
0.426341711786159,-0.783113498367124
0.36975878123948,-0.833484123935304
0.33238065813132,-0.828065123748093
0.266497611248898,-0.854068502111768
0.285641126085853,-0.87133454404338
0.242584339856499,-0.868499051015018
0.196502874356734,-0.867028852143909
0.166998464716102,-0.897399709467495
0.119348384495794,-0.905525029658684
0.112222238896772,-0.903925459274666
0.0518730341576767,-0.908014487606333
-0.0455220019888885,-0.925747861156749
-0.0458952752352107,-0.946699672695531
-0.0931925689514631,-0.921606716259215
-0.121128945508983,-0.939388823949566
-0.158490290256573,-0.921085044753147
-0.202726614004145,-0.912850427592317
-0.307427872967743,-0.882270218271234
-0.338392204976781,-0.876553142570327
-0.382177016429533,-0.849554168490252
-0.425405539866596,-0.817379746466696
-0.438195177061241,-0.809082687524022
-0.437340028117336,-0.790152068040965
-0.467222704230548,-0.800050762337457
-0.485153204834404,-0.78322461803234
-0.542863198844906,-0.750848910798426
-0.513152348874501,-0.782641230539109
-0.518006143013406,-0.757069223756908
-0.520650924914187,-0.752486252935076
-0.570759371123971,-0.736607324496893
-0.561521438274043,-0.729686625407784
-0.637487618334,-0.70094880072779
-0.629981331576708,-0.641510742495434
-0.637847928768931,-0.681657017097079
-0.666266871929101,-0.677108383493528
-0.677179142062813,-0.595059929424565
-0.645607000791695,-0.627169794347567
-0.697748214742898,-0.600152274415153
-0.702891731105758,-0.605197966362854
-0.704119293980167,-0.576313863173015
-0.698279143491268,-0.565839224390094
-0.696802958958824,-0.609667406709896
-0.730291813855183,-0.564994114871921
-0.677020939378488,-0.56307801192722
-0.709861124860525,-0.589006510612712
-0.760812606387122,-0.574312691355896
-0.740628622430241,-0.574337240198761
-0.733538246023389,-0.596950593982044
-0.754419788620907,-0.607089613975968
-0.753024212381645,-0.585668480519839
-0.731588902006201,-0.586626296540436
-0.729821627376178,-0.565489476676538
-0.744258502642957,-0.577839386748178
-0.739156508472289,-0.582286521051417
-0.704951551931439,-0.596605999480612
-0.712567212977782,-0.546293474416927
-0.693991738814085,-0.592740962133228
-0.707548837962739,-0.623394824378329
-0.717521696926358,-0.619138408072046
-0.690407776961738,-0.610773760872097
-0.725338909325012,-0.592764937855856
-0.703617989769737,-0.626285104105881
-0.686175248607397,-0.592814879339891
-0.68742162514547,-0.654472809852516
-0.666960346971578,-0.650881022297458
-0.585580495256751,-0.660094968188135
-0.632021359562385,-0.696834035118895
-0.571488891028429,-0.661316453824542
-0.595608354057117,-0.66674986122583
-0.576874113743736,-0.718584447795559
-0.542791610796074,-0.70132677657678
-0.524884345105464,-0.71473442823618
-0.548832332709092,-0.706733441582577
-0.541708800515641,-0.731437610577829
-0.592161988602244,-0.725811806707559
-0.545079877591577,-0.722269940223268
-0.539370676783727,-0.724141181626391
-0.505206915624743,-0.761292568595202
-0.590903954192161,-0.726777783747133
-0.473488867009164,-0.784556861121029
-0.487773039453914,-0.76813378301407
-0.528427586656858,-0.748582243274822
-0.454848731649493,-0.775343216297699
-0.435687715177436,-0.810579173134087
-0.450946437788915,-0.809301142048539
-0.431090355360577,-0.77218813040321
-0.433892546397223,-0.813724631602968
-0.440994997878504,-0.812843519162584
-0.42565463393987,-0.817819454442049
-0.401759649414227,-0.845915483346223
-0.403143636495942,-0.802156538234537
-0.37538547221302,-0.774663751923346
-0.332173458599914,-0.814802516540352
-0.381586218826388,-0.761752201963676
-0.278742730719483,-0.821227453180433
-0.246425168040207,-0.758112957305764
-0.267047805494101,-0.69681174059103
-0.250989417031576,-0.7260170260034
-0.213874482077655,-0.742221241137721
-0.180634652986593,-0.699980771968314
-0.249077498754315,-0.729366267655515
-0.230587968034947,-0.734471576972925
-0.187627500663762,-0.66329041167009
-0.224401402547635,-0.713374943620522
-0.187275882269767,-0.703792666664553
-0.26477692643632,-0.699639036058818
-0.199553405000584,-0.707446357809762
-0.202733562727344,-0.674303991370306
-0.253651818419927,-0.681817057469656
-0.204429851335338,-0.655616095537925
-0.254900580056991,-0.713157564713887
-0.304698995240307,-0.746794214930527
-0.336124249594093,-0.739232622737244
-0.226260631068941,-0.722142070261303
-0.298248973858294,-0.648317900672766
-0.313933988491183,-0.683841364019855
-0.353279960511876,-0.683403723495503
-0.342110098390926,-0.734989856929536
-0.342969231209105,-0.722205977440209
-0.376528232260004,-0.753336982220607
-0.372275817311406,-0.732674209911238
-0.469030652551132,-0.725653062161242
-0.483870679732911,-0.764582372603824
-0.487783464434829,-0.738412796928725
-0.536746737981227,-0.658956042834758
-0.508816747887539,-0.692036425436803
-0.53255515599134,-0.734317427369072
-0.575479255887109,-0.659515545631784
-0.531783991745066,-0.674179172881935
-0.601343620653497,-0.582795498553587
-0.625523228118298,-0.622712209060593
-0.648888727322125,-0.541343214692352
-0.684594406856581,-0.525449550300911
-0.687086374904404,-0.533640256526247
-0.685005295208693,-0.472891982400332
-0.694466189317818,-0.433191561636284
-0.745666875613919,-0.390969262701077
-0.780787479069681,-0.36007207173594
-0.726203582966994,-0.36375576629753
-0.756508847845005,-0.322636218789498
-0.812831212246449,-0.242893282672817
-0.788676726333204,-0.185243610390445
-0.766163092412637,-0.142141641781523
-0.805279637882909,-0.0955390107796686
-0.81617858865015,-0.111421345592169
-0.815478469838158,0.0463325371395683
-0.800972797563021,0.107977357478694
-0.801308333247139,0.162719815389642
-0.768157559332138,0.224863631840218
-0.742240403765701,0.302205617249404
-0.761458285722098,0.32064295283764
-0.719463578503046,0.381912381134158
-0.72002580610769,0.484367037956045
-0.662456085605552,0.47037070696493
-0.638726759088117,0.504003443314051
-0.580645740210014,0.643108367625699
-0.454128570798124,0.694974253286943
-0.368202268843759,0.724449151600703
-0.350104124672428,0.775980796715874
-0.244806146941432,0.792322147294127
-0.162892431558618,0.848255250053771
-0.108930297662269,0.845721229593704
-0.0761426586140551,0.76765147876603
0.0133761842581531,0.884545618074931
0.0105218222290066,0.822236007932772
0.0696952230471699,0.88903151973925
0.0996371107065076,0.856477377940768
0.184045235727028,0.808015394493611
0.119516417763978,0.856392233830633
0.261086534807658,0.750315014946167
0.25179371081681,0.766025750084894
0.2774512722125,0.746951807602031
0.238586532057233,0.723681674759809
0.276146593158435,0.750314152119776
0.369411140503767,0.769157279008625
0.400925951036206,0.704221506124129
0.403690198391807,0.709064656413845
0.423597897924467,0.676932607396832
0.539526296957983,0.655918283651679
0.512938121895621,0.704276396597616
0.526645515240117,0.654542167754982
0.659341939226548,0.618821834670134
0.612429135002868,0.606294927366285
0.62204020353611,0.605093459157612
0.692626634290661,0.564560963467305
0.737598430038812,0.58867474139735
0.739153357672329,0.542552479563576
0.790828775825504,0.424683660894579
0.778648711996008,0.487653436050525
0.736819056155056,0.532561954768699
0.786091573188182,0.49438896361827
0.77009074033936,0.488106154783541
0.78925534014644,0.466840556817805
0.786903632713696,0.464953570026736
0.851725094611493,0.467397006389239
0.810869609717772,0.435330098886969
0.876879183655831,0.427404557712821
0.838240301506814,0.406718590112211
0.83309518007813,0.408856992473399
0.846847676473486,0.352740197551403
0.854845662341187,0.359182107490547
0.90678289529534,0.371176987863857
0.820191024730294,0.394348963385449
0.874055957668861,0.408556716424168
0.898328813729535,0.385914282161283
0.912049323484271,0.35758963618576
0.894578425709564,0.375364136431651
0.901771194739357,0.352809830528581
0.904338695200642,0.370735663870229
0.896965444502977,0.373686397613188
0.886038965617864,0.350847029321107
0.906552519311347,0.337122946380017
0.903049844042638,0.333957434966094
0.885472501811144,0.355551747669237
0.863711038036517,0.338356839697357
0.920400210081373,0.29122828673057
0.871127740636759,0.291126677024956
0.88007928545169,0.314781074469664
0.911744973100578,0.332063596779673
0.922374839228828,0.288908327428595
0.912034202825273,0.292302561789047
0.904522717236492,0.266240163985206
0.861256459938222,0.305138493790801
0.881202407123586,0.32202032686217
0.882465262402512,0.284684437840422
0.872131604311371,0.318139030509682
0.862689261599453,0.387924187775544
0.866490128738205,0.324041639321045
0.814114025895713,0.439539548148079
0.729478353474258,0.448672397873151
0.727993642330319,0.452990457166729
0.760608831964418,0.441902198095467
0.684462660596825,0.457731699476309
0.615333443272127,0.467558093929126
0.672330796294522,0.55148870868135
0.658591692155197,0.574674865047659
0.531123664739889,0.564483670471722
0.607870602554272,0.586503452999008
0.476506210040787,0.636754428128946
0.547448376364964,0.63435295109377
0.561125962541245,0.628271800586021
0.401521285558444,0.751242413035335
0.463973403523684,0.755794771744686
0.40965694975641,0.701821558652866
0.356691260131894,0.771991263628459
0.318216735742192,0.791746389854104
0.31883269113116,0.851828242261485
0.285698662155328,0.790382410698803
0.229747518821793,0.855786126252915
0.194698788359289,0.825779989502991
0.166540527584152,0.877716022568045
0.200566712760699,0.88153770486102
0.122402689469419,0.909856508866715
0.0888016568256019,0.865869678850203
0.00395184327640274,0.840366021850426
0.0648826494170696,0.829946742797036
-0.0456947376710457,0.887890649179528
0.0229065620745365,0.84875719063614
-0.0899670581742165,0.904818550814494
-0.123459880969247,0.872423672829817
-0.13210186778662,0.885097159224545
-0.186590436225083,0.923487712510422
-0.203465143223277,0.879207551923996
-0.223129507495797,0.927792375640201
-0.263634478709192,0.836546090134839
-0.258499200483643,0.890907952953429
-0.232664821598796,0.905973172315604
-0.193126378669022,0.909161295133225
-0.228408414588336,0.885714932594893
-0.211382379310869,0.849029618347847
-0.22450947485875,0.874687988284097
-0.1854909334215,0.89534085182646
-0.316915348477621,0.863408002722752
-0.240313666593779,0.894558825643853
-0.261774782591049,0.866577623882647
-0.207220179030377,0.76130772825667
-0.132449574565213,0.877095180928991
-0.158825158461224,0.892259429451429
-0.0653813246269749,0.888115653648034
-0.0534575960301548,0.859887603714096
-0.0669880840267782,0.902704612255826
0.0292445607640798,0.848438349711963
0.0439040208783044,0.80479271221497
0.0885375103640087,0.829655506801959
0.149704196697068,0.777630918359316
0.180618419272277,0.776256552039486
0.232723687065902,0.763037509076688
0.277563459966445,0.654894701676239
0.266757548413064,0.621853353362628
0.360732728680578,0.626281488482879
0.377748579992803,0.565117781769985
0.438991156070993,0.640646709476335
0.457716684171119,0.440759183242696
0.478765853229748,0.461502408510143
0.48210398538119,0.407775353945446
0.474990504361711,0.344454722946185
0.520866653939101,0.331707735479051
0.53539288608633,0.377190632567712
0.442805180337747,0.372321735185877
0.510857474637175,0.231162583948399
0.542228270528723,0.298930455415336
0.486453381548944,0.267341207805609
0.481990726437619,0.300226410125036
0.437152819592857,0.243214634435043
0.55179345765054,0.250878234788025
0.465171579858723,0.179793305353514
0.564354248210901,0.211920545378753
0.523536935465222,0.221057295973051
0.510013153843252,0.159321189106422
0.619429853342738,0.122748340523182
0.608673607525474,0.103594153081511
0.590220864064945,0.00316806944067538
0.512327724521025,-0.018452931176832
0.598949843106972,-0.0298092245149963
0.56870390327337,0.0587505003441533
0.640541777867171,0.0111211700033567
0.619273992412189,-0.125075932576999
0.62085477690937,-0.225227181964804
0.597347590191539,-0.223030162531771
0.582255886254643,-0.230691441755287
0.45430368175862,-0.310163405649227
0.56489084949398,-0.290644885516423
0.460181029685304,-0.323692747850401
0.522669641627902,-0.39205261451343
0.388930780454536,-0.414133947593425
0.470911534487886,-0.368243768844682
0.376373424018767,-0.503921522028312
0.357193263243549,-0.42951728146149
0.414030486181193,-0.426782752895453
0.290889690440151,-0.444604103030214
0.362419554977632,-0.478022471706497
0.4088140412076,-0.552950848720294
0.242191093418857,-0.588164114924418
0.225577045673676,-0.676538398091476
0.290272044255207,-0.586385288613026
0.184802982472047,-0.710680408106861
0.193130235802648,-0.69628822724023
0.120130726512091,-0.599926061273659
-0.00277342105370417,-0.636628384557636
0.111479867388543,-0.727728271467727
0.0511496462787296,-0.800744986902971
-0.0781093591928809,-0.728352780111898
-0.115572824357976,-0.721459209137883
-0.127743411973986,-0.720717063402507
-0.107287414123176,-0.765047609566642
-0.193861153536677,-0.755335437273294
-0.117917404363832,-0.723321117788913
-0.244166796126185,-0.694342350935218
-0.276614828732567,-0.788278369842986
-0.145284590545979,-0.688845710207115
-0.24311979366493,-0.735692624049106
-0.185310928817967,-0.697268435665775
-0.15635242601936,-0.705376793956123
-0.312365026855961,-0.738002038501443
-0.329275778360199,-0.732408623267154
-0.319231490620859,-0.697378707346873
-0.351216109846666,-0.67611714697042
-0.421843656787072,-0.602234648671557
-0.366653824557089,-0.528420911233233
-0.371754322364504,-0.508508790532497
-0.402079315567668,-0.462174178537325
-0.564082506909228,-0.231727058243615
-0.428614788351253,-0.233167055035786
-0.40362535130354,-0.162548255185034
-0.43501041619059,-0.0367875092456387
-0.532831307588421,-0.133591346634863
-0.406946455104604,-0.0156847387645755
-0.574363671485352,-0.0558312745112921
-0.50894362881022,-0.00773993414821148
-0.465306467039834,0.117026186532628
-0.521385671418089,0.178770454330586
-0.556226045489877,0.104852539553796
-0.350095507891464,0.220239485258484
-0.438532474221267,0.202959699428964
-0.472502401713987,0.132997542609714
-0.424490458213013,0.231362132341248
-0.432308957362677,0.2341577322808
-0.409652483856439,0.435589281628861
-0.376356829364833,0.412317998655057
-0.435360996804597,0.507906774533956
-0.335360423613542,0.624061543230468
-0.356321669415397,0.644494334802819
-0.397189218413242,0.722273496236999
-0.413672421622834,0.765909431548471
-0.367825776481033,0.701712821872301
-0.465113949418187,0.781985911865819
-0.389972489259019,0.759784876717409
-0.295414276656302,0.814125097011883
-0.394025969543368,0.845225205805304
-0.31190525522762,0.867034769575257
-0.284675990671893,0.892044291668643
-0.167147213635865,0.870070820466722
-0.234078084894987,0.881532341041394
-0.179237208317162,0.942830185699636
-0.130884427753306,0.977522496402823
-0.122722842447556,0.93125314269328
-0.130582355084315,0.95372259937166
-0.0939612662398071,0.960728156244208
-0.0521868900661617,0.967317848002143
-0.0366112304625678,0.974247697540631
-0.0355175460808651,0.973508787314787
-0.120645405613688,0.961784605526211
-0.0997356133921676,0.968848760055509
-0.135053925281438,0.950707894076925
-0.130374473514094,0.924344466208327
-0.090719806068278,0.96899371375211
-0.0222681898802265,0.927410482652536
-0.100912356436851,0.966348897887244
-0.0280944641003281,0.960592588444981
-0.0770473665375552,0.946820177808309
-0.0980459823032212,0.950160594650766
-0.0426259109061089,0.906732511220807
-0.0450102074068828,0.944998845473535
0.00466224406253761,0.949033834552233
-0.128414018475542,0.885412844318167
-0.195211183683096,0.816784185695956
-0.151479592497744,0.941244138241008
-0.239798400791901,0.908076124804462
-0.231335621945517,0.919980470979622
-0.231866300192596,0.864591172741033
-0.238996008233787,0.805195147921683
-0.321851222770419,0.793042924457927
-0.273714349620707,0.853624019716499
-0.30541136373175,0.830157605752027
-0.273258817190667,0.808793703952242
-0.364561134278215,0.79283943087761
-0.408057341349426,0.765375091973089
-0.466100295475007,0.75784721152465
-0.532879359564556,0.742400887844142
-0.484732178443548,0.80610875660926
-0.513636424185701,0.745180912386145
-0.506985556424362,0.795115414097956
-0.586943544878861,0.752252023428911
-0.619075316007201,0.732628867248108
-0.630658035100147,0.717818631605983
-0.674502529960403,0.698123140947458
-0.686305037386057,0.656467359036431
-0.702115925763521,0.571869514894708
-0.759353161597239,0.606367184257223
-0.745968652170683,0.543325241415408
-0.768808875449357,0.534963168940752
-0.799938001435356,0.486259471671413
-0.80249208133952,0.479421693210458
-0.827286792349597,0.473978349739494
-0.839046992433356,0.437560294611683
-0.847559564043349,0.385087350655576
-0.907303867550674,0.315830854753517
-0.886332201458534,0.272553523359996
-0.860901715012962,0.256892111297755
-0.873611568027218,0.280868402249199
-0.892382485320117,0.246223334980878
-0.906843446981033,0.288788514237797
-0.832981247509451,0.259663215880396
-0.911751969178424,0.25200332909606
-0.949827087200376,0.202052439437738
-0.938869024839102,0.23756564494682
-0.944330847487949,0.230505774049169
-0.901832374807278,0.147141324759464
-0.934509946742831,0.195936653341752
-0.946755614494773,0.204786156652898
-0.957448641677898,0.198958937982653
-0.943723172897387,0.192637603763827
-0.960523321499329,0.164910623386023
-0.953790694690252,0.212698337299497
-0.935383048569695,0.147764588863357
-0.943526744204408,0.167529413420293
-0.945118135382716,0.185846723518848
-0.92685001905547,0.256053104931413
-0.892378659199204,0.270910070046962
-0.865988020812103,0.351189611545526
-0.859653184083209,0.31930131820936
-0.845275219835348,0.354689901474347
-0.833968609638657,0.371160196479026
-0.817103133551086,0.35279687188597
-0.818439151913619,0.343988831397316
-0.797175305305211,0.352979954565264
-0.797886194676579,0.414246147884668
-0.769128768602252,0.432822418268584
-0.748112331109496,0.408242853550437
-0.760546437326152,0.381558116412107
-0.709732163244425,0.407910396180183
-0.799592397086645,0.423552209520781
-0.67934856173008,0.45824084817075
-0.67020225053527,0.474993258527533
-0.65503569392104,0.448047258209962
-0.673168886523745,0.498965315328356
-0.658712115842399,0.547895322994575
-0.639156527713313,0.459404707429311
-0.624969461953289,0.500999508333796
-0.659189593954588,0.460002675061087
-0.615654321338049,0.433625784317006
-0.611504409160314,0.432873920016346
-0.603495805065469,0.42991771611641
-0.656602580698756,0.352548023099114
-0.591016127225122,0.421632479247968
-0.605226995696792,0.345257352623568
-0.628240841845281,0.301814366643169
-0.54383221364666,0.329081792879911
-0.615991115648266,0.341130268377013
-0.601099007156242,0.372042851202188
-0.588187460518952,0.338915468578559
-0.573379094892202,0.339886092536427
-0.568577920127682,0.330882350506925
-0.5176792574365,0.359328134965976
-0.630587362688659,0.288723855453239
-0.58497400303822,0.297303738935097
-0.514579011918501,0.244589696896922
-0.561109753091199,0.352180421359303
-0.5677901962152,0.16744822045745
-0.533822567326122,0.246094004346571
-0.5630004312411,0.144705967991808
-0.602986285860943,0.153743426848909
-0.489358922112005,0.13358861547177
-0.53087324246997,0.137626978690111
-0.511408869955757,0.0845375386958904
-0.534183179153568,0.124861737811016
-0.40800953272548,0.119937911206313
-0.434859964575483,0.126807005984818
-0.468248003370569,0.0379442669449283
-0.472132224067101,0.0984484250013921
-0.540852620211305,0.0362307095576115
-0.504614684711942,0.0197938981225074
-0.413938773262501,-0.00964575933234068
-0.512084004588058,0.0117669411599484
-0.394628988663194,-0.0883992424957451
-0.436296030375028,0.00976343920472231
-0.43227471509991,-0.0561894434386579
-0.361437981403259,-0.135429389298772
-0.473105022594107,-0.0950869287289238
-0.361166358196996,-0.132576907571716
-0.438420463748875,-0.129937927511839
-0.382335909203216,-0.213680647148001
-0.415438065595091,-0.159887439595115
-0.408746218836791,-0.162391399094723
-0.318423107501232,-0.109398604467657
-0.381201284043871,-0.136800830616022
-0.377601314295544,-0.165278619719098
-0.340862021270076,-0.189464348562656
-0.32595154382042,-0.152784988604403
-0.347250221377262,-0.157744426135755
-0.3686263483902,-0.213883375563552
-0.316287293791198,-0.161263178544097
-0.250863741213007,-0.226970705837863
-0.300043085117497,-0.168587926662023
-0.31458915306893,-0.229718693550736
-0.184662330465088,-0.237575642969744
-0.307106972473032,-0.227504260202216
-0.249099295945659,-0.259382453233345
-0.214645330586018,-0.200431715113625
-0.147606700612905,-0.261094376466115
-0.10792474932894,-0.236002044253145
-0.253590839099166,-0.299545505506375
-0.279803006217554,-0.335051455586114
-0.285343176861698,-0.289297803501556
-0.129803798312713,-0.190963498643997
-0.220765370720724,-0.356738482564216
-0.0347679648478873,-0.293179425737357
-0.169143159649509,-0.262511300156102
-0.242324648557285,-0.221514499049683
-0.0965086649013313,-0.215993554723499
-0.169586294705977,-0.330197424910512
-0.0919190458603169,-0.216029456513057
-0.134333665456962,-0.322817267252587
-0.128385096797993,-0.284139150166118
-0.0152711746118436,-0.242299934038252
0.0142070299602844,-0.236279665633854
0.0371222755319358,-0.275607263760578
0.0372364681151904,-0.186525034417171
0.0537213998949904,-0.260078895716146
0.0755055505045824,-0.269259287899158
0.0663354564421738,-0.0829257520911389
0.0758959901389047,-0.162370862479276
0.131680563627668,-0.164329552763541
0.135347414225619,-0.115809626215826
0.183817243515857,-0.15560059255281
0.0807037957227258,-0.154080913135051
0.19830283946916,-0.271968270457561
0.16595380609457,-0.177509350863854
0.205149370550085,-0.240419723983183
0.279848682502518,-0.0964402076955308
0.259223681260973,-0.254832480204007
0.411899405674777,-0.198387479067651
0.420526636546551,-0.153059502754557
0.387270984803922,-0.224220366132581
0.44143566403649,-0.241937012968307
0.469412690529073,-0.287987427170885
0.455596300005825,-0.213903377498058
0.477274433074379,-0.189415799378898
0.523165131274432,-0.222925315161663
0.52553187580343,-0.32156486111323
0.49247826822558,-0.120390545743771
0.607922315163983,-0.28593814575482
0.593488648833559,-0.339946851648559
0.663743466995878,-0.349982956936723
0.605153003384949,-0.366879171710372
0.623299970277931,-0.306070070541072
0.695147933076943,-0.353801189663753
0.745742270876688,-0.259401166390578
0.73740063491848,-0.371897239007365
0.733763804355909,-0.324640215649779
0.676066919256406,-0.3047918748203
0.710914372802714,-0.329588215547225
0.699761675536247,-0.301599901344137
0.733583959305865,-0.381313359122868
0.785077312894866,-0.337129893686801
0.658274234955161,-0.312501250130163
0.693592809490419,-0.319722645662511
0.665047515899779,-0.300806693062618
0.721851757649698,-0.363811871571668
0.694453565614028,-0.35418787937674
0.649747805492203,-0.330008537618135
0.71370320514797,-0.376935712265367
0.664667917960557,-0.362447996034599
0.781411149018385,-0.299523155998332
0.663790642768034,-0.320029596852942
0.68822576662264,-0.274406959808288
0.75714287281781,-0.31688502483556
0.643137202158629,-0.304501034269611
0.628509081563927,-0.16994557728073
0.790792603797063,-0.293967511956407
0.701797736059603,-0.233149349860253
0.739604873461198,-0.320665133619833
0.773871288296352,-0.270419698067824
0.720993187112439,-0.324241249617647
0.78904879617964,-0.333868305985128
0.777547400112599,-0.279524030448208
0.808878132541137,-0.403392404213181
0.843804399712281,-0.345710305689917
0.853540437789616,-0.426612740636771
0.871416716315227,-0.378617419940388
0.869339195949849,-0.371881056417731
0.895287753299691,-0.343183106152727
0.91124901879005,-0.355917382153327
0.915177400964903,-0.354598182646985
0.90923638017575,-0.324329714742625
0.911104922363641,-0.322883786241211
0.932908627484106,-0.303064649870204
0.885453365396537,-0.281733043730056
0.898355064914913,-0.275397033603698
0.94744330996367,-0.254408713490183
0.949330421822075,-0.195990414012719
0.923662809870035,-0.201115441499192
0.953088339033234,-0.162197917724735
0.9305739895707,-0.162705905766403
0.944356399649434,-0.140810950731846
0.934197835638937,-0.146316807127648
0.915235288223058,-0.131712218847563
0.923832225994068,-0.082574311330837
0.918932100279856,-0.0402691303887976
0.895056581406004,-0.132482882780607
0.909853853657753,-0.0236432176830403
0.838723508519198,-0.103084187196715
0.917106700884551,-0.0454623982325141
0.886061325908411,0.0335944478121592
0.874465734509056,0.0400712384900537
0.835048768802515,0.0892489008031587
0.904752025254201,0.0892629206414917
0.87210259312652,0.0816500647631987
0.766463930581915,0.103543342508123
0.764430355218809,0.11831188251136
0.788553109032065,0.113434396053564
0.802472475882026,0.127062856682808
0.814701226803069,0.193062557105497
0.697948977140815,0.146943583187544
0.818732259011297,0.202552129550839
0.730062359799983,0.149138762678601
0.830890059874497,0.164811144933279
0.746019626354064,0.233271448021052
0.789424238461945,0.253572377896363
0.707515165465467,0.155127412914087
0.750733437164284,0.126839211265655
0.705844579340158,0.0972083349018115
0.790507997344487,0.0759617319946852
0.806823079636285,0.0193955820516802
0.719496122369922,0.0273198043009589
0.62767849662856,-0.0469862981578718
0.764170678153456,-0.0511150505730947
0.614300838329566,-0.156259449008258
0.662745053946898,-0.202642422956403
0.612183815310923,-0.312281700586769
0.573868102927992,-0.28120665105801
0.46034688461293,-0.421418681786805
0.401602108214055,-0.385257439345236
0.442115562742611,-0.465951045881895
0.432307065020603,-0.578813311873974
0.393990663140676,-0.702654283345668
0.324149626120209,-0.644150038591539
0.334336203627043,-0.665282718756162
0.333193494644435,-0.7836900076045
0.303280895183378,-0.777231782232591
0.21094328749313,-0.76462012850643
0.321375952225569,-0.851644975922344
0.249745998941442,-0.819448287314259
0.272278598122109,-0.868734117678302
0.200866668891401,-0.896840136228732
0.233336618667873,-0.908918229169761
0.21627883644647,-0.91718145526724
0.238909187608454,-0.908072974226009
0.195590212779825,-0.899965993916013
0.148613975531679,-0.905731811271144
0.200439618918712,-0.954226052067204
0.198235728019228,-0.947953074072501
0.251565276670042,-0.941723246361903
0.218003501740475,-0.943729142851935
0.244338657925192,-0.940550645402282
0.248090063724207,-0.9389538977741
0.251696975113969,-0.948027951721462
0.260783135812885,-0.945563257287103
0.280925244090253,-0.936618169509003
0.276899572627072,-0.939122552747196
0.293529898337071,-0.930941931426716
0.293649689057512,-0.933090583897968
0.340221758679639,-0.918685102709344
0.327530140993369,-0.915182745679217
0.321078876182488,-0.914866114599233
0.305171750491207,-0.90860078224699
0.340247140818215,-0.898106851924181
0.413209824493065,-0.888759943766506
0.398960787024822,-0.883332417127126
0.42244901368543,-0.877345369507539
0.403554658350916,-0.847694537446806
0.386733812236636,-0.880386064794946
0.422948582124942,-0.872350628068845
0.414352926915881,-0.880855566058106
0.380213773084607,-0.87034946666046
0.406859651136893,-0.881880368368113
0.368651182770252,-0.897708621060693
0.395564260507481,-0.889606213864163
0.43505279467947,-0.86250505972001
0.417543463338945,-0.827267055438336
0.397892674158068,-0.837767494601054
0.4101859094776,-0.885843087299981
0.42027466380435,-0.87380195351696
0.402824905373703,-0.884666672105055
0.358553107589854,-0.903625194014213
0.393575663083463,-0.886222611671639
0.395745105908327,-0.84315846261301
0.376091021884308,-0.842242227059589
0.334414755016914,-0.82973503555435
0.384222958121501,-0.851657914381779
0.330963615500665,-0.840922825408813
0.31227817706609,-0.860524386876826
0.221591492783433,-0.876362419980369
0.272283543905374,-0.864139998550802
0.278517585783388,-0.893387143792184
0.219130668853454,-0.849412964016729
0.248614088124661,-0.851860453934074
0.194057468170332,-0.81473510235574
0.13788130110427,-0.853649709542654
0.09759691503017,-0.899743228750368
0.0900940236180941,-0.875571375707857
0.0862354371902126,-0.837549803488948
0.0979155757577019,-0.880372341098293
0.0106592616773527,-0.890146414400137
-0.0447069849508428,-0.8833567845962
-0.10029328951498,-0.836486804362824
-0.0997951310113237,-0.84914405924304
-0.117172219857292,-0.919282007745434
-0.152341110168067,-0.864282233152629
-0.155885194461624,-0.832403664882904
-0.170562291821041,-0.881004915367918
-0.229844311256789,-0.861135548731671
-0.269846847042819,-0.895891983022384
-0.226614277291955,-0.877825778921829
-0.223852309058444,-0.896044633478757
-0.2679127752338,-0.892771003477541
-0.314124739278499,-0.890666258472115
-0.303837742565917,-0.8940284192717
-0.29424091601737,-0.876671680854355
-0.291244694251622,-0.885425944131112
-0.311698294405527,-0.838307655844178
-0.370445579401135,-0.870675712530035
-0.385767151217195,-0.832779190874865
-0.424416356836992,-0.81333176057631
-0.441139995064143,-0.800983023084227
-0.512163962464455,-0.820268509978517
-0.573197445414524,-0.792532630389329
-0.589954144601882,-0.785637102966496
-0.59055202948896,-0.77811442972494
-0.573760213745071,-0.786197412564783
-0.604241137649165,-0.769374689773023
-0.59126165348283,-0.747759942201773
-0.581863674991664,-0.769227460514413
-0.64649759494409,-0.665494679755823
-0.663768615084613,-0.684700965427334
-0.654084425789233,-0.704223632581319
-0.668710800438552,-0.678868855090146
-0.636010145771065,-0.71694019884491
-0.626904394033387,-0.651166009735791
-0.670916128012151,-0.697734404454752
-0.661648649922211,-0.660772640208214
-0.657123220042832,-0.647971311390586
-0.652457098373928,-0.640039914068156
-0.725159416348915,-0.620759580203174
-0.689714312144573,-0.561104380303151
-0.753450636974905,-0.590637197832946
-0.713330917837244,-0.61143750452636
-0.791435733223469,-0.559997627465351
-0.774625428851003,-0.56137437915193
-0.797697850682583,-0.554717459651948
-0.816625112905697,-0.453686906137819
-0.832983594527355,-0.423955657752616
-0.855607790033543,-0.402968538720303
-0.812557062502731,-0.394294524143115
-0.819114179353731,-0.418889018954638
-0.861130838574846,-0.362494012691759
-0.854088800956752,-0.381621780744041
-0.881217934182013,-0.295439387213164
-0.852563723273907,-0.300729317595016
-0.862516047126266,-0.296672767323637
-0.851389120183241,-0.280688227685105
-0.801602485371774,-0.305266619726891
-0.794573927490183,-0.29996837709101
-0.834846416195292,-0.272839996580745
-0.692159042788279,-0.276005095868192
-0.771021632446324,-0.310683772525147
-0.806247665353803,-0.35541088788172
-0.811499738072356,-0.295925257403572
-0.79375967369035,-0.277980170439486
-0.763498552271874,-0.276552440948082
-0.82587368507031,-0.299450331278015
-0.796818977784142,-0.266262912860947
-0.801769639464569,-0.307785413186571
-0.742354263153654,-0.256894736037813
-0.768119596710068,-0.245073119311057
-0.739148071124208,-0.298339340903561
-0.767068986718872,-0.219536337120091
-0.673512266361093,-0.33080151151815
-0.723870141947997,-0.211837585343945
-0.57892361843015,-0.329409825924758
-0.594782779528816,-0.218391283552394
-0.603167837518628,-0.317946406894384
-0.505031716037773,-0.334261813598849
-0.471586754167622,-0.316524903719818
-0.468704525461909,-0.345701467173232
-0.402859548000595,-0.262694373742175
-0.421463664817353,-0.171531159319719
-0.542770189768148,-0.281381748988695
-0.45212306482722,-0.142808142581152
-0.47993069515952,-0.140641584045654
-0.410740550745207,-0.125357961503771
-0.449262880180204,-0.156822366729524
-0.425864613533856,-0.175685540260328
-0.379876237256789,-0.213417335135788
-0.370943316634346,-0.163040596412446
-0.269347090919866,-0.136003882977741
-0.213592084563356,-0.018794383166699
-0.255280333935633,-0.0763464073388357
-0.207830189357121,-0.0901796898669587
-0.191734341758781,-0.120688139845066
-0.163787700998279,-0.044146588358356
-0.144222843530465,0.0252642741264254
-0.0991197142913313,0.00874187826555831
-0.142384018887458,-0.0344829763113436
-0.0591458843366233,0.0981230349012214
-0.112808052465912,-0.0471688070990009
-0.0790782752541998,0.0644464905338204
-0.0559365996840122,0.0803581381468417
-0.0641655884645458,0.154274858730838
-0.138070321208948,0.223854486796986
0.0611548636855079,0.132381048429472
-0.00963174171016607,0.210726694206944
0.0718081441772096,0.131851112024356
0.106482820325306,0.172461119943446
0.0927387503992112,0.182748849743316
0.14874143596926,0.287133659540151
0.155059583987642,0.212837228308235
0.135510511267113,0.250108944879358
0.191226364962209,0.219780042960202
0.200277722170623,0.0614044336279169
0.201743292937564,0.099470140526115
0.199418847328061,0.271149337075253
0.323397844552224,0.0707777089848645
0.352112998151531,0.160977225413233
0.273880500959071,0.1222287647178
0.32500421571338,0.204439491680534
0.2991248688897,0.0528859263498904
0.35414769390272,0.0834511452753409
0.403261749865705,0.20401221233053
0.455118406123234,0.169893181018652
0.500772906680869,0.127992231686297
0.46196517601545,0.106124097317814
0.50229386477722,0.106772837115514
0.389028659215088,0.126677119063545
0.470998188494117,0.0595679257279967
0.515769433952665,0.0583097590104643
0.502702269655098,0.105394107453698
0.458367013626543,0.048810050333228
0.516703472748873,0.0558458295177007
0.482882835823075,0.112321550588194
0.54865805347097,0.0916830203454913
0.528787999046958,0.0862019982570746
0.560391381679802,0.0641974824542754
0.479345392798213,0.0920887952675251
0.502845787991311,0.104798532112953
0.610646954919683,0.0902042243245592
0.527526020355262,0.141655870909692
0.587842741421087,0.114335485591824
0.586630704456924,0.13057435133907
0.481522934012115,0.157611434224158
0.550088585103897,0.0799472761812776
0.537139988425863,0.0995075379634149
0.542304756592003,0.0488837793901702
0.621983631348268,0.136342626616704
0.510749564057939,-0.000734681027986869
0.651310416406546,0.171101244979173
0.667646347364106,0.088617226302713
0.556684886630584,0.106334651983935
0.695807192161216,0.118896916261675
0.692632527322744,0.144519715062304
0.687305056588378,0.087458768676381
0.704227588953931,0.110059849372938
0.759638322315636,0.136364381026776
0.71893432109019,0.140907480539283
0.703521482766827,0.134778398210121
0.785288018340475,0.207789205140374
0.774795493024896,0.102804617181295
0.805527384422015,0.204486331981474
0.724651232272737,0.0730893584383197
0.742179356269457,0.163311760604327
0.792469207290085,0.143141489070114
0.747506630880808,0.18235708393271
0.789830550897039,0.147473881809588
0.746282861531237,0.272957963038527
0.837247391803557,0.238317196723239
0.726259682385108,0.278340686521728
0.781124715939163,0.340640170164767
0.698084771638711,0.379312195949287
0.762424528188048,0.390756018561303
0.638985521966454,0.343400161265932
0.715070846029001,0.439963947498885
0.650986557627327,0.444459001031171
0.699424103464111,0.401803056887215
0.614479933635566,0.424529440010125
0.632282358010406,0.455675581841013
0.606004912811861,0.561019807161517
0.558848993174012,0.468876828593575
0.542090001568993,0.50285373698574
0.572097884712707,0.542488145442727
0.577705240673691,0.534199770392407
0.431872994550791,0.701704610700992
0.518367159306713,0.64222965695916
0.488060437601661,0.696282557475726
0.423428085949052,0.649977364084377
0.438101056559484,0.704426209514521
0.0671018663394636,0.938101442862564
0.0483076688157804,0.933588783255627
0.067036775467052,0.93132693286714
0.0943323521083016,0.942026284236091
0.0668748594286744,0.941673360271749
0.0789815673329481,0.932736362878841
0.0732116528476487,0.92425906183963
0.0661733505982404,0.914900552113474
0.0834942681601481,0.915738069814565
0.105396749340394,0.909182064274281
0.152217553868345,0.861246300456866
0.138265204202295,0.876081131016689
0.0857598777545006,0.841494677685314
0.155715468152478,0.860075907556717
0.108546079357793,0.855998174003609
0.162260040033477,0.847001861219189
0.157448221518253,0.850612937740378
0.174231907239268,0.851618305183297
0.152825533295171,0.801356744401539
0.162006175937714,0.832941324974598
0.204401823968866,0.770866278823362
0.295673399005589,0.768524749570466
0.260704445948839,0.775795196849702
0.248353929640487,0.752792530958084
0.254099577654645,0.749046161145068
0.247565445849194,0.704437142909213
0.223589618693272,0.758154485129302
0.262146728918732,0.746383441636523
0.266931587855086,0.729548799673843
0.252105831526705,0.78612583643477
0.211063892924063,0.690826919184965
0.208328854558269,0.781189695229863
0.285101375598,0.704488181818031
0.138695122093894,0.804720845239627
0.208982127298132,0.739550388877241
0.131414843813386,0.85739644619794
0.184858564068416,0.745040836840318
0.199003954641738,0.724686907155372
0.259650536166069,0.771267189256421
0.197090242504398,0.768233084176152
0.234886358681394,0.726791983081765
0.297765310575397,0.682724238072872
0.209887272305494,0.79725431245011
0.250638517388519,0.66961097833842
0.24554836735319,0.773093310849407
0.305668500513167,0.763531546191793
0.264352659820483,0.661365425121046
0.286157438322535,0.658571854637748
0.261200044269573,0.761566416117844
0.226379548152628,0.790556308478646
0.213168036945566,0.792845366149346
0.234887007824885,0.805075672027965
0.177146736443876,0.749510036752114
0.221629838004108,0.755974681157508
0.281704001548017,0.745007208642327
0.244977835241513,0.766561176286789
0.308027241612682,0.767217562467422
0.271661392810355,0.723585919929939
0.257687914453256,0.742963021787765
0.30825581726354,0.751131396062465
0.345070746994799,0.682901770717169
0.256607226912046,0.659324106219579
0.283458415298705,0.626346631478499
0.30281848478615,0.63845576034935
0.272045402501763,0.635345555334118
0.277747545647637,0.677881206261481
0.24228674859615,0.728843622455914
0.213864797090551,0.713712883093862
0.319848724900652,0.667553767539472
0.18289538531008,0.671167093574989
0.163309302766388,0.716745040715754
0.12237089165482,0.693136710814025
0.0912920199341071,0.759206883970154
0.0179929538622999,0.691189774108109
-0.000434730443719513,0.730310195763359
0.0614014955000337,0.727431913716129
-0.0635381294926192,0.659799171366311
-0.0934828187330164,0.620443261736002
-0.10056194674361,0.675175176561969
-0.149912003595426,0.652364850065171
-0.122591865195523,0.627979374710659
-0.261958122713669,0.568814142593715
-0.218392007946354,0.684798017474052
-0.0827420781399685,0.714731945858183
-0.202693122148784,0.677389546424788
-0.213935269861792,0.668945904393312
-0.259372644919503,0.64934120416432
-0.245835812308054,0.721934805623831
-0.361988517178333,0.640368936010413
-0.36233016316389,0.647316317958558
-0.288007839691696,0.599793769724552
-0.453474141161894,0.527793293616061
-0.441452224916426,0.610893999596573
-0.452641937703935,0.476889985533531
-0.51761227392933,0.556714362222949
-0.581113573656913,0.502272167943616
-0.561705176024822,0.559329788280494
-0.534002760043736,0.499774348309656
-0.607796260745584,0.476257868495977
-0.653016411680577,0.504937298230547
-0.584363704431818,0.511094111285883
-0.640834850468492,0.464025431414069
-0.621718931019777,0.48551301583196
-0.689892071488732,0.429571600581827
-0.727960015780665,0.446380061349449
-0.734610712825357,0.369870728015296
-0.7205159304413,0.318424769541578
-0.724252359715712,0.287111630743122
-0.749176278715574,0.253880786086046
-0.736992725238753,0.202943217765693
-0.805400880943492,0.198573261292951
-0.82770694648678,0.129710152125959
-0.807776377041372,0.119045619741251
-0.857712887374169,0.079306039213385
-0.855019805213627,0.0504958316257153
-0.874659193724991,-0.0112252757288092
-0.845304386482776,-0.0580485229988226
-0.849971013644107,-0.101278024031433
-0.860698021360821,-0.155323542713965
-0.850667599576052,-0.190511206060404
-0.860082972432607,-0.246942548135446
-0.838049676535322,-0.247616585644575
-0.836775227728575,-0.3129196885469
-0.828781450401852,-0.360038467622369
-0.785718297970798,-0.407046547111968
-0.762200328071034,-0.44582257637702
-0.740324667711588,-0.497231454349097
-0.695042509329035,-0.542431744280655
-0.698760809972654,-0.530812372793678
-0.666104991824645,-0.608035369627092
-0.636359775201225,-0.615307335000722
-0.588356993993116,-0.661224091747137
-0.545288512708144,-0.694370914572011
-0.531354348361118,-0.715386612443162
-0.509961039455075,-0.696875059576077
-0.428226055489894,-0.757761468558925
-0.427659303252794,-0.793698954651304
-0.327110907945273,-0.796562602211065
-0.308147072923149,-0.834328832203058
-0.264695579747409,-0.833843303474849
-0.178470361984429,-0.883737440772268
-0.20281607839302,-0.903002568892967
-0.131062623938106,-0.920251029665828
-0.104027033008379,-0.884854431370738
-0.0526351209398056,-0.916924156087436
-0.0141983609138539,-0.913498772147097
0.120878197669338,-0.888955154268247
0.169537227319631,-0.922214030661929
0.256983758426768,-0.906771543692662
0.34834240455905,-0.858289445844035
0.332278997308696,-0.757024592450181
0.497205351852754,-0.789302978742203
0.593611366073735,-0.708103150360655
0.637052785046006,-0.67894691549185
0.556813048625498,-0.541575059018329
0.796498784527386,-0.450805068510758
0.744477451359314,-0.392223704533692
0.742880392927418,-0.316434521994009
0.780687701283102,-0.174708284412751
0.875384514715497,-0.160758041895513
0.825518476281332,-0.15406370560739
0.792089360080097,0.0176648692809513
0.819157077474128,-0.00275170100889417
0.687876777124577,0.101169174271875
0.703497476340583,0.0583309065083928
0.618379851301812,0.157193394064229
0.676311140226854,0.191591238698682
0.663404802244321,0.242937349464332
0.623610593286268,0.353703388596512
0.592430977437011,0.349236953519243
0.644193556791287,0.388881721551627
0.607118536944654,0.463613670168364
0.624404449726539,0.459266264290008
0.61068959368653,0.432244008061182
0.562509156929948,0.459666036379024
0.532286298399477,0.463658814020219
0.446273049638371,0.504053643627855
0.404734499979716,0.519800901076577
0.479359358935441,0.399848889034682
0.531197812892734,0.508085877195056
0.462112046885693,0.522915693167163
0.520808014555065,0.506346592500522
0.442903307731391,0.525520966179156
0.443758706174206,0.484803619633925
0.379148549645867,0.48395472334545
0.388728046340783,0.483187241277503
0.412886241147323,0.53018411101969
0.449373519660525,0.538400187972345
0.347901492403856,0.511199618908407
0.459203765123592,0.610506449605437
0.369276369453398,0.497384922117693
0.268252864466581,0.544501096215977
0.297229243372075,0.457946648383905
0.247106647922069,0.547259769006148
0.208657567331951,0.487302941697331
0.0352994889106477,0.457212226781052
0.066820436569208,0.44649307925762
-0.0209353096838703,0.488258549000829
-0.0631481544594163,0.400826653052473
-0.0844156955673045,0.414401745155667
-0.0568944871278954,0.396641572097623
-0.141431035425945,0.403031418796969
-0.158544484763344,0.32256975814312
-0.230478706168227,0.272240187285652
-0.254708657308459,0.244653900672173
-0.377162553001254,0.283636078952445
-0.226670862960723,0.238841806191465
-0.287154148002398,0.018137239127929
-0.216059168697952,0.17802225203623
-0.298935316511247,0.074546949097087
-0.228990478739921,-0.0218285584655248
-0.269428869113637,-0.138921541676882
-0.221612269738921,-0.0790729161375638
-0.114838494298198,-0.103808569503207
-0.0827968533740102,-0.151042022407519
-0.116959802275215,-0.256399090197669
-0.141451204812414,-0.275407997322598
-0.154955164624971,-0.452921720808154
-0.064136054545197,-0.449452835899739
-0.112334803890908,-0.417313694164617
-0.0874914478366743,-0.558984164743023
-0.11309048175853,-0.567670870849463
-0.115289944649476,-0.48085969159885
-0.035550597396921,-0.549467932247931
0.107517437060229,-0.523894538740169
0.0922246318292844,-0.613113837103587
0.103907163190005,-0.572376197856625
0.252638102873656,-0.535986883879645
0.163986648187428,-0.636208416991214
0.208790227732082,-0.650196365796863
0.307242337399987,-0.626170786442269
0.281087465499615,-0.649636975910899
0.255289687109898,-0.591176247668307
0.252177240808937,-0.558579616066228
0.232434575306932,-0.631020057605287
0.35384808004611,-0.588515046107835
0.45525758986889,-0.651572155235673
0.431522974717832,-0.608761554105557
0.519965638507452,-0.69472608065997
0.536180437150124,-0.571020261069927
0.476010355027647,-0.550196069649344
0.565355852674838,-0.630940144709624
0.627896273579199,-0.63738227430349
0.564630857956815,-0.585410661507933
0.661084308494146,-0.580200115991954
0.668100903524377,-0.591685019095223
0.665964401435707,-0.558815653425028
0.706508109648769,-0.558208747304207
0.723666199932405,-0.528315176441285
0.726006519614876,-0.584254358626861
0.679265636704313,-0.575014707849709
0.738706250096204,-0.558999515324563
0.727530719697066,-0.547496768287952
0.795316424497836,-0.518974262627824
0.798828763047091,-0.517249675396756
0.745763096764066,-0.476866452650703
0.759451323396762,-0.49259434198587
0.767591558705349,-0.504744316929694
0.770091318076892,-0.508413004293312
0.716733473645886,-0.534272009913192
0.736469463997351,-0.596911324588412
0.75366811126838,-0.54927469190622
0.613132261684658,-0.63037257448176
0.586413807804216,-0.681643015680877
0.614170131999393,-0.710735242248733
0.517719774983341,-0.729348902960999
0.51772556440812,-0.714694404498693
0.51985870120009,-0.731199398909991
0.48237649486864,-0.751813164929946
0.491963380127842,-0.771312129205108
0.440347609804732,-0.802691465656608
0.436303337520092,-0.807026617091008
0.360805527946209,-0.829455588060957
0.338154164520239,-0.825643451059288
0.345549173449448,-0.796089005629442
0.313621365039274,-0.838515996852005
0.289602496793994,-0.871987169770578
0.252712823126345,-0.853039627338482
0.317900734200934,-0.804932732829354
0.236341663989876,-0.866547836480454
0.158639213185959,-0.885049077940157
0.156091476847932,-0.906783079217467
0.123916493805775,-0.933766726726955
0.0662100239479658,-0.892611446197478
0.0262662129945029,-0.884733674400666
0.00571491416466273,-0.930482867314679
-0.0465012560481132,-0.917012372779501
-0.0592182909601862,-0.924730924200646
-0.119881089915572,-0.947597462864118
-0.126018549523576,-0.915530599563577
-0.244881378784899,-0.920050598385743
-0.219046954818306,-0.916481625010177
-0.267908784190346,-0.895990096002672
-0.300219079320262,-0.88342261303691
-0.296729698492864,-0.792433703094836
-0.269695640435195,-0.895008944886041
-0.425666245328722,-0.829326687692563
-0.399030602083354,-0.823943924632063
-0.485311171339652,-0.800938338798429
-0.508562138385131,-0.780520797828108
-0.546142183660305,-0.746704916473574
-0.555563543846969,-0.756473046523329
-0.589117441238198,-0.69947390326585
-0.597024267628445,-0.730822855858944
-0.607231587851098,-0.719127959175368
-0.658018629706098,-0.692021588082035
-0.652811522385654,-0.707180008845788
-0.651187600739737,-0.706111612191942
-0.619044126984414,-0.703671116234713
-0.659564264349749,-0.681884318053116
-0.646420528796962,-0.727135152138009
-0.686295695890856,-0.696283472641827
-0.665585871736722,-0.718886704978913
-0.675241409536277,-0.675127968467925
-0.717446536788407,-0.672537166526029
-0.687587396022213,-0.696424918348003
-0.686768126308934,-0.694572538526635
-0.673544644256404,-0.700759466702641
-0.71433067433847,-0.658346608464256
-0.677269935582177,-0.681572575898836
-0.697267247442065,-0.649066783192347
-0.703242928305875,-0.64474634074902
-0.727950642852736,-0.602293932331475
-0.728300548536586,-0.587367918051812
-0.733660231435373,-0.582916067429176
-0.740192031446583,-0.573801743087565
-0.747977342296004,-0.573011609544774
-0.781073775526704,-0.54130184645205
-0.770525329598493,-0.550080363351941
-0.781609254544144,-0.536116685582024
-0.7814805795152,-0.527350378708192
-0.789396841933609,-0.501986702502708
-0.776651548047201,-0.492207691914522
-0.81537568784409,-0.43436031370332
-0.841272495116678,-0.416579751110296
-0.856510432311339,-0.388546075079516
-0.847712397486609,-0.352689163026078
-0.880305300745613,-0.347424224735091
-0.841303984680087,-0.386212014440481
-0.859241239837277,-0.362446604588012
-0.861555190187031,-0.333248686649287
-0.813587689329309,-0.337630699847997
-0.860744232640997,-0.309183369338609
-0.860894838109418,-0.314190764912476
-0.895904410149014,-0.277522991771796
-0.884815814933268,-0.277517290815367
-0.880393520563545,-0.246305904482859
-0.899739675917586,-0.24982131401609
-0.908664215505939,-0.23979063589265
-0.893685784956642,-0.246453878165661
-0.897396861898184,-0.248375866853514
-0.868981383315917,-0.178373317977041
-0.903640265725031,-0.181917833164302
-0.902994462295356,-0.186929916378471
-0.92296038724292,-0.162916355972239
-0.920326055034549,-0.141690668292371
-0.906042593231412,-0.115943894489556
-0.950216054862037,-0.162006103659462
-0.92122204943694,-0.101513560710556
-0.910075234586631,-0.183904102988695
-0.90845035859244,-0.115650509265049
-0.858940264374391,-0.112262397436399
-0.894814274250116,-0.136719070836975
-0.817679699278382,-0.0882644019274491
-0.857032713220227,-0.128926709537862
-0.848375337588495,-0.10189792684192
-0.823562354324463,-0.105301401560173
-0.771800778143451,-0.103004152650026
-0.760769729071859,-0.173153628816098
-0.778968232260828,-0.0994302271651548
-0.760943245960784,-0.0974860934980558
-0.815168463987648,-0.158101169851952
-0.707188547674908,-0.175092065590021
-0.751346466098391,-0.147799089213327
-0.677780711839644,-0.247951411721236
-0.728073872161293,-0.228922031145386
-0.68811600469271,-0.154414392135178
-0.684173506872293,-0.19978835723169
-0.528511286057688,-0.268349276226826
-0.676572134558472,-0.233829968920146
-0.574735686269298,-0.192219350301551
-0.469282115636263,-0.19715546279087
-0.678615159400033,-0.235088289262062
-0.50933237937697,-0.199000378183781
-0.518800615111691,-0.16575280747805
-0.471951853269565,-0.150717503259059
-0.633330007359117,-0.0653340474245439
-0.476257604287165,-0.187266728859608
-0.451315503105024,-0.175404254076681
-0.578242933357858,-0.183811113022294
-0.478658868120451,-0.209261607755396
-0.278811057718822,-0.1160212045209
-0.440518787371629,-0.171006975011061
-0.428523378891858,-0.131736225383228
-0.498546249707141,-0.0705273725956969
-0.326135755834726,0.0313458035003525
-0.508871520934355,-0.0231307810242636
-0.388000995293113,0.0442976352672293
-0.380717570402704,0.0850466406563068
-0.509599467285498,0.13347877369233
-0.438583809614125,0.0350280996903024
-0.416877266570957,0.098550006786406
-0.456424217784765,0.163901811007646
-0.459264533075104,0.200921678551019
-0.385254847941095,0.215798654452422
-0.419360903370028,0.290400831885827
-0.452547452552773,0.22260560141097
-0.443348104873522,0.272250311796913
-0.348690553269585,0.322941242608784
-0.342080147016572,0.300619279198455
-0.419284295259413,0.369847595025174
-0.337156039965725,0.370432430733251
-0.29927079170575,0.38411515198057
-0.412209708780018,0.288827802657575
-0.235627574582221,0.438112914846158
-0.310996701563463,0.488424639533177
-0.2069570301816,0.432712049215946
-0.270392225478856,0.366589093281788
-0.177173132098391,0.36342277706665
-0.192111743125918,0.441450651566099
-0.103830661639096,0.461770292042666
-0.201700407680731,0.378804967583356
-0.173684454548859,0.38956226142655
-0.118252220314927,0.467087310292903
-0.159638254476235,0.424337518886796
-0.0179716602598312,0.478528810957679
-0.0250291075631783,0.490264468670224
-0.0558097839000112,0.527169008931348
-0.111363775249126,0.587012499894929
0.0742902935757867,0.519582019500981
0.0379314126656324,0.492147771809889
-0.00423475513789438,0.541686718903273
0.0892538175308927,0.534575266664148
0.000603381869675214,0.439301004206106
0.0583418664346569,0.527156980162128
-0.0345960812003361,0.469928483939195
0.0467773063403392,0.464249925157382
0.0240583463889497,0.445544953516042
0.128971598494946,0.436691964273348
0.0567462619434958,0.434835397382706
0.0458558772050144,0.549674022572088
0.0585610910809877,0.390752179277637
0.0892256170625315,0.432776000857687
0.114931535766077,0.468519042545862
-0.00170870968040587,0.380589833536856
-0.0130663788597264,0.488787602039142
0.150362421625164,0.423203560328524
-0.145834276658362,0.449477512271686
0.060878494357006,0.443772696624396
-0.0735646601767007,0.359885499857823
-0.0685373680476726,0.360251276546473
-0.0472844408057254,0.456943434557161
-0.022774630836308,0.28341445863721
-0.0558766229692337,0.322232899380371
-0.119798573843709,0.297835802886972
-0.0835326530523762,0.416961900877924
-0.0615054789371358,0.353458183493237
-0.0848604028414901,0.209812072301967
-0.188988944173504,0.280093119740391
-0.0964943612427971,0.284055241382581
-0.181508794351987,0.15820181017038
-0.298919544306018,0.0651009543601284
-0.0845193405248571,0.158713454604035
-0.153445573794344,0.0682217669687497
-0.221368053432609,0.0766568371738479
-0.221490116915465,0.0398738388575912
-0.209215495583727,0.0454314597637369
-0.177595319029181,-0.0371654238732187
-0.203393532567814,-0.115532403484503
-0.187413017611246,0.00530873562327751
-0.27642660842314,-0.0468888930766566
-0.280240760239574,-0.205689121483517
-0.210292178715802,-0.132972599525199
-0.217652452264373,-0.215669958497117
-0.33076881729648,-0.170082852013114
-0.22867195599431,-0.212773099032443
-0.360910853719313,-0.18422665954399
-0.190208241877949,-0.220724628337667
-0.361266949949615,-0.11750101439954
-0.319038007295307,-0.210871273114848
-0.320463857500281,-0.322582582617374
-0.264356088254111,-0.264116228476254
-0.319291521674735,-0.281729612566253
-0.268713121296025,-0.312311795706291
-0.305688760349119,-0.263682740282314
-0.224617589716245,-0.33915448115244
-0.410306001797639,-0.2573308060194
-0.351761211171171,-0.354009852321909
-0.35957105011489,-0.292039713638484
-0.327391820281976,-0.449160412521953
-0.421601062986507,-0.323982840809118
-0.380877544721074,-0.34956983669258
-0.376291267384451,-0.406373802221021
-0.41894858012978,-0.324783888065474
-0.409088892536423,-0.416077986420239
-0.436022442021074,-0.470787580022271
-0.366498026916193,-0.438707199352284
-0.461347588242096,-0.476687971150897
-0.337152888944934,-0.469625020011188
-0.503430130740695,-0.427994090459482
-0.410813916084549,-0.511282378449009
-0.448993849474934,-0.482059361120723
-0.416940236181853,-0.433844067683146
-0.543357223301684,-0.488659081937989
-0.474500717474726,-0.398675229606502
-0.507308443884163,-0.414786140720925
-0.523571281375295,-0.416625297206274
-0.568352420642588,-0.432347740553619
-0.501936428892778,-0.462446159213798
-0.603447222579002,-0.441255437329647
-0.664676064423813,-0.345808015923792
-0.629090140363778,-0.379500407897867
-0.632501700494014,-0.361154224837535
-0.650649682062349,-0.39308209543809
-0.7193132789081,-0.238968512774245
-0.748120777740553,-0.280457598502477
-0.78319259197372,-0.294220716112326
-0.751583373059126,-0.228086310112266
-0.7984627436934,-0.245782732537922
-0.803619115944005,-0.17648862236635
-0.831309051720723,-0.178306555263015
-0.866352980926154,-0.0700079098163298
-0.838884291086587,-0.0771871607488737
-0.902529745070466,-0.00696158778757284
-0.882338383729083,0.017205882978207
-0.918828378868941,0.0712162882257359
-0.886053375351964,0.104317143822947
-0.901884327572001,0.182210243542967
-0.924891566103495,0.201128047213202
-0.874512291855953,0.221892903867208
-0.857158143636776,0.260581823834625
-0.87931928247695,0.258898509691149
-0.878443124411775,0.323842016507684
-0.862303285794163,0.340752478683482
-0.862119089368897,0.337652675511824
-0.896879555213265,0.355809543428605
-0.877698282493656,0.325834964752381
-0.892082122858502,0.371511242211076
-0.893975124340272,0.387705826617232
-0.814540286525188,0.335040931989495
-0.843129879550399,0.404600952430226
-0.848890204869147,0.455995493094824
-0.808404745170938,0.48376936288334
-0.763781910962972,0.531438482239058
-0.788046280757898,0.526359865369669
-0.794891961000507,0.488257391431396
-0.775917960486003,0.50664622876241
-0.785430428729925,0.550270713066458
-0.793822483405366,0.538689136603227
-0.783536380152092,0.545003371830245
-0.765597447287195,0.561234740995759
-0.724262280817779,0.57724316722253
-0.721751669154429,0.608634102010917
-0.679878700463975,0.619357166693648
-0.626929837887544,0.641193245467737
-0.614244421415349,0.709245101512778
-0.588821450326766,0.734557043598756
-0.58248609493856,0.763752409648317
-0.549751239823781,0.795091468586925
-0.584609795209276,0.781710158479039
-0.553688328899003,0.782712824052217
-0.553899394325093,0.808164721873042
-0.464528536884655,0.784272988109359
-0.536639092394222,0.78757837741836
-0.454497691586028,0.779443311387915
-0.484309627924643,0.852152899951222
-0.442743892571026,0.882855842276175
-0.43018824592137,0.821022767907416
-0.388400321260827,0.901345168018549
-0.334038778893654,0.916718404411506
-0.324929665996888,0.918756235711013
-0.305716487420034,0.931566567524262
-0.275309126262826,0.94342224868788
-0.273355140934677,0.945763183513813
-0.232883684608086,0.948133888539858
-0.271350557875041,0.936011657583079
-0.223856600900871,0.953467712566873
-0.141252674841806,0.922078465715618
-0.123133081986562,0.867558160076469
-0.145117686490153,0.96762873988304
-0.0725005712723585,0.942215790788677
-0.122609637622433,0.871917422897142
-0.0892718742225355,0.965036958031162
-0.101445061977356,0.968375326662622
-0.0821905099167059,0.97894669706995
-0.186264411052727,0.951186513665524
-0.145864318113792,0.974467458749249
-0.166890446637465,0.963233313947962
-0.198015243984929,0.954015040619948
-0.152815691208944,0.778945027313889
-0.0591008983301292,0.832875971860201
-0.264356812087582,0.775690685059323
-0.189019573621719,0.9470947591792
-0.10819107027522,0.946730367088299
-0.142028794629044,0.914773874274721
-0.145226373787324,0.893530733576224
-0.127131616375437,0.951146279950552
-0.179375536354692,0.952103451939256
-0.141661881711819,0.948834813609153
-0.0783905196958301,0.938026450452876
-0.0895842375578328,0.879261136566534
-0.102258101303067,0.955703871659302
-0.124921137793424,0.950373818926585
-0.079107803463389,0.932271353397894
-0.109072411533762,0.935169214151077
-0.0149876065596433,0.904306324662275
-0.0324408203790746,0.941540198249905
0.0163380283359412,0.926411625238134
0.0751307929280493,0.917677518425203
0.0349720704693695,0.894787453131771
0.122849990761083,0.915851443343253
0.0928470351415527,0.88822723888607
0.168303299986615,0.873295828781432
0.263314010286715,0.835065988683472
0.228947458101908,0.816554227615586
0.373471278268757,0.752765531049547
0.364499231552855,0.783438847741137
0.489684440999872,0.723230037713148
0.505571119827798,0.726285951417943
0.513380468123569,0.663560988670799
0.594101528913549,0.575373235709261
0.647199826049551,0.571070827063077
0.681624873566019,0.549557846893926
0.745703132822423,0.532725119730264
0.757206655369586,0.501153890888383
0.814386917681606,0.427003323175777
0.842367661780368,0.393809360152267
0.82206033638062,0.348817497796523
0.838155831809395,0.318165644017833
0.871575123027335,0.256453016216011
0.885249980532201,0.222957301826325
0.885524550821262,0.112990583370561
0.888201552421051,0.0219585222143385
0.925771845203834,0.0238522951127736
0.917107935468959,-0.0750088742944806
0.861987636940779,-0.140664700810273
0.815570561281424,-0.101361974004234
0.879456082124739,-0.192106208851595
0.849026656671773,-0.241499347773282
0.808396320300831,-0.354904456098221
0.793537023085127,-0.379376101602443
0.719668705749062,-0.499491295609481
0.693549102035711,-0.597366001925461
0.632057448859981,-0.649555666033411
0.58787164891755,-0.676637059451292
0.565306868065841,-0.725295275959945
0.502115653218293,-0.753553122665113
0.440298250071629,-0.827619282472273
0.422075769064196,-0.808565758704998
0.315579469206586,-0.866818965967859
0.206180085497765,-0.860870057762876
0.187399906992132,-0.883336407770249
0.082807600793407,-0.899499619588022
0.0586835453467096,-0.901880661789825
0.0665585239285346,-0.923988245622396
-0.00732394191531655,-0.953970620584661
-0.0381394194596105,-0.943272192970059
-0.0851470987964476,-0.948619779759028
-0.152618143707816,-0.956601093932202
-0.168666562932482,-0.93619865450341
-0.257966396680565,-0.941305556783829
-0.306498447203761,-0.899095910303119
-0.329749320767483,-0.905335390013909
-0.384874919593826,-0.879520803984523
-0.398029246100278,-0.875322842819431
-0.357966856636928,-0.866255268653545
-0.43911074656598,-0.84906644370376
-0.465709185679472,-0.831125154461615
-0.395747838413154,-0.763144753627825
-0.395255157016953,-0.773179618087649
-0.468704908324131,-0.744625090129595
-0.433956756450756,-0.728132438203248
-0.520558745594049,-0.736366768868131
-0.554631365427842,-0.727224129506387
-0.56123892762253,-0.73305706185088
-0.590567457401344,-0.744815459190431
-0.577356077809293,-0.737638148557887
-0.596032575759804,-0.760937701278104
-0.562508052134966,-0.739209815189316
-0.574890483604883,-0.753787567450199
-0.548757683372026,-0.724492504083463
-0.545573111308142,-0.727871344594005
-0.537025123181075,-0.733395492962641
-0.631833816719017,-0.678711230944109
-0.610865899637534,-0.728121374252661
-0.607264444722093,-0.7242138790457
-0.593748536022526,-0.673486652070398
-0.62159683502085,-0.722133126090135
-0.628822167794179,-0.653757987402032
-0.533575915136714,-0.702202921976968
-0.572866595183566,-0.666413471161208
-0.523454858641752,-0.656615962877236
-0.529210883375313,-0.713339934445728
-0.527417171198996,-0.661738347563995
-0.54643053668328,-0.617562232146
-0.583012368038029,-0.680030984948888
-0.4986682041201,-0.595163757987451
-0.455444884041059,-0.630502912757191
-0.458067647121904,-0.554897045510792
-0.398219439854159,-0.623539444582284
-0.283460042531654,-0.567748517307551
-0.269833263930462,-0.596644395846083
-0.229065849406235,-0.641228962019853
-0.216092832977273,-0.584113286147121
-0.230272201319008,-0.692665311895021
-0.230174168632788,-0.555879312138119
-0.220798466515201,-0.554862699751666
-0.263387916537585,-0.575131878338588
-0.20830463424162,-0.53206344717336
-0.257453113848658,-0.636765100999538
-0.148985384855465,-0.582219574690779
-0.238387358198858,-0.618025772433131
-0.133330393277112,-0.697049687024556
-0.163641490925342,-0.588488738090784
-0.126303803916931,-0.635408130772101
-0.0409646655927414,-0.711778998640212
-0.0241198316106759,-0.621858288240227
-0.0542845913485373,-0.749223177591304
0.0264960240943962,-0.619036052769079
0.0893764068151419,-0.616483123462949
0.0625609507545379,-0.653353533407998
0.215848981667182,-0.625873468033863
0.245102804468085,-0.642889750770664
0.186560221540765,-0.550768518081032
0.24403017171491,-0.655104807863306
0.302299093469652,-0.638105070908775
0.323050889615914,-0.670717865240153
0.382248980496513,-0.663347893299359
0.305814372749331,-0.681119508474175
0.36720137027738,-0.644950745476043
0.337721307916914,-0.704059561197057
0.484802752518724,-0.710599349260074
0.450290332697202,-0.662611334251466
0.455349195025806,-0.699878948971776
0.326521246750794,-0.666051503704793
0.421647553831303,-0.696774171449629
0.361521287373148,-0.696940411006324
0.353008432638653,-0.6529885353273
0.245950782225011,-0.780886417332322
0.284979935771551,-0.745053332275481
0.268256133322663,-0.692361696240147
0.200846610156925,-0.651463057730266
0.0994564800636424,-0.681957555490212
0.0407334943473299,-0.800386969815749
0.0120299211427226,-0.691122828569281
-0.0397289711256326,-0.728321038392608
-0.12488428741435,-0.712239463981433
-0.121388864388635,-0.728521980768922
-0.17380801809403,-0.724068736411558
-0.253586953002316,-0.69421920786866
-0.186108670356016,-0.626160081462803
-0.293423250157692,-0.651319125410822
-0.258651534653139,-0.716164755944717
-0.316209908713373,-0.642428451455835
-0.34072933348714,-0.74260626898427
-0.299024706560618,-0.624210851008228
-0.282669656663869,-0.729810835038375
-0.34170385249196,-0.730296238058271
-0.217541175569181,-0.745027251286778
-0.197209432676701,-0.683062816484048
-0.190404382128773,-0.72135713827658
-0.252334475929904,-0.743046377065615
-0.269808563460833,-0.652338477379746
-0.173932957058004,-0.664958075539734
-0.144299338621033,-0.703247133557235
-0.155407540878905,-0.620040365195094
-0.240194393191695,-0.665039854500851
-0.13877758030517,-0.626201340877854
-0.186046298457052,-0.647854839285864
-0.204298238823536,-0.599664981832122
-0.0973660014196261,-0.642657606112078
-0.14876002215043,-0.457833978128156
-0.142011949644929,-0.565033642046124
-0.162160009652322,-0.499892188665408
-0.175018343392652,-0.504848315881414
-0.10729236016247,-0.596196634269464
-0.161346544624449,-0.502895840912063
-0.0572908756338283,-0.59931212517522
-0.0122373720841584,-0.48353856228494
-0.0485776601452015,-0.510297558881669
-0.134967513361732,-0.36298811828128
0.0149427321218188,-0.482927933061315
-0.0156780427046048,-0.436937828910747
-0.0212974402140967,-0.513011936156166
0.0843762249493945,-0.421607522871801
-0.0209432578822744,-0.340911655733859
0.197890343188115,-0.357094645168049
0.101098854900861,-0.383321704462374
0.176256396880094,-0.289057919699587
0.197024999463809,-0.246956646744078
0.312170418786914,-0.273312487313713
0.299565477289382,-0.356785969773334
0.238937604630586,-0.317300693432447
0.204205841269163,-0.390019650839011
0.351646338211677,-0.339920716212912
0.343250393580461,-0.25717564666331
0.23409773558536,-0.336264270656271
0.336173846742725,-0.32122067807902
0.42932408882126,-0.328226118855401
0.476147551813798,-0.413688439789564
0.472925029403047,-0.288445610893782
0.463343078458986,-0.391934581943488
0.465254396328027,-0.3050051744918
0.467947788370632,-0.288310228918308
0.437297472427306,-0.26101029604097
0.54643950706863,-0.345644687009783
0.551017419762998,-0.293223167629854
0.550692741046982,-0.319318380653844
0.613467558489747,-0.2169159512142
0.634160229901313,-0.279799909886769
0.655912710751411,-0.300548601656611
0.571106109032527,-0.223972766583637
0.673146694632418,-0.25237070878188
0.655481469884638,-0.220547013574254
0.663780018862532,-0.248754508859389
0.720058196005385,-0.255246625277668
0.709554291548715,-0.201394274463732
0.729889875019989,-0.212615892744805
0.789200593399416,-0.225537346341586
0.643598796983986,-0.148378100285961
0.745476727420542,-0.103429578095563
0.77205658635945,-0.0514441714049137
0.787849622415084,-0.0881491967554431
0.823240063570342,-0.0588251801664281
0.868670272376242,-0.096796138625643
0.871008775136432,-0.0557611846218303
0.886119273269513,0.00879751392919015
0.876382084360153,-0.0474722784336465
0.907781610157355,-0.0465715694409902
0.904215166458417,-0.0857697010737534
0.917316014049614,-0.0806159586571785
0.901614475119272,-0.103952536077005
0.932640128017567,-0.11043921591315
0.904280566556196,-0.116430943338823
0.887911289781353,-0.0743584693314933
0.902638795076222,-0.114755249012414
0.894670652945041,-0.113837837011365
0.921977446861558,-0.169456653255447
0.955888062888661,-0.144046686484452
0.916882832031822,-0.121543727417632
0.941940262421968,-0.131522087167263
0.931287299770015,-0.208102075947816
0.91664465157919,-0.211083981630466
0.930789073497495,-0.227574835535243
0.940596778689527,-0.269681130792085
0.908568870525871,-0.287416579233793
0.832754011844522,-0.338528785782394
0.884753404381409,-0.32011480512391
0.844842626620855,-0.372499116414245
0.872411663110756,-0.40845094440114
0.829412188185725,-0.400221314144594
0.845910513280519,-0.390424974750641
0.825364594360604,-0.428267713156315
0.802117110862753,-0.354379493298139
0.882610226522747,-0.378475489375823
0.879349840102707,-0.373653280783412
0.864559437825937,-0.404617393141378
0.879486279987749,-0.352210890101108
0.889093572745076,-0.348717234542515
0.889715177505885,-0.30667745946483
0.905568522422946,-0.295665620394716
0.913232073685301,-0.253139138144569
0.9202475545557,-0.25555716438314
0.92831478626668,-0.264128704407698
0.908100553340154,-0.16794605326614
0.836410771008814,-0.200248939548727
0.960102421675317,-0.216818552977582
0.967557078929724,-0.13426380255808
0.966649503439612,-0.106070041680956
0.936662024946012,-0.131568642481326
0.936777456850618,-0.138898611785253
0.914394208058604,-0.0876252716150611
0.903483047130823,-0.0385043500149961
0.930783452314681,-0.0864335439502826
0.941025942702658,0.0336565709860233
0.951844176892886,-0.0256789115049081
0.875498692003668,0.0213741458050288
0.923675440043877,0.0297392978735223
0.870482464455571,0.0421578529311832
0.94583670109364,0.0466143474922667
0.908228928744231,0.0244416494683241
0.966842269929493,0.0588947886433555
0.927883914354152,0.0348048851517801
0.963027396870015,0.100019234437062
0.913584792789211,0.14334695163981
0.905254364549986,0.105331009848657
0.962197292365789,0.132210024803603
0.945340885334546,0.103459288452845
0.945894674444469,0.173943676676056
0.93940358821241,0.174050802523178
0.941929555114955,0.154771291354769
0.943038015012396,0.147701783837021
0.938309130108314,0.229303235013353
0.929629243287506,0.180010361604202
0.940540036603602,0.202290679608747
0.929921996997548,0.212200379304023
0.930818774908092,0.237461821812535
0.921765287729289,0.260313668327556
0.932738623492271,0.275154045410513
0.873513435719352,0.240588417849436
0.930751770874214,0.237937904148247
0.940726023714883,0.211952347374272
0.915044130359977,0.257773061764305
0.860921459917412,0.284377157897735
0.863155225581827,0.344772497637848
0.864809934442101,0.353264362715207
0.813862075494802,0.367047033839069
0.790623577995937,0.420284435426624
0.786073127285193,0.480532496603959
0.780806950807088,0.502726081293445
0.788887551328572,0.547500410217181
0.780578821482919,0.587456304317579
0.779000625789355,0.576173495829202
0.769980477447578,0.579753638010149
0.748773654602379,0.610265736265039
0.745661330218128,0.627004528059288
0.743629625790679,0.603815731480988
0.732159257041807,0.62580674475526
0.744315731684727,0.579857726993217
0.745994501509397,0.594003727285212
0.712127885808951,0.579217640044076
0.692474413821733,0.652108903470089
0.725672660644869,0.598002216091682
0.705683280908384,0.580689169826519
0.697807750780879,0.608716389230785
0.738235453976848,0.590862016662733
0.758599281992519,0.596740825218842
0.76539571643163,0.588301648793335
0.678682230200983,0.58172216220588
0.675715746171155,0.631762471221173
0.63951755284392,0.70985000762437
0.572438582987213,0.731646123401326
0.5217014352059,0.746344781907055
0.491369471312664,0.76459581616603
0.458521816668368,0.824603004034841
0.461400375049991,0.793301280571999
0.414569549262421,0.810116818104949
0.378779324120834,0.864022899787221
0.363719365235141,0.889141702681971
0.325113414696871,0.862536106302071
0.28977545860634,0.883488159330025
0.248620146439584,0.878925976605724
0.251201839644916,0.921300374851411
0.199065736012266,0.911017515662256
0.184061432646975,0.933267368955969
0.139714163504524,0.915046885926481
0.12509590910557,0.919280553658708
0.0924893961410002,0.952133260484248
0.123968551650424,0.921184286502783
0.105978274738725,0.948117844079687
0.114263493396742,0.942237690918859
0.09352505030799,0.948972040411683
0.0732939570968503,0.930059992172429
0.0242408039388035,0.945829812436823
0.0235891496678001,0.960953541940353
0.0464507143668193,0.961951190452497
-0.0438221806958354,0.975752550029797
-0.0382143292141035,0.975087138262585
-0.040822841750188,0.979082822483727
-0.0699544763735155,0.968317024760302
-0.0817350405985609,0.960195319833508
-0.0690072514295504,0.921815920824781
-0.102784111713762,0.928879829629854
-0.179028063023457,0.945645322086832
-0.182011248949511,0.936463718593577
-0.162588354909002,0.878016712070119
-0.238175275362999,0.866953091185609
-0.18346354490804,0.851056062231609
-0.239471455754607,0.872910265654095
-0.22697228202922,0.86147632291853
-0.297820670032178,0.814689556474616
-0.254323294151863,0.788430822891288
-0.290004998288756,0.745693400980911
-0.31814378903898,0.762100612474777
-0.310019003719212,0.652486666348757
-0.254591307951691,0.737695448899753
-0.338691334176286,0.631188654982446
-0.352631566495873,0.676090231517055
-0.223309441196162,0.708696683770284
-0.303698119326959,0.600818395381255
-0.278230767057403,0.627618644908008
-0.311051170350551,0.564042640102819
-0.190551364921156,0.511280164490808
-0.201310266703428,0.408017445923675
-0.278796903570724,0.451048537264635
-0.306837882468965,0.411243139990028
-0.23221031807318,0.366650493711404
-0.191112301296046,0.344717418047388
-0.114837317448696,0.350041950143957
-0.132902267513963,0.346571351468301
-0.172857107962542,0.265850817224623
-0.132535038429083,0.336352627745361
-0.129603162687349,0.3401515450349
-0.185955204452587,0.361752334235189
-0.11486770784326,0.342804128198915
-0.121980350472177,0.301008900204045
-0.152367688279572,0.252891928453164
-0.130435679272753,0.254687104820283
-0.0174576568297968,0.393634357757074
-0.0229650913892482,0.218177329572919
-0.0679565100425675,0.261963155409975
-0.0948216380535446,0.227192664322602
-0.0189198254932128,0.254690349690723
-0.0415793318978219,0.318825111165619
-0.0150353145582082,0.379462467086696
-0.061648343519622,0.308510045748489
0.0480188188966386,0.473613863228489
0.0992185320632217,0.26967075721327
0.0173680854057894,0.260795618037887
0.0327856341509395,0.224293599320277
0.0665386008480497,0.333790371589541
0.103804480477688,0.339126627139736
0.0925941905085525,0.311429542187167
0.0598687173548478,0.258906688691922
0.186408414888725,0.347115725308515
0.0788923429998052,0.324592712510896
0.0587156798522465,0.386277593516593
0.0631688465529332,0.31495476537146
0.0598805287277668,0.364680631295354
0.0712690624706504,0.403212825713643
-0.0333838864795579,0.464725115923177
0.00756390228120871,0.42879116596602
0.0321976022438982,0.392742379626621
-0.0147873162957626,0.289752872493325
0.0897981457611894,0.406300628860215
0.0474670310455876,0.370683728753704
0.0499758574365712,0.407592052289947
0.0313220460114084,0.432722413735391
0.0484269804255745,0.395717883356315
-0.03877410971861,0.570632265035797
0.00890505723112915,0.384200649762361
-0.0493889066157378,0.495472694578998
-0.0543655360829696,0.540965579209657
-0.0821172677191684,0.488789867892111
-0.0904000888478081,0.553823713650765
-0.186325103337495,0.503253225037629
-0.053474267116807,0.560598732539372
-0.127344370965889,0.542838880901349
-0.118238868850391,0.638945222189103
-0.0727086729828371,0.537118172848153
-0.103225983405171,0.58298719030485
-0.131214616884813,0.599573467336246
-0.151079465352142,0.62242214850205
-0.161362556951728,0.587590271053091
-0.258471081362128,0.57566428600885
-0.226369234848978,0.678005022392355
-0.182990551941484,0.618325712614587
-0.276963183338362,0.538611439984227
-0.207233866665445,0.612706057731023
-0.305226547582633,0.620708009596852
-0.23714196508434,0.60198607029484
-0.136161242883942,0.498521033348272
-0.279548141421696,0.478337763962683
-0.273048182854179,0.479471045610931
-0.222576916913978,0.450807781816017
-0.334699607872851,0.464288076584863
-0.220172094869268,0.44015462624402
-0.260931850033881,0.449458269312186
-0.370812844038113,0.337390093802198
-0.246734679774112,0.542076862205002
-0.319637566829772,0.356568923284202
-0.319548988010579,0.447278693336182
-0.367701276445825,0.4863796041025
-0.323631413484083,0.454504228549715
-0.241947637064709,0.41896528136234
-0.275952954958284,0.283680023133581
-0.2978286457413,0.347034192417711
-0.430636707307542,0.377148652259642
-0.385084026048453,0.210861620093816
-0.431001433496809,0.317863944357348
-0.380572277516266,0.229595481235536
-0.408057510008623,0.315319578541479
-0.381141848897168,0.325349540828014
-0.418240764633276,0.36505671590769
-0.448684647657414,0.311926834026734
-0.42041324118267,0.347936352022015
-0.429749051848814,0.272110974870445
-0.412206060900378,0.296277987204957
-0.43294471618844,0.26698831492582
-0.410938867743584,0.257689509757395
-0.380077198395742,0.297650263815966
-0.443069489414039,0.231923491302686
-0.4786441732725,0.189450389497647
-0.400238224682619,0.180826398886167
-0.344777821219815,0.242330693451646
-0.401969519672856,0.299402510423126
-0.225145737688175,0.218716648889017
-0.285783156619103,0.225752712399886
-0.319876429828,0.182200402360061
-0.271616430976727,0.0743063485351566
-0.336132650643449,0.177959780612675
-0.198732517858809,0.125740604212483
-0.266947928536994,0.14666506728359
-0.275728057343703,0.116365851641702
-0.215443651727571,0.137055062611444
-0.164035718306956,0.0663065211717158
-0.383148134106398,0.00169698092865102
-0.192351973134448,0.0097153978985373
-0.165087502476967,0.0241276843947555
-0.31829911706634,-0.0455296801677754
-0.16151281073137,-0.149458293762951
-0.305675522635303,-0.150792615509717
-0.177003676661512,-0.18604648871304
-0.0639658707955599,-0.205786154590127
-0.301504959264607,-0.132039068416596
-0.155702105062345,-0.320482633888379
-0.11562365891721,-0.401166918749614
-0.173055071837,-0.308092875544311
-0.0927230018383158,-0.338742701850642
-0.0933077267389024,-0.374557165878701
-0.0909782465272197,-0.347367725301741
-0.109112081575234,-0.399973997485622
-0.104824975246149,-0.504042963422631
-0.0107538332171217,-0.433220849036566
-0.0970999743644287,-0.414077018629286
-0.084520602971151,-0.569529949112855
0.0650774738428016,-0.548923880654909
0.103592688601232,-0.57786414974982
0.0626031276980463,-0.568048200992177
0.159086358703118,-0.510791093392099
0.152405316388736,-0.579017089190324
0.198606244515496,-0.613270949169346
0.304799807699276,-0.609257709626398
0.361261445267496,-0.628724785133004
0.373368018103157,-0.614830259995598
0.417138255812641,-0.624581315110646
0.517844481217098,-0.55085967752506
0.471107571910686,-0.6350149328279
0.54903769946025,-0.577973533034719
0.60149863838482,-0.570486795915289
0.589768845171966,-0.677712072822872
0.602636845675419,-0.616703222982209
0.561807085118636,-0.661327298528652
0.572606876901042,-0.72033838087579
0.578754763958931,-0.71149211547262
0.564687088634152,-0.768279721791151
0.569363074247014,-0.767558149241759
0.548247389561822,-0.739421104024222
0.453967946180618,-0.82666931805787
0.331999969286114,-0.837900264461665
0.203897865477298,-0.818246838384374
0.15781374990249,-0.824360540731418
0.0789736354730873,-0.794633967775022
-0.0199878161803754,-0.757987202262159
-0.101842591868834,-0.737995803321596
-0.15935516899052,-0.749979316219821
-0.207066481335213,-0.704012859939204
-0.225790236361249,-0.74308911941932
-0.21825389541522,-0.792193715729356
-0.205851477478261,-0.795692624431806
-0.221817823686559,-0.808538913254726
-0.217126164731601,-0.770700009377729
-0.227332462209691,-0.741255544111244
-0.26081395800133,-0.769227091773125
-0.262745457821418,-0.793913913765556
-0.320249912178346,-0.776949123219063
-0.386059206969384,-0.809969020399485
-0.364808101906393,-0.809551908399253
-0.367003179021668,-0.812846922557643
-0.430068439676251,-0.855591492168585
-0.401842994075635,-0.858830292384942
-0.436680799664037,-0.84425631464727
-0.389139681340311,-0.849776621505099
-0.423124701641067,-0.872787875772856
-0.375548534258025,-0.86363341475804
-0.405624420610705,-0.873704775016206
-0.424732292971135,-0.874368638167606
-0.38764372051251,-0.885135914217691
-0.388690283685187,-0.894603428785224
-0.380828217442932,-0.878323115199047
-0.40954206200783,-0.884306783223096
-0.384543925403833,-0.896761370981591
-0.387868127219299,-0.895727197746168
-0.393489786622994,-0.889747197466259
-0.404135187581867,-0.882763052236569
-0.388422350193968,-0.894255689570631
-0.390136171311877,-0.890123219375051
-0.37135127992364,-0.888766587102668
-0.363421690158727,-0.794101438959175
-0.366240443607086,-0.892419258967054
-0.378181349626277,-0.882297230952207
-0.367397935426029,-0.864821948717369
-0.35971953010625,-0.893603764598701
-0.344183846897009,-0.8946109507069
-0.384388341340532,-0.881642137675747
-0.360597531778402,-0.889843454535951
-0.392925516712659,-0.878245473789065
-0.362509004386973,-0.887983417648337
-0.397868558916145,-0.868183760889836
-0.385181928557876,-0.876992907981742
-0.394107168046237,-0.872108354718926
-0.390913198721374,-0.876960852882146
-0.392647798588293,-0.870540085912099
-0.407930655582385,-0.867146718208674
-0.4138637767358,-0.856144160233789
-0.439192227139015,-0.850324470809474
-0.427991942143364,-0.842851413943849
-0.420932474350587,-0.853232955945105
-0.419487575810773,-0.854306470555085
-0.430279478703772,-0.802816870360852
-0.453718644147357,-0.821421551869693
-0.445443313398682,-0.849224023580948
-0.462752455538781,-0.827447778258125
-0.442173991912108,-0.848696525830773
-0.473727771114374,-0.813042307383876
-0.456998031419349,-0.849838337067132
-0.42257698566247,-0.816857163442509
-0.457408691861098,-0.772064192619802
-0.454892372617068,-0.808271859444329
-0.473552224221849,-0.777115398159988
-0.519338795857677,-0.78388786562117
-0.448838300834402,-0.729302879924804
-0.517352712033304,-0.7377918884883
-0.467112314859704,-0.771741093760288
-0.510830695532114,-0.746263549155117
-0.5060341140904,-0.723992183527202
-0.508572705525476,-0.693964973733284
-0.49699058414526,-0.693891656955194
-0.523679108912688,-0.665872071737913
-0.469023585899871,-0.665626827029685
-0.543104011109833,-0.695042241385986
-0.531782304903296,-0.676200566789033
-0.575992107388065,-0.674332574946556
-0.472553168153759,-0.65631593227217
-0.605238608490431,-0.663814684977648
-0.554523756413037,-0.596459432674209
-0.547453369333828,-0.61654472404984
-0.584046202333025,-0.564471205679168
-0.548360988675914,-0.648307164294883
-0.528965976580708,-0.564255585679784
-0.524100397843599,-0.539281051484025
-0.537216271116296,-0.55997077163187
-0.489005892249016,-0.575821708544098
-0.555708199129135,-0.571848843091014
-0.454787351847188,-0.517292449677141
-0.505431525915586,-0.486807512860173
-0.594053829140361,-0.371166789267777
-0.565167132596649,-0.395090656923742
-0.565491201946429,-0.359031155038958
-0.584479309380633,-0.303063026669568
-0.502195949019803,-0.238443136265156
-0.621509863030502,-0.235376450822849
-0.570601550853179,-0.139119294115435
-0.660392189040215,-0.216128465817267
-0.576483154988282,-0.111364654711579
-0.662711946476091,-0.177682427062407
-0.694709534043055,-0.106129001331991
-0.673003973762751,-0.00323692021358462
-0.709355593432533,-0.00216693849196368
-0.641604601407801,0.0967026664410678
-0.599369653510495,0.0642821037948019
-0.747912911988784,0.0861949575412077
-0.744088461740201,0.0677027913053747
-0.644314793995962,0.0947140736320536
-0.644125659614882,0.0925948922091692
-0.680630426482365,0.118213630341224
-0.611121946573873,0.0813013068516851
-0.585746600011686,0.174570269391281
-0.670594377701406,0.116235487134168
-0.557317692095792,0.198179643648128
-0.602869636107725,0.277967075836107
-0.585238019695028,0.1980130399103
-0.576798529738698,0.205161795192881
-0.550053888705816,0.266142253215509
-0.628019038280926,0.208216328508462
-0.532307620246278,0.318369931614294
-0.573610278974189,0.229886864890042
-0.510277090375828,0.319703943464063
-0.60337552447167,0.285991795877554
-0.555814638729679,0.311909960778989
-0.466260305863902,0.336303035541202
-0.422538575998998,0.392556162936922
-0.470274421431627,0.463397242374597
-0.366111658787948,0.43267243301346
-0.365137380761236,0.412445445278797
-0.261728255549909,0.533851515543898
-0.247783028283519,0.458660856719292
-0.177287723097457,0.602141454694858
-0.0768112331419067,0.470763445828532
-0.224825194371501,0.57447664959346
-0.104386897148565,0.569554326292077
-0.196434884360272,0.479969813715673
-0.15729572876343,0.604467117857436
-0.156556970532831,0.639545242630477
-0.0630374244888097,0.563886314939628
-0.0275061044831483,0.566353004652178
-0.0430540160587637,0.611140263410987
0.0287126875008927,0.691297419399711
0.0269101936913715,0.579971451108638
-0.0218513655376043,0.569404814356058
0.0871140385466131,0.570823899342569
0.110048210949735,0.534639552084262
0.0598823893686009,0.658351559946623
0.132084271252527,0.571436635696793
0.132462150821597,0.626669609940588
0.158334583045807,0.649803182173633
0.194575208138074,0.584187862918311
0.229441385793906,0.602234548730035
0.232660908055546,0.650714310046388
0.249518287193352,0.58630158569169
0.307158516650875,0.683702742754125
0.255631068541944,0.666583452905757
0.300846044394593,0.671149704301863
0.34166786384694,0.625159964340333
0.289947071400825,0.632512004711747
0.380123173874772,0.622963888218138
0.425237386569798,0.652518625204976
0.462622794404742,0.627441770991867
0.533607101573869,0.552968960142046
0.478871363383267,0.556207513580517
0.553398514224381,0.530507437855328
0.55306385552074,0.490825856893067
0.569787825998002,0.48665612544659
0.598870181404533,0.451122879225806
0.650524926433285,0.390654459252662
0.656107746474534,0.365881461553208
0.658080874892138,0.277027870554362
0.70805442416524,0.357135055677659
0.746030666077354,0.271640009955631
0.761765880415804,0.218838966036402
0.760694668042779,0.216382327164578
0.812598104892424,0.220707431692041
0.82534406636981,0.21435735256794
0.859025182960279,0.0841191577208006
0.884164593049297,0.179873518498002
0.885853347491758,0.167713552087382
0.863722893624252,0.151506875744945
0.909003159394759,0.108912917961636
0.902541285543867,0.0320302677988321
0.93413353577498,0.0595436745091127
0.949202911546665,0.0508792102535214
0.933203672022782,0.0532724225448326
0.900548343205888,0.0576975009628059
0.845727123489735,0.00281652879548456
0.924770647662658,0.0303199227910856
0.908036846897698,-0.044074130008104
0.901983882202339,-0.0599586743899342
0.820790885098987,-0.141511604007365
0.834016713292245,-0.215278013053953
0.881034026761562,-0.205343294099431
0.828041257338815,-0.183846727583098
0.880561078073144,-0.191115760767617
0.842970388410678,-0.20983985629527
0.791091509127781,-0.180435007496622
0.820903440094754,-0.193208233270126
0.773373661424217,-0.210877246767685
0.727166709386606,-0.206709694100957
0.795005692915143,-0.0940517019491534
0.773192461768502,-0.0674148795796826
0.87918230206734,-0.091390164041884
0.69163089600787,0.00817241631682417
0.846802268965667,0.061762544091169
0.697332207336018,0.000969478635743269
0.770685830498493,0.12173824713136
0.714047592060544,0.142030620251327
0.745772173760024,0.118058015739331
0.710896201799324,0.131871423468198
0.760154122336841,0.0817604143724501
0.727835980107812,0.208787003960005
0.678037478670032,0.199412186890832
0.667757031386596,0.250093536090918
0.646397698387276,0.274082306228209
0.665040558007711,0.289721632566345
0.670739860353617,0.28566422740408
0.593426023277167,0.421764151595286
0.538527885835249,0.444017759636
0.471548670752929,0.507899913829455
0.440152724244875,0.495222833111192
0.427956540271685,0.489520470583398
0.375764123547531,0.534262094758911
0.365715153143851,0.548792235145145
0.296183617218305,0.555476775149188
0.273280656791409,0.64515015828149
0.249063855977359,0.564357911014051
0.133738308565353,0.507608944204299
0.257200669945956,0.552428954032703
0.143780200164154,0.7029776324662
0.120858078956352,0.60033827726675
0.160623909138353,0.723927877213742
0.147866146641593,0.709770250925102
0.0902043584383736,0.658553578968585
0.0990276813146743,0.663266655411486
0.146032789862752,0.717702901830768
0.171607338329359,0.790609911248391
0.134244370849849,0.648983081459061
0.24857822811745,0.788668726315861
0.245538271638744,0.687247888344445
0.308803686584083,0.727343018295974
0.199609964982301,0.734842867243548
0.32921015140845,0.728714061206851
0.39510286162208,0.586703946965499
0.366867297865876,0.697388963099048
0.413168824956421,0.70352471324489
0.39556342923657,0.714811693768257
0.53188442182028,0.654319833171295
0.495776383601195,0.609961731236313
0.580332483473116,0.500579105880756
0.564582489432228,0.576767734643131
0.638371834925674,0.471265343200233
0.664904962142629,0.514578044077575
0.685423965866207,0.432951501375729
0.605782603531845,0.476226184031744
0.741158833852688,0.477699588268627
0.722393773864118,0.404607761579592
0.736993945328868,0.425941830289765
0.725138712839559,0.373640697419681
0.79986350066882,0.378823129408039
0.769474186524925,0.347410338460747
0.755925029196206,0.330878047952398
0.796532296798271,0.274202675858554
0.751602998694202,0.210319149844414
0.785497629551601,0.288926528790757
0.807551114154914,0.263744592575337
0.782041580866023,0.243912671475436
0.775111271089213,0.234742969420797
0.799911881060245,0.247449316704886
0.7700003486739,0.200287567947675
0.746170738708715,0.132762798152923
0.781665031190854,0.0906190253789083
0.737436342019767,0.0749363784858646
0.761425679961806,0.0588902725939192
0.741405616277893,0.068227502099697
0.707257534604994,0.101518755223922
0.730279739140498,0.0537630267042571
0.779649771481763,0.0955581209772817
0.777260836362537,0.109539020661298
0.698603669615283,0.0690828853351432
0.681519076147769,0.144532690235053
0.506222465072615,0.0231223339978151
0.596208817999138,0.0238736249237035
0.687690761028676,0.0928919585675704
0.637504525761919,0.126485393953331
0.588433218914764,0.137574961536804
0.610740773331399,0.0826593484512035
0.557970762593768,0.134449305374418
0.400193794512296,0.164990216989693
0.369483290744182,0.0974672001616719
0.36424881654612,0.162673731456581
0.435623086251621,0.210640574913679
0.410897278391373,0.0538673114586237
0.468030761028983,0.0458597383193481
0.468033375074697,0.357657576770942
0.489480601055758,0.124847535969773
0.238162312536172,0.271648619179394
0.383876492148857,0.26932556232888
0.27123177597915,0.335702839387251
0.398612055613721,0.353824006866254
0.235107983066192,0.408049040538936
0.301148255574447,0.348168321343424
0.230432493549168,0.378175270387377
0.209711877902488,0.298647349985138
0.229003518944233,0.550138914351321
0.247989748513448,0.557311352621398
0.00602132833356716,0.473328227367743
0.0926585498537902,0.313986091604576
0.0571751059106796,0.631246014284886
-0.0427750042303765,0.45797963199904
-0.060342955692195,0.652559025922278
-0.0817749297623949,0.405919086440622
-0.117576982187315,0.533506480651007
-0.0944687254563497,0.489524398113868
-0.172834721562494,0.568253699854438
0.000809167324264746,0.530413865614946
-0.10261948321654,0.582374954670276
-0.139503654134176,0.595061337775438
-0.246190032935801,0.63765267970308
-0.0721476885223688,0.667069292963405
-0.16619825810341,0.628854679126405
-0.0876612032022068,0.754325348801339
-0.0676769482454342,0.70562017140559
-0.112677531041526,0.797808473510213
-0.0614580724998505,0.799531357597792
-0.00946634492987248,0.797786928375709
-0.0503616170176454,0.867720584162704
-0.0667209257421348,0.916587231497911
-0.067984020949093,0.93335862229301
0.00832815425632791,0.966229899905118
0.0468925840885478,0.974647681138954
0.0497371003436244,0.965134009342626
0.132557725655431,0.953522402630929
0.187784403202396,0.936436967757074
0.185926397457815,0.964588280887183
0.209074449081096,0.953333800605344
0.208627154095604,0.950980154411391
0.230472601991411,0.95876266253875
0.210240948771526,0.969944848815523
0.247676166769882,0.925883790442577
0.222133679931491,0.95716622944403
0.180765890884984,0.959977732062333
0.179879545581174,0.857331454044449
0.0709508903359028,0.83609245554528
0.0998811720395232,0.843154654211637
0.0798516693288513,0.915443933368537
-0.0545482075760931,0.975813638792106
-0.0776092776034775,0.975571837044947
-0.0346008846556131,0.836777515625358
-0.150317504046286,0.962069524894465
-0.141735496478228,0.841461700011432
-0.16160865071276,0.970562642245089
-0.201766268802928,0.966473336272158
-0.246074940520163,0.961227009306597
-0.203607248432317,0.967703424313707
-0.0715870516702024,0.796459903847729
-0.277730981222877,0.945587187615676
-0.12268611988633,0.814371780864516
-0.151510325401736,0.67671493478992
-0.165449478445497,0.813913106795907
-0.219053463318937,0.802202202021103
-0.253438909515481,0.647461751512564
-0.0137147875796014,0.573708761084887
-0.101735477046275,0.729402662735805
-0.0935118426799665,0.875621433567178
-0.30942195411073,0.943141493922542
-0.226358111476643,0.490848005349814
-0.287418352626606,0.718020896385826
-0.281610451555727,0.860877924526741
-0.448418542832634,0.883836800042438
-0.332870856100782,0.64965453095707
-0.360683773041138,0.555894102270087
-0.588016795553928,0.778107774761044
-0.263519939709428,0.640048019160212
-0.657921125910314,0.584812356851816
-0.395669091832159,0.179502198724894
-0.680196280260498,0.35191738064787
-0.414986474475759,0.393645207841281
-0.775372241844181,0.53552974120223
-0.465724363265777,0.1400330035138
-0.81964638853382,0.553179090541018
-0.771895874736785,0.595378690856501
-0.651659670097495,0.336269851314121
-0.471331584966694,0.25340628323424
-0.863926161858358,0.432097680116554
-0.81751663275856,0.348868334471351
-0.765619692034881,0.409991248577815
-0.817926892260084,0.272182479884953
-0.890345782430766,0.412828925075648
-0.565829098822367,0.172903807910378
-0.843404977885832,0.4952102528501
-0.710729709165354,0.454386765315125
-0.660543664468857,0.322239469373386
-0.750856688403549,0.531247811827519
-0.553663112210364,0.57056155456517
-0.44340894392982,0.524163184961504
-0.273494689821578,0.415568342176107
-0.4482935121478,0.438667800035533
-0.356757404649223,0.541696654863039
-0.664447993705574,0.68436278395419
-0.732238591473444,0.630588761195855
-0.819986675436408,0.546896449172313
-0.74839005232951,0.636887542720203
-0.78928154002754,0.582398969227406
-0.724543795128417,0.662467339594423
-0.737042724950376,0.615891088458051
-0.662111721200105,0.564319183599751
-0.694605443085657,0.544320079432589
-0.787913956950509,0.552566502368987
-0.720257865053101,0.475526712227385
-0.821896739072205,0.5124568832044
-0.808134095581783,0.522675927620894
-0.827841167702114,0.473707470286039
-0.776486972836594,0.479839445788256
-0.862193055672578,0.415073994373518
-0.872221613881091,0.365661322839147
-0.859668853382748,0.360476849180434
-0.836945639241907,0.330991567786711
-0.8384131879107,0.290591847321444
-0.903538257507317,0.263293838401593
-0.920364297008385,0.181639978310267
-0.854716294995738,0.214686669701185
-0.908216567671548,0.152576293590793
-0.822937756860297,0.112741975180333
-0.815537060436587,0.159037873595571
-0.786376970928374,0.0977935834095045
-0.937542751130505,0.00428663097996383
-0.917493672784259,-0.00144526116393868
-0.837942303217974,-0.0112039196091961
-0.939342153670378,-0.0908557278244789
-0.904942847869643,0.00313044459412497
-0.904356137123932,0.0112619067914069
-0.894462661523973,-0.0538262460847366
-0.879685741760915,-0.13260882174361
-0.810248080154529,-0.0865022166612129
-0.848746477082537,-0.184422294403052
-0.877971965119872,-0.174701575700489
-0.920548665911053,-0.132275238018102
-0.888024837350096,-0.110951843859637
-0.922121302959644,-0.151438043460855
-0.943219518182252,-0.101749080140984
-0.972370050949602,-0.113612197907331
-0.9721915326495,-0.139264337162348
-0.969273031271595,-0.0962552241688919
-0.980758108748475,-0.123558224233646
-0.974995341743031,-0.126603690417239
-0.963086307476407,-0.166984553676806
-0.951237699091124,-0.150118331928935
-0.959278611777585,-0.144091848151932
-0.969648975441197,-0.152947951506071
-0.935034040642717,-0.123040629392467
-0.907966537258103,-0.180178494172241
-0.924420799158831,-0.153464668906736
-0.930733016385296,-0.177548572382833
-0.940443930012177,-0.192593383495593
-0.887930073209432,-0.148298217294938
-0.869537304175913,-0.191385447207536
-0.951168106339864,-0.136092727603767
-0.921833640814595,-0.152685909279728
-0.917263022336712,-0.191033908549772
-0.954286086716797,-0.169589007317221
-0.903510752194321,-0.180175715522976
-0.90421531381022,-0.201230249621564
-0.942405494410537,-0.256640125521673
-0.87282465963096,-0.299822884552441
-0.831823712893292,-0.305669763825978
-0.792885272214739,-0.356383987706105
-0.797862051084804,-0.33408272090087
-0.83719463349122,-0.36497225478239
-0.802641928529008,-0.411298004838703
-0.794216986760889,-0.430200359692201
-0.777620699141907,-0.421127753003718
-0.76252738511486,-0.439522737030044
-0.718341263856815,-0.505521805168071
-0.673230455931336,-0.542455088642732
-0.671731119970397,-0.534592885950588
-0.623949813498166,-0.581745244724487
-0.598693273891056,-0.595302704500258
-0.564586943518342,-0.654875673213739
-0.533995307632668,-0.585334694547507
-0.510665335687828,-0.585790492343188
-0.476833562049781,-0.636428098450723
-0.480512707243095,-0.57829949323891
-0.470212816660055,-0.622792724014625
-0.434503945214114,-0.580826569678782
-0.424099581391223,-0.559753670500424
-0.394839927727796,-0.560981640146935
-0.363143202023368,-0.608628444555945
-0.294642644514663,-0.615960418518119
-0.198852529865582,-0.625358119933636
-0.172444701261181,-0.707143603428183
-0.161676430121502,-0.676585167986774
-0.034569259062073,-0.709205170145125
-0.0158128500835832,-0.746396991051859
-0.0288346441381344,-0.732615791145173
0.124247576999463,-0.764333565500492
0.134543075105514,-0.745576390500665
0.218180145155761,-0.749565650690493
0.231578678173749,-0.758820652153529
0.367156472201993,-0.701759148735465
0.389722990921876,-0.729378017527809
0.451184524933617,-0.656621780569644
0.533220261974559,-0.64582113432253
0.60843968459273,-0.601364952359427
0.650565557587103,-0.531674240250535
0.696334717810079,-0.560974358265806
0.730618788784215,-0.500503036975193
0.738940933683672,-0.465004440550033
0.797462345247478,-0.406913265451791
0.852502549264339,-0.255155566086614
0.856379327978119,-0.262008226977213
0.884990683771339,-0.243213772036136
0.882304219804335,-0.119021993660706
0.85860052200147,-0.20240142099162
0.91538004062672,-0.141148617715226
0.887800265065437,-0.0787860118245636
0.914240226210151,-0.055178184394316
0.90773733019581,0.00144722039744507
0.922577163064376,0.0130569414902271
0.93402260857046,0.0330963644981449
0.957698186053704,0.0891279372454222
0.944990377841479,0.0858853285911907
0.934164113544037,0.259895621171559
0.959295607074232,0.208605958889616
0.952635492518671,0.25974894772621
0.858991015130233,0.230154567093512
0.948134720624748,0.27202920423147
0.834210672942285,0.242232195232655
0.89467011400366,0.394218853060391
0.907442018182737,0.367528322443138
0.848462419584732,0.322030259652791
0.817392129188843,0.383765363745069
0.809385514207168,0.403881425857663
0.874244150715528,0.421682294297108
0.866931004924434,0.418687813262409
0.869207165973433,0.434923518567196
0.860247215746609,0.443387069212381
0.845467978023997,0.458643279618497
0.827317871615035,0.452350817581643
0.811599963792952,0.441270243440607
0.785797377633994,0.446934063955554
0.848018800003594,0.387638608731292
0.81924754975897,0.333544327886598
0.888280350279062,0.387496633068651
0.848889374864826,0.35304480855069
0.79526583395384,0.420649983268203
0.791219085656603,0.476968426913449
0.829450875503597,0.457727062369109
0.811084777934835,0.40756475958696
0.824860199953768,0.499479043744075
0.6913307689896,0.454545883425214
0.70428449890234,0.52568353384251
0.731556921829231,0.53346264885629
0.772186884007123,0.562856534616894
0.800302599472309,0.526772594324471
0.733442144709612,0.530497434136692
0.718965487883752,0.506272106689195
0.723189960042089,0.540635575387715
0.663593620059823,0.517960908287124
0.698337788822544,0.540613432245165
0.745056578977932,0.5235099163772
0.809015004753229,0.470542274447272
0.784935511527952,0.459711210889396
0.76667119842189,0.403794172924514
0.815555633709482,0.371198417831499
0.851502184668817,0.327617891413465
0.813340806139427,0.224038613981128
0.831346930222722,0.22539532901938
0.787932472866061,0.236197648923543
0.824750519484054,0.22327997609082
0.846901253344733,0.130208469599721
0.829622666794487,0.0952103704857406
0.873596879377944,0.0838905169728957
0.852549261596454,0.0359934872860502
0.858707395713637,-0.029681584745152
0.873455784538513,-0.0468580072177938
0.877107102827647,-0.142753740779279
0.893907492308067,-0.179317503939481
0.832170547198859,-0.144356996428187
0.806743419271536,-0.206980352170511
0.89628952964993,-0.146035961821072
0.84772013137948,-0.297281488733085
0.881466230696519,-0.278823402442432
0.887413538212042,-0.310777095067175
0.764003110170787,-0.328150658102982
0.761118803113576,-0.347344998821992
0.686282559147005,-0.365144592304711
0.676930444010297,-0.477594850839809
0.688171952238291,-0.54794676816545
0.763535521158845,-0.587689171425476
0.718632620504884,-0.535085239479816
0.776832345986413,-0.594305034107284
0.74465146679158,-0.651241433796075
0.719604481735429,-0.678073558302276
0.717076685810102,-0.681625672245972
0.651985188884873,-0.626643862100314
0.716994679015446,-0.680754390136937
0.723161335959062,-0.675906328485858
0.642859876594307,-0.592589552857653
0.676244080087693,-0.538645294764426
0.650836396157852,-0.536719566467555
0.527283951805898,-0.557958896657916
0.745743804803443,-0.53370214248477
0.735634072118271,-0.669290194951557
0.44428517085085,-0.664205594713632
0.659959677696454,-0.703365944873179
0.756272939606991,-0.643762625802908
0.622415317484921,-0.349883816619415
0.690757240715682,-0.377179222824983
0.676439314377884,-0.493499635354007
0.677035159079564,-0.378335501769345
0.753527212761344,-0.629105841016619
0.687275268159338,-0.471661451396117
0.654219538767881,-0.511088486681631
0.766191883574978,-0.611967679489922
0.737171560651469,-0.650693526597273
0.754532326236256,-0.620282203258564
0.759574429321233,-0.618042045374547
0.696914688386766,-0.578778333976264
0.669128208060195,-0.537271206438588
0.610998399148283,-0.630184969410584
0.521555576492989,-0.745707072748996
0.62174887151464,-0.744557578544314
0.569750253172485,-0.768399469467406
0.558813802152689,-0.790879706438714
0.555096384506391,-0.771138577484627
0.425772640023005,-0.812336078016991
0.437793276046187,-0.823719161939979
0.386293625323224,-0.859395981329568
0.417562173433717,-0.841866559646434
0.360824240974595,-0.855142175363303
0.362378159778217,-0.892066679542739
0.380187578587312,-0.876381002351785
0.337378944015337,-0.849418606196526
0.245620516711986,-0.826261057429841
0.275370676268511,-0.758029074982296
0.291386480472713,-0.930594984591408
0.285843665599691,-0.882692165208455
0.206996514551126,-0.954601529483139
0.248451396462568,-0.941558012227581
0.195536593241327,-0.9575686020932
0.164431510482576,-0.889575388993025
0.148611936794201,-0.956250257037532
0.110880917165109,-0.957511598260597
0.0952255835165704,-0.911837163792105
0.101530513752998,-0.902424726052015
0.0555729641136243,-0.926693342010164
0.0680185283768531,-0.914486464290211
0.0993515713028496,-0.958443471606842
0.10853876569252,-0.953210597179928
0.119374230775831,-0.827325929206381
0.17966137373009,-0.889254042199974
0.160079488136132,-0.859121922307601
0.161798416013826,-0.915794473145932
0.17134699622556,-0.874457238336251
0.230596623809407,-0.897184133051686
0.236552477481323,-0.832490815688234
0.223317723921017,-0.845034075043952
0.326183965540844,-0.771653809560011
0.304753153740519,-0.777001320997689
0.357758375589777,-0.755634919719041
0.435473118804075,-0.724580022022384
0.413645631765382,-0.740710374574034
0.370240867022609,-0.717158251768492
0.445093722986002,-0.748779368516665
0.437648939483302,-0.614376411650606
0.467149517580674,-0.719172291654312
0.445135061071994,-0.680855076958012
0.496280913282064,-0.616165624470615
0.385798326756124,-0.547944799014684
0.434175390644016,-0.551955010077189
0.445224993479718,-0.571987218122458
0.470847863474317,-0.544988913428444
0.498015596948588,-0.529213893217954
0.396270433949526,-0.481591861117048
0.404788831103199,-0.488939568989131
0.489811959901971,-0.411932345117555
0.422280558872952,-0.392390716590796
0.293956812834894,-0.380708164815539
0.26774272040247,-0.395788303963767
0.252684495626664,-0.266985240545487
0.273420273988569,-0.376744520143363
0.179142829434541,-0.279725150810563
0.242408571804034,-0.321205231622726
0.0820015879967423,-0.250164465374019
0.108302087794113,-0.253559378054508
0.0892062392351934,-0.251273482602938
0.190138058683643,-0.244546568113652
0.144212140917576,-0.279904903122799
0.077093598115717,-0.158985563736305
0.130040171251973,-0.191846914899202
0.311404647744042,-0.213473029611094
0.107365261279612,-0.176220773421577
0.104021096017439,-0.0414268806865243
0.0793953891701369,-0.193957628381777
0.0335590772756972,-0.188623779068042
0.113528339708911,-0.17010606360604
0.0185949726779007,-0.156243250319466
0.00637492556272893,-0.152380914121038
0.0213260345021712,-0.180306167291501
-0.00544600870825505,-0.171184576203975
-0.056845492074581,-0.15325435655129
-0.0552274659098125,-0.237735075531628
-0.109520285849285,-0.251352961714292
-0.239746453297444,-0.124358714877046
-0.13663134746477,-0.229756692064066
-0.156161628746917,-0.275293135135425
-0.302548574715479,-0.267044252151315
-0.220853191207425,-0.235459423481291
-0.282384453395525,-0.0803787241899547
-0.36703565262891,-0.218034207003954
-0.347063709815109,-0.177051630179622
-0.202369238182993,-0.16918635617536
-0.290251648624857,-0.168036005894682
-0.193954167313679,-0.264881320400771
-0.191619612108394,-0.168421024159153
-0.350108129605807,-0.257233259484698
-0.246479258502827,-0.0927656488133927
-0.333216087953173,-0.0819414374900314
-0.266033785279457,-0.14840416611137
-0.241055253013406,-0.0076537455502471
-0.377459392540964,-0.151194700846009
-0.319932084315435,-0.112771609305179
-0.395770143993093,-0.128231465358838
-0.404030643361865,-0.106503566620844
-0.296022024779962,-0.0643488592547888
-0.386184071101522,0.0301570191094647
-0.320679881253059,-0.00504862393048029
-0.294416046060162,0.0743931019630494
-0.260260823400429,0.133499789116811
-0.344472980232198,0.150465310910696
-0.348420049881079,0.186494633512171
-0.310134743430164,0.330956700582516
-0.297806903215885,0.432329925482113
-0.248374421365695,0.304879433662459
-0.165252312567685,0.325929307326163
-0.239877098262665,0.446340856482877
-0.273038382983089,0.429176994968286
-0.161195511116192,0.458097974151466
-0.132786186970176,0.522712296972287
-0.0896405465789589,0.602616902174473
-0.108200732262513,0.531962976294574
-0.0624396306859044,0.591815172079758
-0.0803748529344588,0.812833114983259
-0.035522081073152,0.789245924937972
0.00825994221621377,0.820646185109757
-0.0267824214772816,0.813625469180521
-0.0123408917793241,0.858299245560404
-0.0124073198861545,0.917576451087671
-0.021625533162097,0.961227288481942
-0.0279332241495576,0.917240383290722
-0.031436472077622,0.877991542272343
0.0039963535276561,0.950250940614215
0.0283545151892903,0.920441787560881
0.0380042167300234,0.954836930508286
0.0724880259962587,0.950681333967861
0.0500762514965506,0.960955762742365
0.0719977682111254,0.972347052979714
0.0764924765054897,0.9713631547634
0.106878679371366,0.975183171846628
0.108392248273598,0.972202714297568
0.0754320217310998,0.962786612494179
0.0486854086657648,0.964965265872562
0.0347786048988792,0.867449164859153
0.0194900054063543,0.923272933919416
-0.00242525711495268,0.812781817385046
0.0945086394587001,0.8771968981064
-0.000856571293749293,0.949440081998093
0.00555618371735947,0.971823324945489
-0.0276517511913826,0.883647740019182
-0.0952109402606577,0.876437069156638
-0.0974099542335924,0.949193890508405
-0.16797806269174,0.94824625902503
-0.180767418389556,0.845201816625291
-0.129052630519379,0.953397095147594
-0.124963461533571,0.944087404776959
-0.193790965132785,0.936303544554438
-0.23541668857855,0.889706228588193
-0.214751665176428,0.930350993079516
-0.248900992045341,0.901716948124978
-0.189503363567827,0.850262065847449
-0.319866616993684,0.912830738809279
-0.30953572201938,0.821015281400328
-0.246470767470828,0.787657429527624
-0.30567996143428,0.796239673683329
-0.421540313501992,0.800647324156467
-0.446749460520088,0.867127822525082
-0.434993651747142,0.868189919552738
-0.514320052909092,0.810869906451211
-0.569574958304601,0.749510518243462
-0.538929077990608,0.815806627764464
-0.633439646156575,0.736670679965033
-0.617595083723687,0.687078558970453
-0.683869711437527,0.661498169751532
-0.60186746851512,0.632692446359901
-0.533397353131122,0.614450625709863
-0.499225056623319,0.461509292953583
-0.666657502261802,0.704911199588757
-0.611750881638258,0.629362149117474
-0.806988572971629,0.566392181487569
-0.842238109770583,0.500251289912599
-0.871365657694393,0.341035668416278
-0.698781392636945,0.335286570777512
-0.157927413018136,0.184882223413853
-0.685378376049203,0.46594146826896
-0.8147296881383,0.357054250208732
-0.722477049949138,0.455281866835742
-0.693519606251876,0.559188338957789
-0.740294804500541,0.482115016189994
-0.808234382970704,0.567230639429764
-0.775365250791731,0.299647913230051
-0.749983116655297,0.50277258984758
-0.779836764000852,0.207412379428653
-0.761246738975798,0.455885324523588
-0.733302314864795,0.41861554509737
-0.852370219845017,0.383473344729887
-0.855897594468867,0.49997781951345
-0.824232237523829,0.543881622983674
-0.706215810490457,0.472725961597118
-0.757458186716731,0.465292924465624
-0.729821005575769,0.499761111970563
-0.798463246935506,0.562322088145612
-0.740484827849737,0.435286752087927
-0.580299467581326,0.403793883505876
-0.838680946676806,0.500101389674571
-0.774661556877203,0.605486338661106
-0.743249890869477,0.555769789013244
-0.756778546893483,0.546813215281754
-0.668827589314683,0.51976857779139
-0.723946991046322,0.510232241638175
-0.651603574079673,0.502734645780295
-0.766648814721548,0.477597602804995
-0.83254081659458,0.375783055199767
-0.790788246136963,0.37618838702661
-0.852212934495674,0.426686011710268
-0.832279349415385,0.449203735199795
-0.843345939989672,0.402646861039959
-0.723891611050204,0.288318870443642
-0.776138624951967,0.284797689609665
-0.864843126994165,0.361851243926985
-0.900409355024458,0.237355550389232
-0.837157385240954,0.202336612260237
-0.901502699794719,0.160238540574323
-0.880022803832469,0.160486817471056
-0.895965782489576,0.0788011372958354
-0.841383891365529,0.128604320769712
-0.870884048623556,0.0912894565355773
-0.910650358676499,0.0986985280576102
-0.871399631538331,0.093396924111378
-0.882285273980187,0.066436005077064
-0.859019864004652,0.0675856458730127
-0.791326766129845,0.109195900103271
-0.821486748325022,0.0370996990823945
-0.931197362173817,-0.0458040945281175
-0.92527222817599,-0.119600192981143
-0.908646115115952,-0.066798597569414
-0.855986646351335,0.00823079674642286
-0.918679248723651,-0.00846697400000542
-0.887328637108668,-0.0366048239838632
-0.906320445771404,-0.0548785396269477
-0.957856509276587,-0.0915948550809678
-0.891124093885149,-0.163724521568508
-0.911616665641448,-0.154049683990447
-0.888590778361877,-0.191148028102458
-0.934976521259871,-0.136746375019775
-0.936810081498734,-0.171210781843871
-0.869320436489052,-0.247716948425795
-0.915416446238902,-0.179879273482599
-0.880510089629491,-0.229879933756918
-0.914279040868944,-0.178471814361133
-0.899641031639629,-0.184086198276657
-0.912068830938953,-0.180880616113959
-0.879233237844313,-0.166633897111434
-0.90576095406178,-0.218793525462004
-0.880406931519497,-0.227324971211124
-0.860655882987122,-0.188295089596564
-0.864687563454292,-0.238610702044966
-0.873992371253178,-0.201044075508964
-0.865564038438653,-0.230673844943822
-0.835728154835238,-0.185141836102772
-0.878462384231,-0.198120188283934
-0.82246418652024,-0.195261059535073
-0.818580702178776,-0.181679760306293
-0.837062680215344,-0.218160942952916
-0.875773674947998,-0.187488757484424
-0.86906850325479,-0.217132101152306
-0.803243550550269,-0.136350181756199
-0.830085426173055,-0.161970331859124
-0.801686356447772,-0.133492380917157
-0.848952806812773,-0.141187654118669
-0.856644670639567,-0.203360502813538
-0.839525052656303,-0.137984768042727
-0.78519898208752,-0.195266178543572
-0.816078393434092,-0.1955490222594
-0.829230788067092,-0.170432778646028
-0.848120700131977,-0.19479794013654
-0.848717907798719,-0.160345350681936
-0.793021447490845,-0.16119483395939
-0.813448584454832,-0.229989115089516
-0.76741715100273,-0.262458225863041
-0.86190567961163,-0.1574688785081
-0.850675370869527,-0.119320516200871
-0.793485003819419,-0.120226988176981
-0.827779765166619,-0.159967176048702
-0.860349900749351,-0.175424801321988
-0.72802536502036,-0.0951121148343137
-0.745928659260935,-0.121216575530069
-0.740940102368754,-0.139924408500023
-0.75576017431202,-0.134154897093875
-0.703615819453471,-0.123393369085084
-0.761861816024354,-0.229630799096799
-0.711248262915483,-0.250515294383933
-0.822898257980026,-0.229435122740252
-0.832556159506683,-0.170260003791519
-0.77301182040523,-0.275513311344876
-0.81100992407966,-0.259121896671719
-0.797800338257268,-0.359791055069661
-0.756300499960712,-0.306334373058493
-0.735575279999754,-0.370040703677214
-0.776786677226567,-0.373163918171082
-0.716667767287938,-0.460837506355247
-0.724757091805052,-0.417623567612833
-0.726934827075074,-0.482720674724205
-0.741803945178898,-0.47881937781521
-0.729667800315158,-0.54340904920386
-0.693108923459829,-0.564247071946713
-0.641646435052172,-0.640514776354211
-0.730867269458007,-0.622045702283499
-0.664804588002359,-0.648356550010855
-0.613480576623316,-0.664952689159121
-0.629405211731673,-0.628383450172891
-0.631441539980212,-0.68199520373988
-0.557855084964926,-0.639552262956141
-0.604408573800107,-0.644725201845966
-0.63289567891719,-0.678332209412216
-0.560751443558058,-0.661071577194393
-0.491522961531418,-0.720607880218119
-0.518670867587661,-0.780610729096442
-0.36877036565291,-0.718921519673483
-0.498020134441079,-0.818635952790925
-0.42276739861409,-0.821812528100832
-0.388599447519733,-0.867774308298045
-0.340420457654029,-0.871611357530267
-0.356413938304888,-0.882553708192486
-0.274846776724546,-0.885154745671788
-0.293613177417042,-0.898686605581247
-0.262112605590942,-0.908077905412415
-0.251883450927416,-0.905359106264238
-0.22310785874378,-0.927203899599025
-0.2244589712253,-0.938599690356316
-0.215931286276894,-0.959837559331276
-0.202382741275182,-0.960598289382031
-0.159075832508326,-0.933667184990512
-0.173908654332256,-0.96660887160759
-0.145151039974734,-0.968549195352859
-0.0777826692488884,-0.967055614789214
-0.0680652154530574,-0.972688654619963
-0.0406062216010948,-0.971618809480674
0.00769829795546867,-0.969883774177612
0.0603308338811017,-0.96728108777796
0.0806772201463601,-0.959688850080652
0.108169464258934,-0.964312615547326
0.133755177567346,-0.957383825734967
0.141223286591498,-0.957114645677396
0.184472429616327,-0.943177018587541
0.146926350955947,-0.943320193559325
0.174702336478044,-0.889198545268736
0.220138970096191,-0.901999849770451
0.206670491747245,-0.934627832629267
0.205391821954443,-0.93794601182417
0.276534074776715,-0.929930099774613
0.288514421528852,-0.922411076340472
0.360153344978471,-0.890515057695426
0.31485990107538,-0.916142305569163
0.337311957027381,-0.902734836620204
0.360867520448382,-0.881751382685303
0.39829961169513,-0.825555756517081
0.405046527955638,-0.833350037826558
0.501068978134588,-0.825993127376569
0.565978289529695,-0.791244196827285
0.616499913643998,-0.737200245370873
0.590852104340108,-0.734634383710215
0.670820548305429,-0.670377028124887
0.723209997047377,-0.55859748173957
0.765638293025403,-0.557874904151314
0.794594329470385,-0.520020331354688
0.776264645668755,-0.455106194505818
0.832570483831633,-0.418275801995092
0.815377248673409,-0.342006025668068
0.763074927490455,-0.261841775044792
0.893273167753138,-0.246854853868333
0.877959518563382,-0.170558858580513
0.909053177755118,-0.106452980482339
0.934788385113648,-0.0915788074647644
0.891895441122594,-0.0527025259056229
0.95246963433136,-0.00682596387894171
0.957625867270558,0.00459232877804421
0.924219968355842,0.0489595232382964
0.921447525295792,0.137278615301531
0.905454098374988,0.207405340702538
0.930349023708196,0.198582390531455
0.868639412269149,0.23822806979289
0.800727582853954,0.263280168685357
0.871501307456295,0.363407342585635
0.829778758841029,0.422234272946374
0.797412560761511,0.443948804101395
0.800060197054133,0.45699907690039
0.770053608105449,0.461995674959299
0.790095305773225,0.51151205582192
0.684235524984606,0.517399276659675
0.717326918742351,0.588704239803184
0.652902176582272,0.596074291321642
0.611003662890341,0.696355083721625
0.536678725376714,0.679658989121374
0.487623679637544,0.775830809622078
0.501567608307836,0.823530464715645
0.464084171111899,0.845869664421127
0.463745441413517,0.826309512512338
0.434789009107641,0.832683221707915
0.471085420913007,0.854762381652285
0.45740296245739,0.863247374832168
0.467440798185712,0.860455862805874
0.456047538339796,0.857859464542749
0.449091607682653,0.853445074784409
0.446880727658609,0.88894337627588
0.41729182950743,0.901235072074579
0.421802667882799,0.900859003201813
0.402872008184524,0.904393163124946
0.383673850905939,0.904869464021112
0.388964894127633,0.902017482259149
0.362045034310968,0.915823771678814
0.359772474231645,0.913070095111268
0.334569382189622,0.928329887740438
0.342483991192435,0.919170543202434
0.359888685630585,0.910504645550783
0.342504724635066,0.916766942408338
0.368948955797578,0.894877692457844
0.388020379836479,0.890654348867841
0.419763582588718,0.880407648163488
0.44285047739863,0.870354090713993
0.464462203435884,0.862381888069503
0.482205262082737,0.841821959776286
0.486275083722479,0.831406446103368
0.501435883240566,0.822367580142678
0.530430874674253,0.804921359571921
0.493242546521161,0.760239697689168
0.522446217851644,0.796992927991417
0.529135687582387,0.791172623425591
0.545899488108026,0.78274006084363
0.575689555079611,0.777600436771482
0.602101986713799,0.749088240354925
0.639991540983226,0.707945944319968
0.655448738125951,0.715135039208672
0.688313432278096,0.65503491620289
0.719120705031837,0.602625797639476
0.748327695489344,0.593733770676335
0.777779039376952,0.537747111510972
0.787427627551175,0.48200025219673
0.805554062900713,0.446659927630681
0.791733260964365,0.366635436933382
0.838724238137634,0.32754055995786
0.846012483282483,0.33664346042086
0.855242309255845,0.364051213603256
0.849743390216348,0.306143106362924
0.80052873752708,0.270746453459611
0.887619479981152,0.201632495851703
0.859016976827482,0.139854800642708
0.817952086084004,0.0951217977332925
0.902771973521269,0.105084960083549
0.915165905131727,0.0460344254608949
0.897890165333222,0.0801662457555231
0.808641867563865,-0.00807912511552921
0.857245477050193,-0.077526110053447
0.900735416499136,-0.115488507748235
0.914421163163531,-0.155369733855755
0.89369941173409,-0.15042312911718
0.894614320634936,-0.18939021581467
0.851651062841,-0.189510563276813
0.817799007800658,-0.296887162286379
0.800871147564909,-0.354498168956615
0.705816140299267,-0.454896191925391
0.823052563425039,-0.428675450773086
0.729049467375973,-0.494918153551873
0.674387276955395,-0.581591853441385
0.702324244931157,-0.586767954277693
0.654254498367376,-0.61682606958857
0.643554397675953,-0.687703570727173
0.645757674110884,-0.695408258317384
0.604434527606388,-0.712662472338853
0.57667213827565,-0.678128843130356
0.590003528492254,-0.703846437526677
0.576804301847041,-0.717471649398151
0.603368602887204,-0.733394198191734
0.549312427720369,-0.735787431749153
0.564267279369563,-0.762079728247849
0.570697241172837,-0.724311070195289
0.469786237924362,-0.695374645219142
0.454284335049592,-0.697436854692612
0.510734832888419,-0.783500494756965
0.504292430570269,-0.823923590670981
0.453205602301115,-0.807478690385564
0.460090096890776,-0.844549739902916
0.490416719354531,-0.833545762010291
0.415776584221644,-0.809805263643883
0.404671906382739,-0.843365620501861
0.408760233745605,-0.866071282104168
0.347585185791261,-0.878709442204999
0.365675549591955,-0.873896189483992
0.300953781005921,-0.87454580658737
0.306482851967712,-0.882507084900452
0.280626968635046,-0.88317182793634
0.241762040756913,-0.895165159546944
0.246548136549906,-0.898400309077401
0.181127408754896,-0.91513643676878
0.197417734243588,-0.919194315305361
0.0516449890901893,-0.8855338440126
0.0447762382582816,-0.919528521127424
0.110939085737299,-0.77734484485084
-0.00352854947045481,-0.966770750680768
0.0370371461417411,-0.881948663260085
-0.01688617212193,-0.902481999144452
0.0036611570455145,-0.883006330253828
0.00589508090774239,-0.896460474346236
-0.0372483057811535,-0.915390373755375
0.0236575344097015,-0.91127150788392
0.019533913313201,-0.892811280722466
0.0529043478085717,-0.943325001643626
0.0750243486571789,-0.932159419935587
0.0657044413117953,-0.910100139157638
0.0687510736600939,-0.909026130359148
0.087883398033334,-0.879636252252689
0.08488441572726,-0.896225227367064
0.125581894991437,-0.872284095449275
0.155949880195096,-0.897519545915058
0.0906622424073895,-0.890008104397953
0.105058455195867,-0.850939544999032
0.0933000024938648,-0.852373220841585
0.0982560593719472,-0.882161434934843
0.106271008492094,-0.866572082482745
0.114689880371038,-0.790176891861629
0.128230332110848,-0.833277112526454
0.167135400702235,-0.766172056737141
0.158222097859045,-0.887255457969654
0.162816957156618,-0.865921507719754
0.234645117269753,-0.905881115062777
0.222796546928243,-0.849550696244366
0.24808245667707,-0.903491474190442
0.200423338015057,-0.865437504224027
0.231596743223043,-0.838776345524455
0.224546539339904,-0.820452926348004
0.214171173849002,-0.87237357047707
0.209564805674019,-0.83958237942945
0.168312564266351,-0.839230319543257
0.16272944258398,-0.784570439524268
0.16882297673803,-0.849138534853235
0.203205821936147,-0.782256338740159
0.198807937100088,-0.840369512914866
0.185775906409552,-0.817290944169853
0.216659209240193,-0.814836574553664
0.221392667421464,-0.836745009888852
0.223692978051479,-0.821940109802104
0.191997429057325,-0.790616033756168
0.177313730139312,-0.776548868030705
0.21062517121665,-0.745750686952241
0.238976738720959,-0.805381200467579
0.263348209286253,-0.820793105160291
0.242476952257851,-0.784285789240311
0.238202310697603,-0.779744064937452
0.280598386698628,-0.779839855967693
0.314712706311419,-0.782761719087333
0.244221986491327,-0.744510522451994
0.285995494322432,-0.7676694695208
0.202254772966767,-0.699962439798944
0.207597323740321,-0.702537282380372
0.226269910591558,-0.613143327121475
0.176381837068869,-0.692071665164346
0.181652336512872,-0.723969026010859
0.0871964114610048,-0.74680431845965
0.143019375069836,-0.699991693074514
0.156059550460912,-0.635503463543806
0.160099036842902,-0.740852973166377
0.133536126196431,-0.710781896403262
0.200294724286378,-0.738983205898484
0.13738192258452,-0.724603624927851
0.123811268998912,-0.719862797815598
0.102399523731698,-0.720333360845417
0.0639465459797784,-0.732823028332399
0.137460339463541,-0.726672928433657
0.01836237691199,-0.76419778077506
0.00517769917985489,-0.61697207328464
0.022238130625326,-0.620425249322857
-0.112983135820372,-0.706232795588904
-0.0667427349853847,-0.643725980182356
-0.119477682209737,-0.625286405407258
-0.137291594909135,-0.590624194821146
-0.294194791465739,-0.526028315811441
-0.260144315726734,-0.682893179701743
-0.345693829100655,-0.545685766050359
-0.353112732340593,-0.56857895070052
-0.442810610165771,-0.57612992363487
-0.42772685863747,-0.549165105010808
-0.468568001332584,-0.552063483170169
-0.504621291757662,-0.46029088435628
-0.531312368375043,-0.408085498500475
-0.537990392945895,-0.4687274418908
-0.533714486728128,-0.317733725881511
-0.586915332308641,-0.427530761193936
-0.566128918922343,-0.369570941788497
-0.60511314768922,-0.355245706598558
-0.545965552038629,-0.329997592796556
-0.595849310627454,-0.290969315447168
-0.611517054360814,-0.338957992592454
-0.659344047618131,-0.282378039078316
-0.60367374719579,-0.28195668304307
-0.639587225741338,-0.194288693708726
-0.728526579010439,-0.249176634150334
-0.675624031190905,-0.235806420382829
-0.623741839622784,-0.230001663911364
-0.676474544751201,-0.237759491296479
-0.693987653746219,-0.27518620687522
-0.61555140249988,-0.249318924569087
-0.664882697046447,-0.290195195844597
-0.615840139941761,-0.321105844303098
-0.555683809696237,-0.272515899777662
-0.710791264312926,-0.27960631369711
-0.697946384794441,-0.274444909939872
-0.552323573212059,-0.295166964840855
-0.69470675974063,-0.310636038793842
-0.579198947818159,-0.313310920332498
-0.589310555830093,-0.384043771070157
-0.57738958540947,-0.314801134724466
-0.577934507894395,-0.278502136867318
-0.619174673031906,-0.350599258373462
-0.594998674042442,-0.333940391753701
-0.627386301004747,-0.370401182077756
-0.664863595291702,-0.322867825857164
-0.649430920649314,-0.325623373467402
-0.602713148846443,-0.335557404061024
-0.626899477016521,-0.332484747373673
-0.664730700009424,-0.274548148761066
-0.629673625375943,-0.295481586594335
-0.686230603299407,-0.304125218974316
-0.595597604476086,-0.27307332430639
-0.637167063619503,-0.310575312882774
-0.684033833454194,-0.251273837809993
-0.623047068170431,-0.336361345799096
-0.692421153617344,-0.291752998367459
-0.616090254374664,-0.337101076496654
-0.636872582679675,-0.281209197312397
-0.595787717417033,-0.394581583662633
-0.625643215899886,-0.339955616175374
-0.622553244672563,-0.371238910644671
-0.557695793464749,-0.329838026308661
-0.520019562406725,-0.404316216182907
-0.602644667996143,-0.383778778039833
-0.521780959426897,-0.363891653927523
-0.442050282268725,-0.421651777737172
-0.499863469771875,-0.404066789129434
-0.365251449734962,-0.369126535936035
-0.37963481747092,-0.472616990712414
-0.356138064802819,-0.380322637370885
-0.307919747826047,-0.442568857983266
-0.323493258680576,-0.408070477179203
-0.33831872223246,-0.373295787679726
-0.36836245329232,-0.426134371753564
-0.312172192859998,-0.341533027890136
-0.327250561440214,-0.379762811977487
-0.240130077254198,-0.420761285684476
-0.285995040910343,-0.371857116283968
-0.155214793822238,-0.349370135055328
-0.238772002191802,-0.346537541337241
-0.150936090585498,-0.375697011376349
-0.138198625967455,-0.312305912334644
-0.124127448730134,-0.341870662883236
-0.151713080955937,-0.353015072135656
-0.118049160331366,-0.341956383114752
-0.0273748247016414,-0.251881427506805
-0.051305271128522,-0.318319148014044
-0.175098301040605,-0.214757569251467
-0.0855775108278222,-0.329113354743793
-0.0699577975691215,-0.318095874961625
-0.0157806162570587,-0.356964499547434
-0.0484299537789022,-0.336987704285476
0.0232874716288246,-0.443947100460337
0.0383232623303831,-0.556844468750999
0.00976559970940386,-0.530495403822291
0.0421048866276578,-0.643400621878425
0.063808535030755,-0.556909277463267
0.0704768037455339,-0.683274446862507
0.11760808092409,-0.658784011663394
0.131101756499519,-0.720303755392112
0.129571657245863,-0.767585787485383
0.138229360295235,-0.783224453744856
0.117085188128275,-0.832524831514702
0.119699737958719,-0.8173830271627
0.1086629761642,-0.861281712665957
0.0902101988818957,-0.873962874223748
0.090338700301877,-0.884529037285494
0.13744696398163,-0.90348153782841
0.127097948292848,-0.88847149466804
0.128744460995638,-0.898339161446488
0.127615591997141,-0.919325550227857
0.12893976878404,-0.90081977867673
0.130139762747886,-0.914028101173833
0.148087446634528,-0.892950151248467
0.0988389133861589,-0.903360418612377
0.0536363570705223,-0.877430577764935
0.0694671908315774,-0.872239737028053
0.0382875005559157,-0.881884235411219
-0.0108730767871928,-0.878618850321881
-0.0415160077770253,-0.881318462348762
-0.115995389149512,-0.887542916884332
-0.078890648086131,-0.878719694049216
-0.120235752446324,-0.886639997800267
-0.162288738501562,-0.868780834696403
-0.181612989141003,-0.827732531926639
-0.287329931525171,-0.805188438271581
-0.226710843642998,-0.797821776034752
-0.306673917058442,-0.821271727146853
-0.354685367250716,-0.735358406071439
-0.438721510779731,-0.722877376833047
-0.361349088628135,-0.643839049242795
-0.452703252221495,-0.611912837362501
-0.466983825433532,-0.555750853811679
-0.491159259895007,-0.524538686928727
-0.54775066528787,-0.506150188991082
-0.667915628176151,-0.510788929173263
-0.713594650515844,-0.412481691213695
-0.697059194892737,-0.405969978064347
-0.772015232105666,-0.389224971010619
-0.806380201423525,-0.339070178941729
-0.838101902140942,-0.334440431020877
-0.888646449523141,-0.251709890840836
-0.891870023354525,-0.205559584853715
-0.905048631718448,-0.211419707816291
-0.900228644828745,-0.110804373040655
-0.947061951485221,-0.126508634865329
-0.946203324333365,-0.0749709803077063
-0.938974287888417,-0.0101315526443903
-0.952030847115063,0.0606340884008911
-0.953287077429291,0.085341067506621
-0.959140468696899,0.0702323609021726
-0.907899156068757,0.0906115336853234
-0.884689761879507,0.168457870182786
-0.904108613403159,0.181853343680687
-0.914286066105993,0.254845721384455
-0.871240759948979,0.327229317539468
-0.865305591426273,0.394446437110684
-0.832344290993774,0.444767129623082
-0.762658098503901,0.460661788759977
-0.713900589323246,0.5310831607565
-0.683609491200961,0.59728930266769
-0.579820293795281,0.613829154053335
-0.510806286876935,0.67810065129263
-0.480431150689623,0.731942630263871
-0.450535982924337,0.789233903189845
-0.383997683971147,0.817049464278269
-0.281363902190603,0.837735430802386
-0.217909378870654,0.890151198334579
-0.160084961751348,0.87055812636594
-0.163857718570034,0.937361131816213
-0.083507442194839,0.946395576289921
0.0129964420239305,0.963714981615816
0.0852321896873675,0.955829739235623
0.119818988560441,0.887975298867316
0.217236511174583,0.94019721113464
0.188118931089587,0.873717047136358
0.238766248571013,0.841922231983959
0.287316331013773,0.832554365315367
0.295201521471766,0.914805030028395
0.311540342679126,0.917364169116805
0.317197734642219,0.919818547999306
0.349759005102051,0.898621439081291
0.390971935225692,0.899953859827596
0.36276931901559,0.906133203480033
0.410939427996673,0.884708444694001
0.451360708186336,0.856308734252777
0.513907710334266,0.802498478706328
0.524910035166057,0.744857065750649
0.548277908944907,0.724590891366747
0.577929910776985,0.712466048683873
0.655291703087899,0.690672558205666
0.661149798051125,0.686593534617743
0.644027234531658,0.659477811192233
0.656561464329823,0.67651843408529
0.728808712608746,0.640363103961819
0.663537218815127,0.59685436865086
0.794761751282327,0.523676248088916
0.818508794817076,0.439244662874756
0.850891665742029,0.475760912515284
0.859032227082304,0.465996256529856
0.846911678814903,0.426964210048404
0.847916848732537,0.353707287612762
0.919706091168715,0.328441792256528
0.934128037359136,0.307006200470586
0.93851122403607,0.262927729625144
0.936608049117705,0.249860864456446
0.940493363569529,0.252988405862493
0.948914854698763,0.214456581456897
0.960912089560833,0.194945277083165
0.965079197503694,0.150901608049078
0.939955684331783,0.171960928165233
0.9302024983566,0.194370441338619
0.9684150148796,0.176149097993313
0.963403955020842,0.173902360902962
0.888754044392188,0.188850083955239
0.844755778827018,0.232920780044858
0.94082910348576,0.189973430638055
0.951964224510952,0.188746553408301
0.885828901959215,0.196575530835811
0.944224482517868,0.192347511399627
0.963573389458918,0.182626447304696
0.938435548836913,0.228470240762953
0.957504232902515,0.195103938853973
0.950284886913604,0.219936342939182
0.852489814754453,0.18705473926114
0.912353192155926,0.220022209168121
0.961537964559852,0.185092482256815
0.961222227262958,0.210503310012517
0.959046839598041,0.206582615064925
0.96348277615576,0.208689579663925
0.962849375884003,0.198574602182639
0.951631190245822,0.183377637765674
0.938359931274084,0.188929738985836
0.927681615275845,0.154058747324049
0.944762779864749,0.146097248336668
0.909967972165977,0.137560683923803
0.890416867724146,0.118925810470023
0.930752912854985,0.105416655534496
0.818847488153194,0.0930043590759995
0.850707668608791,0.00638614681762461
0.923389061474772,-0.021763645632282
0.858433826164831,-0.0590705782367555
0.904532923370102,-0.121719378267749
0.84729693603287,-0.130301066653135
0.848619666998831,-0.140865362357542
0.864952733096029,-0.218562326164611
0.777510321139407,-0.228571085212677
0.731529201565637,-0.262814757493306
0.755978812339751,-0.275184038054439
0.706011198074938,-0.38013063765068
0.707109019310664,-0.395031083797625
0.651609573828817,-0.457695053231084
0.620064658590662,-0.440906232828498
0.50769316664997,-0.527001452570634
0.522174302449609,-0.497601994183511
0.417004429594753,-0.48034092800852
0.24762457867704,-0.522009625152125
0.297492490156966,-0.498106569941866
0.361790904430167,-0.572633952594306
0.264390741815101,-0.538379469124222
0.275178173082763,-0.505536075512344
0.307367577683496,-0.588469418681812
0.24982698855662,-0.597614332917805
0.153677168762503,-0.652090280335776
0.126177946268216,-0.606898552034545
0.0650528708766606,-0.585199218557447
0.0633272093477841,-0.671776306267456
0.151161049315012,-0.688318996203526
0.0486791315092589,-0.706013089829507
0.0275375152992662,-0.730773897236691
-0.0180643969604456,-0.658517295566675
0.0149966006048378,-0.771578692804793
-0.0212785428483938,-0.662889850226033
-0.184085617612919,-0.718079878898919
-0.170112500253771,-0.730885194226938
-0.197702958402091,-0.738472714288729
-0.272180246624908,-0.701967164730862
-0.294844288465962,-0.74210216732529
-0.299884444872537,-0.636940071239778
-0.318926511518155,-0.644936090705751
-0.415310835850271,-0.748737780571789
-0.450294766269469,-0.727026566710925
-0.522599617084824,-0.696394650276146
-0.532037171341946,-0.688823677464258
-0.53688191295768,-0.648814708503742
-0.601573117987409,-0.601966853390568
-0.602328318819785,-0.553235116435794
-0.699122864954004,-0.478147068585731
-0.650800229311298,-0.453249125680313
-0.686331195404457,-0.455767835516321
-0.663933284830803,-0.418050954430872
-0.732315862981529,-0.387657244850467
-0.655429753282671,-0.350325391919865
-0.706419297131819,-0.382334023156298
-0.732871460306907,-0.345083692152398
-0.65243047266206,-0.327354222394567
-0.720992374297266,-0.364334665339767
-0.6895627900371,-0.342680170243844
-0.646902705142128,-0.379763857183257
-0.697725600322266,-0.347428448672972
-0.671551249282126,-0.395060942567289
-0.677942217045814,-0.456319002452495
-0.671647809654275,-0.409042239995741
-0.598187221663647,-0.370302909213575
-0.607500433221787,-0.416693563997517
-0.632260355557739,-0.401666152329921
-0.643869782523465,-0.44274806052497
-0.614175604301432,-0.439103112018897
-0.55788754029216,-0.481677813063941
-0.550593487168011,-0.370676292177772
-0.598443013824506,-0.376053886167016
-0.604124417839579,-0.476320749348818
-0.412437254441423,-0.509748467343023
-0.455659505262041,-0.419363001676782
-0.563832357104321,-0.412129149572272
-0.580306775451016,-0.433314911903623
-0.506042089674228,-0.39818704338864
-0.455358156210808,-0.482934320553929
-0.513796815909102,-0.4744743180261
-0.416541606021772,-0.390441170821403
-0.517543331811559,-0.512308097334678
-0.470809903083601,-0.499317576314986
-0.366027016802428,-0.462779405618441
-0.419920907389497,-0.499020607430039
-0.36587758487238,-0.456123726677853
-0.339868845028205,-0.367612210984996
-0.344353428135405,-0.383783033190038
-0.303690783723983,-0.50564418687482
-0.341749092251669,-0.470676510301683
-0.333072826009125,-0.5325523714902
-0.32058223778531,-0.451744073801286
-0.333436002128001,-0.504860643518732
-0.314863011062377,-0.46355000405724
-0.276762892908076,-0.513268277655061
-0.275104259908155,-0.443542083215629
-0.23481217420498,-0.529281685646452
-0.234843882999923,-0.433403343509359
-0.316569616590973,-0.429017066427342
-0.322248415823639,-0.481739412949393
-0.348751949943448,-0.506290490518484
-0.339825400374404,-0.398645657107568
-0.36632912972124,-0.424219670925933
-0.451231614086194,-0.439287011814184
-0.492392253761599,-0.357709437833459
-0.487082507748784,-0.273365861625153
-0.513758203236678,-0.263693697650754
-0.572860612555658,-0.364488084822501
-0.615610253848833,-0.150474280320132
-0.621145812772765,-0.165273314055946
-0.57390342799912,-0.140482683559617
-0.634980282187604,-0.092405858978833
-0.632491946452545,-0.0778715305880082
-0.680374217048449,-0.0514728689009748
-0.693281507382297,-0.00653603180631069
-0.693914789716403,-0.00828008796851598
-0.719530079566399,0.0949460761339717
-0.702830786743247,0.0140166925619291
-0.677753513009176,0.187783931922592
-0.675006044825752,0.136430463630147
-0.6493306358998,0.234517667158504
-0.670295814435677,0.221016755746689
-0.661749419246662,0.277676397353101
-0.714370306936944,0.204545487980772
-0.676956241592293,0.321418058817219
-0.62009464572321,0.310913535244968
-0.613241930684752,0.36794573952433
-0.573411573440848,0.395291499957787
-0.3862106384584,0.446486243065499
-0.400538962012623,0.563629315078615
-0.359458258758246,0.573148279931013
-0.280973750577432,0.613158097206028
-0.213252208070471,0.627423141537425
-0.208373786123632,0.611654406216731
-0.139073616552638,0.68037972802985
-0.24553533389849,0.651621262107573
-0.175525697992585,0.703191542677112
-0.047142534564663,0.671287023804543
-0.0706005853224006,0.775948644289828
0.0107681183477784,0.679282829166912
0.0514051468863696,0.733303994343791
0.140669842226992,0.724273367036457
0.230502448538694,0.726956512567449
0.203840641466619,0.76042014643804
0.250185741607703,0.761811560788245
0.319906844785345,0.771629358775848
0.3576796457394,0.772992766085937
0.45746555824801,0.762496393632767
0.480492765644918,0.754160828563637
0.447706501155797,0.725827663740781
0.579443902138563,0.739002662123282
0.673915530245823,0.694458809270632
0.704797311674289,0.680881181387856
0.752365502769915,0.637702035838522
0.76496526816087,0.616686801367986
0.805615007563905,0.574368958902028
0.808101160704419,0.550734151237507
0.81245615036391,0.546575473955982
0.83117662782278,0.520635343425008
0.828786688600018,0.530615022274786
0.808693540930819,0.540024529293703
0.83574116249277,0.497932857178794
0.828472835381764,0.504788539170328
0.85783305203826,0.472854525063105
0.830314535158133,0.499835494837017
0.819927599221662,0.468536304821474
0.808621977161092,0.527263035869654
0.797692072604388,0.539066649509619
0.801474741886351,0.540256959762682
0.748962078827681,0.579652534755641
0.696379758331331,0.627018545789506
0.664204745129768,0.631025746419136
0.671885597443454,0.633082183558139
0.659730007695107,0.658045800986681
0.600432900619782,0.709333387681388
0.582142100455834,0.717025875707818
0.564333993935574,0.741568665791637
0.473598336708376,0.659641559668909
0.422468948489109,0.779597171605554
0.406690747493622,0.82335076980898
0.3707697005739,0.856832836958708
0.251336500006054,0.883814777375343
0.265572536116205,0.916253184506713
0.232965188641741,0.928477879467347
0.0395768798820566,0.930002783559629
-0.0191665936432484,0.973985411062701
0.00135162535694399,0.98531458100863
-0.00770105393431686,0.949273536097114
-0.0363555576731313,0.969918046817046
-0.107322389668294,0.914207374100577
-0.0985231001442489,0.904756484678151
-0.0912226579279656,0.953725210533896
-0.138072364521977,0.831495045777668
-0.182857780634153,0.860650017079478
-0.133598010806343,0.862961233812242
-0.240703555372813,0.918800661539864
-0.35460780878081,0.911127425789384
-0.167722549541194,0.762647257435956
-0.244508396389223,0.825828607462789
-0.146142514332784,0.847599803939433
-0.308448116669563,0.933252885533288
-0.281611174962758,0.94476967028197
-0.113016597643433,0.743662717711804
-0.255759027103858,0.808891997683994
-0.347153189645597,0.644352847132753
-0.348318306933,0.911915900687037
-0.134575537993613,0.833297896484691
-0.163530675060144,0.81114797419529
-0.353612927512575,0.830095962700813
-0.165270638722536,0.758889274795396
-0.224850402872812,0.711898223479222
-0.307672839457176,0.814163509061351
-0.267958679155772,0.788770369116229
-0.334322267853641,0.779381987948029
-0.380643902710409,0.715150831470505
-0.196828206798249,0.730936804130861
-0.311480935373926,0.711048125825289
-0.320126755490516,0.704408579541913
-0.36984694383388,0.693945953061941
-0.442017485966839,0.59438901384645
-0.401760839408596,0.712022441522805
-0.416473962338216,0.624609501274579
-0.58892231799099,0.603760461765359
-0.623377435740639,0.623149455797936
-0.637396713273188,0.713061253901378
-0.708742304287943,0.629173304193681
-0.622231416300634,0.678428737416993
-0.701423486748675,0.64360586812763
-0.718542122595545,0.573016157279261
-0.713367146678548,0.541642981195646
-0.755421939108496,0.505655036362256
-0.782111516082413,0.478679605038001
-0.78499425596383,0.575981905045942
-0.795566808677781,0.559555863089576
-0.814443275802785,0.544387432973999
-0.758426096387909,0.496436458831731
-0.820476183890476,0.543173344378113
-0.830999826320311,0.528415710333372
-0.809164442071886,0.554634970965298
-0.83105777874919,0.519164986493582
-0.837847775955603,0.525778694310597
-0.861948375776461,0.489749894422307
-0.860601734157501,0.492903266583058
-0.851700199102174,0.496555215622702
-0.887495197261585,0.440647126652286
-0.889450235390811,0.417200278764586
-0.9072591366761,0.376094508719984
-0.900935210351289,0.411239772488632
-0.885108835755902,0.395472420297281
-0.910810640452367,0.353018533319363
-0.935914597120213,0.201746884540977
-0.940032105733884,0.19237286202701
-0.873799258101003,0.0744895597016023
-0.954065238689264,0.0354033228138645
-0.945203828885238,-0.0219228867800528
-0.942539796614799,-0.0436037556543641
-0.942540377640746,-0.0117903448893897
-0.924231488953001,-0.0764076540612441
-0.854427682420091,-0.129402905969666
-0.826602416686313,-0.10710793001628
-0.878351450165263,-0.101053652878745
-0.949616591863691,-0.140698993193628
-0.933621699541263,-0.174128546372192
-0.940100543494106,-0.227225028084319
-0.936263796862775,-0.219585745501691
-0.920623477731439,-0.242397481096107
-0.910221930680893,-0.225934078707281
-0.899525444522076,-0.217509927627188
-0.919401480327019,-0.280245537646936
-0.893588180679833,-0.228513267336342
-0.928369413542476,-0.191384295953797
-0.918808639857187,-0.183156100279119
-0.931061139857958,-0.197877599450295
-0.93063873364049,-0.225790481793253
-0.928326307541255,-0.160356833263189
-0.902035222792022,-0.177730007072534
-0.933010626921287,-0.168197658753554
-0.892186945610231,-0.197637099438013
-0.895567109331238,-0.2035768017337
-0.92952199366048,-0.147143366111977
-0.925122670083111,-0.168443151672932
-0.830105323074636,-0.210723865561506
-0.869778445885649,-0.158454846796723
-0.888381947751932,-0.155540743544707
-0.879564387347209,-0.191050850386596
-0.871348426530769,-0.126620076293057
-0.903022057235462,-0.130627875139544
-0.866220316473092,-0.181421519210591
-0.863222191269295,-0.169001043584397
-0.848436105141648,-0.154221210779693
-0.838960510215332,-0.216023945557124
-0.886476629483648,-0.220148079565935
-0.848414924635707,-0.230819629738497
-0.889164801042729,-0.209887289462805
-0.865350572984002,-0.15841679455549
-0.895132767191706,-0.200272814854578
-0.814674299973224,-0.227010517879262
-0.879984732518228,-0.224228814445953
-0.838985009325182,-0.249755762190852
-0.820289495194749,-0.25463892061914
-0.853099303148456,-0.350299392319588
-0.820011740183223,-0.33076715141063
-0.85569646446309,-0.311012134978965
-0.812870737113478,-0.372295107970962
-0.798634578188561,-0.311021377227146
-0.778071383654395,-0.372722612372966
-0.778847293436854,-0.383624378225467
-0.689090077000542,-0.436154914620513
-0.705592933051617,-0.474255003692179
-0.651311903876203,-0.47897763878871
-0.637496561863575,-0.507468334043468
-0.585701692821198,-0.53654503263489
-0.578798378292718,-0.539578920498169
-0.53259406051465,-0.573997987687797
-0.485871767744122,-0.552099272375813
-0.4933439719142,-0.586181592322582
-0.464812797197662,-0.562831629564129
-0.490054444793385,-0.607967976572581
-0.432998956645912,-0.585309797223808
-0.37360123104906,-0.624691030330354
-0.340516156534298,-0.614670968414915
-0.231369725787406,-0.633309915259917
-0.241939311456626,-0.662310959019622
-0.144299688216775,-0.664988352252418
-0.124070217586962,-0.712063290488695
-0.0452378066610636,-0.714555943087304
-0.0226726590051603,-0.713751632932734
0.0215920480197641,-0.701420009647061
0.063154938047678,-0.661164060257371
0.135069304823731,-0.668811749929872
0.193127256534885,-0.736130755767969
0.278487869744773,-0.722156952574565
0.261311221026148,-0.543737256589617
0.341302545803497,-0.576415415762862
0.393249333499721,-0.619599470926756
0.394674835379879,-0.592964716143885
0.433665409478417,-0.605895433128143
0.503089206815072,-0.515613192177319
0.561307417300116,-0.463509722818132
0.628378239929352,-0.426759899988293
0.650072456138286,-0.420836847661782
0.693805512899692,-0.331360349224576
0.803606722316083,-0.213058629988833
0.776972680643789,-0.182048672249356
0.811646951732911,-0.192131340201181
0.846544213037461,-0.0665616921436614
0.856963992090038,-0.0319825245187413
0.916629323021602,0.0455099731548775
0.867720556910051,0.0473051784646518
0.884118766713751,0.104701043112629
0.913727631536305,0.153897582777288
0.92065511492644,0.194009119890295
0.902019036272987,0.250841726601252
0.924717350923941,0.248207165550794
0.916982046760062,0.281361486362016
0.900242584311432,0.245656587759202
0.902049338923086,0.345598049311016
0.901511613729812,0.318626549964939
0.887865496685483,0.371389999225036
0.859306454988236,0.404184967047947
0.805284065067602,0.430925319016722
0.816153112284573,0.465873185153045
0.801421551847517,0.440013161551858
0.754999059431845,0.483900652809957
0.781127612940519,0.507758541407614
0.755576529854018,0.555775462058079
0.705375629657961,0.579027011934897
0.756359520437413,0.612247549676971
0.754527251379532,0.612730870419362
0.702312342373427,0.628717538195917
0.74815033386001,0.625417901180007
0.747712904874574,0.63562285979305
0.706340632252434,0.680571246675321
0.723937728527654,0.636295015529039
0.680181678663058,0.707214380897506
0.658424981569206,0.711857697112831
0.634407312589711,0.724205837076435
0.55062843861643,0.765639450083457
0.569480463781028,0.746649626315486
0.531657569859198,0.754387847156511
0.524292178495313,0.791368382960726
0.504470471078954,0.777689404235218
0.41105318570533,0.764986827713849
0.336298458459677,0.730588323156891
0.323365432438361,0.7866826079673
0.234684699070744,0.817445128986617
0.199352237633466,0.798510824381087
0.0822153689646911,0.795812142965078
0.186315086563653,0.81423406545777
0.101993760485128,0.801467950894479
0.0348923172763436,0.741284856043373
0.0116628789769513,0.750732252093834
0.00747093230019846,0.735825125136362
0.0351728638923427,0.735686210353135
-0.0694261789751127,0.653198812229053
-0.120988669716142,0.654640370750603
-0.108023445566586,0.532939872058984
-0.224933945974138,0.582570985449581
-0.247797715232875,0.610248189155021
-0.299951271072524,0.622844322595109
-0.415252766795798,0.538316843619431
-0.391659149929734,0.553963242017339
-0.486152509949458,0.515103277044837
-0.399539149728783,0.537120735876593
-0.419167189540986,0.482300401196815
-0.539706819707766,0.470206129160633
-0.60577210997856,0.406020672878298
-0.681143219418607,0.49815919134453
-0.726633383112883,0.444565894440379
-0.778568255933,0.326583750215015
-0.836352632821089,0.313628312975073
-0.8387431019163,0.312707298627794
-0.867080820609138,0.228407629246131
-0.861184456408538,0.289725519094595
-0.881235560973208,0.111338344761041
-0.869904699697534,0.153972961901455
-0.818005795411406,0.12607002018461
-0.893717249318736,0.0713288544032023
-0.976831256178795,0.0547562040733446
-0.925650551614383,0.000174355637610144
-0.973888287398278,0.0755435540758233
-0.94790078286954,0.0246064991949595
-0.964883754639529,-0.048250200288106
-0.939171843180576,-0.0347285097775509
-0.910618848422246,-0.0476128607262189
-0.946145837599082,0.000591455778472375
-0.923189141637888,0.034552682699002
-0.977353335581782,0.0365972937999442
-0.969711748535862,0.012026319914408
-0.967074470368001,0.0732652533327875
-0.971377936546186,0.0351570330206666
-0.971003223529658,0.0699877363457454
-0.923657916967308,0.0246464444924443
-0.879135256684302,0.0865212797774384
-0.928600343888711,0.128543474246723
-0.877042133877379,0.0554956339001847
-0.970692298212894,0.0516702339443846
-0.969482511774503,0.0371772204316558
-0.945125179900811,0.0288829446983189
-0.94776850714587,-0.0189235921926681
-0.970873189126445,0.0707502084375787
-0.970888659878124,0.136597902880027
-0.946904699772231,0.0990039288225637
-0.900841926900502,0.0587780155883832
-0.835175514093253,0.0963542086160168
-0.954192224063626,0.109032501619086
-0.951366847769813,0.116350442054857
-0.949823092790396,0.0701755211590444
-0.901389198588684,0.133934970024896
-0.929091829085957,0.0771599868361829
-0.888688849385327,0.115452356005668
-0.942058943028236,0.07359847125631
-0.909271993734222,0.0124250503441531
-0.808394253800273,-0.131825436631511
-0.88460249935725,-0.0101585930527633
-0.856737356372589,-0.0657068878739279
-0.968834575837105,-0.0825568682730793
-0.848207779663598,-0.162109562966362
-0.788761879461105,-0.117810764242821
-0.905411567386683,-0.258350686983673
-0.90130264382064,-0.294458316748221
-0.848503005487182,-0.321450387605627
-0.864970637560649,-0.330401939243255
-0.80844978584213,-0.427236254465956
-0.835512941152352,-0.425972558053042
-0.850075624285568,-0.419739915627132
-0.842737902175548,-0.431421746917649
-0.813065223994923,-0.481899767725693
-0.769270875049263,-0.4317004709933
-0.789198136492441,-0.531485888692648
-0.717507543392705,-0.477024572887445
-0.793295602072819,-0.553284499032739
-0.747331159627035,-0.616373557541857
-0.66787872982229,-0.514382899675019
-0.755396022225638,-0.610162106843487
-0.729509786551955,-0.648868692311031
-0.706591183732527,-0.665577236216153
-0.656753733651316,-0.723449941899411
-0.647765344390048,-0.729318503801587
-0.647909854602445,-0.725268955247911
-0.631313187661017,-0.736587286559235
-0.638968249232467,-0.75003559557943
-0.672832806269463,-0.707511684911966
-0.658850551796201,-0.68669750668318
-0.66442757884885,-0.573937753941084
-0.637507434741003,-0.604280663613303
-0.686933442361604,-0.577307398842482
-0.708344800887001,-0.546758330424602
-0.549522634652182,-0.458482800955999
-0.71582994909993,-0.536307020755309
-0.717688785871275,-0.566284354017632
-0.757169640483769,-0.555659728453675
-0.772119505098583,-0.566893177443511
-0.714952098142696,-0.566665398187037
-0.709312593193817,-0.619841971120569
-0.637773836945509,-0.606274526622469
-0.622862038219718,-0.622521472940053
-0.586923625952778,-0.69046204247888
-0.529116371690933,-0.714897244341533
-0.534837839060713,-0.804718964334367
-0.550771391111198,-0.792956155758075
-0.468666926989387,-0.845698707564969
-0.402619343569341,-0.867483525931842
-0.362199263594804,-0.829385467427038
-0.310562772368083,-0.919490734988123
-0.287439380459678,-0.921087003725513
-0.221293625459661,-0.935005940977012
-0.20246624698247,-0.946213528504346
-0.162473751319452,-0.951682891898267
-0.152201327644824,-0.943078325111617
-0.0757852896935947,-0.959816905066431
0.0190911238494227,-0.961229123752948
0.0536726418616096,-0.956666711597375
0.0858404287770813,-0.956876335919624
0.100902899636552,-0.954196094354023
0.127921309323935,-0.957940210475254
0.114986821768702,-0.96123745364951
0.126195950952017,-0.942522731219958
0.179992639441604,-0.951156607928552
0.180740050053922,-0.939195840345273
0.178672627393257,-0.945306416491684
0.212553726298585,-0.944440708831439
0.249707302171519,-0.920879406481858
0.251732390035918,-0.93403719602956
0.301051070372887,-0.888881211914368
0.32302480134045,-0.892382148788837
0.314926482878137,-0.885794411404856
0.284973969621883,-0.884362604268882
0.308802548355881,-0.854501160887459
0.302623744888541,-0.853204997067383
0.277640975037876,-0.849221607811927
0.324482898235405,-0.846523549605341
0.347412612328554,-0.848054747073368
0.301270058967273,-0.850298059898024
0.354069175619403,-0.854943798141867
0.370842447173631,-0.84429347075704
0.365906977378058,-0.817931844786392
0.42722832839975,-0.798630557175536
0.389553097394909,-0.814964776937382
0.43694173405947,-0.811070838562888
0.433546859362864,-0.783101588031031
0.487243564226491,-0.762840675744257
0.536271164293268,-0.752685340840576
0.520782365668761,-0.717065935740921
0.557667917874759,-0.731214357567267
0.559760095709347,-0.677042927120464
0.639675560331409,-0.630003605666324
0.663911769973829,-0.599820709451334
0.724961104572806,-0.567031783738224
0.707933554067603,-0.513966676030747
0.739413936967371,-0.46231694242488
0.793459758347523,-0.418288303549802
0.780722461480159,-0.342166432261046
0.828620903331472,-0.287258780653967
0.812636871461907,-0.270712436917932
0.870980290822453,-0.184119387415972
0.86826715644759,-0.121111932430668
0.862458714496489,-0.0367094439265506
0.864623473991418,0.0115677161444529
0.848597966836591,0.0613539562889447
0.891796326673568,0.161958554649616
0.806455639992637,0.198770492478726
0.800917506394062,0.252120879368367
0.806756057859311,0.210944797974882
0.768005632096377,0.324730999158641
0.763475988197258,0.371700186793521
0.761063450713263,0.476413621939081
0.65026965661674,0.530377363366814
0.595604750779499,0.553978578735713
0.617142110763937,0.531483288547127
0.561941518373116,0.680774403670015
0.490482999561491,0.611029996584922
0.416904485349952,0.705282982408727
0.443797830057588,0.708983330229236
0.411976995074111,0.789277409659566
0.316221453705931,0.806028729759024
0.270369291790187,0.859754104814198
0.198113147938418,0.827535725390118
0.190459116360374,0.815500255008413
0.0916551199837149,0.863792227614591
0.0521537143367851,0.854930939943199
-0.0308073464191769,0.882057693952304
-0.0900907744622741,0.86404513843212
-0.117060943875884,0.885388586917144
-0.244712069219177,0.884998037482932
-0.250552970972391,0.845848009419144
-0.336874003333122,0.827562886270971
-0.355117803770164,0.856647048561352
-0.38305076173621,0.824553571820509
-0.38691196338338,0.775712315298953
-0.479614730625985,0.819455239826321
-0.43305780947739,0.830388755026163
-0.489671878501414,0.845750164369685
-0.399649105865922,0.856107957901158
-0.403967830677052,0.859565747581887
-0.471958982496053,0.833247747750847
-0.428155097472827,0.842817325441519
-0.439034162353072,0.823834375248142
-0.544276391547043,0.800052436154549
-0.447920733893762,0.839856990753764
-0.469928395934136,0.814551495894212
-0.472031349210989,0.846577699366901
-0.390071860188807,0.812443623926208
-0.417151611987629,0.867451002735172
-0.429382856211739,0.839992212676504
-0.41588680531007,0.821630260064336
-0.399059276745575,0.854588097977984
-0.371258455371652,0.85204698008001
-0.383434515907549,0.881851534193495
-0.346005164314909,0.856508365191582
-0.407042548926376,0.876847059365279
-0.431626559066642,0.860339650744948
-0.473672597776948,0.832648260299661
-0.447726600830645,0.829837358216913
-0.510035037769543,0.811090444387181
-0.52511290018802,0.761304892787294
-0.61144273380531,0.730850224357639
-0.602298469911757,0.702288725660331
-0.616593549957061,0.697954918451488
-0.610873630937699,0.703871688389886
-0.590543857338709,0.69840661170911
-0.59479608304625,0.676418169284438
-0.629482894230525,0.591864901535211
-0.652614865514924,0.583390617358407
-0.580518596441314,0.675975080845565
-0.672897505274023,0.651542608580808
-0.634812312315281,0.643358707666435
-0.559536902964016,0.587609410689631
-0.596063722676046,0.616209082525489
-0.542489414476129,0.579747707597003
-0.532091890001579,0.588464605726231
-0.519436244846685,0.527389885153642
-0.472636973178622,0.633423477815851
-0.35606313048215,0.617601161267135
-0.432953249649447,0.54931453824986
-0.425916739559403,0.574562949412906
-0.45609272551916,0.565487237869799
-0.391911221336885,0.46045144481037
-0.435028641666079,0.518933687861718
-0.349276960568298,0.573446763428933
-0.412833552071714,0.549247795452409
-0.442606324293058,0.599811285139809
-0.378271822252699,0.549283573074199
-0.328431193030961,0.492520117996521
-0.355134852987345,0.526581006551194
-0.28889564500624,0.347894777659705
-0.414546419574751,0.500558443522617
-0.335126864661953,0.454085283020746
-0.368930778157506,0.314834940943305
-0.345974026786864,0.398645600894615
-0.387394583763698,0.37465522344586
-0.319750438134429,0.300454469699232
-0.306578816322168,0.359667439306812
-0.405628799797696,0.331034854319203
-0.195263424169801,0.382792929316883
-0.293682199416103,0.121723384573877
-0.223643667457231,0.1008092598793
-0.197690556571522,0.112064545935924
-0.255330497209023,0.0292350044116118
-0.270933575298735,-0.0570560197515863
-0.176698736743289,0.0108108188655099
-0.245174565653705,0.146347311252873
-0.309980994485029,0.1333739008768
-0.322957120324613,0.0140827751171254
-0.10537916506917,-0.0584108537935853
-0.292280336880157,-0.0404953288994152
-0.270945359608394,0.0326262669133585
-0.336194479667185,-0.0944853325281926
-0.157250433326365,0.0861024301996146
-0.118301795619465,0.00552422431204799
0.120096746744261,-0.0701005198139344
-0.178392550456771,-0.117479375380585
-0.113246355720607,-0.11548591324696
-0.223344122417204,-0.0250680781547324
-0.141775365767776,-0.142362122908841
0.0132528497995372,-0.00174024446084993
-0.124631230452134,-0.045086837222333
-0.284682748656602,-0.234983502645074
-0.222993642102856,-0.269201258035664
-0.309173092697626,-0.167565220150783
-0.187186347314107,-0.332059545912148
-0.0714978208147966,-0.32334126083871
-0.1491068953778,-0.307914718510826
-0.0447612278885895,-0.274432027390879
-0.034815767873365,-0.431865075665744
-0.0559296411608645,-0.406719800576625
0.0213442406810807,-0.410609639064302
-0.0378241617624374,-0.414945357750758
0.10665688244279,-0.423834737573662
0.102562247600448,-0.359955346377684
-0.0264977004614903,-0.36153130878799
0.137632002648751,-0.328557903789394
0.051341886713853,-0.391677696581334
0.119972382158518,-0.399667023965043
0.0976685214684239,-0.587422646502233
0.110130045544819,-0.525473747784707
0.0913298521798054,-0.506860603593521
0.219510641691048,-0.550508750296717
0.164171150332246,-0.620592356646582
0.225689498435152,-0.627512901145604
0.182480764799214,-0.507206608720027
0.20747561293742,-0.506570212532828
0.351113671336966,-0.565666939523978
0.283273316676149,-0.646293889800336
0.246796129814871,-0.51461120150626
0.129985498913228,-0.549250569306403
0.236483279998068,-0.407766113242412
0.269817539593639,-0.539285075868221
0.196179456891661,-0.474792300660028
0.381170633128593,-0.391617859479091
0.429783559537963,-0.403553529986402
0.358658380845298,-0.180475810344748
0.279874183977308,-0.240812805967489
0.317100346494459,-0.204274765456489
0.39251679818664,-0.157515729436408
0.372501799559009,-0.245559114780571
0.371618720722315,-0.0993895558691197
0.491247092430791,-0.0684316597202299
0.494259990492161,0.0701852826569732
0.531018530900717,0.0180954332341527
0.505754418756859,0.093998815908957
0.539932632144827,0.00822820302874704
0.612566718399286,0.181324737712798
0.505458964933899,0.264948565665563
0.552281951298016,0.308708257790367
0.533058880249117,0.385508428936737
0.481706770969088,0.424372786165002
0.417672405401234,0.464590634455463
0.461766222211068,0.557871946325916
0.450603574897389,0.60936653425582
0.480081282318995,0.65795232560384
0.430031755628413,0.681578469098065
0.379617950386433,0.764690334045022
0.466393605570887,0.672000414878335
0.43823950210043,0.701285109625077
0.299281023108257,0.716817969184725
0.290182097824192,0.781178839859842
0.337322762200556,0.778797034247567
0.308027148283519,0.838889550937848
0.32736325607891,0.751072600066737
0.346031508440261,0.822671048338232
0.25960747010507,0.830822941934912
0.287947210948816,0.844545572496925
0.284878366944897,0.814615669065448
0.2510068140195,0.821893769221445
0.283445013530436,0.865249369974491
0.293847712104346,0.813968003605954
0.275220650955399,0.823616710642503
0.344915688497415,0.86241432541803
0.41638404494964,0.831487562460248
0.469727175111562,0.775467440411602
0.487537710925889,0.77596553933209
0.460483800572309,0.798402512922097
0.485761031398988,0.753179565483624
0.449105243285552,0.665358032822404
0.518137766943222,0.748704753634124
0.642731722506665,0.637753420266231
0.670091212691519,0.645438494220407
0.705931089654152,0.491800619468606
0.757731615902596,0.531399699828922
0.795580857739177,0.510821673486148
0.82935100201984,0.471799300702523
0.782901286745929,0.379046159356028
0.7846331117336,0.301708924342444
0.91836403007928,0.30353946100929
0.918064015094354,0.303561270974407
0.868140949323326,0.305320474094162
0.892523645870707,0.183027311396927
0.881937105403916,0.133585819761812
0.939676449809376,0.25730175058624
0.943011238367028,0.220631515633068
0.910951576746441,0.0711348689107025
0.869870575928225,0.239753996872223
0.79933554366265,0.287322653105723
0.948068655515539,0.212187549067055
0.802963832683747,0.202494103044454
0.970086869910264,0.17879597886084
0.971536899372169,0.169413828861986
0.96937795546959,0.166637908544712
0.950466081424723,0.0972081275440006
0.969813623866354,0.197604854552652
0.904403358060975,0.186664284020695
0.912695360265654,0.128580643499239
0.732488669936423,0.256166586395058
0.90779400268128,0.245081408453929
0.971571572090747,0.206307556547454
0.938627906614774,0.09645009589978
0.937688751332736,0.101228210459331
0.959218620453281,0.00729298628599191
0.980422696629844,0.025808225128799
0.891915078294258,0.0324249745479523
0.969218996949688,-0.019019034159027
0.720609212814928,-0.109928335589802
0.856071777707665,-0.0118596779079541
0.936802832707097,0.0340585053563211
0.915360987156538,-0.152504510860131
0.960952195906184,-0.168573688504363
0.914908730057581,-0.258689184651965
0.816878614648548,-0.301567160637148
0.770905007847228,-0.278905060374273
0.913408007103889,-0.259129766854336
0.873337820572506,-0.178367921861495
0.922016095072072,-0.202841056186433
0.890364277304536,-0.379922238137582
0.658157382932035,-0.246483823051719
0.511174718840623,-0.193706215249128
0.73886574710253,-0.310745433617628
0.776759669421898,-0.423605179523288
0.849808725622378,-0.392871777767165
0.806786088415801,-0.475743215237572
0.668645376776135,-0.398737506821076
0.676264282680007,-0.401772494544031
0.75995001293186,-0.432528108159692
0.776545795177763,-0.499306232319634
0.846484988442007,-0.453117123830545
0.817746278696098,-0.479858590268604
0.801067241640838,-0.494373173606019
0.802193338325089,-0.44739029856686
0.839026801484151,-0.479591332180506
0.854822741556782,-0.483783843082728
0.828106015038875,-0.510232058134328
0.791425799747011,-0.4523176452932
0.724726765673274,-0.489963986227096
0.829465065935815,-0.472686811116429
0.812364548528334,-0.470808129252696
0.739278000610302,-0.467541765296665
0.71105409001514,-0.574777130170736
0.745153918232123,-0.51048938846225
0.733948328859992,-0.553392007167668
0.651719447245543,-0.546249521804876
0.703993826174372,-0.612844440800051
0.634260359643237,-0.542075120802799
0.646559725009809,-0.593128670257232
0.58694721727556,-0.531636385651084
0.490928963490855,-0.530066416491335
0.479581846237607,-0.482793807140695
0.451290591364736,-0.448130577366395
0.416106565167823,-0.563147414173877
0.389681169107184,-0.514149871297097
0.275592564491243,-0.462643559944011
0.29907265857277,-0.554396788818729
0.497755346728632,-0.463431205104094
0.296561456335607,-0.509780401107174
0.208564967685232,-0.329824719485072
0.275375226338354,-0.328394726414943
0.213625115376408,-0.409996271739335
0.0822643501010516,-0.40551527140798
0.209296037459067,-0.437215313574388
0.185880037373467,-0.301258476672534
0.0418990622371566,-0.256453603492135
0.11481583084564,-0.176940312221569
0.0606939427839524,-0.224031188291462
0.0297589294522341,-0.107103637445306
0.0496411793557387,0.0622257373270108
-0.0162862663165296,0.0317178700438995
-0.0270750750059135,0.0167975517818984
-0.181224772771875,0.0765984721881912
-0.211964286474127,0.0900165499669004
-0.194235299741187,0.108157477519516
-0.0956349931156384,0.196428981145937
-0.173750603735571,0.057223537722849
-0.176015684949042,0.175895061201169
-0.119410321289503,0.254744113243008
-0.240923303229324,0.313190478971936
-0.235209409480728,0.338016674583054
-0.226538554405179,0.48238513719016
-0.274364653974609,0.42361466348051
-0.175437251995616,0.490865016570685
-0.248257088027732,0.3604444912642
-0.320660705646722,0.622171359514163
-0.236483362460383,0.508139953998375
-0.29973188919867,0.506733031312016
-0.303263442837261,0.56081022379187
-0.390916715105546,0.611566654679295
-0.343113099959177,0.562920488881767
-0.390624204080259,0.6433939691878
-0.46100622916287,0.607544197546064
-0.464425514448236,0.576400033321402
-0.459581564995339,0.610278772572284
-0.369049109923169,0.602909252933173
-0.447937205651797,0.642447086009659
-0.539473281737025,0.638095829145253
-0.488835738776358,0.636766355000373
-0.592244834453181,0.635715247016302
-0.590985301499976,0.713305095247222
-0.639692030526536,0.586112335480032
-0.651351970554705,0.653393485070024
-0.660942943569425,0.623205284909336
-0.717920867132358,0.615447825711116
-0.670982540025615,0.65672436396082
-0.593646723337385,0.698604153948435
-0.61637012128945,0.656810780105597
-0.608917399796559,0.653585135493858
-0.640757722007313,0.666889661075733
-0.620816799502228,0.599215298891928
-0.608731686237488,0.664215796258357
-0.668734770600796,0.577519515409587
-0.658244587451712,0.617034648816246
-0.60352308093007,0.629607365458534
-0.588454006285202,0.535515344715166
-0.658132113964059,0.510390099657796
-0.559158779581751,0.53513319334913
-0.68779239163951,0.447969339158064
-0.665832991143975,0.538806157733466
-0.747078193480735,0.509462320714097
-0.765838641851759,0.297578429554034
-0.706233654253004,0.348769650853417
-0.61658577700547,0.575082704371001
-0.695605402336758,0.533346409742884
-0.63223955471001,0.341068894880575
-0.62794826162906,0.333401334919093
-0.653605600762284,0.257983059048721
-0.697964831840095,0.309362203789131
-0.758873549099166,0.291058835895215
-0.642843339990606,0.15862135082927
-0.794038726077999,0.214433266250802
-0.714573206404443,0.134665664433681
-0.653800659648351,0.203744396664746
-0.739046123247776,0.303673742346474
-0.866966828908514,0.215047641139917
-0.73392149868426,0.107814787756598
-0.80116452409167,0.115472427498431
-0.700856700408206,0.0109021477270955
-0.927721820044759,-0.0728283086942915
-0.87222262753112,0.0248791850354224
-0.667779682372623,-0.0760804766321109
-0.972502600496548,-0.0658943077893466
-0.93979614886513,-0.0801098395127074
-0.950593621738887,-0.144464086519431
-0.942023815177109,-0.148932835617691
-0.792575260303534,-0.139544429427697
-0.874931901878288,-0.0337694501430574
-0.967041183845056,-0.048955577044923
-0.929166611608462,-0.0407605062535052
-0.789147501677639,-0.121285953276427
-0.818723396105294,-0.0851161029457553
-0.885977698033638,0.0455388317698388
-0.799690168362563,0.12469825477333
-0.726951540616991,0.0831540902096246
-0.628359852771549,0.0771194627592189
-0.854501054554118,0.198383610485302
-0.725990339348803,0.312608426743151
-0.814646834327027,0.326815820849545
-0.899004663897126,0.103912364692925
-0.873191855980367,0.297740695479408
-0.716052385932105,0.131944145903743
-0.738373962744756,0.121625030213751
-0.780965416574598,0.155964071174823
-0.770913661325014,0.218026243319691
-0.780060000999104,0.125269064367267
-0.751234422155749,0.189225244380237
-0.743935140084271,0.0365125367276856
-0.758911035307663,0.121763882574029
-0.779717385072707,-0.00220508068825057
-0.691846246553449,0.00391564589972516
-0.784754234212905,0.0503211564885493
-0.804175638273915,-0.0460460583536084
-0.849372750925666,-0.00299087668159612
-0.736698541392089,-0.111734777367379
-0.769883195589861,-0.147633009303084
-0.727989516225499,-0.109027653113066
-0.773449719127801,-0.153378216952192
-0.796293185910435,-0.222978313600461
-0.868479001024603,-0.261902263642636
-0.764630949767435,-0.159543628466215
-0.910712188172782,-0.24337883007904
-0.889446557516958,-0.243676232245271
-0.819892863028615,-0.254274894290932
-0.769860458069204,-0.32452404992677
-0.823234004632614,-0.397250880786861
-0.704774571065255,-0.35587094366926
-0.874440686854501,-0.366769067067298
-0.71370925402553,-0.345843899382001
-0.829031064336,-0.492487105882097
-0.830804452338972,-0.461482822498584
-0.825306622103822,-0.518624864090924
-0.770176861308469,-0.44210614624477
-0.818803355369662,-0.538379130248007
-0.853632981009532,-0.48072471609596
-0.821155955287558,-0.464273442418353
-0.764444768861302,-0.430156449351279
-0.765304557827555,-0.487124716627187
-0.733577243204872,-0.540958623263615
-0.74000183170622,-0.557322690412157
-0.71081547323297,-0.550911743249236
-0.670216504750186,-0.523835600662706
-0.762829213623782,-0.556025340837583
-0.541051484496197,-0.510043187130693
-0.533693063620308,-0.481413010623408
-0.668319537390915,-0.503794641169142
-0.646111745945163,-0.43884292751978
-0.567533442254561,-0.566492212294437
-0.545248411951366,-0.535313803376404
-0.498491704230357,-0.716033774989354
-0.63862080609881,-0.71336451659638
-0.585242861854908,-0.677038064267991
-0.559437428060755,-0.680972737311589
-0.522052890962769,-0.660176369004941
-0.562213501139575,-0.672213452174134
-0.551014795837096,-0.724933017201818
-0.59359531641491,-0.749012328808045
-0.548150969411873,-0.685447396658451
-0.592951097109209,-0.745870751979334
-0.591397328484186,-0.757220674653523
-0.600561282793794,-0.729651855770011
-0.586870793447399,-0.753974761144365
-0.640590798032129,-0.659357490538718
-0.643532129377219,-0.714832515994874
-0.631515497380365,-0.698855787658164
-0.605900739971031,-0.737463875125166
-0.526862572050825,-0.71551217719047
-0.629445077466575,-0.71610022240472
-0.664091176355283,-0.685609276453064
-0.615960947637614,-0.685123806789092
-0.639525442615476,-0.577284666151927
-0.56746878657119,-0.575041104541439
-0.604068928444009,-0.634098190346122
-0.587632908383164,-0.645709835499117
-0.625607237125666,-0.631535338795862
-0.66880712671398,-0.71079037413833
-0.633023247026485,-0.588323347294914
-0.671055235205751,-0.674729216568518
-0.607790780788543,-0.601566037010419
-0.701276485026067,-0.690216147305556
-0.569205135106498,-0.752537187014351
-0.571925394963407,-0.738693079825596
-0.590423093004399,-0.761664108624082
-0.494720166324937,-0.724072640049583
-0.525687188203884,-0.818619829559956
-0.489959112935874,-0.824530742040945
-0.517388268182787,-0.714088758798988
-0.41432101650363,-0.790137646880227
-0.276896948881536,-0.861370015608302
-0.190658900087603,-0.910131875908331
-0.268437459834437,-0.900050555794814
-0.170126595845007,-0.864082692931264
-0.164559481532436,-0.956616415642128
-0.183726210600495,-0.866035806954354
-0.130902376024835,-0.877268771535177
-0.134412932503735,-0.953576310762268
-0.110888326909791,-0.968034796396572
-0.108742607607616,-0.9591755344422
-0.0801153114498619,-0.975379553641698
-0.0232644035473456,-0.975920769392195
-0.0349342571315958,-0.977548360132268
-0.054027894318965,-0.977222498434164
-0.00772120521157236,-0.975495694145976
0.00164644561119198,-0.970060372025774
0.0486230374581332,-0.965823730029261
0.0877590093710517,-0.972171042557291
0.0197297907866394,-0.931056677396171
0.0736054528671262,-0.977990993133769
0.0760685708113872,-0.979177763434976
0.0510099764910418,-0.975920238384313
0.0550678237512849,-0.980343081203589
0.116138901779229,-0.895584784145092
0.091331236283178,-0.925718596317168
0.154801356303901,-0.874420258411735
0.0265973889187568,-0.978938494295458
0.0361092946443633,-0.967913451303601
0.0234795823798787,-0.971371693753613
0.0786097875252371,-0.985439007826709
0.119935778611303,-0.9706184397497
0.178721244967344,-0.956858144197546
0.125919732785614,-0.938479092835141
0.1747201482866,-0.961884027216845
0.156543438574325,-0.915291252577176
0.214686005508303,-0.92935564919856
0.257177986442733,-0.86938342908798
0.275533280232817,-0.905120192211712
0.28361505652298,-0.919399563767662
0.280938446011775,-0.908218091384886
0.278125462631749,-0.904058403500434
0.348598020703741,-0.88892079989039
0.320149692754872,-0.896976514633246
0.331577687433998,-0.882543000448212
0.312807227943928,-0.901597509162883
0.365579926148679,-0.870252740836572
0.39072775703755,-0.857505968972339
0.386898979633053,-0.883659890962498
0.429971946632736,-0.869173307105779
0.455411536550104,-0.863107374722819
0.44770252996183,-0.869178778245226
0.50356143233818,-0.841062916131419
0.484803520890648,-0.843558580392897
0.543254780217012,-0.81040069862913
0.555450129013024,-0.784459308878221
0.570216887953506,-0.742929951220139
0.624986605971881,-0.699266688686581
0.692077283663087,-0.681566502760877
0.68860122248135,-0.675715347806804
0.73049942839603,-0.614890822509451
0.783095579909866,-0.566201176343376
0.807963951817279,-0.524561759551423
0.853486728684085,-0.471438233587013
0.894547892217772,-0.394057404314607
0.899996296389003,-0.399516976497145
0.93515249760634,-0.312410139358419
0.932388900082945,-0.286389130371651
0.863354298616296,-0.217988542153476
0.900319459682676,-0.299165416120241
0.923607790106214,-0.230247568170858
0.896809504495287,-0.123956577874952
0.900590775424989,-0.0848469521801741
0.903818218708502,-0.00735721629749446
0.901504016833063,0.044186083468359
0.891674083183182,0.0888877072175834
0.913525346073111,0.182222647385263
0.852123878670493,0.204594825955453
0.902425531413603,0.249611418762533
0.864452317221943,0.325551513272077
0.852377087302038,0.418091036143595
0.810084290987667,0.505911793072887
0.814425013572257,0.48365901684045
0.799101365613881,0.544653247841642
0.725166075593229,0.501920815348994
0.739190110005528,0.636345882963699
0.735439093625381,0.641884048168654
0.723145313707513,0.667170715799955
0.721295642638945,0.648399321721681
0.717943518898247,0.672786169900645
0.688108063539477,0.679527076866946
0.646056129836941,0.733622128173273
0.664838783448217,0.718293339511503
0.659231661747437,0.70986047542579
0.657821348596362,0.683963872953558
0.677941746242134,0.669762924918144
0.668218902669539,0.658682131111441
0.66189070890875,0.704427651365766
0.670489418801185,0.702740018203675
0.698057874623724,0.665743611452767
0.7369283511559,0.622772443029844
0.754618381995382,0.572280749983708
0.754994541196783,0.5850854357802
0.743896958664115,0.56563333393788
0.733821188694766,0.591344565957308
0.732977781557215,0.647456069743006
0.746146321146164,0.618518650463549
0.659132735126887,0.519408218339941
0.672170657235425,0.499825499407931
0.71332824464485,0.446105888815704
0.754619363471694,0.379952242838169
0.742486836354458,0.419287283092688
0.821179739991181,0.478075989683325
0.842369888147025,0.466907544874434
0.883969534297127,0.357310711183684
0.897599548212574,0.304237659321807
0.921443262242851,0.287700253652304
0.945973820922756,0.22836730401283
0.942480045280576,0.167383949401366
0.943265518673583,0.190759142087823
0.970246636377855,0.141821805875231
0.960269873048862,0.166535013357596
0.891846840504829,0.101455419218994
0.979746625711332,0.106388133382226
0.966216588290769,0.119932641242752
0.970490677538223,0.144010600316981
0.970792753457532,0.106918837592955
0.976958156870654,0.0915698204079794
0.97405238639734,0.0900744156918512
0.9720278301863,0.0960614972833526
0.961286786680748,0.15388134684475
0.978975646171886,0.10603597256956
0.96916624868908,0.129817770837234
0.979931269494715,0.110136570410126
0.986825420756371,0.0745450051123468
0.9839428269045,0.0842507540881447
0.97163360435723,0.0609801097232213
0.976465984644175,0.0830756712612634
0.976512626682179,0.0153810058581505
0.976944348788,0.0558236093688213
0.937683748037469,-0.020938292600277
0.963400292035956,0.00115751749770607
0.94931822596229,0.00672909324993763
0.942773906980378,-0.0293007767754516
0.932935097283661,-0.0747461268956038
0.943036790531686,-0.113725976668493
0.905541849742779,-0.131825751122252
0.879577401668335,-0.154941350583138
0.85220299916112,-0.276151464177157
0.859837616065684,-0.280711662949736
0.812695739166914,-0.349502051319892
0.790691425872862,-0.399741558632259
0.740284792559586,-0.376489031438638
0.783225355460612,-0.431221784838066
0.734323957484625,-0.500992088004639
0.697437034097843,-0.517680034461695
0.641612234522731,-0.575185390802114
0.639030288102299,-0.587047265949139
0.619449699222673,-0.612610781403677
0.57925757514963,-0.659067225262943
0.540582160248275,-0.713351225751997
0.490309730509384,-0.711518821860025
0.481335244740785,-0.738267602467259
0.451582674342333,-0.781856029965725
0.432457228841556,-0.781863511636824
0.349332998471226,-0.836702930874455
0.309675475699755,-0.846898903227317
0.284638518358976,-0.875085874535759
0.26757053687806,-0.868155287917187
0.222745103041073,-0.895499441527578
0.220967306406684,-0.882817684233702
0.17991663356066,-0.92079889226888
0.130541010423913,-0.901065802899462
0.078000333959275,-0.898694143006693
0.0655379518764507,-0.91549911964923
0.0411777704615521,-0.93751938952829
-0.0220104479225619,-0.929215168235445
-0.0613291319537735,-0.936746194422994
-0.0167353083917717,-0.936163268345542
-0.100747975146895,-0.872673447329925
-0.154912082294723,-0.908855787147181
-0.258031544562377,-0.907362663415824
-0.243779331881992,-0.911057819718362
-0.284689709702342,-0.899225281815886
-0.329829171482331,-0.886775870125781
-0.339998304331822,-0.875883748659455
-0.376202455490491,-0.870740556070206
-0.415689956378035,-0.84695862681188
-0.466585408379446,-0.822522763654556
-0.475241311440205,-0.789886451973727
-0.492855495889278,-0.775046022390769
-0.496364352890016,-0.796093163404582
-0.498441981926674,-0.802210942203462
-0.502285631385321,-0.785036631686981
-0.478327280336428,-0.73756799627628
-0.515690487063644,-0.778830721702668
-0.606068661829962,-0.788124300439523
-0.602936267730853,-0.784026633382027
-0.602022796617857,-0.747946085678204
-0.604479139596145,-0.781975726273293
-0.577415823666599,-0.714572815242271
-0.57933352841638,-0.693545637462068
-0.546665257319635,-0.738363915839822
-0.545869259327617,-0.644690798060479
-0.576320985565424,-0.718111740278513
-0.570502737048011,-0.728184870916638
-0.544015381943022,-0.732789811763183
-0.52400607513054,-0.703081781132469
-0.545035772240561,-0.722624705534553
-0.562151116973336,-0.717595850300004
-0.584646575677445,-0.708245701482222
-0.579903429463057,-0.700348282504471
-0.567291592390155,-0.712805232608326
-0.597310519953505,-0.660460644761274
-0.56648465077141,-0.689441382411227
-0.602552953561777,-0.660799551240178
-0.616142496713582,-0.648395663226507
-0.623966251595687,-0.63463155171595
-0.5960458489909,-0.602626522449662
-0.695696302132868,-0.525824661270075
-0.702308906390736,-0.566207536420576
-0.663883018364936,-0.494152717853892
-0.699809420544379,-0.506958522279697
-0.719984891386564,-0.537946540573426
-0.74263606752523,-0.506301978003395
-0.747882270001257,-0.507894556839605
-0.68904197647818,-0.466137550054949
-0.759873598171482,-0.503752299748967
-0.782829182069789,-0.481365496088726
-0.744843165187396,-0.441960236968272
-0.751503934391454,-0.420560312581279
-0.737239510326643,-0.359306733838349
-0.771652617194529,-0.372771245132177
-0.776615929624161,-0.333991064024963
-0.793803750626245,-0.351825637871572
-0.720332318933504,-0.408367918473184
-0.80283424132444,-0.376678648712499
-0.77533313408483,-0.446419765952035
-0.775872207172726,-0.399137645868235
-0.737250816199748,-0.435234932634567
-0.763891317563661,-0.430958094824112
-0.77360048283211,-0.384344107606117
-0.762396080688792,-0.400130830333816
-0.770781344958524,-0.427085393380552
-0.755757472574829,-0.419942081684929
-0.698445765448803,-0.37426914243166
-0.736615358375647,-0.363087890001175
-0.760381044525135,-0.374737387428834
-0.762532079554903,-0.348443206750077
-0.780462116115979,-0.325001752346157
-0.79730895361197,-0.238483138229592
-0.71208959629066,-0.212921636782687
-0.773302991811323,-0.165516514797647
-0.690857202807262,-0.156260016783794
-0.738195479282941,-0.156228117946359
-0.796723198894564,-0.0644142897959666
-0.739208003830698,-0.0425341659215556
-0.724981196419892,-0.0441068941577904
-0.79809889402767,0.0683447737039743
-0.848160693457146,0.074654548904179
-0.826450759270574,0.0979981850609467
-0.796874592548161,0.0840013444055289
-0.762512716561631,0.217380216658245
-0.788986275715345,0.158894015218787
-0.781332586195154,0.233943898253234
-0.736707717916659,0.261858457293004
-0.788062278047445,0.26238421114949
-0.721832820560712,0.34735900759002
-0.698846551892693,0.399113314830663
-0.684012010051982,0.414854611763227
-0.709660256073401,0.482766159759274
-0.69994163924697,0.450930140677935
-0.645137798549051,0.497425394488924
-0.662687780007114,0.485171737331346
-0.606208283519286,0.489822220474109
-0.584899225612515,0.518408180747082
-0.493191304262938,0.589985074877338
-0.531399783959549,0.641909856833448
-0.47612413106653,0.578918580098248
-0.441634951240861,0.551379540472266
-0.487970928615489,0.640739392737364
-0.425327059018482,0.614263086038938
-0.466517401985898,0.62905501468327
-0.361629553800788,0.611070090858543
-0.382440582316436,0.544951390636221
-0.334383170583331,0.581273350248341
-0.388176379130969,0.562103533110277
-0.308943676597228,0.546455282702034
-0.336414757478431,0.583716580435558
-0.158067463187495,0.502686981095055
-0.218707104618658,0.455464548612153
-0.14920516264085,0.426714878753782
-0.136139028700918,0.434010452294213
-0.0656787383107525,0.387477210556773
-0.0220877468700233,0.423496485124111
0.0815100349151248,0.343804806114661
0.242400428198483,0.312206000509515
0.321295336941613,0.235314751267146
0.303143543981392,0.250911151820938
0.437559995595834,0.171413574691578
0.49476895629193,0.221761997101148
0.354118163086142,0.143833991052132
0.489024560402222,0.188892560589475
0.635984103049851,0.103006243876753
0.624182202203366,0.0713558206479507
0.665468100116063,0.0585002009295383
0.821992342544834,-0.0136179125412096
0.771404599191676,0.0143858527687855
0.735112243013663,-0.0671594338925748
0.79362724556452,-0.0715787770723184
0.736662768502433,-0.188283603501774
0.772142941184922,-0.150943135830465
0.727227220618504,-0.235936564431113
0.735030248838276,-0.285118259140144
0.729945390333487,-0.33311135472404
0.730788962876985,-0.361216977495624
0.716369707700101,-0.386680518671113
0.710180499194123,-0.454493062567849
0.768430937733964,-0.454059689578468
0.737339834127481,-0.485625655758576
0.67511763500796,-0.461936122498388
0.677023327838143,-0.488076835169322
0.694607433828852,-0.55964761069672
0.680423860547538,-0.456533353492335
0.730897006292292,-0.574220890886914
0.604515441368307,-0.515492620541363
0.582184702771647,-0.540810450655667
0.627025919129143,-0.574453457158611
0.554041209709321,-0.5716412048542
0.560396579455947,-0.549580657506481
0.474778755294781,-0.547255695725546
0.536451991211378,-0.541783157918192
0.502039501818918,-0.512103673844134
0.474262920181002,-0.505133567505152
0.485729605258276,-0.544981653201542
0.433231819051799,-0.471263716010004
0.455086337983385,-0.495532558054984
0.518828782006382,-0.500960873899866
0.535593123896933,-0.494192643542804
0.435364836093243,-0.393244721488326
0.442465368010147,-0.479435106663091
0.395819735029073,-0.446489966892213
0.410916071415547,-0.522109263863534
0.259506904637612,-0.42595935884732
0.354931499204667,-0.527482213913369
0.37890696058841,-0.461224854401193
0.371884498043034,-0.437893191001227
0.403986002144049,-0.515553712009512
0.377163632304787,-0.519495644213285
0.423161734530842,-0.461137519848664
0.405696981041649,-0.536536275215669
0.457609912396234,-0.437921740199641
0.574749963605575,-0.489286314231052
0.554175212714593,-0.415510466748587
0.575104659185552,-0.487038459875167
0.476752484529187,-0.358202078617872
0.387516363903154,-0.44248464946677
0.537663767976323,-0.326001430268517
0.451535834722006,-0.402199547432091
0.550558700657695,-0.312505277962207
0.562098611203425,-0.330372682512096
0.601783973861268,-0.413565788088356
0.581727817258816,-0.230732962901937
0.697003596458599,-0.251216476443905
0.588640768294491,-0.267423314323528
0.552629302880474,-0.193658039912021
0.553082573792725,-0.132568720000665
0.440258394006045,-0.0887858738803922
0.538905020372524,-0.0742822986832398
0.492330470878103,0.0705396982488189
0.492485530305644,-0.111120353313965
0.482355062020194,0.135949085833311
0.347633724202939,0.236390951228362
0.515900790068411,0.173874054884371
0.472313042356688,0.113119473579325
0.522513021910931,0.268523899632236
0.532195331272789,0.335050794012866
0.642578885197606,0.302685279225829
0.555189878532051,0.366730680659917
0.511975782138152,0.462025848458818
0.634554994753007,0.386735279600879
0.598309271551176,0.412829682492102
0.667177105035735,0.40683309307364
0.704159020626067,0.39429832344648
0.736168306448628,0.437068666641754
0.737291813358703,0.395533281376264
0.772284046111601,0.352923838064592
0.769730486628144,0.329759926766758
0.725542293110764,0.365269596169072
0.808023088794149,0.389804788772197
0.826991010047029,0.385829966809803
0.75696846688444,0.394334719057484
0.816521479062324,0.436787658130507
0.812338190051063,0.448838089960115
0.812933583547842,0.44275270240359
0.802691900537367,0.432782902983522
0.731159676846162,0.395113766456222
0.758609529364305,0.351934295794675
0.652109551570196,0.361053675356948
0.781932888026292,0.45660476498981
0.717525104963515,0.413865645053157
0.779260589021298,0.436391779436802
0.761191588983755,0.448027581616127
0.746188451165164,0.46928239586384
0.725068806999096,0.439754594695985
0.732578992701292,0.481380910343298
0.608078353383061,0.419481465283929
0.670389248633808,0.411697720165694
0.697282647647181,0.518362233596219
0.665175089243297,0.450901845190815
0.697327029762197,0.494008811488158
0.698289632661498,0.56799462873052
0.687974842452465,0.563930291510151
0.693933496872552,0.598694320621736
0.747936460181867,0.539421683123315
0.720003237415827,0.673926753918374
0.640218434349698,0.623407727406417
0.614539053101442,0.620988735957683
0.682225918975761,0.715917119586344
0.706264233174888,0.690960715823833
0.616463101830206,0.629121107590683
0.564358797097081,0.553487527332182
0.657478095955007,0.693018152419111
0.578794384603155,0.676818599480688
0.608256958358337,0.75797287008564
0.606009594534945,0.763124313368018
0.541769499822279,0.781553603216166
0.5473007127693,0.758424923507613
0.471524905451298,0.791194684659217
0.500332505166588,0.826038295619532
0.481659592935613,0.834893966845291
0.493820378003808,0.816235717636468
0.363318993430126,0.878880682581365
0.375383577070974,0.896524268453115
0.290969933183915,0.877625493877628
0.253412764213189,0.903695274213297
0.249180074908057,0.911922300304164
0.22081177663368,0.892322476168926
0.232634801256904,0.894180174791585
0.197605598948862,0.959049641154875
0.203786272019182,0.965163554617027
0.147941663827236,0.911437182213683
0.117433836447723,0.952069330346
0.128786591198783,0.953413001157291
0.141499784767663,0.982402245786885
0.143959157723354,0.974140101792194
0.0726441570667619,0.975924247404352
0.0723931425117337,0.978032294236514
0.0424533947581561,0.966564904273187
0.0743734145670421,0.955090891512143
0.125260457353984,0.903221194274253
0.126167199919998,0.985093467226238
0.0897619820386217,0.906638592813871
0.047780040693107,0.988173031488818
0.0366055542370836,0.98496125670075
0.0428978242137819,0.973371715229614
0.0269606768647242,0.862339803930998
0.0186079393180591,0.969176963804894
0.0392232943078714,0.946369248429453
0.048486997140992,0.976138020115393
0.0505842432363324,0.96154615401665
0.0166431396441062,0.960572901758144
-0.0143519574910285,0.928360879644853
0.0424210684152774,0.918736482286308
-0.0482129017793974,0.843422354332868
-0.0353160937319844,0.869852614341356
-0.0334972347781732,0.974635465820202
0.033029362724684,0.967086024983242
0.108724694345682,0.945073630437748
0.0243955999595558,0.896109843999724
0.0509070708887103,0.911774651943034
0.0124975453688587,0.918194515730736
0.100852713959839,0.882581950127962
0.0221871233077666,0.891663174385831
0.0683165753840832,0.883361206455596
0.0578973762977158,0.811926492749756
0.0913179051167114,0.852348355826657
0.0857108687150725,0.904420461377382
0.0388200189297246,0.789074584691257
0.0881773130559227,0.853160858425417
-0.00586913620657282,0.832750744260325
0.0422998170911595,0.827306344393008
-0.0723099508127128,0.868551467478653
-0.0888909425781611,0.836095934495826
-0.144221421412305,0.853707438261286
-0.166820347632502,0.727448076869197
-0.101871713064018,0.762916795949671
-0.226791071086838,0.695614023831113
-0.308544825229792,0.735818572368633
-0.268780724422242,0.671739152908864
-0.336589328928952,0.633907158267634
-0.343196073308676,0.575387440664489
-0.419192504667125,0.508914693614578
-0.492461583806093,0.477127311309125
-0.47527151783747,0.503238865132832
-0.537573679580199,0.568919471414355
-0.559684268338909,0.494646719675752
-0.522820593111071,0.386426583741432
-0.642708815338116,0.34480479262948
-0.564614019564377,0.26939189507538
-0.665538129007531,0.208423318104431
-0.647573231969543,0.176842354731487
-0.703236397968669,-0.0550995570276991
-0.703949978559138,-0.0459370778349519
-0.627433182029853,-0.0926434062888135
-0.611346481952192,-0.163483851548358
-0.55117572859413,-0.201069129890617
-0.489063872385405,-0.27752148862733
-0.430663493632936,-0.179536876669032
-0.413193439235214,-0.120671882774341
-0.441112353718726,-0.106867565332247
-0.455583572865439,-0.17182549359212
-0.499332006054306,-0.0490925254957359
-0.55141633585708,-0.0612783448914088
-0.513089414093287,-0.0876462569010578
-0.528492016542818,-0.174618986305163
-0.427317353874954,-0.0957537151661267
-0.429215165006448,-0.156129586181547
-0.364138160015813,-0.14595383670418
-0.284959481023169,-0.168477794256397
-0.235893229368341,-0.171898365374792
-0.255101004955212,-0.399705259960633
-0.11557707865846,-0.374452046165542
-0.0665278695976141,-0.355998365797254
-0.0922386659038236,-0.413304831611363
-0.0130594049683377,-0.466545111326102
-0.0623355857532801,-0.484381042192568
0.0245263891753619,-0.545247283169968
-0.00583320515076676,-0.585380873329915
0.123578679170386,-0.486336399050024
0.115895815406246,-0.574679956339803
0.137642876054471,-0.563071326088414
0.227097205476856,-0.560037423633715
0.303755050463006,-0.626658617456222
0.261131889285915,-0.475103771709326
0.225053748375988,-0.568594384810495
0.299652701330603,-0.452520602399572
0.362143229542044,-0.345271759435167
0.518308585962299,-0.4587120015769
0.553206491947352,-0.426626542849639
0.647525797922453,-0.400628707662315
0.561549701024096,-0.386327791539019
0.693306005815717,-0.273550485879822
0.719925952237454,-0.283620681350961
0.738667565015267,-0.222952653219856
0.794515906940221,-0.177999287013917
0.790028434525553,-0.191186691205022
0.650510925125914,-0.12701190185669
0.803452814858288,-0.118635562359283
0.74244455576021,-0.0360079054970249
0.775662169515212,-0.0333185221706956
0.798747264225309,0.0244650666316437
0.861919152308725,0.093267058094807
0.768458787336339,0.0465976069260477
0.775226549944722,0.126434847815573
0.753605802031206,0.0886238018068162
0.754279642024212,0.165188828942716
0.821876925762345,0.0620096610093741
0.7736736816853,0.221364706489024
0.73217199356679,0.178646253435987
0.657965750622896,0.114360813187334
0.524372185897274,0.148464619738899
0.694223606979534,0.121756953790353
0.658089960479883,0.186881261043358
0.5050046586719,0.166825213574794
0.640258740843236,0.17971829353951
0.66080268021731,0.184587334884497
0.686840311387495,0.0591162113358433
0.473733761007636,0.186272258803549
0.564545035328312,0.0354396063409594
0.638193737497257,0.14906200493252
0.62802819592938,0.115772520675376
0.348909455671316,0.271400068794695
0.52587600076354,0.132836433098796
0.510661723572621,0.0774649149087305
0.604257409625145,0.202895398254641
0.335992980858049,0.0481476174524302
0.0565711958465775,0.140922329313193
0.182047006748491,0.1068350621429
0.226737152809032,0.291822226696069
0.207954773044269,0.114788825721656
0.243002617737071,-0.00890698104011074
0.167700339292292,0.0385066368812357
0.0698998142938413,0.0770980877422644
0.0698813082071932,0.185793995747494
0.00855398674741224,0.218211619983051
0.314827286425186,0.0339599724020435
-0.034299051604397,0.189564299637248
0.0482718101171417,0.284041312858871
0.129631610430528,0.353364169555322
0.139323322119844,0.273752633785727
-0.0471461813924866,0.261885594395004
-0.149749405728207,0.264135721633288
-0.152703767138934,0.131518566947688
-0.10415484556751,0.196384148098746
-0.190093721784147,0.204964968421013
-0.353206666136233,0.381113156179608
-0.135345185826891,0.352247615239412
-0.29200548898506,0.291925176705378
-0.311090742271136,0.469616256571653
-0.456006182120034,0.565494955270609
-0.440918071803446,0.499507475950414
-0.476555016759798,0.572988856534328
-0.537327474443461,0.619131396048282
-0.565800857079476,0.666503058338823
-0.531190749438304,0.609012607491926
-0.619698162637884,0.677934797717667
-0.552700235488664,0.753902254873283
-0.563566414906406,0.749493239661506
-0.569532940467045,0.773819193393449
-0.527494719888803,0.743318568222792
-0.47651149764763,0.795164680275129
-0.516166946790036,0.774632646392384
-0.477804215146839,0.798435893312727
-0.39982393676358,0.821483009942386
-0.345597804230511,0.781075760804153
-0.323544730239173,0.801673942182968
-0.305517956850431,0.847833664048685
-0.317414975145654,0.793504348651681
-0.273663723955663,0.851971009125328
-0.211002816141412,0.753916221650982
-0.141676776857671,0.811960178371159
-0.172482949340417,0.63894419881795
-0.132670954442069,0.901205768290603
-0.203164607361685,0.736342246726503
-0.186759157979315,0.80011257519235
-0.334922647462851,0.813875292687907
-0.277453200664699,0.789003697151407
-0.152285583752777,0.795042758604859
-0.237974121032486,0.665202976541803
-0.202213322136017,0.696512879078647
-0.0610196390666181,0.730016610399884
-0.161628128963246,0.694715449926585
-0.129092406323581,0.745240269394819
-0.248278455996408,0.810575538333827
-0.294662011944644,0.773081420248575
-0.235515346291016,0.7551090480335
-0.266262374526571,0.7462932872308
-0.226666214108628,0.694852313928569
-0.254268328695392,0.679079733296472
-0.355147607642986,0.461575950617352
-0.292866923362814,0.475291051169061
-0.344001236344088,0.516155465454533
-0.275158675727086,0.441681957683791
-0.205000274944481,0.496954010797049
-0.281678983598356,0.364530127280061
-0.339501858107435,0.446245018750898
-0.243167539114721,0.460402255861894
-0.179241737810322,0.460234065837814
-0.221756915231129,0.374511949610164
-0.346248880500029,0.397166113008978
-0.514609106259876,0.308428733650886
-0.528393799511689,0.326138708788729
-0.703892067147247,0.40418535405987
-0.582517986641165,0.372387121682548
-0.654288755058672,0.425886978615702
-0.850642276935829,0.40578690138638
-0.721740257383733,0.355008299053935
-0.769627029133541,0.407145342144999
-0.696313729104713,0.336128413385017
-0.629429432595531,0.28599345419164
-0.809688212429176,0.304395046748589
-0.83715349681443,0.309370412845097
-0.895546012713722,0.384793434625197
-0.789441621624922,0.332872497941894
-0.907640016465198,0.380244176508063
-0.583556902738881,0.239700898879201
-0.883356448056952,0.453959023745245
-0.867020877550494,0.479273028977785
-0.875097326891215,0.443167293478719
-0.814404207555225,0.307398055805251
-0.730086696303219,0.500249610983799
-0.769628103160615,0.457178078922631
-0.731303186187781,0.475358579818158
-0.712868436223439,0.483359421732173
-0.811557062112804,0.434297761267082
-0.851693557105129,0.450071467107829
-0.766875965761689,0.401998535612953
-0.728569156321172,0.293989056634341
-0.797719971901657,0.320477051147749
-0.751045910784645,0.261417647756351
-0.849538565025719,0.248505756822115
-0.679627599245248,0.132898759945305
-0.625648277783608,0.242989951740219
-0.666493347012825,0.168699899695338
-0.796557426409369,0.110063683924992
-0.810842625217797,0.0601683788926509
-0.858120991593422,0.154657847164603
-0.892353624157169,0.0563749868804953
-0.897052415211635,0.00322797548165921
-0.824422472673537,0.0102252345707764
-0.881114608303137,0.0836465133855342
-0.791962848272322,-0.0174823993911477
-0.86308031952919,-0.0351284993943422
-0.852113358051776,-0.0804912815785404
-0.821136884757864,-0.231518300466219
-0.841107664358834,-0.299799336787558
-0.837738515627834,-0.172994223846792
-0.851505853539501,-0.279425188804486
-0.77409175395438,-0.357033855218255
-0.839692326878015,-0.41565369070666
-0.776028939672269,-0.413746539622871
-0.82537635008622,-0.428696417332077
-0.730576377321386,-0.421623412696617
-0.796956960578322,-0.507587836411669
-0.772436366688529,-0.484108285942398
-0.787403827745047,-0.49829994915917
-0.760790506230637,-0.522419339208424
-0.795575544595623,-0.485199514691569
-0.800420668472237,-0.492515100583159
-0.793480124419079,-0.519001952729193
-0.8060180707769,-0.49266109642512
-0.836852667355787,-0.499762217625901
-0.839963784551791,-0.501965065004238
-0.829983751909769,-0.466334263874982
-0.852993092464866,-0.474168093849927
-0.845088566162048,-0.472596999763687
-0.852908748230525,-0.450523205465098
-0.861962688107088,-0.433301320113257
-0.857643185620595,-0.435680014418907
-0.850209689891601,-0.468310462974278
-0.835335126420978,-0.47450560414404
-0.819264347475864,-0.507481610492155
-0.803542335123767,-0.504616087844732
-0.789100431923233,-0.514904391520532
-0.759518837557715,-0.498865074570003
-0.758609926462544,-0.597659179750441
-0.74844404644013,-0.604755129162252
-0.756552620049453,-0.603580314661843
-0.707068021233615,-0.655485108898366
-0.67251337408243,-0.66684754100903
-0.624702390607461,-0.71061510876869
-0.636080042821471,-0.699333007332056
-0.599112412631167,-0.720552954068347
-0.576988331297664,-0.741107255908367
-0.600137184160707,-0.694746950423348
-0.57870831040276,-0.731677088851783
-0.55817341465544,-0.780319131252223
-0.557103119551,-0.788080055607724
-0.554314380342757,-0.771566149740228
-0.528150482692337,-0.79762643859612
-0.486108524598713,-0.825706379950852
-0.470530764362347,-0.835449747355304
-0.471688889462259,-0.83489154118959
-0.472821347954782,-0.840714505324569
-0.371803772140196,-0.901366619843508
-0.357994731534528,-0.910818995818445
-0.323382810841515,-0.921511965485851
-0.302542555439225,-0.931690523006292
-0.244398371774184,-0.944600354970923
-0.231126959062033,-0.947575843544226
-0.252240720653365,-0.942528437498601
-0.200431598048581,-0.954432539352722
-0.240358613039854,-0.926093028329552
-0.158966447624735,-0.969494611804356
-0.119129339183416,-0.971165120655661
-0.0664689676022774,-0.97929677232339
-0.0308631160011296,-0.986362972931538
0.0443970317088013,-0.990161555841832
0.0307678126303368,-0.9791022062391
0.0872226178467362,-0.973698491604249
0.171132156449265,-0.960532037158883
0.230016354989594,-0.943804480224748
0.274495966893426,-0.935916569791107
0.326734269964234,-0.911363308164347
0.366003892731877,-0.89541408593173
0.431646314187789,-0.884287709037666
0.459236122567031,-0.876384884403159
0.460960729416163,-0.853949670292094
0.480257114431292,-0.835328834458235
0.563324319452528,-0.783543151405535
0.598612770403352,-0.745366634216212
0.649922047880854,-0.707750268542943
0.707002607126462,-0.645950796085621
0.72525531144768,-0.628833353839153
0.707499991495823,-0.580099452884002
0.79163721922192,-0.490781588733075
0.808589086929619,-0.47041380552821
0.842797064032359,-0.441840752223791
0.848993735531114,-0.426598337205032
0.893927943962951,-0.348474525446584
0.895288859704671,-0.345511931226836
0.912932922278107,-0.293734034391264
0.953491688327999,-0.181180080288975
0.938365426204154,-0.16867112223745
0.934146117150534,-0.164046853458887
0.919900342383264,-0.19077552665729
0.880153018531011,-0.195114902632745
0.943764840973958,-0.207270827559389
0.876408563193117,-0.158636766502676
0.947489048424014,-0.19501867545443
0.957285923486427,-0.154355999829895
0.909654425652812,-0.166666924893063
0.894781991758511,-0.129836072441022
0.922409429165866,-0.123193273627043
0.930384087606377,-0.0559375098789441
0.949880925380119,-0.0439150976484726
0.9426624820824,0.00582892002208146
0.952038451611614,0.0911954335452198
0.956128531091434,0.082054793644225
0.956085106868837,0.129553164987089
0.971869261091846,0.116461342166591
0.960809840597138,0.159714315409963
0.967350281290327,0.177337319507439
0.951526443938093,0.20088649908827
0.949375975531295,0.208404838313345
0.943356273628277,0.281914526507462
0.921119527496273,0.298667743262555
0.924389930917644,0.315412195521362
0.931805295105769,0.302525985740735
0.918542265712298,0.307941507439285
0.905520232001853,0.328799732213332
0.897198009830314,0.362364019292411
0.892589984889787,0.36447578680887
0.883877016292696,0.405238283991882
0.864437383137883,0.41988271491697
0.858876318486176,0.447643723722543
0.837387323144209,0.452474652418517
0.819549069676259,0.521599258767678
0.805409519917482,0.535260768045266
0.796462173562645,0.536884056346989
0.796305178929305,0.545674052637919
0.779838632281193,0.587049932474136
0.788770136186704,0.565234410480613
0.69751030944792,0.588372838531385
0.777751618021034,0.58610565465027
0.748353269628842,0.603784317255442
0.673135284582175,0.591901185901826
0.739850402903271,0.624798445746454
0.765784115026095,0.596386610297729
0.76520665070743,0.604618407316172
0.759281094760084,0.592272476729318
0.73993149183278,0.62236689463096
0.731749938607642,0.625474080949596
0.732734069257752,0.635990300230823
0.773798934923119,0.596709182740365
0.753888069228403,0.59722339946918
0.785278629943591,0.549339840304801
0.761178069104118,0.570678708701135
0.79294574335222,0.516946231940781
0.775058536567407,0.519462237219779
0.694618741083058,0.516045546333198
0.713761691694941,0.472280447437819
0.680771197987246,0.62305588508223
0.722883263676673,0.610347374570969
0.739332752415346,0.592023190098169
0.775952370054032,0.584769339475344
0.767986581003866,0.583145748541357
0.799448354254353,0.480365044924005
0.785044318246595,0.50398257878974
0.781685602063737,0.466742712865004
0.773633925228099,0.404594337979661
0.720733053086366,0.318723118944161
0.807455273489664,0.218047315067107
0.776706900220065,0.163275685621896
0.750878130661279,0.151819652578356
0.684516356036577,-0.0136961793190402
0.743571454117699,-0.0618800210285962
0.682327545130259,-0.178723279273269
0.702826708104602,-0.181051895426857
0.675110267542618,-0.267343082187935
0.695888822681541,-0.360280214433602
0.662103339263003,-0.424290399245939
0.62480227937673,-0.446087752345045
0.582183219599571,-0.603684182892968
0.568023146296315,-0.604945493887602
0.546590610684284,-0.624791532328011
0.517562846064734,-0.717212178179761
0.451033358713326,-0.705550848069188
0.347890168638349,-0.779781080624041
0.334143634951908,-0.775972657550605
0.282183410218374,-0.873340293694025
0.278645505669106,-0.878792362492977
0.195463475401013,-0.896526649465337
0.157479853928998,-0.926978042385545
0.155164887397462,-0.926546752739643
0.152498937219926,-0.934415103130593
0.116223577361269,-0.938402158151227
0.117753236865081,-0.933021967199165
0.103846537681585,-0.934837067741459
0.104481700299976,-0.935542542550643
0.124083742816359,-0.934407857936252
0.125255008288135,-0.931218101425576
0.0757008975837699,-0.909310864027118
0.0375202190260667,-0.915410170804116
0.0916244592459875,-0.871669453446585
0.0782556730240133,-0.914485166428501
0.095629007936396,-0.934167589433375
0.0784101933034856,-0.859565161142249
0.107806520821085,-0.808118061740358
0.06252454463582,-0.908022207992324
0.177681585798284,-0.86983192166588
0.113698039687524,-0.925647910675374
0.215538409164377,-0.878872860620933
0.160978708671769,-0.923278755372388
0.171570623123348,-0.867313261040847
0.158188934490241,-0.941351963047665
0.159345903924116,-0.928305768394998
0.148476366839224,-0.792848000314335
0.119250150554016,-0.938688742023979
0.087903962017378,-0.924498895632673
0.0654579692721266,-0.919765758036764
0.0535677412801326,-0.916821738744737
-0.0692354735944966,-0.896182130160058
-0.0103415216935256,-0.864007653672226
-0.0440543937380864,-0.892531352712664
-0.0972120408072537,-0.83575482923994
-0.0836897039353851,-0.799040645437343
-0.139876585071523,-0.841438172080063
-0.0864788156662601,-0.827965824855976
-0.125644410128812,-0.765287314941208
-0.146217550220423,-0.890694966262699
-0.0584191710341564,-0.768729700116596
-0.167742777908294,-0.883655604711938
-0.145742779914137,-0.889365284131995
-0.202677727749381,-0.792052807402099
-0.20876348023917,-0.867373138000479
-0.242131568497917,-0.866169545379666
-0.227915398758534,-0.874327508827973
-0.241338745049557,-0.806923532244053
-0.240386833966965,-0.828791046665583
-0.235186898948982,-0.869877418891433
-0.18663188427465,-0.833243325006162
-0.209647582396496,-0.896192507544189
-0.198847619426681,-0.904953966933178
-0.256004420398978,-0.894213591931854
-0.225058507994286,-0.906222112337562
-0.250615137266295,-0.898133150215091
-0.325819646141859,-0.884121787389546
-0.308490437798158,-0.830515707891026
-0.335977284179159,-0.858855464264344
-0.412141866765072,-0.840458988802527
-0.374825806132403,-0.766785255361049
-0.414560398509591,-0.789328115904564
-0.466530777895475,-0.793795927712129
-0.477974574471076,-0.794832252026576
-0.517436047459848,-0.768070987591608
-0.518098541290647,-0.770352523608598
-0.52379014179872,-0.759354424402425
-0.545772432422812,-0.739460154776752
-0.56968687173275,-0.716026688671461
-0.573477177577348,-0.705832225270474
-0.621441878085452,-0.67497065619471
-0.648534847082103,-0.650456212168818
-0.652294967524316,-0.657602746282268
-0.686068586954699,-0.624691848449541
-0.711937071230837,-0.585587463796681
-0.744628887940937,-0.572793581874661
-0.760321528898185,-0.543578920839012
-0.741235534611251,-0.494673970880604
-0.757892397036484,-0.461120139965468
-0.773627121064121,-0.487276119672221
-0.811536478251514,-0.471372499081523
-0.801102130221431,-0.449669880554978
-0.811942960065057,-0.468460823813689
-0.814291439530806,-0.474722930378765
-0.831199984350204,-0.46765607779768
-0.837023196606471,-0.459466042543454
-0.841263408761539,-0.452590402627959
-0.842248700794093,-0.458380950155914
-0.848357668214789,-0.447563595471181
-0.844309906985081,-0.433518124806162
-0.860398577144982,-0.438563326088181
-0.861062361583276,-0.431838515301806
-0.855424530452453,-0.431654509348816
-0.844370800314162,-0.457303021942304
-0.816902469501301,-0.477835253209871
-0.824455547384243,-0.49667588541185
-0.828232278648983,-0.470150986516385
-0.842347969496962,-0.439864330276834
-0.840809404736314,-0.42629800600623
-0.836651788922847,-0.435999299674904
-0.823584289254795,-0.429075264431593
-0.845786988565675,-0.41771500176427
-0.826652063699165,-0.432148058452586
-0.867335299783419,-0.380053254444665
-0.84765001785498,-0.39015850149514
-0.803504386472227,-0.423039496859909
-0.80876585349602,-0.404963584784666
-0.867876776961499,-0.400421348002791
-0.855997931852303,-0.423030154791441
-0.890434790857884,-0.365535709302422
-0.832445195135154,-0.363112158275434
-0.822589613585624,-0.390219898067555
-0.829171710256104,-0.373729414729772
-0.827528328787614,-0.404513843038822
-0.81836902932185,-0.396306680522123
-0.860686094657327,-0.391602871976691
-0.861213486818638,-0.378143662792886
-0.864397766733063,-0.362422829465405
-0.846734752300436,-0.324523562012954
-0.868966916023133,-0.305179783769253
-0.883655601139,-0.260319633919634
-0.901464829186164,-0.201921192600608
-0.885351241177388,-0.186409639344609
-0.882618079577428,-0.136553691680533
-0.882013495339304,-0.04555273972864
-0.879116951241778,-0.0274832757560697
-0.885083911663124,0.0757840237525881
-0.883827735811622,0.071198383423311
-0.883507632772611,0.192785796359612
-0.883091003525249,0.20943764739822
-0.82364400239135,0.259617395382004
-0.869016597992913,0.309593398419257
-0.859732120238499,0.346979707843584
-0.834003360899823,0.434956956218042
-0.794728609205076,0.487674002954127
-0.77845082476316,0.529781366308044
-0.769841041795232,0.537077518377083
-0.722569004224174,0.563867694197107
-0.763564640479013,0.538085111457587
-0.758384450816661,0.62223141092165
-0.764722730625613,0.619235557760854
-0.770327742944993,0.60996750171357
-0.767294032499119,0.609955715273048
-0.764959028069376,0.543029396372203
-0.730392488340547,0.523056767589724
-0.779011861769225,0.50924312741001
-0.789299495085035,0.497404887926569
-0.801195541389739,0.456131244478301
-0.753862910859336,0.412367862978331
-0.74974414658802,0.426606859241281
-0.796478916760675,0.299068609505534
-0.814235511146677,0.292366459146614
-0.742358703917034,0.220335167355559
-0.763092107757847,0.172549555609208
-0.719390678724938,0.12223553328055
-0.755732703705363,0.151677324865838
-0.740663615444146,0.0666037927007642
-0.6523656224216,0.003775998488824
-0.59912817910608,-0.0222591764697106
-0.716026943470496,-0.0692741147879946
-0.697192671242321,-0.103400654272532
-0.685726039867533,-0.150734597615214
-0.64193095959707,-0.13902046994614
-0.613114681552461,-0.169112955862672
-0.748657802199697,-0.210965893692816
-0.630915662205113,-0.226148951855362
-0.62160581497805,-0.340120386471347
-0.607029752921308,-0.341625555759996
-0.598603207737456,-0.38762816563481
-0.604200003897937,-0.427243173740031
-0.611933667394035,-0.496663545958632
-0.59755878587084,-0.478855822895895
-0.601399658128991,-0.523286027600972
-0.55699628225204,-0.510843919844557
-0.597404792628781,-0.50980326371382
-0.551062437810662,-0.484654778927064
-0.524323365522322,-0.490943650536076
-0.53395465088508,-0.519774420421949
-0.600122903733264,-0.505821599015994
-0.560832310367966,-0.581097151001041
-0.502713003901764,-0.512870809237665
-0.474314356969582,-0.479518444953346
-0.515381977462537,-0.494694636568355
-0.528276664353742,-0.499931986354356
-0.483987643624612,-0.547644751500326
-0.455498840908462,-0.509604020078279
-0.515310754075697,-0.553714734062449
-0.401651237292148,-0.452608481844023
-0.389885825166546,-0.38991727530672
-0.552007245509359,-0.512840157307586
-0.389366009799319,-0.454512081361579
-0.383739260855913,-0.413489842824247
-0.420394616994011,-0.411048400887053
-0.32101093977471,-0.361493985030213
-0.244179159817564,-0.444417382960332
-0.344175855138998,-0.475625432636077
-0.275933033316149,-0.431121236435591
-0.262868102246494,-0.403095664008374
-0.279823800958641,-0.487579510885208
-0.220999714384326,-0.39216070838303
-0.2502969228653,-0.506565668941548
-0.325769277549233,-0.373302445984452
-0.348768693117094,-0.340879354347816
-0.282009716160231,-0.259613458981772
-0.424723940515388,-0.298300350201363
-0.330575403316289,-0.223728903857461
-0.353930876930696,-0.0841908690253522
-0.477307445787953,-0.0639263101158256
-0.46514217102955,-0.118779925228876
-0.50643906525261,-0.0757546370017339
-0.44495160433372,0.0601644043622938
-0.562673258447405,0.0369010189399381
-0.430619269175514,-0.00652691027165496
-0.552818378097625,0.136096335273435
-0.473775798739037,-0.103541449943599
-0.535409309974315,0.15686960671469
-0.536037162939429,0.181840837567325
-0.572863614152123,0.150161000717598
-0.534266410978522,0.271370213505073
-0.635374230467777,0.253387427828916
-0.605333557752323,0.370410099178293
-0.489434073825119,0.32558228410688
-0.518663250157336,0.486597214309345
-0.526904915263137,0.429975410343107
-0.532847298508534,0.512873163546743
-0.547021928908986,0.477888708279218
-0.593569959212511,0.592807287507036
-0.513656616928703,0.565939593857061
-0.493463086169226,0.652391423389064
-0.571772286069176,0.581925775833378
-0.437933879404861,0.634504602532068
-0.444711950295389,0.681156479303078
-0.524441454133021,0.697156942694407
-0.449146369031691,0.730076511772014
-0.412450917767696,0.757589099071634
-0.416375612477697,0.815468880363951
-0.408075151042391,0.77644875255825
-0.332626056571418,0.803209406433334
-0.393198774531322,0.84952457764705
-0.393708038020427,0.853896771377928
-0.377205955087292,0.846550353275964
-0.369985941220561,0.798947259775167
-0.378910613660191,0.864420833946029
-0.360559996137927,0.874105987481108
-0.378624231244802,0.871831587077227
-0.404743743110928,0.853620430508574
-0.393843425445288,0.78341195369542
-0.446494996982151,0.833943291503027
-0.507653498580213,0.789678168605687
-0.517602116227663,0.76829003199324
-0.488937700896463,0.807614423274802
-0.501373718956257,0.80080405281283
-0.470594646333008,0.803279412939017
-0.50238130463742,0.803542188249814
-0.540942256622069,0.777286294233282
-0.520847686621943,0.781180913240469
-0.518963196480479,0.783907240750442
-0.518744503921457,0.803571902023206
-0.516097657278917,0.803747403327232
-0.513879088824528,0.778441580206168
-0.515651527100316,0.810615995775289
-0.495304855059738,0.768066744329264
-0.464496106491307,0.817779350447652
-0.445356368793715,0.821900194820124
-0.403485400981658,0.745635636074569
-0.423910359069225,0.776539650691528
-0.465401623337185,0.811652213638193
-0.394988324406097,0.839505587984322
-0.403305142396425,0.819490753585779
-0.3026234150368,0.853556574852718
-0.294723953872252,0.818652749372549
-0.320827005296085,0.812117863220674
-0.370206817465147,0.817979815943114
-0.305802942329465,0.874042124019891
-0.211502109471299,0.898567362964197
-0.225883105705112,0.901326567577496
-0.129549301954299,0.912899399846926
-0.136060089364563,0.91250728228381
-0.11751009226622,0.902889252198494
-0.0604579496979571,0.876318279752539
-0.0924992756396953,0.88599370525469
-0.0294024461178786,0.900864594806642
-0.0559082011660129,0.917342855440931
-0.0320683979951473,0.852714421240422
-0.0146669880904897,0.89821999437077
0.0333670160247805,0.903396987199427
0.0246061229265769,0.849452113293945
0.00333702822157564,0.928313334531442
0.0284847043958298,0.926796209749441
0.0138936903907027,0.866514985846119
0.0209617568537544,0.82993743826553
0.104221331777072,0.853682229357601
0.123317111807576,0.821044949539203
0.0666284909448902,0.854449755884326
0.0858337071022164,0.856552763015442
0.157893372804684,0.914597889739104
0.194763609632471,0.866389591234181
0.240012873031869,0.882841652160005
0.251626376657333,0.821096951157741
0.290915691487285,0.86328149894806
0.278606866101349,0.889834579545018
0.268030473164296,0.8101679923864
0.311055574674145,0.856188511429174
0.328260615246104,0.862636623418602
0.398334870442701,0.830991453275073
0.402741092789138,0.83068350250593
0.474578876453329,0.79854897317532
0.523648111032228,0.765991466963319
0.515137161203116,0.77872804363621
0.505249526167129,0.674118250101502
0.499549501960967,0.784270722732832
0.517152060839746,0.724019096160959
0.539873876729826,0.673627677673424
0.497792265136145,0.749619340581853
0.48477521425302,0.752826397477786
0.495175180437152,0.664674351354779
0.546607524622455,0.710245279734197
0.631836381406977,0.68951082387526
0.574674378765118,0.693753974743032
0.606566991701067,0.685998401902372
0.626654037486107,0.620307172254009
0.630956294982234,0.580633647807783
0.703698240054123,0.52817409259394
0.641017010740657,0.523723295036332
0.606150088207476,0.486555615138639
0.703337217225669,0.410261050450506
0.637243792141201,0.426397933053267
0.617396987558225,0.344659149736088
0.598117867712579,0.333618137602919
0.613169929039871,0.272163241463477
0.524466979402524,0.279653077393826
0.498532051319305,0.220480545405013
0.481068092078615,0.174197265942154
0.400881277935469,0.13221339455894
0.354082082612901,0.0895199643841825
0.31999364246616,0.106881379429323
0.328348597299786,0.020275563402856
0.386365908997671,0.0071318228414546
0.24938887173009,-0.056046383757341
0.271957479364679,-0.0667806508407864
0.233436084967167,-0.0939666948646818
0.27048956714582,-0.139140445190783
0.281554496290897,-0.0884828316131099
0.12538401876333,-0.183262447094838
0.144195543315836,-0.23885156083942
0.0983669819092694,-0.296494930189847
0.142157448459139,-0.348052142143182
0.0570076354692046,-0.320304537490715
0.0533043401153531,-0.353791022632892
0.0213703748079607,-0.401970665063616
-0.0349016329832308,-0.430300304223977
-0.0672676759593047,-0.519868508867634
-0.0739285026700662,-0.491613881017926
-0.139218230007056,-0.516344618916863
-0.150592632287877,-0.509845327899107
-0.137698792837744,-0.571441402223193
-0.247729549709234,-0.541926467159952
-0.266366458911901,-0.618314908474093
-0.259294987614794,-0.678547286374485
-0.260861110340421,-0.657701564751515
-0.436639229773652,-0.692141327964509
-0.443688124673944,-0.697076089152181
-0.436006270530081,-0.668729334246409
-0.454831435481321,-0.680771391631448
-0.476259899291569,-0.727272759452303
-0.502467371430673,-0.718319063321173
-0.496260891240754,-0.742817428664925
-0.501342387819835,-0.750921788437005
-0.515015460675153,-0.752178126622915
-0.53315364947204,-0.71219558658225
-0.566845813221824,-0.70314419780622
-0.57629214827046,-0.724277369270805
-0.531991283928974,-0.711978934467086
-0.56018512136274,-0.740679948573363
-0.549370154393211,-0.73592562229938
-0.455521547942495,-0.788039308191499
-0.486283971286942,-0.794388861984038
-0.521569472878905,-0.77787101854105
-0.529987517592141,-0.752994973295933
-0.412350627464112,-0.813456075279295
-0.400754167187769,-0.750677376577296
-0.446993516831388,-0.826263402685929
-0.414659013253318,-0.853898781140468
-0.375902364534564,-0.861924813338941
-0.296466425523184,-0.781577123764217
-0.26910502560278,-0.865792796308201
-0.294000554198186,-0.857664542819217
-0.0113845041379234,-0.748554361316916
-0.110149527029136,-0.86207819076511
-0.180313078777244,-0.857944596521388
-0.129579176663988,-0.654436164592693
-0.177193101138389,-0.835023449474844
-0.0748422558552053,-0.679560655854498
-0.140235596016908,-0.594186013998515
-0.0917637792210863,-0.636767421197152
-0.123037663773604,-0.856396278555804
0.020425003126614,-0.607992220003672
0.237331151699533,-0.65921573953288
0.100271005389947,-0.868014890702679
0.118034124239685,-0.748919396152578
0.113690586521499,-0.800913925503479
-0.0181491921393505,-0.78490982436591
0.207158112802618,-0.412634976828588
0.217890981703696,-0.645401926747378
0.281333353720967,-0.74035671090468
0.168642369388139,-0.783039803374876
0.153547621817239,-0.723774571624565
0.265424659207732,-0.762212106950048
0.235300770613598,-0.734798041755593
0.0612481715745464,-0.35372439462884
0.123074655439708,-0.770402358751621
0.342999098025143,-0.724961345249281
0.230522101161038,-0.53371984450976
0.367833435242413,-0.592381490676456
0.271466828286749,-0.54735870143717
0.347586699554259,-0.495610214450837
0.340620226018817,-0.578886829276872
0.476437690963778,-0.644227476814568
0.452953082529864,-0.466526072967276
0.223310923098887,-0.403287387254276
0.412947555108752,-0.445400624904447
0.304529614980695,-0.527065264064901
0.645652885068526,-0.745105604370799
0.70451115178292,-0.687351262515048
0.693679093971145,-0.705367211290796
0.437305960096688,-0.482992537184116
0.618085637782498,-0.305591340293102
0.622117617450234,-0.48203307107447
0.51085841337544,-0.457042639179786
0.603633476141585,-0.578382277710074
0.674674313208675,-0.541442755882662
0.719830453012355,-0.536913355378372
0.589395294256621,-0.499079677278877
0.69349724771806,-0.550587242662094
0.619204390252852,-0.647051070832471
0.747644995964342,-0.621026325794793
0.716924586624726,-0.573463287026079
0.733942670119691,-0.601017668920312
0.671902250763673,-0.634761539481814
0.688210689632629,-0.617828566497334
0.66575829571962,-0.644833571172499
0.669435533926663,-0.650831555047586
0.669273699796324,-0.680454929988626
0.626948151519349,-0.663420278800675
0.688948179819932,-0.676092682040861
0.580678166340775,-0.702415693924302
0.617728054632894,-0.676899480242819
0.652073144406709,-0.686972795248092
0.655336001638317,-0.686727686091115
0.570034214542767,-0.618025858264053
0.607317600724282,-0.652815741736095
0.659191132336862,-0.648796669847399
0.601252120684932,-0.642414232414244
0.638607358657415,-0.633748337106953
0.632340359301032,-0.715239564422353
0.645866677561959,-0.655923518215423
0.556680344911504,-0.597246545628941
0.590489448474535,-0.539540473845716
0.646105714337574,-0.556336844448027
0.596694489164531,-0.629222068750864
0.507988067845423,-0.472107139750211
0.493908584178783,-0.435446890807323
0.62582540631041,-0.505284485593194
0.609540542152595,-0.467184242424696
0.590372139192082,-0.47283147038889
0.599910023177685,-0.428944122729659
0.618633611097365,-0.517888838949027
0.555783006809987,-0.477588229984759
0.586209641394973,-0.425391533801579
0.583088285523018,-0.397558081579941
0.538312980800635,-0.416380022335803
0.505543435529733,-0.45390160895813
0.653965712693802,-0.478151932200127
0.697696937982573,-0.396417611424509
0.741211000923735,-0.355445932932322
0.747845042687949,-0.373207236576157
0.70050679004491,-0.313203111319659
0.676542972187208,-0.22567893041123
0.719179293315283,-0.254048035008967
0.660779806604618,-0.169118804763674
0.612777418339367,-0.109298263904655
0.699245250160338,-0.0806135013279357
0.742623860444188,-0.087345880150633
0.607049667652822,-0.0338583533068576
0.643194673672255,0.123148947721226
0.643346963820973,0.0733901115669057
0.620251950695095,0.0883598607320788
0.753845428431895,0.133424039030385
0.655635513367553,0.219245870322647
0.646370661064433,0.176441292041981
0.665913855389574,0.264453799742794
0.757495171257634,0.29118063519761
0.665752948680444,0.177707751485436
0.747501623993672,0.272805229188918
0.739634241395985,0.282375188918458
0.682732358493966,0.249103735484288
0.650096109934342,0.218825212170768
0.709155181562852,0.167658975711813
0.650665300505263,0.29480737787473
0.688282202078286,0.234912997353971
0.592295172786977,0.282089211287846
0.651366214429983,0.271500565390953
0.585739301781075,0.145590614565124
0.570666522761535,0.254171686795845
0.559012581286961,0.186969952099878
0.599231782955822,0.105511749111894
0.556962490913211,0.067973018043055
0.597907927713286,0.072152503262706
0.479942683902887,0.0900057438874691
0.53519390903888,-0.0221565331480498
0.452587919576815,0.0272895883271938
0.45622614943413,-0.0193041096635291
0.33163530800984,-0.0372439408855638
0.400717825828543,-0.00166593305709315
0.426974401478033,-0.0520415059493306
0.305767678208475,0.00565334452403024
0.235661392900827,-0.0503512053515766
0.301003207781998,-0.00694262631305361
0.207213102848618,-0.0624424525313242
0.172681192081107,-0.178061461299536
0.269138168744834,-0.0789777020694177
0.0201249221812872,-0.0933408819752057
-0.0133709569433402,-0.0225920732169635
-0.0233596606700817,-0.0559240836656018
-0.172890183747802,-0.0444665993317537
-0.309726554753257,-0.0786038435657374
-0.219429093049981,0.0101493367481048
-0.297348545574033,-0.0514770694006117
-0.394989985889952,-0.0354236481356958
-0.2713070606268,-0.0642670723139115
-0.379230958459969,0.0143367121250158
-0.430687694607876,-0.019505409181694
-0.476877659903516,-0.0495274616573447
-0.389061908657312,-0.127651435964226
-0.538552959167475,-0.0405990733305991
-0.586210924213847,-0.0927484974615459
-0.621080890297891,-0.0404166289117121
-0.623695200746306,-0.0401285296448568
-0.739513387980515,-0.0718456433882704
-0.776714572953189,-0.0271286868993384
-0.7504477014146,-0.0716795625489598
-0.831127676807257,0.0220424717922953
-0.794405114849719,-0.0380899448970891
-0.831422570915,-0.111925737599893
-0.878536901931536,-0.185485027576479
-0.745896147335262,-0.250283475311865
-0.845464911054724,-0.237572796741573
-0.826552211634889,-0.256035113365387
-0.868617999488096,-0.294383383012974
-0.816013417161114,-0.345697264678636
-0.818720981032945,-0.329997187952099
-0.811675188091984,-0.325228949625979
-0.845240251700117,-0.329444497218484
-0.721368890567741,-0.260890397202543
-0.684562931623631,-0.263504858040094
-0.742622839182666,-0.419223442792815
-0.767316261016701,-0.319699556754985
-0.816745655742708,-0.378331413137611
-0.839436954401292,-0.327963837362881
-0.742419292515912,-0.222929831088194
-0.714399676519205,-0.267310774731599
-0.642153732207577,-0.256928733414548
-0.691542168409947,-0.202685748749864
-0.750100521097522,-0.208280867513939
-0.704016018273785,-0.150472880625117
-0.724425928818223,-0.168178604235019
-0.655539371407445,-0.0422848119633577
-0.719926346955198,-0.0049940556217288
-0.752020831549735,0.0855829098301306
-0.678756813241684,0.100467258864036
-0.496005378787061,0.122422866360408
-0.590302214781811,0.114138096308829
-0.453937986362006,0.189852303356949
-0.42719038554288,0.109401412683589
-0.400954200873,0.226124969409555
-0.488499055831182,0.20328285505521
-0.533452563497042,0.278379702862499
-0.569851380321393,0.344961504873342
-0.496122462534132,0.27684547210559
-0.462831149861312,0.264578215011781
-0.48214407982868,0.274570360188569
-0.386925414782361,0.384885535627045
-0.39878055764273,0.525921749789378
-0.195196172281343,0.364161105774106
-0.399185064890006,0.471543131275663
-0.221813064736207,0.397280049355649
-0.303755871943683,0.459628973068551
-0.22557942589965,0.52019188045141
-0.294252667610007,0.620919382636767
-0.308188405804652,0.518205107721249
-0.156793702593994,0.597459189355359
-0.233557840869953,0.675005458540479
-0.033918888820655,0.581818334273743
-0.194770121487386,0.581525611929113
-0.0711151132449178,0.630949962012288
-0.141445613804425,0.660403396571428
-0.134253216385324,0.627494916335296
-0.184651394543748,0.596137064516223
-0.359480072064479,0.544547147546843
-0.134442355049409,0.524680781458954
-0.325904196078962,0.610593193780933
-0.297457293194533,0.577737728550794
-0.225488971464025,0.641005602993815
-0.439515890749232,0.693123124517046
-0.30368665634505,0.631199638531785
-0.407147560810341,0.623613935290292
-0.328647389760162,0.533718585603268
-0.275965316059086,0.536965686095045
-0.353136730465759,0.677397964802242
-0.429491138773558,0.614448887295769
-0.433649489334651,0.555655822017231
-0.43130421334601,0.555115686219601
-0.481060334958239,0.672775970203277
-0.486510221258211,0.685224089565215
-0.540659999925398,0.699526533009864
-0.599337762754886,0.642316221387365
-0.59668521849292,0.679243468338771
-0.674391733415926,0.639587104622337
-0.711772765455291,0.675015669538143
-0.736265776379885,0.653444467309989
-0.749721613422549,0.624721543520525
-0.698870945451379,0.686407733332387
-0.673836252592195,0.708373111344758
-0.671968030320355,0.708941454979351
-0.628307949655047,0.651078582338641
-0.654094401738419,0.731531947925349
-0.647813900214974,0.733165540612907
-0.671572656749456,0.6532580925528
-0.627208856875876,0.763262079366454
-0.621962244421215,0.771876385874837
-0.602978308207859,0.699335867292234
-0.612072331068898,0.772459781761691
-0.591211875891925,0.787918532610459
-0.598880084937436,0.768001520968969
-0.560159354243759,0.686162070876775
-0.65811014372355,0.721535900986719
-0.659304672260869,0.727469236221583
-0.621856176979035,0.766523905581024
-0.485900504344793,0.679166848717648
-0.479413915779878,0.685252719950257
-0.516467018278217,0.704400268300928
-0.590045415289895,0.74413215526832
-0.493287758187589,0.732268941386933
-0.557551712258957,0.806675719516887
-0.545129553331601,0.812202558328268
-0.546627875399369,0.792714876844265
-0.498344000917493,0.705915268507509
-0.511145909921278,0.731235651572953
-0.57808934697716,0.76327470133996
-0.631978734212449,0.721941850495934
-0.541470263071338,0.684954692747839
-0.546162311118358,0.65787498962857
-0.516968900414712,0.654483353222247
-0.395653376736225,0.732851366939957
-0.428674616842507,0.724311713769823
-0.446317065485078,0.715712183224283
-0.477100243442894,0.772467117414566
-0.487201085747458,0.769630243369225
-0.434377556892714,0.761724105498899
-0.355893208445561,0.747782060367475
-0.29229401881384,0.698444985860835
-0.358736468943007,0.750084806573715
-0.278436562655897,0.772161789721426
-0.343102486831805,0.710029430524338
-0.36548602773129,0.714340174650213
-0.145994978428911,0.638974413170826
-0.274562975151774,0.6764655126312
-0.0792906711368199,0.636316753244902
-0.153515667607795,0.629768802233415
-0.0233354770020459,0.674205003471298
-0.0928226871725319,0.778234311547874
-0.0654867032721837,0.684103226251885
0.0156450811218024,0.773211196515636
0.0144888166523339,0.69338424182791
0.00542282303876859,0.727517829860421
0.0442745397133301,0.870008520109364
0.0597372234730812,0.8609175095082
0.103859016675699,0.866629993861115
0.136525225633896,0.836166821081228
0.18406869057744,0.848517528015906
0.130147805992458,0.854993400237601
0.154008691865324,0.90800246007246
0.143012442546417,0.906365600508492
0.132201643601403,0.811291204237681
0.179051972946329,0.890367889130738
0.172277901988377,0.975737251617278
0.227803258399746,0.961409707808196
0.26116326368814,0.959878610030354
0.297660295718365,0.943312576754171
0.243512392259095,0.858750140967837
0.226004880920407,0.95155970596402
0.264438269431467,0.888605887729993
0.179911285588517,0.971334032506992
0.152094148000396,0.865439100640162
0.0790275171588825,0.902059141830707
0.0500434282076302,0.878650582468682
0.0840500942200183,0.935151740207562
0.0519036875166374,0.984563350699874
0.109998432694488,0.967119554421843
0.022501218595493,0.901505804241152
-0.00519359592377339,0.925722512035567
0.0951090763115556,0.929045730600845
0.135901209624774,0.977361947932095
0.041070597904928,0.902940246746703
0.128327155479508,0.981549245855486
0.0706869444407628,0.923560141088403
0.107291280047506,0.918861727167689
0.111870310329482,0.972449170420548
0.132300653337074,0.7355469078671
0.0924973710842768,0.687148242682965
0.173130990636013,0.811004897002936
0.153733988464495,0.807841897960964
0.165504977334818,0.853186160325927
0.26958372665841,0.721488502795484
0.156859786822525,0.776536996037612
0.335797004608731,0.758299245598851
0.314877261152773,0.871311819594523
0.397303106616206,0.778619438540247
0.449966207994357,0.811177380130648
0.34127400494049,0.719646973960823
0.462758199973271,0.724676600099915
0.52005902239801,0.721913181090746
0.478176372427001,0.714066638266756
0.512525831691864,0.724330187506747
0.479168862500993,0.664143184279853
0.495929958410081,0.762008484181159
0.622433563405205,0.740080890753504
0.628115941472507,0.68230647640748
0.601107777855718,0.710525343228965
0.673747566098182,0.662293830568492
0.621058470135756,0.596713900844111
0.636750666065914,0.647851715028147
0.581611957564924,0.635792364226447
0.566312407496455,0.615650655281618
0.738878328689362,0.61808739796843
0.677922936110216,0.647095722179552
0.635082400187471,0.673220974156422
0.677548285103923,0.637758877978423
0.714039983313235,0.588039597220661
0.696281191492958,0.609026482031225
0.708968655935254,0.638357234074946
0.748148945202726,0.640382943691886
0.757662371712769,0.628000903428817
0.76457342282543,0.621235780372344
0.698884725499823,0.533049269563724
0.780986623137228,0.60407068582002
0.802714606532791,0.565447024781354
0.794337775541004,0.589459944104179
0.803076271523416,0.578064870998109
0.822150248854375,0.474950476464983
0.837403262931309,0.507317060668424
0.668770378282705,0.42484460872749
0.829816081584982,0.513262856558821
0.668752481873237,0.41275780619527
0.878826010322777,0.447133004549858
0.884947973417271,0.431328175082925
0.894255596132713,0.34140817601016
0.698655483606086,0.364667692005472
0.829550110155134,0.402433772168596
0.931958418087744,0.300688807595837
0.63680516440208,0.422071692770946
0.704820768791725,0.427932787988474
0.727848547991565,0.408558788868422
0.747087801642599,0.380578256325457
0.757574377696125,0.182572854531334
0.962807961810707,0.179178668324382
0.804264209877237,0.140493321548118
0.940015802243211,0.126686270870905
0.882380238470177,0.0536525432312283
0.952947201502003,0.0803863913169971
0.969530995336285,0.0198792019817179
0.906182067035485,0.142396243122029
0.953736429818548,0.0648644967085518
0.980057337792738,0.0217254645565332
0.967773809875429,0.000539535797963922
0.986165959045569,-0.0544047436396835
0.942322020940102,-0.00790365215091136
0.947048652274569,-0.0743577223862951
0.969918128039508,-0.145854165008478
0.940462532542815,-0.222788496294042
0.932268487051809,-0.278119665190063
0.934723076899459,-0.291820664937879
0.910632126166441,-0.27677527828764
0.91052611029345,-0.293676793498112
0.903128927251917,-0.353203019066525
0.864926687273487,-0.418304064510034
0.868215722030194,-0.43632408322905
0.862206563635997,-0.436029757342244
0.737147448730899,-0.442272556798562
0.722559247484131,-0.479561758790995
0.82951911369464,-0.509286440308378
0.792314221692281,-0.558599271527046
0.724376064027635,-0.488679642215318
0.705890678002765,-0.42123035080835
0.617900606593696,-0.497775235522529
0.674492796433056,-0.588415551274569
0.635712445544545,-0.684837908057091
0.578414967782259,-0.660048481603895
0.606331165606885,-0.636353975489043
0.574161661008823,-0.652785735365764
0.534833897079045,-0.60455437606609
0.653384862687122,-0.683767129888243
0.698767618382494,-0.630769406796673
0.623008578254393,-0.602607005594252
0.60265571439302,-0.69002954359761
0.608618694571301,-0.75855725057065
0.530137379494483,-0.814848796863791
0.515727368260883,-0.831855267253077
0.540333769697606,-0.780726679390136
0.476214162851542,-0.815917397875026
0.49685354096745,-0.8245614614674
0.470043310100183,-0.800900984840466
0.420604354437565,-0.828234185795967
0.443679186748324,-0.823854342354025
0.402648526936903,-0.790018361018746
0.324353381289805,-0.819272343003889
0.322909982133646,-0.835867737863374
0.336486311151537,-0.847692930301882
0.285766719767985,-0.832929861276528
0.283257579756944,-0.865706843302632
0.22245773924819,-0.891384242010291
0.228494923097077,-0.881253343239746
0.183655426085856,-0.885627956311891
0.1794973628854,-0.893988549324064
0.0912472493566651,-0.90356054455158
0.0921522422549529,-0.902570385379013
0.0584727149963652,-0.92371049510573
0.0347576676173507,-0.913429016573208
0.00978598051065558,-0.902903581094436
0.0075597901997822,-0.883274918011482
0.0208085708656637,-0.888629648757262
-0.0110625147253121,-0.888918615476426
0.000238753597517408,-0.834630245149509
-0.00892124148647244,-0.848306550687577
-0.0121268834548028,-0.849031906421552
0.0138517890033859,-0.858471684359365
-0.0303384494639569,-0.835567172566068
-0.000627378444333008,-0.831718182024057
-0.00746816265106869,-0.821558905480314
-0.0437411636250978,-0.833536852383352
0.00360328065176463,-0.860611433848189
-0.105101188088529,-0.841875332295287
-0.00591024507124376,-0.856468351360368
-0.100691050881216,-0.859981688187912
-0.0716414325174594,-0.862632206381622
-0.112926652831404,-0.855396221873244
-0.153171834099488,-0.846544710143536
-0.14817926175973,-0.829755565009868
-0.202925548257891,-0.860942592131768
-0.236919111522119,-0.796421896909594
-0.216829322116312,-0.83218070163064
-0.123032561581692,-0.792773602237051
-0.15109393318311,-0.815609182767967
-0.106154078857948,-0.773079727230943
-0.0450448137200101,-0.714785893716258
-0.0340791534768856,-0.745523509566499
-0.0149293057072346,-0.755617992847493
-0.0283836630607766,-0.635554108491477
0.00345698576954977,-0.629085305521129
0.0108755951571146,-0.771162899242295
0.0887671479068592,-0.70139862987257
0.138290254499359,-0.719540999452443
0.192145047396674,-0.729174016232991
0.228510496345067,-0.710427692449658
0.228605891636911,-0.720314631092084
0.329412747039813,-0.712594186462301
0.38978328686793,-0.679490329643462
0.432953120885786,-0.662482867720292
0.471079624245465,-0.67792007609443
0.503869256882604,-0.650891996042111
0.537150372767709,-0.657183400778095
0.536569364805465,-0.667425350308501
0.572795096688343,-0.600231807411724
0.576525085853686,-0.600212005284725
0.591352273764555,-0.639520471371148
0.594723854308789,-0.62290535413842
0.613649503589005,-0.648257905759746
0.637906101083982,-0.622885110677654
0.678078210709513,-0.594305001164462
0.685870079900004,-0.568552796303207
0.72264191806026,-0.55210193391755
0.699803914120892,-0.560239915065002
0.778031455629959,-0.540230901375713
0.744890992071864,-0.593975430363975
0.813093566764887,-0.511811736857923
0.81955435732438,-0.489808177153081
0.810449648705974,-0.48031731958948
0.843681602916087,-0.44497203011626
0.844614363339939,-0.421226018020237
0.848190296108449,-0.443962464126377
0.854215436080778,-0.420241882638488
0.844122461718692,-0.437832896774509
0.834755121762262,-0.437811273635303
0.813123954153523,-0.422673347682311
0.851356868787184,-0.427938474720377
0.805923078715117,-0.420672803105085
0.766669664135082,-0.414478280954712
0.761413314705527,-0.424099272125114
0.775254577300415,-0.453551921715913
0.701592440091607,-0.430077751887496
0.739602018679133,-0.408396781789174
0.735846260340936,-0.439806016889111
0.734398950916106,-0.381142523738637
0.747172005578589,-0.43647760315728
0.714401417775323,-0.505809274722666
0.7587701014814,-0.485884381909971
0.668508711479605,-0.43902630705337
0.678040310394887,-0.505270327634291
0.606035074864672,-0.520330488320499
0.662367050221874,-0.566839627357996
0.610427759910075,-0.571762016992508
0.598308260214887,-0.630279999132062
0.614561541505231,-0.63691850817112
0.547888841557309,-0.613972027554169
0.589051363469723,-0.632952650745899
0.527879066587685,-0.642016255113928
0.562296970264686,-0.664879116308478
0.372889749912267,-0.674839754472343
0.386432760817387,-0.675567628514526
0.256241749844482,-0.701508701338184
0.193966865429585,-0.681367531126904
0.211892742602607,-0.711069600205637
0.120293655342772,-0.637358596077085
0.0377515468795008,-0.683483168651524
-0.0163649686489879,-0.57390080039689
-0.0189600234521449,-0.613696243187048
-0.0677443878252404,-0.594668638117803
-0.134565847974925,-0.618290506931048
-0.129718461537707,-0.643142973606159
-0.377786034298144,-0.558229068261214
-0.333286077374022,-0.656940132086586
-0.404022930823648,-0.565349146399268
-0.361476575852434,-0.620097492576545
-0.410600639489672,-0.62832109308961
-0.562003360925502,-0.610804722857999
-0.565550996542392,-0.615423565374015
-0.556914830030511,-0.621973466996076
-0.659241766767147,-0.605657348271622
-0.657831009592996,-0.578364469617684
-0.697646757731778,-0.535609101005092
-0.679943026616177,-0.54993705909735
-0.752793564142424,-0.551219419095347
-0.742807703973897,-0.565135008111894
-0.765236926217049,-0.535620224048408
-0.742751499444885,-0.536618115491517
-0.770386882892944,-0.565667477795887
-0.758243334286503,-0.579706796411023
-0.682260017401237,-0.600632891048072
-0.737868796601318,-0.598982470966988
-0.730453181898014,-0.599616175738512
-0.760714095814533,-0.580456963996461
-0.71690549358511,-0.613047039518144
-0.704256821805401,-0.635067024578738
-0.700831648220055,-0.611425461737062
-0.620072396966548,-0.585790235872548
-0.685650175360798,-0.546200649149834
-0.587661570751533,-0.568107736823122
-0.695049579045153,-0.624585071629142
-0.704812172119785,-0.606472869372583
-0.637754389094856,-0.724522617951914
-0.583230970182274,-0.758190257118604
-0.598026885126997,-0.767979248818228
-0.525483213665877,-0.712815881021693
-0.550771058912242,-0.751554172773331
-0.559175199164302,-0.782460994597174
-0.586582285459275,-0.700835037163913
-0.447029236653708,-0.735501321053958
-0.564816570573454,-0.801290329811687
-0.577221471118007,-0.788556080241324
-0.575452775785474,-0.785558692078221
-0.593254674424209,-0.760140787258707
-0.612173846247674,-0.728049417742126
-0.612343523228951,-0.710499216432854
-0.454651418718768,-0.540515990161953
-0.601224178979602,-0.617635141540412
-0.623588513413818,-0.616017289588834
-0.594270965370447,-0.641714462881177
-0.609986227725436,-0.644747168882814
-0.672998822436404,-0.606419492740539
-0.651578063956873,-0.615496696481793
-0.626017795289879,-0.5593888269684
-0.664768984378884,-0.558158017911898
-0.679393858983286,-0.552541438902058
-0.789224168656974,-0.550094215725487
-0.705354463247871,-0.408664110340241
-0.759967949789916,-0.427937252597939
-0.770995792365571,-0.460934605386553
-0.764127916746602,-0.443838317564686
-0.772465576975688,-0.361638936286619
-0.790865699018731,-0.318786540689379
-0.814926121992785,-0.302877345046901
-0.786496827873236,-0.277596803660581
-0.811560993724392,-0.197780181641609
-0.782206926991587,-0.153560994474449
-0.818527055881866,-0.160707244709612
-0.853586984568192,-0.09256982730576
-0.887264018614195,-0.0361969771477539
-0.87484207646533,0.0257364637954885
-0.897622783565238,0.0819826760274342
-0.859941064273727,0.16478014571098
-0.863588270713802,0.295500006244366
-0.894615158719804,0.286954054996892
-0.796814245406171,0.303164553128785
-0.781769276707958,0.361530937723003
-0.753637880251771,0.426231241880036
-0.773022021752208,0.44545210939329
-0.70096519386272,0.479764583577656
-0.657015972179541,0.473241249600791
-0.617808887825851,0.457944062158154
-0.611170902772226,0.527333180536051
-0.558576817977328,0.476288882776077
-0.56674203222515,0.560376926105133
-0.605204877649272,0.498922504129259
-0.562552383343437,0.558043426957347
-0.611972685564012,0.53206263241492
-0.589253214983581,0.569081942218197
-0.451622902660667,0.65686354576407
-0.478780979653704,0.673059187325975
-0.492943278169308,0.675083480134505
-0.365807095541921,0.748658757277318
-0.448287397771346,0.679291645880102
-0.41962379644173,0.746113247271035
-0.400079702450724,0.702613836324389
-0.452047260158206,0.698645761818241
-0.399934318510717,0.690626688545604
-0.365673984840279,0.649046806837793
-0.365132215013591,0.750352057950632
-0.339487071892482,0.742433155534929
-0.276844589577497,0.764050418089281
-0.269469104130983,0.749509939006022
-0.194261523176139,0.719143261776629
-0.208679862741056,0.727473989104559
-0.249904185145771,0.758904438862955
-0.254941597587662,0.707865393949138
-0.239916556283963,0.751188003605388
-0.180685797729784,0.772465451988334
-0.136623557765398,0.751668708140399
-0.166699118843542,0.751434226612385
-0.135699820970689,0.819430133855846
-0.0804704731200156,0.766262439465893
-0.0413755088944534,0.797099860218898
-0.0368818132689984,0.809945569135267
0.0570036534525682,0.807746035357165
0.0825324846996318,0.780086868402961
0.0961749573187174,0.776896511038297
0.152111740198006,0.747583030743102
0.112890050940879,0.78111748175235
0.164622001685879,0.782466539273895
0.193762188645278,0.810995439071704
0.264219912506574,0.792607129093567
0.301730577895195,0.835937643354238
0.359416592541064,0.830405151114518
0.399528372451975,0.794425377356115
0.428766556755139,0.816171942603859
0.452648964581368,0.797111442916512
0.510182029677753,0.768031671586855
0.572870645951424,0.754212098930846
0.637113843679423,0.716171674232361
0.701525005960061,0.66519531472473
0.734091335227187,0.640581563549011
0.736853741491751,0.597247862510437
0.777931593962077,0.583737251200943
0.764179580453187,0.531497835667835
0.786810293490205,0.568405877435755
0.798711190481677,0.52720823581046
0.766823095683295,0.526861744017148
0.782355077511004,0.532495633941277
0.828302961962389,0.51815483959519
0.80516033448961,0.513552595035162
0.851916091679628,0.459972312679905
0.824538896752544,0.474708844245056
0.862234403370002,0.426249997633663
0.868480292789063,0.39136294540602
0.888584948966131,0.359251773417205
0.888367811482044,0.327341856415252
0.842754217267827,0.297590616851325
0.915968082047516,0.248097782018594
0.915355172726915,0.219410907639716
0.919142655460022,0.169463741393057
0.918060141178384,0.205936768453556
0.926310950851501,0.171436019922297
0.926771337792307,0.156747417707684
0.919947244152085,0.132277610756464
0.928822104625722,0.156699450768205
0.928626016998119,0.14065569324995
0.898473323112038,0.143674744474944
0.907741170129313,0.137480456394802
0.893595834293167,0.0917394856069345
0.907630068789697,0.0797742424574909
0.932352901892027,0.127170939586432
0.91020847411856,0.14241570351026
0.901730209322507,0.186354077167179
0.924364994100907,0.177064293042419
0.915224287220135,0.204083684360456
0.892301573516773,0.270900741284003
0.880452626783448,0.303767937377322
0.889619591065557,0.277641252207364
0.919146122829863,0.285107863905837
0.868248216471022,0.264463100987942
0.736391310959252,0.280372456617365
0.830151439111501,0.263815942004617
0.792552829093908,0.318916610483554
0.730543527190111,0.276253020117348
0.84488839965898,0.282008713105571
0.764495161837968,0.230417684971351
0.763677150024965,0.280301575408691
0.822800761217481,0.317972234655122
0.724981134409072,0.356373043783865
0.688857537773903,0.366261350794756
0.721201182954502,0.377456262070219
0.718900266324209,0.29413290719231
0.697355251494471,0.369733350624093
0.717962969099082,0.249894524405692
0.62697938127853,0.355494791825532
0.747665823575826,0.323580507779767
0.727367506654851,0.256490498827044
0.695874060367703,0.240183118478549
0.763158929258929,0.23384215744901
0.734333978584992,0.216655304419231
0.813222829557566,0.30452277142061
0.752816278426102,0.277820295961611
0.733060491890199,0.30144602672879
0.714103940120465,0.320119540099108
0.652373397516749,0.492208056405773
0.678008271037763,0.336954524927882
0.631225742165941,0.329993049528122
0.69857055760669,0.370327823390382
0.738051459039226,0.335269999296082
0.65792398715874,0.374923093482239
0.647043101893814,0.450784333390403
0.656181347849835,0.482180808845256
0.562207273461076,0.404154885324524
0.546575927926185,0.388019080642529
0.54465253593734,0.418442919844914
0.560498977804287,0.352883868314214
0.536254841645565,0.443125643849282
0.523584517141223,0.439407847762985
0.459889609992018,0.526478441197854
0.37350991127908,0.427574571465057
0.244282987193888,0.473432320692056
0.271775763525081,0.50337238239129
0.376888691082768,0.48149371578705
0.195504787972706,0.426844402246886
0.253777031576567,0.400464544855897
0.144382185125084,0.50613846044433
0.0865182636849587,0.547848889346578
0.0550584980515577,0.585329726417607
0.102686770585282,0.346230291053354
0.185632142820633,0.417125165763451
-0.00368079349518204,0.470828072283224
-0.0109147003861506,0.414929469876632
0.0833708861871334,0.406124374663218
-0.0911825250539709,0.438528842476586
-0.0636998765013476,0.461603953805305
-0.097011912740509,0.477129648484923
-0.0816148312410386,0.387704541468953
-0.247738284663108,0.348077126914616
-0.162155289261984,0.374356684539571
-0.197100402795052,0.265110101190115
-0.366312561005095,0.208463424782726
-0.302648857650399,0.279483889563299
-0.205722733607097,0.294234056042938
-0.285500494440256,0.225854744141518
-0.311604051332715,0.268197966448904
-0.182328745150107,0.277581564953278
-0.310912992660637,0.199923897572968
-0.365894146496651,0.153397261667851
-0.176654961044289,0.102272557541815
-0.218895066798035,0.155251439078274
-0.244135827115051,0.171816539026209
-0.123587448860895,0.235081157359465
-0.288604027449387,0.192498756537297
-0.217531470994895,0.16685819556645
-0.250326685007366,-0.0118032802397189
-0.10075896697039,0.154528515342493
-0.181184579414715,0.111933413521851
-0.176294196384552,0.132143799023292
-0.118653145703268,0.0831834590659763
-0.00452598026546374,0.197304847592738
-0.0511018009104823,0.163751413318769
-0.125564000563826,0.349671233636905
-0.233489540377955,0.260536949231528
-0.134836310197498,0.284234813095456
-0.00893325871878018,0.259289463238779
0.0332407757247723,0.409321651626442
-0.0605893166238228,0.360663196678285
-0.166592904937458,0.291833241678796
-0.121776567864885,0.368156929479087
-0.137171469463972,0.559833378251087
-0.146018793249598,0.522020959593296
-0.117720721791698,0.565826292646161
-0.0538744457156712,0.515248679482241
-0.132231070181132,0.458863714579691
-0.126911238817146,0.56665727034577
-0.041384491392174,0.649534714077054
-0.0526341571103981,0.611916041100156
-0.0889907426183341,0.568026517977454
-0.179037427145105,0.603661115767815
-0.0974637125495672,0.731455863585342
-0.0688310712871057,0.653040373853662
-0.0451599732336556,0.727944233989076
-0.0433631557468647,0.714143211550625
-0.0363880051991422,0.645847931354712
0.0242783175593553,0.713353792689475
-0.0260526584346241,0.704742206458491
0.0225400654918465,0.674429031883363
-0.0128504318326562,0.703013981010373
-0.0777932606540982,0.733433865808176
-0.0618112948634232,0.658767555334223
-0.0835502091488649,0.677556802799221
-0.142041108538894,0.726361351689302
-0.169391022076232,0.733425040872923
-0.00037858981368936,0.777223159579466
-0.0767211155547883,0.804719415689569
-0.0191744888573312,0.854992399048608
-0.061296326994044,0.890126544450531
-0.150492873696662,0.90490449298314
-0.0936706342794233,0.877585387829829
-0.1523594294992,0.885011900329832
-0.123571642279103,0.924688549177493
-0.162587956154609,0.900315437629685
-0.180041609315219,0.871904281268124
-0.197865852233905,0.896053280197614
-0.2264199776476,0.90320651226868
-0.251138654318509,0.902238200756482
-0.294793962046508,0.907856166193195
-0.273698427415604,0.900049539064544
-0.310897922389479,0.880313225667105
-0.340852888924401,0.863175001406625
-0.326143511670215,0.883295861771189
-0.295065883380849,0.892562232110391
-0.322036269478784,0.905900390607863
-0.308287080059122,0.913331548314015
-0.334102791322955,0.918660041769024
-0.297955023208063,0.893342036283642
-0.328256500325383,0.918433387382819
-0.350028167639402,0.922900288081628
-0.382054731251128,0.909872392985901
-0.404359845778994,0.856869744558409
-0.421840513623378,0.886435989913826
-0.394189165557885,0.875768686561391
-0.437476568566566,0.875139511730675
-0.427082239150962,0.873123167340513
-0.444388830865937,0.863713211552539
-0.508869799507166,0.838969393918912
-0.485595169541057,0.848754189648483
-0.539198230932836,0.819686753013826
-0.553754466723668,0.80834514328646
-0.593573090009193,0.775284751996416
-0.623264368645068,0.734995302423393
-0.6318499966641,0.742508506857412
-0.63755929992549,0.7303062264572
-0.579480253001624,0.67195195912958
-0.645460151522785,0.715912329561282
-0.631623672500562,0.697827311947158
-0.679197715666469,0.695967702148715
-0.639031992127113,0.653543057586194
-0.665318489963047,0.653383519030734
-0.718382801024298,0.664612712503116
-0.769136888425158,0.618538810535952
-0.647284017133083,0.619200204379543
-0.784501570552148,0.534886014846126
-0.775156643902411,0.559315398609124
-0.832818966053883,0.503327261113509
-0.817685111895616,0.515240543907028
-0.806152060481223,0.481563430769918
-0.82656615841491,0.460632489660813
-0.795361662335197,0.493731543876909
-0.778331968685508,0.52666896201844
-0.741188909276903,0.47738930403667
-0.786097211369065,0.473790753254295
-0.740877670238516,0.35707007223865
-0.845402273831401,0.483210942265072
-0.841424096662066,0.491767786322353
-0.704241743809464,0.354926192776974
-0.846401192347583,0.465461042800385
-0.860937933827001,0.445419028510921
-0.81847309370319,0.402164425370708
-0.860976523385021,0.461828578674727
-0.789820606638214,0.412006687064298
-0.801378239644207,0.498983517123879
-0.6873080780499,0.476797647451826
-0.834488837099454,0.451990820367274
-0.841981051894283,0.466077679266277
-0.806615719719997,0.395617615903625
-0.836585126336137,0.425975413738967
-0.877267508953845,0.369147303616043
-0.875131587148416,0.385964072972054
-0.886574723751734,0.335143718767482
-0.849185965815305,0.276214962429405
-0.88338883551899,0.257524621033811
-0.896886596118157,0.21072970707843
-0.938912612812568,0.156244749820576
-0.91255228672013,0.132658406608514
-0.9511735504215,0.119551722498432
-0.951422901522892,0.0346637889031822
-0.94925159315947,0.0542170529152496
-0.877302641249001,0.0673843555497653
-0.957162146704048,0.0154809908282256
-0.935195796525211,-0.0513663468196702
-0.922123200611088,-0.0389689869441306
-0.904836276144034,-0.0649309632476643
-0.879200531144028,-0.0741955090578716
-0.948165071732284,-0.0969782267849259
-0.923762577074929,-0.140809530321591
-0.929464176243495,-0.196961669471804
-0.914371081064755,-0.276952183335966
-0.905409858168645,-0.218753135739692
-0.892813478101835,-0.21429855969692
-0.866200441376963,-0.275441649816211
-0.872198450325832,-0.28100025157782
-0.834813120896206,-0.264601968956403
-0.809009285903292,-0.281443737515422
-0.754386206951453,-0.34811558821699
-0.826511509626092,-0.424385258256834
-0.739891550894264,-0.478185613791785
-0.684857311248101,-0.535822809855211
-0.69406152881396,-0.519604880570247
-0.681336898460376,-0.558959684365649
-0.643760909982005,-0.583128401336809
-0.535507169461484,-0.650344945769566
-0.480768255971449,-0.742742778316882
-0.277335836396098,-0.747831114156796
-0.231937117692868,-0.748377420616203
-0.211274356467439,-0.806219375509553
-0.150190232005279,-0.76629939509515
-0.150294090659718,-0.789068675654976
-0.0938349151561375,-0.809963875633173
-0.0654049036634377,-0.792680693407804
-0.0921072665854675,-0.77940649315527
-0.0505001748303077,-0.778135104567589
-0.00074326928025147,-0.776820313137164
0.0228635793848307,-0.764855689773939
0.0332641492673753,-0.796597163033658
0.0670457208000707,-0.799202223230543
0.0824845362351054,-0.825877097597837
0.119863958451379,-0.798518486672006
0.122538126388685,-0.778532016776821
0.127699771149513,-0.805694834130309
0.111062624419358,-0.764537114580565
0.1144504352417,-0.840269524637241
0.16377580851017,-0.813949112379437
0.132154346596398,-0.840800064216202
0.152016120235496,-0.811510051179705
0.172815730140349,-0.804209435874561
0.218953651147934,-0.755034316401967
0.230167196554039,-0.772264426330191
0.31015516893198,-0.743502186055752
0.322959478938307,-0.706029503816898
0.38344669519099,-0.77013753287193
0.44447110339245,-0.586970613320753
0.437217504335059,-0.606391667360835
0.506824350833953,-0.599118069377061
0.530835571229748,-0.552440648062838
0.564597192365351,-0.453060807104222
0.593399017613162,-0.42936854935865
0.544273701019277,-0.40565468737045
0.624996869258195,-0.362150944953579
0.597904391441976,-0.250931093587948
0.599425174933632,-0.313059178468658
0.654444122975533,-0.296101912991292
0.638774335934387,-0.0921057000847367
0.654324058357923,-0.0316903623469785
0.572718117258328,-0.043889417835274
0.617421361401311,-0.00124122359336466
0.565546477601676,0.0475831477545115
0.564535555865553,0.139328286370656
0.523468506369995,0.202357550362817
0.538382966596775,0.289397250883085
0.415718033523,0.269097523531907
0.492974116608659,0.389364903537048
0.557656218377804,0.44723749349664
0.472983868808184,0.471415484325567
0.430068492216301,0.504195682379995
0.353047141201621,0.635184619603426
0.219433046819071,0.638555552516332
0.280298805738864,0.797238562534082
0.193371573163823,0.694245466661783
0.196214959982514,0.764861214065715
0.232015029388779,0.790568093951423
0.235516806323356,0.761147854850564
0.180333243241966,0.711267016869844
0.197743546740623,0.846580828010413
0.213881385643121,0.85879652471473
0.281067747276628,0.906833269485805
0.270939642446983,0.923186569717299
0.289475806377963,0.909291940307667
0.250006664919215,0.918314023180936
0.29665773166676,0.90664142885895
0.299310806236387,0.86327512610923
0.325824922640665,0.830505580055054
0.390782518571389,0.839420815868864
0.300563053931285,0.874820855373186
0.340092547754893,0.753643460211232
0.29044406436735,0.842834302221282
0.314631721568618,0.82003784916428
0.286197627758464,0.813216050045584
0.329701895310214,0.887693874236433
0.284632508277113,0.818366649300388
0.271253729626404,0.838151952095933
0.277064198371375,0.725358734052706
0.292309872265732,0.749473844513274
0.4014978954822,0.7171078558434
0.298391834240985,0.599000222123534
0.279213104041085,0.644299405700876
0.315716832379586,0.61208504927807
0.296222593452623,0.666732215578678
0.40755334860678,0.613349563101717
0.291475234130362,0.537656301477552
0.305638258926431,0.618058295470264
0.400426469943829,0.502240580723577
0.406019969638067,0.576529502166149
0.276687166127089,0.434848019571296
0.430370533707833,0.473438840178187
0.312589001694628,0.341027053438032
0.257622364687976,0.470692956853659
0.258128331965027,0.335921053348195
0.344647851975911,0.300370135607066
0.262816425861495,0.347927898761292
0.22318504798039,0.387486742070308
0.301083697320098,0.293077146428461
0.170963639483003,0.253507938411576
0.174178155081502,0.326829553205134
0.21260868850176,0.121341840593853
0.140340055837101,0.195057124984831
0.372668354072103,0.276322533458602
0.249111646870829,0.174528342971549
0.345905982494456,0.147257279132687
0.347190838717939,0.0552065041165561
0.361157815750066,-0.00767189817514101
0.3064654547884,0.00317867651077795
0.425237234129614,-0.0143453112815856
0.295861834995518,-0.130941316708325
0.255502286479564,-0.111662860795008
0.315057663995148,-0.187906445267727
0.417963747676333,-0.271846064172432
0.539198045661223,-0.30523771231908
0.443408054889084,-0.305487766856541
0.501925329157707,-0.251578888972092
0.455688579013942,-0.331849146226669
0.36141392243296,-0.321939153851706
0.611870081114736,-0.330437124664311
0.700524262288017,-0.404823354547299
0.687557946068054,-0.259244372542141
0.604103968234765,-0.543060042063886
0.587974558375074,-0.455677422908966
0.577578736007018,-0.542156563319802
0.662451411843119,-0.498184344889343
0.573528231431503,-0.575801790639726
0.531325612405342,-0.657310317278656
0.520766357078727,-0.621418051682965
0.574184225214445,-0.693326661787634
0.656033009012432,-0.65098386990676
0.594740612958904,-0.787785996812293
0.546139997988973,-0.71669057562064
0.61771170135385,-0.77450323132655
0.444526073416192,-0.675457913504419
0.536633496798345,-0.699399527117081
0.468656504191147,-0.674072916970942
0.574039577642281,-0.674056741704214
0.537282065158266,-0.633867503506111
0.641149210568563,-0.648423101250608
0.592677967038366,-0.684967526988174
0.719209044083332,-0.665937369384238
0.75431576842323,-0.62644994359321
0.781373746309001,-0.602135282249376
0.780679699305882,-0.586560030337554
0.806671495046426,-0.570689901409779
0.785506372788933,-0.607004850613073
0.735600217749639,-0.628643453660619
0.673163706344571,-0.618334685911131
0.606015372418964,-0.620142037153971
0.738670586160415,-0.583055114186983
0.600420952129232,-0.485489958678475
0.625851902646673,-0.468596488970175
0.664166262981398,-0.651658809822249
0.562362900919636,-0.682961616537754
0.337746090885734,-0.602254280770718
0.375306253447034,-0.760079669967372
0.549692535570762,-0.739163094561544
0.460585963810554,-0.700683906937389
0.409219696561395,-0.706333529761429
0.475132432517427,-0.806953725063465
0.487673863327518,-0.811710309329121
0.470962327213442,-0.666130208078405
0.405034187744892,-0.754255328729902
0.428463277262836,-0.749969862317751
0.373001575709712,-0.866110296626364
0.302264375651925,-0.906909558091388
0.268302039132402,-0.866549110741004
0.277531641823065,-0.713845108366881
0.211231706423011,-0.9233693376608
0.229482208781666,-0.898923402093279
0.237047784138405,-0.809077186777758
0.130007775697889,-0.836009010375746
0.133521465503081,-0.952756851098245
0.0506027913926229,-0.873120108044114
0.044348141304237,-0.805222895126494
0.110165244008416,-0.901384121859314
0.123052965929901,-0.921824802128792
0.0578325395065839,-0.780412698564752
-0.00514174995272861,-0.744417452567528
0.180835396490034,-0.879740896404421
0.199699674642001,-0.807205388599671
0.0675714186205953,-0.779867859957801
0.0803476372222326,-0.882974183523787
0.0703739222151013,-0.872417623834565
0.054150927804249,-0.866624025409456
0.0918409152379278,-0.955854681635072
0.0264781956054066,-0.958717834814867
0.0735503363638438,-0.944388635535925
0.0237980114848127,-0.955996392758659
0.0756167918186723,-0.9087614290222
0.0166988840852202,-0.908933495615904
0.0922601766836465,-0.965792953466846
0.0914672183669369,-0.919965638902856
-0.0236699603042683,-0.855369005535094
0.0609367417585329,-0.921104393911847
0.0610920837448578,-0.947760628468218
0.0409257766457833,-0.939331581350771
0.0547688289837224,-0.924201430759444
0.0119388516581103,-0.791991099256163
0.103259004834199,-0.889905314620508
0.036149748249541,-0.869466828325217
0.0535333903198109,-0.856149485865117
0.0251957927791981,-0.840739192986359
-0.0290873798558142,-0.830666545667959
-0.0655641150419269,-0.843568953755127
-0.105296078798826,-0.757586016980135
-0.0394018869421718,-0.794832795213672
-0.1117224252488,-0.766394260380851
-0.149606383410354,-0.812228745045537
-0.168705441332035,-0.794022682236433
-0.254792883299048,-0.820694014242709
-0.200368523433795,-0.846225633670481
-0.224180229732405,-0.815528664791411
-0.187214737201265,-0.852103615336392
-0.209683146770858,-0.819597955168
-0.243378511957386,-0.789934212858425
-0.299393470323274,-0.810227855831945
-0.372445217377447,-0.753419725071992
-0.450858788093787,-0.75822817006787
-0.455401700919092,-0.800559657796736
-0.511000460414509,-0.747815853591247
-0.590771245925075,-0.718599150974413
-0.625290360760335,-0.691887625099796
-0.564812280499835,-0.680685987784199
-0.624769643366184,-0.647589585435029
-0.642263411912137,-0.658531517768512
-0.684801776358115,-0.562334178665529
-0.786399634613935,-0.45844804050999
-0.814215150246886,-0.3838448221032
-0.797236914313395,-0.336152410726759
-0.806200158796037,-0.304696074328734
-0.813774149670521,-0.211640780543327
-0.801396256315991,-0.149000946992433
-0.807741193712055,0.00414535432252385
-0.81597503972943,-0.0352484909852356
-0.800320157173958,0.11635272713369
-0.806065366368057,0.142554264239292
-0.705500718050459,0.182756975381952
-0.702465625048816,0.330351018907605
-0.552055999237477,0.480174019398735
-0.583712070269896,0.424278408112612
-0.414128309701445,0.460865919339185
-0.411747308653975,0.55043874769683
-0.303265548002722,0.546227329057644
-0.301996750199475,0.628619631950586
-0.229650813100705,0.695247747299752
-0.179220826237856,0.723791939879884
-0.0863578192518083,0.717104161314906
0.0516873678628934,0.721603751737645
0.0729789949368408,0.781482312903017
0.100854211500543,0.721174747473602
0.168273876467997,0.777254610012106
0.350343438987162,0.616271274660068
0.334919262022469,0.620760643471174
0.329566707469806,0.613140634596598
0.484946488760435,0.606325744402294
0.467609307447436,0.541912376638459
0.51199809169262,0.541234400826
0.467857536043477,0.528808706055944
0.548300186540411,0.469545822432495
0.527398196707651,0.351004274795665
0.68471340425657,0.383455786685229
0.729403488225205,0.317348144386586
0.813023162168062,0.282533483335118
0.823137189682385,0.290522371732994
0.806095242736431,0.301263976236986
0.850565023818203,0.331298608368886
0.773538381305848,0.27398939412278
0.783782280084755,0.253034301718356
0.840104770164565,0.198872319966633
0.803991588863453,0.133193342150984
0.826322541650998,0.155324953143561
0.843402896630039,0.0583575626427737
0.800478605235816,0.174478101107515
0.798887298194149,0.165084932248411
0.777500965378092,0.161769722281059
0.792948797271668,0.168660787763132
0.792072530275596,0.143794680829657
0.693842039813896,0.208407414744377
0.741527054084371,0.181455002323184
0.734914401882475,0.168799847233258
0.674616896170591,0.202766788312908
0.66475087726617,0.181170808798867
0.64174718768112,0.178892291279061
0.55894240600027,0.257636088921533
0.552161727279312,0.212153726452514
0.449712479574595,0.37599677676046
0.401779456240023,0.370462610786914
0.223707056223066,0.420322538788672
0.329818558518099,0.432053424399171
0.292777433325467,0.501152060776535
0.249536170734733,0.472849961139475
0.139117207278672,0.55281411079657
0.196978629252839,0.620491592336272
0.0350050307868391,0.646706120238965
0.0109805475904839,0.726160244829444
-0.0044974364529472,0.723411389257829
-0.0727762506044232,0.743505505987013
-0.0569716946396383,0.693198400172073
-0.0837151749625406,0.837090645402078
-0.0107811205492435,0.657051231975386
-0.118467515967735,0.815848663178178
-0.145628809241683,0.70383057778174
-0.116617808638445,0.66859387279152
-0.178748253767627,0.764438897188019
-0.220548764806691,0.88575670463684
-0.162771897497254,0.868998055598437
-0.238461007749303,0.942417264220514
-0.265580130734404,0.938484551400437
-0.267034200879678,0.928412404941905
-0.355075920290564,0.909826718286719
-0.352451021786531,0.865282787940972
-0.309366620759773,0.856436097724027
-0.331745631181226,0.886865010928735
-0.370614430551484,0.909008786751031
-0.245957033842929,0.895684443412444
-0.258670301348844,0.811731856205487
-0.197282800527044,0.919745354263553
-0.14413981166883,0.833291136193633
-0.224470659084155,0.797360463770754
-0.249477050244514,0.899221871729673
-0.102518001836111,0.880219915942877
-0.0617697251161125,0.831675161885769
-0.171348756580497,0.912762867377275
-0.0320990606293301,0.885280716530545
-0.0474419404863102,0.925713900259096
0.0603425367268825,0.926255063720901
0.079643567581634,0.894480312437696
0.0042360662769164,0.952876941299656
-0.0121500842922918,0.904611289604536
-0.110647256352863,0.936074756965233
-0.0994880686591857,0.849477023449128
-0.162702648875292,0.900473185820854
-0.150994431115295,0.920492977165053
-0.204909539593205,0.834490213950671
-0.210286237292573,0.79966069186593
-0.295970388442379,0.781681812520007
-0.20634289743024,0.804760885334205
-0.37580047880736,0.880805862420724
-0.28705367594943,0.783940532063899
-0.381751266797699,0.805774314071228
-0.428523871009867,0.785367987392954
-0.414316967484507,0.692696433130362
-0.304198387626704,0.555598989761783
-0.383735943022864,0.63544136758573
-0.614870101579781,0.596771824052834
-0.650686231723223,0.607766532927254
-0.672412566556257,0.613457195491945
-0.690344780620523,0.693065738014576
-0.578421618111486,0.590697880634804
-0.764513818494667,0.615746437852025
-0.780624152424059,0.608664328478614
-0.762921630830782,0.621441284056674
-0.485845380497754,0.397694406802235
-0.694497771113763,0.574804194779777
-0.769823357572746,0.614333534776015
-0.614319764967011,0.599343051658385
-0.543777774531483,0.492850912790484
-0.630339156049738,0.625712727759041
-0.694032707878338,0.572665398838227
-0.617856183251515,0.52673930989541
-0.700654940009569,0.55060253997132
-0.690617296496331,0.636812569518457
-0.658888610172634,0.513348671578067
-0.691537914036397,0.507767490157291
-0.729679602487289,0.6016470579708
-0.589744188970692,0.475695343633065
-0.538975057056247,0.490490794685758
-0.804049483939246,0.50226763398254
-0.637831373916078,0.32997342823718
-0.790518519124712,0.506583963168292
-0.838258759036301,0.438852830471203
-0.816496042595314,0.498744233868935
NaN,NaN
