0.824740122598157,0.522635261857861
-0.507699679125446,0.015861660150233
-0.428707233689676,-0.00448300145092667
-0.511030956400182,-0.0314671504526835
-0.539496603104544,-0.0105590127772997
-0.324529706797296,-0.0848528137423857
-0.551808594760079,-0.0755329893664812
-0.444893736121949,-0.131291713365522
-0.414847869716616,-0.158597962349915
-0.426383434941702,-0.148202411732749
-0.462921364725073,-0.216323871482046
-0.21114370135111,-0.12402024924726
-0.411331835107265,-0.23328671716009
-0.43607043793773,-0.331128595187984
-0.180657595007988,-0.149428880369672
-0.432684678157263,-0.26682174279412
-0.269897121636002,-0.342952139057205
-0.341641537744501,-0.287325468757444
-0.319322374519661,-0.34593185638205
-0.288526834258855,-0.372772670324675
-0.287344074475339,-0.344969304065597
-0.213050549994081,-0.402256291339522
-0.196499306969948,-0.432815390956277
-0.26620220808562,-0.214165527111472
-0.301187435281882,-0.410268831012994
-0.190027473096871,-0.354123188312583
-0.210798884461962,-0.378939303401447
-0.151668142567775,-0.332274544010771
-0.0596683283708215,-0.325071572649005
-0.077757893521827,-0.371744450820441
-0.183255269657268,-0.294800551425097
-0.16757575903921,-0.270036139065193
-0.166073958438094,-0.345885719784966
-0.0272748267061871,-0.290699652899711
-0.0047594948907122,-0.351985230530362
-0.0440736960841971,-0.42315532806164
-0.0452690728014353,-0.194090500189762
0.132146542579136,-0.281661258566668
0.094219197972617,-0.232201594711053
0.145343877439059,-0.197778917052192
0.160445841935856,-0.153022803006271
0.165396802465745,-0.205245527076106
0.101360240164741,-0.357822908858613
0.278181861592167,-0.217160204201653
0.246192305633996,-0.305536027264605
0.126362919222135,-0.188617710292842
0.24196392981396,-0.213069764819332
0.397196219429586,-0.266452899792176
0.418840794142857,-0.323039672903252
0.341794497682205,-0.146657765473882
0.436929922550921,-0.217627625713947
0.363520449254704,-0.150647496485094
0.403084286706546,-0.284439687020433
0.542178502770336,-0.0561877047550115
0.41485634747221,-0.0686647275868588
0.415930295818753,-0.149754431406449
0.450672614482977,-0.168651175107464
0.470444603509163,-0.0924865828475559
0.3763903623335,-0.206726164780835
0.278577233304403,0.0900922469217105
0.392184076662376,-0.0253813602125331
0.427838446527455,-0.0442842712474619
0.315598122211705,-0.055891071017211
0.33643280472854,0.111619971758719
0.300534640366928,-0.00888704807284359
0.530387010490723,0.121405913984097
0.254793946786334,0.215488289016807
0.510234173954919,0.0923456301349204
0.368268232319846,0.0424342895449103
0.286602001314612,0.0402007151352305
0.172814251624939,0.203754290869985
0.448920342710977,0.206196184403358
0.219673497606995,0.156026260057662
0.446089676136274,0.193420939056264
0.538032860846147,0.168802091615378
0.464583787175009,0.102225713558335
0.433777837807592,0.197780754184484
0.429833684707154,0.0177010010982443
0.57466388334466,0.0976598875201689
0.397463606686771,0.215457855500943
0.452170297995465,0.207279576503039
0.601408675854191,0.142318978325473
0.514058541022715,0.133489352878108
0.62018477883669,0.0866242874569508
0.592677684420775,0.180827828563859
0.446276775407198,0.0768403030588311
0.670005732280108,0.0668615210607774
0.589858518302072,0.0664788189939433
0.701359681371696,0.129118739407733
0.415487013659939,0.0955107078889452
0.434565083595792,0.190241898286418
0.252436934775115,0.061601925925337
0.600311275511846,0.105254041270798
0.57939936109752,0.121194825554973
0.384296512530302,0.0911766636408435
0.34890910548122,0.10385400841897
0.58797759005491,0.0758827728927598
0.327799657744017,0.207749856900627
0.441612586607519,0.0659587417277834
0.423592525749732,0.278731568074731
0.564253405884366,0.109110890032227
0.134641575747832,0.259393425547804
0.171046676749998,0.280074068722713
0.163457758474391,0.277786101866313
0.273769047280588,0.427615201126742
0.173612177398097,0.350421079408924
0.245321886588513,0.213763181903747
0.220537217450561,0.398445638482013
0.0467749095280806,0.278638709544003
0.108397248841103,0.344162216070275
0.344763280624985,0.366478347337404
0.226446402345648,0.452038634111193
0.264311564004772,0.413606560980338
0.268708978924739,0.286079635811336
0.186806646312612,0.320300379054231
0.0885192865346599,0.385761798316496
0.477693021802755,0.33172494938913
0.335446404482708,0.463979896252027
0.191011115421763,0.441574715330434
0.358754602330149,0.259369521641244
0.261607505222803,0.339340176240817
0.356029530453033,0.461020629260249
0.283754602330149,0.234369521641244
0.208925080533597,0.466033670056406
0.345923224713552,0.329842203088015
0.333421591899329,0.512939772712425
0.330634865937365,0.394041788263457
0.0448013434288608,0.333635482046794
0.224271788441703,0.424073509512838
0.376778972049168,0.377900694445378
0.287652959406792,0.422354738125445
0.286070049696938,0.424994740775594
0.337316020081351,0.43827375279865
0.258415679831858,0.339451827090516
0.331335091249345,0.478056555228817
0.232582213138297,0.190001239439005
0.329573238842217,0.341801545321388
0.341429795862793,0.401152349882025
0.277154128825925,0.360815904971009
0.327066274045736,0.40077392842976
0.26110978392307,0.413686705725883
0.358743372808988,0.302695320798931
0.222805464242947,0.286670622752349
0.307634424461241,0.302362582995117
0.408430588402739,0.291621664155202
0.224775948434836,0.202303584064869
0.289304022190657,0.245357682212348
0.242640028975885,0.267961537187428
0.248649035453258,0.0508565416287947
0.082858476026404,0.169171770300521
0.291025628809846,0.197359997349851
0.100791454854927,0.114457086314922
0.158293379237986,0.104794025640363
0.200629901382382,0.226964269922387
0.167888137298828,0.143853945798827
0.0794968315107039,0.1049658070597
0.111675388654765,0.306467285551584
0.114827264536374,0.0619494307602632
0.107022247460817,0.168697815320268
0.0789344662916632,0.202559464911377
0.0250639155077693,0.353998381799432
0.0422533832132099,0.263328692134554
0.167638939466808,0.277324586634878
0.0358927982447105,0.337732200375003
0.0186338998124982,0.432550563718593
0.0987007598863101,0.325653760066041
0.335776274597657,0.223416210527259
0.11620226591666,0.117851130197758
0.0724908348106322,0.102032718235998
0.157868932583326,0.235428397494704
0.283963680596014,0.114934311797335
0.258374561295553,0.249158670680483
0.176032502942888,0.272169268942895
0.277468996880668,0.158568856586346
0.267318195546453,0.161231164478522
0.301093242084244,0.264400192898002
0.354423967061889,0.181637170603908
0.418142674206349,0.211366398168394
0.274345061400798,0.231639963088314
0.386377982749295,0.170326235393724
0.348876258010052,0.0998442636744296
0.256402709756193,0.236912101648628
0.443713901113205,0.20391943185425
0.488431818948446,0.116965460450936
0.551019480519864,0.166249019084899
0.480333388473191,0.235625923155265
0.31954941855918,0.12804609254169
0.292892392586117,0.104896791010886
0.413975961020335,0.0253816965472728
0.357678394734132,0.257086162968586
0.183587129491428,0.210284256073639
0.324162713799694,0.0523456301349204
0.378603173425737,0.153843538041237
0.296349790212527,0.268403389726682
0.341661909187302,0.145940519512491
0.426892435975876,0.347105763113516
0.282787899352266,0.220991816133418
0.482162758311937,0.274620326013961
0.356138233226672,0.236271333350862
0.410916694464373,0.376845966607399
0.477409285897225,0.341371324894418
0.359290273617971,0.314949785053923
0.353008785890838,0.281142497062628
0.387870432101214,0.306085016808657
0.393920089710245,0.23376698637223
0.369717284284082,0.28814400269285
0.466075643575234,0.280775077096069
0.414527068843199,0.21638089087894
0.373696136078172,0.29132973646948
0.473414185160489,0.206686441850583
0.40847223268362,0.307640430430169
0.479153216905437,0.179337138424217
0.477211764267655,0.274539528097389
0.561713013368163,0.171860219554689
0.507552051374569,0.319596588062785
0.480662536251181,0.260801291574503
0.524292401902914,0.221229713156815
0.452480669839684,0.118549181199069
0.453221607510581,0.128572564489445
0.461327712529094,0.137924453349045
0.422594386387912,0.0629416576846285
0.488294251066185,0.140059640698274
0.485979371114267,0.15794518080606
0.53519477008777,0.148467642805517
0.573678077195109,0.082031402529876
0.598801152064426,0.10608533303535
0.508345762491755,0.0185667575956492
0.507260645635192,-0.0145631771340766
0.546351453311456,0.00961801121474659
0.38400375156949,-0.0719444272200792
0.486751155330806,-0.0576411292088408
0.655647319971622,-0.0174695306818681
0.652261070964604,-0.128625041124245
0.56677418190082,-0.109425919712245
0.602628326702365,-0.0577093378739383
0.488582384817504,-0.085981640482113
0.600710908353938,-0.106223729277028
0.646249739945111,-0.0896798371171448
0.540713711507135,-0.11211980173831
0.655803476343434,-0.152059123684532
0.606385902562791,-0.285421147365958
0.505759397493421,-0.254521544531375
0.576740157286931,-0.227466604490735
0.622603263980106,-0.219236939687089
0.642696995761703,-0.206146442344734
0.650569852480877,-0.233901119361162
0.572181186683936,-0.175798743983323
0.624908847591453,-0.232771719676392
0.608542266021378,-0.340493260817846
0.549252868307702,-0.211873829093565
0.615843298552302,-0.247783103943845
0.534035728510215,-0.23926781481328
0.620351043794093,-0.277198943502769
0.584161724644117,-0.269168102901637
0.573558053673447,-0.27696810945012
0.570969727165341,-0.276253871054031
0.514145076551731,-0.313480286402534
0.530124562802848,-0.309666904928913
0.662428419264868,-0.27724619678674
0.587883263540593,-0.369463742509755
0.407104479196619,-0.376037086065624
0.516602055024978,-0.322002582888299
0.555767930549753,-0.417367297136397
0.619170928954175,-0.245312868753927
0.52304534208139,-0.378676760292358
0.52122722624576,-0.382171953380271
0.527710662229896,-0.282881909085376
0.482150021546894,-0.328487540457575
0.553455916532825,-0.287220993194399
0.533068684196143,-0.21018324599616
0.55028053785138,-0.224353790494782
0.484073285699925,-0.13577061887285
0.479707956694687,-0.318941566798112
0.459848874338262,-0.113695506124108
0.370904260898964,-0.0935774431312952
0.353420939056264,-0.087956439912545
0.382340307446669,-0.0157826419814037
0.446722190709804,-0.113339337989743
0.391115216024777,-0.27679252111075
0.273688914127483,-0.130350695634169
0.309854141780158,-0.276712058820302
0.311947089395678,-0.114499064985261
0.370205266109621,-0.0153086753485219
0.369659196673253,-0.0785154291665841
0.169019827531586,-0.0559609933435441
0.348645482548038,-0.119223227027637
0.293088696115545,-0.000138943869718536
0.249390800499555,0.0619418872336266
0.167006533036595,-0.0725097030119473
0.236394838396999,0.0527651019630587
0.11526556802681,-0.0012349175875738
0.14615658936514,-0.084814449415491
0.140045133185138,0.0126968732114466
0.0584513102495184,0.0688204019134301
0.137320001325075,-0.000445824720006733
-0.0893595801688056,0.0174039746183513
0.0697323481155005,0.011894620321837
0.0948895874213589,0.0934348447191902
0.226379143144296,0.0763840530620138
0.0262817920446854,-0.00396618818988459
0.168358757425368,0.215977805044416
0.149071198499986,0.00809847196409826
0.173950418276429,0.131123028931168
0.110592367079377,0.112302328296989
0.171159992490748,0.151642374869804
0.0484987901426988,0.198010455533266
0.140742460424194,0.0769979542136587
0.0749183212087834,0.24201764945148
0.205779608368343,0.13922976087658
0.102692207900504,0.157646464607415
0.0479807745472216,0.20038638826247
0.125986181547929,0.292972365644078
0.12725541359127,0.238579536322036
0.0890560996630525,0.292242864764398
0.0751839699515651,0.185600400981826
0.144290047085813,0.200191746523308
0.0875246430863903,0.297032858297927
0.165716952052808,0.137604183230756
0.0322343311796026,0.375126354408073
0.224629102341829,0.268789779682353
0.0378369924791164,0.06368423381681
0.0393590210462841,0.335340413091911
0.0582427058515717,0.428313395606555
0.177501924383059,0.201217235954552
0.135248541169849,0.228914172629844
0.0987387867769477,0.365786195630521
-0.213468088970201,0.209140446006301
0.125576405951432,0.326991576204058
0.0420434768205712,0.317766989277087
-0.00734858936602407,0.24701525761016
-0.00734858936602406,0.161447064485062
0.146771196087562,0.161968646613157
0.0286444748660221,0.0878895058720712
0.0124631252687262,0.0879793964278859
0.00563794248132766,0.200997076620883
0.173321474949224,0.0941043037958851
-0.109060283849177,0.0615904140649229
0.0833333333333333,0.0833333333333333
0.0490757261023891,0.115147186257614
0.0284656467043619,0.194435395280997
0.142915045705527,0.0322127853100114
-0.112796115882773,0.313980579413864
0.156351165602118,-0.023870123860324
-0.0393006394053324,0.158703198205756
0.148284271247462,0.26115844785253
-0.0517157287525381,0.148284271247462
-0.144061358887459,0.226964269922387
0.052910019905159,0.18170673932856
0.0747563622949904,0.201541213571393
0.0881882007235943,0.251366688689721
0.115777087639997,0.198679998674926
0.0221114561800017,0.237359997349851
0.245039955234987,0.079928340142547
0.0244077682344544,0.0416666666666667
0.144061358887459,0.28617281506746
-0.0325071836074653,0.186964269922387
0.0881882007235943,0.196973859367679
0.0294627825494395,0.210364481986934
0.172373450668177,0.242982069084099
0.00132000132507452,0.390497082339699
0.08,0.169705627484771
-0.0662316031694825,0.274070466877983
0.0927322495718595,0.204120146989481
-0.111187182282391,0.239309900057308
0.0280877811691535,0.333989480606648
-0.0417464079885495,0.418129926612949
0.0216752303238889,0.306047047033172
0.0179777525391833,0.417322813939982
0.211959925698289,0.208825554266627
0.129331782621224,0.386615968896598
0.101967233145832,0.287267799624997
0.160892798244711,0.3807111615883
0.102741357562384,0.184061358887459
0.26517027657692,0.340824121456656
0.122838509991301,0.415374242500737
0.123532812417311,0.537198443877306
0.112442782563837,0.552572686378043
0.0790897915511634,0.344785801254234
0.088469453144601,0.236055785902298
-0.051831994831524,0.525373044295304
0.201015480445243,0.639140452984003
0.0807308665618349,0.744256518559621
0.180904386240051,0.64872446064947
0.313771174158819,0.722267097313908
0.247088094703899,0.633022529960371
0.249553096322302,0.49450909802731
0.332434332429308,0.608272543371782
0.251220460848467,0.628796537959457
0.276380796550287,0.683675792383717
0.244231109945352,0.696636335119712
0.187949280725819,0.728909077550768
0.209212147983768,0.586495122313653
0.227805533860565,0.63565175045612
0.275086972597066,0.591578377320372
0.181194100454723,0.689318693792292
0.398324722411686,0.685356008914896
0.343878019327488,0.665539924864439
0.31670264880747,0.591961715063075
0.437907878376629,0.701162638882372
0.458075939244145,0.501353699055602
0.517905610126967,0.659000885606171
0.440924140032542,0.615695669248988
0.624262499644688,0.56168287487578
0.469005440185241,0.601590578473701
0.44678503671507,0.557173393030521
0.57808004828208,0.563995115712947
0.538965558805499,0.550353951424953
0.539679284243723,0.523029927765168
0.580637160026923,0.547026545185246
0.534543093922741,0.499183827395881
0.539477375427825,0.501913910154747
0.605936412901034,0.501041283220992
0.56798273098087,0.36975193051624
0.490918484925599,0.360904741010415
0.448143388895395,0.456025145168642
0.558732040003351,0.446413429454582
0.384890399927378,0.363555776995638
0.690382298135889,0.308792598127518
0.539951021569715,0.43648037050208
0.502572418696593,0.418497157083155
0.579735299533772,0.352449938455582
0.52334263282301,0.3405677840194
0.563183225265802,0.333741499575853
0.719703291404381,0.281110738047262
0.695840877776282,0.308970929972686
0.545595839124092,0.268055719653494
0.646847426605093,0.210610546589929
0.661264143210738,0.207394257010698
0.737014132653532,0.260485451271037
0.530899769100914,0.147512730734561
0.563578283351483,0.194779127723451
0.635026383739925,0.104137910556466
0.698890963944573,0.0891467530120413
0.605785583225174,0.0433368443500275
0.654636312138465,0.0226370028996911
0.537587377163843,0.0338616495911096
0.526323809120185,-0.0538506177583663
0.650072620482374,-0.12617281506746
0.54785839893185,-0.0494623455393282
0.642131858659542,0.0915253107833335
0.559126611258199,-0.13918061533251
0.508354117087911,-0.139911624251785
0.338296631872496,-0.17488159390377
0.476463248061885,-0.174104820931407
0.45234563013492,-0.182111456180002
0.228914172629844,-0.158679998674925
0.270864075337301,-0.299838446527455
0.408122717774917,-0.206802716449843
0.201387229903838,-0.181648242913312
0.385711613421226,-0.178830634249859
0.349257818404913,-0.169204960705911
0.238679998674926,-0.468914172629844
0.411655530192228,-0.240629901382382
0.256568542494924,-0.328122717774917
0.223257318380352,-0.327204736703396
0.345385562695851,-0.147089971253275
0.120278145700068,-0.264552813810332
0.147247197105623,-0.307381627937414
0.306496683023013,-0.278702456027344
0.200629901382382,-0.294295532842377
0.124852813742386,-0.348284271247462
0.228914172629844,-0.464691260269841
0.0988219257081337,-0.278577233304403
0.356406989022379,-0.408752619157299
0.262638592191861,-0.255228914730513
0.0461728150674602,-0.352184076662376
0.122823171478825,-0.377917615018582
0.218840549331509,-0.367356978480473
0.28170724184356,-0.507146747915601
0.310778562954059,-0.395822625184835
0.176318518216121,-0.368626210523814
0.415814408699188,-0.471476470064571
0.247306196035871,-0.366751304074336
0.233330164420657,-0.359840482274074
0.40519575960683,-0.443618470752979
0.295763626254586,-0.335494396759466
0.376628420073456,-0.426013500762361
0.124424215635107,-0.516174217920951
0.216548916055587,-0.226861504551865
0.406416097012903,-0.427491405934247
0.313748113581094,-0.376070704231957
0.311742083097655,-0.199316585809529
0.253388541902729,-0.480268627540146
0.371257280231645,-0.240483411809689
0.228713037319193,-0.259432609057203
0.345407492632882,-0.240956988214963
0.337099357156952,-0.222644768807662
0.396101948415964,-0.206475708001758
0.319613412232687,-0.188048539914509
0.295912619959336,-0.106066017177982
0.554102468067838,-0.4392444400977
0.483325986770793,-0.318932219749158
0.476169003396231,-0.321338221651175
0.41017394413774,-0.308206710991908
0.403507940565119,-0.176235213292391
0.382971832715408,-0.290545083979551
0.427815126942454,-0.393571192978842
0.420239632340405,-0.291920085359837
0.331003777202217,-0.313489951852572
0.459961753406789,-0.231915200199856
0.606396470573567,-0.288468765090883
0.292486740280003,-0.282370520807424
0.316707424600832,-0.196162382885407
0.644839147098167,-0.335617900680104
0.473525293718957,-0.211952423435803
0.460773417707761,-0.245172647356836
0.514563245960891,-0.157224217286514
0.638542405624643,-0.257018009604296
0.590337957504942,-0.174673495864841
0.659455090030769,-0.272970060020512
0.575191746523308,-0.227623380419147
0.574192767471855,-0.277340370910514
0.63311087141461,-0.218427870247709
0.557036890404761,-0.26759417130477
0.462638592191861,-0.0796965194942469
0.506861504551865,-0.181807975674249
0.721468601835417,-0.0613594423326247
0.5543543209444,0.011412248246785
0.386714225695649,-0.080931615559698
0.664465763918449,0.0362089237715367
0.570792879481638,-0.0322127853100114
0.505858640055099,0.0320044470814053
0.672921583199476,-0.0297348787477028
0.510954444045624,0.208844657574333
0.590569968722937,0.146955388927014
0.600629901382382,0.102741357562384
0.611552764821706,0.219451827090516
0.438577233304403,0.209056099663052
0.495994678157434,0.300097055510759
0.698248856435703,0.255790902910183
0.499556181753209,0.328462177828704
0.562929725394824,0.29531302866803
0.559837036069168,0.365096095687829
0.477341960202685,0.39672682263683
0.577879042450224,0.498944576158561
0.588564442491697,0.407620009163539
0.559289330342564,0.52035614447544
0.558948370185125,0.551225872574344
0.613148723826951,0.416028846717812
0.443541817836041,0.629280936078542
0.524406370249006,0.569430190185976
0.521950418713275,0.548764350427814
0.416107714714134,0.607779249672198
0.476744576068504,0.52084315185652
0.503666257984913,0.709608516995723
0.524348440339915,0.722493340015174
0.567598378257245,0.499792736427717
0.357495492505721,0.728359150661977
0.527972885788841,0.723227729867195
0.411354976417686,0.611530043168678
0.305314905703,0.750553246658156
0.405950742075554,0.764162357916666
0.346802600105895,0.691430786402881
0.294254658370881,0.705010691951766
0.216266068152292,0.859155891796498
0.193948414124014,0.76762817353641
0.202159156613239,0.834529587595899
0.199814347879539,0.836926489577533
0.0584616799225046,0.830693393661156
0.0973168889255489,0.869509895791231
0.295112446922472,0.701400029818819
0.197594324325971,0.809572656404177
0.111770214919231,0.869487153164438
0.158472814308064,0.810214146423145
0.0631752074384449,0.854498549878915
0.0973086545221192,0.87055622059597
-0.03352462009174,0.876502733219291
0.0835115509731747,0.868547204947751
0.0212752968705586,0.739672437206692
-0.0517917770379429,0.791242267778773
0.0578327855394467,0.732546862016138
-0.0443163575201006,0.707546022563002
-0.122891491836339,0.696168427132996
-0.0766212516325042,0.738931168818423
-0.115852320665708,0.711147540539396
-0.243818189852597,0.790361803417914
-0.171581898807793,0.69043875709441
-0.248037055858485,0.70896103974778
-0.26958030625757,0.587534818900232
-0.300372380898324,0.737977721116865
-0.298861438394201,0.68908621491598
-0.345338341085719,0.62418614328219
-0.386548257480442,0.588199970482741
-0.366580460266319,0.70267510220192
-0.329133457617074,0.638690644995954
-0.362474936598695,0.72226726813724
-0.40013362618554,0.585202181452269
-0.403444848485111,0.579238801470192
-0.652190769733386,0.552141397512497
-0.367036139249986,0.508247243916821
-0.579265940187863,0.5184155427064
-0.568269139746345,0.492381764446902
-0.508809860427662,0.502514862763126
-0.530684088106109,0.535171498561927
-0.578278788289807,0.410478036900455
-0.647671310013159,0.473008478652598
-0.607835289791071,0.468797938113147
-0.494899720374473,0.490053730336938
-0.603689392985737,0.4688722356132
-0.587891103019642,0.262440610003802
-0.549990611258737,0.568736217815679
-0.587425758435029,0.277271160668032
-0.559292068116182,0.484400434391971
-0.643233161697684,0.343983465995339
-0.611777420266035,0.442150747697209
-0.604196641167684,0.312661762682734
-0.64265007183116,0.398668424450263
-0.566956505110214,0.415376016742816
-0.516167855538577,0.319221589695845
-0.503889470356426,0.454740941583328
-0.649216449800442,0.51010389224216
-0.479239416038332,0.463217915749561
-0.429313124908727,0.476104993248825
-0.466328482018218,0.417788905606311
-0.550809653414317,0.58416040343568
-0.458415572532464,0.62048092465045
-0.452818567087386,0.524752821559134
-0.468452934969667,0.59344598544718
-0.383221314742416,0.580269701166832
-0.514873550788738,0.60950906420861
-0.303536599366576,0.680386687599308
-0.461463757473311,0.674316809871902
-0.474288084238755,0.651939107267063
-0.432976566949057,0.587650607411279
-0.391276671050664,0.675320033747361
-0.475625772652804,0.708592203788376
-0.375811519203371,0.654626955967821
-0.351135356662423,0.596001486772134
-0.427218993810085,0.633448847612695
-0.482466351209573,0.567365502021757
-0.534956158858617,0.592240031029224
-0.469241697398849,0.482940345450232
-0.484968989339054,0.44030296761322
-0.529856821732547,0.47468306325802
-0.478517920556517,0.414060768996238
-0.475921679640762,0.442050475344262
-0.594937629310694,0.427116930028938
-0.64335312430425,0.514098529083734
-0.63192481756398,0.385533843510977
-0.515183914780636,0.448467874714308
-0.595638399899586,0.462683244954486
-0.546610703479576,0.435478932184347
-0.626380845036985,0.436611175325383
-0.600990441574977,0.376315298095078
-0.574435307201775,0.498506688785589
-0.636449941502931,0.412100618687728
-0.639769522232145,0.493770162587445
-0.633190871259225,0.472966225043481
-0.643186950529026,0.427361166019602
-0.658253337708771,0.468956592604054
-0.618458193712903,0.496916885322364
-0.573123599363301,0.474758248204487
-0.707520254097993,0.506368108248232
-0.628716736246278,0.479847310478212
-0.680393413873508,0.470650430451666
-0.648687682251329,0.474128348934043
-0.71395111536671,0.464629740389003
-0.690883041378699,0.574461268660238
-0.703392847631897,0.50846367240336
-0.676969568583113,0.473434728223321
-0.685116824829832,0.46227523525543
-0.621597118706063,0.518891830998698
-0.620522532220812,0.538871430121173
-0.588077750668295,0.510706292253109
-0.661549022932025,0.565615148806512
-0.652886020063287,0.438729792428344
-0.632083125011507,0.436926521954912
-0.564095419781712,0.572262381436485
-0.688029921592587,0.501407327719482
-0.535669346575463,0.543511295977944
-0.63698782099978,0.466851088791457
-0.597612087219766,0.563159323590502
-0.709298992401742,0.453308332432617
-0.572808186492608,0.535620128189494
-0.586088845484417,0.555692151032993
-0.730440240319425,0.477053289299116
-0.558372657077271,0.540484113257272
-0.723816361513683,0.458281299186024
-0.583333408583559,0.522628363228275
-0.628275738240999,0.542865667804207
-0.563617928764132,0.490256298770008
-0.538164943354491,0.599449732277962
-0.603431762346456,0.550972934233595
-0.646333600363089,0.528823988954442
-0.5324994687695,0.561883550615232
-0.649365617147315,0.565021960077259
-0.644828939499481,0.479316393000027
-0.5650308314327,0.629950185013065
-0.680793285372339,0.438636405657892
-0.571073923801111,0.501465421909693
-0.579221204871251,0.588787848781261
-0.68138593654889,0.447353721879
-0.541949943004913,0.710432590467475
-0.666446376705203,0.470984306764799
-0.538999816769722,0.535658618249502
-0.596105364490563,0.523721204607692
-0.658103040751366,0.462220209007653
-0.608758930346829,0.562565834217201
-0.497418904849357,0.583450546173288
-0.601912520289729,0.494480876854834
-0.503495898383872,0.625128367130812
-0.509052457729019,0.499463386102277
-0.519785797834313,0.565180183668068
-0.493655558156222,0.507833948896263
-0.451730892591648,0.558798981490561
-0.448874089774813,0.566224155693214
-0.499243311394679,0.614780288311514
-0.354934607630692,0.587999401177023
-0.499487591349716,0.582576007403409
-0.475660723123555,0.625218148493313
-0.42853326276423,0.477735741895682
-0.473290430618775,0.486348117891555
-0.469643441774159,0.500403654426636
-0.387552869946393,0.481243823535225
-0.545336061058184,0.480748988372114
-0.418955247070007,0.483453126316806
-0.415751863685413,0.476743016949286
-0.396790599949563,0.623856609510375
-0.442256561797551,0.476920950509882
-0.367703297374284,0.517300982684642
-0.37537773140013,0.449466710594895
-0.351075991969417,0.511338311811376
-0.390866562888791,0.474772332413999
-0.207499135295475,0.598706673932739
-0.229899795157276,0.572439466431134
-0.283790452782213,0.484405590348068
-0.229385921276698,0.552237251822792
-0.224746702103266,0.445790635211523
-0.222822193857398,0.549782926225365
-0.081516729761043,0.545443338413437
-0.0373853017405346,0.510483881730757
-0.0320019343976094,0.521982495465293
0.0804907069244478,0.51790832623489
0.00538970124886612,0.544904892266756
-0.00587975390223845,0.384095115202991
0.0450814600989635,0.512279940052273
-0.000521692276806011,0.538326896182243
0.104650580994762,0.5579152344658
0.0686820051146781,0.640593025362006
0.171264708271971,0.400770413546792
0.230234484713808,0.34717637646651
0.259941060651442,0.413307461700433
0.203311955359747,0.572525830379381
0.346814978064969,0.435844032447574
0.313030171076635,0.330284716151325
0.337629965686802,0.456885750506532
0.193921843976386,0.511152047987229
0.39835873422909,0.533366869004605
0.362630945797687,0.39910430269338
0.479757932270316,0.383130022970467
0.343127991487425,0.406866096175028
0.384541901343855,0.519948743329598
0.465333154128497,0.301284966086593
0.197301143164705,0.354307153514328
0.391204860016668,0.324741903259694
0.518313058859847,0.348262677550866
0.449046644444521,0.233706524166131
0.561347001686428,0.239176808367131
0.620214310842702,0.248592717394886
0.586064047136467,0.262243350865996
0.686489188674619,0.187325250112312
0.797151771923056,0.0666923381708794
0.776407247980845,0.120237765234401
0.671806623825988,0.0235894586994149
0.808019988328174,-0.0368986254509708
0.717655091189991,0.103774939109413
0.834137956012636,-0.0624737714431714
0.819827239076595,-0.0669095172378176
0.639239657171117,-0.146317506965313
0.70893066806117,-0.0776766195338462
0.771596369459416,-0.153282795759668
0.740809845133123,-0.334143837676788
0.787950160661065,-0.323988236869917
0.768428451155246,-0.319365318765146
0.788080411561716,-0.366859335414071
0.5839487799898,-0.390044173410715
0.736028439413895,-0.401686456009402
0.768951295167128,-0.438508406083677
0.672384488820457,-0.448052814731709
0.703078565161408,-0.492509174041683
0.719987371795429,-0.435307377123412
0.493526898920187,-0.476274718461671
0.671795858623411,-0.468871072512504
0.665115455850201,-0.536156220970008
0.655496810660329,-0.540668044783882
0.616885306921557,-0.451320026196001
0.721719590816319,-0.580835468517498
0.555913093195231,-0.625831457992444
0.661392491202504,-0.593876862862466
0.48835428157,-0.646240834845941
0.575804733370668,-0.633380552888785
0.523520563923557,-0.603718003595333
0.447797965164088,-0.696737008033658
0.55720200821514,-0.610261019479658
0.414577506851846,-0.678267702878248
0.440155086802428,-0.68117901562038
0.339868673246396,-0.651885220136453
0.292017198547449,-0.682016611312781
0.297888801503115,-0.698700489521624
0.22390747629102,-0.711803904434823
0.209210653067023,-0.764648656045814
0.180443335544891,-0.682061378673686
0.119908824123448,-0.744884596846751
0.184838508134597,-0.698039944250523
0.0927247489252451,-0.754348042209202
0.164648369144436,-0.679594353906162
0.05341090251551,-0.74553531962953
0.144433949803144,-0.760059466905836
0.10574034300377,-0.760233437578713
-0.0310592217097159,-0.764580342852872
-0.00862160322889895,-0.789306470303359
-0.0241684228960151,-0.753114011795543
0.135502758430623,-0.72661812595081
-0.181858369646015,-0.841071062239079
-0.0242668707990779,-0.769472889951599
-0.0289604108491937,-0.80140626898711
-0.188444439966392,-0.737929513927287
-0.253350712267054,-0.821458450469147
-0.153605054558679,-0.808242154908516
-0.204070272754947,-0.765373921848283
-0.246236423503074,-0.832431532853182
-0.245195637683439,-0.728936213999146
-0.238085219933484,-0.821390558415873
-0.25271704411827,-0.790086531331549
-0.343037295497231,-0.824351080954815
-0.311367275574013,-0.733580232870533
-0.281969017928487,-0.836804793446675
-0.347561142916602,-0.891392295830376
-0.320346517267621,-0.755443530581783
-0.397323953835161,-0.757077041415478
-0.429729039214114,-0.678238629935197
-0.390387217082147,-0.778617518271545
-0.415342670791487,-0.70692948765806
-0.345470427658136,-0.674835859323695
-0.477119092177796,-0.643124147739101
-0.451770269456664,-0.711940826829211
-0.514780165311438,-0.624278901839672
-0.575055924936123,-0.619372650151224
-0.558182407679947,-0.658084874202207
-0.497941236738103,-0.618221542920004
-0.562463512299067,-0.594621938807151
-0.597070045890789,-0.632917345735664
-0.655169608981472,-0.644596625004191
-0.606564888899747,-0.614748871779439
-0.605721347781886,-0.60042083997229
-0.659513345279167,-0.58665806913477
-0.639081562647945,-0.584978524895484
-0.575389726478062,-0.529098818711675
-0.715548412719274,-0.555316448723879
-0.641466501219794,-0.5565136986418
-0.665040442597438,-0.452321356863078
-0.722162649980079,-0.465509622308665
-0.666227958844919,-0.433877927102292
-0.651958978278285,-0.491638820367255
-0.758083409869909,-0.378221106490825
-0.802209466994965,-0.421277260800817
-0.777114566221932,-0.37206660811616
-0.826500561873588,-0.387936995069273
-0.835506538322316,-0.304094907608539
-0.807557358814212,-0.387522815293148
-0.76721476369894,-0.33227603254374
-0.761952557697188,-0.18967823385808
-0.790249813169397,-0.357769935487616
-0.799170527562033,-0.237105949336691
-0.746656082000827,-0.390726589381928
-0.751646958697168,-0.367775609499826
-0.721641898347177,-0.435889618281358
-0.689115618198331,-0.36047612033127
-0.804375779526747,-0.307056967591413
-0.703108759885972,-0.381580456854411
-0.715481740600514,-0.374247331062069
-0.719317717139359,-0.321785336321359
-0.615995368101232,-0.405333156506218
-0.710004531449494,-0.30166372695908
-0.666254555351819,-0.422119894721515
-0.674912360999113,-0.103644367077129
-0.636573077275164,-0.374163189426033
-0.615029251469955,-0.480488938817785
-0.597918097140573,-0.244812936261276
-0.608348541325406,-0.225835107374691
-0.564882044977988,-0.298915963922515
-0.630671198747785,-0.202287675217574
-0.50191700632602,-0.22961386379481
-0.471041368294798,-0.186082311828233
-0.428918846509375,-0.151246868516135
-0.479582189310436,-0.160283615462446
-0.475200282832709,-0.0261691649926481
-0.64578954705704,-0.159896871148988
-0.518789713616618,-0.0814647435227175
-0.449350863232065,-0.0530385038054495
-0.398264831246805,-0.123388434371878
-0.38044769743532,-0.105843081412018
-0.416753415622511,-0.0314513813532313
-0.278720915137262,-0.054802635361148
-0.31092244004083,-0.0768646281729006
-0.428158569916574,-0.030928476380929
-0.247928345525973,0.0663543906767995
-0.244843475764752,-0.0669167596393321
-0.405434366617529,-0.127448710173076
-0.231270321213577,0.0206738786508827
-0.465644268597313,-0.142858933766428
-0.198679998674926,0.00422291236000337
-0.290291665286381,-0.104991098807216
-0.176120548023322,-0.0138527483983254
-0.337416074848177,-0.0811951374187714
-0.215331680101035,-0.0228589337664285
-0.280629901382382,-0.0461728150674602
-0.228525963900735,-0.108104954207932
-0.0793821652488813,-0.0328051285362522
-0.120149595300873,-0.138892286850382
-0.134106527940186,-0.0368132475432658
-0.023525856967858,-0.10871071059739
-0.0439994275048965,0.0201860904628624
-0.202800145664406,0.0975019243830592
-0.0453466796013658,-0.0568944164452781
-0.00462398666047926,0.0350999723813842
-0.240625769849805,0.155647452921586
-0.16004504449365,-0.030640653206345
-0.0050773239131795,0.0755369691591199
-0.000732666752904931,0.0631279769993231
-0.152365054904191,0.184811252982416
-0.106405496395459,0.0811126626479984
-0.107610643915278,0.161915286106564
0.00593539910332712,0.134312829989846
-0.157609414143409,0.0693204185061199
0.0046653201485068,0.333285599285234
0.0115084263551291,0.223487245856641
0.026783363590687,0.124341625442154
0.0589006895817308,0.234780889589893
0.0112178645102479,0.158589749502331
0.143473271876467,0.172389516167385
-0.0744399972017094,0.159134127795854
0.0701578707202019,0.061228933802583
0.0919295925333091,0.0573445732782145
0.0381320956800874,0.0340093481180265
0.133061766334767,-0.0301489060419402
0.152025983194437,0.0447092756268454
-0.0159312908605036,0.160697907110512
0.0571526266139468,-0.0944524914902584
0.107248123988804,-0.161949902707457
0.063777504821042,-0.119046991672528
-0.000439022926700053,-0.279348670253811
-0.0162990468479655,-0.265789195380979
0.0437711909206069,-0.320819021673491
-0.11667858923603,-0.316378032851075
0.0531235972787012,-0.241118000408717
0,-0.484053396114418
0.00383097833435139,-0.339843090350487
0.0577015291182452,-0.399273415034415
0.0362955268248554,-0.407761885322365
-0.0456407054078723,-0.426582573717707
-0.0528908032939465,-0.342817909231391
0.0524100311785484,-0.481073894052545
-0.137198443877306,-0.452975531517303
-0.145262319885954,-0.536441898257065
0.00444325393457043,-0.552164450223039
-0.0245054950723326,-0.46921050756669
-0.179682041043651,-0.547588508463191
-0.0753785351061518,-0.492918944556112
-0.127384752876296,-0.510341347602821
-0.200696316145655,-0.573984745030901
-0.271509528712997,-0.350848390462032
-0.26011945658403,-0.474483223072199
-0.194914213437081,-0.546595920868352
-0.211748711167454,-0.415688571734434
-0.148163677007686,-0.525795829611154
-0.126772944551916,-0.529628927354874
-0.189247337075151,-0.538812914288649
-0.20583659688623,-0.560466653085857
-0.372684716994735,-0.591056432591656
-0.253167036661347,-0.56141622856885
-0.173265270327292,-0.677251914451907
-0.371642493691189,-0.650451882977671
-0.326303506752776,-0.725220663919309
-0.100349260866253,-0.688667698708522
-0.385562572956965,-0.613120993606586
-0.203948650096016,-0.772879581808905
-0.228689825067664,-0.669239901121483
-0.278726989421188,-0.687671720730136
-0.168573227833794,-0.665282732217551
-0.198886208743712,-0.68320599725647
-0.152210037508275,-0.830830448375869
-0.173171792062961,-0.701995311291069
-0.171567228295965,-0.726114018683721
-0.119961037654413,-0.666418299615693
-0.115152311706093,-0.78856748292906
-0.000646157003496765,-0.790110541552957
-0.0620515293012789,-0.78762095947899
0.00117259194648015,-0.734431003206765
0.00761609371362037,-0.873040653751802
0.0737320872429442,-0.835010117339618
0.06562705481391,-0.777509381031047
0.095455767622519,-0.823873947789793
0.0834582293744398,-0.823822128413081
0.0256810870959445,-0.727600756281137
0.158193117019728,-0.821025103674429
0.133882244305639,-0.784516761262663
0.149975762862314,-0.807059676680067
0.164331453000641,-0.685377918817085
0.194246031450037,-0.795758242752522
0.146581574623534,-0.762141329851259
0.183256805321152,-0.844015554832593
0.18473881324634,-0.676069606289631
0.18266427344238,-0.77055819927544
0.203167590230499,-0.635996159160448
0.264395585975942,-0.755096156632921
0.3244282626167,-0.636513098177446
0.232928728619948,-0.654144006057989
0.378754208474117,-0.635286200173266
0.326767448970683,-0.614259137635722
0.417853029714957,-0.644708221554735
0.430642286957815,-0.663338352506677
0.391726351392554,-0.632572150423877
0.426741774300409,-0.597158326327961
0.502034813009354,-0.614713465106529
0.522581668508469,-0.574637687268915
0.492568562470523,-0.543373996129792
0.494415460776849,-0.570006673273625
0.542540202849067,-0.619569784416259
0.574723928388438,-0.517349447424924
0.535668426720629,-0.544643224910247
0.5490341513054,-0.526562881301511
0.571791376007167,-0.516199642018297
0.581728400483321,-0.475060261904926
0.415556210700714,-0.510751122039037
0.636988939370444,-0.459251732285006
0.516430516083615,-0.451716958154047
0.488594498993815,-0.418288144260555
0.56039948709323,-0.525604908139145
0.625742414561512,-0.522057545079542
0.452573653425699,-0.519955539217935
0.565332141922422,-0.455754338310979
0.522598209251801,-0.504481515012651
0.468851471811193,-0.556567139600598
0.466363204030665,-0.517532101966042
0.490175117221896,-0.549560755868273
0.446003004853994,-0.482460972781867
0.47793545266645,-0.572546744971542
0.386687015747129,-0.562868752150085
0.330613389091922,-0.544555043204769
0.498036280866213,-0.64625165422341
0.266752808374971,-0.426937617167258
0.143936448383899,-0.726367911324635
0.374569761843133,-0.475223664916766
0.311213511257281,-0.589161909437673
0.417610944112817,-0.601670069201804
0.286985453486899,-0.444801803439115
0.362955402606812,-0.461075634886402
0.328833704691347,-0.513687011979538
0.371380628366208,-0.498751092141608
0.28729981404531,-0.569978049577798
0.31991751194682,-0.486538325698964
0.299802374287457,-0.510537936842858
0.468134270845686,-0.518030587227875
0.283745721933619,-0.513709310078048
0.326531070349252,-0.6105549476768
0.291632024842859,-0.543332090613141
0.240649656035528,-0.532572914020295
0.287319094852708,-0.51657528438056
0.381090117657191,-0.568539335600325
0.34811778097568,-0.574549548855398
0.246015289048579,-0.496093678193712
0.301716555363954,-0.688649493862122
0.202955760575997,-0.63498634885643
0.189542714116312,-0.676690499396074
0.190885062656521,-0.706788274603919
0.016418177481675,-0.632911948340981
0.137663383377409,-0.71728489433521
0.121934736158355,-0.6907106058697
0.197116949349295,-0.648219417933687
0.0738490039031664,-0.690751380267921
-0.00656349268344036,-0.759946925570691
0.0288039438322395,-0.742163347587862
0.0201478029324158,-0.748685164313746
-0.0639860218377128,-0.685573538587087
-0.0755122083383584,-0.677340215871479
-0.0874786627400801,-0.695428037122203
-0.150904081210299,-0.608376622473148
-0.259911904246784,-0.718787323872974
-0.256037322734646,-0.634586873903313
-0.335758486772052,-0.647298826437849
-0.316740305900286,-0.508125310141007
-0.381953805159008,-0.635674988248337
-0.444985681026633,-0.511774651876605
-0.366846965256425,-0.413858316788139
-0.366292978253169,-0.527556367176616
-0.413961170493755,-0.321897610367159
-0.576115061107575,-0.432198996888214
-0.383222908815423,-0.396458014181715
-0.43609714601544,-0.344694801019927
-0.424916882605634,-0.454490828215271
-0.478544847241688,-0.315106278855677
-0.474087427985105,-0.201593574386836
-0.614626631981797,-0.200488660452791
-0.602534125163211,-0.246075738173011
-0.517162190749091,-0.200450584342852
-0.733847206585294,-0.235421535763268
-0.655597041957134,-0.110799917770164
-0.610633831397839,-0.0636425710248018
-0.62242230347593,-0.0355800823171994
-0.667004849131415,-0.0512503728038229
-0.746279146017114,-0.0427082806008313
-0.649987125837986,-0.0986795899018676
-0.681911355165089,0.0239741623832598
-0.560815352607017,-0.0872044930993497
-0.609890364157158,0.150132195291695
-0.575627792871129,0.169803120570505
-0.66457463470167,0.0980165059581421
-0.416185662109813,-0.0111087569046212
-0.743006168750882,-0.0127954559034752
-0.466475053454585,0.059481713928645
-0.508964189848133,0.24390391865287
-0.595265463202051,0.298534793900567
-0.459121657311336,0.315112334857771
-0.696344532543329,0.243681618929998
-0.348626288224481,0.337523280776875
-0.342420866180909,0.347745797768302
-0.548921948451246,0.419594064900868
-0.358051126281155,0.285070131685063
-0.521393326680438,0.309966267600131
-0.585076213863884,0.346762141877557
-0.513748167791026,0.241764664893802
-0.512093597269916,0.423890440616104
-0.440460428370695,0.335287079371958
-0.445177019698839,0.259991834513654
-0.663673562527786,0.231856672348747
-0.456199809692223,0.434646925648768
-0.544489521235633,0.471405788390984
-0.350622271266658,0.428818734796768
-0.546954544778416,0.309163018768054
-0.405875110089021,0.410151215774742
-0.242451890554362,0.390520018300064
-0.372961064040194,0.310412716670541
-0.37873931004894,0.43088291074253
-0.372282979317378,0.441750156735509
-0.156539694752416,0.509234614415726
-0.339692251351072,0.429129049516565
-0.296866802772295,0.603243719920415
-0.269589965956243,0.44302539079433
-0.230626801872888,0.535449181249281
-0.279039609761652,0.619012037056122
-0.215016767721774,0.327452417650416
-0.165947812559696,0.501968441819945
-0.165673949658883,0.396703480111917
-0.149128743344898,0.292696919160268
-0.206191835884923,0.536742797377244
-0.189354210415845,0.343403521103484
-0.190076780131651,0.508608993733786
-0.303674739450519,0.491552764821706
0.0225302476010348,0.332703136148957
-0.175421035631376,0.406988936129081
-0.0703241201825458,0.338032860846147
-0.107022247460817,0.40886164959111
-0.167322813939982,0.290947812559696
0.0244077682344544,0.409517796864425
-0.25131229454663,0.26011002862997
-0.0467216809816518,0.255055014314985
-0.214750938106154,0.241632896066108
-0.0715541752799933,0.115777087639997
0.0946518456368677,0.185297535199385
-0.292534472828013,0.186953083876374
-0.00720463114666801,0.214174382271523
-0.121873351038449,0.336023369335898
-0.301566283020976,0.210472279096471
0.0271964146610211,0.0497266622620559
-0.143161160881818,0.166679046690118
-0.0779530061214996,0.218323022488665
-0.0847333824758818,-0.00659895674053116
-0.259800082200561,0.0896204982748569
-0.131279017469259,-0.244654673665963
-0.052448395505443,0.133279012023056
-0.422283026463888,-0.0213844636265758
-0.128122717774917,-0.0965685424949238
-0.273137084989848,-0.0165685424949238
-0.232404418236943,0.0334405654956007
-0.368918018702423,-0.187795508915261
-0.324892830596152,-0.0900631071730721
-0.397303724126798,-0.0275681641196164
-0.305506721487936,-0.100058998930249
-0.243366570046337,-0.242038395419093
-0.245624284908731,-0.182837533676666
-0.158027513164318,-0.145787092618867
-0.148460121275906,-0.329133925399974
-0.235180582347909,-0.197818138421087
-0.328330299498186,-0.0373672388761902
-0.240494976656902,-0.29314729810207
-0.242920656471406,-0.234012630447183
-0.12438819315399,-0.257402288495412
-0.490245248706354,-0.292298013728092
-0.240752897123711,-0.174876485529377
-0.250656147273315,-0.249281145893029
-0.23149514295359,-0.327631908953597
-0.320135919797434,-0.351486358535535
-0.160502767847205,-0.266820150620021
-0.0638859335961026,-0.29428903368846
-0.36336470961128,-0.315296326611276
-0.272516872178386,-0.339860375148533
-0.218060949242932,-0.428015080361682
-0.24386251516833,-0.352422055209541
-0.325945998517693,-0.277135305294671
-0.0861957359963603,-0.43043248008395
-0.38556053791867,-0.181905172351145
-0.19093413237276,-0.465566364066753
-0.134493495922018,-0.294979397109454
-0.274620326013961,-0.486752880442376
-0.185667084798567,-0.225806939641515
-0.285202807241045,-0.397713901506528
-0.357669673546796,-0.364288886738399
-0.308588995364411,-0.557213993984125
-0.349278646123665,-0.428849798411172
-0.259143578608845,-0.428466499956667
-0.307275275122352,-0.408215586050898
-0.47375246808847,-0.469885649757944
-0.395497404512932,-0.347120555040783
-0.345187292335366,-0.318167467653433
-0.217054274165292,-0.598061018269296
-0.269499125351678,-0.632951388507766
-0.386456509628294,-0.546769360675275
-0.372075034738689,-0.669450542110506
-0.290458142282098,-0.564628854688525
-0.32822745170284,-0.610878714379672
-0.208805367099119,-0.665497473476
-0.392749746925645,-0.704108531568795
-0.26050127708515,-0.706577620351544
-0.263109072496923,-0.658548971482022
-0.189437106158386,-0.739655851746775
-0.152376289324781,-0.676003464527258
-0.253550645935506,-0.750583572373012
-0.0560970487199796,-0.765522167823613
-0.126661422478767,-0.65230983395847
0.0411004474137031,-0.601919492257217
-0.00662024020757389,-0.629354558119376
-0.0578054048888123,-0.709516318035536
-0.0978885438199983,-0.671348644538948
0.0870896126724285,-0.76653881037731
0.0223930414233786,-0.71458022522156
0.00494035951447233,-0.638247740236938
0.0472025489413203,-0.684135786402701
0.00915891117464147,-0.665880280176087
0.0841616752335721,-0.684966237023229
0.0991178706166427,-0.571671478619702
0.1205026267719,-0.559700053757249
0.171962176534319,-0.641023172055445
0.113829738890932,-0.579659632293401
0.193570462650975,-0.608761732874432
0.0714945393696149,-0.567236421003222
0.255260691795229,-0.589124602184088
0.267021195152058,-0.50341342035791
0.229809564966419,-0.59790232614326
0.165304322187818,-0.61669532626981
0.282438898064103,-0.479295718631294
0.422029418975766,-0.609194404033384
0.405209160595356,-0.47740743952422
0.384190216874778,-0.413407045837734
0.462182893212981,-0.484506014217309
0.346530722716991,-0.492862955749377
0.502947125374184,-0.527214781730949
0.53954391402587,-0.454021730231707
0.575819577743701,-0.496121867941726
0.536359124261108,-0.486469038831915
0.538183478258786,-0.340373817171888
0.547971198823411,-0.397952444369128
0.562239543832818,-0.252467546086971
0.605858277438381,-0.419371426410585
0.660216894804438,-0.215002095116218
0.619778823615816,-0.246232702075291
0.673846303167173,-0.176000896137084
0.623948593343213,-0.083520953531693
0.596014813567813,-0.000816392304712956
0.630947921296186,-0.0368735899399699
0.621251207996177,-0.0497613085405002
0.688736283842047,-0.0693382413497388
0.754895257162712,-0.0880261796245588
0.704776166679645,-0.00634225002930739
0.744288065808553,-0.0322793735406785
0.763747389225825,0.170916961884076
0.772761175951698,0.012597193301527
0.805567652762673,0.0930554482193106
0.72729059074287,0.274712593669501
0.712612261056168,0.0737795123236246
0.757803307435761,0.190879290168072
0.695888598978547,0.160237212887998
0.713885547932041,0.132294423389059
0.632445004049747,0.183505770054536
0.751094155267338,0.303544560940276
0.751418912746337,0.210467805055323
0.643055073664594,0.205883190911501
0.726477563466575,0.398265973654154
0.730494212757896,0.306428178477134
0.655456306339132,0.288732692800722
0.714140210718238,0.374718936720384
0.608280782306393,0.173389832918194
0.692848689210192,0.305171943245534
0.677186508167392,0.338612484943951
0.661789835311688,0.173667923747896
0.664834060230528,0.273882506935084
0.730930282959471,0.301244526254989
0.679052728992276,0.264856214016989
0.577343625835969,0.297046398455354
0.716882605660403,0.33724337062156
0.751837690064817,0.330822496073013
0.728273942971226,0.354392215109187
0.674810605733181,0.309549492871424
0.667673358774356,0.274602718822071
0.728072706859865,0.273653979009473
0.731322057158721,0.3191296579781
0.721153652894633,0.287677637140688
0.710177326945233,0.341721415929306
0.709064573843503,0.215591202188534
0.746607407143268,0.283037950115122
0.748345851642834,0.315541493140217
0.728267003293521,0.351151312543187
0.7105403206134,0.367048056095013
0.697675499460839,0.233555105305763
0.620377294836728,0.420808586128861
0.709027261934212,0.328642749163912
0.603986663171004,0.402921932477405
0.655823077492206,0.40094974638372
0.606820798256611,0.34596997954907
0.711871497318234,0.383409263185124
0.716103428957098,0.4226684497989
0.636132229920242,0.372124438713206
0.63645854499786,0.364908837609588
0.75412273322462,0.417616995748169
0.685720815709779,0.441614503631467
0.686450086942977,0.377344105101129
0.592125752530016,0.315491201720816
0.644406153140143,0.497117868496792
0.681951365831823,0.39781319454738
0.696228546922494,0.450532647272569
0.651095303716057,0.437545834521153
0.766284914423859,0.409159593944436
0.622718568384135,0.391680317607064
0.737976843205941,0.389556720736589
0.630926398607666,0.437116623508494
0.718179677355855,0.406744467592216
0.687803283824628,0.412520131715877
0.667241372167367,0.45864002676216
0.746180982246377,0.456639311490123
0.702835811264637,0.43138123118936
0.695356302817613,0.455450605149053
0.59419739130682,0.418082012652936
0.785022809448847,0.408840984091185
0.628758042608242,0.51764929465136
0.609986818276372,0.488647379542161
0.684217056351628,0.543526515132497
0.5501399972804,0.5420172403936
0.642392755475533,0.577753419806513
0.508620137693454,0.474996183385514
0.598304535124749,0.655729835294981
0.589622124737626,0.616344531973754
0.599382409532624,0.609192311687891
0.547411244331116,0.608947830644944
0.556745656746382,0.644437825086077
0.54901848645098,0.621039439525954
0.58933526987748,0.664982378602088
0.594066700511405,0.599129561181676
0.530733782394313,0.641179490855071
0.625946614181441,0.615620851160807
0.533346132064267,0.614130582475971
0.419108533884526,0.518973014726196
0.5693847536922,0.518624671623009
0.625218549217564,0.614086978032158
0.514923347849957,0.657784506750089
0.594276609941344,0.628387686983463
0.574736962538825,0.559866437710843
0.528941834779734,0.758571455431644
0.54388619234601,0.511710283252346
0.459566795990939,0.656701215247686
0.517523027696795,0.514265575288662
0.476657007787928,0.597166884592137
0.533611076886456,0.530730656171396
0.378325316638407,0.606648750659469
0.493386676206777,0.63800845963501
0.362277908465745,0.578661346556162
0.430887011297666,0.579387426046888
0.444786351434306,0.482969466236913
0.330480012764951,0.534482515253224
0.469791057404511,0.532554462569178
0.38510011670885,0.376272331706115
0.278418679582316,0.422175421085915
0.325524876537912,0.529692588307613
0.327210733982482,0.314624953469464
0.241337729378829,0.263284360622646
0.348956334042988,0.368848797265644
0.178735212874,0.298717616517855
0.249034894747439,0.305564830769981
0.267173601548244,0.384260672834546
0.065782436159089,0.266428507176048
0.381405397612453,0.371947158355687
0.293209667934832,0.354725753150517
0.155179705052488,0.334404522717659
0.130138504903219,0.246341639947056
0.307061592563753,0.0745305709933461
0.139616380313519,0.304614708600833
0.370493677192171,0.348098366945753
0.199454826840974,0.268360822916469
0.299279514206,0.365441142405791
0.484858749670584,0.318096859392036
0.280629901382382,0.12617281506746
0.446818519490232,0.294241597687419
0.254510827182539,0.246700521629734
0.391156458124849,0.275771842740233
0.207534495905787,0.214546131730118
0.510502753307042,0.107888176059339
0.459958549740227,0.09691486043743
0.286802716449843,-0.0194714535298526
0.365219806739988,0.023694365889856
0.273137084989848,0.16
0.343968259949475,-0.102850259540757
0.0795024706349633,0.00901846789244438
0.197257231979328,-0.132995157956639
0.173096682361938,0.0755283162577763
0.171721680981652,0.0122038841172272
0.280118929822754,0.0416666666666667
0.125,-0.0761844635310912
0.0995995147577623,0.0538705507838939
0.121949902707457,-0.170395727427464
0.00560466766102042,0.157512610700443
0.145644268597313,-0.159309900057308
0.20814261633367,-0.0635071775492731
0.0530357300776126,0.0874928163925347
0.12,-0.16
0.100058998930249,-0.159781552949481
0.15301138365896,-0.219475656013171
0.216568542494924,-0.04
0.2241702740287,-0.34736519496612
0.124464152980761,-0.125986181547929
0.062741357562384,-0.161949902707457
0.329056099663052,-0.176348200920357
0.160892798244711,-0.330246760838293
0.234111735859681,-0.311845593587241
0.318109961141512,-0.305051906444182
0.18775654343323,-0.374360887214912
0.230331120553705,-0.324579939677298
0.406762116620444,-0.401924697815438
0.286232819991199,-0.381979115707625
0.172860298156994,-0.482599837660277
0.121009933557143,-0.300510509322981
0.414448636180392,-0.508190819309395
0.160133476898678,-0.55363096762395
0.319129432359955,-0.355508234081862
0.224453541687599,-0.536821133462312
0.289589235175828,-0.391356233332034
0.230207960253404,-0.43429371698702
0.273151557312643,-0.387053131145895
0.451188958436624,-0.407801325379441
0.319083651524864,-0.402480654964945
0.375267359633803,-0.381182479395756
0.207695638131457,-0.471905200240749
0.389430518896207,-0.438759906881956
0.427984261909482,-0.410344254159736
0.411085637252673,-0.386754320053327
0.317810208715349,-0.339012951237102
0.376549917586495,-0.299392224664045
0.392254876461481,-0.304658874761896
0.375532699585932,-0.279209317577209
0.372293020367697,-0.202663944551933
0.397072464555726,-0.31081651055708
0.328707025617276,-0.302249939302354
0.519513341362815,-0.252886942202045
0.350827896427545,-0.214758730635076
0.431552212666865,-0.198889258471762
0.45694072750611,-0.228589975735879
0.530821234946907,-0.256080294565569
0.4373212279443,-0.312691248746383
0.286961642430788,-0.334590717868683
0.58140784489017,-0.169307641248695
0.614904750143251,-0.248986169530282
0.313861542562282,-0.107085266524327
0.596292586992164,-0.263133540362524
0.704962893947202,-0.208145815382027
0.549038700248277,-0.195126895468401
0.527835092413892,-0.148899594335708
0.403380582393959,-0.17891500306011
0.353694483632501,-0.184018948958581
0.545784510476447,-0.180553316568192
0.438150858706645,-0.022648245461532
0.582035531114211,-0.153717007167369
0.566443954658098,-0.142766619559397
0.520851522946528,-0.126883664132674
0.430622382684028,-0.156703882265953
0.481219565297921,-0.160387227355618
0.385027739584735,-0.0467371697633218
0.391085317799128,-0.0995743475806982
0.480283347661096,-0.128964652720587
0.524997078076754,-0.0832451419702145
0.382533510372072,-0.335103322508808
0.391150866033757,-0.291577069978964
0.630547406243077,-0.119316092130896
0.407774569674207,-0.343558223930162
0.405505860748354,-0.217922560691319
0.514396887754612,-0.186011261594915
0.411640296483879,-0.175466099861875
0.266429254152551,-0.136349597850082
0.39013183732787,-0.162543338618379
0.329642119203485,-0.147509432437992
0.421318590866787,-0.131329109315599
0.0786722039197726,-0.237592125854333
0.198669538395264,-0.13221964037167
0.355187961605975,-0.101141841214315
0.320629901382382,-0.117726990347453
0.313037825392264,0.0522146181908678
0.0425406978864333,0.0121352982293019
0.282531581887678,-0.133200234767673
0.190548825019288,-0.113613016104286
0.0681118062068441,-0.338938360341032
-0.0908551886635457,-0.107176271493174
0.060830373854008,-0.170978121527053
-0.0817217064690925,-0.192368916421754
0.268118611032315,-0.0754898864549288
-0.00617360397818195,-0.0715954673510345
0.229664050835844,-0.04666350895879
0.106039005188527,-0.116268819716706
0.171374853179142,-0.10393141346935
0.038894689051199,-0.120290338865385
-0.0882804045785776,-0.215972788742357
0.308818517837918,-0.0270289053156937
0.139415137542803,0.017866693761219
0.227699773983821,-0.045914764834865
0.0572431984800008,0.000783237479020636
0.158947394749437,-0.0625020917207165
-0.0254689755489959,-0.0180092853205693
-0.00836683029730616,0.10097135953176
-0.122225175444996,-0.14315303185283
0.0796179195040563,-0.16243295975217
0.00359118547415595,0.125336462346652
-0.00186928144525991,0.00189892624657998
-0.172226625175395,0.0350531422343436
0,-0.04
-0.053775846486604,-0.0739167406918848
-0.0658096140558744,0.0562454107614036
-0.0332398503603702,-0.0527322495718595
0.145175350570929,-0.358871629324203
-0.0276543698650796,-0.0660112615949154
-0.0448637384346884,0.139061826664191
0.0696319118341941,0.0742220339646325
-0.0833632012483745,0.259676011159177
0.0717849338366628,0.121163470698403
0.112796115882773,0.0955372174505605
0.0353037951733865,0.150102686516493
-0.0108288827369412,0.316730582174436
0.162206088139073,0.0539691095369713
-0.0127523407341462,0.201094236020441
0.148998634730405,0.190617513149291
-0.364761751560218,0.128164967081426
-0.253532774198655,0.222926812988227
-0.234287289849387,0.163706089644839
-0.0775957627812067,0.149676964491521
-0.188381292486709,0.196056503289988
-0.201967109667971,0.435465170191378
-0.0539502921057766,0.186107679152132
-0.126004206564361,0.216425585828961
-0.014139332260433,0.247849527942376
-0.108377170527351,0.213031813625299
-0.345697766951849,0.207977398271881
-0.190961552393079,0.344904756509582
-0.0307437730950673,0.430877161980847
-0.1731629348449,0.435467284111285
-0.167888137298828,0.448201771885783
-0.241301852426046,0.418321270198769
-0.216175197676044,0.368067960698766
-0.194786645734983,0.365019586311991
-0.120489645493468,0.420787456882887
-0.373558252166198,0.479348592105871
-0.213970449719984,0.479563525953594
-0.247483839147132,0.407663080871335
-0.186647531252759,0.527013927980854
-0.351904526312176,0.481303393353846
-0.103929928442882,0.361644155578829
-0.105650482475333,0.477510760931856
-0.196116610683656,0.307549029116887
-0.365736140100455,0.664440956027132
-0.253473850788087,0.460966565759999
-0.35164525960539,0.487145971117725
-0.275384217541553,0.448216900697053
-0.28137829577378,0.53412518571476
-0.345912610978034,0.419588237148034
-0.461202148652055,0.655327193701446
-0.233074261582841,0.658842860896145
-0.42789589239316,0.589601153750887
-0.270292913289254,0.60101255896609
-0.469397614926822,0.53923756952158
-0.268565199189218,0.60026200968374
-0.270475964959835,0.588152845242378
-0.333899632813175,0.713939040802033
-0.332088209531749,0.491081533572032
-0.244540398348857,0.649563152492278
-0.264663362438576,0.664525826290005
-0.307886411448829,0.687839900936007
-0.338284897578919,0.648556470034648
-0.157558947147799,0.800989828211564
-0.232617162315618,0.747380691479391
-0.31172442554792,0.446322142139136
-0.253181904092918,0.758392130296565
-0.124971122370962,0.601322818692259
-0.106571826890954,0.78199129482041
-0.0574959574576069,0.542055834577353
-0.0799572652484206,0.702563621278094
-0.123613499523932,0.67977844678919
-0.167476538065266,0.730203848689785
0.010895967157387,0.718956585222148
-0.127801860261489,0.677100263138901
-0.0536656314599949,0.679794469258955
-0.192346111836017,0.592001967802491
-0.0762311037438947,0.733421140466483
0.0927872146899886,0.695792879481638
-0.0840226000725906,0.762083740618984
0.0160348624515786,0.772616455797817
-0.080931615559698,0.749170856911898
0.0914421024474558,0.793603023799476
0.0455977203341922,0.7465723940243
0.19083778213387,0.809599752645925
0.150976605844719,0.780996336246765
0.149737390810176,0.82057412011976
0.353892111775473,0.706081211321625
0.149076096992048,0.767457339696184
0.183374066551388,0.742632635240715
0.293742850906676,0.746044581255131
0.199579223205232,0.787120099063031
0.230569641300969,0.695306841734579
0.27531874496596,0.695076991157267
0.214261852502146,0.615804635672648
0.250886042510491,0.770844633813247
0.180738199560731,0.588075216521878
0.306955988543279,0.571103592210562
0.369074263213165,0.653566136049044
0.383214190253967,0.734049058703189
0.358924643004913,0.682317360675886
0.405382998071608,0.580979557399192
0.471832354799334,0.702998660258613
0.461346310649502,0.614873073439928
0.43197049235236,0.52175621772433
0.405199550618256,0.728074332054277
0.399668557044845,0.606785363285933
0.616271696404311,0.592462833597145
0.594908717165117,0.603470514186923
0.495023517927234,0.639894232848093
0.654995510756262,0.488283801027616
0.620390412102873,0.605719909663655
0.585607947551335,0.575935130559736
0.618695448862214,0.552444646413334
0.67424004304441,0.414556223598155
0.586887859644614,0.604171926749617
0.690693448416352,0.419814436822385
0.596687537574975,0.522943072029472
0.664790931085661,0.404239541283478
0.561860917589986,0.457766115138289
0.539742017362106,0.490136946300172
0.604254640253308,0.439228320623626
0.504348438652253,0.364291485868188
0.364424382553245,0.478399477693759
0.586197228176933,0.301127054787784
0.434888755322399,0.517188806090898
0.433066192377523,0.409439539133287
0.240654054128232,0.547030971276352
0.430284582460166,0.398781813172663
0.482520921595836,0.433668365335529
0.216890994701479,0.558332299144476
0.412006066537218,0.486318468905313
0.234364711051578,0.435116080910101
0.466457927947737,0.327222895176909
0.45204178538286,0.402538618333863
0.359671981460309,0.424889006980977
0.360269193641774,0.363567956181466
0.383094548964299,0.507504425393563
0.298211218417826,0.416287651638943
0.357421866889298,0.477138538362051
0.114032748715335,0.383905846439432
0.237775671675131,0.433818517837918
0.220300833245617,0.403665371368613
0.172369796545014,0.247946916911959
0.143858734621631,0.560940773946624
0.256070129761437,0.591830544258479
0.362944471092868,0.642131858659542
0.202240548580891,0.589270007801212
0.129984299999882,0.524550940923291
0.309594362964886,0.598568471295319
0.203514525267017,0.67465176982903
0.266406204404074,0.683917201519244
0.233099427579692,0.78768502061055
0.244511693003629,0.792887272717319
0.0920823490434459,0.698153286774163
0.0511904247451401,0.798827860845298
0.288057088735369,0.465537776919714
0.257583239920354,0.642578989307781
0.0350131486470805,0.72941253449412
-0.0189582974273827,0.751728188396354
-0.101870146148539,0.782751041683107
-0.144272199661725,0.738213175912922
-0.153909901479503,0.864982236475517
-0.216331447172429,0.738472990677251
-0.239799705113641,0.720288844699558
-0.263645177393761,0.699724184013755
-0.163461144018834,0.803150045113378
-0.328390993107971,0.777505425004323
-0.221133218382886,0.738159291825025
-0.333217272347447,0.821293828237766
-0.247977845972794,0.767297061767355
-0.327195425469976,0.821860796728389
-0.345701458747021,0.738232194300088
-0.343985538825247,0.78028247380113
-0.399627811725383,0.697071891392143
-0.406564269923729,0.706184569691518
-0.375616233781267,0.688291252478165
-0.463011259279395,0.716803170618724
-0.499735453318786,0.720972337604319
-0.460239693284788,0.727413833424555
-0.364201084137968,0.754593154515856
-0.426405853293689,0.745362625644621
-0.461529753600605,0.755043033752265
-0.281635423018537,0.786448356594152
-0.406111456406581,0.774875784498895
-0.457509978240601,0.757764793612605
-0.344893010979989,0.771177369610044
-0.284183553757472,0.71489220062657
-0.336820908430525,0.820115363396492
-0.394760500887974,0.713140422820955
-0.325462310370623,0.715512286815414
-0.300891789509142,0.802536217049118
-0.303424374017974,0.681673325832538
-0.212330156550275,0.7801089942766
-0.231590808709868,0.738155678363632
-0.212831486292374,0.808069367214059
-0.246731874175341,0.773327702068533
-0.19290726737005,0.741618499552346
-0.128774567051583,0.741165718014289
-0.18219082755331,0.731526450308059
-0.123541411612828,0.802116163836646
-0.0738230476150917,0.840643165901834
-0.0564134125167831,0.809133817518403
0.0323632843241624,0.764968937904544
-0.0637871854836718,0.764259559111175
-0.0523831888966634,0.855781813982449
-0.036872442295333,0.788257660589754
-0.0704992901337772,0.688162450437022
-0.0072481088847449,0.814256828165213
-0.0836621157615965,0.853333978117675
0.0723057725183863,0.675107847275043
-0.0203753897479849,0.843936601481652
0.00710347617979779,0.771782409084515
0.0745402252461081,0.745941543179819
0.0159126043958082,0.798140143811923
0.116725662309681,0.76840715903524
0.0181348866866705,0.777617148460528
0.120309043868954,0.788538848083067
0.0704342605097794,0.784401042367342
0.0864098023341574,0.731364882062691
0.103406760384373,0.757734477166151
0.031000221982787,0.771056365729119
-0.0619993827715027,0.843628451117347
-0.0335439594464932,0.756746672502263
-0.106399342714563,0.720137994694491
-0.0968314109475288,0.705205726842061
-0.128632597559199,0.699064412885494
-0.182470050949457,0.720160724072935
-0.209303736522619,0.620981239968553
-0.274210216083678,0.702912998162176
-0.27396239381405,0.632690996912681
-0.234006163818291,0.531607857469031
-0.357228003106099,0.522207984862103
-0.466828902415576,0.550438448292925
-0.40738330800214,0.491828815842106
-0.459053213618413,0.416105097202756
-0.435895251103003,0.39095048595524
-0.519221495824397,0.495250746746469
-0.506117357324201,0.392357701227752
-0.545448289595253,0.340004235561235
-0.572521267873949,0.423860639315715
-0.555016055715363,0.35436045344842
-0.615910156553683,0.287242913117275
-0.610908474746627,0.311944675037215
-0.681402760484085,0.290807405375642
-0.63458194351744,0.279193859471824
-0.578714223853663,0.257883706255272
-0.629042032493402,0.20723725724027
-0.692074960552486,0.199526683590506
-0.69643024227761,0.187131217717791
-0.694004096481146,0.165448533470717
-0.665894532576498,0.245373913558135
-0.776311591621095,0.121387622908085
-0.67353275507956,0.0613760284271523
-0.68057162544773,0.065728357255159
-0.788490686121361,0.0213029056566197
-0.758683755018672,0.0114749748922793
-0.658505050946677,-0.00470945782392035
-0.715501367066875,0.0449812304964605
-0.696171790276034,0.024200377463751
-0.674470375309587,-0.0121697064724581
-0.618489129765862,-5.60080930584276e-05
-0.749358098754295,-0.0810957623980132
-0.702696438335823,-0.160556243659394
-0.68821340671364,-0.0777008773728127
-0.696473933274366,-0.09829011729538
-0.670340619362441,-0.212336893998225
-0.706886201623254,-0.0913899887894621
-0.623507638343486,-0.245472177306357
-0.740325832749677,-0.163341822000616
-0.646234219990621,-0.231638284424856
-0.683744495994987,-0.156271198528107
-0.653592947760025,-0.219882602932359
-0.725297718997632,-0.274904137531413
-0.702881277429328,-0.220466563399145
-0.630851825285897,-0.158501925740546
-0.661828358641593,-0.27299038999844
-0.743977109467733,-0.194067323702359
-0.66262965867767,-0.233351156048294
-0.615586263572543,-0.28289777493841
-0.614498201610728,-0.210450721322423
-0.603058197735435,-0.281025721224911
-0.577018967621034,-0.206368656711534
-0.56580008121401,-0.287314591111804
-0.564772968758241,-0.308730953944094
-0.599420568367628,-0.296949548202823
-0.461491878116311,-0.440145292144479
-0.497780144098184,-0.374402410546174
-0.485523285432554,-0.42739048560194
-0.327192828652807,-0.622714075225234
-0.314426344064283,-0.563583514201604
-0.281712026076193,-0.598048885046415
-0.159485356534873,-0.636127153923727
-0.277330926418049,-0.621006657080146
-0.168168975485155,-0.651598767553742
-0.138929933407935,-0.679941764086248
-0.0136044315762076,-0.736576346681503
-0.0212147706674206,-0.726321457758671
-0.0267692966797205,-0.685688943453134
0.149491700006451,-0.715914631099114
-0.0195051365604959,-0.664254379598178
0.207279444598886,-0.668297314181151
0.155970244470591,-0.753297938343802
0.150837655077522,-0.673117961391782
0.251082352777727,-0.750159664710755
0.29243699263745,-0.679464822068681
0.319287660426823,-0.711081139170718
0.400462734968232,-0.634904392916625
0.301368517679188,-0.633725013975199
0.467381071796146,-0.648278447217169
0.571645983500305,-0.627500625030665
0.361434670193909,-0.693914313465809
0.438011351163286,-0.592882196501261
0.345660157708743,-0.693699319371428
0.455016167209068,-0.625722890475952
0.403116746615525,-0.754520909540468
0.392435608038144,-0.736505101067419
0.392969918575697,-0.631634488884093
0.356513603601809,-0.710925151870108
0.389441308641704,-0.736890147765738
0.407583107979092,-0.741209036222266
0.360918064941451,-0.697836913537211
0.351228531388554,-0.781406887632238
0.342155951369247,-0.773492104627372
0.264207657159406,-0.741041197929593
0.338724095120442,-0.714462026190024
0.466904109434499,-0.675602649252101
0.203791703187662,-0.688002822701916
0.419386607111156,-0.64923015693637
0.496600968967882,-0.681647604596515
0.453900588574579,-0.667735058639237
0.506663465492404,-0.674916739993456
0.568912929340373,-0.640390552951359
0.529930516090978,-0.6337686017294
0.553407995895619,-0.648650770506261
0.605793065683917,-0.627260418215048
0.623504746324729,-0.602876199824635
0.613457073989139,-0.529587225172302
0.681399250469745,-0.494749153271829
0.688807572194741,-0.484620262920316
0.714092324224891,-0.454530252815099
0.672627543705386,-0.436216482757555
0.710452435545138,-0.41960739893286
0.680408871674104,-0.446402323775186
0.672246879792444,-0.47223436107528
0.680602709573812,-0.350314946923074
0.641039705792121,-0.398311906200395
0.738033064021229,-0.458774731637852
0.727300374527544,-0.368797254442866
0.677116790861089,-0.407043093523471
0.675984511140521,-0.372226656629486
0.676524999204169,-0.368483641975392
0.712246234690311,-0.377335623118227
0.685715260610757,-0.296730203436856
0.728199532250644,-0.338454314374115
0.698511735334351,-0.296031515268511
0.731788275905967,-0.295597007127903
0.638151260217279,-0.311541257467636
0.776164680640784,-0.2824525201187
0.767625364237606,-0.273381186471208
0.714159501364154,-0.188135999957103
0.73219503223288,-0.21512049936057
0.765035108261114,-0.120694595926817
0.752577252659254,-0.204805536182719
0.705950155256683,-0.244748476715125
0.767230198131763,-0.247012902253762
0.628761672550132,-0.156609602227031
0.757491583414082,-0.222577948398777
0.779758658179201,-0.109816509752777
0.814247923643801,-0.158253681102025
0.714517713376759,0.0243991137255968
0.720955818272602,-0.110551728635526
0.840703277337272,-0.0427657582226393
0.685499910427785,0.0581220088908477
0.818289924000194,-0.0156744059378538
0.690695149079633,0.0538459452664808
0.841493104689248,-0.0147121812104466
0.833948428190658,-0.0341975358629786
0.746657132709577,0.0335748405043241
0.842591796260586,0.0203473036564311
0.69807666731805,0.0688896886139559
0.776694199200406,0.11841755011147
0.748117837186825,-0.0703910297252445
0.88265288490929,0.136625584141721
0.752431923481355,-0.0249107518915648
0.665864087051229,0.170632665047658
0.807512970789401,0.116718554303456
0.677224727081363,0.177323431347029
0.784280665504301,0.117792963302806
0.738265396698109,0.0443760156980183
0.703550361205086,0.17742852784935
0.720770236787396,0.0644623284532643
0.655152823485167,0.10762271172363
0.689748167616982,0.157002346448492
0.686455027701892,0.141183637655067
0.528993995428327,0.264686986455947
0.743497432494817,0.138554231546989
0.623259428295341,0.202670873310933
0.644007469598635,0.139870223592171
0.582524110613081,0.217544524927603
0.592042272625034,0.0846942600202988
0.525927844294427,0.116919864120969
0.63047069816824,0.114642749288249
0.503044842559948,0.156802800637479
0.528219957873841,0.163736737054687
0.563446678012527,0.11111101157673
0.434194314733853,0.0811276867366189
0.596217256349256,0.04502617648775
0.538734760190812,0.13188310730379
0.410307931520325,-0.128896801060253
0.343982501135553,0.0918769439188484
0.477066414102678,0.117581884882621
0.360246525558994,-0.0434625662042597
0.328122717774917,-0.0192085451450728
0.405967284326415,0.0146186397874669
0.458083643290749,-0.120050782444602
0.40734796832627,-0.0929898992380377
0.269131956374497,-0.146622651123201
0.416477966336392,-0.0543928293220421
0.316842489504402,-0.168221963808772
0.411269108303517,-0.157844722419592
0.333972368192298,-0.257302087793048
0.347423078197187,-0.165716952052808
0.2319396499563,-0.112221605315512
0.290513838596507,-0.13423016063974
0.273509027100933,-0.102220653481383
0.282216211998143,-0.129465471462297
0.364322495858385,-0.0996407605223845
0.321618614943108,-0.172527499304295
0.218332084221698,-0.12690803395021
0.324046267616529,-0.203618340764837
0.313137084989848,-0.0965685424949238
0.138636021406425,-0.209788766415957
0.158071348809258,-0.192809893527537
0.0895815952558601,-0.0949912165994202
-0.0572678720766632,-0.207660633593618
0.283574973830455,-0.16148673160151
0.137663060674559,-0.300710469528132
-0.00953743209913098,-0.229720820848027
-0.0720029879664817,-0.356856985603968
-0.0733585634425212,-0.325704193577442
0.184061358887459,-0.3399560227315
0.106286206212184,-0.540490428578571
0.0276271630498649,-0.472469892460894
-0.146788737447577,-0.408085182787044
-0.0851275781917539,-0.584606374083927
0.00257877080866644,-0.640431414153032
-0.15064044884841,-0.497558719200461
-0.0928831561478343,-0.653061178901024
-0.150164382091163,-0.693370355788922
-0.257778524572905,-0.599855883774701
-0.162426805365317,-0.594972129775007
-0.286427865704254,-0.604934757354974
-0.243378927297576,-0.728336689318778
-0.279326244182847,-0.683361522763975
-0.241586287663989,-0.675471205640076
-0.323078645734545,-0.743049709096146
-0.242809140180142,-0.714322553416175
-0.313181944473663,-0.634169720070495
-0.395361280750583,-0.668029647763067
-0.237810306768489,-0.689580768006886
-0.290087684865797,-0.714956593247383
-0.210898973226927,-0.688282766893279
-0.24204397087067,-0.67603942717877
-0.174236277905943,-0.690100538894262
-0.208540978263056,-0.769939050236544
-0.146365620996937,-0.805701665845896
-0.18735488783203,-0.686513188145239
-0.0982784683599748,-0.7074978048403
-0.258968229038041,-0.690209936956438
-0.170365120496273,-0.757780551549438
-0.115547083258177,-0.682382045422045
-0.181702699198927,-0.713348225440607
-0.149323627732347,-0.708465837958609
-0.137983493803029,-0.746628033933566
-0.179674047287317,-0.727622064744943
-0.0771828932298157,-0.718079157427335
-0.177730722080914,-0.71436581656858
-0.145336305895713,-0.759094728693294
-0.164669658026564,-0.731915008778582
-0.153950938262861,-0.734031481439848
-0.169740386631145,-0.747681347655837
-0.208354883804063,-0.720582279921861
-0.119848742682628,-0.764652143311975
-0.134885320742978,-0.697424995936883
-0.172249922928607,-0.746736224239804
-0.102451137742176,-0.761346405698742
-0.172691479530352,-0.705123244346826
-0.0632173466300521,-0.665892022066904
-0.0604137675546748,-0.753017973378433
-0.15627605763324,-0.685571582159601
-0.0546151181695286,-0.688530619991678
-0.0236828312308483,-0.784873752575621
6.4315291314363e-05,-0.702739636387437
0.00901270105892686,-0.708997842618106
-0.000520686972402293,-0.697606933174193
0.0112805644254302,-0.724570319115544
0.113234329314489,-0.662056198602295
0.142857266114471,-0.665156665100847
0.114193202581767,-0.678175103149591
0.217963484661936,-0.622432729087097
0.208163856888023,-0.676732988743992
0.272580808096296,-0.620681239895317
0.20987666765426,-0.631086626805919
0.324177478262374,-0.564654878900046
0.323293477095126,-0.543848060377457
0.262001496061327,-0.495614313198037
0.261290081543716,-0.43215571752382
0.0294090690591565,-0.440752629576481
-0.135475125002678,-0.446554569500402
-0.334209119942513,-0.372884324537866
-0.407929499166277,-0.277937638204763
-0.370504568007677,-0.260346753841424
-0.425133150852431,-0.296658749294656
-0.528061372839854,-0.295788438496509
-0.557669959753081,-0.240292594356643
-0.626073189880825,-0.23542946432487
-0.645368655011258,-0.281924687918976
-0.711799726576891,-0.214440114349456
-0.650677949811072,-0.224405605225905
-0.664351607356002,-0.373679330242489
-0.66229801250507,-0.394385675553598
-0.713542800830385,-0.375221544576866
-0.651737739916509,-0.444238431676888
-0.754630685290484,-0.535308772858822
-0.72962917624358,-0.481491108134559
-0.755516205538147,-0.48957016888305
-0.813267969933321,-0.493555338924266
-0.766769221838237,-0.503786529653549
-0.736887017843313,-0.555346371251996
-0.776843212744395,-0.477084031921385
-0.702318325038323,-0.599455120180701
-0.701398625808214,-0.590159959768582
-0.734532319497455,-0.583239031367153
-0.688165849733266,-0.472200649436688
-0.727536821738067,-0.584150146126547
-0.660668156841276,-0.622454759157505
-0.684886954196853,-0.569475975139047
-0.70772580375879,-0.551396684581652
-0.662707727649928,-0.616449572848112
-0.662478400311939,-0.555135022161085
-0.655401436557391,-0.545583132350387
-0.753429259211477,-0.585229989767553
-0.648524751296475,-0.546420266982764
-0.739956868654647,-0.547478997379407
-0.684751507570531,-0.457364770817991
-0.63218776683826,-0.534259948563637
-0.629022386205164,-0.626039061548998
-0.597896661520543,-0.594081528036974
-0.6105493802894,-0.352745401382401
-0.603163579033753,-0.541335351030032
-0.784040379246224,-0.48380921946671
-0.717639090710499,-0.448881365254097
-0.752157034336252,-0.240937840162635
-0.699207161499085,-0.331706224006153
-0.603749839390607,-0.144852342913589
-0.703156165801264,-0.33864509981414
-0.74644466734211,-0.302978896684948
-0.806748570038605,-0.408294382744388
-0.767189300404549,-0.225478411967905
-0.824117720437817,-0.125992879666954
-0.7390782754517,-0.0697848785131867
-0.699968557072228,-0.232776282055142
-0.864242474899107,-0.065772021593336
-0.769963773661264,-0.0293675385288157
-0.736861152166385,-0.12178465617815
-0.635321096250522,-0.0473379365452821
-0.71984901631237,-0.0212070972782891
-0.765199056099168,0.140040775015547
-0.851686592022554,0.0815739003640735
-0.780948457259824,0.0796451993604886
-0.778962207622045,0.104480982846288
-0.67188261958389,0.120992727376695
-0.898637749923467,0.201280608582226
-0.84877694354811,0.206245310898755
-0.828063530004844,0.203206204744521
-0.736123704596317,0.169702674234075
-0.821072192040709,0.350192265137885
-0.892602507754281,0.255844841134306
-0.757212378430272,0.169592026088076
-0.799609925399134,0.278778733138056
-0.634764611784923,0.365124077554623
-0.720713075828371,0.283895402300602
-0.802597185824013,0.263810384571216
-0.767124320388117,0.208035494547525
-0.700495925764256,0.303322743947235
-0.796047641200145,0.31890922633032
-0.796090524382488,0.320381132644443
-0.753316711464242,0.264838421562751
-0.731445284398848,0.304348215717856
-0.791350327573964,0.303818490372601
-0.691830909736715,0.294584741272349
-0.695262023794293,0.291609460435498
-0.718887355221531,0.344780961238265
-0.647148433633424,0.343374566138163
-0.710425052702665,0.360552594510466
-0.648712614508542,0.398346865706856
-0.661794166368045,0.286239841007431
-0.588096120633067,0.406556976707171
-0.624314027887917,0.264867511618096
-0.699311993987608,0.340441469268612
-0.696642290303545,0.479539376592585
-0.751040426855936,0.402592663556733
-0.670510839542343,0.38791786489242
-0.674339112198616,0.390213922297481
-0.668286315864509,0.414018552755475
-0.65176941097561,0.351800588642095
-0.771098239472114,0.357935592165313
-0.665334679943947,0.409983293463217
-0.701342368040065,0.433550210499164
-0.597879456711821,0.417711218216306
-0.633244915416354,0.436943223901676
-0.619421108037383,0.342090547575773
-0.682620961593261,0.455798968341485
-0.602240258202895,0.428864829415289
-0.636387668412919,0.470936520482772
-0.601860335641681,0.440324167496568
-0.673216044503946,0.498386291142211
-0.704722745296915,0.476293283991323
-0.669170753094621,0.431344832257322
-0.619740397605938,0.426121179620809
-0.68999557779623,0.420669800220958
-0.611740361656295,0.477350396930586
-0.669639326955176,0.467107033493581
-0.586700185997058,0.653070648365524
-0.698739314409148,0.364817507328388
-0.449623514123551,0.535065814109924
-0.636542889575319,0.474561584578479
-0.712548606761602,0.594589737645741
-0.521413076278368,0.606214923269498
-0.566310633819208,0.590534062191501
-0.656443524941812,0.517864711367033
-0.62748437451167,0.585617610735399
-0.605775392301214,0.577974659331119
-0.610558432904147,0.650574605553002
-0.656822234377293,0.552759399107657
-0.634708212071686,0.525971012568165
-0.602493030877074,0.576965670862579
-0.701652403921418,0.506317984359061
-0.684622412253883,0.542892786228984
-0.720422579512852,0.492784039403317
-0.75529550980226,0.503116787501762
-0.73213818316541,0.476710316570455
-0.658366258947056,0.345227762961142
-0.7287512352742,0.199545610274813
-0.692014417475297,0.340261364123641
-0.653222628525562,0.298958401486458
-0.790600973103816,0.429086205878068
-0.730929556547502,0.304384160207626
-0.658654277178785,0.308518032991689
-0.725343694663858,0.192624721248674
-0.795360964471599,0.352169501422997
-0.6878802747292,0.20585177164974
-0.805469098164551,0.126049037049633
-0.778255770984871,0.20703548797042
-0.712648148360746,0.0604837305676442
-0.724030183616601,0.00810909777424731
-0.78250693776016,0.0636324338161496
-0.80679127910603,-0.00334428925650417
-0.66638124816455,0.0334541644661034
-0.800673469112708,0.0212741326431113
-0.825508685563792,-0.0952361600425976
-0.793320688679713,-0.0132913345275527
-0.899266445986574,-0.0462712396101415
-0.79253170416348,0.00451008270364901
-0.818943977570145,0.00708376448235282
-0.70752264598408,-0.068447425450557
-0.826448332871684,-0.0448561013570583
-0.858349393085086,-0.0751945713906723
-0.813978440662271,-0.0410858941662218
-0.767672950723177,-0.133539480336884
-0.815325629408021,-0.00573016754151102
-0.744621002626739,-0.157079981072037
-0.738522835653958,-0.0778347478174812
-0.751069520102059,-0.201516305457678
-0.753866785234289,-0.236133072417114
-0.648830136364215,-0.0380871268734869
-0.710552718243915,-0.209484957217465
-0.666497597425296,-0.148772848135809
-0.710656845303082,-0.113505172024876
-0.68624441046307,-0.244731872712897
-0.682002021360512,-0.132715061145835
-0.665780719647232,-0.115216375856653
-0.692301577475412,-0.161957867750976
-0.699314697741817,-0.214447318873847
-0.682389025169843,-0.197809417872013
-0.681051578478976,-0.228140988972453
-0.708866711382376,-0.220339665473048
-0.653727844841146,-0.0327689520398681
-0.662068989691453,-0.189509869916603
-0.785825939999926,0.013464896405981
-0.619221230026654,-0.221695579935747
-0.669069087892001,0.0156992240109842
-0.68702838302066,-0.101997798412881
-0.725754531544934,-0.0292242403977758
-0.668078740506417,-0.0296042725725364
-0.621143963300115,-0.0822476015161831
-0.507903977276497,-0.136334453830114
-0.761041829520965,0.109815246919684
-0.786800900594486,0.0540456636347555
-0.812957098796537,0.180671217790369
-0.593274055805809,-0.0325201552432458
-0.479907943171635,0.0690312161420595
-0.590174399730236,0.0188805686046637
-0.564796204253703,0.193353105984276
-0.750064665368391,0.118995629806058
-0.652967566919452,0.197329299178079
-0.588872726549802,0.0976181683808377
-0.590535199772536,0.188827750253269
-0.588294406412815,0.233063590519874
-0.796976286447382,0.2364004017602
-0.628021553480541,0.242975029046149
-0.731514509063429,0.28958662198468
-0.651437556948429,0.199174827088489
-0.648008236853256,0.261367825734813
-0.728525914859943,0.188892775592767
-0.708336410423838,0.291046233384085
-0.684252746041975,0.169848960206722
-0.741531716719047,0.300736596265694
-0.625626901999184,0.392134337684149
-0.732065765092574,0.378886371839671
-0.649359850429741,0.382791259954868
-0.618645223116698,0.44108426882627
-0.634487281996876,0.503880069800308
-0.515183101799996,0.456303763296971
-0.556643771109605,0.549900056591298
-0.565141500788616,0.545825133773309
-0.515407553437705,0.564316487579556
-0.507699860437934,0.614269772082944
-0.554206550559652,0.599807683517982
-0.401718096222664,0.719167463990642
-0.528548644315445,0.647233865100254
-0.344218101879162,0.710184479154415
-0.297436172835212,0.765629307967505
-0.344095899601586,0.746819988407991
-0.351792139976004,0.571446497166157
-0.320417305404031,0.744379532278266
-0.329842610404999,0.738986747757881
-0.284574469668234,0.591992613076322
-0.258229239375551,0.764125483679292
-0.345528626266735,0.808468748906466
-0.133523116561714,0.713864676919298
-0.242027822508887,0.718453974666055
-0.284340093412342,0.856585787516468
-0.278394387998915,0.83113670252233
-0.292223212063354,0.77452632044867
-0.204414852045344,0.763766206530861
-0.241736527543493,0.871086223675043
-0.217472781804293,0.730677880843333
-0.110191451015763,0.908791208174443
-0.227879502668196,0.837157630038422
-0.079097306744348,0.786100845582606
-0.190709672666362,0.594576276099185
-0.186163692573211,0.866884541918658
-0.0481132578105665,0.81478870728147
-0.142869650468402,0.76485021760339
0.0919519464105072,0.709830511489005
0.000928505053753993,0.783797891924812
0.116906173943448,0.764461375349697
0.164173097367875,0.816441531573542
0.15229581948823,0.867171958173588
0.153140672098724,0.882382764075792
0.169616121066373,0.815692853645325
0.190411838387845,0.786328605954569
0.318265445849818,0.880912274667426
0.121796135551266,0.893970019812216
0.240851875926492,0.765519359081097
0.20712391647702,0.820732871227036
0.265321876027984,0.853520628708861
0.21899430543255,0.826017600025131
0.269685765359177,0.691467857592672
0.371592934435902,0.838726528875878
0.326218018346038,0.808953816577953
0.300509007651344,0.77100282310585
0.35794744490115,0.708857879724402
0.296383106833279,0.730202652265852
0.308785406916964,0.610411963261506
0.345354734556544,0.534541858552596
0.413203429168531,0.647511976693111
0.158971773195392,0.663188536754146
0.290660393173606,0.529898250750254
0.245241028638868,0.568661850574143
0.301753761155674,0.616325824262326
0.243213825906126,0.475180152682373
0.275593088603975,0.602666875014293
0.187901259352762,0.588174253126396
0.323896486464905,0.655589472761253
0.324821635112864,0.578858711235733
0.173261000496708,0.605213463655403
0.229155464296559,0.597262753704947
0.285062519289989,0.51503754688207
0.147346663736604,0.536028729614897
0.11886374646446,0.6068641248154
0.382295241234451,0.589671729719229
0.218682737544989,0.671784590202711
0.229828571545338,0.657256791191171
0.190794262062609,0.434669948000511
0.120869100723375,0.59932227796177
0.179818820088119,0.427228497549467
0.185280122271523,0.564974670632377
0.0960609153148081,0.744648186960359
0.158531449900339,0.65046133225248
0.00681248194623921,0.588762465883102
0.147761853980337,0.634147910741336
0.23161350452704,0.658868795875899
0.281120683710085,0.658228714164506
0.152929240866308,0.629965122097389
0.304088299604096,0.595066103942535
0.243173268009594,0.713848120632099
0.333191360947894,0.611708370545977
0.284800003006001,0.650113943382246
0.237919825983024,0.542731641048027
0.254572799646615,0.678413863976501
0.324398150503743,0.582763537022047
0.271271562336361,0.717574519874232
0.252256417836755,0.681799602903649
0.272745672663936,0.641609454938885
0.192550892221763,0.633565009999824
0.222859257983444,0.653148035288138
0.269618829514076,0.718404124466414
0.247676307090774,0.556762386374158
0.112816900174523,0.633477045026236
0.164547371922959,0.653328646773646
0.271093891676909,0.619318653654599
0.197851623115029,0.697563007525136
0.271914835930971,0.572993879007976
0.307508724380918,0.711727500506141
0.187518281491085,0.713272057597585
0.0655373007434722,0.693116043681712
0.0768340538473791,0.661211763137856
0.0510704034141373,0.707984100262738
0.0901180236034948,0.75775719751552
0.0119179255952888,0.598327008204026
-0.00943666782768134,0.476293266044543
-0.0297723719277649,0.532406970483581
-0.00861108328101301,0.420954205277559
-0.082762645335057,0.357291376328708
0.0528447115474392,0.517598839519877
0.0640865381453247,0.324701359198488
-0.000289682286037396,0.399139249469217
-0.117491095912188,0.344032999257951
-0.186287805162884,0.15036103538995
-0.105693319793904,0.249475594131991
-0.278363797345222,0.236814188956492
-0.0170821370322012,0.306710880114672
-0.209235720995348,0.231088278335439
-0.212278748840894,0.250652233254382
-0.046868305111519,0.111724005456942
-0.401052856472081,0.178830634249859
-0.122662845348307,0.104365352226867
-0.244701424447293,0.202011147393468
-0.231250896709771,0.0014360229658059
-0.0863009055320847,0.183800744759849
-0.227225399751562,-0.0864860152957958
-0.195256953932515,0.0114560521011853
-0.283883273729395,-0.118270892914828
-0.11292609257792,-0.0943165951492585
0.00511787435056834,-0.0680887145254679
-0.247197887757782,-0.00903975899059952
-0.0783226594456532,0.123604554412072
-0.188602200869371,-0.0623675447454776
-0.203222032524334,-0.140299702285205
-0.149785661192304,-0.171046676749998
-0.0279946055138137,-0.265558070786891
-0.18496183847835,-0.0984514697590302
-0.224702341060791,-0.0839883553931429
-0.0318625817210073,-0.240101564889203
-0.297299581711878,-0.230820040359268
-0.267650857432534,-0.25578005922588
-0.0780044025109217,-0.294458920547078
-0.233268394302442,-0.29975852014076
0.0587328310232187,-0.209269686661959
-0.104550972290242,-0.32491054054903
0.00166300115442211,-0.445885378678299
0.0771017629930846,-0.433297374354048
-0.0561795172693358,-0.407063140182021
0.0963531100809801,-0.449860840854047
0.168322545587882,-0.524518156948845
0.190595482277956,-0.508197748770801
0.156981326054973,-0.361933851428508
0.182085242478487,-0.59429371698702
0.135310211686069,-0.542743552229464
0.121827526051799,-0.707914578004835
0.207585194366074,-0.615149165900701
0.238188133035724,-0.651113325750367
0.0498973966603054,-0.650846941788326
0.228102707494707,-0.639414913510999
0.131001835777774,-0.646913725807189
0.204664373013772,-0.726125736550878
0.124936507215718,-0.682572086085477
0.152300985099475,-0.625192150544374
0.24225801718941,-0.762095679734132
0.144790733621449,-0.734574831953708
0.185433091475264,-0.749331072710541
0.191521563676494,-0.708540406295816
0.160900892085647,-0.783401060275489
0.209299748596251,-0.766406965568218
0.234404291288329,-0.83833550567404
0.268782366846677,-0.763153902404751
0.211832484514063,-0.838767418079767
0.0894599110616791,-0.757993014657512
0.139083120704384,-0.685661477400957
0.116568205830216,-0.784391466918906
0.12429380200979,-0.762898952301114
0.0640309765452615,-0.737890642362513
0.143004184886579,-0.683427067671062
0.079199064657471,-0.796009030618229
0.101399392755903,-0.75542382164798
0.0465946425213481,-0.752426543337153
0.201643450886671,-0.698521182077867
0.0645138220042757,-0.866991609070225
0.0324592561153809,-0.858003239851201
0.0173825244795279,-0.696530752226757
-0.0118181896922043,-0.859038718335288
0.112766345098684,-0.73894455704677
0.119954377568498,-0.824128153896985
0.078480310056644,-0.799841132957569
0.119755855811796,-0.764620674481469
0.0139373803725528,-0.733285684031195
0.0596127856690487,-0.700939173114705
0.0953410131811081,-0.836965221431264
-0.0460950995606806,-0.753955542375883
0.0317679488474309,-0.771191746065094
-0.0228527962221881,-0.793402837689434
-0.0167135941892898,-0.654789635884301
0.115945269859792,-0.784105170105847
0.102268675871509,-0.773972344627708
0.0249535354455961,-0.728803935493253
0.0434527566501813,-0.75333002853896
0.0813676906234897,-0.701050586816476
0.084600960377939,-0.788129058155809
0.0726426523246588,-0.795772972166209
0.121388177536337,-0.708139565003912
0.15122247459709,-0.7126376533728
0.0685273154384228,-0.735139085059704
0.10382731128143,-0.610152419848364
0.172161625484588,-0.709464488846671
0.188794487190834,-0.74943993991042
0.136346345239489,-0.706823210111984
0.125683943019959,-0.767122960243223
0.163980100632683,-0.65208883994246
0.166541483187005,-0.796705180297397
0.233892938406109,-0.768898581360116
0.142455385764019,-0.713027197968035
0.244851335251529,-0.72513059320469
0.179953702088962,-0.677245035527678
0.141116599379622,-0.70153695041716
0.173504691943683,-0.733358477669224
0.119111699700205,-0.704588012587832
0.215866138494681,-0.665335190833205
0.234957748049578,-0.728136518518474
0.163883644218865,-0.659594245823656
0.138558001187199,-0.71481579251506
0.229328388547574,-0.738131014264531
0.184392522790365,-0.680133846484288
0.185001063713881,-0.627174873871587
0.126228404374719,-0.623458572034675
0.155898022113985,-0.628897855563748
0.15084120403843,-0.672998092404623
0.120476025590337,-0.598333697787312
0.177353125726452,-0.716258126847603
0.12536013907587,-0.695501154238634
0.0855968385832091,-0.73430266928105
0.133682760146414,-0.70207379554718
-0.000551131476433172,-0.607814924564517
0.220348960271606,-0.531571346303135
0.0950308281347589,-0.499365323579254
0.0355004043559618,-0.592868777912328
0.118002752576782,-0.727530424298338
0.189394763848018,-0.684963144482497
0.0658673995320925,-0.645955898696703
0.104739755414371,-0.566600220944808
0.143253660295852,-0.674558252794747
0.165818613682749,-0.724938112805174
0.11286916878482,-0.636249361722984
0.0810682819353476,-0.583754106067494
0.185878638837514,-0.595388620244235
0.252171924013992,-0.578997391680305
0.107186310114504,-0.612723226111461
0.113448981413078,-0.561311040225197
0.305559934582545,-0.522268307566426
0.482034572330615,-0.474717656046107
0.353435172339212,-0.461059994074509
0.374337959139839,-0.352974686047648
0.502398836559444,-0.292149002497512
0.550455368764134,-0.421867415858138
0.635687444090174,-0.238398399253556
0.466698720455992,-0.282891508073471
0.58935785419184,-0.343557666803121
0.682160676352988,-0.25215510848735
0.649607838425691,-0.128915311231313
0.801195778650353,-0.0543648669413085
0.657317624764552,0.0445053131881198
0.701488829133534,-0.0698966591713844
0.656471018288649,-0.0103752283686179
0.615353623453058,0.0293891306558194
0.584778138686165,0.0105298417389882
0.590589110000736,0.0862471416912344
0.692397074183096,0.0707767925494732
0.658596984146765,0.130409374840035
0.621789131975653,0.142498850515257
0.671905116998647,0.075398416345119
0.651352289927558,0.223207194270952
0.657675928294352,0.142850546721962
0.601228659818988,0.143259148803717
0.557510065275004,0.147238379842412
0.63753351809192,0.120754348852466
0.639530161304139,0.192462925476384
0.588342827540481,0.107928727739358
0.56049285033343,0.175791121048962
0.56508419907956,0.165593030835305
0.584047454245115,0.237683584369415
0.653108310171897,0.131356561772024
0.648678217026216,0.175535785757679
0.71836441582209,0.0769565333516121
0.609475168202282,0.0235471700824662
0.529211090375211,0.280454016023089
0.645229919698784,0.134357542267134
0.693201739030575,0.0558493310512119
0.563486971487427,0.0833925979607007
0.705194673709453,0.146871871059873
0.688568930412021,0.0924655011779304
0.648185075291442,0.0130523569530955
0.502477109706016,0.0807267175879901
0.588811668626531,0.0401397123697468
0.660849809458506,0.0349352299403171
0.579608334528684,-0.0752226646671283
0.653068741026365,-0.0186859489337358
0.6152026408745,-0.176366494004491
0.742355541843202,0.00171017762725633
0.638355760909204,-0.207683154796583
0.718976604919223,-0.073328705909278
0.626533070294779,-0.309303544091849
0.672345610729082,-0.246142391284827
0.613645690568417,-0.249837670237928
0.69948045644592,-0.350465979143007
0.688732234549841,-0.271384338409823
0.562713622592824,-0.353618399718827
0.636180474503148,-0.288045787576664
0.66258832388092,-0.258142253502514
0.63821408986369,-0.276090169574937
0.567396053243566,-0.436933221388878
0.613679689319919,-0.394878406777406
0.511815360603275,-0.509223850473647
0.51960488802282,-0.481386076661539
0.47239735369731,-0.573267532614904
0.490228484105232,-0.565031374815509
0.441212553464525,-0.57714896484378
0.35317941621508,-0.545842199151311
0.370287340040463,-0.709527018347105
0.364319157186646,-0.627432405707595
0.37694667155433,-0.521713314145338
0.264555891710858,-0.557990630276052
0.153593668833616,-0.64629970470396
0.193207454648145,-0.561923974069021
-0.0331991587461141,-0.548410393956794
0.0909411261241035,-0.648785095721979
0.0647264166198074,-0.464580939640617
-0.0505431389770419,-0.474654737203866
-0.0427465072271127,-0.59894415620047
-0.13629504073883,-0.631470929293191
-0.209898382087458,-0.548843593465615
-0.241095917878435,-0.555961994896993
-0.00958858516466139,-0.434718143258108
-0.236615829284453,-0.575751848259054
-0.281812896490572,-0.375247741209762
-0.233989481551188,-0.616485729528796
-0.139240330942184,-0.369653685789482
-0.357472985924551,-0.458039729880625
-0.373445551977154,-0.293049628816054
-0.303403779308875,-0.412657641039305
-0.477209270261033,-0.285223880412255
-0.403538526436087,-0.364382981073116
-0.457277459864816,-0.265615455923
-0.397923208967362,-0.267718266014374
-0.452702390916065,-0.17051607342216
-0.36216310974609,-0.214768489207818
-0.322935090645151,-0.230102648601159
-0.459829333848011,-0.14714583225272
-0.569505809348911,-0.102625680729976
-0.56027665099415,-0.0990198917381427
-0.353767042337309,-0.0850818111725638
-0.507805900673948,-0.0402751999132801
-0.585935294490002,0.00403690168802047
-0.620937259934746,0.187037021243012
-0.569830175667209,0.29048772753836
-0.615119269475553,0.142624392779911
-0.558197622317199,0.233730931521889
-0.546662440522058,0.362129706613978
-0.571545169847446,0.368136970353658
-0.591020533554463,0.31676075690709
-0.393168522450494,0.439249476650395
-0.534316922880685,0.45245206628521
-0.390291013565092,0.536011905628135
-0.569287231895585,0.482020480701996
-0.397784855171129,0.47762671626647
-0.556634045886001,0.516647583838438
-0.463348601365108,0.440377562584477
-0.475304075961623,0.23711699765068
-0.315624607900038,0.42652857928039
-0.44125445187366,0.370892666170611
-0.505222178092072,0.519069688671348
-0.44794344118529,0.521823151040839
-0.340339615438628,0.531281688136242
-0.496500280359394,0.510902776645101
-0.531001761846874,0.599020742348277
-0.393658770617635,0.521683585644839
-0.495649452502894,0.501435101806143
-0.511203113621766,0.599521187253639
-0.496863430960819,0.355720947934802
-0.330624996386877,0.550237284618663
-0.422705757625175,0.693460570585714
-0.391568651793745,0.569935582950281
-0.47544416382287,0.55314982799201
-0.451923475587909,0.469869462588584
-0.48554972758133,0.603703740610602
-0.413327984383813,0.612336385103421
-0.437295262144145,0.660492394220338
-0.48572452075717,0.490069160377031
-0.445371167649544,0.483175177050274
-0.432035171957558,0.570535971645866
-0.526329848223378,0.541674934844431
-0.528672976081883,0.465392214398238
-0.424036582084069,0.521928087192228
-0.528654807966892,0.427882411695014
-0.447406679768316,0.589527354387779
-0.647620882704831,0.464905506925649
-0.555048302167783,0.57297065644331
-0.517696220192923,0.531812008980543
-0.520776641404389,0.510454179111879
-0.502445741865222,0.533680675081993
-0.534954447547429,0.567575865925319
-0.584812020550096,0.585460611272339
-0.529817463892419,0.61200452021013
-0.530762734717447,0.510558840441643
-0.512942032486764,0.535685884623541
-0.5734950635407,0.651067933823854
-0.502550636900315,0.601265764664815
-0.510329905999418,0.541172744142695
-0.512070108007693,0.642634131554721
-0.60428176914693,0.598920630321456
-0.538780830535316,0.649453168929767
-0.592725168570878,0.569651706806084
-0.512635662536135,0.679676066946485
-0.543209845661685,0.600524276450865
-0.508339278087568,0.686768739393161
-0.524007871943459,0.680141960918525
-0.514235675503689,0.771550136316559
-0.432526873579278,0.712019074371092
-0.41399652291457,0.713676402720372
-0.451907812911445,0.647765054739416
-0.386298567117356,0.734296066742825
-0.368838356486096,0.758499776871637
-0.287421529582445,0.797305088420298
-0.288228592300173,0.61884541997654
-0.236890818310619,0.856015626625629
-0.209736603925789,0.639580570547782
-0.245903385486573,0.7949417695372
-0.30074543303155,0.708504829614986
-0.172539758007972,0.746185810045625
-0.0547549538790695,0.715814834433884
-0.160876212439606,0.653817204632316
-0.1293169562315,0.591093432074221
-0.134521633606317,0.675651224102712
-0.148088314934021,0.72451703707873
-0.152861187416823,0.730977978053138
-0.126717741141313,0.810556827459088
-0.104546781216256,0.859222994130748
-0.175789458575157,0.834091969488201
-0.149691535081394,0.753249195456487
-0.0101694110990266,0.80332474256192
-0.138765536987885,0.776431386355691
-0.137285902523388,0.789901701427468
-0.113281645479218,0.804178302958923
-0.133483049373683,0.844038771431635
-0.0959190597037435,0.843984238407837
-0.14016784288917,0.783936187164233
-0.0670685083532269,0.719687066814129
-0.14792648314931,0.753088550225275
-0.0882578091941802,0.746635295768695
-0.115728124338364,0.690787006258253
-0.113196770156294,0.765823093839236
-0.102042283024778,0.734707128520361
-0.0971059611599376,0.758077030502503
-0.166843281093855,0.733325364622109
-0.0143752608627408,0.72033975532614
-0.110995361812117,0.701987752730857
-0.0967116031394447,0.718816249038511
-0.134580814376952,0.772419853814848
-0.137306714976514,0.826519564033454
-0.0773890974694378,0.728687782731665
-0.156229832829487,0.77158708800221
-0.136854454383989,0.796517521520842
-0.184590925867004,0.801395765661303
-0.117318026832556,0.835026577676709
-0.110702980988454,0.829075741385112
-0.134508390522705,0.797173409146723
-0.101263168545005,0.844152275094345
-0.199757733002627,0.733042239827743
-0.159840106692833,0.874466684965048
-0.08181105766146,0.802572411732187
-0.107992955325372,0.820944190589434
-0.116370281406527,0.867085249210025
-0.0963543701549458,0.796062018942227
-0.0838901642088196,0.839203063347321
-0.00420697619301025,0.805520686787297
-0.0721823179707974,0.880459131195484
-0.0598452577914101,0.828303929466677
-0.087887836385599,0.924695140790289
-0.0525904912940724,0.851500327053073
-0.0439410477538397,0.898691048846776
0.00609626339845274,0.837783962594119
0.0891522777713965,0.865747112764709
0.0417066295071819,0.874932272316005
0.13421898117337,0.828650023799638
0.0892930840349234,0.803633221922318
0.0873439155378378,0.795354389498214
0.156244461229261,0.849785535691802
0.157519687950044,0.789884900325309
0.0900922469217105,0.811152518446346
0.241228025700049,0.752844502798209
0.231274523696895,0.795637059669529
0.167427054469024,0.828067103846724
0.202697391572384,0.717332761950421
0.0974505333053427,0.796970340435778
0.198848765817156,0.782425970292048
0.125833726045922,0.66234998236522
0.153137084989848,0.608122717774917
0.161407342739579,0.778556191996268
0.241290855652558,0.552654173324508
0.0195545924610387,0.67230165286642
0.166153188628124,0.798254126359313
0.0494623455393282,0.691289856436926
0.0998384465274552,0.626758739181342
0.08,0.47967689305491
0.174315159281714,0.638254126359313
0.0514548106464868,0.599202932203467
0.108664303422222,0.671859245077917
0.0156351606067884,0.664588494899318
0.16225338321321,0.696465777124401
-0.0477039870729835,0.632567419316193
0.0819583319530474,0.571449026754953
0.0903957274274636,0.538195338257291
0.011345065080504,0.641446910093565
-0.132171618092926,0.565295682394445
0.127916818400423,0.47730725489232
0.0969919601527293,0.542411072505978
-0.0961933647238754,0.518571192978842
0.0442229123600034,0.619148346584763
0.0779473319220206,0.453625059339022
-0.0331370849898476,0.393137084989848
0.128817020200927,0.454684142558045
-0.111900222595959,0.376162296618648
-0.0309668407078237,0.251329109315599
0.127492816392535,0.323532812417311
0.0807748281660485,0.295538982498444
-0.00603421195959886,0.167963607960881
0.119054487003584,0.281294562759761
0.0338271849325398,0.204852813742386
-0.0845477439444623,0.213569453351651
-0.00881281771760926,0.222741357562384
0.0496630606745586,0.297501924383059
-0.00671798822648626,0.173589079790987
-0.0654841255830557,0.182091829740665
-0.0966329435385517,0.176694243825812
-0.0833333333333333,0.133461164348872
0.0254989364165775,0.205136667808802
-0.0676543698650796,0.194457086314922
0.11382718493254,0.0240613588874585
-0.00879773408334035,0.179526698057209
0.100723170651887,0.0375372849390191
-0.0205974579204899,0.15851232090614
-0.0292372795749339,-0.0413200013250745
-0.16329801516839,-0.0286243136304403
0.058162370564603,0.184984440952339
-0.173096682361938,-0.15886164959111
0.0539389581664897,0.0505763413593328
-0.103834470694664,0.0595485425700312
0.014618639787467,0.0419499027074568
0.076627330596946,0.16842619828067
-0.207189335886782,0.176348200920357
-0.122785334830884,-0.118679998674925
-0.105994398033576,0.137856979754583
-0.245431289586394,0.0875246430863903
-0.0170109502834272,0.0882188958832611
-0.294454515529486,-0.0220522508969341
-0.197373629798089,0.0631380078210479
-0.251927962818177,0.231511151806379
-0.278679998674925,0.00493595267357171
-0.271270321213577,-0.0174593575728465
-0.275777087639997,-0.0786799986749255
-0.353137084989848,-0.08
-0.40669995107932,0.0419695291467934
-0.409749115837275,-0.145585307144216
-0.288153469371819,-0.263918907244002
-0.211681743893743,-0.175089987447762
-0.383951826978181,-0.244514935425363
-0.393001648758846,-0.267554579751396
-0.327373860576561,-0.334451506301034
-0.372549472426986,-0.303729051489043
-0.46382589798222,-0.423296627880884
-0.515130404009791,-0.348383996021242
-0.457330601750561,-0.451860782307668
-0.466996251549553,-0.435630151362051
-0.47960703580189,-0.461565367754937
-0.466541609615031,-0.443967388452532
-0.438416097012904,-0.525825774474252
-0.466868664379929,-0.52484179282242
-0.35743393006267,-0.535122466424697
-0.493590224922759,-0.568531125509249
-0.53768722353099,-0.599335245948512
-0.359449859385924,-0.492168273408163
-0.563699721315029,-0.629754251540804
-0.611639431593411,-0.621341963665474
-0.360691832835727,-0.549720546686139
-0.546304200200331,-0.55343605411302
-0.52128596897902,-0.616289067530248
-0.487369471716761,-0.571346710432697
-0.506368083408656,-0.656054107026758
-0.535003733518088,-0.449183245237392
-0.48895947739431,-0.613228555860223
-0.520712775358828,-0.508897796105424
-0.503622599908694,-0.569235838889634
-0.46974993071833,-0.559756050742373
-0.532759100548679,-0.555970024839978
-0.585287357260501,-0.546066585737831
-0.541783613980039,-0.627539617126533
-0.519309989248507,-0.521597647095795
-0.628057512349224,-0.470706872851117
-0.652767089787758,-0.469826092416626
-0.667516242055608,-0.466938646176391
-0.515118074389053,-0.356179268226557
-0.552111437142971,-0.46244915558239
-0.642658217292942,-0.395753307032095
-0.486996844322895,-0.389605861864707
-0.477411869167898,-0.362027253783283
-0.587659674075348,-0.444098312756066
-0.474439049167756,-0.345701193826984
-0.470761309966779,-0.270477455900362
-0.484896699794899,-0.37492543422476
-0.58109824929222,-0.334295532842377
-0.310172888547922,-0.238579536322036
-0.49287276614678,-0.295228914730513
-0.375145775799327,-0.319006419551555
-0.31370917624117,-0.252562313359016
-0.313911913155896,-0.26572082026632
-0.474133979369833,-0.29234563013492
-0.37862210228099,-0.2910974591946
-0.344573934355611,-0.267961537187428
-0.379357062485899,-0.126452354161966
-0.446833151935036,-0.159579287161963
-0.325113686332188,-0.0465463204597924
-0.377533424387017,-0.11872729920874
-0.47364457234521,-0.0640965188868295
-0.348178695421535,-0.148687370663257
-0.307256622426928,-0.0212206514515985
-0.338887290926767,0.0829793426907192
-0.283225229561384,0.109570082945603
-0.404634785502721,-0.0664048502113703
-0.332331386690362,-0.106093210889847
-0.213506783784975,0.169898311370973
-0.269230769230769,0.0384615384615385
-0.247003431585073,-0.0534649163247645
-0.272184076662376,-0.00617281506746021
-0.359899550809978,0.0390672128676753
-0.146542709843214,-0.0865472192216582
-0.0399835670287061,0.0425220311153879
-0.244852813742386,0.0682842712474619
-0.10733126291999,-0.138151452204778
-0.177686563115734,0.0812974358044544
-0.171022499487962,0.117748134081552
-0.175363383055695,0.161983353783312
-0.29123484998512,-0.00499813601982568
-0.302968257401254,0.179773336463834
-0.38268259493484,0.0815892439830632
-0.173837937360507,0.055662061365383
-0.199927566533259,0.15311300827879
-0.260916173249784,0.103629659053796
-0.161426575300761,0.220795392820098
-0.405212842535875,0.18885287405998
-0.266964269922387,0.312184076662376
-0.211041073467891,0.302388502142647
-0.377118945290108,0.195000140061929
-0.211445045741426,0.159902419613796
-0.0541010211434334,0.243344516238294
-0.0829642699223874,0.136061358887459
-0.196323850091193,0.153254661193892
-0.0601615534725448,0.22115844785253
0.00749281639253473,0.156406989022379
-0.0322127853100114,0.289298948278597
-0.0584533219758915,0.0344010458076891
0.0536005035370355,0.218312118185182
-0.0767758621749856,0.187198789732639
-0.0231225819857327,0.151638703411119
-0.0510554381862576,0.184158520795372
0.11229434878813,0.322067464033974
-0.0670382010839164,0.160917014502788
-0.103513817177961,0.238579536322036
0.155721060295632,0.338638535252284
-0.0124477455982024,0.212469928095573
0.195745161209726,0.333797435734305
0.119503263655814,0.0475473312280823
0.22163022327708,0.349195437787788
-0.0256743860938534,0.212905150228182
0.114605130660367,0.325340693215769
0.150251742575524,0.104877779530575
0.049274971523474,0.182545725498057
0.0425031595391027,0.122630176156488
0.127023822717174,0.292060265433754
0.0400765516690075,0.177743617036332
-0.107091515073032,0.140336860471412
0.0913487357549356,0.0286512642450644
0.141274909226435,0.103868608789818
0.0883984723762112,0.0517518291537701
0.0901403452074415,-0.0108756003000894
-0.0461794023296387,-0.0678566742924803
-0.0764566834771624,0.156089929135765
0.0958200559002213,0.0713223856944292
-0.056869323798065,0.0560991858629824
-0.037378811505608,-0.121267423524863
0.0918946832117303,-0.0125216651567307
-0.0188537027728499,-0.000419471828138245
-0.0345283447761609,-0.0283354960403384
0.0270841842639124,-0.0523416851295487
0.0148662819784782,-0.23169462252169
0.0360703722694041,-0.113382100326956
-0.0503438434649695,-0.0939917646700826
-0.0864262871306683,0.0347569510395032
0.0626184086979821,-0.136988991445797
-0.0569051275598229,0.110722376204622
-0.0728623049148379,-0.0978336086104354
-0.17464099201847,-0.123727232873796
0.160960387078512,-0.171352012408986
-0.189691167844505,-0.0477385128850547
0.0934838682381395,-0.0331758433465904
-0.207714778207594,-0.00992228438313088
-0.0598434206835476,0.102182661054209
0.104061358887459,-0.0861728150674602
-0.0561877047550115,-0.0238216110405003
-0.00267525181645242,-0.104897368539365
-0.0305839882759637,-0.237209731599483
-0.0828076356524774,0.0489798223718658
-0.190234173954919,4.44089209850063e-18
-0.0749493576173274,-0.358316452539109
-0.0786773452780749,-0.0986302799505404
-0.168173257224727,-0.287717353764381
-0.1281717677523,-0.201034352021528
-0.169204960705911,-0.156551598242953
-0.142536774840765,-0.266080548597378
-0.242640028975885,-0.191038460264351
-0.243065421080215,-0.301458766504431
-0.230783175276209,-0.270648271757336
-0.439768455676204,-0.127569647191128
-0.296879538317021,-0.144821286131832
-0.244022315061576,-0.188247199653843
-0.381788349234912,-0.14733126291999
-0.239068207404035,-0.276703882265954
-0.244852813742386,-0.0432699040325314
-0.30142135623731,-0.108284271247462
-0.234861504551865,-0.331897651810523
-0.104155145526045,-0.388304340888269
-0.213276899686778,-0.463314555131668
-0.109888887661968,-0.287253864773073
0.120028311929315,-0.404798773364281
-0.159517796864425,-0.301776695296637
-0.210344556494788,-0.573286871937736
-0.0126644866401197,-0.517970315601377
-0.239509931736941,-0.394291009341641
-0.121954672473926,-0.403534544190297
0.00877728987569808,-0.472079034470698
0.00724228709528875,-0.695533162140253
-0.295092272265462,-0.382541883205393
-0.122606017791354,-0.522739541707027
0.224087801544793,-0.623778979954987
0.21655169858439,-0.66518434532104
0.263801365045015,-0.627437106080511
0.0941293623349243,-0.631648958010289
0.253440701029638,-0.545014313551467
0.326846249002922,-0.662236364915392
0.408744776065933,-0.611441697746283
0.32153448405664,-0.719100589708727
0.441627527909621,-0.686515665806584
0.465201807881895,-0.652114995117933
0.298888905389244,-0.529118458423194
0.470695888958816,-0.400544262967926
0.399020017635231,-0.492599851343179
0.470555598607783,-0.516010144062329
0.479890147846527,-0.601679748323053
0.492138239591156,-0.537933465715081
0.435015824597726,-0.549648015199756
0.549302962626314,-0.608177402007749
0.486140255265532,-0.463969765588521
0.413680482897505,-0.441178549507664
0.440911155237488,-0.503630621422309
0.527727305284037,-0.558470860557111
0.400939597613875,-0.559279637341527
0.541416150095935,-0.651581531451538
0.452046646678283,-0.594125060234716
0.498920190148256,-0.670305230343218
0.519291899247511,-0.583000218398237
0.46359012610097,-0.52238530490588
0.482268145488588,-0.558179773051549
0.488964448934826,-0.664701111631804
0.440803073971683,-0.631137648283271
0.46576899802463,-0.637764208280065
0.42421582714587,-0.596256767365407
0.535660626272279,-0.60259013476599
0.414113891927399,-0.562896191513205
0.462975323191237,-0.608041278160354
0.369002698852801,-0.555754021130534
0.545391390446208,-0.657284216772848
0.590923695775869,-0.649688139198997
0.408485523084897,-0.631212071887319
0.331248096558107,-0.58857355579408
0.544605938011573,-0.646582823661584
0.453472492174404,-0.572058840078533
0.535912571011891,-0.665970427677737
0.482507968869837,-0.642462793278988
0.568454835027883,-0.62591588285225
0.502584999213468,-0.560317259896643
0.489449838475612,-0.498378404373288
0.605116161866079,-0.46517701362399
0.500319432189834,-0.524302676631082
0.581755059399317,-0.493509731103778
0.503261767519126,-0.508975967969532
0.533802835891649,-0.551981660739321
0.549250293367592,-0.545191334128246
0.631058901405126,-0.60971461961243
0.446280006199755,-0.46221034143062
0.532371886024679,-0.489606781612011
0.647457987439012,-0.482745448125815
0.5741630928805,-0.425904762412942
0.572983600642138,-0.47749166258307
0.594090341347133,-0.535733427529287
0.626526058730029,-0.52811217410133
0.659742666646766,-0.478108189953491
0.546892651727906,-0.484526309920281
0.686934904513005,-0.398470039130981
0.645692959457648,-0.57623185367157
0.535094197697233,-0.508242891489383
0.518699051818257,-0.480583438408328
0.621510046323856,-0.533717470047646
0.580537372836564,-0.562742802700747
0.629150002217701,-0.5506322067298
0.619297576245639,-0.578467286289061
0.615646164134239,-0.564004570789785
0.514139669576763,-0.485971012568165
0.645357201341729,-0.65035974604054
0.573743822181214,-0.627524579754164
0.458055080287667,-0.616385448787857
0.649336917059513,-0.489726740963082
0.61939611790646,-0.588591800497131
0.611289015485262,-0.544412980017744
0.467779925398001,-0.49070097299073
0.577423766029366,-0.590449046892571
0.520526488611926,-0.492427264972793
0.574414161879041,-0.497537516566041
0.634430602123034,-0.60502428475241
0.61485011272236,-0.60173152123929
0.619874609527951,-0.58788960690195
0.461370815046567,-0.509826262310157
0.501406373394756,-0.619259716163677
0.609848565995338,-0.540007515106199
0.614883281905195,-0.637280445455327
0.542586414198424,-0.574754247543856
0.558100527115773,-0.680207728954573
0.536759763411376,-0.575628183420481
0.467265050074263,-0.562053735703937
0.602058572832597,-0.661343669646677
0.575216686004333,-0.624120481039238
0.506402196494302,-0.630446928692882
0.553685194626327,-0.557500752827839
0.571280353862307,-0.559855122730376
0.511114946075831,-0.514378262846183
0.547106202614106,-0.447718623392551
0.508059389124216,-0.571432131728379
0.347062528471401,-0.455600877648267
0.457180158724539,-0.489278057600099
0.492897133205418,-0.367664305673921
0.41638917213622,-0.500559644769794
0.191232609198523,-0.515685082190514
0.286759891599999,-0.438021334895582
0.372430358358277,-0.32687926811885
0.446111350297899,-0.507835274889383
0.400874567809676,-0.326960711500863
0.219456752329835,-0.324428654870091
0.37735287023765,-0.37862210228099
0.198617738407596,-0.238292419596043
0.122640717063449,-0.523597082906066
0.142976088327454,-0.377799000287518
0.306008704407012,-0.385646853162195
0.173750397394087,-0.338930646121896
0.315387997110243,-0.211927851547647
-0.161703699401485,-0.419147253682262
0.0664233236305911,-0.141685924446393
0.148866033939167,-0.357662513479211
0.144052196313513,-0.352289924074575
0.378616128323559,-0.356144521094339
-0.0644891730127684,-0.318945518889985
0.112669500518772,-0.368506848752939
0.396087850926653,-0.276964888087022
0.116455208902565,-0.206639547957633
0.205181201070091,-0.217110401768992
0.0936327414781984,-0.270797685190549
0.177659475743629,-0.309361270041125
0.0307566413665125,-0.206390385350182
0.0651317887504253,-0.356079549660525
0.133216888636717,-0.235262436061576
0.200275325314205,-0.5370253373115
0.341439396036201,-0.331140611484934
0.364485049870383,-0.383546650025557
0.246059588272038,-0.368044823125338
0.472383310550564,-0.496766985124643
0.504411787272618,-0.408035416564465
0.279893615769973,-0.423905762869468
0.326297174730763,-0.317217637134617
0.34539147566037,-0.43112115357727
0.315674322269474,-0.352487557168129
0.315800265219983,-0.359278526089548
0.390547327317458,-0.374937293166344
0.562594614923361,-0.207736098337978
0.417733116876136,-0.187136856145457
0.452303321007002,-0.395372027598279
0.392193678950195,-0.108118060157536
0.423019039845856,-0.299824118908436
0.604045827354113,-0.196773131415844
0.45492543422476,-0.208385626159697
0.640023061015775,-0.239948658270929
0.580689560558352,-0.215301788184423
0.573734181283713,-0.0388425025069045
0.480241523815029,-0.14802927043991
0.548901831522924,-0.196616324199
0.47790409972681,-0.0815156366090175
0.428775249799402,-0.129269672717349
0.559313061408067,-0.0706958696411411
0.451352816590462,-0.291791620331921
0.614499297094711,-0.216319572134717
0.461248181525401,-0.211005038296478
0.533638675314213,-0.0634912384944731
0.449219997152015,-0.15656943308758
0.386377982749295,-0.226564504565687
0.473518888820972,-0.257025126338692
0.498320835751022,-0.115780875442848
0.478012331316617,-0.00315825923215104
0.483630780356471,-0.0618745834953106
0.659207959340478,-0.069399098524512
0.402728435394498,-0.0598306529631948
0.522045768098072,-0.0862219129418963
0.490807981928124,-0.056628192456046
0.606956267404564,-0.0214147935178918
0.561628705225327,-0.0735848975333504
0.404547417608346,-0.00928189948880677
0.510628451246588,-0.0515188748779721
0.557760053812358,-0.089992370406185
0.511864794485887,-0.122542250124926
0.467306722472075,-0.211957567249856
0.529067242414304,-0.10417331815506
0.494240638372271,-0.0321912786754763
0.379502063277611,-0.0405952800243829
0.598177373161738,0.0383629178701664
0.433858251151985,-0.0753297728562197
0.492078443471665,0.0448983293868374
0.439594312620465,-0.105964284531183
0.253348556135003,-0.259930622986478
0.45245028856421,-0.0544195384356337
0.516414741166449,-0.0218348729571268
0.354768188312959,-0.119998480547232
0.29347439184825,-0.000446426400157558
0.225768202246064,-0.138735674041496
0.166706931378149,-0.204105953288014
0.392010424948858,-0.0126533624629583
0.231487899914427,-0.111016235223116
0.199943578364696,-0.0453244581226482
0.129894581341912,0.0521836500142629
0.0731759051020313,-0.0354708577053069
0.118067836270642,-0.0333915631805891
0.206527455350357,0.255251721790366
0.120422198879855,0.0142724360114331
0.0466627105809848,0.0963531100809801
0.0571976418638023,0.163161926394986
0.166047465666657,0.0604814827084023
0.401410863889278,0.0839167322673348
-0.0030419051155113,0.0839001251794775
0.0701639700370339,0.0752962975232171
-0.0606334496139404,-0.00998365450407656
0.104756560175785,-0.00659798462493725
-0.0637791326278552,0.123761159434053
0.0218666899638308,-0.00720463114666801
0.202909258471006,0.0503323366681927
-0.169105916396799,-0.115846048007812
-0.130132174805829,-0.0332730364470221
-0.0478849340301279,0.137300251155057
-0.314896938838976,-0.048457430218715
-0.0867981020159383,0.0152636923739553
-0.228063929672895,0.0484261982806702
-0.172377828254967,0.0230327668541684
-0.228998381799432,0.115819981544157
-0.0998384465274552,-0.0117157287525381
-0.124158534388721,0.0154030450505574
-0.104864518666837,7.36073740456546e-05
-0.430234173954919,0.0936656314599949
-0.320629901382382,0.0696042725725364
-0.146011261594915,0.0357770876399966
-0.311107679152132,0.0153074911004942
-0.405440148314555,0.0188219257081337
-0.289351919074673,-0.0214433501250185
-0.276903669179587,0.090654579666837
-0.476714384026525,-0.0250487370305838
-0.442416367417837,-0.0639368757697106
-0.200258830943754,-0.104129320685774
-0.512404404290595,-0.156221123041437
-0.351102347153587,-0.0686978153202676
-0.545129171122185,-0.158522359762146
-0.409481153090978,-0.100423037807779
-0.415364840839528,0.037491927218771
-0.20337556330738,-0.0504069385776117
-0.245557151085365,-0.129324427813085
-0.289736313921256,-0.053014154567051
-0.14736185598032,-0.0938979467844445
-0.474749263219932,-0.0481345789427398
-0.19120165069197,-0.234182986790178
-0.162307789249863,-0.15233065987982
-0.408025425669505,-0.0368146117828702
-0.0788969648727639,-0.287840961840626
-0.0388881387391268,-0.305717176918222
-0.214763349028604,0.000656147273314922
-0.244820836579405,-0.169216986159793
-0.159266411892871,-0.194657122931707
-0.19047619047619,-0.0476190476190476
-0.339225505911796,-0.0664982331845235
-0.149825351356081,-0.2084017614216
-0.132995877339183,-0.108996377192699
-0.329822375617071,-0.37620980148884
-0.35955339661634,-0.0883261253948335
-0.363468704574075,-0.339501957656037
-0.145973405263454,-0.244628536160265
-0.202383837787272,-0.252013900976116
-0.216641195714465,-0.236085265084028
-0.16157746113594,-0.394108482706347
-0.129201427433277,-0.241885501663829
-0.386757668343122,-0.227836747476048
-0.264041732448122,-0.295028199595282
-0.0867207293121764,-0.370330929397691
-0.0376557783975541,-0.476304939300867
-0.343443361963304,-0.350592231765546
-0.362936928839153,-0.34712768494852
-0.239639508597649,-0.366918953124901
-0.299585162317268,-0.272181415892778
-0.453750359683351,-0.341711797565905
-0.325870509668952,-0.313269820158369
-0.415203173604338,-0.133693236997525
-0.373429718054523,-0.168923364583661
-0.293961130938082,-0.185258768960067
-0.257047369804007,-0.268321051950137
-0.439524708316964,-0.177242811194306
-0.426508890494508,-0.186476292102208
-0.449969855111851,-0.202883284595592
-0.603688842992154,-0.164537325674477
-0.56095595663955,-0.100288883028446
-0.643857312228656,-0.168929313660794
-0.466342340180008,-0.273772514772316
-0.453853315426073,-0.223278283926337
-0.433692520459191,-0.227822331343539
-0.525541763218964,0.0225102747846171
-0.591320940693739,0.0514079307114725
-0.365724660217233,0.0870023376884903
-0.690216460195155,-0.012185411930709
-0.615063505499034,-0.0782772011653986
-0.490931879345117,0.130489429120494
-0.540633478637114,0.104105640206836
-0.449806778108445,-0.129856527934991
-0.510875696854691,-0.22389474910268
-0.390126613142108,0.116023546870944
-0.621508903466073,0.00147245523081965
-0.524744710536002,0.0281258529290676
-0.407172007004504,-0.0471804284480701
-0.591854355484078,-0.0278395244080019
-0.429177026740628,0.0859852229946139
-0.479654529072747,0.173752829635253
-0.10155287412315,0.201547107481383
-0.305727129500832,0.00472558104133572
-0.381488556589491,0.229369296526194
-0.444826601185472,0.219366846066961
-0.24383565364518,0.150177810392733
-0.431704769934487,0.0381697302829297
-0.197761335852102,0.104520991435664
-0.33020664350332,0.0391529056171238
-0.415561612175361,0.082858476026404
-0.326307664637105,0.177436433637904
-0.244501258229128,0.0274113634930893
-0.324852813742386,-0.0117157287525381
-0.341437610330833,-0.0836997476180218
-0.248649035453258,0.208984010250935
-0.420227779235347,-0.0478517558125781
-0.373955935221004,0.0118707982066543
-0.374039987698232,0.152682909677615
-0.564529706797296,0.124852813742386
-0.265466088435889,0.16070645305139
-0.408356981028693,0.0118707982066543
-0.062866692512051,0.0403364449110162
-0.257785778449476,0.18984755451798
-0.38274717333712,0.214164426675734
-0.587877181400347,0.167056828312097
-0.407087748985352,0.168508212663317
-0.328913776107722,0.272408548467339
-0.301536461631018,0.101631336946755
-0.363133404317014,0.00962567354394776
-0.229369975324225,0.17967437132793
-0.164072633219728,0.157773821692096
-0.327845018965161,0.355725996909607
-0.315130863786517,0.316925828956008
-0.357361086723296,0.264506718939716
-0.409254463613439,0.31946429304269
-0.324588805083772,0.487120215375133
-0.409630253921378,0.29334602883222
-0.266964269922387,0.417198443877306
-0.375920603965375,0.252118701298175
-0.196181994114108,0.38752986966081
-0.212042149629167,0.382638592191861
-0.438344656300223,0.411753916045339
-0.334498101318448,0.417549572667189
-0.391889782033098,0.533852540835607
-0.420356912105968,0.359505772315088
-0.269006025093449,0.672350338022266
-0.318899548261758,0.520286778165596
-0.415263470090812,0.54031910150028
-0.281763556326761,0.651174531087263
-0.330706103458934,0.509046238252233
-0.421265074685661,0.496732779211949
-0.260440565743914,0.407992351125011
-0.320940741999152,0.422635280349833
-0.317832096539479,0.609956486852381
-0.366351509826823,0.655868437760085
-0.354937865386918,0.539299233746183
-0.332102144869594,0.647546580905006
-0.342207198289429,0.659097121667771
-0.338773277171297,0.57383174001557
-0.320080518567345,0.783775927041688
-0.410088105672257,0.657356977992765
-0.310348781475587,0.666058232715038
-0.343178198937169,0.610247149057675
-0.313336528409231,0.738154801135161
-0.265310369235996,0.710354390281181
-0.318238166610723,0.687629885318083
-0.280062423404711,0.677234171042653
-0.384123425428466,0.718866922992218
-0.344254857455503,0.756019397459041
-0.404099907248842,0.720977886049185
-0.350660952471255,0.752046828773705
-0.445873767743287,0.740511445915499
-0.427889283600877,0.688545113999089
-0.493294207511766,0.706587778228058
-0.516691456479402,0.692804944980246
-0.52887139177173,0.711806465274311
-0.570470885897591,0.655964678593886
-0.536988196267869,0.682545115877211
-0.565231807243492,0.695287709595525
-0.543781982457524,0.660804846178093
-0.562310602916877,0.61347719743522
-0.547802014478303,0.666864642384734
-0.659903618646903,0.625976302970968
-0.600792101345599,0.586905278135692
-0.610526810230396,0.60407720120127
-0.725463409633387,0.562215433199488
-0.713925337399052,0.550170029802783
-0.663163331638979,0.505624612924205
-0.748610651753808,0.510838266186499
-0.778539127805621,0.441868576586638
-0.73077259866307,0.515199103377437
-0.706010704286108,0.45809120859997
-0.713095542402394,0.467846506661584
-0.768482568603821,0.48952507863565
-0.772033435778814,0.483416976157861
-0.739375427271529,0.511656671166163
-0.73962467016025,0.463725400794164
-0.763189503794303,0.485387585022574
-0.76358981766813,0.399505233568042
-0.767306041775506,0.487347659840709
-0.753650762835992,0.410489234721424
-0.757514384734203,0.429036229434239
-0.752396526935635,0.414002421158481
-0.747026367520187,0.505021181962764
-0.716503516861017,0.445660573432359
-0.687003671407931,0.464815147285048
-0.743516445077916,0.493567892114818
-0.622356752782631,0.499254070115042
-0.632528521675062,0.469087432302387
-0.680954562645485,0.469248651422156
-0.716965083163223,0.508749604211465
-0.602718287212191,0.510372657077271
-0.64770386994017,0.512952890132132
-0.569678652075207,0.540526013414777
-0.581218447647135,0.6333983817305
-0.548699320480242,0.571690659804184
-0.553152978511788,0.575555474797495
-0.499192039115502,0.609942153768356
-0.511744230796766,0.621800928698494
-0.45463564907237,0.575787411393169
-0.416519558000594,0.63055988313975
-0.401924244301458,0.571149153580283
-0.40705047247081,0.6590020635573
-0.257579796490441,0.639909771723061
-0.358772508147137,0.614189984283384
-0.197309693149287,0.599473122212712
-0.297446675742401,0.67471921489519
-0.252744768657686,0.579451711823761
-0.252512846861798,0.633506638029825
-0.0690869140498132,0.666338266569547
-0.15733011635409,0.560369822469399
-0.030151224242045,0.645218662020847
-0.23751005499546,0.670847004052632
-0.047755242366089,0.667528689341607
-0.0378959732127113,0.56825422840738
0.0328166210286192,0.637143289225359
-0.121349166545664,0.607351219209473
0.0349833545740936,0.618299514046237
-0.0117002978612131,0.626310025141107
0.239774027161121,0.421539197311573
0.151583227695562,0.482803153472645
0.150664947788266,0.469426127438904
0.224217480870137,0.572257648466358
0.284624020156193,0.511506863571019
0.286817102574518,0.515230324321704
0.26099026811846,0.514957955075569
0.402954978005063,0.506566282767043
0.426594200776156,0.519868847886633
0.392041587719906,0.288177921118428
0.336097691377962,0.443961863006728
0.383415902019099,0.438827391728451
0.550536342648461,0.298825108553021
0.372911662143535,0.349604143164905
0.512780564506967,0.454149783420773
0.470665860520294,0.242239115722645
0.357668705409553,0.180188507724177
0.366209877502784,0.399021208419469
0.413775028478236,0.245322049869368
0.460163957401158,0.265096370149582
0.377089281054647,0.179344255169542
0.445167487253112,0.30686744796336
0.416167286581498,0.428495979291138
0.496141843456001,0.159187561836978
0.553529369047046,0.332765233079922
0.502009232131336,0.150121119480701
0.504490595155486,0.133153923918737
0.473098579990222,0.110054890687425
0.457498265952014,0.0223386666028579
0.55030094959117,-0.0189757000427786
0.599104047645245,-0.106120545974942
0.426657860375601,-0.220498618199536
0.355190389093287,-0.165369641929099
0.457654006360211,0.00759929303089278
0.428922394422174,-0.303750071029494
0.330206185561697,-0.207283806215054
0.354275545079741,-0.1343178803288
0.292535525492926,-0.3166200269697
0.229412072416454,-0.238135561325052
0.330711347538164,-0.322472364369968
0.224001266897099,-0.163104227760611
0.152706276064088,-0.282443047667507
0.264976300332991,-0.365118617817486
0.0728336779959157,-0.388644149219382
0.108607033616873,-0.422809301171761
0.184909650169178,-0.410062990234783
0.028959381003923,-0.260683567042112
-0.0078331407694644,-0.234407693704079
0.0599174876936828,-0.419625808418398
-0.0606630891081043,-0.327114711794646
-0.013665631459995,-0.314457086314922
-0.157352900966619,-0.418133025922295
-0.075029298897314,-0.414857124912953
-0.0394389623262706,-0.35478169301141
-0.214325033656303,-0.455102035195827
-0.218557545952933,-0.326414014825796
-0.18879611612492,-0.38674353062866
-0.186703550869931,-0.348074633301273
-0.359818615612882,-0.448337847419294
-0.268866760174192,-0.195298947629003
-0.360370014804103,-0.316970855948083
-0.404475620515445,-0.267952498277667
-0.407550194036269,-0.180385208978651
-0.335446868118152,-0.235118230925622
-0.369454869725371,-0.252556059689165
-0.451247040904049,-0.254505444657363
-0.282272486758546,-0.173712137781509
-0.399122611368441,0.061836310695499
-0.319648933653315,-0.212777867376035
-0.496614633720691,-0.0540600539692946
-0.52665500646959,-0.313003688220194
-0.357347684143913,-0.102385279424693
-0.50075742082291,-0.222758531821826
-0.38132296843431,-0.0504439565423647
-0.537947838523692,-0.102216274252212
-0.654192767471855,-0.300771828415591
-0.426641162977298,-0.197726990347454
-0.541873077458268,-0.288199269443925
-0.506979115707625,-0.0152073055709691
-0.531884635529051,-0.175942727908182
-0.397624224976931,-0.260771828415591
-0.417324145208194,-0.0116513277089102
-0.587961164302372,-0.120629901382382
-0.452440690815037,-0.313176867146649
-0.490245248706354,-0.103531023010706
-0.377687295926916,-0.216794497682205
-0.623988717824394,-0.12223807901429
-0.58513172325203,-0.104359057696185
-0.476406989022379,-0.108284271247462
-0.521866689963831,-0.100058998930249
-0.470870795658434,-0.169777444706658
-0.559207134686785,-0.0649947407755939
-0.47376698637223,-0.199309900057308
-0.432932848091096,-0.168697815320268
-0.530775077096069,-0.184581712372194
-0.457046590519044,-0.135189769951853
-0.392258898432212,0.0244077682344544
-0.321321232790709,-0.277842971921143
-0.320357722809449,-0.270589260430619
-0.268403242125802,-0.216599271603105
-0.453644471234983,-0.40306860029587
-0.35948059598271,-0.375460790242115
-0.480310676346062,-0.305182845330524
-0.565904680806504,-0.377284567346771
-0.465321161652223,-0.398986793112218
-0.447076585624647,-0.418782807013528
-0.416977341543661,-0.400413875043662
-0.42038265561864,-0.448369690248797
-0.427320448574691,-0.506463539843597
-0.368462061330471,-0.361400774356699
-0.331109564709481,-0.444997221209475
-0.219180995647114,-0.318782937861394
-0.191483996712817,-0.392010424948858
-0.331811936786885,-0.27821143324985
-0.163178487966126,-0.378016427874854
-0.165482715124768,-0.404162713799694
-0.165559266793776,-0.380876183078283
-0.0951304670774537,-0.162005328945171
-0.227988524298162,-0.312598849656028
-0.0943712943361397,-0.378889091200564
-0.237077261775802,-0.515547327317458
-0.0459584864473758,-0.222165637524016
-0.152162151231995,-0.368885330363115
-0.0903318329128181,-0.275722862280245
0.0826984864311594,-0.185378123230646
-0.161949902707457,-0.331392621807448
-0.211336754787075,-0.335257434725973
-0.149217653135597,-0.254515874416944
-0.267297979550224,-0.120050782444602
-0.209403815556554,-0.417380645484311
-0.105284323972456,-0.220406786116632
-0.281949902707457,-0.0956155341674518
-0.108478055851008,-0.0719658958674438
-0.125656147273315,-0.173096682361938
-0.153137084989848,-0.369705627484771
-0.0874928163925347,-0.214295532842377
-0.280369377790165,-0.319372826898277
-0.307550563718593,-0.262860031390542
-0.15318259620895,-0.208844657574333
-0.208238983168196,-0.416477966336392
-0.169777444706658,-0.238579536322036
-0.159409803490886,-0.491427323953719
0.0548227269861786,-0.229743257198997
-0.171165020883409,-0.274192540582816
-0.165111277646671,-0.214174382271523
-0.34971685660675,-0.243560277889526
-0.239582539427364,-0.0484387137131886
-0.192404418236943,-0.250009107990525
-0.204645205509666,-0.0646117794015413
-0.127690464839592,-0.287144285154374
-0.304686180700974,-0.493090354163406
-0.0923456301349204,-0.255248541169849
-0.355175500518925,-0.307634424461241
-0.308218688035448,-0.340087691921999
-0.173449769793651,-0.189040937601073
-0.287253864773073,-0.199304204786898
-0.137371132330064,-0.102573469549949
-0.430318902178275,-0.086726164780835
-0.263812008585972,-0.0894427190999916
-0.315807599509095,-0.0898707839878403
-0.385707781089162,0.0987387867769477
-0.310069032970653,0.156158709106928
-0.328724617271923,0.0467791007021772
-0.4534234243322,0.24927294855822
-0.409610214430369,0.221227226087676
-0.300310015561407,0.127581427684268
-0.490067091676072,0.228832400239342
-0.376826586369396,0.18823466766464
-0.401675136838309,0.322570031249992
-0.339703026035972,0.213313982165356
-0.210343773715871,0.307714361500351
-0.170383119112794,0.40896265543483
-0.307135449636287,0.222855346950004
-0.260144988831964,0.305011191150497
-0.342485856192722,0.342485856192722
-0.189534874468896,0.256520819406449
-0.278070424472272,0.435136137359185
-0.404164432614671,0.239037995980081
-0.239397077626795,0.169485636528049
-0.109377343735791,0.227959439663003
-0.237641917331741,0.200597309411048
-0.298946825884381,0.271185237476076
-0.264586660219702,0.184073652957643
-0.23538275638759,0.290924886348064
-0.239752218274003,0.152548873430933
-0.132911542186332,0.236180424911956
-0.302968257401254,0.234166165785876
-0.242640028975885,0.340824121456656
-0.0715933522258866,0.297032858297927
-0.2241702740287,0.189516431697184
-0.0697184457764089,0.252908857335385
-0.233243724394831,0.316680813029313
-0.159579287161963,0.0204735705370386
-0.0283631887385619,0.298850685987403
0.0192525528453774,0.139410138055344
-0.222004296808293,0.240585298675064
-0.153846153846154,0.200117997860497
-0.183907436491729,0.179381187263405
7.36073740456546e-05,0.181787595589914
-0.224061358887459,0.109604272572536
0.0806299013823823,0.222741357562384
-0.327924205383317,0.146091604940842
-0.183300010260177,0.152297443234642
-0.0518485840328342,-0.105669012304767
-0.0571358118512015,0.13582462121249
-0.160096317526338,0.104453640296379
0.0515216274315471,0.215556668357214
0.0642620710314132,0.126196882594086
0.0200089011927842,-0.119226131578044
0.000534874098492602,0.24643753342937
-0.0361755954296394,0.114194668664972
0.00302386566138422,0.0430416680469526
-0.0633244321405491,0.185300566479165
0.0321412173266613,0.044738748429111
0.148634302074269,0.176528894342217
-0.0572678720766632,0.11975154569606
0.0273424532812029,0.298569724502709
0.0879710672697124,0.0075059585003969
0.236027773898137,0.116572713949959
0.00365878493573416,0.117219416803216
-0.0434782608695652,0.130434782608696
0.100592231765546,0.183925565098879
-0.0294627825494395,0.237796115882773
0.0237842408900693,-0.0252678089208355
0.0227312362017205,0.0853495695390445
0.0599412118979778,0.336265061989171
-0.003793745225107,0.25451478892301
-0.132171163794694,0.0847704988949517
-0.0764269024374387,0.0528418957880587
-0.121494040059305,0.126264898996669
-0.292386782397514,0.165243356431082
-0.0794955699835557,0.0227105887698137
-0.206160632087852,0.259413944599388
-0.0775957627812067,0.168504853690298
-0.170246795951031,0.196165296369106
-0.110764967229172,0.347568366104161
-0.16842619828067,0.0834902456070984
-0.00551144202451805,0.235769070435231
-0.219504106968713,0.219504106968713
-0.185708735567161,0.208238983168196
-0.0278020890671579,0.222648245461532
-0.0701639700370339,0.254126931773076
0.0128573824394093,0.391708183396423
-0.0214171537539914,0.267089971253275
-0.0107151503297356,0.244616470670359
-0.12060113295833,0.375
0.0196243959501546,0.453720317815617
-0.0223994013098914,0.530054943278502
-0.101421356237309,0.283269904032531
-0.132546345270151,0.338089258955229
0.00976863880330512,0.527847829543437
-0.113680750508792,0.433063511409355
0.0408568302191279,0.358722160088069
-0.0914372349651209,0.45746030986493
0.102516477480124,0.493003115314644
0.0657086852542971,0.428822776975096
0.0980032531657105,0.408719533188035
0.0209620617544351,0.34476284477003
0.126617527899536,0.513112656685551
0.101726444055681,0.504362728929017
0.130739700751442,0.480332353777768
-0.0552865214319153,0.497629582441639
-0.0492141967061653,0.563102845696679
0.175275656812962,0.570840173085723
0.0742127804705014,0.615073535182255
0.193731441220416,0.637001872801693
0.157617987668757,0.527185258578436
0.232850311094216,0.649665249440161
0.162801225490961,0.46523400117793
0.1556651083234,0.606322182656161
0.363543258048229,0.621859196872042
0.273034875467408,0.515970070593998
0.227825607235876,0.612827418846685
0.291938764862343,0.622057768502975
0.298800080198542,0.664788040668067
0.282511348042392,0.588884964275634
0.291976059557605,0.657448008170401
0.326236898913896,0.644087722668759
0.334700679716991,0.601006541168364
0.355073609823797,0.642922619248127
0.353323445831153,0.638993632309828
0.367515978046501,0.620169286067768
0.366749247354868,0.568544978199672
0.329942390070314,0.529732645128679
0.370190336961386,0.514408557692587
0.463094223834705,0.544685765887471
0.460111669496987,0.474835591687448
0.487888595661887,0.630700744599854
0.457686198835987,0.468581923831627
0.544154263665164,0.404899552414181
0.441938915299368,0.466808236110979
0.454325154003897,0.402673507582204
0.500203803640431,0.391054627175787
0.552430890605367,0.3833974888786
0.51943172526213,0.409135773748469
0.571110671294363,0.331527758423336
0.603138595699082,0.278236096109634
0.564381884238812,0.343689647117418
0.569369810241336,0.292240274756717
0.585453354212912,0.302326935937159
0.606905190687936,0.33275678947711
0.582995667245756,0.271801280367536
0.557802501880636,0.275038516356635
0.685187142487507,0.192789970866411
0.658589216792985,0.218139820870962
0.627542380748417,0.140301424973473
0.664874144472659,0.114301101294502
0.702896215826255,0.20834198233193
0.690672262058297,0.0443333672361693
0.713943753361527,0.0425289711615949
0.653581045874687,0.177723010312984
0.73929266611906,0.115869594250235
0.740192784474399,-0.0211543735686997
0.773730208185587,-0.0142179398497388
0.776874412457586,-0.0110531854736465
0.799585262056428,-0.0954883524671986
0.747434853317242,-0.0712347648778158
0.790616798914888,-0.107426274217901
0.686855076376392,-0.0700117939068806
0.774390944042602,-0.228915955238436
0.770031619815589,-0.135709807048225
0.764679057463697,-0.2194270034644
0.669809150197026,-0.225500515497109
0.724424024734092,-0.261242486250711
0.740998591094034,-0.255699197937512
0.67413721621993,-0.188500634185387
0.682334816502219,-0.272515886824696
0.693705774260011,-0.308960613282927
0.702850165725164,-0.314580639095913
0.633178875119106,-0.295722403343475
0.713152771724853,-0.30093745572284
0.677467080698066,-0.355640382871231
0.694407687513742,-0.388175722671749
0.664447496384668,-0.3898726160412
0.707493899830651,-0.321335614563325
0.680429199062411,-0.37929789759083
0.720549384224722,-0.393579270910178
0.695716874468691,-0.394660851551986
0.722820698721194,-0.287442969228643
0.711363096607032,-0.355282129053975
0.71307816380985,-0.183440126899017
0.662532731213696,-0.383681860600659
0.692358231335011,-0.300543847014645
0.648017365488945,-0.301585975048394
0.643303967228139,-0.356034631233511
0.580636123514626,-0.315136120674883
0.649406031612399,-0.331100083170602
0.589469390587227,-0.445471119743039
0.606266738115263,-0.400600976587038
0.607439571861208,-0.375842576431797
0.586468480701209,-0.437564145058825
0.546264702391974,-0.427085000424128
0.544409354841019,-0.494573417963624
0.445496783004488,-0.469040448324948
0.506159475668433,-0.433702143270535
0.372182938342968,-0.453461091920742
0.479964371632426,-0.342117399237327
0.360108435149309,-0.417197616320127
0.485146634958905,-0.487168417480121
0.343112242355234,-0.525172438487421
0.35474530637988,-0.44463276130492
0.263546708608128,-0.447711819829877
0.293638692060197,-0.472672969267992
0.318738728223999,-0.540251970976579
0.202952653163134,-0.452791007459367
0.171396428489904,-0.440457715506881
0.175415307937284,-0.474574365625165
0.224404654614679,-0.568831539538802
0.151167006734543,-0.554250261603295
0.0483822616834222,-0.574094653280725
0.0840867005522077,-0.55563770331884
-0.0504714542581085,-0.477312311094319
0.0088066053915158,-0.548261624843299
-0.0680670373560577,-0.572958190837311
-0.0426336411580996,-0.585462136654133
-0.0797900765760253,-0.54945622886382
-0.239459936526525,-0.629645136554354
-0.233559479696212,-0.61065763606799
-0.124621207321076,-0.510419019988184
-0.244086432909695,-0.588531321567416
-0.203906447203955,-0.688250387906626
-0.19079166544871,-0.633312337342196
-0.248692666569987,-0.638493882513152
-0.258099654980335,-0.664005890746835
-0.256167178255639,-0.660545176239321
-0.253504741943997,-0.677336254898737
-0.257321709971912,-0.619911651488954
-0.248143966838281,-0.732474115266497
-0.238006390996031,-0.693975051379728
-0.165840548279315,-0.756129289236684
-0.246983558151578,-0.556569505339747
-0.206456625995541,-0.709353567999306
-0.184661686003413,-0.671717008548515
-0.0971068512013894,-0.683755366157596
-0.0963904813173279,-0.635425508080121
-0.0768922782974538,-0.64899758396081
-0.0424350629892352,-0.68408486902436
-0.0457685582508936,-0.629989904361828
0.00707367945084367,-0.618652420983437
0.0222178841768163,-0.661259426156605
0.0486414482324227,-0.675465834874998
0.121147677152212,-0.7106128909122
0.0667003190299572,-0.604021030688337
0.162217467713068,-0.67798392479434
0.206873500911482,-0.666167093222469
0.152524369843909,-0.63736742295877
0.195938150218429,-0.70548452803031
0.192164110933492,-0.647380914988835
0.206949669196178,-0.613125855741892
0.256108635846126,-0.695995766963738
0.232269289434189,-0.654449218582804
0.19971133085475,-0.708195438591631
0.187039496525252,-0.726133676215342
0.227975086902703,-0.722711267916731
0.134226323749741,-0.769122878078936
0.240209526946464,-0.758952535300109
0.159860552681583,-0.761556213549613
0.135137687989586,-0.815167671405991
0.202158608264676,-0.764496002563052
0.169557936767234,-0.767856140203859
0.191126340058681,-0.808346744743125
0.161338116225339,-0.793871709071885
0.168439291991005,-0.804770472076647
0.204937660387064,-0.808411746277007
0.135909171303998,-0.816437836314052
0.128966732501448,-0.770479753787764
0.12135795073578,-0.819998352749687
0.145934624542104,-0.848722209164835
0.0770533785438212,-0.698321676890957
0.0454906262618801,-0.814865593567413
0.071483744093462,-0.789992004010395
0.0448768214266419,-0.831890394014796
0.0110821566336165,-0.800668186266336
0.0276543876239244,-0.774548706832237
-0.132130672145886,-0.793496603331516
-0.0513398477578285,-0.780200909380872
-0.185593032802642,-0.718201844924606
-0.123442948977607,-0.72825244218458
-0.277503157734896,-0.740279096294184
-0.265338935676601,-0.705419145866704
-0.328599590990981,-0.631632954704406
-0.335449435975745,-0.547214765332811
-0.39798300590698,-0.56177311238031
-0.380446990226835,-0.506929880852487
-0.279544563823942,-0.491007626764943
-0.422981841039032,-0.44710257925495
-0.54713366192115,-0.492410354414408
-0.310161487872091,-0.457334478338045
-0.315694265239045,-0.447288131277334
-0.562984881451974,-0.346764926118372
-0.425013274015867,-0.465823173947176
-0.364331707777151,-0.35424019539797
-0.45207857561186,-0.259794762716357
-0.393430935410236,-0.3557307491284
-0.245502563614354,-0.244816634235898
-0.304126295757011,-0.154085076019592
-0.325883149851775,-0.288618096314217
-0.30741485788652,-0.00744916013346798
-0.180220775571597,-0.0416750511633484
-0.161711618241807,-0.188683355729728
-0.143795445215382,-0.11045061877148
-0.304840496640455,0.00928189948880677
-0.368165741191893,-0.141678570245469
-0.272359681598495,-0.0277618130187174
-0.304097085480431,-0.148136591834013
-0.346671513145613,-0.0306525553860005
-0.244080305002771,-0.0253959877490261
-0.307913452572274,-0.0524818696928467
-0.22694554538779,0.148304308662637
-0.170714504465294,-0.183746967729547
-0.337401346256223,-0.202908521063326
-0.355894841375354,-0.0282047248070966
-0.244907084625792,-0.210040282243628
-0.254018206818753,-0.134187108135614
-0.347244796990932,-0.13790811278118
-0.102193827066895,-0.103372399678568
-0.257583901729133,-0.26728655576492
-0.0936797217103044,-0.109825006589228
-0.355862937352567,-0.201736429424603
-0.215570461701572,-0.0917147563603225
-0.236406989022379,-0.337198443877306
-0.0406804619713635,-0.111778500581516
-0.181114005966992,-0.366303105038283
-0.108190294406334,-0.143171275904458
0.021985068014192,-0.168884693421473
0.0803171891113746,-0.197568025222249
0.121809255098074,-0.208063884990268
0.0672465801690474,-0.100477990168829
0.17241172540499,-0.108745294537989
0.100818108662812,-0.126966926681237
-0.096637326434521,-0.182939452658869
0.0205183726388447,0.0726727716689466
0.301814071422834,-0.135300616959248
-0.0810978710422382,0.0165039886861345
0.00164893621967403,-0.253644485370225
0.225267198073294,-0.306213295372655
0.180162294216473,-0.201339567710915
0.0412257277388038,-0.21484812623427
0.160140686183717,-0.283537322001696
0.0331318137643482,-0.335494396759466
-0.00532972469719028,-0.112846151297934
-0.0634314575050762,0
-0.0308377839297254,-0.184307849471382
-0.0669642699223874,-0.152507183607465
0.0347500469156868,-0.0883362305097264
0.0651328621615565,-0.214913567869286
-0.145862037975237,0.0741137470075244
-0.148518988179459,0.0460527692831577
0.0442331388368568,0.0109598340105009
-0.127453262983804,0.180907320446893
-0.0773366463509015,0.209686693175803
-0.0495803865158621,0.366448822878394
-0.170395727427464,0.138518445202381
-0.176568542494924,0.329705627484771
0.0143557314026871,0.119309900057308
-0.217363754712854,0.375827592343327
-0.0651077276474824,0.210258979236903
-0.0939761099401052,0.185617703284559
-0.144486386790957,0.380421551009979
-0.134900757059515,0.282792707194477
-0.240802615706469,0.319091059142021
-0.0247973032509414,0.411885406650451
-0.140253379203662,0.48674534085617
-0.0656579531225595,0.366751304074336
-0.0259271826176802,0.417083640742529
0.000587088036229792,0.336019140973289
-0.0839894806066483,0.357022247460817
-0.0952368847761521,0.336045385396515
0.0647791748427179,0.326335428930743
-0.109772250221389,0.118233414570261
-0.0164554958211056,0.406555681953261
-0.0822528016202672,0.298302090341268
-0.0849527221608935,0.10446170420988
-0.0472089623261182,0.338636021406425
0.0769966842971226,0.29322477236303
0.133777289875698,0.129825491841478
0.0985184452023806,0.527432617832225
-0.0321837728011549,0.150274568289616
0,0.38511002862997
0.343615123026729,0.402185015116017
0.318761730828037,0.213770632020821
0.222942072697615,0.131916443887769
0.242915045705527,0.303998381799432
0.367255901655314,0.582959721977237
0.316149292255576,0.0211213867239083
0.285967417851034,0.219748155291548
0.294627825494395,-0.0244077682344544
0.286548945518026,0.333989480606648
0.0294627825494395,0.204590613564978
0.180182845330524,0.264891180044143
0.154451828252291,0.191644134670488
0.219095131649829,0.272444851633539
0.219473960215736,0.246100616471504
0.365527898842927,0.219478234209284
0.395365437338021,0.228719267765274
0.152531431399716,0.171412348511724
0.254421234173265,0.105316959168905
0.230607473846751,0.327132400389294
0.199556087521015,0.266123029677227
0.263591600519333,0.17009224692171
0.0965685424949238,0.113137084989848
0.0119843791411369,0.292298013728092
0.270759415285602,0.157224440940815
0.119435601388196,0.172971329033985
0.19658171016725,0.0895310401409809
0.158963852741342,0.259755307596269
0.117504924133517,0.136491990825916
0.231084416911868,0.16391943185425
0.150234173954919,0.102111456180002
0.205499021101642,0.166370144913957
0.259002344163428,0.085348439215844
0.124007282992217,-0.0236889141274833
0.252635920733062,0.154451828252291
0.195777087639997,0.175248541169849
0.106964269922387,0.0806299013823823
0.120050782444602,0.165111277646671
0.0857278506978116,0.187928978259661
0.110054890687425,0.0809835695769263
0.18600054374577,0.134558857594209
0.116730095967469,0.0611584478525297
0.19192232879883,0.19192232879883
0.118679998674925,-0.122640002650149
0.08,-0.04
0.04,0.103431457505076
0.128425431376683,0.132481720274614
-0.0609836721136306,0.106438217568176
0.136568542494924,0
-0.0881882007235943,0.0271964146610211
0.0442760709005504,0.151909323316265
-0.0740462676165293,0.113768388682914
-0.0305376544606718,0.250292962056941
-0.0744570863149221,0.188914172629844
-0.0178885438199983,0.155777087639997
-0.0178885438199983,0.155777087639997
0.0221114561800017,0.0123456301349204
-0.223137910324158,0.153743928442468
-0.0372677996249965,0.327559464911377
-0.222741357562384,0.209075726102389
-0.0271964146610211,0.273896936290755
-0.104994740775594,0.316627330596946
-0.140487974349174,0.254515874416944
-0.108284271247462,0.364852813742386
-0.0516708324058496,0.413312930381838
-0.0450659549691175,0.372186868117158
-0.134851991543271,0.434268277021839
-0.186928986552621,0.552051932408179
-0.206724717670637,0.215246125783557
-0.251022420659031,0.360652670625972
-0.0389048787571857,0.544350684835673
-0.292552457928972,0.414526270881993
-0.165371406608264,0.409332192529608
-0.27081930073301,0.42629710594006
-0.278369930906994,0.36842778757284
-0.255517040009371,0.479468924737931
-0.301240565699868,0.264121866655716
-0.349405864443483,0.375758178278219
-0.392347156998208,0.395025935681011
-0.345563895890688,0.260838375486295
-0.367539670836171,0.254833538719633
-0.18257467764449,0.34503381070211
-0.321103254559295,0.196223302880835
-0.390546317203614,0.213376867523354
-0.560533133669557,0.0764468967934756
-0.608917686037244,0.242897426887857
-0.510865838365386,0.200544483932747
-0.452471833012329,0.0840415071745097
-0.362054794027225,0.146307158873252
-0.560495054009038,-0.121622383777211
-0.289315376034343,-0.0424758000754728
-0.466663855743336,0.0846339777899499
-0.565640501501319,0.0186835455132196
-0.465756386165913,0.138376000630805
-0.662149333878386,-0.124642386175577
-0.478903514240284,-0.0146680182963681
-0.464784214811971,-0.072714649815966
-0.482803793582903,-0.0989074233102271
-0.379853257360977,-0.090292962056941
-0.223652790875503,-0.336149945441669
-0.256390052854756,-0.310684924058676
-0.44871301518911,-0.207369182636833
-0.526675370846416,-0.191197773244395
-0.394894429592535,-0.130707168672654
-0.323726462238792,-0.325161246287786
-0.314703747090596,-0.24746817714541
-0.408284401838604,-0.350922053703775
-0.298822072473091,-0.391781604475964
-0.32552909284759,-0.244224035471543
-0.237425042090871,-0.297181457090646
-0.408058601977363,-0.288383465856491
-0.330118786588284,-0.245689000795893
0.0251613890696549,-0.244003131371817
-0.259534966021702,-0.329056099663052
-0.238503578160335,-0.16616735687791
-0.34180900516584,-0.335674101983249
-0.116368646146744,-0.311547640114704
-0.15350407798745,-0.137198443877306
-0.181830327905251,-0.29405854557568
-0.262240642708448,-0.254629018327511
-0.140689775472997,-0.126463259946282
-0.220368052259541,-0.00256451998810475
-0.254077008897845,0.0748885040789852
-0.0681055835547219,-0.377031148653601
-0.274345061400798,-0.257086162968586
-0.125088698963183,-0.267862724331157
-0.188793875129731,-0.153417476230763
-0.22184951199719,-0.264891180044143
-0.249783093252667,-0.142097070729637
-0.150063915507769,-0.298096682361938
-0.401152349882025,-0.175712843809985
-0.196663179612785,-0.170383119112794
-0.126802716449843,-0.211025628809846
-0.213485857633021,-0.348510762372155
-0.366802716449843,-0.0536656314599949
-0.271711350086384,-0.270442118043043
-0.242640028975885,-0.263901044533579
-0.320168780305099,-0.200723672266634
-0.385826733427658,-0.165716952052808
-0.154248039225019,-0.330991652626035
-0.272787586807388,-0.228310707962536
-0.152184076662376,-0.222741357562384
-0.244750048371863,-0.177585063314245
-0.400209178025427,-0.314098851161794
-0.464491612678749,-0.154108561553922
-0.396203326524852,0.0253192027645439
-0.208500148973185,-0.264911624251785
-0.30142135623731,-0.139838446527455
-0.0959985062763992,-0.231374905175368
-0.367316048855268,-0.210405697796282
-0.472866568772227,-0.0524559987921529
-0.397142752435041,-0.28212153728689
-0.317566359169173,-0.0151385374391633
-0.143764750731537,-0.259190144693697
-0.379004251802097,-0.22351502649324
-0.14041431541755,-0.219405294112442
-0.251783502378815,-0.209449766461361
-0.144747744673723,-0.0973665511760118
-0.325632154752412,-0.224530682058023
-0.182557886877001,-0.241279606482961
-0.179304025153305,-0.126153368723171
-0.249844660122553,-0.29642718389179
-0.097147600079879,-0.14433259545639
-0.0516015687115336,-0.205447722557687
-0.0328741766050678,-0.151554175279993
-0.228284271247462,-0.124852813742386
0.110235280258654,-0.33308088947217
0.0449922040446404,-0.441097245597775
-0.0635988224628075,-0.140003470600514
-0.0165634664999984,-0.107201007074071
0.0525179228725644,-0.294847272093555
-0.197951283232411,-0.377917615018582
-0.109449216281288,-0.37862210228099
0.00984704341628586,-0.387198507560318
-0.274065444554708,-0.281798610009124
-0.143201770613174,-0.466102946280453
-0.0984408932091565,-0.43163397057749
-0.170228494996944,-0.166190491808959
-0.155904149172054,-0.372724133632056
-0.0172005229038445,-0.503749812898955
-0.179133840519984,-0.3774476406807
-0.281187159295432,-0.400860931959934
0.0689417465878908,-0.360105715398004
0.0737857166519188,-0.245050969924038
0.0785674201318386,-0.316130885404916
-0.137050892877664,-0.490453492988956
-0.173096682361938,-0.228998381799432
-0.130395727427464,0.0325071836074653
-0.106011261594915,-0.08
-0.199935598956372,-0.179082843814185
-0.201376342166777,-0.308031018549637
0.00200948544631844,-0.143296821130255
-0.179917994295689,0.143261949204161
0.0664048502113703,-0.18858549678172
-0.259259259259259,-0.177364977111105
-0.241213265352016,-0.046882143235334
-0.141311798002296,-0.100058998930249
-0.0365802345394395,-0.0341912578153703
-0.114115383341274,-0.0344010458076891
-0.0437912631587287,-0.0794615410097587
-0.126452354161966,-0.111111111111111
-0.114819870603683,-0.190746652085743
-0.14798159491644,-0.163879281877296
-0.272117934054871,-0.0369302183005518
-0.328419508693419,-0.312756475287318
0.0450946347573445,-0.271975884366622
-0.0235964125769034,-0.0487491765191422
-0.133536662655774,-0.0489862802769729
-0.18142135623731,0.0117157287525381
0.313862956481059,-0.132094021278877
-0.120085678878233,-0.188555742148918
-0.0395599359939864,0.131655562823157
-0.285288051599809,-0.0808207780639402
-0.0961329112870445,0.0340314178909493
-0.282920308105232,-0.214159882819055
-0.151062690614236,-0.00969959680557078
-0.282801848162881,-0.153339126655315
-0.0781775952994742,-0.119769530023595
-0.270226592190922,-0.052137857595286
-0.204473507538845,-0.0601945246651458
-0.0883548927957416,-0.198593927322141
-0.122507312662146,-0.353684625098886
-0.0267127797888676,-0.31975444783582
-0.00965125971581151,-0.186459249989838
-0.155507243158633,-0.181211940725173
-0.186638831958428,-0.0962944723643495
-0.113372521834205,0.0143859981704803
-0.15482927110464,-0.0150441712837064
0.0455372174505605,-0.0705372174505605
-0.202783836706149,0.0831654347561156
-0.180153772047448,0.0276496522630197
-0.169043080561288,-0.198717693750971
-0.197973809286863,-0.112630955755599
-0.0568720230006769,0.156627330596946
-0.30568403657237,0.00900161211676266
0.0186338998124982,-0.0372677996249965
0.0824775241688788,-0.086144194516308
-0.0948407060014033,-0.393213636658855
-0.157717555485402,-0.253242581763673
-0.0665282822027113,-0.249151895027202
-0.0599229132828935,-0.128196847149904
-0.234858916370864,-0.0876212299491767
-0.128073464688792,-0.0489624841806394
-0.0602186701903553,0.0878016427874854
0.0110341766724484,-0.167267049648851
-0.106700136070287,0.0563609879390782
-0.241047532125982,0.0521978414027639
-0.0469211807597017,-0.11523025803668
-0.103428836204036,-0.2103631028252
-0.0288071921217498,-0.101198337782041
-0.163783371614394,-0.0655033347534427
0.0748136552166348,0.119746090954683
-0.0753142074264661,0.114000443126545
-0.209571218103444,0.0207228278591628
-0.325406181813354,-0.0627464826096022
-0.0215873137150196,-0.145686689340998
-0.0135248217326942,-0.0272274103932773
-0.220814390815292,-0.0353862657197395
-0.113262786320735,0.0260756626385433
0.127816339961123,-0.149583015122312
-0.218161567234478,0.0283369199421503
-0.187194749051073,0.0804726019592119
-0.23039217397933,-0.117299874742431
-0.0784139457683978,-0.0891623507662765
-0.0492177381439648,-0.0406546061880409
-0.134493664943035,-0.0537270487154023
-0.202187552810254,-0.0958812623715223
-0.215806070875522,0.0547941998673422
-0.203432501945292,-0.0929282322213798
0.0457172366418163,-0.0636773382195435
-0.247844684663228,-0.0833374414623824
-0.133440987382117,-0.139285156754624
0.00954063476889789,-0.00516835827960529
-0.190779270454796,0.213971441147456
-0.149612540814124,0.288375301593769
-0.142085054292081,-0.0589980219295318
0.0434899431138043,0.0527323048276414
-0.246553158495047,-0.0850726811529314
0.085693289366357,-0.0103133251163512
-0.10959000126579,-0.202521807181079
-0.0749781113127701,0.0851262015145191
-0.0344119277723821,0.0615734571788174
-0.103569220858169,-0.0783973740348838
0.12721976905165,-0.0509862218527854
0.181014987171369,0.0264746444412452
-0.0962502892344636,-0.17418421678651
0.0846059665039183,-0.0570222542980804
0.122360679774998,-0.00527864045000421
0.148634302074269,-0.0533962068361734
0.361400128612165,0.115601536924729
0.136514563656222,0.0879663722537293
0.17572556371237,0.132400924304116
0.186080731891197,0.247742462167713
0.152437378384321,-0.0524373783843211
0.102280251720711,0.104410762417491
0.0812907991041213,-0.148634302074269
0.103866336883349,0.0504883075572003
0.0920569389512115,0.22316566270445
-0.13696862338668,0.285353936925849
0.211456827658625,0.336599616935308
0.200776740182436,0.132993827528084
0.132397448173752,-0.00957522531894336
0.0354097920109514,-0.0473073634149827
0.0587678735824297,0.14501180976884
0.0617212632922501,-0.114928287717895
0.130026996151703,0.00181283365659778
-0.0174601579416025,-0.0580895438213145
-0.215906560062673,-0.153297962361546
-0.0752365794952145,0.0921850510132315
-0.0612012010699896,-0.00697828147964691
-0.0561711005393319,-0.0161354181356008
0.0913453523422246,0.0108044358361775
-0.0663234669949951,-0.139764474717851
-0.227857691104091,-0.189210289813523
-0.0508783058950822,0.0770435351763938
0.0370846799049735,-0.0481157498618339
0.0139472961339739,-0.109185391372069
-0.0304560492415145,-0.0535001820805078
0.0588827461944945,-0.112719232316121
0.246878587995627,0.0227579634251736
-0.136309105612648,-0.148046698156674
-0.136363636363636,-0.147093998977263
0.173327737913901,0.0527694599414234
-0.254707984162872,-0.135948046037698
-0.187497432415968,-0.0839815188653946
0.0100553743129431,0.210557985156739
-0.111130896721981,0.134177572382495
-0.0263231621190496,0.111506704119042
-0.177451308825608,0.0198155882903944
-0.132823487633733,0.0411784115348311
0.0422839811656747,0.00771601883432527
0.133862464066594,-0.0732285578075107
-0.0327895039618531,0.0402546288771402
0.1958473069715,0.13486363485787
-0.184150759179522,0.260474605835906
0.0102682719168096,-0.0603046529994954
-0.0122526668913667,0.00233257736134028
-0.135380543631108,0.141531207197899
0.189691167844505,0.20567136210391
0.236085265084028,0.1417344863342
0.13173293477629,0.054023288045058
0.330501477051585,0.0547779645950691
0.186647531252759,0.179187841024332
0.0869565217391304,0.148444067929265
0.294075069076678,-0.00770987568239679
0.207243941452856,0.20066528233947
-0.0508007411439073,0.140660397179489
0.214515874416944,0.0673508893593265
0.174515874416944,0.177585063314245
0.247223832251575,0.0832461148963599
0.103659338633905,0.181307415672895
0.146362217650811,-0.130246190351708
0.294918699796064,-0.0302199530042759
-0.0264597567216993,0.0613834778102132
0.221653619964025,0.0352888534517037
0.0521596989038638,0.204081872898333
0.136974125749287,-0.0958847956579897
0.126759814668953,-0.120211521149395
0.0676031615576634,0.190101886941238
0.257558892170716,0.197482120311144
0.115656183968063,0.213479920195716
0.158290020653118,0.257230784781714
0.0181689283531572,0.225167984198734
0.201094791770886,0.11227376048357
0.227518497575113,0.256209441952575
0.318403261250859,0.265001379940714
0.225025311925218,0.27024510635698
0.00705815840267602,0.229192027956143
0.258691915771225,0.166014079869662
0.0901595191839777,0.267509268163876
0.277544148797438,0.214843271321235
0.303667248076326,0.226488522792395
0.154229472397212,0.0982348923783989
0.28268652946982,0.407191050679251
0.301778227874249,0.409175618310355
0.200073058435376,0.304764074233072
0.214961075628733,0.237983515330437
0.245108576686826,0.360793981203043
0.298093051970734,0.219266966769765
0.263173565224364,0.181215931389231
0.213929610847667,0.424371453610907
0.432840815030249,0.284796623144345
0.482501951840916,0.287877392174761
0.507969411354843,0.234417040987947
0.594261701888659,0.279185162910721
0.414417019652365,0.317226513673203
0.613162683292066,0.326291213919188
0.56035492691359,0.316477652334269
0.640135113303922,0.233591943591106
0.549827366682733,0.0897020375438674
0.708831495948481,0.289258391660244
0.516318761733535,0.219261595962447
0.606559230368428,0.208516523338194
0.71923705530165,0.221155326549893
0.775556368304162,0.202042824205445
0.819029405291807,0.190513361914833
0.827338814967245,0.0892817614575828
0.659762392346454,0.259505075423659
0.765940858803989,0.138776767256051
0.715795403466742,0.158870535679879
0.742797265647666,0.0699418593337063
0.698493618585565,0.0961377886251304
0.690669113671787,0.012338214371921
0.711246946013504,0.0526311578040763
0.731693984694213,0.270767135923637
0.669587234970906,0.142997988361221
0.775789896086575,0.0169433975084471
0.773568782923904,0.129673226830075
0.759331961555977,0.15669604303369
0.811393752548726,0.132380567718788
0.677407248987726,0.0939707848800499
0.742470769414081,0.17185530983574
0.757170355348417,0.244588881446766
0.741351496385358,0.188251351746396
0.801302712114419,0.246713537242898
0.717421203016507,0.298233251190708
0.707821453035302,0.216462324528697
0.712415693840452,0.311272405352044
0.75302114246121,0.226758998795045
0.762096058687161,0.319132001385251
0.808551326469813,0.312808867759927
0.815037471041009,0.272862192796357
0.855723076942658,0.348733478708365
0.895565227194591,0.258509330440183
0.766020703830306,0.225946626533355
0.90188900017761,0.320357221258235
0.899617535608565,0.252032920066544
0.886385915249869,0.227684207948434
0.852295003173459,0.271570354313577
0.897304678181188,0.173884466930628
0.757503276913183,0.147288151834571
0.852816887371447,0.236356472488237
0.770773658608023,0.132402764413901
0.859974346457449,0.145888753719268
0.796135557232063,0.0388357644490622
0.849777029516679,0.0625787196279959
0.866290607839844,0.0683569464387175
0.865899023529227,0.00466611985796227
0.851482018728131,0.0373911183920319
0.800349556781996,0.0667526993507404
0.823443058529292,0.062448796043974
0.827773201009638,0.0340835230584741
0.824986107203157,0.0179642100572989
0.773845399322049,0.105868725353068
0.764484584987439,0.0654897181436219
0.842579374208066,-0.0131957322610436
0.84542134370579,0.0593697996732231
0.768578440967464,0.0223868648107128
0.784787144917297,0.0738180924766228
0.852448020307558,0.0510437570562291
0.789670971370685,0.148485021518789
0.738753660212375,0.0718737078468746
0.789249550649066,0.143908049775085
0.73472665852995,0.0479899980354975
0.823987980250827,0.163387590409186
0.686160401229885,0.236149742161513
0.772875365817448,0.174585510559173
0.713153920404822,0.259088728159451
0.757646734082337,0.349539637023533
0.693712790002808,0.261978700702755
0.50047679941974,0.339533234412804
0.710500860867099,0.483948788564908
0.55224205989097,0.345900694072386
0.563144223254162,0.462158758606659
0.533970409489344,0.489352590682316
0.543135843935235,0.558653114641472
0.488331005446611,0.664006063395412
0.443529179583114,0.582033665100065
0.399089532953345,0.664543154416562
0.453594958659387,0.661080397629292
0.433292697625711,0.70411567521619
0.339300861479122,0.713065952251917
0.380808980816353,0.665044800284337
0.373709538202362,0.814399191374965
0.346727742002206,0.729776501410932
0.252541674574427,0.702380026499576
0.359031021615899,0.720203418191733
0.267276609931304,0.808609796237273
0.343189423330735,0.683941872734911
0.357293569048882,0.691489449239108
0.300497876784048,0.762576241425039
0.283973345573964,0.792242367049046
0.311517079074858,0.725605581481001
0.205843221983894,0.808070605916752
0.20437768767335,0.804544147109931
0.284251372031083,0.730998932026395
0.309275317348868,0.799996873653895
0.267859294182319,0.78237599129127
0.237073017001979,0.754276090611471
0.300547537411511,0.799840133855331
0.26253842469684,0.755617498096589
0.217560801669809,0.76203090673106
0.290952259428228,0.766170494921789
0.188775930461045,0.736514527617286
0.320958050548105,0.752496866930387
0.245576954562639,0.750751275789274
0.241920264596094,0.808982492181719
0.403607470402351,0.804585343238836
0.287921914991645,0.745704442084091
0.392344157375344,0.765682751487608
0.350534041700338,0.733531406490823
0.410864494525801,0.674983837496384
0.380134124022164,0.778025713799552
0.434006110937046,0.710284700359032
0.312057845805814,0.666864584500001
0.416219618593,0.732220072091566
0.345800061666694,0.61769539789266
0.50423733323244,0.654039472744075
0.412310949599589,0.674651310818874
0.402002340432518,0.562736371383516
0.404633557172504,0.68577010971832
0.427524076498071,0.63874053071139
0.332961492296243,0.703897562852131
0.42720850059427,0.642441936088069
0.385686243988556,0.621525763298357
0.379142677631069,0.613675043237534
0.365529721614107,0.620347583275514
0.371745320025836,0.708410021682861
0.266534453259601,0.689975371485378
0.342415790138881,0.648703395525508
0.231945868219312,0.630939385416597
0.111773305544566,0.693611682984248
0.180071739110832,0.709326363057475
0.0961999788827959,0.761202252177314
0.161567430471054,0.714113013443904
-0.0644747999938744,0.784733743291213
0.108335505777733,0.699078762250995
-0.0581221693734608,0.732367388078374
-0.103822495977421,0.736185965022926
0.0572245090992594,0.643220003591993
0.018107628215065,0.655109504878829
-0.00145916831680771,0.620511704378019
-0.0368223583384435,0.625217059825902
-0.0574839027151086,0.62156898313967
-0.198076694243991,0.687373886129363
-0.150831923432949,0.618918618347209
-0.246655381438274,0.686516490814616
-0.13159597108475,0.580353163578681
-0.325755974238148,0.656996971295758
-0.263570520332073,0.422222439035386
-0.179987327261625,0.587727468671098
-0.126446501638011,0.612191570815271
-0.386312919806414,0.551538945558919
-0.479352630117373,0.587600345460202
-0.42489397371629,0.623065664727078
-0.419317305468536,0.720337273823298
-0.381850927400405,0.597790677735618
-0.485010539031109,0.631465660750959
-0.50244923036187,0.645344924026397
-0.542435122967456,0.545300836703574
-0.506031804346571,0.558636758539755
-0.600763508943597,0.47379190199372
-0.61492459143888,0.466535728287205
-0.556348203436563,0.481310367606528
-0.60921784460501,0.535482579594232
-0.711496326592011,0.462475714453308
-0.677918039784466,0.44111931247271
-0.698972010864687,0.470978318452226
-0.725459659236332,0.403930444320932
-0.6801514836822,0.447507076853717
-0.626713059673436,0.415955407786901
-0.652978500913718,0.464487527418212
-0.767856400712299,0.510388866585104
-0.612724407236234,0.452462333213545
-0.619172288486547,0.482527194322615
-0.565466745061182,0.509540108900919
-0.589152890603348,0.490924014348069
-0.647291862910142,0.500788181524288
-0.661434573858547,0.557522795112433
-0.550017630911025,0.614252663681853
-0.646298045526783,0.568075124772091
-0.520814278881856,0.63117427113211
-0.561859303388672,0.678396026413169
-0.462934013854521,0.604479077635011
-0.46436178849146,0.619014798302166
-0.494157136300792,0.676355935795832
-0.538604405332212,0.713349706574227
-0.462673441324198,0.624377736435312
-0.446561881773195,0.595141048576859
-0.398247811597856,0.801158470212702
-0.419877088539903,0.684003536520781
-0.327420630037678,0.735390265737847
-0.376809387285619,0.638900073410496
-0.461919665709438,0.641349738646681
-0.480697639002792,0.738346171792316
-0.459028047431437,0.662686369184258
-0.400930326943412,0.700804211347372
-0.45076546340321,0.710346095488824
-0.480557054921385,0.655413933361506
-0.414855771692339,0.694816598220822
-0.498481856426762,0.716438587725964
-0.526338699332502,0.683587418326311
-0.296365725638541,0.652476363833066
-0.411074058443946,0.715394398643336
-0.361161996788046,0.67862398485265
-0.364363033856219,0.68250837664462
-0.350346259732789,0.748886796519724
-0.338797879869761,0.791169932544298
-0.354906991416599,0.663796043276471
-0.335737118466647,0.825867796579721
-0.389960651136607,0.765194483808602
-0.447061461864986,0.760454375735948
-0.359930970176204,0.77995270777569
-0.33203566768804,0.771047621559428
-0.434219348307717,0.682196014186681
-0.403748415357762,0.717966964315697
-0.588808522707012,0.678442571315992
-0.609993125771036,0.651274557695659
-0.641703361904036,0.690902793544165
-0.643469105893044,0.64348219745952
-0.59469784474406,0.552294282129949
-0.670456973717465,0.59830539346842
-0.633371008285405,0.540652198829405
-0.66344603767055,0.485097118535532
-0.67317439306778,0.545867150206988
-0.652169674602579,0.484069646030789
-0.725333657734743,0.527878854384931
-0.649937343504486,0.456951215066564
-0.659257946559173,0.466591123407098
-0.718726700148574,0.450021646582989
-0.75395439201609,0.408129154119798
-0.738747691229235,0.450496305075385
-0.734442203034064,0.453648780108514
-0.77571219353683,0.458811059542857
-0.742667744777704,0.492025275121593
-0.737664796242903,0.450090080786783
-0.770518749083524,0.471992324665847
-0.718385551846243,0.46746134235848
-0.763376319368228,0.394585559045222
-0.669028865525616,0.410137088218876
-0.683093705152347,0.451098906225434
-0.673589623404836,0.368441982825599
-0.70343811698125,0.494065896455942
-0.790586048649572,0.44696717977982
-0.744197961867692,0.496122418585451
-0.800711615597611,0.484323782710745
-0.625982343659904,0.49777650593443
-0.609877192674315,0.472704330704285
-0.682390354931821,0.486259179881956
-0.747929708430452,0.497468223782567
-0.622836031835523,0.49934709734943
-0.620607511223824,0.494970892448196
-0.656217672378257,0.48937555595928
-0.672982856315174,0.488055704188866
-0.735999974063944,0.497060585116841
-0.687841825904618,0.434594048342089
-0.684323154924256,0.422886811322783
-0.755444539897534,0.414848386472705
-0.621372463348724,0.393164321656843
-0.764068020152484,0.470492989495537
-0.657244344055835,0.385469974272172
-0.623073168473511,0.42193974579007
-0.635232808469181,0.395501821824076
-0.610995944258774,0.383003463190776
-0.590404566330013,0.396138502039504
-0.689821643024838,0.453467034294437
-0.611887515470739,0.285733685174378
-0.58835182643831,0.381991012731944
-0.620539306894449,0.439277669562061
-0.628463016012096,0.324092100035276
-0.521391912320008,0.497796577589471
-0.492242570274233,0.344510376733332
-0.569610949652961,0.467938117147093
-0.475519104742022,0.338772944733127
-0.496138318217644,0.489270421647864
-0.42734857959516,0.449709704651435
-0.496640727207311,0.49607175850782
-0.420849810450106,0.444560840813763
-0.364452406026078,0.392990030573012
-0.501346542454122,0.480387633117744
-0.312184237965935,0.43715207675169
-0.375061705129319,0.329789778768764
-0.316138065629936,0.518874787760117
-0.335995727327815,0.392413327334007
-0.410988489220766,0.325406989062446
-0.2827630952004,0.356445117764293
-0.344795797296727,0.321301964177908
-0.257136914665586,0.272972281706059
-0.123614862631678,0.280192447810219
-0.356990692406406,0.159039759684399
-0.255572006743655,0.147067460909696
-0.275620755099162,0.13288409340975
-0.367280810044743,0.108547384948894
-0.23537970377628,0.277163148983253
-0.246495567733795,0.127025314597508
-0.260460955082507,-0.127821153554751
-0.331349036442583,0.214817300702566
-0.191857013734595,-0.0223096022494507
-0.199589826703176,-0.125718601230119
-0.22904184243776,0.0781051006188428
-0.104060389595026,-0.133917913957119
-0.269758327723305,-0.217622757324994
-0.20897237768764,-0.256363958440948
-0.269488829161748,-0.225695093916458
-0.211553376939039,-0.18225989599213
-0.236913927517162,-0.265517271353214
-0.256859880474527,-0.150801293085857
-0.267702972290552,-0.193181131594513
-0.299734727780858,-0.222059664358577
-0.307370150142951,-0.308136038999019
-0.258065659172809,-0.145370843186182
-0.229486969855019,-0.257465091793054
-0.266826799232752,-0.210151634348566
-0.334367481596804,-0.268145771231443
-0.303999785866949,-0.272407305549066
-0.412123710015257,-0.0798591447713559
-0.334118510287826,-0.193861196431231
-0.37441871456778,-0.244529963636609
-0.354391618279775,-0.134074635012996
-0.381725783209878,-0.209481482636422
-0.42762913402578,-0.273806294165891
-0.439461374484252,-0.267612872113547
-0.412713355189627,-0.294249042526661
-0.493806243876506,-0.221652503970926
-0.55059087270965,-0.243180544324762
-0.568229883141211,-0.167822283961212
-0.574100023858148,-0.192761328249655
-0.522897933298638,-0.133067288842734
-0.60360683320851,-0.252581957587952
-0.633238535548774,-0.228269796347783
-0.583501252007672,-0.307847843534776
-0.516154254913,-0.33509663434065
-0.50763964400174,-0.27826648149287
-0.528119318681422,-0.357145863347858
-0.517988087470063,-0.275916988103787
-0.448632026552232,-0.384378876471188
-0.39817784051121,-0.316257512976274
-0.400738618807329,-0.280329706820829
-0.513807420493572,-0.29184724038486
-0.429443517594763,-0.103737555606355
-0.354702544715357,-0.11582320754132
-0.388066892798967,-0.0818565601302164
-0.372821671908738,-0.0728340811566039
-0.415876136945924,0.0336542838824512
-0.371259273384597,-0.0336727162912958
-0.395697085167609,-0.0258108424092014
-0.345246739878088,0.0611362002436227
-0.354373440745099,-0.0689304960088357
-0.323519875423927,0.0936108034324388
-0.311111247325467,0.0424615522631084
-0.271019856983663,0.16826409057937
-0.279258012437299,0.0301852672721275
-0.232176407840202,0.0586580279854158
-0.236510903986126,0.151216741155285
-0.077465890888106,0.197626008733427
-0.0959210020405136,0.144398830084783
0.0817754317874052,0.194765720948632
0.0740585205735299,0.181368551074182
0.150021695935901,0.165742833808177
0.238566004401259,0.213434813993329
0.333353181867914,0.194580986815305
0.379188625240929,0.208158111598078
0.358274177235701,0.20672271742943
0.260499957156916,0.192930406845566
0.446125009664302,0.0757260429267436
0.558755081648014,0.0843455438490877
0.429778894349504,-0.00121832475620715
0.604441518468596,-0.0524100311785484
0.425643244110083,0.0811146345688896
0.580273154187544,0.196245524033029
0.695233849069609,0.0803435884633616
0.645494014425441,0.051329109315599
0.497287478072653,0.22600384115701
0.763360386531741,0.098398634739551
0.8854639512514,-0.00229286553633441
0.667873688002193,-0.0368200305056592
0.790511370493257,-0.101287832310697
0.806649977470576,-0.0681133835204413
0.818015069499393,-0.103251426701518
0.85500199867808,-0.160747650087574
0.85885018076528,-0.132087325405463
0.81375531434364,-0.117155138930573
0.778152958696629,-0.105295393496902
0.764824185936672,-0.140513168373188
0.767332676855049,-0.108446933441046
0.794741865885439,0.00366984206965623
0.712558634114888,-0.11802824647554
0.765565897479999,-0.115531812491684
0.860606063059212,-0.0535175447059325
0.749543368488437,-0.11868075145243
0.788150592645089,-0.0540121840502753
0.863529652448365,-0.112619523822082
0.859735853957591,-0.135626332472023
0.836346322744157,-0.0701029494223856
0.879392685447535,-0.0585480849550645
0.873583335039632,-0.0309731849804571
0.915496147145486,-0.0607699840255173
0.824506007624629,-0.0551121892567443
0.896505400258478,-0.127706597185998
0.889419829783926,-0.0869609268320241
0.854507662746875,-0.0198534671407905
0.894765872279953,-0.112449798237894
0.900247496813572,-0.0204179064689395
0.76315977467738,-0.0442878133953067
0.795926014377002,-0.103841808318269
0.877060332096307,-0.173383637874205
0.820531913427583,-0.090936484197332
0.92346003811659,-0.0924741228893253
0.877014815994318,-0.099003655526017
0.782802355425541,-0.0938722558064307
0.871534688176826,-0.125447563751421
0.874064668955446,-0.117030166709357
0.904699615113262,-0.114695831515695
0.878486882942176,-0.131433435814766
0.845544683518279,-0.0548686520031957
0.883008741585849,-0.0856281800430017
0.85759172620345,-0.0843510051066376
0.873415067666144,-0.0555598891593491
0.884560141386192,-0.118922544755442
0.877519605432572,-0.0844839974777279
0.848622267710017,-0.0437035179771418
0.850427466234049,-0.147402761715002
0.801194741539117,-0.196948909457899
0.819297469961089,-0.231226247523394
0.803244937564354,-0.273942848213196
0.778066065725708,-0.344044798534907
0.819723534013354,-0.360579505432178
0.760532413306075,-0.383980291904517
0.75978163897867,-0.366358400817637
0.756042126982625,-0.388658417541139
0.773474440523766,-0.407121139834665
0.742738319467919,-0.414745919960056
0.704304345094323,-0.427673826056508
0.680780344608514,-0.483554066739217
0.684711416713041,-0.50388934539013
0.661586311757277,-0.470025072950402
0.677988617867922,-0.48740426366894
0.642212402766858,-0.535553388002955
0.636488446768979,-0.57545624045441
0.601877763091269,-0.573164389763765
0.565129907796015,-0.623203160523781
0.558211483925017,-0.59240391836865
0.543111947611614,-0.583524243180488
0.501299354722955,-0.599288089576964
0.463930401118231,-0.569235714454478
0.392838710034323,-0.627933052040061
0.481486817819874,-0.633895914918731
0.422385027520252,-0.633711802432931
0.400865858608883,-0.645403308844829
0.323650429369807,-0.572238824284879
0.331337560473167,-0.74968308796076
0.317104672379759,-0.685510017875598
0.335115624706124,-0.66724966966899
0.26219806025881,-0.768241960413489
0.215602409738282,-0.786879277171905
0.215956546238775,-0.760237539761826
0.0564641812474688,-0.826011080894256
0.207949404528014,-0.857717781318183
0.16143454976147,-0.862028296794213
0.0897067903011644,-0.850683919734595
0.0680487536409713,-0.889680314701634
0.0205355466513721,-0.819211157095854
0.024926027998512,-0.880259663115003
0.0615762028247725,-0.878577636764465
0.024011657185006,-0.860920747383998
-0.0410168534575697,-0.909717365924225
0.0874959734538644,-0.894619717297209
-0.0171216845424112,-0.912373534336864
-0.0464668212952622,-0.891322564642631
0.0200745520707945,-0.895762264507451
-0.0109143192882604,-0.919525027708692
-0.0103585523611265,-0.873216592630228
0.0141969202528311,-0.91836603408323
-0.0192638919431988,-0.915958061157006
-0.00962022667308841,-0.885510027860008
-0.0546703865886974,-0.865306552325013
-0.11520756640906,-0.903626002833155
-0.0374706799566693,-0.903502223406935
-0.0466309408332527,-0.846383601642397
-0.0845383693045433,-0.90148570482089
-0.00482700975007696,-0.882577607246989
-0.0109704174094002,-0.867742022479549
0.0101001385019376,-0.879117139935655
0.0712332370784622,-0.877415801665224
0.0924348039697846,-0.853988385106955
0.141174030613154,-0.86292121045377
0.134877121446949,-0.862920389431459
0.180611885289046,-0.825705458701011
0.223933992197767,-0.805915803722605
0.206908205319185,-0.82928316571266
0.238823191803102,-0.828502359044999
0.269339047003576,-0.816126591297184
0.248985240207918,-0.796290894191189
0.336277236543424,-0.789044400901771
0.336224518212788,-0.771189482416043
0.373319085379075,-0.752799916810756
0.359479552515936,-0.710499858957364
0.437308979304969,-0.742929401850187
0.406824683564964,-0.766569400119504
0.417922840965924,-0.69875797762255
0.454131391228566,-0.73174457255141
0.476596162819949,-0.70234873301379
0.517123958476363,-0.671792008817178
0.527982613984239,-0.691502164330053
0.551635309765603,-0.625532860736406
0.588761500941159,-0.590066490676713
0.574940367436152,-0.666864095223626
0.644955894577728,-0.573605564166
0.677073014377374,-0.538025786601768
0.661114277257744,-0.571009580410414
0.676577188020404,-0.53031795993526
0.682719834784656,-0.497870211819369
0.73837664694189,-0.458192672884447
0.742965947183536,-0.441708054113645
0.77517419427476,-0.363379029373725
0.74860904077885,-0.369527104836451
0.7428371931405,-0.402608196156192
0.75712675598181,-0.257582299830541
0.729363538498179,-0.346939995497296
0.693165543825469,-0.281212764265901
0.78798791195174,-0.180617843856482
0.679834862360893,-0.252002241753538
0.705230131537552,-0.243837559680116
0.825243864111708,-0.199548222828684
0.672884237955639,-0.238049341579424
0.734834952833927,-0.246783628116827
0.619773861463388,-0.320055839455833
0.648890915558847,-0.175265500948317
0.739575350998292,-0.232015303279987
0.666444114297179,-0.214099163901477
0.588129904775834,-0.238785258190134
0.61691303936733,-0.16650835669661
0.637216366038893,-0.309911159225575
0.69950431395531,-0.224519494200859
0.506575753384852,-0.308154086615328
0.582648176919369,-0.271075869753084
0.572503853971812,-0.30156067554223
0.532748829592149,-0.206819561761927
0.585292485638207,-0.353105033402054
0.578277849571251,-0.355146530947812
0.49672013349159,-0.539643578579421
0.555038509639689,-0.325014213836706
0.44682435622403,-0.442688740772527
0.392088474004537,-0.436008629159091
0.528387817655281,-0.392299939244321
0.528690965852969,-0.424012328035469
0.484304147466328,-0.400202902994765
0.523692582279332,-0.578360293428904
0.482395696712637,-0.531401581352095
0.457258624820618,-0.554853524021327
0.41701113331564,-0.502522521487219
0.310289002086562,-0.670494958603578
0.357377848409995,-0.667151551765293
0.330130061038016,-0.708355175399443
0.22236719861647,-0.703190291654064
0.153081606920104,-0.824484062642413
0.1523598165936,-0.789835188522011
0.0991305504183897,-0.830017107613391
-0.0103970537856773,-0.756512489557202
0.0574148724343604,-0.803438438157487
-0.0391131091994489,-0.857045424289202
-0.083182228595673,-0.839788452634277
-0.146020129117892,-0.857856802913799
-0.204343373230366,-0.903612685247356
-0.280161172020826,-0.865381471597417
-0.104835747665285,-0.832582396616054
-0.331076344835573,-0.849453317841238
-0.372180963975029,-0.819539256014108
-0.407282031821115,-0.801716145822779
-0.425419848279435,-0.836889140229015
-0.412240704895661,-0.761776135638753
-0.477067457398318,-0.799317202292179
-0.529631597598879,-0.752811253859959
-0.450767425267705,-0.761618234492278
-0.503328086553933,-0.750550423118243
-0.578663678393196,-0.725402318633114
-0.596983109739486,-0.652590670208481
-0.598215484548004,-0.692725441454761
-0.647362640218939,-0.717998747501818
-0.626931439081616,-0.672130858030828
-0.565982708472624,-0.650389229907685
-0.604121382811199,-0.71390904170224
-0.622074658160489,-0.602047244673423
-0.662947486079448,-0.668662950603238
-0.666811021649621,-0.684787550457722
-0.642334184558627,-0.649889810662496
-0.634616019183369,-0.622851583318967
-0.693835948515387,-0.653771208355676
-0.665456781220233,-0.625725442917391
-0.638058027279808,-0.654628488371269
-0.593028363349888,-0.658234869963255
-0.68982037049939,-0.643444061333328
-0.683594823212363,-0.668307391151269
-0.697197974746755,-0.605605378789843
-0.62927664101604,-0.665254248632194
-0.672739856265611,-0.625311971617026
-0.656040146882418,-0.637196128086207
-0.675745853859627,-0.671163697198334
-0.65497326253066,-0.636398642948337
-0.658169498671417,-0.585562879376192
-0.660437091314083,-0.640448925812658
-0.63212507549727,-0.571624896980441
-0.642093704350909,-0.60591054640527
-0.671420527767697,-0.591689973052209
-0.654175576429241,-0.555115180685037
-0.611010033679093,-0.611870861055476
-0.645249878641192,-0.634850024750608
-0.674337668194942,-0.614730853509046
-0.634720572848147,-0.609220731510636
-0.647951687852326,-0.588430039647528
-0.67023948817721,-0.592717885924604
-0.586472115422325,-0.563839719151538
-0.656442531788892,-0.634258856971461
-0.622036797792732,-0.609448937339218
-0.671217759753038,-0.627711753404285
-0.697646498882764,-0.494005916146875
-0.637258019124607,-0.560447423682608
-0.728859725691956,-0.480164735120118
-0.708375695963783,-0.558906173940016
-0.759630984287554,-0.464598119363505
-0.701512952125031,-0.529362557048468
-0.671878082625933,-0.502368760854881
-0.812061404637558,-0.432338078756188
-0.760727410069139,-0.473630032950259
-0.815470517408932,-0.42199862276095
-0.763662607100636,-0.368754703790004
-0.770900417048033,-0.370283341790818
-0.855489616618978,-0.307262682710533
-0.909734042930179,-0.30227147795175
-0.89865183973914,-0.23662616352401
-0.853658010392757,-0.210313458908308
-0.847180331843132,-0.16844118508007
-0.815754551641237,-0.146591130481157
-0.912475688921145,-0.132411549540312
-0.747480025190946,-0.159482087812287
-0.853605226130608,-0.141521859977076
-0.895964150070841,-0.0806281319435033
-0.870314466219274,-0.160096730512983
-0.909857364652914,-0.115519365706747
-0.864125196999773,-0.140165327721866
-0.917185951978084,-0.0541234630882112
-0.921978637510067,-0.159345258368912
-0.936098481075287,-0.1491395106519
-0.847839312616971,-0.08353312725498
-0.900072242368837,-0.265363233487496
-0.924379752784919,-0.164431438712926
-0.940340814311255,-0.169199278826386
-0.91501354511662,-0.195699755505426
-0.90588743726289,-0.168496429735338
-0.91402762863036,-0.162315137663718
-0.871948359859706,-0.131078741342513
-0.805009573151874,-0.0877135609842292
-0.81839445827493,-0.130573985471635
-0.913538018346373,-0.105718675791419
-0.94793889116597,-0.120329343264526
-0.848470123166017,-0.0301605902091778
-0.891485785408486,-0.0164966155631116
-0.936503166996184,-0.0109326293205704
-0.98083849992414,0.0203121907774261
-0.937543093137936,0.0501949154359844
-0.707541508181578,-0.0070556300016035
-0.860921845635143,-0.0245064138117418
-0.845275084954746,0.0434625662042597
-0.936357118262741,0.0440481602257078
-0.872144182053643,0.0440984088750511
-0.749035119268821,-0.0131195153628017
-0.877426865299428,-0.00371821937242025
-0.837683274086676,0.0681969391600287
-0.956371238543825,0.127000710809275
-0.846295452272087,0.116565758209972
-0.830030057890036,0.149005991263207
-0.902021343310424,0.112998959218951
-0.790567526201254,0.0738078498242852
-0.833794321648321,0.109256428744613
-0.945935719005189,0.0984940781194373
-0.839987217166121,0.188500836239033
-0.810009606571274,0.116829853455428
-0.88573843995836,0.212988801804619
-0.794987838414814,0.212499020304382
-0.788124612427147,0.183025211628801
-0.889502805111204,0.129411828196768
-0.733669808593004,0.127167071848876
-0.805575117271621,0.139038809018509
-0.823046848421003,0.20469232297152
-0.777159043064002,0.211301291602226
-0.913066899720571,0.0612384045420322
-0.738552679907399,0.0531132864581
-0.760292761918579,0.104040386762669
-0.689302753446731,0.0353192768654035
-0.792958672084637,0.0758436567291916
-0.831274982969813,-0.0121447486789781
-0.719562767760682,0.0877854117968666
-0.531173650207482,0.0223374269190174
-0.635022089313446,0.0949162808067647
-0.722631817689189,0.139979281234993
-0.840877119319872,0.146837277903604
-0.755856281653933,0.125111874505439
-0.702021463310349,0.10201055651444
-0.735747557208643,0.0607252314416203
-0.787969964072678,0.179203033914367
-0.823033209147777,0.19245858065296
-0.812584342976716,0.211019236596055
-0.772174568738145,0.259375345135472
-0.651869352189829,0.246609942897512
-0.762978574404408,0.18859303563229
-0.763552079733089,0.267694634884425
-0.766616532503457,0.35624772567497
-0.742412701196591,0.400059178662039
-0.723829855235882,0.356567360509802
-0.739002892911493,0.426332200700114
-0.764687539255822,0.426134149262526
-0.733147457318942,0.446480790359325
-0.71389162479091,0.44792311809318
-0.69454932110866,0.397244044675692
-0.653774309445529,0.538639616637089
-0.539045510185275,0.494364234564494
-0.649879453205459,0.484755505931756
-0.646445551700395,0.523753408616635
-0.604187537526233,0.573661283691744
-0.518364495055382,0.530966872511651
-0.624048642191332,0.52296310702709
-0.658661159241719,0.530932670997295
-0.622286090689184,0.560688912583056
-0.661068918231756,0.59922426395689
-0.667294415179916,0.548467352723923
-0.638460437318985,0.532527374464598
-0.685266933789825,0.605555984914684
-0.579288734397679,0.458556235660403
-0.626839455519064,0.467513470315452
-0.684236275890854,0.549347775805905
-0.544995816136011,0.490476997915497
-0.678015334532195,0.533972641761815
-0.545297137785182,0.582578374223639
-0.648054647543708,0.533591759519234
-0.509922076031214,0.579584169673381
-0.557532068566876,0.594784514962288
-0.541170837486305,0.546963758399929
-0.428121886121309,0.663518522369567
-0.483075585560174,0.625405347247532
-0.36424572785483,0.703829489828952
-0.462988566246569,0.705171659160985
-0.440080135117306,0.658974968811163
-0.413795441346634,0.699321930374657
-0.318111405907912,0.704110478478933
-0.30963729609457,0.813509494680988
-0.346539058739628,0.719290488623704
-0.303294547298816,0.71047835301043
-0.237741165364982,0.801362234625212
-0.304720468078005,0.676876935835251
-0.222775985264393,0.816885713583426
-0.262162989029693,0.791183539901559
-0.32030914038171,0.678658382108765
-0.259106981556214,0.747464270190715
-0.263448109096457,0.802467164871837
-0.288481269746588,0.74997140796956
-0.25124826506842,0.716588217959682
-0.292092923637859,0.822320670052766
-0.31925937183486,0.709148217254407
-0.407113676793633,0.720195924614463
-0.325957082780299,0.741641751674173
-0.412056259216387,0.707580266422208
-0.415091596360911,0.63805817181332
-0.413925570647842,0.745301832328731
-0.468994466599813,0.683423876080624
-0.49473990036596,0.675282816018664
-0.433264570727015,0.62857722693875
-0.540222685163346,0.63928759955953
-0.5980210576655,0.6097585585601
-0.640477360902108,0.542252859195111
-0.633691399188705,0.474765518667078
-0.728578620182978,0.403189970837457
-0.735091506186562,0.443144492345294
-0.768906464417211,0.389324612806617
-0.762400841827028,0.366765875072524
-0.802257219913892,0.332828344104829
-0.803474819331808,0.336062626167499
-0.844298695981732,0.264365913741567
-0.775281500275971,0.296634748708178
-0.896367109346221,0.232241806265532
-0.868799492227794,0.190198465571979
-0.871082291881413,0.199188785980911
-0.791765900184539,0.152245369038027
-0.84193958094544,0.0710488382765024
-0.811274841642132,0.0740988847826007
-0.855006358036295,0.0168634253136773
-0.790672833537055,0.0886345222930293
-0.870137705125939,0.021855033140701
-0.714697899310202,-0.086688270751038
-0.807508050700423,0.000924393856426371
-0.711752765161236,0.0745188191427143
-0.789845253906136,-0.0355545331656865
-0.658541381162746,0.0610305343170523
-0.756570437147154,0.040083138931186
-0.750802514111242,0.0901704551955389
-0.742199001766056,-0.0329332336940725
-0.593356594702363,0.122527322450872
-0.719794469258955,-0.0223953102464182
-0.700089829220174,0.0648069594870827
-0.602666765334223,0.157293366133994
-0.70989862428452,0.125965411068705
-0.630271920748806,-0.118421292773464
-0.637938350014009,-0.0429311606514052
-0.584013372232029,0.0542776569508284
-0.68258188954037,0.0547941998673422
-0.552269988508207,-0.0933947782891987
-0.528827809421675,0.0199577036283255
-0.628078740506417,0.115693948708811
-0.535028774021869,0.0356272253469037
-0.567169709447445,0.105381360212533
-0.472492905584085,-0.0271964146610211
-0.620725452568249,0.0785145549549487
-0.589279177040561,0.163036627461929
-0.657246271094557,0.199370458093962
-0.528547116149897,0.265849558357102
-0.548645782374292,0.220790636143731
-0.528188220545495,0.235781290123315
-0.593542668195134,0.306737590723206
-0.549392300949608,0.272638997736175
-0.507954690448847,0.119854369537029
-0.334995490989759,0.138385168070957
-0.482511598183699,0.190572387558464
-0.556491717245735,0.269620625681234
-0.481618369832003,0.270849671879848
-0.469109260516823,0.230381122902937
-0.518854736128159,0.206060967559442
-0.561095483416762,0.264612499750322
-0.4903195026359,0.3051286381234
-0.343304702312271,0.34203547026893
-0.393953477351345,0.382742310241901
-0.16457281117941,0.431831709611622
-0.385659128642324,0.448414016562877
-0.334013935644885,0.408845366384963
-0.114865694339221,0.400516497454297
-0.264050309989029,0.406193142247189
-0.255920603965375,0.477416922579522
-0.176465777124401,0.431167555843054
-0.350762129982765,0.598731883655841
-0.256894963371553,0.65597639231694
-0.199316585809529,0.478195436347489
-0.226904526312176,0.495538426124674
-0.196165697355664,0.507529770261142
-0.212777219620586,0.412107582907894
-0.238945674258235,0.59750610939111
-0.301502553892232,0.479776113761891
-0.19998651586482,0.586875589449938
-0.278434369008787,0.586227655816971
-0.143831348366292,0.510380472226866
-0.281071640611317,0.699519970199215
-0.368271352343867,0.683443736314866
-0.161881527592798,0.705660216308941
-0.301000346544506,0.704457791187911
-0.160685349904289,0.730677580361756
-0.0584187270711358,0.828986834307612
-0.0338445089136403,0.817808947661093
0.0489037468281733,0.740493987718695
-0.00381507848082738,0.675780401300665
0.0734331972015267,0.68279617600054
0.0118477157576031,0.583774120617842
0.117588804244421,0.718831540402997
0.172339767943316,0.738696253105413
0.115943715646892,0.760367921802774
0.103699890056458,0.839531369610044
0.152079101251336,0.814113535474053
0.174341060785355,0.861902421495457
0.0777281067991291,0.783513981689628
0.0739032979508536,0.74432735725292
0.164803843832473,0.716239949400558
0.200719223436008,0.814006658811395
0.10644826108003,0.879888469441525
0.118823908837073,0.88773367010922
0.0769162941137632,0.81480647368375
0.109050019130244,0.866810177302661
0.147298182249584,0.858139570556645
0.0495876838310138,0.912476173626425
0.0674909198894493,0.766712132271532
0.018211760818322,0.81376371292679
0.0634802377271875,0.825402667215692
0.0929429203575558,0.841228493479672
-0.0226678595972861,0.858781045395515
-0.0384728158761506,0.907086343522714
0.0134345289956495,0.879906756575385
-0.0716308020520098,0.861556679946805
0.0305916385588228,0.895054219321847
-0.0044234866101644,0.890275520102784
-0.0946590879112123,0.922971620069552
-0.101080863944858,0.936291717559937
-0.105204270299311,0.925310371956628
-0.102254128961684,0.873346116675711
-0.138640505434976,0.856899592592655
-0.161394971724474,0.906303125597505
-0.248305886932885,0.793934444522942
-0.196543889404093,0.850879091397682
-0.183005072910324,0.874095584331028
-0.158253535576245,0.730611208271134
-0.181585034122581,0.862338532095091
-0.287556238368008,0.788934635184938
-0.251081748373525,0.860625745799031
-0.253147008983389,0.775488203604612
-0.251238629501879,0.812336496710475
-0.415456973272672,0.734905993992771
-0.250479724335275,0.793039767170757
-0.341874884520932,0.716525524079614
-0.395176434989188,0.816955062396443
-0.404365582539315,0.746148790203354
-0.313957490005309,0.797103447834669
-0.458979413829358,0.717192816305367
-0.467470762768626,0.731732836791315
-0.482061505844468,0.647949326033278
-0.383698293284794,0.606400946777202
-0.39313990643515,0.691792070240485
-0.437119017652454,0.546667836528054
-0.467564857154597,0.556175990741225
-0.400164958577594,0.584713849418492
-0.310385392833913,0.502803198228027
-0.34814473621186,0.502494984621237
-0.19555896795517,0.58655886696968
-0.363448310006831,0.47133952592936
-0.207643745886618,0.493451707954338
-0.385976438417178,0.683986517725797
-0.383354117087911,0.654797788039871
-0.195029494490529,0.735670921461904
-0.350357275322181,0.613012759456818
-0.393794256461607,0.509812104273072
-0.0617430611145261,0.504361617494481
-0.207430069411536,0.575040627872228
-0.159363499040174,0.450332193265021
-0.210365001943176,0.691685441157347
-0.140386222508207,0.605041644512193
-0.152473034199268,0.670681448145449
-0.192982981578217,0.680696637287864
-0.105639884908377,0.697069338139903
-0.120046936773475,0.694301490473764
-0.00339141096698,0.681846124250798
-0.0660539927815623,0.634341163844354
-0.0381691258787279,0.670314020847266
-0.0313785469007546,0.791647167441936
-0.056926958770095,0.745688195711729
-0.0946941372322987,0.821764604404755
0.047579675245649,0.71470927632886
0.0386782012738012,0.572222258898708
0.0481292061804644,0.725891488819346
0.0911871880446282,0.7104100470765
0.196260293125334,0.804061974696346
0.11084667163143,0.821964963950409
0.071762569183503,0.614162215052749
0.208041153413673,0.695151031969591
0.0676794215634759,0.788992554522766
0.162621596021299,0.787703073144732
0.0641032121712401,0.734103029031387
0.111775545294847,0.771222874600795
0.216034763986455,0.761025639944656
0.193544415321745,0.775985128983655
0.291646148246181,0.759684455153939
-0.0139865874907927,0.685366505533523
0.165881446586142,0.634323610652629
0.330246151600781,0.437355965997225
0.270923230623019,0.538888213614247
0.110846804850322,0.409374388832029
0.349501185290097,0.260630008258266
0.379613304307976,0.473865000351833
0.285622118936801,0.500986701239894
0.451542274185998,0.581693021648867
0.661429184241388,0.404122913669224
0.695677783958762,0.468215943101608
0.553283986484776,0.428469643926315
0.521525323867712,0.377029253733632
0.719411512782225,0.421885350258862
0.788519562084473,0.442352534135763
0.782236912704572,0.498363663361469
0.73748243411715,0.509439113257576
0.749655472520704,0.450264900528857
0.817823982234985,0.524155592382507
0.741039871410125,0.526175338550849
0.746047846773063,0.566828258875578
0.708037109491391,0.512936082600075
0.654861059198994,0.613269258454111
0.646835861002972,0.604991889643079
0.638103039699519,0.518337751506755
0.615655653537718,0.54316230328651
0.582298367326811,0.714137811201192
0.558588879202409,0.629765067225819
0.540075081634678,0.712125230376499
0.561548880154922,0.745065384487888
0.459749286257533,0.793024084272874
0.504857871227497,0.756303632279718
0.464771528976542,0.77579579112764
0.437123310578838,0.73419967129696
0.427210438146491,0.720310789691683
0.445236751339751,0.750241592024086
0.476557498789262,0.701906667237234
0.402079568895081,0.757459534676491
0.478967745771458,0.774301171938352
0.524938204809557,0.680525240162791
0.427565732340879,0.7735349392558
0.387210232141377,0.641549803618566
0.503772592091737,0.726329220928791
0.463149442336623,0.731544448526639
0.540343201060501,0.747816382946988
0.428218783343281,0.700826084900785
0.533913438489057,0.678994495760504
0.544696979867602,0.652680369733881
0.621189361009192,0.583122219328471
0.637207099132302,0.610536162175457
0.623497121892397,0.616776148718148
0.608602955860003,0.611245488769819
0.740358998926834,0.523879591042453
0.697393088588894,0.520060574516055
0.782311750072188,0.413940790698993
0.594200220722831,0.328207176619589
0.694039412378752,0.41764719552347
0.73164420218004,0.409972949863289
0.86197682069313,0.36527043469251
0.784543835245309,0.270948608416625
0.770212678096277,0.373916114876244
0.834601746156059,0.316631117602651
0.817585259606191,0.349276626925583
0.71107247736082,0.353598182415037
0.820221044167159,0.369321380317357
0.754407787785879,0.408087532438551
0.722219019655568,0.463033263806151
0.76282404408183,0.439674881327048
0.763833507272526,0.430539646728031
0.765756410020656,0.49783910585739
0.741434699731436,0.448884894948817
0.680254252238833,0.534263452653559
0.722311176405245,0.409607198527491
0.648836837744014,0.475833618076203
0.697127364747601,0.447290392729765
0.767856746238184,0.505637346176218
0.7693609001158,0.452987251753423
0.79811060751886,0.448862521359776
0.763609430763678,0.389497518157528
0.775868647545953,0.465636507500109
0.762500330639512,0.400493017221929
0.71942820877164,0.41837007496441
0.726996568800017,0.487800130378419
0.726063729191942,0.391227237622935
0.720373596999774,0.39344833411653
0.685441535574092,0.45281488312664
0.701860483527758,0.387576185707749
0.654130258969701,0.455662943162733
0.709972650173983,0.414884914811445
0.707601945646214,0.374317749057717
0.714733995983317,0.296566311434545
0.652613944466003,0.323361446443211
0.662362721651346,0.468456059252093
0.730032819393596,0.31101101885714
0.674885624512037,0.289561068556041
0.734296675450112,0.298968635200155
0.739442473438339,0.286616933713188
0.741998343891418,0.219049781584589
0.644776457835785,0.17127891978901
0.717622774105362,0.305764712071355
0.713869954049285,0.285911011060507
0.756280201872979,0.233363570859076
0.761465301042861,0.256575906996595
0.744904726000859,0.383827188409252
0.780930320508286,0.232349299342912
0.744085154773676,0.335192446666585
0.761707510894546,0.293521835349996
0.745550646162316,0.28685450162976
0.725854972639796,0.323369363869559
0.744119519040003,0.286873504617364
0.699026093658128,0.364719848003326
0.72834553618159,0.351802974559939
0.699137725258098,0.337914541674477
0.689276125881985,0.144909171836083
0.626653897594407,0.271730246588297
0.767238837574073,0.365531673957322
0.681902266394243,0.335531645266874
0.708644080187288,0.352339407012134
0.711568692632961,0.409972338849977
0.667649301086597,0.375938597670629
0.645372798850233,0.445950308706418
0.60312785519778,0.466304577557619
0.620950835233929,0.332002699735469
0.54365845412524,0.530874765225006
0.488247376734271,0.396254312196517
0.541057183806985,0.535037574444973
0.506683544141677,0.551309985536972
0.387213097366403,0.530477723861668
0.319306030196626,0.507666882201795
0.452841453089349,0.524006460980851
0.38964476554948,0.592841497159394
0.305970003018167,0.605268639353061
0.27711356799539,0.616129551071562
0.249966205034636,0.585081489264451
0.133377841368711,0.590030177697111
0.147913543812702,0.709846973533507
0.0893601076136169,0.636252097134768
0.0230500007731078,0.664035905241428
-0.104453882024031,0.730753389348345
0.00336642107195951,0.680403452573115
-0.153503863847254,0.529788559111074
-0.16506524297762,0.61684703138226
-0.248144023817599,0.695797037175968
-0.301068702910492,0.641158131458021
-0.0738878711989228,0.572147682114638
-0.14458544998971,0.467994220431923
-0.171334468795826,0.394854709179678
-0.240298858009113,0.39008593657832
-0.222806169418912,0.455311777678205
-0.103614274992852,0.44817101231277
-0.0669365428363166,0.522920638538948
-0.311768751663723,0.370975847966153
-0.150025743473646,0.500169392553895
-0.0172751719540986,0.340493967728546
-0.184701463017162,0.0777051148608132
-0.160192363727142,0.42355961285174
-0.395553474980234,0.364219111381923
-0.276723615325801,0.202406880119607
-0.0608823151672607,-0.0835616665566216
-0.141693537254193,0.0849767991392704
-0.0588727747099888,0.273444774945026
-0.173780253308446,0.356752472115273
-0.232786293768855,0.0174009305949577
-0.125616954139282,0.100982605101102
0.0387386405171054,0.148701765940501
-0.0727493946309304,-0.0441698828196592
-0.105512921686965,0.101674317369451
-0.198025355930622,-0.0399339472521816
-0.300390895944114,0.00617010962825123
-0.48517845920047,0.189323312764305
-0.265381262791992,0.278454932154978
-0.228876026715005,0.176102882064968
-0.0841761129184454,0.0370142367318321
-0.0711611391868141,0.00195082967028635
-0.200854993833524,0.176851322227341
-0.168260187702509,0.144040657505615
0.121277335237137,0.0801309092745795
0.0761196809899806,-0.223806907964355
-0.346827065163898,0.0320581435239012
-0.165506736876319,-0.0454944802868876
-0.0193627376136851,0.044593782902622
-0.121292263592921,0.0884243007825894
-0.231537903016859,-0.216790288245718
-0.0160624994068386,-0.000739249991473606
-0.234845069150796,-0.396825583216237
-0.0478171773361214,-0.209085850395505
-0.114514338947693,-0.336078297887643
-0.0892786786306769,-0.517900379776047
-0.0929796388355048,-0.476267126851541
0.00252093463446309,-0.368163220339162
0.0223953102464182,-0.477175412290443
0.0470325043831863,-0.677976360806923
0.0406747850958572,-0.501407833543566
0.322008407060765,-0.473208891710612
0.276879818407917,-0.405601015706728
0.215319144692883,-0.494939989844136
0.355565884311108,-0.34447547862111
0.332454918319056,-0.499976445500134
0.269875522274985,-0.44152784092236
0.41308867613965,-0.393054944526085
0.288777134368584,-0.384909863561092
0.416707025238665,-0.369316456265648
0.420651976001304,-0.420169843006023
0.407788711582686,-0.358432562418767
0.537286152660006,-0.204853764119458
0.444429278264345,-0.384647472929991
0.538029035831282,-0.260018376632785
0.580075397437461,-0.301169156201152
0.528393587729391,-0.305786178933018
0.470473001776641,-0.386414144510322
0.660628044616701,-0.306192211721741
0.690002251490304,-0.369170861094769
0.689877018739301,-0.204612700528183
0.744420876816792,-0.132599590091183
0.801495915036432,-0.228069944267892
0.792719243695673,-0.17896495273244
0.930168258306963,-0.0514602929166561
0.923682611395397,-0.109190796604487
0.930834130802385,-0.123299907859236
0.878603619144164,-0.130217268230243
0.905177433208358,-0.0621258058823302
0.859366112072364,-0.114417974491407
0.913949458530209,-0.120495636108599
0.920815824436093,-0.0709341062570937
0.883186760955645,-0.080834002854274
0.873767280368254,-0.0504973970329291
0.87986357912602,-0.0741233931952745
0.920443555295605,-0.0855415454959585
0.889855576023453,-0.101754403692739
0.838992740529476,-0.103842021893258
0.91087618551902,-0.222002626481111
0.87555438655772,-0.119770412959604
0.853351533727101,-0.197191171671456
0.832771331310867,-0.210283183406616
0.819213081648538,-0.214007946501038
0.866905404164343,-0.298815927920992
0.861491484382057,-0.328347336908
0.766575495644525,-0.409752671793941
0.847593410275113,-0.337070002829976
0.770970999387452,-0.32151645702906
0.73554533037007,-0.445960529497587
0.806204931580289,-0.408195461915589
0.770536307074108,-0.50836348540701
0.708781950242448,-0.553339647748843
0.717633843786793,-0.535845340142903
0.697037400502051,-0.528199339466081
0.725923190425935,-0.532274987294021
0.712898840432648,-0.547396143215685
0.669264784844006,-0.564193895956961
0.65663889517769,-0.633357037618161
0.698419949582297,-0.563884425241183
0.64252143110251,-0.633234237524083
0.664908553813299,-0.618350644681339
0.710076502439035,-0.567754795712661
0.657691573912732,-0.627494541269689
0.670915666105564,-0.670258854840667
0.644776860180607,-0.676190221101941
0.652697104334095,-0.632856516139349
0.663357710997779,-0.623321220892077
0.656045463902346,-0.684400437400621
0.612939521193208,-0.612450874399793
0.649275076187624,-0.63850631620561
0.703736553385188,-0.622987281373759
0.640427755024483,-0.64718193878001
0.652952278046243,-0.635128329927827
0.617943348475717,-0.661502985894159
0.654058904293751,-0.643962372555274
0.64012209719855,-0.645091295637003
0.617414614030022,-0.655657322461534
0.62703320517133,-0.65453102203073
0.602878158549186,-0.695885432766586
0.534695740943737,-0.728768612238557
0.543236075025707,-0.709461929418829
0.493997377529125,-0.727503452382645
0.524493312085382,-0.726456081843106
0.442490797245921,-0.765221758773038
0.333220923995284,-0.73992807365672
0.372815242216161,-0.804425423929571
0.335304731266128,-0.813739473091476
0.280403588117485,-0.874167699869604
0.308827565056886,-0.810541013851047
0.285271083574708,-0.919735756197272
0.251295941483632,-0.91731461638987
0.24659911251777,-0.844885799063515
0.160611609077565,-0.844512406298636
0.246211931641077,-0.916262864797211
0.216583012503407,-0.927254032111187
0.202598355710654,-0.904119500278529
0.163580297437398,-0.94105830487319
0.206486266726084,-0.862924247178421
0.108391602585065,-0.817727800860101
0.116404839071514,-0.90581401526044
0.115296914694834,-0.89660223220745
0.1491612844502,-0.847724989192542
0.159679167903543,-0.897038559328075
0.0951175014291551,-0.878972236557325
0.167252087739006,-0.924842692190375
0.124303704209249,-0.931224904289546
0.124010566162045,-0.922078057069053
0.0550938610325266,-0.853785601322875
0.038627662743785,-0.914052611758847
0.141890049332237,-0.90467025726285
0.138620849629747,-0.91155748499359
0.0838096433827892,-0.895467452676889
0.171804837624713,-0.889555860092734
0.18654087417165,-0.904870660015663
0.196007207516131,-0.849734028302052
0.192954772552351,-0.879280511120419
0.246986331727632,-0.841833887338538
0.210023025722068,-0.835577283822808
0.181714404698852,-0.880338586527141
0.217295591545543,-0.816475330512408
0.202174154042678,-0.824790883046752
0.157687026536246,-0.829410463976626
0.160872669671859,-0.85952502757075
0.182313562145714,-0.828028927951089
0.0608064560093883,-0.829319616095587
0.12659582644143,-0.742039976289473
0.0269169178833147,-0.765216381241609
0.176850610005912,-0.780106802689488
0.0197786253522927,-0.848379160265021
0.0667825970266244,-0.883993191703185
0.0317898197531175,-0.848055058791892
0.019001810518395,-0.911453009088414
0.0305428016543682,-0.823350385390877
-0.127114118206627,-0.818711484410737
-0.017128448947672,-0.934608020202064
0.00456913125993164,-0.936186165726522
-0.135006008279727,-0.915127073951484
-0.223852536428573,-0.919850863632717
-0.282762793125148,-0.857778866429541
-0.341583178566572,-0.889219935317136
-0.287949182988535,-0.840575586339577
-0.39244303355453,-0.877620609460378
-0.383651540998829,-0.871639889801184
-0.402153218949665,-0.857217864764337
-0.449074275397382,-0.828488922733241
-0.412887025312921,-0.797487375637458
-0.468229363896782,-0.725869094961183
-0.415549864397805,-0.78818932251187
-0.526128323043059,-0.752411797437368
-0.530149788426658,-0.747664754891834
-0.518117374041641,-0.753351989305364
-0.548522402895212,-0.728977281396111
-0.582251071998535,-0.71711652711968
-0.549245744155412,-0.689686508248799
-0.595733944447191,-0.665750136169608
-0.634458638138938,-0.606235524380693
-0.580904028176869,-0.634864362462673
-0.61391686850848,-0.597834615425166
-0.569090533253786,-0.577307528281816
-0.51863526050397,-0.557308621206435
-0.466968625165637,-0.533279866749132
-0.554277519787723,-0.548700044526368
-0.554059844676931,-0.573631050329033
-0.577812904213363,-0.549331704473744
-0.544001616888948,-0.54523892731795
-0.5088493360241,-0.526258180088802
-0.503944072841386,-0.54072754066885
-0.498994086640489,-0.522579893605451
-0.480339046893982,-0.513772610753646
-0.502368582125066,-0.498723626659833
-0.478891954174223,-0.476870887942079
-0.41592956767821,-0.500421272601486
-0.437813927404522,-0.478171154421844
-0.417586024361318,-0.478108656052594
-0.41011125046705,-0.504952692386884
-0.410459385638747,-0.483423221851336
-0.421060656152987,-0.478535886455097
-0.443219418385727,-0.465208439239087
-0.454660761381673,-0.460146001773144
-0.471787499246548,-0.455373925517705
-0.499886720876824,-0.449671844922689
-0.475848361518079,-0.458097104902521
-0.45143343870418,-0.474215221761035
-0.481538659848991,-0.458652056218297
-0.46081041055533,-0.451625694329863
-0.475793137543504,-0.450908039715124
-0.471408996775739,-0.437569995022177
-0.515649238053501,-0.420875074141455
-0.495094914672841,-0.412781986807214
-0.499345028563203,-0.415539241189189
-0.524072552004665,-0.448567968576922
-0.561690011228209,-0.421406831320886
-0.552086827718295,-0.399641255978709
-0.559405684438178,-0.381967957261365
-0.577416167286116,-0.39621831516459
-0.583027593818617,-0.345774301185812
-0.596073812295215,-0.365555532477061
-0.586031234461528,-0.372392968953871
-0.578144351286725,-0.360980730566147
-0.590941948606979,-0.38078403223823
-0.608201805669702,-0.3577327701169
-0.58868664256612,-0.375375643868451
-0.56666973846373,-0.415029557692053
-0.553738535737976,-0.390759542172514
-0.569240939363977,-0.400847561581242
-0.547588079067401,-0.398675682875897
-0.52530679532776,-0.406987567577801
-0.561309861563359,-0.354144526346045
-0.55119617704231,-0.344291946114174
-0.606537233083949,-0.316649670880731
-0.607224591806612,-0.353783205248532
-0.545675587378093,-0.336223073187893
-0.642849657867698,-0.377417754402424
-0.654674917033623,-0.356911099848547
-0.634090564189506,-0.398659499562537
-0.607830575019181,-0.366749700569407
-0.702137057122569,-0.412156855767092
-0.637189650215182,-0.389221694755772
-0.643959741620715,-0.442695315317767
-0.622868381632293,-0.448153445405993
-0.667923027389198,-0.484833794123545
-0.610409892488053,-0.492292289528871
-0.674090777103159,-0.441019448541447
-0.594048799813385,-0.499075089241407
-0.652105003721974,-0.535819659456216
-0.630488034973405,-0.483414475900421
-0.546308092246525,-0.537265311079992
-0.589455608705015,-0.543019347265542
-0.620108802043602,-0.502673143010547
-0.65203470292352,-0.52441567076251
-0.632684362877445,-0.542697840072279
-0.615938735838828,-0.52724188508765
-0.663168570590053,-0.52832644384298
-0.673814529936628,-0.540608652797095
-0.699645616610663,-0.495588700368718
-0.718299549386825,-0.493268186066093
-0.794745948473429,-0.446352505870259
-0.769665602647434,-0.411567809249385
-0.797375918735917,-0.437153365624079
-0.793795496944022,-0.405047120700698
-0.801902638700462,-0.365476868380716
-0.801465999223769,-0.417249638864527
-0.820839736436024,-0.33956457702199
-0.767370095992394,-0.391687239570506
-0.803270845471154,-0.331091090395073
-0.771239598402442,-0.352008227061397
-0.796419034344734,-0.370708649446774
-0.827718986020361,-0.334238953629755
-0.826091636995635,-0.310018370199534
-0.828587821418893,-0.23236157888066
-0.817935850942123,-0.20916340636437
-0.82957409480147,-0.16062006183018
-0.813707134018711,-0.119326752994853
-0.781878196070033,-0.0805928441937538
-0.798940563248745,-0.0902513435413151
-0.804921165019468,-0.0289579569777691
-0.634711881209276,-0.0353593467249831
-0.775792911095398,0.00251412373275429
-0.874193550265483,0.0621906782227047
-0.883064905258442,0.0812745169843584
-0.891075497452479,0.0310071206684347
-0.769127857370706,0.0931656135535447
-0.890639222808562,0.126685285636373
-0.878654026767474,0.0622936827207215
-0.929430835759815,0.139982269517143
-0.921273627162082,0.120986955816738
-0.891850433182766,0.0643785271881024
-0.911549423301717,0.135325092838857
-0.890342962286803,0.232051457740322
-0.904440419199253,0.186445479458489
-0.883300678809615,0.246791423801088
-0.807135471465374,0.331178719307217
-0.858403648999481,0.335939196589263
-0.871706474378895,0.300153719427581
-0.810419529529798,0.395788016575847
-0.827588656315705,0.403279646982616
-0.685299728711555,0.372088448932672
-0.754528756770138,0.383536989522053
-0.716624061099905,0.358634703993939
-0.756957213155205,0.402474646454815
-0.769726682129812,0.37973679871048
-0.632522829630665,0.495374837546911
-0.675178288181364,0.336969308712516
-0.68756900752698,0.528785293891405
-0.610600807615547,0.483662482795798
-0.669371853315826,0.422389194593682
-0.708769035401605,0.447219480694212
-0.635320946167994,0.372230207803004
-0.695860714326663,0.446878636070972
-0.646885097044361,0.392013200435792
-0.65652137154468,0.412958957707284
-0.580525842076432,0.4682115122334
-0.642841244697098,0.371347163275714
-0.56032342963656,0.487003897624907
-0.456181706533701,0.457459082011493
-0.581062341361275,0.424555245085011
-0.502165654252679,0.504632208409223
-0.435044711090584,0.472810859762826
-0.386793414295452,0.472920819180694
-0.407118216844781,0.398524199366621
-0.324283441120344,0.574728817712406
-0.318646114619783,0.586697948165136
-0.322661622189097,0.603914575775354
-0.213744379622064,0.559743635297408
-0.173693042782763,0.581845585589488
-0.151353862736515,0.618626959328543
-0.148765267412772,0.654828758574497
-0.121011017913692,0.606689586341911
-0.0486233779117213,0.682174339209073
-0.00435751914978465,0.682769288772105
-0.0246478614942323,0.641389276877989
0.0097404648730164,0.624535193603734
0.10576386008362,0.642928395844083
0.104598310814015,0.677497991477524
0.174755548581871,0.549344407392802
0.234131072640842,0.56472438032828
0.246953631717414,0.46542295275597
0.306170420014557,0.506616609970226
0.394683723974476,0.431433694117369
0.351408689403421,0.43493957047406
0.40227684922374,0.311316911115267
0.422749821087677,0.246758352105097
0.407492899343111,0.162708550568172
0.41831633134623,0.0862492432899871
0.399639662102371,0.0506673675286026
0.289805248357822,-0.0615586859393952
0.36888715310242,0.0646425580174334
0.43323427076827,-0.186812844296614
0.569728563445137,-0.230908849941592
0.45541967790867,-0.192814553857557
0.32849134944001,-0.368500547470709
0.320222066213936,-0.33305208318631
0.363315454398715,-0.301458886202113
0.296301198370336,-0.341797784281475
0.351947718507574,-0.276198161000438
0.228334036649068,-0.406206943527119
0.196479338208068,-0.400840330936627
0.203517913820112,-0.350881836501205
0.119893652447169,-0.449661262888721
0.176568542494924,-0.287086570516259
0.248667890933943,-0.447509169501232
-0.0047811514141728,-0.210364481986934
0.0285126121407418,-0.327610575867362
0.130463002684207,-0.467923531052
-0.016402195673718,-0.237525197745609
-0.00338759484689365,-0.362431117477105
0.160629901382382,-0.354050840438646
-0.0632485411698493,-0.384122717774917
0.0553934679535154,-0.398433443398843
0.0216577654738825,-0.353279527692461
-0.0450728167005535,-0.520328478731631
-0.149458613459847,-0.577090068955786
-0.108541383659556,-0.511012400635213
-0.234584135064819,-0.476824436159865
0.13173036781136,-0.560051518037342
-0.0388810839132531,-0.497657638756122
0.0135076614197437,-0.39858305111455
0.0620464825862119,-0.282473821954638
0.144217299418398,-0.400598638283354
-0.0314371896166771,-0.500693522966261
0.0322279972736617,-0.666363166279275
0.0702689497881796,-0.436246034443637
0.144523896228813,-0.602010317476676
-0.0106152199028146,-0.516647620391858
0.184130636454462,-0.492120899603848
-0.0227226196748259,-0.466683725377
0.0160024495046398,-0.500530335649213
0.11074452302153,-0.477516333158186
-0.00617281506746023,-0.583855828146413
0.000536778270851445,-0.524831643483293
-0.00713694320882887,-0.573897427150407
0.043692450302457,-0.576937318109155
0.11942623646218,-0.54931716965089
-0.0109733156219087,-0.532919946865726
0.100107646580827,-0.469705401515123
0.0731672232059595,-0.479820672178748
0.113596845640771,-0.465626756960722
0.134506533687206,-0.25734449761945
0.284886398366626,-0.392087405440697
0.176812105170096,-0.345170238435043
0.348938875790288,-0.535282974133265
0.23417697266081,-0.288942940121748
0.329824683954035,-0.46554938351608
0.369296056206134,-0.305480086338316
0.37178045730773,-0.358892805309927
0.32685673030082,-0.406775625578795
0.395748024089355,-0.384763468390412
0.331006376839214,-0.317213870735783
0.403431514693614,-0.336097135472258
0.379577756164276,-0.227570352107136
0.534085972778769,-0.265827638385937
0.395805694240465,-0.366119034098179
0.415654726906596,-0.402819494734467
0.496188766631797,-0.275222432297405
0.497921582921166,-0.320746341567828
0.359344192025208,-0.322852166083275
0.514250696199925,-0.360019647133293
0.553519049011628,-0.312119058030923
0.58082438452303,-0.260580324856564
0.566042436643008,-0.233292960654476
0.581442318700953,-0.255603839490885
0.544372589594739,-0.204597369659966
0.752173805827645,-0.126731516936193
0.695033587593277,-0.203016148574293
0.680309993625596,-0.11361291923035
0.641901818634541,0.0263211575554291
0.59028063111114,0.0859085777228374
0.578535840299731,0.0536407220168786
0.65790226219325,0.121039881682236
0.598430361714422,0.227296472496043
0.61681101332727,0.193336246134363
0.643604828850554,0.263460636194595
0.508113507269739,0.24449000637167
0.703395331783238,0.263334031495978
0.629860919660196,0.388937541965742
0.626682124047247,0.326466979773299
0.615203627011965,0.30464313143443
0.659596497734573,0.45506629289446
0.711257035287962,0.340407905599203
0.622890599429887,0.418266047661616
0.604574469679348,0.41561404034185
0.63687574695704,0.47803919611489
0.616664201281988,0.477009815407874
0.765745939575488,0.442472265939635
0.705423080525369,0.547067207852634
0.784532510943325,0.507347535000319
0.662300756263919,0.415754550124663
0.720253668734524,0.373284031951486
0.588548424442654,0.264348784979542
0.688925119983115,0.323657859431015
0.698591388306639,0.418952412776299
0.66392008355836,0.327305943823586
0.646849568750251,0.257337523896006
0.649024755786134,0.332165499187192
0.792096492472856,0.296798067468321
0.740988365349967,0.225631609264706
0.748477135653611,0.249092829611612
0.753362041226658,0.196171848765839
0.749490775145315,0.117381053853923
0.754545146937417,0.144507776280557
0.653575476252186,0.11066809170019
0.702107942071416,0.0542296128495798
0.6779631897053,0.0267612619806587
0.751116919413639,0.015689513460083
0.73069365683255,0.0134325416166279
0.769307633339244,-0.0742629742909382
0.700496398348314,-0.0802907656081519
0.756488923251351,-0.223523762263902
0.746560363857851,-0.127211537722838
0.785641709406484,-0.239306956537173
0.59235427925417,-0.183767038713039
0.638022948188718,-0.206266762584019
0.645511133799606,-0.226911371803397
0.715881344594144,-0.175333188689644
0.740485191402168,-0.145178083746474
0.550693505669937,-0.211953933025457
0.618130900191569,-0.274115151085649
0.668363322082072,-0.253079306761341
0.617242757540938,-0.186356646791468
0.765619662130769,-0.18913490070727
0.754233488387995,-0.167973418943407
0.797492565385681,-0.0248446552169403
0.679143648598499,0.00336604825221398
0.779746006138843,-0.150669756909847
0.742537060586873,-0.0415584062859323
0.762349800234526,-0.107920534614929
0.750976303329283,0.0666236446900378
0.725301137513881,-0.109239010325229
0.752859865625864,0.0726706665551027
0.800100130256431,-0.0545235646633937
0.768952613247313,0.0650322384674837
0.912351115091575,0.153008287638044
0.717813427563171,0.221905570057498
0.765069145593924,0.0563534286110421
0.789581467950516,0.135722548986406
0.885146043915338,0.224851519915944
0.803628166781548,0.151265527313938
0.855117737366988,0.14635665664136
0.881446342667361,0.0629485936445194
0.785728328341338,0.161487711301856
0.862053443534633,0.272243551464568
0.747674246685912,0.274884375710001
0.797735751791131,0.365056783978849
0.738728392159227,0.374261167924023
0.764698742732095,0.350553274191488
0.782718138140543,0.384848473880838
0.760922245325236,0.455771995116494
0.629541792836197,0.508250987468038
0.675590568590328,0.539313051392711
0.663777154599841,0.472667947347326
0.564783040516011,0.565312331484604
0.508975204188178,0.570670170999894
0.563289602065537,0.597774557121922
0.43767184438045,0.615050196567122
0.468112811751985,0.587897041534019
0.542468705961,0.651911917474221
0.523364826257888,0.639378868881905
0.532425937202447,0.622305673620139
0.478802564844877,0.650348267028402
0.488830632498318,0.605326280694698
0.451891724344766,0.69004460524183
0.489780238777584,0.645354525723757
0.411214573448184,0.64900850631433
0.415239114986849,0.725330192126837
0.374059709270949,0.713798148385713
0.289425311785694,0.613617257645092
0.356515996402077,0.73421009408084
0.357978922863679,0.681393799545856
0.258006908013741,0.683855428316871
0.314788145006741,0.769666271623287
0.113133832232267,0.688793996617854
0.219025296202331,0.763907574857692
0.180546172773091,0.764707324683919
0.14138994370957,0.739201496851952
0.100764893254182,0.708544478231102
0.0959170476208947,0.622333303368503
0.0732107387094445,0.731586978764827
0.249946144985916,0.623250266499827
0.207621383759312,0.712930864976465
0.183773568143605,0.661319848668256
0.158618214914751,0.656049372514982
0.150165564590619,0.671587059945068
0.247313892776565,0.724270403090901
0.179756317469466,0.647079128613713
0.165923736337582,0.741228627147006
0.209933482877291,0.779634516986616
0.187437345190213,0.748328985365207
0.332310696814662,0.739800070119868
0.117997804384735,0.741585159910076
0.328948511093394,0.814381924450166
0.288416507056975,0.751930228300363
0.437244159970012,0.738545275527749
0.36898976909899,0.762707654758978
0.386491640400376,0.725837195129024
0.261437627756066,0.695537723295516
0.227563035868378,0.78148295825815
0.307055122144708,0.690717933873714
0.237904624202626,0.747430082712335
0.236381217261529,0.704594662353082
0.222476857407723,0.689649196881137
0.226644012054052,0.70791429260292
0.0560054053218009,0.701476713144317
0.101816600106813,0.721799622369889
0.0775468076665868,0.683650436773983
0.0262065798046205,0.60311604445791
0.0269404721809258,0.67380140230122
0.0739387466842615,0.704200909316035
0.0976409571861077,0.612375321085956
-0.00620257136131486,0.606818408474336
-0.00617263902930348,0.686679492494919
0.0245926070118669,0.666148083285476
0.0285641070810774,0.748969361805066
-0.0953601634417267,0.744217125482114
0.0477050121651203,0.673080537413727
0.0101109788789046,0.630657277390762
-0.179480493649036,0.644420436255791
-0.0152914875602874,0.799398149255983
0.016216657997384,0.686866204264119
-0.00439993950722028,0.62851831788327
-0.0225022781002589,0.707617107265135
0.0555280079585328,0.732538597401097
0.0775970093155662,0.754686474853264
-0.0104432282747071,0.694174028798169
-0.117832685457047,0.686851526421838
-0.0340047298572544,0.655310403575156
-0.0307231448607052,0.601795439856453
-0.00582707281009111,0.738278093751437
-0.0634076240547427,0.588520030805777
-0.0387275363344758,0.64434055833489
-0.0475847082679091,0.704725946509212
0.0894259224210579,0.675154938277047
-0.0444386815306429,0.713151847380507
-0.0363777925379332,0.661653051863146
0.00515376615678895,0.738786261691136
-0.0418513640811314,0.795862471033668
0.042241324600133,0.789289397225923
-0.0592769257960441,0.811128636143691
0.0158125213788621,0.789284798762994
-0.125584438497647,0.720344273632652
-0.0624697985953521,0.812272753963272
-0.144669913975888,0.678875880660112
-0.161288770533003,0.700808649691005
-0.283973863915896,0.779163655174141
-0.212927114154935,0.788818775885462
-0.223566169211838,0.771001481961426
-0.306022440219699,0.769340378358509
-0.277175837106107,0.769146097976614
-0.319676078391867,0.750392329166505
-0.306757996797685,0.691049847305653
-0.280792797150827,0.813146417880412
-0.368482662244666,0.742735037517436
-0.45089573605807,0.687666401148379
-0.488706978284987,0.78109410696018
-0.295575640453447,0.593845597731921
-0.437910979612596,0.644664860135518
-0.418595665601483,0.644855636316608
-0.429516767853099,0.629590188686503
-0.461109628130375,0.515300348226167
-0.360876839497603,0.573026353411727
-0.480806818189977,0.59730419746287
-0.500772462376864,0.500989337753649
-0.413227175403019,0.583773060259205
-0.413552289129721,0.624442788521464
-0.449436276634078,0.615798615154242
-0.484451221372113,0.664986516690294
-0.492598312984154,0.656132329093397
-0.429906615826799,0.594589627560058
-0.440731514843262,0.630295013698334
-0.38679121145794,0.544595532723476
-0.456102213131537,0.717837462549747
-0.463823499178051,0.588302394006363
-0.329858413355763,0.540377361440333
-0.417611544829879,0.478354928787947
-0.35959224942787,0.503779884315151
-0.293043470604959,0.590150059830936
-0.350680705535085,0.576002584386323
-0.38154158115644,0.612218142663287
-0.293722850326374,0.544609698469539
-0.261574042140419,0.576677103487498
-0.370191496025879,0.515233043329176
-0.273183078512126,0.487541986600963
-0.277477400907141,0.56064272568917
-0.211982294378986,0.540688775095495
-0.361157373666435,0.628109111511685
-0.264621392331897,0.672709156665872
-0.274382616143101,0.507349067402836
-0.145093984916183,0.563072909851006
-0.203985708679636,0.586127007102492
-0.255574070265795,0.512618493308697
-0.126626444746349,0.528019613785505
-0.279951759793787,0.573925923268353
-0.268617311078521,0.54146067159213
-0.204536360464347,0.556402557225423
-0.154552922569669,0.534325820454983
-0.204449846369054,0.509374793528271
-0.302622317558524,0.489397194441855
-0.153408067497695,0.579223130066523
-0.227472566788538,0.549799355268777
-0.234050260253646,0.455705701612124
-0.22463151360682,0.480316512922948
-0.195216022878346,0.468446639534885
-0.27827465656708,0.379085300962514
-0.198701223935805,0.429825733789094
-0.255385992759862,0.382880685555257
-0.254309632445184,0.327099169329329
-0.187910822496918,0.316871893608578
-0.243677091302378,0.325072005879637
-0.176105046858641,0.279954594046346
-0.300989098838973,0.271163271434431
-0.227316815771893,0.272731922324071
-0.307885463129465,0.206803484057908
-0.352761023147294,0.238659749872288
-0.343070384072605,0.198653548748564
-0.313980861630356,0.177273685396458
-0.379996013152472,0.267697807061593
-0.401988302855011,0.311370761447083
0.857808572118269,0.00312056196917931
0.826443946893691,0.0533784736336131
0.732145402022642,-0.00371231971889341
0.8323821782012,0.0707352716662067
0.845950105609023,0.0232443350368519
0.81858327707997,0.195249711369358
0.82719235454495,0.0403713967786602
0.798128847859964,0.0422135245918622
0.89726618973434,0.0100601213147148
0.876317890964122,0.102700446543377
0.846141642947035,0.0758234796686813
0.922749067129507,0.0668499163596624
0.869707798731741,0.131067814424914
0.902363499069383,0.180195622828076
0.818590561547495,0.0994309195594965
0.890406626245569,0.0107686182523083
0.896353984546822,0.0464765130794867
0.893295219606348,-0.0327546602712501
0.882434084735077,-0.109285263933592
0.89994842737788,-0.15398993440654
0.851478848540271,-0.0709355981130088
0.838053016618402,-0.209975359804322
0.830309502221274,-0.194100399179807
0.81424141314407,-0.204201016481324
0.812171703012787,-0.200580131018986
0.793319519185555,-0.291758436439669
0.779898170222494,-0.184864970806105
0.742221443488939,-0.224013859202341
0.71200801825331,-0.193795009812255
0.765166767100751,-0.221105018099047
0.800146905987253,-0.200047991931694
0.812196320489996,-0.193833399022716
0.790541128309503,-0.195008914837858
0.791336298926227,-0.232235462115392
0.744479509577499,-0.24153243695194
0.718624920520827,-0.306736011565932
0.758924354676744,-0.30526677974203
0.702060558686186,-0.278448233445835
0.692093261771269,-0.345373810334484
0.626715885609441,-0.359296520734184
0.485795764536693,-0.291811013542442
0.57566862409992,-0.409992133769495
0.656880823382079,-0.533194271713075
0.609585429120648,-0.515019930149932
0.437436859813284,-0.598186111297825
0.458348042171245,-0.555769698467822
0.378262108453154,-0.605999767310284
0.335765714561719,-0.629404678030815
0.343173121969126,-0.617147937683654
0.303704749727235,-0.711697991191011
0.263531208017534,-0.547939420097493
0.281340916151296,-0.672205087019158
0.27061976949288,-0.737023437889712
0.235800668137027,-0.706199645782122
0.349913299730937,-0.698453531744145
0.232811793818632,-0.689610772461882
0.240092487690143,-0.756587975637024
0.223233526695958,-0.645329776973391
0.274274526335573,-0.698678057480343
0.22208292085353,-0.733251387251938
0.220796058624131,-0.73296313925787
0.274402848861509,-0.802640974926545
0.206567823065576,-0.815812699530908
0.234329165175371,-0.81452437708927
0.206737597866571,-0.814475415267013
0.239546629724198,-0.812832833418843
0.26032823897754,-0.846238994398
0.26535788199705,-0.910259575359415
0.309346024495964,-0.880693706034208
0.321075378284727,-0.866821434480772
0.338565435231949,-0.850183103463659
0.359849896103625,-0.800684338819813
0.377835182603393,-0.83183601078201
0.339896019196995,-0.801782759106889
0.407206654758268,-0.775725671410798
0.417428105978621,-0.735232271883296
0.478975488713462,-0.727320131599814
0.507321429307605,-0.743004922610839
0.489378263414253,-0.748143438661313
0.525854505513535,-0.767548294626523
0.604180403498999,-0.725772107343818
0.629512689581314,-0.715550646370586
0.577535154631225,-0.77488747323095
0.626893781805039,-0.722893306179482
0.624993346019507,-0.67895196500727
0.705212800525434,-0.669048591098598
0.658865873479095,-0.675495477444553
0.690486447403866,-0.685414259784416
0.707273494592069,-0.654684297509567
0.68014899237958,-0.687722394986458
0.638585547391861,-0.726851670241784
0.64227035101541,-0.728922409166188
0.606220821374182,-0.776964468265817
0.553314096614744,-0.805020037859622
0.536258588479845,-0.818638639765812
0.514125207526322,-0.833926238616584
0.507842522469236,-0.832976316592606
0.431260502929611,-0.862117563567845
0.464856651299534,-0.847029679328251
0.38906919745901,-0.872033220202182
0.354993187121303,-0.885627238017502
0.326401961491751,-0.885692455378738
0.273268384695133,-0.910699506745612
0.239770356586068,-0.907824953727564
0.155275231808628,-0.926093916053409
0.162679877066275,-0.916516193804019
0.123184461024058,-0.911326479432168
0.105199527759348,-0.930505644670821
0.0834975349988484,-0.922723532385075
0.0696557430151117,-0.924021661922097
-0.00708901758170583,-0.924712038749191
0.000186923321815898,-0.900356528036884
-0.0531050214547312,-0.940325152483689
-0.0221888541109499,-0.907177491537988
-0.0968030668963222,-0.936811444290654
-0.131636717174761,-0.906269101293562
-0.118476513187888,-0.920901892968412
-0.190363709630898,-0.923423247621303
-0.256555668252195,-0.915436462196789
-0.204386489315304,-0.943429540643445
-0.312279062012541,-0.913980193732493
-0.237036530018661,-0.933583587612265
-0.263579104565969,-0.912222657040332
-0.321289823722837,-0.914300966189838
-0.338780447988561,-0.924298802831945
-0.296816667536588,-0.925119985543244
-0.345703377681387,-0.908543273491713
-0.347229646498161,-0.90550977806095
-0.37717075467695,-0.890699099204417
-0.385975552353214,-0.893811172991504
-0.415345150689776,-0.884860286158432
-0.378184509376869,-0.902377568506078
-0.419745319196971,-0.878395280809509
-0.42007670706948,-0.859907829300982
-0.4622865563492,-0.854015952529817
-0.425235213165411,-0.861831113183712
-0.440885300409606,-0.873105929475568
-0.462194922603461,-0.847879516928961
-0.405650474464548,-0.881394559975536
-0.462902969246035,-0.858065852302689
-0.448594390259209,-0.861294849034307
-0.410074971857754,-0.882506590206928
-0.503690892191723,-0.833580704895441
-0.469332584482951,-0.849970552987572
-0.518886948752947,-0.82208796228466
-0.549558956096102,-0.80280144856695
-0.53467892934291,-0.816990010471475
-0.566175490809742,-0.792504431606369
-0.556525242960661,-0.783542309963365
-0.562482027568927,-0.737673372162514
-0.592153287396022,-0.74298141394363
-0.592384475019732,-0.756691257074697
-0.595837070322274,-0.746834719765419
-0.623390831615948,-0.739207298916403
-0.559637209683011,-0.798097436477104
-0.599210898479535,-0.755206259848868
-0.613955836995246,-0.711691245001998
-0.647340859616494,-0.72236460380187
-0.60899811004824,-0.696122339988507
-0.648009124521589,-0.701745754473668
-0.6151025448268,-0.6920674585425
-0.667763498065696,-0.636968764730339
-0.621568007607796,-0.700794783465655
-0.681792897536346,-0.640670201873972
-0.642225212268973,-0.553689875351514
-0.670998158141733,-0.657464955969656
-0.624012744088811,-0.648870068388951
-0.646279955685109,-0.652453437154928
-0.612883558144332,-0.681076159520544
-0.614888585369274,-0.706873478099864
-0.630967659802389,-0.692923646396387
-0.611689190285304,-0.707150568830353
-0.660602882075219,-0.669204879379393
-0.647260280809353,-0.660408180607866
-0.645282982421301,-0.702491898020082
-0.656969375303896,-0.660747034394844
-0.667666632833106,-0.646857324362225
-0.648803334658149,-0.637336462427985
-0.669548588215834,-0.672047154258431
-0.685984554722703,-0.676810607549817
-0.707347276183914,-0.634120996593937
-0.681500180721774,-0.680343147016754
-0.682819984093805,-0.680402809212088
-0.694985994336073,-0.661529171298102
-0.646340082095078,-0.681587960319172
-0.644956258858404,-0.702828483101009
-0.666353410975458,-0.705564995279892
-0.5915820088532,-0.743538088228895
-0.593854474151911,-0.749896396513488
-0.509282895080351,-0.785040425286496
-0.497518501863559,-0.794518900966117
-0.435811824870249,-0.813828738703514
-0.333115037494054,-0.802507760535215
-0.308261717521671,-0.840222722799613
-0.30681965670303,-0.850269449624988
-0.203662870796848,-0.843384459069643
-0.213140428591994,-0.816989318820513
-0.106673666586834,-0.863727445579171
-0.0874751060227784,-0.812360172781112
0.0322040412444959,-0.780682071013462
0.0232525502529638,-0.736021697207077
0.135645354543372,-0.767002561087498
0.131006789533434,-0.706967600998118
0.166019668177273,-0.73496282358316
0.169161587899549,-0.654798316945199
0.219378257021336,-0.614349131124065
0.314119067531253,-0.656147940673087
0.333322216070259,-0.550027800773271
0.36992697293166,-0.550524379097418
0.42882125287069,-0.541223844151216
0.374037121303862,-0.463901410205053
0.417540681465831,-0.378381245983145
0.489483620268609,-0.317908593247332
0.445789912049529,-0.354152060374298
0.384781840907195,-0.177239229292894
0.473873571221882,-0.236508613913872
0.521898016619415,-0.308672172919503
0.462269579169342,-0.341998191688195
0.508239296596136,-0.286994279570034
0.567803061207421,-0.258029633387296
0.529477661009839,-0.236860628979351
0.632662095931238,-0.0905884199186503
0.585563811169985,-0.0832451419702144
0.658557662320616,-0.0532387355785545
0.537299321262242,-0.0671223801982184
0.661329812700711,-0.0625737575728291
0.66469007281081,-0.0997683321390764
0.607631087461049,-0.139982157747603
0.691202738845738,-0.0292572342649797
0.636787666762382,-0.130304608786507
0.631471158414886,-0.212905150228182
0.541342633480675,0.0330831378486917
0.585505128628642,0.0387655220150656
0.636078345028876,-0.0640494790644212
0.591967324898916,-0.044069983113942
0.716430021364657,-0.0802164086732935
0.54072762396048,-0.0617022566533627
0.589637670007248,0.0990984682851962
0.519376775164774,-0.156344917606061
0.695086148155719,-0.0766144120689243
0.494068934283455,-0.0863334924341951
0.555232729770475,0.0946911556338462
0.605455657547994,-0.00717677638532211
0.60325723979282,-0.0881962181205269
0.602253220955428,0.00772505495322606
0.600277648481139,0.105946760924633
0.629791994261566,0.0510087860271072
0.754008171312069,0.0651201457394435
0.692301091638982,0.0563622861881191
0.796469572610442,0.0837824604584565
0.679709476427042,-0.0233160955048553
0.715969297848571,0.10101436329546
0.706390150182623,0.0428846548325385
0.686196179846333,0.0871338870011583
0.548641282728151,0.184345846023915
0.533335485513329,0.20657512616732
0.532829100561487,0.237086893242556
0.662724451572959,0.190208382242451
0.539067912969954,0.266678680063207
0.69079709061522,0.287981396988967
0.481230446235283,0.381427159697616
0.513970830087503,0.383428083836702
0.446412233036967,0.233405405947149
0.42044695491342,0.234845339339197
0.37590607921601,0.351764595575776
0.405441324247073,0.363993320289627
0.28373464635294,0.337426959740699
0.239700199165401,0.514191419878447
0.344912025659231,0.509378350147261
0.337061515827637,0.554741352907864
0.235294832888336,0.585024080289463
0.178449330152395,0.51458050336892
0.491136608927136,0.483706525268125
0.144226591371103,0.554384658807727
0.276124967311692,0.55662688647615
0.0989813600729255,0.648059212312994
0.177467885603042,0.579833381607193
0.14673751013969,0.442973935667626
0.257170087384927,0.550644514756467
0.21230483440743,0.545760572542009
0.102062874522622,0.478430179835706
0.0932929915550293,0.469074880739687
0.221794467938355,0.583897193509636
0.152873111489451,0.486754867535904
0.0662422647074176,0.32157622311328
0.102701454294505,0.553591538562349
-0.0105023174573727,0.321282542794012
-0.0493368672875461,0.538862468246515
-0.0407098461624152,0.699990123832884
0.0382866060035458,0.625363157796113
-0.121535900538321,0.377881403946735
-0.211695176797592,0.595470887015345
-0.153394103203699,0.515248470286887
-0.139083455119861,0.326336041182059
-0.159076638481432,0.414013181971921
-0.219097899868609,0.414159773827726
-0.287223627957147,0.21809552224877
-0.0740294840081265,0.175302537282704
-0.303688147861554,0.165402044658024
-0.471986352437461,0.197126635180747
-0.391705897114273,-0.00457153099893168
-0.367605199039426,0.0982079879510972
-0.37793490771646,-0.100060325966687
-0.514836182563215,-0.127740217092215
-0.583222720564925,-0.15312664391897
-0.388288181853405,-0.272456838862003
-0.482095989818272,-0.420239265468701
-0.448732560124883,-0.283729465826037
-0.395489612317553,-0.497115146714719
-0.529343476603362,-0.484242893842243
-0.430590315032844,-0.40070596803586
-0.520245064654728,-0.621060822191473
-0.581437306148068,-0.554611212893427
-0.581625750243589,-0.62208124296671
-0.507251100342789,-0.558219718392507
-0.568869447181635,-0.526617362665333
-0.621828159014639,-0.659596133771225
-0.598816634918724,-0.718696054141208
-0.511139421356434,-0.70288155242255
-0.531953355046691,-0.752782920752705
-0.467315482150846,-0.738488350722563
-0.503102515616818,-0.745939165986912
-0.570247067939345,-0.762862121285965
-0.547565016322522,-0.780535359495674
-0.510521348416937,-0.839031105188686
-0.53754587483634,-0.745585723008224
-0.544749505250022,-0.812274722429489
-0.484108721382712,-0.853146703102427
-0.518644661713069,-0.825108106392784
-0.487937441543377,-0.854385446595647
-0.500891228646997,-0.848007718002495
-0.482832115902935,-0.860345141416752
-0.498499433368216,-0.83763290236838
-0.457578268706734,-0.83197581350888
-0.5221221298053,-0.824561257670084
-0.531115960432071,-0.827589058080301
-0.522014985158575,-0.828740215274402
-0.525959971770306,-0.793272519280519
-0.580384499188544,-0.756921083492617
-0.550451063594837,-0.716620820783638
-0.526561999024262,-0.830051236835686
-0.536941643391495,-0.810013934934785
-0.516323019899927,-0.832176801438337
-0.535563589307455,-0.830306280739718
-0.568872630549999,-0.803341024323428
-0.516801620552781,-0.836764474296081
-0.547803499860388,-0.809209200473794
-0.598648966018157,-0.769988323960892
-0.578779019770302,-0.787412037668562
-0.609828560581754,-0.757232136050606
-0.619044551007409,-0.746103056708281
-0.606976914789119,-0.760344305063957
-0.655676760018534,-0.72040346312041
-0.698747684798667,-0.681066651298492
-0.715064217047839,-0.671342427401363
-0.710906084316082,-0.677182319936402
-0.691331083701485,-0.685699644925866
-0.710768755912618,-0.662681956797372
-0.693025898920701,-0.671066920034588
-0.725020093758079,-0.655868685040716
-0.710253684819488,-0.669168148120668
-0.695362571748919,-0.590630589853359
-0.653694427251265,-0.613768365758954
-0.73600626537847,-0.60697383225086
-0.752240697099024,-0.574021606384332
-0.798570162590209,-0.49518262489252
-0.765997973805437,-0.479914542552691
-0.772630643813338,-0.444589074371436
-0.79161614119595,-0.398937598385974
-0.803115526327568,-0.394565559071979
-0.804845794872504,-0.32875834724633
-0.893813998410191,-0.256444831453848
-0.833541449540534,-0.259405458356455
-0.880040205753433,-0.210100669582868
-0.864130757123086,-0.164401248717073
-0.917598225633969,-0.124194217406094
-0.855753084029882,-0.118553733978181
-0.851709593779461,-0.0784661665403316
-0.950500516929723,-0.104530260191431
-0.947250398639892,-0.0961829971862009
-0.920952326631621,-0.128791693543712
-0.953659065745449,-0.136376328877869
-0.951742722998663,-0.102888795473567
-0.961196173206549,-0.108700136496944
-0.888522825717809,-0.194934908128875
-0.958528662786008,-0.175006352438111
-0.953426658587443,-0.161677428899681
-0.9565028842958,-0.126647608262686
-0.933298739099914,-0.128217781003922
-0.955391035719492,-0.167044105323823
-0.96983187735691,-0.119501512663122
-0.971358922544701,-0.135178475961831
-0.963419082308299,-0.131807654763369
-0.958715787310067,-0.0601445830733957
-0.965802197813208,-0.0879948713160283
-0.894062248344344,-0.00425615318662745
-0.968962624248818,-0.0370452239547608
-0.974242378004023,-0.0648030822903066
-0.984285808538582,-0.00780260276303524
-0.894112887593329,-0.0278043243762503
-0.979784961354485,0.0153681576690897
-0.982235930066945,0.0264212779207267
-0.925276989563268,0.0410607527746269
-0.967242197980812,0.0824258869807402
-0.956603054652859,0.101166848207152
-0.929589615388092,0.199939092176943
-0.907465784441249,0.203756749550788
-0.888948499698288,0.154689133929691
-0.938835057683862,0.223537367638224
-0.914526731743342,0.23044134960019
-0.917499879173826,0.299712025662357
-0.91023687410996,0.311631607426552
-0.912611862515771,0.318620912314992
-0.90543476348237,0.317694488907383
-0.920237443129057,0.316618529186964
-0.915989692886792,0.271142814323796
-0.910673946116958,0.322609630990536
-0.919159628836181,0.30801562806291
-0.92324099319669,0.333614419680763
-0.948038922547718,0.27037072197287
-0.918223875351274,0.351510972410215
-0.930218738760685,0.32901780170583
-0.94358146007712,0.299445312686569
-0.883499453696171,0.262683960823094
-0.934470129473222,0.306721602396643
-0.91159733330508,0.224470682783191
-0.796773720727599,0.301528922867885
-0.88754464253995,0.19576288256963
-0.898996212707715,0.132284199214692
-0.914860633990537,0.179913930352435
-0.889181888777374,0.177417461033972
-0.866232141590244,0.1933523233609
-0.924293773964638,0.156743376967883
-0.907304171084173,0.200784423075867
-0.83779554494401,0.156673491095609
-0.923687768466385,0.177432125867849
-0.831868064353529,0.271704118140745
-0.882731714277387,0.27433265211082
-0.869220105237228,0.258996090661453
-0.885462266054451,0.328735672197735
-0.815260273694359,0.424207622220649
-0.792344316082243,0.467319248187749
-0.786815868271428,0.511138727856667
-0.78396666248325,0.538241613149281
-0.781488805129951,0.550205823761535
-0.752012029341869,0.593976484436161
-0.691063796402483,0.618826824270882
-0.676646418805347,0.632882055606489
-0.688757112126523,0.68500169732649
-0.691626430631465,0.680638083435562
-0.657574572020087,0.717638622184676
-0.652528486263054,0.712724072253231
-0.607626855814777,0.745020853675288
-0.612160823725144,0.770346819663786
-0.597850522577093,0.774631665603333
-0.565435746926548,0.798132779399702
-0.528640750577571,0.835160128343902
-0.489634412151207,0.849175431384539
-0.459773245421426,0.862463322442743
-0.448034415061322,0.869935802382211
-0.418013552019949,0.861404686692451
-0.37306856598103,0.900117488496193
-0.378140984761672,0.871767540549609
-0.363277942640307,0.911384661673258
-0.336543340128724,0.865921593044192
-0.325526118302113,0.931415485985474
-0.37040509611689,0.876386424317663
-0.372691189189,0.909254065723509
-0.435395988539856,0.880370175280523
-0.419081215822111,0.894945015983652
-0.47145081938528,0.863413997054458
-0.421097879641973,0.878923593309298
-0.476147757002077,0.86540273759182
-0.478608095899074,0.856704499535223
-0.502884942916485,0.845016295360689
-0.533730791192337,0.823908567506188
-0.557467488369594,0.809437893342861
-0.536535003259365,0.820700370068633
-0.59585185334408,0.77814541987692
-0.546651031889611,0.781350669111318
-0.586661329248509,0.791438827728238
-0.578175496523054,0.793050186022901
-0.604274018158242,0.778980791645731
-0.577220271529424,0.797000601488323
-0.557165053874475,0.809748085843911
-0.590927805575482,0.78958256686284
-0.57829900377421,0.805399324520055
-0.612847914103782,0.772176924342952
-0.594457332672459,0.796233704682709
-0.589587977854439,0.795976399410413
-0.608671412220156,0.782436011816996
-0.609944188711172,0.777214829897705
-0.618958355690484,0.773751086326165
-0.621666970584842,0.771020621392253
-0.594798572766692,0.78634304091072
-0.624625209532783,0.760605525524583
-0.606641181574088,0.778215413495688
-0.622240034968512,0.76172090867864
-0.557709617162737,0.793393015043581
-0.567177328403332,0.790246425446808
-0.513654823960343,0.81813052487448
-0.492903278206146,0.832160848783094
-0.457183910938329,0.825661856465198
-0.429677372241972,0.779790093229805
-0.469242973150144,0.770123214726493
-0.430359264123668,0.829101271530876
-0.417794342664093,0.817020270706211
-0.370594042317782,0.814201202542515
-0.292702731176891,0.809420675362166
-0.255034793032732,0.838715054457985
-0.257013313555935,0.785767815139003
-0.285194771898603,0.797022403876454
-0.236945225748647,0.788307463425182
-0.181515458238121,0.831067874474434
-0.141622943209378,0.813185962578719
-0.113091669340856,0.852771767393861
-0.10182812898711,0.79651466481371
-0.0744087191262234,0.805790865802167
-0.0483948337464705,0.727772298835181
-0.0657161999675596,0.702472438760065
-0.0410736909691891,0.728820914542454
-0.0107382017915068,0.668586415237702
0.0271532867545052,0.709600099601864
0.0987589881286912,0.652067068784512
0.185334244352132,0.627061802333342
0.136853444836333,0.572108666742353
0.239894463070469,0.590687478384562
0.177090654505589,0.502310782773089
0.287809863865957,0.516401757076888
0.240737221576012,0.491322366254608
0.372252953976974,0.395748882922776
0.357128291686567,0.371948768411588
0.297740140723141,0.414078058519058
0.325834377998283,0.194322731067796
0.347634159330277,0.136261170379028
0.227691844050771,0.0214964739980167
0.147155592406577,0.0113091255845827
0.396362214418088,0.0216200810938115
0.17393431905724,-0.0992697930592544
0.224165358632136,-0.0631833112337502
0.15669365823497,-0.0990504884500585
0.144032464940438,-0.171902207652414
0.110830110642821,-0.24879242307731
0.162800454074349,-0.167748384487879
0.00732273862551643,-0.127790137702432
0.246806709558346,-0.18529470163507
0.249423816662142,-0.120543364951281
0.20555817007712,-0.236585323517688
0.203955027648941,-0.223321956233341
0.126117860210026,-0.309208209238264
0.270712983871914,-0.314546131730118
0.192045006060534,-0.260404675156105
0.188355245136903,-0.248383227485522
0.193198804948868,-0.24332583245935
0.0804430893443837,-0.255004239018736
0.235164156037127,-0.180794563131931
0.150392033647691,-0.217367567244887
-0.0148150587695942,-0.231465329585394
0.123685382025167,-0.2026709285801
0.166963585758854,-0.147206459060296
0.201296028629365,-0.207995855368332
0.145526739410263,-0.287320086615183
0.135394611503875,-0.339712780086131
0.270634097433754,-0.317164685101774
0.375979354339,-0.298224676190023
0.458337528897515,-0.522769336034209
0.342976269933663,-0.486781878771151
0.380160266010123,-0.428266234100296
0.427639992618759,-0.37510408438011
0.29709248522919,-0.433233744226606
0.380592939374221,-0.435073103416851
0.442947908877515,-0.509274615907964
0.421328592644347,-0.521067799090114
0.362138384690435,-0.496360954991329
0.322115156670851,-0.567675895367157
0.28326828206551,-0.468093776234004
0.348999842562115,-0.591920670211813
0.371300036079426,-0.662317357976768
0.241614475218501,-0.613578343060547
0.196228446720941,-0.608019247301264
0.257513446892301,-0.494457277929043
0.210152101779988,-0.637733906627129
0.0831967731542816,-0.532187290962994
0.0806632182547712,-0.358056794476425
0.175036658608683,-0.492455821535236
0.166457449522062,-0.52987390264495
-0.0349967369782626,-0.503952095976046
0.131315906245119,-0.393947718735357
0.0213068859432351,-0.430102775433911
0.0438648705327744,-0.44188094399347
0.0327689520398681,-0.351158436995635
-0.0124713314658082,-0.324158511316375
0.0380897890029432,-0.267862724331157
-0.0047397744340319,-0.423543244806458
-0.0234400703963529,-0.378169814927729
-0.118157004418839,-0.371982215915255
-0.0356702778510299,-0.297032858297927
-0.15892094670535,-0.471511145763379
0.0324284753086116,-0.475786470515852
-0.227988524298162,-0.35842056209363
-0.136551784683081,-0.313545845465983
-0.141046330791979,-0.51382487255474
0.0934288955082237,-0.553273857041729
0.00930354411198295,-0.648668435449596
-0.344740066982689,-0.496632830005411
-0.0142350327708281,-0.482678394734132
-0.277980733908193,-0.306155118130665
-0.220771828415591,-0.383958593516936
-0.220181505876939,-0.475006002370509
-0.187754583530932,-0.424251383113337
-0.199746248401902,-0.533033000908077
-0.314233381201772,-0.482488797341262
-0.214916475938741,-0.473354775630116
-0.200019185004225,-0.378077497578555
-0.353300594069447,-0.451484686550218
-0.450149172151382,-0.388368999470818
-0.370335528867154,-0.582681159002074
-0.355086987697304,-0.427961164302372
-0.413792619242375,-0.315361541120671
-0.297924038967491,-0.427379422000208
-0.304752454937093,-0.556761077942508
-0.359223300279974,-0.590188780928115
-0.338391748782807,-0.534347850469244
-0.287498764421978,-0.612719950482277
-0.275117597904528,-0.484806022776462
-0.182741357562384,-0.457198443877306
-0.270120572286985,-0.672274164674854
-0.327156736331232,-0.461250151733757
-0.144895831330754,-0.401178878387531
-0.242830685990116,-0.477516333158186
-0.148264644808125,-0.530922863439323
-0.0681971277852,-0.502628533279668
-0.220008949789079,-0.401063733621028
-0.224785561358524,-0.370074291206345
-0.14545376010168,-0.426547465467614
-0.177343370660972,-0.513580629656458
-0.12,-0.47967689305491
-0.238352721348393,-0.650026521494327
-0.109641311335047,-0.408794565170664
-0.135512757210115,-0.54018461802542
0.0269642699223874,-0.449075726102389
-0.110537654460672,-0.570292962056941
-0.0715933522258866,-0.503749812898955
0.0172588984322123,-0.570259207420869
-0.0343872082094335,-0.367702527886438
-0.0497817866679802,-0.686002657731082
-0.178821925708134,-0.702008690809479
-0.138490882453617,-0.639387114330518
-0.0700282711545927,-0.499358496170839
-0.0494476293961818,-0.657721349762375
-0.0903565401057826,-0.550911316969243
-0.118376518169172,-0.619998589541712
-0.118030470853207,-0.68669995107932
-0.171932546975322,-0.698624506305198
-0.1175826520891,-0.37268400296425
-0.232042503661916,-0.348755293673776
-0.148887828520181,-0.553492782600037
-0.00333714081638856,-0.540676199422422
0.0851239891338423,-0.650274080472168
-0.0759746926647958,-0.421508254380104
-0.0575106075740756,-0.55134627842121
-0.0436519104821267,-0.49834648082772
-0.0819264007676486,-0.391819470777698
-0.0943520862613926,-0.657623795184166
0.155636782612768,-0.370843248102987
-0.0209657208613126,-0.536309630749126
-0.0654160575330656,-0.562270817092808
-0.0789572658691453,-0.546644625576136
-0.0457147660413268,-0.687261830191839
-0.0897273722229021,-0.543681742934119
-0.00400747688887175,-0.480985108030188
-0.118285239257729,-0.478009112691945
0.0455779024152125,-0.553881176300878
-0.0147992965460915,-0.488872154591281
-0.0224804894833859,-0.529767910462953
0.013559517303011,-0.441217284400415
-0.18913267658281,-0.502282612233468
-0.154457086314922,-0.486802716449843
-0.170069203194925,-0.484657450969249
-0.241174396212812,-0.371536854411819
-0.184470883539694,-0.694879281988397
-0.177406439249342,-0.349542367518308
-0.176821436881354,-0.457918551892702
-0.249597899914523,-0.331612916562284
-0.367114389529062,-0.336439474311007
-0.442488086446028,-0.416375926893921
-0.288666533275447,-0.319276623654807
-0.359574010051108,-0.306158026468771
-0.418195828992121,-0.449937021077511
-0.479833781344044,-0.312224008970336
-0.4127108100267,-0.258125963003748
-0.579990889775846,-0.493080653083982
-0.580165634308071,-0.271630066859377
-0.567113447789578,-0.295852257241713
-0.528180717164541,-0.227062549935832
-0.671552549195314,-0.271419160309534
-0.512732954667664,-0.364755393528781
-0.564636726687179,-0.199809462150805
-0.596086317462915,-0.0996199589654046
-0.482946797087442,-0.203269904032531
-0.631943634459299,-0.0969579129415563
-0.530946227559977,-0.227314412521518
-0.44705514068222,-0.0525450602774126
-0.37875564783616,-0.0892112971484784
-0.32429090181011,-0.190018339574063
-0.41429238013202,-0.214174382271523
-0.494378467124201,-0.21686683002576
-0.439133140743026,-0.148551816267353
-0.571022401955145,-0.0762267261571051
-0.277383690614765,-0.268985057270571
-0.207324499013237,-0.183569139363851
-0.373694995225123,-0.155777087639997
-0.265198443877306,-0.147532812417311
-0.237449656955297,-0.131389513619165
-0.310876810291222,-0.109827018315601
-0.336020129885616,-0.135649335501292
-0.343674380997413,0.0430097076610275
-0.283899805414914,-0.304691260269841
-0.243532812417311,-0.104061358887459
-0.363899805414914,-0.0686512642450644
-0.227075491650361,-0.264568586673782
-0.211790954444066,-0.102439176562724
-0.113271911429479,-0.15509202845332
-0.235816197876494,-0.273464017837291
-0.243899805414914,-0.208122717774917
-0.324100520550144,-0.0567692576301543
-0.300876183078284,-0.190157622285911
-0.315742126691104,-0.14112529245785
-0.426971715266041,-0.203906707939967
-0.414848048290951,-0.145981173992925
-0.278470065541656,-0.195136732208323
-0.268368999470818,-0.0807064530513898
-0.21190395993331,-0.11116119366273
-0.177624463043345,-8.77020951714069e-05
-0.0819583319530474,-0.160892798244711
-0.298554886865095,-0.18443950352382
-0.260915833489362,-0.174927589008843
-0.213879433707817,0.0837985295727865
-0.235861815863353,0.24720237506394
-0.201563283270518,0.163312470842744
-0.28122902688402,0.0202880830166075
-0.0715933522258866,-0.0715933522258866
-0.217409520998649,0.0869620211843798
-0.113019987787129,0.0482032322801656
-0.232688988403114,0.119197981794851
-0.0729303026835942,0.0933963023369765
-0.222356437282923,-0.0458780365068287
-0.35424384779252,0.0661297151104587
-0.173161276082394,0.313226410185046
-0.334225164716125,-0.0478517558125781
-0.234239773159922,0.0495873095854538
-0.302436190369163,0.164587072686069
-0.225986181547929,0.0107774472548777
-0.136275952257167,-0.0348887223533287
-0.322816802626795,0.252249362796953
-0.233840099975733,0.112175864839232
-0.252654007326779,-0.0405417816436177
-0.31370672880596,-0.0392611324871361
-0.123406492613941,0.0140796058885523
-0.166517080118014,0.133390147118017
-0.100305395199286,0.292745033803094
-0.231823623820323,-0.0344959654510723
-0.18879611612492,0.0969363521017045
-0.0319047095508538,0.0457802954629552
-0.209269686661959,0.169544769037025
-0.131886923200584,0.219439188513471
-0.188539007832452,0.175614030953713
-0.249472910663958,0.202204771208597
-2.1350442781253e-18,0.384615384615385
-0.30549897085735,0.109009055687113
-0.137404233184332,0.100192784775891
-0.245559266793776,0.333750359683351
-0.291072253712374,0.257422568893365
-0.270733926221652,0.230006860275755
-0.36751456046329,0.2726961971197
-0.32106674238245,0.226248379038861
-0.338792731741141,0.413889357967017
-0.321259802764765,0.306011261594915
-0.270794995925353,0.461833456189705
-0.500062983433248,0.441737550467524
-0.359899550809978,0.318646751737931
-0.362690811420487,0.402421581925366
-0.345909131328708,0.330659201914733
-0.413992052336624,0.449339953729469
-0.358034673336525,0.308937108590209
-0.367010018847252,0.311209717256198
-0.415189862716766,0.412671538708581
-0.387325849569197,0.287369700103688
-0.413686705725883,0.365948003955656
-0.184961053787566,0.373605593018736
-0.234319533086278,0.2659851380835
-0.390679207575966,0.426598542403664
-0.348985781551162,0.595215324086873
-0.362871515190092,0.450630420628003
-0.320449691233064,0.456307848636189
-0.371309385222649,0.499719161034832
-0.308163868328904,0.619340702711416
-0.309597682638154,0.657646572426756
-0.359818615612882,0.494417315979554
-0.367396861564176,0.621632660192848
-0.370237650470837,0.438782002385439
-0.452261621656822,0.699137917176054
-0.291992638598588,0.618161225656634
-0.267363536256759,0.696276431408639
-0.209062194399161,0.675074652699618
-0.296592438531899,0.690394658750136
-0.228858793743385,0.571441647031522
-0.354199839649388,0.703137243872851
-0.129509302414249,0.801091670041961
-0.273430987406963,0.69900335034204
-0.067118108489008,0.881368302239838
-0.201697571769504,0.807379847335832
-0.131928712202578,0.901620212493108
-0.182872039435658,0.891142647829068
-0.0611678034525047,0.929761232320782
-0.173375704627024,0.925297028294064
-0.126497970543009,0.852499971517905
-0.0951642809068323,0.961593450559065
-0.0826187132449016,0.892923168584634
-0.0790052807823667,0.975842248285704
0.00479697313444984,0.979863457627391
-0.125435862488152,0.956905157936779
0.0180295270027647,0.941324547988564
-0.0440516285381612,0.903269041956506
-0.0799837271942187,0.936742650368285
-0.0310559420719174,0.945579525050275
-0.124480129692287,0.877644577553479
-0.13347255375352,0.870968562889308
-0.102452046329406,0.972328001802571
-0.135135614357087,0.975139860873874
-0.122905998800546,0.976458721685637
-0.11780468084931,0.983342977353386
-0.091511223704438,0.980111936422985
-0.121153294614997,0.974057068854482
-0.0682017217413102,0.983490456135074
-0.0465338910159871,0.974132131790671
-0.0703525070069563,0.97078537013671
-0.0576529120786213,0.952721852977161
0.0208503849768708,0.974609203604852
0.0213349418634423,0.978192384004104
0.0171238328733483,0.962401691570052
0.0047436804166264,0.953855893513116
0.0224287928580232,0.921148334629686
0.198643488411032,0.857198272697001
0.14271820484744,0.94886117114364
0.15068291089313,0.95194925266264
0.155482042700756,0.96094984623472
0.167420352856477,0.975190909846594
0.19533026584429,0.962567105285133
0.234227748948329,0.96276076934815
0.237209101548274,0.95927004836462
0.228972303232354,0.962563253114049
0.226046771967621,0.958669443977093
0.253247643651685,0.95085662014762
0.235987101746265,0.960025348984129
0.249933944590473,0.950216714847718
0.212262520348363,0.964016765217709
0.199999835474023,0.954790660006075
0.188094266222009,0.969709544792513
0.130134143332154,0.971677781159646
0.20599876357239,0.950273510709389
0.104955241774896,0.957903511537184
0.209143172695135,0.961738943827809
0.193841179030589,0.964345183365819
0.121664727984697,0.944233224575813
0.138339492985734,0.967603462158968
0.120675609152468,0.940702652214322
0.0710015288488472,0.913203238420214
0.0697733147209057,0.954292156691117
0.0832661725867691,0.963704182623921
0.0550632340338182,0.921847863812321
0.14262099606409,0.911976943224463
0.0366656548522048,0.878926676830998
0.0574652762154644,0.96401131702022
0.0290714748980387,0.915396229325933
0.0323225191596227,0.836164286391011
-0.029816080711092,0.796965623207948
-0.00223042194743838,0.851351396780348
0.0263809321694011,0.913081758620211
0.0365985025606968,0.940531391786063
0.0564277268535133,0.846930971712048
0.135687890873206,0.83926978696957
0.216474883154886,0.826480038339103
0.238731313300376,0.91406976704209
0.196004190497807,0.923653051726442
0.28911770692411,0.893226350246202
0.303833722512267,0.915379987581166
0.390418078295095,0.881888368921074
0.452756350905995,0.858497704224452
0.432944740490926,0.869699323858187
0.521780616381493,0.828775402717603
0.538275487198044,0.781198850933895
0.633470206476706,0.733828696407938
0.596870279708171,0.742777443829091
0.640137846708218,0.69101491588498
0.638686498583346,0.694177187435032
0.684235865833772,0.624206233800898
0.589109360446593,0.513558528262155
0.667936415725035,0.585140745751105
0.678831650302418,0.650363680270245
0.654253775462441,0.645831049131191
0.691609444899822,0.595316569457511
0.701757753375134,0.504868846018047
0.710747270261776,0.520913766250159
0.746157402191889,0.561052822818136
0.777475645837533,0.568869307793315
0.759529755403814,0.578305957470642
0.787501104507015,0.501511230127689
0.767931912023196,0.571473761851418
0.76346159275532,0.52807332222197
0.773797581104085,0.51351017478973
0.828147641159866,0.395474685809942
0.792037921076616,0.465155502073166
0.798538992001679,0.554195930431378
0.779965434911347,0.597068837766583
0.675744796433355,0.518131017357037
0.688190222926157,0.527813348209725
0.747202373817427,0.563438549056747
0.787623115538749,0.588178368512043
0.772885621787775,0.615196794520829
0.767314831135972,0.629864329496676
0.773910821714702,0.622675891983588
0.741049993087741,0.664214375791234
0.659518007857752,0.641394336963864
0.72465856901841,0.680372645163266
0.718471100723041,0.685164478517449
0.697133187822092,0.710829957863437
0.695026462013963,0.706700494519416
0.690786985836751,0.715039323981525
0.674530785677408,0.726392518224838
0.679265635528926,0.722047236530798
0.67691701547119,0.729690662968561
0.674248504222588,0.732028307931358
0.662557287387031,0.743628749709214
0.655310756045449,0.750187926470553
0.675418182338642,0.731064166396277
0.692879269821731,0.708396565599211
0.69942589740035,0.701828170325737
0.690170776818557,0.660045530481758
0.719431634500992,0.667899005655265
0.729652445806633,0.655630618552241
0.735646290388295,0.626380698024978
0.736540808944704,0.626624371402157
0.748171030374876,0.609201550393736
0.729030934041121,0.598632910299029
0.736174019219661,0.54937807363561
0.761286060970705,0.530162269422448
0.712033376456431,0.549333945042409
0.817575199506921,0.508473962715289
0.811550825585172,0.531477340939804
0.855687089921251,0.408984620301897
0.806142806347949,0.428299864410687
0.868041847316624,0.427659660380662
0.846860534124546,0.42602001436136
0.861841478983669,0.409851701757424
0.881240882518924,0.339547451309838
0.89399786723051,0.346461622971432
0.859411945467854,0.28895099284729
0.906306530752229,0.331574184204918
0.91861756056706,0.23024419330517
0.882484335515833,0.265672823955772
0.915631247814614,0.21388204317175
0.936153711012559,0.19143776483929
0.900693313358285,0.26046261652668
0.913133931403229,0.187595802988204
0.878676809915737,0.180430087153037
0.848823243107478,0.319668169701355
0.878601022275655,0.212602319676055
0.882943487248911,0.291054183614739
0.877655945717422,0.287711209976102
0.893240360523203,0.25192019993475
0.843619359827222,0.355514666284538
0.832488483469481,0.323410721285379
0.845603255792786,0.359080084469433
0.830782008616308,0.368968611874761
0.849702855622844,0.361980301310405
0.835589098224057,0.420522313667237
0.7911864437664,0.408406302794423
0.817747260290985,0.368807292343498
0.783627512446243,0.418989169649071
0.708427558638028,0.513354579168292
0.720553027039316,0.466701749702158
0.674818305090039,0.45792670792184
0.660138595992388,0.505137260244342
0.643721682986504,0.507281125493035
0.663432448464968,0.584447136840249
0.66940450357024,0.535277802351044
0.5520515066514,0.543195053866668
0.562574906871248,0.567823026976566
0.648326172907038,0.533624187591836
0.54873814851926,0.596582194711827
0.580833863321155,0.576778153363904
0.489601297436128,0.593264667725522
0.535829157816833,0.553723714621571
0.468685305815153,0.638296195313414
0.4153032770583,0.694304476300037
0.483717940385614,0.569793381233738
0.44032486335434,0.651167241571201
0.448746335147952,0.636857193084398
0.428250275200186,0.685035199853075
0.470787523355571,0.714513496986008
0.447136653561437,0.68924023391243
0.385952000275843,0.760985306530346
0.347565167971144,0.77920210192097
0.339640499646456,0.75974547972073
0.288342931081001,0.717107181618168
0.301333767847082,0.775351518868264
0.289676044305564,0.614071598406233
0.111055701032418,0.759788464326922
0.125729467862893,0.824712653542334
0.18224496901112,0.796261895538484
-0.0433954791606208,0.770577601226371
0.00190061859072171,0.755213282408309
-0.0593973419138743,0.805111266419885
-0.191483996712817,0.530981574739768
-0.307828403516829,0.612318837817096
-0.23766099391529,0.488354173527975
-0.171558247960091,0.422542121287567
-0.3064828773074,0.455618039073253
-0.301243483714913,0.419704334903764
-0.244708204140847,0.461120280177432
-0.214782352270368,0.324418047920987
-0.306347862626151,0.441317741852339
-0.261143796285637,0.310951275477807
-0.216718823738951,0.373923645919151
-0.133387523649329,0.126337594463931
-0.216804278225237,0.287558230579458
-0.159123329893077,0.0837520871505615
-0.122864927231355,0.133882378812282
-0.13700662510512,0.113111782466871
-0.219151309073286,-0.00192711623225088
0.0261148193879467,0.0644404093556844
-0.151990630888248,-0.12315815954544
-0.267247339367541,-0.0550333562051265
-0.191879284296952,0.153380992693519
-0.220378110302061,-0.203550552822985
-0.244490300883414,0.0191583559234452
-0.183024622416945,-0.124018319886399
-0.261383762357629,-0.0541036052572532
-0.178428074222288,0.168387422369873
0.00331851442420114,0.00459373119956815
-0.129635828061434,-0.138159682886861
-0.33300789258879,-0.0894785061578612
-0.285065041374273,0.0896443671616873
-0.195607670217608,-0.322859135789815
-0.317150850710386,-0.148330055029609
-0.36906485888508,-0.00168908769152022
-0.271831545202495,-0.222903024181231
-0.315362332838839,-0.133317242954522
-0.176264228370977,-0.252339147370196
-0.237494240590676,-0.281829015429711
-0.433325437049562,-0.127624729819225
-0.396794746792572,-0.00269706536059392
-0.417761302343838,-0.103958900319472
-0.429908871113397,-0.0760878483492457
-0.378045698417652,-0.0416466967035952
-0.25742054877173,-0.366639545935405
-0.448531036175918,-0.136075424368483
-0.387595890550256,-0.126677234230941
-0.410109953092654,-0.185670063202383
-0.387488412602526,-0.302414068900995
-0.382278449635737,-0.168336523830385
-0.315810597326174,-0.167998086288566
-0.401832558009729,-0.250507571305613
-0.458558767343274,-0.154387293814673
-0.593635516487679,-0.281695903730636
-0.605996803278196,-0.32991660854943
-0.604972341358201,-0.397221474613101
-0.625918660217684,-0.438902135914313
-0.694071692171865,-0.399675721162142
-0.628956568899513,-0.373482058906272
-0.671562809475596,-0.461570217518418
-0.65657821225209,-0.532526843469599
-0.728256588175581,-0.538520652460594
-0.614894340968948,-0.648353082386436
-0.658672558717308,-0.528513079011841
-0.725345457614122,-0.476970401860127
-0.598948212367976,-0.482048859127698
-0.720975820220181,-0.507446644415689
-0.761805682460158,-0.528711336073809
-0.656799754657666,-0.50676008871971
-0.726590781292438,-0.625069130992303
-0.682533977127999,-0.519293244483046
-0.714533513134645,-0.567218648293702
-0.50797776176848,-0.371593835448445
-0.6370908372145,-0.557080241054697
-0.722617308733772,-0.616769547180634
-0.705852131282985,-0.594709841794282
-0.740393041079368,-0.649483541432223
-0.787496392284907,-0.57933555242436
-0.757336063749346,-0.565048058988795
-0.714864650939454,-0.546617539691788
-0.722891291744718,-0.528950104428481
-0.722321674873788,-0.530743362747185
-0.701351028904368,-0.507874241848162
-0.701147097581443,-0.544121818650207
-0.774323518381021,-0.540438427237654
-0.71558138862369,-0.581198701497379
-0.722298963482318,-0.577857657226854
-0.685973432048575,-0.592208766900496
-0.725361115705777,-0.568604986353643
-0.744087254257562,-0.57530190802086
-0.753576172779436,-0.546672116483315
-0.712944974548786,-0.555754812424667
-0.666846220451337,-0.489683949706431
-0.642281639161497,-0.578227156855777
-0.545244737032451,-0.640485542463275
-0.610582329827016,-0.696467871152084
-0.576923904665989,-0.646467393832082
-0.609497842327504,-0.657633738215058
-0.556253878835362,-0.667966873404483
-0.477658497230494,-0.685536958093489
-0.405116122286512,-0.681298046266997
-0.375590096562068,-0.723643176961508
-0.299289224444749,-0.749029069908745
-0.335146545953506,-0.745898488603784
-0.251267299175951,-0.77530044988043
-0.189649393442995,-0.826152036808952
-0.1932669888413,-0.821482020109874
-0.140993390688324,-0.888952685528244
-0.201118323513349,-0.878400555903623
-0.232731600171077,-0.826636689124939
-0.16699915853483,-0.93019155069276
-0.121967344227261,-0.928104534795112
-0.189710436159821,-0.891893252715496
-0.222262457025274,-0.8932968434413
-0.162883249183839,-0.900059761964882
-0.157292633448702,-0.957946797190117
-0.163419814621994,-0.950381839304607
-0.218965622207954,-0.950549361742302
-0.102054451295223,-0.963437644574596
-0.11235931856721,-0.927370105813491
-0.0399851996469154,-0.943895536079167
-0.0460265481021446,-0.873802150306833
-0.054723893455478,-0.864078273887688
-0.103862484937024,-0.881555629236043
-0.0628094100600948,-0.935787788910021
-0.0528005461865472,-0.931231904113501
-0.142485643755581,-0.92680200408494
-0.091038945309963,-0.946393492392499
-0.202902006955299,-0.888708704429626
-0.137904816479749,-0.902608871236657
-0.151679378334535,-0.904443593018821
-0.222540100272699,-0.898666061880152
-0.147125005391811,-0.850330217919585
-0.216516121663733,-0.895117599539679
-0.135498771911129,-0.889323990948142
-0.270352666378812,-0.892965535936545
-0.140274120129658,-0.879825950166444
-0.193729512147869,-0.889217174655586
-0.18014780024144,-0.912521161265838
-0.141958749924692,-0.822915848313131
-0.119909080081026,-0.89910033859753
-0.100143903703529,-0.89604957747515
-0.16619847125919,-0.869061200656085
-0.156689338230397,-0.965579170784026
-0.129441153875348,-0.914539810671997
-0.100827475725009,-0.895051160330079
-0.156078223036702,-0.894372809905126
-0.152651537210868,-0.927620204262106
-0.0847406493135471,-0.928038853815244
-0.18471241502587,-0.86564182131794
-0.0730621344297381,-0.908065170280702
-0.0996051406475604,-0.911682497943476
-0.0872256932499886,-0.911568779672175
-0.0276698149686254,-0.906214137518267
-0.1169499573878,-0.974477337673013
-0.128966830877599,-0.950134070081804
-0.132657289566973,-0.942005156516489
-0.0895896198340244,-0.95341567035652
-0.105616177470312,-0.953596523802525
-0.090227136658504,-0.906028696351233
-0.127731005007716,-0.947606825989017
-0.103361994070933,-0.902609264941229
-0.125090197229016,-0.965261200493378
-0.145335104456468,-0.927203185700887
-0.196998626757959,-0.859320936680081
-0.181615005488002,-0.933231766977092
-0.198167569037443,-0.924504014744776
-0.17614614381227,-0.886633268580719
-0.233558536939806,-0.954655579340231
-0.259639148661258,-0.864127229162722
-0.20828427626712,-0.930512639057277
-0.244633968372801,-0.870099335038113
-0.275276151851139,-0.925535848249624
-0.272364745797058,-0.899435828574688
-0.223199905776965,-0.835135754991803
-0.254630653329871,-0.867141136494265
-0.260012249120943,-0.837730783558635
-0.297743036814697,-0.874536811108458
-0.2705940174886,-0.865587728955875
-0.247199720743822,-0.891286487397071
-0.222235104611554,-0.901083802378073
-0.191045234559743,-0.95347661663305
-0.211162878318775,-0.946494083430555
-0.227893154611148,-0.934084543667943
-0.174161433724547,-0.942978458899439
-0.148792122430356,-0.947453143218876
-0.186891865107787,-0.936916631071844
-0.153355279757195,-0.942900742619868
-0.171206590315654,-0.908828572984629
-0.115483176497838,-0.914769825264419
-0.101514939168723,-0.926049172831502
-0.0480777142984082,-0.912401648620159
0.0276832338223586,-0.921447559960309
0.0349427881343567,-0.902436270477869
0.0782664115442335,-0.87416565584772
0.0801544790865992,-0.829856255936007
0.105266365671337,-0.803810250392309
0.150168813707611,-0.818454799864113
0.180209248744562,-0.81035946471453
0.197280462136436,-0.792876056702004
0.243161524952085,-0.746047645737377
0.234883999010694,-0.683583794138447
0.230924259539953,-0.763516087742109
0.323771139748245,-0.688675217200398
0.328609017237262,-0.722631273446946
0.379050826672075,-0.742431207095454
0.336804466772722,-0.742989357098743
0.298327422050682,-0.738462678431686
0.377836811131528,-0.751668057962161
0.367426783323226,-0.750024778874991
0.33139085118818,-0.766354315270251
0.338423882482572,-0.747725264312613
0.414017143822641,-0.737274853945706
0.412250310673775,-0.707943772486233
0.447104027172467,-0.697037010047849
0.431997287766969,-0.687532624484267
0.440609835028087,-0.680776820250666
0.463501447511308,-0.652067451790452
0.485387285215916,-0.633882178653535
0.491846293806336,-0.618768575890785
0.514033285389537,-0.569771924933328
0.52455024168351,-0.553983589345424
0.534027793723223,-0.538735577047372
0.599871136595181,-0.438840409945517
0.571240573462418,-0.445924975298178
0.571320645858416,-0.461344159396074
0.551436112270925,-0.414921286856352
0.586921521792906,-0.40211407474102
0.529655473332684,-0.43231725121933
0.497419875977838,-0.429653076960111
0.505427739943974,-0.352411212691667
0.474777858842631,-0.448878520075555
0.506989343052139,-0.39711910251069
0.415159664489549,-0.379335956383385
0.399246080460672,-0.36770481314595
0.274212057731971,-0.39511625906947
0.339124989536914,-0.529243840903107
0.354482456120932,-0.416594489636029
0.352004057925239,-0.467659740614039
0.332598924372715,-0.552847002346628
0.257165156477215,-0.570419853004987
0.17225782076811,-0.592899855117398
0.20291117220549,-0.579840230030525
0.0526797886641513,-0.557254870648727
0.120249782800652,-0.483963176185673
0.0413050716825304,-0.620075308394304
0.0214889412015245,-0.548032551919896
-0.0327635439277875,-0.59230140943283
-0.0745395832867385,-0.494321298011364
-0.0474773631547735,-0.599144156283932
-0.204930667501188,-0.541368498433535
-0.179105549603203,-0.592935815517138
-0.303402509864426,-0.625509245975278
-0.225051007107132,-0.603978979456694
-0.286557049725539,-0.614385295464187
-0.383111747478153,-0.615114428118607
-0.373514995949457,-0.579626275295226
-0.371605236878674,-0.670781896542236
-0.350810741810956,-0.609240960901897
-0.383641780262976,-0.572415396763159
-0.367723354557351,-0.607692068545418
-0.523233865707831,-0.57975648994679
-0.509773546079376,-0.488692124587014
-0.475331414424088,-0.58620718256472
-0.552275431648356,-0.517656629745062
-0.560200059536358,-0.495883021074989
-0.662086479984121,-0.361361336960514
-0.578841632759156,-0.452789269948175
-0.659927341681932,-0.388737356364189
-0.64825130774462,-0.369945329843358
-0.65092244130615,-0.285959875743491
-0.494054599310215,-0.211828747654983
-0.617303664566584,-0.184476114149576
-0.645008796843457,-0.0801473468791052
-0.529680486248385,-0.261962020723551
-0.591472746960273,-0.0654920948833218
-0.636216149692827,0.0424834451895655
-0.664989925169779,-0.0707383695959023
-0.655252258485409,-0.00680540354206007
-0.703638911837891,0.0157946514019566
-0.681775223906454,0.0412403997487074
-0.436993722936661,-0.02399527473321
-0.592747591918331,0.0807363060495286
-0.577991287455332,0.0218764889569554
-0.513950544436954,0.140668818578186
-0.49963048759752,0.0445500924889723
-0.50375872261134,0.222900395825159
-0.309661396607851,0.15068314377705
-0.349320038454708,0.152347037704616
-0.484792610771565,0.0933434130666838
-0.356250491722815,0.236961774913899
-0.386446172577747,0.122730742742005
-0.336084729446284,0.13755811275147
-0.412844914199335,0.0894010137543961
-0.299424122364249,0.0862902626463672
-0.269649893516995,0.014350939688411
-0.293123123250742,-0.0589424024626932
-0.0613801519199552,-0.122007694842124
-0.346617693977794,0.0614634162763445
-0.117828423713357,0.0731743394738768
-0.154203742397288,-0.00347051809524233
-0.182850580318467,-0.0743078895626338
-0.146427355291604,-0.210339142977866
0.0507744743217326,0.041877594297352
-0.0304588697276012,0.0253639589206881
0.0620312287175245,-0.260360967888235
0.173166004898026,-0.0723235731172542
-0.121340515679169,-0.0771795419270401
0.182257109120026,-0.0642718688942257
0.22304845655162,-0.209973693510995
0.0638012242305156,-0.131707011815797
0.275021713982558,-0.0616173290898843
-0.12254114848805,-0.0360856305684
0.128387570199131,-0.06098340439263
0.0915440674728861,-0.128502908107357
0.0574790372294644,0.0170073252269647
0.213191369137067,-0.253375073265378
0.29607431690344,-0.0555445173126825
0.148320740825358,-0.0872496869764363
0.198306707182548,-0.0930550890877955
0.155653202016032,-0.130428757659768
0.025924441978625,-0.176470691027623
0.0672014693042002,-0.15379398637234
0.169478470145042,-0.262529639847107
0.274770553786084,-0.347839836059756
0.426194055931286,-0.402948164749565
0.240360353495658,-0.366640381159886
0.293646867204646,-0.280444051010015
0.267407167932337,-0.271700624420286
0.288290599964775,-0.178823440515122
0.463098092544458,-0.392488453019846
0.291124937860447,-0.347989637916707
0.369839110239125,-0.368258142354974
0.474981029380748,-0.490880091479496
0.486093578964719,-0.353340676116279
0.160415228221916,-0.47119081046474
0.482027520733892,-0.224221460819964
0.461541976780439,-0.304761828607998
0.359782229802684,-0.284099519602087
0.472688167949567,-0.27599010664827
0.365837939239396,-0.366656097462767
0.387053972040227,-0.189415341809485
0.283086576013046,-0.286862659153654
0.585716672781805,-0.179973637285278
0.516935261912345,-0.317258368857435
0.542497889516372,-0.326058982549858
0.554571368137376,-0.205829139546866
0.555199948593222,0.0129208078356234
0.540081982758431,-0.085171826509998
0.54126264557166,0.0416279953303394
0.511524901846958,0.0223453104606162
0.448746339563037,0.13468167367668
0.569236086612234,-0.011682359830214
0.74765675120836,0.0358802046217577
0.912666385166575,0.000444264884031718
0.754392614941146,0.0226817327383393
0.837261368847712,0.0385897063365924
0.896233578929372,0.0708747179571047
0.837478238273989,0.0577071361111964
0.890903366427228,0.146217879267379
0.717130333859519,0.140707703469909
0.727001821211454,0.237199150761596
0.876491669220188,0.230631940960703
0.89978661870642,0.240815947907235
0.938195209004333,0.286732861289102
0.9273252118951,0.317491186654475
0.86511308564934,0.243813526588539
0.85160060853385,0.285837862267928
0.893250762558338,0.285272655942652
0.846258839173057,0.291820806968957
0.912455055329798,0.345881666885033
0.877864409684407,0.333572868678028
0.798038532670487,0.293771250793197
0.864415433806313,0.34099316346713
0.844186240704687,0.310144341396779
0.848569019724261,0.202633341802165
0.770864471960061,0.222114584854839
0.828035015487907,0.255644700328968
0.878493217890134,0.194678311834775
0.904451010111436,0.223728217129163
0.950809230415669,0.176688606821651
0.872539756944623,0.153636736762895
0.874850972222146,0.170358227266072
0.942640663064348,0.0903985815995378
0.863479511325637,-0.040492399979895
0.913832470871575,0.0312767425810487
0.848792600816557,-0.0275551717955231
0.852281961850559,-0.0824433860396603
0.917309184210782,-0.12264891575425
0.901013428552586,-0.243633301159175
0.825893346725818,-0.250886820065132
0.886952413093911,-0.310379544675612
0.892273194800722,-0.294337565824976
0.854315792903787,-0.294000502488756
0.929802190990835,-0.268547832249823
0.917972584465825,-0.288974747120278
0.92693323602358,-0.219715678208628
0.948613258257089,-0.227524001902118
0.947242294254071,-0.233274845849479
0.93070900720595,-0.279072429495559
0.937724298454428,-0.29272493584457
0.926220200376674,-0.263792310504327
0.834363004717746,-0.298077511236519
0.808546675127907,-0.327527508436125
0.865801056782114,-0.315930368076821
0.838606510657992,-0.341879754877949
0.797268734874719,-0.19610098349754
0.72947998774316,-0.364348239932535
0.797447577242924,-0.382633766527768
0.721672984486608,-0.452537920445937
0.694355630622879,-0.413206248604372
0.704502040054518,-0.471125477917881
0.713139904598177,-0.502053608389308
0.703313452987314,-0.594408211011114
0.714984359442824,-0.522608217115792
0.623033843361578,-0.58937371618818
0.815547180985147,-0.490109520366821
0.65325506853736,-0.50275607324731
0.754875254805104,-0.438260218164017
0.77690343633231,-0.496546948463385
0.786005116317321,-0.491024607936173
0.74902067058561,-0.460249390764113
0.851425953119067,-0.431287477560491
0.769232747378433,-0.261519555201962
0.735019348620464,-0.301116577751984
0.823081886066909,-0.343301718526353
0.775170109176586,-0.336293232217544
0.658442331447616,-0.0982773255729201
0.734863067311985,-0.0972107711577245
0.847786201724211,-0.12920399522112
0.936393059705553,-0.0289916707467613
0.779159867059415,-0.0633133538832859
0.848827976567538,0.105898052658105
0.828861836161503,0.0457911607881842
0.835343438290823,0.16945887149915
0.806971964910353,0.193170734102926
0.830404734873854,0.206115732008775
0.815947745182182,0.249057440208698
0.795098286522746,0.201081265879509
0.774757935994115,0.367712999176309
0.813581072143163,0.331035537834941
0.793850888529782,0.436755195542369
0.785894405911202,0.439750743231727
0.742737023313736,0.478559823598049
0.749118336852624,0.485621035769126
0.720131004495109,0.509844560317435
0.696087403735061,0.53154761952984
0.679644878683186,0.546873491078137
0.653535218331557,0.535075249813276
0.665455584735388,0.563409881341498
0.653348281789581,0.569728174014747
0.636782807961251,0.603737473789489
0.610729484643229,0.607317883556042
0.631877177678717,0.625294160470492
0.62232868177281,0.623892766390406
0.632124189976554,0.629262434687308
0.624863672811198,0.636674885243852
0.626527720897194,0.643173885010853
0.611446452897867,0.642907364228088
0.605290308076861,0.658215450611364
0.585281521979536,0.665336877129525
0.57527062144481,0.687113136885323
0.569191868053571,0.657671465125732
0.540932061458092,0.71494264616487
0.565178161570744,0.694714311386387
0.570102772205441,0.680614813112031
0.584682537496342,0.699661290392537
0.575857780384113,0.681619932483474
0.598663649283935,0.701720467481402
0.588903174514186,0.70104315072738
0.61688894783713,0.670839669826537
0.612176910725756,0.691879474035783
0.629548387680719,0.652654818916744
0.63511183974625,0.628211360488387
0.667636490150684,0.657712014538369
0.666170200528577,0.572449280788205
0.665454970178447,0.605325796007629
0.688451320971739,0.564076172656408
0.692073239369474,0.584262933816669
0.67253788440249,0.554415201775799
0.699722800660436,0.560483711769668
0.68211435398922,0.560743304067777
0.627254185895478,0.534071704880519
0.556470160976906,0.592662745992556
0.592085890513742,0.574815969145126
0.555651715382062,0.615345213773216
0.580892017461162,0.619978146172329
0.515860686200424,0.625140055716852
0.508238249758787,0.605237934348541
0.514710157561799,0.647582330357807
0.4156973732568,0.684882808801104
0.435626901412963,0.65568343414661
0.430007602248012,0.648963165632841
0.427536367910611,0.674772618047811
0.377032345828926,0.696330235564013
0.371027539168967,0.716119526868029
0.361180006135388,0.715541060956339
0.297744589586547,0.724361870779342
0.27268697924111,0.744859455380594
0.267682808667117,0.752303107987593
0.247284729378458,0.740243423440436
0.222200690654585,0.762583621348557
0.20104697974791,0.754921075145389
0.210112409889395,0.769012319684622
0.200213320039027,0.761590115355414
0.198887513331236,0.755474080351274
0.210899500297159,0.762901938810475
0.191960847249202,0.77188137124625
0.207481639185455,0.762377061376406
0.15627324788564,0.7652801295266
0.205675124377586,0.723696705657192
0.225213600210635,0.703300052401953
0.249774153340393,0.716938911026544
0.233348305517616,0.721072808669074
0.280330891407865,0.692298574705627
0.293560160123167,0.737021799652775
0.30905742966779,0.647943623594342
0.27433100553813,0.740149301804614
0.300607014561509,0.646021904755533
0.257729999641825,0.678951357277872
0.397456199003345,0.675790858569249
0.326676197454841,0.6019018499277
0.330040304353977,0.750958998122243
0.36625081350895,0.675004472942164
0.373044939319218,0.66009307844083
0.271710641167461,0.723633492251742
0.300340956159173,0.73623037478952
0.328736349098975,0.732617588066919
0.225382876370586,0.728427377555103
0.262063631515559,0.732394611457362
0.19555099792981,0.780838600849334
0.218577786740126,0.78438982814091
0.149890233935567,0.802210658460355
0.141729082542881,0.77715050227527
0.0512895225154458,0.811605858057994
0.0328995452070752,0.71789935992771
-0.0678921582286343,0.708393290462288
-0.183047212840259,0.725502588328273
-0.191455079156785,0.707516926115287
-0.235416063696549,0.705651454608819
-0.26373621299284,0.696602781222775
-0.300152814560269,0.680945773793601
-0.252646198046633,0.760980046618894
-0.398752736597879,0.750169917752243
-0.395812165029876,0.75288356427239
-0.374777313590511,0.630271543649939
-0.433986081369277,0.620522329171626
-0.443400446634875,0.697040128118391
-0.465493061762357,0.520216246904003
-0.371954599683718,0.588024700946267
-0.563100425068262,0.703855324925826
-0.60646874311602,0.568336983308298
-0.526714470074628,0.620536547113159
-0.552705145235563,0.557701246486722
-0.591770652278683,0.603966555694782
-0.572355793389996,0.716059498258735
-0.498378236508938,0.591777644559931
-0.51153870702112,0.606662879595453
-0.551885443768986,0.491090813013854
-0.695824924990302,0.533362022580361
-0.637968193220119,0.54206946513263
-0.677471932496924,0.463883581952291
-0.653143788793349,0.479181365342862
-0.679951153882615,0.46092162994318
-0.742704922854793,0.429524964229762
-0.783195851970614,0.465958834191885
-0.745621715662553,0.309146411222363
-0.763314608646148,0.312506346894003
-0.780260476783089,0.349480883548428
-0.750211982821661,0.302483392633859
-0.814641436426768,0.332772137920907
-0.800473356204626,0.248769657067187
-0.893117100787013,0.269533644043969
-0.797907325308307,0.332085427700058
-0.842686866181088,0.319355537824288
-0.839533431793189,0.287379305464096
-0.780690072248914,0.174652729263375
-0.90297790586612,0.294075361588454
-0.884861610088836,0.163723963708081
-0.917307011727096,0.210804664835175
-0.918826974380393,0.18184253847659
-0.948274791912221,0.155222027895058
-0.886883877710945,0.0746854380281899
-0.925168870090261,-0.0189215781756004
-0.933534609155826,0.0466225126880141
-0.95578295762741,0.0408502894116578
-0.916282834044452,-0.0369379119188368
-0.933006673009568,-0.0214547994633242
-0.945086349269856,-0.0894852814996934
-0.936049878505718,-0.105761320192193
-0.93952815207013,-0.142355457584314
-0.929784004139072,-0.220743365076355
-0.919004357778293,-0.239679767482998
-0.853039967961183,-0.313464416125406
-0.866063726936259,-0.391287811462407
-0.885034131738611,-0.365386447373104
-0.846550544028477,-0.43532811108437
-0.849856979455433,-0.444993755555696
-0.802260993658598,-0.471174837674798
-0.782226708925129,-0.537243335258048
-0.723899132901632,-0.608716917096907
-0.692685196456503,-0.58113840045239
-0.667949995309545,-0.671775628607787
-0.619012166217556,-0.614356103913006
-0.574957607876795,-0.624320408057997
-0.550596153408525,-0.696667548026809
-0.57661850146907,-0.612763028899486
-0.620595788967449,-0.66564612471636
-0.539583109734475,-0.715192242488123
-0.53582614593826,-0.800065247626292
-0.466791050810466,-0.770057943351673
-0.386714732987656,-0.752483715382682
-0.364024486517868,-0.681545313624602
-0.252302198411001,-0.697703066964353
-0.233881348689321,-0.753396838395258
-0.282635158206573,-0.822456775850929
-0.222488576633657,-0.712837069944726
-0.346315777060565,-0.556384967887618
-0.241101095416372,-0.727280380272907
-0.226691296334139,-0.635437364929943
-0.185184530606559,-0.751242670351223
-0.173511504223002,-0.686260852811845
-0.266747040941848,-0.656972948928236
-0.125825831922862,-0.633634788972077
-0.148129975519133,-0.813538073478626
-0.259561500811694,-0.743034295110478
-0.069062122264655,-0.7504459186577
-0.206053396963824,-0.794847272093555
-0.104864518666837,-0.583537757806587
-0.0299876752715296,-0.625069827386898
-0.0953167339792727,-0.743898537599493
-0.0105668965248009,-0.527166623823582
-0.191090493227786,-0.311191928531764
0.0432699040325314,-0.669544074012226
-0.0301576222859113,-0.539293273368429
0.0771017629930846,-0.641344837566864
0.0709867545591117,-0.551067120803595
-0.0204026893620317,-0.518297797479877
0.056832212432497,-0.605471216116146
0.0867274365370324,-0.519385829462662
0.0468929260769755,-0.542288009806854
-0.0538242930308067,-0.52357083465116
0.144935180671996,-0.390009577187896
0.0813934713096607,-0.494890643800813
0.0063530189474636,-0.172788413732051
0.0898942879149458,-0.417255729519536
0.0633244321405491,-0.379336160208014
0.256568542494924,-0.496245435549834
0.226072620482374,-0.224184076662376
0.106366100187502,-0.238452263156088
0.227623380419147,-0.345474510616904
0.0813305209918746,-0.348510762372155
0.015610034151114,-0.284517796864425
0.412116834225344,-0.319115335050732
0.297010545449448,-0.240725327052891
-0.0254079255252866,-0.201630479805185
0.228998381799432,-0.191730582174436
0.0833333333333333,-0.319035593728849
0.390268469209269,-0.120855632915642
0.209152277771397,-0.233911913155896
0.211108222841221,-0.159023171346616
0.275700535970989,-0.263516185728432
0.192616251921258,-0.19581332368928
0.197162136684931,-0.0614049315144331
0.232225586409973,-0.228377018475126
0.183678703362736,-0.24905101077382
0.130762720425066,-0.194457086314922
0.0480966823619377,-0.0755283162577763
0.442419729708505,-0.0689715486875982
0.237677529327121,0.0227241603611624
0.48288094654169,-0.00413410002789505
0.302638592191861,-0.0595120256508259
0.348937108590209,0.0790022170682367
0.267686828647963,0.070846809165904
0.360734643224777,0.0237043213850528
0.54363456707139,0.0856308650606274
0.328536368718099,-0.00923506126434047
0.552313905444111,0.0889638996398971
0.325572112376335,0.106739425116315
0.548300344326502,0.237675719831349
0.249707694492779,0.193424514864146
0.511935719195148,0.190985349601842
0.526527098171772,0.196534297055243
0.604527540277692,0.29197607020306
0.589693978668002,0.28283259680013
0.540678183146993,0.2463835079689
0.632941458065865,0.343068484308132
0.551694473727726,0.300865327777093
0.583494421661675,0.373925561902411
0.701179245451876,0.292106663357791
0.644689861442656,0.401053537025753
0.640956322259012,0.354984222326782
0.647754058655488,0.35519437209521
0.702076379351501,0.322989070838643
0.713274859360605,0.245442481209981
0.768156640171977,0.316225051917844
0.669863873154772,0.292909803684029
0.612141546798032,0.335743132136624
0.509837132326747,0.187615350642713
0.708592650566414,0.285569875143979
0.530232358099562,0.268258057545947
0.546319454139163,0.285697606315263
0.641468959660733,0.308757750294839
0.718473763937578,0.233021739198416
0.716702799863897,0.32481551063374
0.651935417973653,0.23500172429021
0.592808671772787,0.216739273166708
0.855104432852234,0.10751815030334
0.766607854089313,0.264161086618946
0.781582818493867,0.344975114336257
0.61509998267547,0.347954577040194
0.648116009164108,0.344027862870235
0.631455145138997,0.272769076710147
0.800223000289007,0.176820613435328
0.842793501868432,0.297937317404765
0.758575097820917,0.396836005412649
0.785378133898889,0.333335937252727
0.748484843785751,0.292117045537959
0.622697489161916,0.222072564793551
0.73272417391705,0.229416022636387
0.749020464126077,0.264283593978826
0.794359362127076,0.256901092002882
0.826347613198614,0.228122605954223
0.788156474147334,0.205585601761892
0.754544707404524,0.198846995113794
0.787018518545718,0.102970254131621
0.636461367464636,0.0772372916529739
0.666853375231026,0.218541171833205
0.780209360542687,0.186550459411766
0.878563885630095,0.0778437139693517
0.856519370651407,0.0809628606000298
0.828785850359436,0.0598942548923565
0.798858524507158,0.0732807127600667
0.808394862215376,0.0246711546482549
0.825815072781725,-0.0282735576445206
0.870382046503278,-0.0623029938085137
0.826626903363971,0.0282756059821036
0.788081774258952,-0.0963430706006262
0.827704547622415,-0.203111694262098
0.845903405856327,-0.141836992397747
0.808050783599125,-0.202022242662732
0.801961878123698,-0.0295220733115785
0.756749173297493,-0.293709759604816
0.774935969715823,-0.289921153110522
0.729809823354584,-0.204398304188598
0.662256308605712,-0.371240816786521
0.718837395227268,-0.332683205936164
0.683027747892057,-0.305249837057568
0.691715647313074,-0.379723587377548
0.585087112274026,-0.305523708589483
0.592216508928259,-0.407986946650782
0.584926907605086,-0.609048634864943
0.640127795082738,-0.564952374589358
0.684904861153871,-0.560444689798382
0.549176819218419,-0.587971359113913
0.663628941341974,-0.610346594890651
0.581459631256207,-0.64653923079674
0.547229444890687,-0.723058450768552
0.547692163101784,-0.779616448866091
0.53413334788584,-0.765826385226977
0.470168998279245,-0.843664827672086
0.505867289009868,-0.805226875945774
0.369776405141526,-0.838862173041138
0.366046772976204,-0.883412404963622
0.315117309046582,-0.922211658568262
0.182839689910733,-0.886063174478333
0.179879809598556,-0.952550050601585
0.199088178562014,-0.935508347582599
0.109131583735401,-0.969560177881415
0.101806393469726,-0.972117160144094
0.0352669143271704,-0.964526489749644
0.0339847760409724,-0.977079835811535
0.00400900965817673,-0.976576105371776
0.019501795341757,-0.973799114729064
-0.0254813523638588,-0.979030909587636
-0.0660441804381343,-0.974363326031574
-0.133439628398087,-0.880941956295261
-0.10609576575817,-0.894368986891548
-0.0358566606363487,-0.90267444529203
-0.154579140069888,-0.964500222430002
-0.12565977037537,-0.970286135969033
-0.162317837897298,-0.94317748499055
-0.22515497661958,-0.894220455411349
-0.267454235458021,-0.941509105025469
-0.277962726085266,-0.946495112644455
-0.276289126468123,-0.908227580830929
-0.316366471666641,-0.921239114071923
-0.343108449039381,-0.919280654414835
-0.320059994075969,-0.933631422305158
-0.353104820246031,-0.922814258593734
-0.338101003999532,-0.929259002145442
-0.319917191940861,-0.937903200262112
-0.387533730750127,-0.913087038942267
-0.384378648457523,-0.914556078488791
-0.410194022382717,-0.847160845678031
-0.345066411300335,-0.912358467909206
-0.36864174259806,-0.914760896661032
-0.362216728461663,-0.922802830772981
-0.356850385753742,-0.927001485304301
-0.384718496295952,-0.908876996634395
-0.274388037999238,-0.932536537036177
-0.37925527857277,-0.90989324440262
-0.392145819951116,-0.894007497465108
-0.416947484927217,-0.888972586210946
-0.466598594114651,-0.870286590488169
-0.427074472780457,-0.891825894389094
-0.436518841737979,-0.886057227836132
-0.409729793905408,-0.901814693285277
-0.427483516150171,-0.852279139056951
-0.43027187373798,-0.854260287147513
-0.44380056473917,-0.888077117470581
-0.456604845744517,-0.884644261025024
-0.376071989055165,-0.864974533484655
-0.379221307363137,-0.874774091335723
-0.360582126059122,-0.883701106717541
-0.343660818998143,-0.886985193400169
-0.292352244105538,-0.893664714578472
-0.296363709722842,-0.901087725452361
-0.353192582234231,-0.895763348032718
-0.287574395008682,-0.893602206004874
-0.264527066440113,-0.914823605717905
-0.282736226446741,-0.908633445696706
-0.222472253320428,-0.90450239079784
-0.261292279735486,-0.891503089678501
-0.183135042612612,-0.89996195429677
-0.251023685439621,-0.846477242199646
-0.178951701325695,-0.888006237740252
-0.210663920435772,-0.903844609040302
-0.296868067680445,-0.897536412697121
-0.305722858437287,-0.896614312633173
-0.274283583169525,-0.906873331370052
-0.281562177085023,-0.897449366585993
-0.293680804295251,-0.898300181857277
-0.331942583482732,-0.896171824180942
-0.318139115586596,-0.872778350522094
-0.346789009899945,-0.885240124544086
-0.397531163291209,-0.857155402533034
-0.343749970146476,-0.869155658766079
-0.330404344261429,-0.828771882884544
-0.364277848208146,-0.864462382716741
-0.326281715395984,-0.85930299488684
-0.415487540039345,-0.806570333193293
-0.410085208130719,-0.793386131628085
-0.369874086248009,-0.834653910275937
-0.47994484544044,-0.781052023878542
-0.458018825761415,-0.757820788322267
-0.523533194259103,-0.771064504763969
-0.530671651030023,-0.741235259486458
-0.54141330730595,-0.734110019448699
-0.591912039373027,-0.725645840214764
-0.601051971189086,-0.657955400318475
-0.59571370561039,-0.658461548579009
-0.648031086534706,-0.665173178809706
-0.647872398110465,-0.66425793961828
-0.632255481751167,-0.6521132439683
-0.721105426383623,-0.626948194073094
-0.694286908599295,-0.635752034107924
-0.734834951332755,-0.58573328749174
-0.730158922371273,-0.627751638370663
-0.768369425685338,-0.608351781285855
-0.790083575120886,-0.577451461254852
-0.808657291320989,-0.541026781488718
-0.835345968841807,-0.50004136424011
-0.844461705190752,-0.485627845929562
-0.877032489627479,-0.425537171200785
-0.895121844850587,-0.379304931795017
-0.898654119042896,-0.384370137151268
-0.926465949218653,-0.329516350344681
-0.899811962710061,-0.384304394788134
-0.920947457058656,-0.338724484598869
-0.929477433295431,-0.333797282758577
-0.858121063691082,-0.303318548620785
-0.915106359309487,-0.344438819371341
-0.929316408291789,-0.323583211189352
-0.91147361762256,-0.341467604755985
-0.949465760886736,-0.279789653679532
-0.944127814337909,-0.274980512536129
-0.937081156323581,-0.305915276536996
-0.926224675855048,-0.318510812233297
-0.925212813630788,-0.326399667816794
-0.940708060371207,-0.273782197099601
-0.928010493317265,-0.316988511755379
-0.946629233242374,-0.265379521776529
-0.950209266305004,-0.219219813478763
-0.953394419030672,-0.232258559750908
-0.958022596729552,-0.19986485064472
-0.965381576691228,-0.157328633041196
-0.962707506993652,-0.187149675580556
-0.960057007398925,-0.185026009861852
-0.959177972197861,-0.189222775782323
-0.95716561278456,-0.175838142392635
-0.929112008874859,-0.198802760246507
-0.856324697847943,-0.15524490012142
-0.956140809022012,-0.147550049817635
-0.95555521077645,-0.130257319953918
-0.958321053824657,-0.158262968252279
-0.950253297309711,-0.177828599974921
-0.950281733641552,-0.177658783048676
-0.965339274814739,-0.135897495141526
-0.957242558860731,-0.120590722838123
-0.933790743596721,-0.153215670555095
-0.955132708798899,-0.139638889989257
-0.942961130237533,-0.127371565022297
-0.914190320034552,-0.140154511392273
-0.926381527250117,-0.0985383709449263
-0.952447334067685,-0.0322456154321193
-0.957096601422108,-0.101628012949407
-0.941879361890982,0.00321176154522006
-0.927229406234009,0.00902072559687514
-0.934986161443899,0.0715870780594881
-0.907226677950208,0.144279413032804
-0.889409712923054,0.135091298371467
-0.811620700874009,0.246073599859571
-0.801210071169608,0.301681773461781
-0.793890179382833,0.382194986294041
-0.746063209041985,0.332891258170403
-0.715333796786144,0.42273421900852
-0.691000712158936,0.404359022488223
-0.649702061976877,0.423582604838185
-0.62321820319622,0.547243185014299
-0.617563569232937,0.527158155610766
-0.548542490390621,0.581053716657947
-0.572830713302255,0.556013843874885
-0.613849200525897,0.538799557982086
-0.519612413206402,0.503344446874966
-0.508949860170585,0.516258295614777
-0.46610775871139,0.603549161532467
-0.5732913150224,0.569861790123798
-0.515543322054873,0.531439280178471
-0.449574468477827,0.576973258479697
-0.426891601596094,0.540799120510188
-0.348075083007359,0.634368136091662
-0.274029873548713,0.50965473637648
-0.331452112976082,0.503850388981841
-0.243376940560746,0.545877721536543
-0.21342755941579,0.585628205997488
-0.20384740740932,0.551516247439583
-0.136756948917285,0.589441720382386
-0.163051587006172,0.522938385573884
-0.190894320553388,0.47242106797968
0.00139467923206027,0.494269198460685
-0.0517663125119311,0.48360553220442
-0.0664029297424385,0.381749549616898
0.00400690830564253,0.3631206512601
0.0371026926489323,0.293290845045181
0.0394804312704097,0.372485104052937
0.0671094571652608,0.288779520528334
-0.0177255978568878,0.224304369250897
0.0570609424548603,0.297565680034807
0.184341394351733,0.322673620706201
0.106437133910528,0.275543571541073
-0.0130309876189268,0.266851175411041
0.0307945841925092,0.235221259476584
-0.0685458234814264,0.303811231956239
0.0403230599612618,0.198037214201422
0.0961869497048413,0.252713593862974
0.0336848128102263,0.340266294010911
-0.0451413140345365,0.276405967779982
0.03434915644914,0.210735343800713
-0.0864753540726253,0.269305420868339
0.0487666426673812,0.396901523926157
0.0060899585687579,0.327915971031955
0.0250226560024975,0.272495863742942
0.137371132330064,0.378852272523838
-0.00180546546986745,0.42846421996517
0.124745171842168,0.351482479722127
0.112958893663574,0.319331774440358
0.200117997860497,0.294241597687419
-0.151673105312126,0.366791843894666
-0.0379012795260513,0.164616461527292
0.222327525729609,0.301621316110401
-0.13459901334813,0.159897234629477
0.0582863804857081,0.482162758311937
0.0334558120803748,0.108603258909199
-0.0239907453496925,0.278072762370581
0.0635566519812363,0.113722608107816
-0.00241493107411798,0.40308600111839
0.0323988862994967,0.106365301329182
0.18276206422456,0.345752356843965
-0.146378201951829,0.126349070775444
-0.0558280546259122,0.134469034107172
0.0512852976302313,0.192275956174045
0.150721170081158,-0.145305416299404
-0.069800138716693,0.142870793660716
0.0347372876594942,0.0070572674642368
-0.118781550401261,-0.00720463114666801
-0.04158167015195,-0.145131031670113
0.0699969538443665,-0.185622287126866
-0.0512957658639267,0.0229777698549167
0.00869424382581159,0.0308671174934705
0.295452380980583,-0.157659902551894
0.0833333333333333,-0.109389965848886
-0.00401776652280899,0.0512876684375821
0.0290093920351237,-0.0187638002614702
-0.11096625256795,-0.415485528436546
0.106564023547027,-0.371400210600535
0.18984755451798,-0.329339953729469
0.1052867801264,-0.560208947169789
0.138821925708134,-0.550131408584396
0.0082888496960458,-0.443175380297082
-0.00814711504538402,-0.517228963214432
-0.0162081359714474,-0.44220787376633
-0.0535824925288089,-0.743855828146413
0.235416526252932,-0.667108193362014
-0.0222649686165829,-0.680734332206799
-0.0751513887409324,-0.687675895367157
0.0180687331792917,-0.753979141671621
-0.0192841364613558,-0.778786687751503
-0.0242609424921258,-0.837737303305419
-0.177349339329733,-0.623135181454966
0.0817899972286808,-0.748285451497601
-0.0422247000996972,-0.847209080748557
-0.161807227119854,-0.735207012443446
-0.135120581982508,-0.832813794610445
-0.0871421720931189,-0.791583995921775
-0.211340817425403,-0.924790234944323
-0.340912902324748,-0.855445129284184
-0.239553986411629,-0.877485866818703
-0.269790266449757,-0.883020398265408
-0.273669188486841,-0.804880127844708
-0.339672930881698,-0.837169082592743
-0.274456329403873,-0.861732457451872
-0.482583240454597,-0.72916003807528
-0.46498196085739,-0.816940009387164
-0.478405368687397,-0.851482450484309
-0.403151336525767,-0.873230996856044
-0.451045250841417,-0.769860569488243
-0.445211839803669,-0.866684508166999
-0.505119491386382,-0.75519500143132
-0.45566288950924,-0.676067176879685
-0.543172729666255,-0.733376043497581
-0.506011958781594,-0.804030861717055
-0.59818222516087,-0.719140568269193
-0.616837337717639,-0.752788051164468
-0.631994441125037,-0.729898577316352
-0.501700506218018,-0.773988818578759
-0.583186863207064,-0.695551289057936
-0.512374566330801,-0.512878248642018
-0.458965461266839,-0.54999135963574
-0.617663177253661,-0.624650952474911
-0.609774217319346,-0.567983243663903
-0.622927736362405,-0.599434420786077
-0.498929111608839,-0.658697392480609
-0.494775231590398,-0.569433306052937
-0.643916158523611,-0.53923307480812
-0.457006016481951,-0.584697969760101
-0.484565471679277,-0.403421770149685
-0.485449784702766,-0.496692936982588
-0.432764310616654,-0.56053357528272
-0.266753374847789,-0.412318660826271
-0.303945681265986,-0.332857119816512
-0.332984673002018,-0.547616993796076
-0.252288467353364,-0.372960778660435
-0.524742535978755,-0.351573385898927
-0.140597310975832,-0.244993236735848
-0.221321686248367,-0.282342725648119
-0.0342980166086883,-0.368639507157351
-0.0712319568866821,-0.291311473154991
-0.0584014047050678,-0.382899539581883
-0.0593438511000348,-0.144397876547151
0.128496600704909,-0.227130868977424
-0.301633057985524,-0.239580133752773
-0.0769921699901576,-0.183331680101035
-0.0258611304087448,-0.10223248333922
-0.210677757458537,-0.318972726976491
-0.168328668213264,-0.299557111154716
-0.0727872499156385,-0.177467286991882
0.00342739309984866,-0.309723472934374
0.0324921985867083,-0.210448607433926
-0.0776058278441965,-0.208667035628356
-0.000852588497679022,-0.368124877571595
-0.049802723607106,-0.182810795928016
-0.105145662298755,-0.0886555388220901
-0.187984145985089,-0.0202423153174599
0.0437064325329764,-0.250777520995431
-0.240318383526255,-0.0246769757787888
0.247783185349222,-0.0382288498889367
-0.00124839899361587,-0.0595987747181968
0.077649617993529,0.0231978460875831
0.110262789546108,-0.0960154303607598
0.159510809540154,-0.0757069159199908
0.156469745040859,0.0137897627153171
0.0549386395294609,-0.0521313189738982
0.348783781610158,0.0629193829405485
0.395712851750641,0.149474991540365
0.197480523593393,0.0178288429306159
0.337161356400579,-0.0458608095235412
0.405153061038508,0.0144214998133301
0.492831455049979,0.291093008644898
0.355062794002394,0.201305416881601
0.190408169078825,0.226586153147423
0.30645165840244,0.060451517344988
0.368984210292832,0.132062714876833
0.586410101212025,0.182712698933681
0.503309913816963,0.138873687964209
0.522671369040047,0.222844015299931
0.474442143911731,0.224803872243491
0.339788964346905,0.292059025611653
0.351847318269496,0.305265676997914
0.466007852966569,0.362517403954468
0.633856773138596,0.227799673813895
0.573163877930255,0.128451312861969
0.687182887973981,0.19243288619875
0.607423647292831,0.124956867389054
0.509978527031992,0.285114866758687
0.810041719030797,0.174469340164827
0.599857160379588,0.219320228264024
0.643618634931671,0.257800065550528
0.580804022455915,-0.0672930190228779
0.643023145011125,0.134823569576755
0.725312133285397,0.302334864829095
0.685442907674034,0.161269922345635
0.609503752489306,0.199824474508362
0.664664525436328,0.251812791545353
0.74450024447095,0.341865883805725
0.855201837019153,0.326355795004784
0.778681995845829,0.29271149984586
0.780203820651494,0.342024334899875
0.477135469095235,0.173188671528597
0.587825426234877,0.221731232174007
0.739016040335812,0.282835091850517
0.696741583481838,0.438785758921601
0.861474177237095,0.346189538554852
0.815759253559088,0.315297529017646
0.822121625364632,0.136434267831385
0.887898620331994,0.274736332552886
0.838127345372474,0.252313486126169
0.839620792249432,0.316708060340528
0.882160555985172,0.234811576914278
0.924573674973615,0.212097640713317
0.914215852253946,0.266452000092008
0.86008674079478,0.23832387696045
0.926512278380399,0.118508629777457
0.779771422421415,0.245478367223407
0.848325665987372,0.152972701824157
0.901628134576847,0.256633285161052
0.943097310593899,0.0924510129453063
0.903939170891348,0.0894014140062082
0.932647462874986,0.103872733809952
0.938085808563654,0.200075619920423
0.850897825221117,0.0735662314559507
0.812498933500459,0.163896123388847
0.842831314270058,0.0551065152883295
0.985240136862834,0.0844251682805756
0.899438451433817,0.0687727429275846
0.928756631254221,0.125334432556547
0.91358724538487,0.146147023286451
0.811476679472193,0.0772827087782765
0.868383307126381,0.0686968611940775
0.95395910263379,0.129028420004191
0.927867800073052,0.244372200155014
0.874769866941785,0.149018378093247
0.665225200416719,0.0619943859844453
0.562038440618065,-0.0201867419218816
0.838734908221802,0.0568090941348963
0.709758232458222,0.177194498361959
0.925371829124801,0.200164356578849
0.935738350852059,0.0202006014147694
0.92270222173439,0.119848631600636
0.907316777823474,0.119311874561645
0.847006911760258,0.181748682310307
0.894225364004648,0.141734062896967
0.963509953961799,0.120075554930167
0.964581487909765,0.0256102820980699
0.939678220023514,0.154526016203501
0.923099993239472,0.104642428678581
0.872582303028436,0.0700330702493256
0.928050418214985,0.10995305429235
0.865168013435326,0.118202566928831
0.860104922713746,0.222931565891873
0.950843166985443,0.233920454904148
0.955882745002218,0.251144528963025
0.961684427302444,0.212223693192525
0.93378366912159,0.302604176491502
0.927167869023262,0.309533213887136
0.925717313132921,0.319291014581669
0.893517716951153,0.412553296874305
0.878923695936425,0.421898720634783
0.863385641606332,0.393724413603448
0.789459179955846,0.469259527069422
0.853151210909378,0.502882524860562
0.834427034114766,0.533512268955521
0.823100800262441,0.547808957266608
0.730035204175512,0.574124149562583
0.774098344137533,0.575525550484072
0.824306283325248,0.553944189450625
0.817795723944377,0.570084364973185
0.813098788481409,0.570905483158244
0.813504282963103,0.573526207219544
0.820364780134031,0.562921093553446
0.801810644651051,0.582094899217082
0.813688594442525,0.567388382917171
0.825268630309206,0.541609290385887
0.833353821946683,0.529635622582092
0.821099645292251,0.542310129897457
0.799802419638029,0.577202255780109
0.796384029253608,0.588880756841414
0.781481920858209,0.596477500603514
0.805341729065191,0.572311114009791
0.784671777231089,0.603236697292775
0.774061609315701,0.614449751429606
0.7808759253298,0.609467738170613
0.78064982351902,0.607645423769292
0.803979524101248,0.583499892622662
0.775984382475635,0.610098718128181
0.794294501899638,0.588121492857637
0.779009927832164,0.593679767826423
0.776803325305136,0.594731093293981
0.756753401213014,0.606511681251819
0.729541525908843,0.64123085748155
0.72048936194959,0.651005520368416
0.718030946009986,0.640782168879833
0.722309236120501,0.646515753245622
0.704041713416698,0.661172134516934
0.699137881932956,0.663816364067798
0.664882747173115,0.688872841919367
0.682144611945542,0.687175106270004
0.614059036098729,0.726647069675389
0.562539443898881,0.759109620133681
0.51812441904442,0.78555147498609
0.391364002330814,0.831813050906765
0.292179499710324,0.776328353610012
0.306703376323294,0.78310993925447
0.247831519089111,0.799986434858564
0.328588102798858,0.842259025492883
0.289231485186984,0.879845918618036
0.218204494349471,0.910288403129917
0.182610834985999,0.890377633397688
0.153389863873939,0.862297703460923
0.0931915915802836,0.889692358936412
0.165372605743289,0.9381115230304
0.0696672274499087,0.923968344742261
0.131746371937396,0.925941099631634
0.132192717040075,0.956197949799752
0.1373247657983,0.967493286240458
0.139803964345898,0.965563003565416
0.117163542821713,0.975678860390094
0.185289199503005,0.966115389770661
0.120964886164908,0.963398553205329
0.189375032895383,0.965130077411335
0.169718689117708,0.973501775609416
0.18462922796019,0.968571029489683
0.209648309938274,0.970305105506486
0.225184631673496,0.957551810587247
0.313391382164495,0.937776299902336
0.23564919576874,0.949940312925296
0.346743642307096,0.921371930770063
0.353163562645685,0.889065332431072
0.369311517157629,0.905004547513952
0.332442344818828,0.904647671203902
0.337671791733028,0.89039900065253
0.377574885774808,0.859504696657513
0.350339470259484,0.904479082688743
0.341540158471069,0.898866321304203
0.278695003120721,0.835768237722132
0.250691573439088,0.852670521355576
0.327480402126206,0.910907734430804
0.347921601485236,0.90611432584964
0.329195733757393,0.925419566690248
0.325351783105581,0.921995224927832
0.27793854673263,0.907396576474689
0.312845668328476,0.936857094905673
0.312151949274989,0.926142361350028
0.252795638674936,0.945409755006263
0.21418177126451,0.939531154604525
0.231806193398054,0.864169923653369
0.123019816645067,0.934104766927914
0.105562997783561,0.921534532115158
0.0309328652257055,0.941048014879369
-0.027418670476137,0.9096257883515
-0.146954392409494,0.92856739923355
-0.128395637592263,0.880597658264839
-0.194310009772578,0.835453662396391
-0.174990870516222,0.91167198394816
-0.253197232624028,0.809975677858828
-0.294722110335227,0.835363309713825
-0.294822323745348,0.820361749069943
-0.354691680057433,0.773836420112694
-0.37223033479063,0.814668767758108
-0.361880555469353,0.848664744716392
-0.436615412404606,0.815599354031572
-0.423685918750408,0.823827134582601
-0.493878565955215,0.80357889910138
-0.500554557756423,0.821027479775022
-0.504473156486097,0.811446702713503
-0.528289678063137,0.757614094713446
-0.613624419315086,0.741342911873461
-0.526143191044445,0.799349768673775
-0.580317370379064,0.780325580254554
-0.563190776111324,0.79398260496429
-0.622938378553924,0.753699811908634
-0.575526638932755,0.773293576611723
-0.576553865788856,0.797246596425638
-0.548362195051951,0.810483605199843
-0.589321158140048,0.795781545178462
-0.568512994689142,0.804961866795878
-0.580697276375254,0.801798170253147
-0.507378364138124,0.799002917363118
-0.442858660370538,0.810995842711518
-0.490093629758043,0.844222188575172
-0.485662321592578,0.831960165762336
-0.407857699710386,0.885619524006814
-0.428269534165264,0.879024917080943
-0.411717893317789,0.872737580256894
-0.351583174035328,0.887665319666621
-0.306052436113392,0.919840673525193
-0.323016672152954,0.89172069275646
-0.27292056261537,0.919809699813004
-0.237595119386144,0.916961162441446
-0.207850697189286,0.94117572725343
-0.165389395121284,0.925687992988155
-0.209970224178823,0.920705414003388
-0.202962434915343,0.920471824548203
-0.189490131013469,0.928681903413846
-0.122802759073763,0.939210389943758
-0.13853175017096,0.938401000534675
-0.143721683923239,0.935852757030197
-0.213238031395113,0.932855891933598
-0.2459606513635,0.939816042818076
-0.263540744302359,0.919813170542382
-0.3418138368152,0.892260907134832
-0.372238028259447,0.884090218041904
-0.418127185234801,0.859130618372892
-0.485590479515989,0.800894796698456
-0.526236074539189,0.783236665895986
-0.547074756021431,0.74107465663206
-0.562643435132286,0.745503516746603
-0.596832341526026,0.702082461974567
-0.642805371083419,0.652998304060081
-0.630848835089269,0.647923251746115
-0.684020110619711,0.600235954516699
-0.708831021037906,0.56311271968862
-0.735876747501662,0.536513860907722
-0.723506484988859,0.511817047456262
-0.77621614163693,0.445600721472904
-0.783131094603663,0.447334333600923
-0.813094204379165,0.407836220312553
-0.80344091657636,0.394009335208378
-0.791335565848833,0.31483776103277
-0.841115782639045,0.330084491822354
-0.830616367138016,0.333575947521368
-0.840401237375997,0.304994921295662
-0.75611279992533,0.2558352249059
-0.756568986584541,0.251994096812456
-0.792366380584379,0.372326547106729
-0.805098362503235,0.216250113126967
-0.872548172076996,0.259976928609892
-0.826610698050961,0.274235369527392
-0.808466933278386,0.157259143660583
-0.835397424298369,0.210903809652506
-0.849884631851874,0.186790160315684
-0.904174446720792,0.248199929279054
-0.928848370256457,0.208491809755251
-0.935701707375735,0.268336890175005
-0.933067666197222,0.16923029751553
-0.943540917298627,0.150488807826683
-0.918602946234714,0.170318562051831
-0.899019235261754,0.16391500175306
-0.924526280076726,0.148092654153006
-0.909462536545181,0.181161064995099
-0.956719349126788,0.169026477310017
-0.951770819276256,0.201006099140677
-0.934516677973676,0.260066024072523
-0.938606641345292,0.215770775726673
-0.940132728032119,0.262727715239677
-0.935454809311894,0.276227827197477
-0.934199232929245,0.284372240359065
-0.891620457450336,0.284474392789533
-0.91821559800882,0.270201487366727
-0.869362524205725,0.254601887411889
-0.929853273590131,0.208259396828917
-0.938086836706335,0.212645310555826
-0.901888288379669,0.186687698226325
-0.933527466270006,0.154613895681269
-0.87256683671836,0.144691506514591
-0.927889779047143,0.0652236483271703
-0.878339805481703,0.0839109868435169
-0.92409790043378,0.0412297031163459
-0.853822567647085,0.0406154076946359
-0.879452485851363,0.0701054246279767
-0.867458902357949,0.0806581322150558
-0.771166063297016,-0.0113605167627635
-0.903809576528493,0.0398232538553089
-0.826103006848519,0.0541067925916342
-0.895651038635116,0.0462229746340775
-0.909553687110269,0.0679490132717907
-0.95837363451315,0.120582693609489
-0.966843011169306,0.138460210720244
-0.962128059466002,0.119432137922681
-0.964608767833117,0.13346966016799
-0.922020384598108,0.13196954423345
-0.957178111792236,0.203838494179077
-0.963239939371343,0.205780247824154
-0.962086262965877,0.18874246224019
-0.96127305468283,0.209083104611618
-0.960541938441976,0.166948162807485
-0.956110427609282,0.200286322845385
-0.966830586590272,0.174055363329846
-0.953481333338186,0.226205823607177
-0.93061847164973,0.119121455553725
-0.939893719190774,0.115739526741651
-0.905492173960846,0.132909609358591
-0.935327419587965,0.134545794760539
-0.976700351231149,0.164953813106813
-0.976272818908201,0.156224239515918
-0.962070725715112,0.199703533720617
-0.96492554999944,0.167595222251962
-0.955047529046869,0.162954810380714
-0.901314524948899,0.17935246905925
-0.972078811654027,0.152639600531619
-0.973074154473248,0.145628919261692
-0.961789004921237,0.176717338399302
-0.947017106590876,0.210855232952344
-0.937040261224386,0.252169808422177
-0.904082417827524,0.287586788595876
-0.89166832895721,0.30594475656545
-0.90063889304134,0.281640972351916
-0.861727756468434,0.370975731902081
-0.859448104153113,0.364731526030558
-0.842621609685074,0.316889313441343
-0.819325527292783,0.365301093018037
-0.781409322976081,0.37240186352024
-0.774998442902625,0.353552455461113
-0.821921499290695,0.301187389022484
-0.736488952647674,0.384821349614357
-0.81357931547057,0.318642638393115
-0.769946820197302,0.363540978368618
-0.77547270124257,0.400241639114525
-0.738713934744533,0.341961182588767
-0.773869784543478,0.32717635097055
-0.667913738029431,0.379634963996608
-0.654517083200612,0.363554506896258
-0.749976349257648,0.179360618430288
-0.693721187036325,0.384847287598173
-0.734646503995719,0.295607971656026
-0.790805506111637,0.244093577953204
-0.67681931892881,0.153320456516393
-0.672215406972713,0.226156166020434
-0.831100991987126,0.156502181469338
-0.779125644758416,0.224649386039456
-0.782257313854567,0.148452339587045
-0.813241933020767,0.170564949060011
-0.739431598559968,0.0656798143312566
-0.669373889532865,0.106727432143431
-0.716456567691695,0.0272907501760371
-0.695990535087927,0.0772598291056202
-0.703341212889044,0.166228157275257
-0.68329815702731,-0.0234198426099482
-0.744353803639412,0.00346221301907051
-0.71041782396777,0.0541515148010179
-0.586978860917303,-0.0721947833345093
-0.573445174999058,-0.175469445011397
-0.732998467477668,-0.0384409192128003
-0.499464597700334,-0.180188744011036
-0.464538159974599,-0.177936030448347
-0.550028063793975,-0.159264802135856
-0.477153312832241,-0.210293195321003
-0.638434500981175,-0.309835295554192
-0.543297023527184,-0.245352441458433
-0.50257476332168,-0.519662232183174
-0.578850641500042,-0.363078280781185
-0.422334547482133,-0.506889707052358
-0.363851039078724,-0.463086167513859
-0.43065577596821,-0.478395932538994
-0.297489433656694,-0.514912294890437
-0.350765706673268,-0.531992571727526
-0.429797252132221,-0.574096557103544
-0.273068365045775,-0.616547972401569
-0.317678928046608,-0.648399169763004
-0.231519386666341,-0.726863854053512
-0.192307267494553,-0.677338385663805
-0.116782495500547,-0.681367290884277
-0.0409629793297031,-0.725912128218212
-0.0417377964630194,-0.765971302839443
0.00846817942096081,-0.670785395289913
0.0787354909255707,-0.768804546052805
0.110927745065384,-0.800531045698627
0.174218175919589,-0.774933761995327
0.142419768733411,-0.819300758215584
0.251867808191576,-0.757311880998757
0.304453170668542,-0.736196889014645
0.314957445626057,-0.768856599542633
0.397728898027016,-0.662485903414758
0.543380607590541,-0.622363807414673
0.462587032220583,-0.474244244762117
0.449913398614419,-0.645461205913442
0.49903354356799,-0.667232813011915
0.458171538710172,-0.625425151254178
0.573138799601801,-0.50776135509605
0.5943584481333,-0.568994228482733
0.668122780943496,-0.510967101081768
0.561699708551169,-0.417816119072872
0.728923419104708,-0.422916510559503
0.740742099256404,-0.392708723329872
0.690123488544801,-0.40752590996229
0.814500051956031,-0.39966287265226
0.763423464469539,-0.458917879998056
0.797600872694114,-0.396222243704003
0.851696755508675,-0.381966388381783
0.829144834011222,-0.462627767518073
0.86054394742004,-0.406449847010385
0.765478472079483,-0.487639752612062
0.823565881127599,-0.458281078389552
0.819935092955037,-0.421339714177557
0.826523930614803,-0.478767264879817
0.8210506572857,-0.479994772288675
0.78262816934024,-0.534184279142444
0.804910772294934,-0.566754302853019
0.721185772953528,-0.557339061496436
0.77550627362819,-0.588904684513125
0.687531074706682,-0.602611692817162
0.730786184586217,-0.638597222612037
0.639236075272178,-0.650959889889384
0.664787854737688,-0.67361793257566
0.634311396521163,-0.699979184480764
0.658008930876959,-0.718037299436569
0.588762447267971,-0.741810864135188
0.551648682979511,-0.73608826516096
0.598268460699898,-0.718201258750718
0.567865383316029,-0.776921333165699
0.460125034371491,-0.790209229137952
0.480714127315148,-0.805423240432861
0.495406022931239,-0.794614866241704
0.447658898764873,-0.825136112204751
0.410476270327462,-0.841040721011261
0.424524598278646,-0.851296314035112
0.414132820642187,-0.836244506111557
0.360936110919327,-0.87258665174199
0.393848375342865,-0.820082199773918
0.369924857849436,-0.82546058156984
0.352419913673283,-0.913274180699336
0.345302016904633,-0.912796548308631
0.332243813086936,-0.920050926240922
0.278978569331335,-0.933048700747312
0.279872238046504,-0.928849102365552
0.224684815296406,-0.927066770546136
0.206075868562131,-0.945107891227366
0.281107930937911,-0.822281837589487
0.270613660708815,-0.843807647853718
0.300634623549447,-0.735278002159738
0.37657395775459,-0.636901817959989
0.541264750039438,-0.445515546286301
0.83698993743729,-0.161671184883224
0.812877308038831,-0.0736475392946069
0.858385778765949,0.0806800978608622
0.900925924620403,-0.0453553693921579
0.913504716841141,-0.0275125262015622
0.929088507251371,-0.0919641633712273
0.926649921521042,-0.0940329957825353
0.906446607228571,-0.218076238465297
0.912452510007582,-0.210509029051484
0.878434390801088,-0.214999087593555
0.862311381188003,-0.253021875532732
0.933030122900658,-0.268442808221892
0.895085825270097,-0.338604110634661
0.852950701615531,-0.223190030735431
0.880837802410855,-0.320873734953077
0.852927708838441,-0.312155377098859
0.749657330376603,-0.341281854610459
0.91251096869742,-0.2387169909223
0.747473917505705,-0.423727361756815
0.812943337575681,-0.381009788433198
0.729702944938767,-0.459747680752969
0.779633160551542,-0.473710273088221
0.764430510435609,-0.475740663712964
0.716188928352531,-0.487994408100959
0.708886636217609,-0.418965830121285
0.822972075131711,-0.443389618008113
0.690210261177393,-0.546385707669981
0.718481437733038,-0.502719780160827
0.636200948768496,-0.434752387324191
0.751967342637171,-0.50138710958231
0.738787540291892,-0.603257101064633
0.74508660693254,-0.604535969121395
0.69023398879095,-0.668754108767886
0.686797858841448,-0.66591894081202
0.651609343258886,-0.700185827304241
0.554026056520278,-0.679658694538087
0.571899355445802,-0.69603982294387
0.538729138217927,-0.64654770074619
0.615148320220564,-0.72573764970861
0.615973911892236,-0.731721784346846
0.588909498384187,-0.722917993117241
0.579861963765739,-0.74295155818069
0.561198224728443,-0.715133411472339
0.499355651879257,-0.773164660002377
0.5789801682361,-0.73927503017088
0.619700634513643,-0.711113490757264
0.5580587542042,-0.763981435419561
0.615748510752729,-0.76358027640702
0.6041990244726,-0.755857102414276
0.581575516756728,-0.771129809461856
0.618879746768501,-0.752968537553546
0.604783350730194,-0.762465000290226
0.616900083981693,-0.75911823859888
0.590088486079016,-0.781539078976276
0.607110638845296,-0.77072345295669
0.570265589482721,-0.801203723736038
0.605065722060407,-0.770564132419322
0.595982384478521,-0.780916565210706
0.601471531056111,-0.772860456186099
0.60595290144091,-0.765740738841271
0.537980365047481,-0.821978172436137
0.556785822214322,-0.810306336627328
0.538683488180499,-0.80952222101858
0.543022102599471,-0.822683244868097
0.48935428403557,-0.762074871669529
0.44461552371109,-0.860217402241486
0.417399417137417,-0.780082091313009
0.420238912224444,-0.848903502766882
0.374791646889511,-0.846530990657705
0.370600501422845,-0.83493603440657
0.321622863617433,-0.872616459258652
0.288186267273857,-0.86466652151281
0.333369901648453,-0.867294493009677
0.256511225667677,-0.91513684932887
0.229507065191033,-0.915317620607119
0.209297190623548,-0.919351835070934
0.158561705761277,-0.935964983415316
0.16341062479539,-0.94857213692928
0.119702009236239,-0.954199379946291
0.0835010680527255,-0.946095306410463
0.0940716615577662,-0.948604040286423
0.0241266779525521,-0.962545517234307
0.0302415683987092,-0.959646722889582
0.0538559446456569,-0.964921874064958
-0.0134166130060908,-0.960228842471336
0.0181023705729029,-0.935682193648412
-0.0531410225613799,-0.924917862561811
-0.0428476888901705,-0.942567212584706
-0.11119943571658,-0.923389499175916
-0.14065030414198,-0.94585316330181
-0.127553988506686,-0.972646258373125
-0.0956049805936035,-0.972838913499215
-0.0666136516390877,-0.983673640178133
-0.111379878209761,-0.97715515592976
-0.0632662055851822,-0.990874662191899
-0.116506121872732,-0.964045601188049
-0.0359312037090864,-0.991926531564957
-0.0781721079007304,-0.947335150689328
-0.0344065816003479,-0.949598275967218
-0.0229791107363993,-0.987146158977632
-0.0280165907340263,-0.990186264503882
0.029981213216298,-0.986704055785084
0.0344130667829791,-0.99208306780458
0.102821698505956,-0.987262381861224
0.0383621212010649,-0.990145506668034
0.0833015606434002,-0.988677471872179
0.106112369389003,-0.982625130335834
0.131133530590237,-0.983245262460277
0.14052992929412,-0.978828250891002
0.165822454356685,-0.971004978608592
0.179418850079376,-0.973334936476255
0.157435708286705,-0.965471941237648
0.157541434217165,-0.972322859889056
0.203098901009084,-0.962166258875484
0.204110393609419,-0.95146716733716
0.152750981945795,-0.965197345305884
0.210332996366815,-0.95743315777327
0.23007744397112,-0.930777422934387
0.103878516779282,-0.896308520541587
0.161173884675189,-0.912592569679137
0.228937697251326,-0.897722900455776
0.154517094957128,-0.948325926012452
0.178010695003246,-0.87409202992183
0.0695919785953647,-0.942942603550782
0.205434350904377,-0.938832157071027
0.133323835186372,-0.930155087641746
0.0695865690910292,-0.945293566888781
0.0568875005249262,-0.933285448692715
0.0372810563401286,-0.943909251567801
0.0425073663252459,-0.938340212991004
0.0649278261513979,-0.947076191794626
0.0317230094172059,-0.912897838115145
-0.122118893643233,-0.909538304410547
-0.0663579159747991,-0.92104941596878
-0.00667285135551593,-0.916461886347389
-0.0614774711363564,-0.869830595651316
-0.0479899137812736,-0.872741433935113
0.00595402521037425,-0.834879784151157
0.0696254951526424,-0.837311380674632
-0.240156569111309,-0.827560055902508
-0.0840877338050821,-0.751992386218028
-0.11716201667237,-0.902170011385135
-0.156574883580874,-0.861104436177978
-0.126978173715314,-0.86986733471593
-0.179330377560002,-0.832527688926414
-0.208154678213554,-0.860286444768426
-0.244768655311765,-0.812369211919831
-0.138954953272485,-0.833832675434938
-0.295581753845743,-0.870242805344389
-0.190814639591978,-0.908600826351522
-0.32820546420431,-0.838398729504628
-0.272938603487618,-0.897035639887065
-0.269820509073449,-0.909166646036753
-0.306796113459074,-0.850497242094457
-0.355112855853891,-0.905471243761974
-0.354062753087842,-0.90474867511782
-0.350938963788157,-0.876971850871818
-0.376020376371246,-0.892260771586616
-0.434818817515992,-0.791470316763928
-0.464725168144064,-0.842594808144958
-0.403399708066217,-0.890472181108772
-0.410557860040613,-0.807950647063898
-0.512700608081391,-0.823203592899844
-0.532861915677593,-0.777315472118721
-0.564892635769023,-0.756587529559111
-0.586340282340158,-0.77075804140652
-0.63278391819054,-0.754578726159245
-0.621855613612369,-0.706663819814753
-0.670668624394842,-0.668240162160941
-0.623208828878189,-0.684552637370715
-0.675257685467023,-0.70645609047187
-0.692697699167241,-0.680930558899905
-0.71389668420577,-0.659347149568914
-0.763275802033019,-0.591299884467121
-0.780367402986418,-0.587554918829083
-0.779712423058352,-0.582229519133087
-0.80967547641774,-0.529828494611233
-0.837343886814134,-0.504557367226469
-0.845446390750221,-0.470310490990707
-0.855037542777201,-0.47206931631558
-0.877854181029053,-0.428602611769785
-0.856037463759995,-0.467677589672307
-0.889948778276269,-0.403206414873848
-0.879322656844801,-0.418073586593472
-0.91414305630411,-0.379429867798872
-0.933924707097929,-0.313812381209261
-0.93358543417506,-0.314365353501777
-0.936122820585607,-0.285919204483931
-0.950203424571905,-0.263567163003201
-0.952031900911183,-0.256517068929255
-0.957476177794123,-0.228037173061439
-0.945704063280175,-0.202553646607804
-0.956736395030509,-0.141509771497307
-0.970703365293889,-0.151617939725581
-0.966000558526738,-0.141676325411314
-0.968422817953218,-0.0897946598069042
-0.966387599199111,-0.0974335815960298
-0.955997984943378,-0.110445496015699
-0.96826041889189,-0.0420460728004142
-0.974631287023449,-0.0182063995055878
-0.963268454884838,-0.00652869135966473
-0.978757138044505,-0.0145452791668678
-0.945569407070895,-0.0612035812477696
-0.976901746866581,0.0218830100111328
-0.98002185409302,0.0262498232336972
-0.947527212667898,-0.00139151373308235
-0.975176537467645,-0.00279364058947835
-0.917079487477202,0.0229463228515031
-0.825321801279118,0.0740237436984689
-0.933633063476554,0.0065184416033993
-0.897254385896765,0.0243265494247813
-0.923418103875099,-0.00827407195202475
-0.968712446575022,-0.0310050904033726
-0.91789699097115,0.0174362939843837
-0.972328503397527,-0.0135665273874718
-0.951758327386368,0.0211406582999191
-0.954445562370656,0.0243470929191018
-0.953242078072209,0.0453133915660671
-0.838738098544755,-0.0132300263409511
-0.818128699172886,-0.0898413593039853
-0.878831098622878,-0.0214496977226943
-0.862024463666342,0.0417533205000896
-0.888643074959821,-0.108997178090675
-0.96707706090293,-0.105276679360643
-0.929347284005362,-0.0133109724327056
-0.923367814149661,-0.0729663035281345
-0.874844789444434,-0.149296605149687
-0.93442614793402,-0.103898433745849
-0.970978846355115,-0.15800863220928
-0.890130515703891,-0.214418674044989
-0.898117815912022,-0.262294670957412
-0.794297403451397,-0.345308206489873
-0.831752171061659,-0.359531822599015
-0.698879647097105,-0.383488293991384
-0.769265041766443,-0.439918571984021
-0.781131745082894,-0.423460807404773
-0.62563753075082,-0.545661982585893
-0.669409391847572,-0.571758448783782
-0.468269203345894,-0.531748372982734
-0.575798704510399,-0.68853219200152
-0.42442874352991,-0.612252077594606
-0.364690348939856,-0.57387909289011
-0.36869981789786,-0.653729997579145
-0.198234868492179,-0.762192610416378
-0.232636686435113,-0.638456379359209
-0.104495281892038,-0.731199333270868
-0.209449109126601,-0.67921502175251
-0.157793065263498,-0.709661475891857
-0.0954509254456302,-0.668166859722397
-0.179179345351331,-0.737201960633651
-0.163892703571432,-0.610486683378784
-0.133132699158983,-0.637012940609001
-0.0528513636405688,-0.727216073343907
-0.11345182570407,-0.565347273367666
-0.0921031977128265,-0.379057889388594
-0.0524015455368733,-0.464341021042666
0.0130108064331065,-0.619726412007357
-0.0114612724809939,-0.323098260711215
0.0874058066438266,-0.223637789789338
-0.117957829790143,-0.372107791795579
-0.0816651571103678,-0.374278653540382
0.00050584262697463,-0.192346767635007
0.167994764297832,-0.197920181631867
0.0884261982806702,-0.378415679831858
0.241878857397617,-0.292934620785992
0.162863206638198,-0.326020101128363
0.13394837744768,-0.416592113530768
0.187250480375221,-0.265661993623476
0.0855786507279292,-0.203811224770604
0.213678306393336,-0.246753105970422
0.281698834058407,-0.247728261293068
0.32457966368496,-0.276107652634162
0.2209196527444,-0.0615972270492635
0.276132649115603,-0.283229088142232
0.35559024978136,-0.283970063278934
0.21215892979566,-0.155867922815339
0.34371032236939,-0.141546082791247
0.24525319357812,-0.299350436014348
0.245085980282257,-0.186205566452749
0.477123569130214,-0.271875651349607
0.271527576489728,-0.0268016386880482
0.0532047893329902,-0.114586875954649
0.330795401084012,-0.0939920113017372
0.153037361775494,-0.0887463216697891
0.295661910679012,-0.0684266356621961
0.423757577872752,-0.0443530732756804
0.246088762271565,-0.00117143245948511
0.381430015695271,0.129781151414173
0.68391815780011,-0.0305537845859168
0.261370072490356,0.124695444455965
0.384584345199304,-0.167631310452102
0.352163568089496,0.0864799045755337
0.393387631855877,0.104452652031342
0.237409409619478,0.183323700214928
0.476483048966993,0.335636662766311
0.364286786950025,0.22545232853415
0.614313474624916,0.202810445614734
0.494755312544101,0.398595014219058
0.743430531096728,0.426719177567835
0.600768028083781,0.435148005245255
0.659293195224417,0.469706371224583
0.556861590803443,0.298575307640479
0.527843766654258,0.419504925850982
0.590576597967244,0.278025469013141
0.753172801753414,0.343430296670364
0.731835664215718,0.410883420931175
0.762101633603276,0.308581442184083
0.682605700400247,0.506620747358572
0.791461440267811,0.426169227049528
0.789389532430631,0.37616577159785
0.891882328751389,0.299730802775091
0.720814386871218,0.390867854520111
0.857962880458582,0.427854460209982
0.889477215096411,0.394739304409352
0.870177092603617,0.268432527896997
0.758176211848805,0.478267445138684
0.898638548051874,0.329718725658883
0.852424844788309,0.287313310210227
0.895641798844683,0.334931807576644
0.843343608442316,0.366939132411927
0.889546378386593,0.310102450203465
0.897713543104314,0.377470562189361
0.926896786896115,0.188974188157449
0.865896482776623,0.294455919132721
0.889345326517084,0.320646371836629
0.864106320248062,0.251481855724856
0.881170571254733,0.200135555484649
0.939962309946507,0.263998752360979
0.824698113605275,0.075228421875637
0.966046358357502,0.155509128309984
0.924019250252493,0.142966856595902
0.853750923572422,0.129966317491128
0.912395607002848,0.171166225926324
0.968288362331471,0.12965972986418
0.970899538244372,0.124984215400933
0.915791700771481,0.159049102027965
0.927148848235601,0.176695223483086
0.863662668710301,0.0745338665462778
0.815263754665775,0.287014040277106
0.808356867678467,0.117714999311325
0.854916327456977,0.0776902956212377
0.930590829543512,0.123600557740256
0.924753761126484,-0.0646387260962298
0.826127007559724,0.0327193519999823
0.907596458184487,0.0950223659360693
0.825894124479431,0.0808991409577445
0.873678589697554,0.096200808050729
0.921826146951487,0.204968239150804
0.81376688012102,0.118271274571977
0.823765498145876,0.203295582188169
0.808638919866216,0.216403077877889
0.941332824942229,0.210839135725018
0.8474334083904,0.310350147506892
0.838478909771683,0.32080195146392
0.83061084886688,0.204475459365343
0.81024234416087,0.203717696911846
0.640964320040934,0.251525347000651
0.821965343100902,0.280902458982661
0.833098897637882,0.30776846685702
0.880126871316592,0.372776719514648
0.926043528112903,0.333779064154868
0.858549863027761,0.291212575135185
0.88118591143962,0.29764187194905
0.851542471954376,0.278525611746375
0.85714395948748,0.360592483175457
0.864025510632589,0.376415098973207
0.918357563699368,0.361778283332853
0.901794401812181,0.389635595766845
0.846750853588614,0.352588681924301
0.854736460640964,0.450988231914722
0.883597653966051,0.398690625435765
0.8661595153773,0.469349253282537
0.84642996230755,0.51211096980792
0.814866025507372,0.558762483481491
0.827185336211469,0.54348019818237
0.769052228719533,0.62744245513316
0.77798994514282,0.607607671146878
0.786154777096944,0.604581309420722
0.761984507447921,0.625775333456797
0.751175217262806,0.642386714991855
0.721951872591658,0.675140765326301
0.731557155972777,0.672578569054346
0.715691759049652,0.672269797647814
0.734294534608052,0.668690562558417
0.719887975465288,0.618448740651775
0.736997190946641,0.665330850485967
0.764109284896314,0.615308146174029
0.695645077409076,0.649317069458536
0.766164263622838,0.616216352289285
0.705405345180989,0.658613245227798
0.741041816758753,0.6224190136562
0.759730366224276,0.619926135842215
0.761440541941066,0.609200310176185
0.770570623500645,0.598756192878029
0.794768510764845,0.582668773740048
0.792164078445751,0.572690804508476
0.769150792379712,0.596995907310965
0.783744885945333,0.597953321714858
0.6659577476527,0.527008782022922
0.754417867191599,0.570435140123992
0.727811086013227,0.567167794579702
0.833262241606667,0.53259394915527
0.810518768694961,0.565314228229786
0.83447796124806,0.532077719009772
0.748255565015406,0.537221956243583
0.758000807668985,0.512865920757241
0.710590490464726,0.589204585326692
0.763191243800175,0.621779285698568
0.740215391149136,0.646907742200082
0.727854104743024,0.646356173584116
0.68416611747167,0.68630553195334
0.659526183883608,0.713580467518561
0.601395702335646,0.770457297009653
0.593985786111565,0.774964468878691
0.545597404065728,0.811775101420299
0.528174849362391,0.823630439184915
0.511572591849825,0.846001508906142
0.459136815359107,0.871458695532169
0.488662320485143,0.848047689909116
0.385767684501528,0.853073872660618
0.358681107496269,0.783472599803285
0.361890778915322,0.826554501242655
0.373869648810122,0.900897620378502
0.385174915537539,0.903525894715791
0.353465465822554,0.905792071581637
0.356103855973865,0.85275227483221
0.319751413773158,0.917878569999139
0.262692730021066,0.935040811574672
0.301136632484064,0.927974082904652
0.310277307397263,0.929458518801035
0.226635280584535,0.927505315108605
0.250136617647217,0.908630168111238
0.237009875450239,0.874491600519767
0.19329778702451,0.961219155340096
0.184972688409325,0.97178374255656
0.163147791264006,0.935043784511627
0.153562150851666,0.973598524786153
0.0779244391191266,0.98014389194513
0.105883498424411,0.910842599462271
0.0973567737198994,0.910881274825167
0.05401888525324,0.918333900268713
-0.0443791139401099,0.895115921870345
0.0585469071601208,0.931101411860116
0.0501044253249332,0.920910529427886
0.0388857726365377,0.96571554191001
0.0200894760877748,0.898841831759594
0.0875514760500748,0.938382192009022
0.0516469587046977,0.981756509233679
-0.0240848465579231,0.975773626635587
-0.0294408596929059,0.949610798294707
-0.0547041278360271,0.922416066741774
-0.0394076525983319,0.982840781557424
-0.083910332174556,0.974043584902308
-0.0802212678440075,0.909188538153492
-0.188517363922842,0.970313753824929
-0.123375443299606,0.969042595771228
-0.144193736801443,0.975184856191793
-0.193660163020745,0.968276398314764
-0.178197113297095,0.966451735805836
-0.19794399438222,0.971736483102838
-0.257738859615854,0.952670813802452
-0.276489957818216,0.942429450569441
-0.253422736088881,0.951215169729604
-0.302580044859636,0.933015404843936
-0.348932576218323,0.919156452265173
-0.352383211632391,0.924742601648513
-0.355779970611974,0.913500453887672
-0.377722145845909,0.905411410556024
-0.390382404539073,0.906285880781295
-0.435301878863024,0.878808263697302
-0.418288371999616,0.898178807001707
-0.47238483784294,0.873039711616276
-0.458186099704954,0.87712037808338
-0.467912995781287,0.875856206724842
-0.474504185843127,0.871429614543442
-0.472582770318887,0.874813621355877
-0.505061991917943,0.850869646251157
-0.494192382705909,0.853732778127227
-0.468244175847446,0.860322262036794
-0.487207103886913,0.859699956183459
-0.474686365253305,0.860894577722367
-0.427734250053635,0.890371441740015
-0.480785225595939,0.861802572534559
-0.47334093801803,0.869080682237259
-0.452683506422807,0.874272667673916
-0.435933913196639,0.879316936583799
-0.430010552509095,0.889118461905451
-0.443718849160184,0.883652626544594
-0.468827597030896,0.866365208415415
-0.439288453759469,0.877104032085499
-0.425694421690695,0.875058922855271
-0.481246569935738,0.838515764662652
-0.508198334592884,0.827093168286741
-0.535275348958841,0.814690374219374
-0.565709060633293,0.790023800174694
-0.604441479705579,0.73407642701501
-0.553142233913224,0.772398713997091
-0.639414660397034,0.709075019476162
-0.637193206565062,0.705479848961935
-0.656564540686291,0.685841402726543
-0.7187112791014,0.577640107210305
-0.735021122655144,0.497791199677824
-0.632242718257799,0.479241148090315
-0.609245018600408,0.403146658836754
-0.591972684272203,0.406127655840643
-0.639594273467946,0.463200344913858
-0.743429770565177,0.438174235886074
-0.602981992392429,0.495096359709777
-0.758356814667544,0.498406000955214
-0.731270139450332,0.358322958495299
-0.664077274081772,0.442652794287514
-0.750592895671387,0.373150333823097
-0.665089392887914,0.383547143616838
-0.664672967737551,0.30920397174407
-0.659188050148527,0.383404405248355
-0.799245803353877,0.463464295808798
-0.691979358961471,0.372040908465887
-0.714793335461566,0.353201314016586
-0.713032309035001,0.459529946232419
-0.800826160912757,0.357148665250107
-0.723152045919343,0.428242954703137
-0.781559680225162,0.404713560466442
-0.78975715979963,0.417977247065857
-0.860772754790104,0.380498730358109
-0.719897292429407,0.402579190230318
-0.749801469554914,0.376632711318491
-0.68072772602237,0.280303821686411
-0.771580545872136,0.334748970502305
-0.721789898536488,0.280491626883002
-0.772151339118767,0.324001382403555
-0.73694078807814,0.243156809743257
-0.788196301921962,0.293108777008561
-0.694531072428879,0.40034167044639
-0.610529746723747,0.208185367649428
-0.614589461942359,0.272767006669906
-0.607090140947243,0.246084764349027
-0.704386263499579,0.322962379271362
-0.613972512419278,0.277680899775117
-0.62804860248723,0.359922932421891
-0.733080375389609,0.463872028694106
-0.595879311470663,0.45068946135898
-0.668963863575161,0.421346556437302
-0.691007618809647,0.493303253864662
-0.648165038729878,0.459945465011288
-0.496400961833852,0.544593128511412
-0.586443376142351,0.594236763769194
-0.654727774839159,0.56325067898112
-0.624238248796512,0.683647312521662
-0.533639231473808,0.638711930597606
-0.543178217352177,0.696156333555864
-0.567470379869851,0.635574557262517
-0.572897471631816,0.765856363751282
-0.606689504734236,0.699999703183942
-0.602495541147881,0.685500218408291
-0.556855102046498,0.756507183920409
-0.614246908058691,0.741784544053944
-0.6270848261721,0.716711213030506
-0.606478461306265,0.73373888009593
-0.624210910111454,0.720061170822586
-0.60080815520789,0.732042368631616
-0.651830372543757,0.683635385881216
-0.65110529999125,0.674118840820828
-0.627496125483312,0.667989427228479
-0.660365623640695,0.655935396314648
-0.664221439801014,0.654478723259085
-0.653218618253456,0.66238390355317
-0.580831743435518,0.54661187719089
-0.694529599282206,0.542453977520646
-0.71011722671297,0.537110879852136
-0.736181499783071,0.479953328599325
-0.732716002358233,0.454056016543116
-0.780782464217267,0.385961644899335
-0.757932929215336,0.346421031293205
-0.763879860625781,0.347073247190491
-0.766819237710409,0.29451684890602
-0.766689776062692,0.201083170186439
-0.76767270981371,0.247821482862662
-0.791935258969154,0.169594519725817
-0.771414430390537,0.0563249696745242
-0.739935952906574,0.00296079840008269
-0.766618221966756,-0.136293951435111
-0.735209371564021,-0.163634210264661
-0.678488500560552,-0.241375992131272
-0.614495347683216,-0.292653233090569
-0.591139733217188,-0.270379564453656
-0.690584600660013,-0.232472098161559
-0.646865436873895,-0.284920431823961
-0.670087169291803,-0.403260785748121
-0.63920166697957,-0.332922388228189
-0.677231335138971,-0.446474772181622
-0.644810387751621,-0.402243966149782
-0.673644354210969,-0.438537328982933
-0.630284507777739,-0.500077886474561
-0.634318966353949,-0.437620171745224
-0.626433695536777,-0.472815778339711
-0.625872130606635,-0.483237778670835
-0.620089793657092,-0.563836040069209
-0.601813942771909,-0.504191520209889
-0.608530697810491,-0.601151916427468
-0.519965768864065,-0.638531626903683
-0.398702049896041,-0.591378262979095
-0.517272273092332,-0.593333662949416
-0.387791809739564,-0.665080388095446
-0.31347606311543,-0.609700921170273
-0.148869573647133,-0.632542285029952
-0.112835256941195,-0.683015678299941
0.0106513292187254,-0.625738990213798
0.0668512711601663,-0.74074002816507
0.0711422372852507,-0.667942673038791
0.170335091756526,-0.670245949046381
0.25651210162954,-0.650643224733388
0.232580466936758,-0.655659358206762
0.274897480493398,-0.64543660923798
0.412054210272295,-0.559948688211207
0.251890305838454,-0.615305883707902
0.452363051756728,-0.557032657807294
0.486671269091501,-0.524020576030082
0.421418724917269,-0.640664476073732
0.491017488291511,-0.563314118236662
0.477507302237882,-0.63238722928749
0.516969948985896,-0.544945113197305
0.370268860983357,-0.62212265156277
0.438071467970779,-0.594288479349907
0.571852774926012,-0.673029399883221
0.487960273416182,-0.517489754343595
0.433079219523305,-0.496403651663854
0.614985290227732,-0.369287531043526
0.474498765565165,-0.617783292405269
0.65483396815491,-0.372286792454494
0.61985828947081,-0.413957530279561
0.624738882432418,-0.524264557257027
0.631438539067157,-0.269383138856658
0.655407197819268,-0.379552223194401
0.702154028862882,-0.34211578733817
0.668785474098949,-0.372815046349469
0.778413447847787,-0.350363356154738
0.507755501314327,-0.450584881464899
0.495211306548368,-0.45676122467667
0.645229816833237,-0.407376069888313
0.622345855235882,-0.369658498888847
0.615547943091182,-0.348451105723121
0.687753580552379,-0.353651647905741
0.578344473522253,-0.473793361355489
0.595413043242059,-0.38797842166068
0.526040948188378,-0.47788607470806
0.622443421271104,-0.534117804236589
0.569997980120991,-0.550322206883313
0.55713132863662,-0.609654336959848
0.579198046511588,-0.57251698207798
0.462804528296282,-0.646415460160234
0.595300521842748,-0.57171321062819
0.560081907456827,-0.685255399616212
0.509538616657604,-0.654010128663982
0.425081871042237,-0.711786168130638
0.45407286966297,-0.711183928838044
0.45583421252089,-0.702081754742859
0.428734412443345,-0.712084919852994
0.371643556027229,-0.749194818478811
0.435832466780178,-0.714790562499463
0.327756580959761,-0.771199565270558
0.350416586241021,-0.801724297547069
0.31752180671528,-0.819111289471479
0.234713172178686,-0.830893770578603
0.36448573795391,-0.832145110736331
0.242434697289831,-0.852117821239075
0.271431421129883,-0.901409508343014
0.20472910166563,-0.919475503739099
0.337782592726296,-0.85427973352347
0.150422578173352,-0.949660013146367
0.222324053867885,-0.934162701745549
0.19093250872734,-0.954173931139173
0.26784392671646,-0.948977934523406
0.217474656850701,-0.948114700552643
0.232113709533404,-0.959961002968437
0.214379551791878,-0.947690958207735
0.241736653496215,-0.956351405862614
0.13886611525741,-0.936111520125368
0.169722825963004,-0.932036129738125
0.229898492200107,-0.935853013147392
0.12594808974387,-0.973743845257013
0.163749291073093,-0.974372509463098
0.146611250030556,-0.975539341431041
0.097832197477137,-0.985897536787842
0.147563060182561,-0.974872295486985
0.16714672451508,-0.969185504732982
0.204523639715717,-0.969029577540606
0.169949994800551,-0.974247866681763
0.135363235531044,-0.978361892712022
0.155744550912889,-0.971722878623503
0.213823272198983,-0.953418572715058
0.171893069026843,-0.962290116399065
0.143517474331167,-0.970532383798928
0.176948772903531,-0.966548873203131
0.192903119684712,-0.961784185721153
0.193978492128081,-0.922209416584306
0.232115227057476,-0.955559588431958
0.177395390970939,-0.968213694989273
0.24838835587469,-0.952362524953046
0.183658079707822,-0.972343014011535
0.258030833602464,-0.928972807777021
0.22474643069775,-0.965805216941268
0.220190828749391,-0.962719144125959
0.245948023792331,-0.962238761080953
0.252445115996721,-0.957876936388972
0.273712139971563,-0.913267340543392
0.238211359016799,-0.881579940412087
0.263760728026704,-0.85404560868356
0.33420343835287,-0.913070262500751
0.298423401763546,-0.927878176276138
0.334705509288487,-0.920258528177681
0.363358382386009,-0.899125360713406
0.360131283459109,-0.888151528138712
0.334894472056737,-0.893733768547884
0.37102933101698,-0.884504455085313
0.338574808300665,-0.901327008278194
0.358431886870322,-0.897241200851333
0.379901852852983,-0.894285116583823
0.350810110682436,-0.831950896964443
0.361926946354486,-0.902662205491664
0.325242820435638,-0.924219250896089
0.37896824953692,-0.905220789000635
0.308488043396378,-0.927018297602509
0.349753434344223,-0.912385894365798
0.311635678414674,-0.921578332265643
0.30436761809166,-0.90860840465151
0.27238077877623,-0.925683748783257
0.262758535820145,-0.932235874327079
0.24931831955925,-0.93048706357389
0.193943833359855,-0.936951081998501
0.190432809201827,-0.911872358642022
0.166037784894264,-0.872400024543736
0.144772418060818,-0.916872443901154
0.111135056514923,-0.919312996239778
0.0857076170872289,-0.905360416455798
0.00662013260262635,-0.911666996026734
-0.0415289444773669,-0.906107484743871
-0.143454271231825,-0.872000775366179
-0.155664879144018,-0.866807659783255
-0.197424660598902,-0.850355258583331
-0.279239843141331,-0.83028618172094
-0.266927070180303,-0.820665231171395
-0.342115428741654,-0.777890380760115
-0.365846653335086,-0.764428999406438
-0.402303593945314,-0.771247366973938
-0.407527960507544,-0.753780790065464
-0.441125816588939,-0.749059095854255
-0.419343639545213,-0.739385436365754
-0.487094235677795,-0.717158253507676
-0.476303225653833,-0.709775075344627
-0.511507965124347,-0.712704922824533
-0.600896342914773,-0.68860297355852
-0.620188780831376,-0.674263523665873
-0.622937216504007,-0.679276355103383
-0.658255886651576,-0.639758160405604
-0.619162200543982,-0.674068339533362
-0.692202305796727,-0.634711349373851
-0.729928971233884,-0.59260063431421
-0.679171833865968,-0.628935988437268
-0.698569467538972,-0.648181808045449
-0.639662706294852,-0.704986262674556
-0.666192824413114,-0.686836199695361
-0.646039576029981,-0.712184558736831
-0.669191992525605,-0.708660654986642
-0.648897630818124,-0.715938312601423
-0.661764236224874,-0.716374399459745
-0.656216370446057,-0.718012114797607
-0.720908846237702,-0.605675910425198
-0.715158691778124,-0.627859286225112
-0.67028361737129,-0.608595214698439
-0.714073955698386,-0.612545761941894
-0.705452050082068,-0.594961853924131
-0.749285681362014,-0.611134846246029
-0.777039852167705,-0.565220356615875
-0.752856830435003,-0.579812518382041
-0.795969529789625,-0.529785431783557
-0.743840346219729,-0.485415740984119
-0.747621581559273,-0.476320640669629
-0.738322561178962,-0.474135006362832
-0.698190204911993,-0.450159796634003
-0.658708778962575,-0.435955957213817
-0.696491470286953,-0.488362194467054
-0.743542797152277,-0.504635061191886
-0.703012767331398,-0.530872944437857
-0.705593691582529,-0.56358786326016
-0.768100693829324,-0.510353093243613
-0.658495858058261,-0.585652334226118
-0.63098027826663,-0.58628882855356
-0.733199461842542,-0.556793545248713
-0.756925673362072,-0.508539163240971
-0.695481200056219,-0.526415191570394
-0.780349174765669,-0.499491417087703
-0.739836702724485,-0.518074668840966
-0.740484081068187,-0.493232581556977
-0.770009754862366,-0.544759360917115
-0.740341711316179,-0.593963573951042
-0.72514918615012,-0.598095641909736
-0.729878172726057,-0.612834710592307
-0.727359137610116,-0.628343246659745
-0.646841304940711,-0.634138051591342
-0.638008305629942,-0.654823905076694
-0.637171773478765,-0.62259974596069
-0.602252177761395,-0.692250040741443
-0.629166414481583,-0.634000763842499
-0.635376622723888,-0.584823207687294
-0.562138249618058,-0.539941674040026
-0.526295221967544,-0.543046068064155
-0.518803930448448,-0.659744040395813
-0.573795954816871,-0.679642390184924
-0.510665116663058,-0.532853124512067
-0.505504650553336,-0.486410646628832
-0.556956477643852,-0.707729237495619
-0.5022602188095,-0.554695778565922
-0.657833086371564,-0.571184256013248
-0.619804621720289,-0.421132101141526
-0.627704073415891,-0.477923003699805
-0.580107079549392,-0.45377924837372
-0.596445771478714,-0.547763763112498
-0.436466545930793,-0.500784285632135
-0.669661424935639,-0.441435687565096
-0.51382441314046,-0.379127747501984
-0.586622089924837,-0.362212148290948
-0.543320619654944,-0.2517691314601
-0.403405251013786,-0.334238362202575
-0.558820536404182,-0.207124016630785
-0.692194991860821,-0.127413090119145
-0.642477486394604,0.00142487673782081
-0.637309894248895,-0.204463079124015
-0.602545706294229,-0.0259618455138379
-0.698385756554873,0.167579096887064
-0.697544717236276,-0.00543841118257552
-0.730231232624321,-0.11304416794409
-0.825259159428066,-0.00729713814687956
-0.862056670339675,0.0727154696363534
-0.892994217527871,0.0324758276729953
-0.688009173885571,-0.00373109904697695
-0.716877332456906,0.0800815959558101
-0.814293995843837,0.097038064727209
-0.872868542130204,0.215207983925653
-0.895917821362832,0.18091504391461
-0.881066563405126,0.233016779558013
-0.864856741073138,0.281260766684759
-0.859014015881523,0.326795465783912
-0.821393719679033,0.350369786000686
-0.827517136154614,0.371699562049854
-0.807702094673841,0.405467871920148
-0.793684140723474,0.431007560880587
-0.771606358399876,0.423989756736322
-0.789378529303464,0.482795431988383
-0.775729737936855,0.483948972714644
-0.750209822342026,0.504092101312866
-0.73093012550802,0.500957334301514
-0.574415755688029,0.41959481292568
-0.6945461276544,0.496608187124519
-0.746545686517359,0.555496036081318
-0.706281529677817,0.588442313126294
-0.718269295141103,0.612259014107672
-0.68637676051407,0.605158526239878
-0.719973391276679,0.603131373027589
-0.722044200124392,0.62574009152013
-0.701375528224742,0.642964169588699
-0.696733940532465,0.639771093897407
-0.67885654386844,0.676439058180076
-0.646456396780334,0.717248557371961
-0.649402454870463,0.724079272873435
-0.631288280612159,0.733037627379227
-0.616883453831517,0.757943720316373
-0.612962911850355,0.747760571688129
-0.58904751654343,0.774206626594281
-0.585748188766173,0.787283486174042
-0.58998389945707,0.767191385899816
-0.591473891322041,0.784962500069214
-0.607286008920533,0.773429669378781
-0.576441599207629,0.798981691180243
-0.578737784504352,0.795496471280046
-0.608592660372205,0.759982632202209
-0.595926837352511,0.7447611367991
-0.603639796065797,0.738491954188381
-0.63972907716618,0.749586940278278
-0.678196897688735,0.71820998220844
-0.707639667225644,0.67778311765783
-0.712506068748974,0.691584418396023
-0.749091293859041,0.65073542553707
-0.739902155116521,0.660684487880764
-0.764040779564676,0.62328642392302
-0.748406415126598,0.630973421844315
-0.792338885083416,0.590548647767667
-0.78593043445323,0.594904893581088
-0.790510173729878,0.595802111985214
-0.825447507707374,0.50650782659829
-0.787985090927662,0.518839630181923
-0.766773125447165,0.470520349218702
-0.845884604428336,0.454220474394861
-0.798703871188694,0.466126273406666
-0.803433424328359,0.478269765629832
-0.85097835540048,0.409040792890824
-0.841690901333334,0.420985934804317
-0.849734167212821,0.415007781162511
-0.852716197372803,0.406018678099502
-0.895217111278278,0.392717574944567
-0.891350251552346,0.393225222340161
-0.915382876014044,0.344671391361823
-0.919817846921037,0.322093087769326
-0.917190008076647,0.314507439676909
-0.925417514603628,0.247858991253984
-0.900115266931092,0.289182208171712
-0.937413560500597,0.237286964901342
-0.865315194148612,0.232392965676635
-0.924575822190808,0.230981080277808
-0.877099711696863,0.214143157626718
-0.915600998101915,0.182046932267064
-0.880279107717964,0.206418620043527
-0.837505398687255,0.207495417859325
-0.840783572956051,0.234277162524869
-0.772905576027862,0.224138519587162
-0.755563901504908,0.303114458694128
-0.741911902697303,0.297601385473381
-0.719146086721583,0.37186429245794
-0.668441879407336,0.384979228178799
-0.587110020712464,0.400014949151999
-0.542993838574547,0.404476241884809
-0.458820808855523,0.446540741010911
-0.459080461894658,0.43250837428285
-0.435025688073652,0.502098389817122
-0.400789268872494,0.551804993071448
-0.343784103865883,0.617021301488445
-0.397715853903379,0.615423035121764
-0.231276725038223,0.622174344224956
-0.316185787288628,0.538925105782053
-0.216268733634902,0.64581819244943
-0.139461137471158,0.732379224470986
-0.199316701467364,0.652808835458082
-0.175615392747472,0.688963973787106
-0.144178913586404,0.619864329823391
-0.0612637445400587,0.645069374066649
0.0325341608857196,0.666308698588221
-0.058179569962234,0.733975723420709
0.10264081630885,0.705157939686487
0.0772321574350978,0.669433848405966
0.223224431111263,0.666119981882168
0.190806494956323,0.660173273605689
0.17320149322613,0.740626057401082
0.270226102524669,0.68770032855557
0.233570865176705,0.692256156140581
0.188885205379774,0.722417393132048
0.178937383299405,0.657866038598842
0.226069964180283,0.705042920809239
0.0623852747573824,0.716642860783014
0.110644044834905,0.688840577003743
0.0716835245236057,0.585331034308398
0.146450737654634,0.704099807846153
-0.00256163843105705,0.715516022421665
0.0299311514150076,0.748768305689418
0.0584048182259075,0.708572502496919
-0.129242752747941,0.77692003572006
-0.0802763420389061,0.712310146899453
-0.185348310776956,0.648018965284028
-0.24750611838628,0.839872219780917
-0.131161368531942,0.667080894071632
-0.355066324704144,0.779617942154457
-0.357094393564519,0.76440713680854
-0.380150957322935,0.711710592149199
-0.50365217305913,0.731697534038059
-0.334288091960316,0.762913672463053
-0.505501360336942,0.719240317246816
-0.491226069110442,0.711810520353157
-0.452115434839485,0.804775715593477
-0.470271105434292,0.811966551348265
-0.530308393293631,0.731292132370244
-0.360158570736548,0.833767942882891
-0.450175063610458,0.75385761136997
-0.478849942385721,0.821265526991544
-0.453614098634812,0.780144655416468
-0.402214501270664,0.757990077370307
-0.48014867796461,0.690711961023393
-0.459651294324993,0.683876765887228
-0.433598351259748,0.705323586848723
-0.509675165507975,0.705453575556544
-0.366605494328308,0.659148457741127
-0.388017011396796,0.596895702485756
-0.272254041069205,0.668938296895822
-0.39115916095488,0.426520529199049
-0.430136971947597,0.605936021227386
-0.301794856049261,0.571576903153911
-0.375448367753301,0.459254421476314
-0.323183722945176,0.329441721412238
-0.280296000063329,0.430760690336427
-0.425879339540472,0.338334010044632
-0.480400775698466,0.287839435491919
-0.145668788181898,0.320608731123289
-0.485803504762598,0.1383515711196
-0.256360693418173,0.0929146735189574
-0.408710754039746,0.0448204142414726
-0.115842002251229,0.120955652149612
-0.277157541642982,0.0181484653871718
-0.0895539266016692,0.0209292866330194
-0.239996748185888,-0.0738850073819752
-0.177716344134868,-0.154135540125595
-0.0711831201190687,-0.20589174735141
-0.0825770758868654,-0.226998500418592
-0.125146670035351,-0.220107582967663
0.0177465759148379,-0.102035828671882
0.0247621722729722,-0.137124768534227
0.0735698678947103,-0.0377029915455458
0.112751229737948,-0.18633562757266
0.107674017147342,-0.179900912589021
0.204612684493874,-0.0980290995041962
0.205979541715094,-0.262329423198115
0.29780254565524,-0.235169770936679
0.326983840395143,-0.226568375848867
0.335681063415217,-0.362425334823971
0.460043877725386,-0.251820393795426
0.470179597807122,-0.255310557452897
0.548933464659993,-0.275465068542588
0.592348996338772,-0.251012540076844
0.61382428664874,-0.169637396522075
0.568805793098369,-0.134148636752656
0.546126606894043,-0.139127723419697
0.667151599480303,-0.123212626185968
0.616138112347526,-0.161267169119369
0.666250356405882,-0.0861142768635322
0.677213737573455,-0.0871069077330151
0.70530960188441,-0.0725118510840146
0.693878635279941,-0.0419931821696278
0.703765641947832,-0.0224590147656251
0.714845965847089,0.0461379123449044
0.676059721829963,0.0450407710924443
0.695327773147831,0.0925053081305582
0.656461479233893,0.15741526928395
0.667600551432164,0.148178008225195
0.660405782692708,0.150529517230977
0.656236753511046,0.180601757434885
0.663746981920412,0.21850488158955
0.666873390149228,0.255641211220718
0.656136476990879,0.21722500045168
0.634624028335687,0.267995506420186
0.711368287892725,0.25607724910151
0.640037858363199,0.252778395359502
0.680965294550565,0.200020848973799
0.73926777945556,0.251524321661812
0.689448805172837,0.214153982165345
0.684482529230922,0.251992349771506
0.781068282380706,0.23813542055561
0.633724063353309,0.262307141518899
0.76479639934602,0.246176936834536
0.739491523378913,0.234510895725526
0.758788656503182,0.279762268966629
0.640641874161042,0.309289891897526
0.623950706311397,0.328469260498715
0.55632985304609,0.283590512686486
0.638695571678809,0.446494493938532
0.630344075789263,0.440922515472649
0.615815662716889,0.421602028101711
0.461365664639818,0.459145974998801
0.557417291967124,0.483624274820251
0.594785149074038,0.455766813385654
0.39203473555215,0.432428628232527
0.532444701461898,0.456973293627643
0.474022197501179,0.423903988530961
0.497222812293098,0.497721502938328
0.447962345632704,0.471153791040324
0.501221155716806,0.48319612894183
0.487379589064577,0.455399339956757
0.379656934884143,0.529279013994637
0.488066585459928,0.433159158125868
0.503464445513908,0.394217884278433
0.488946777050562,0.641928079587588
0.38863804990255,0.519724040905471
0.506981461847468,0.417730713332009
0.375418167776641,0.609157765307812
0.430529629154375,0.656091668619855
0.465202083904902,0.460069756418719
0.530603780728065,0.525235590435927
0.511585295997592,0.32665152510926
0.325693548566408,0.51666623794627
0.391372458910883,0.568142742426069
0.3643766866541,0.350205446412102
0.283597379941264,0.513810663435724
0.44746840067347,0.498795839160118
0.229980782189345,0.554261980096215
0.16258199083988,0.457722338772041
0.0917333549664143,0.579348388715486
0.205890350787045,0.352777732621229
0.193291881804118,0.568967776925165
0.092694212778157,0.626462913552165
0.0856167959923544,0.58570899459818
0.113274212047741,0.629760064863646
0.114355306402344,0.664307228828138
0.00896188495740395,0.640314751609367
0.0310362203756029,0.710985913974872
-0.0786809980133188,0.659953880879253
-0.134206005021363,0.70158293113677
-0.101848631141056,0.704500948452093
-0.0388425025069045,0.70667565321502
-0.0387240640481291,0.774416413354106
0.0376344802166851,0.682795019582613
-0.0377909887216909,0.774131150413708
0.0577118107392586,0.770412848454853
0.0430066896242932,0.718350573890769
-0.0244913198404091,0.727342445179166
0.0915917891431224,0.642545249422674
-0.040879112802099,0.688392334918153
0.0677603990868232,0.76290502153504
0.0251933894676431,0.844195551961288
0.029081641180269,0.818225526043044
-0.1182702739395,0.788930980694626
-0.0582277520983581,0.83034345173694
-0.0936648829698831,0.782004941533573
-0.133759578621205,0.747663510968709
-0.120386686760979,0.867288861960938
-0.0986194879245391,0.825853466377338
-0.218473857461568,0.888197228340292
-0.14478576360693,0.775612936824831
-0.290213886561311,0.865683212986045
-0.178869898557528,0.842745026992066
-0.294549453930936,0.876014040589339
-0.274995577896846,0.824522695363681
-0.266994696565356,0.838859664669215
-0.357119415884597,0.878495878739102
-0.33761902824839,0.85121616132401
-0.2964282815364,0.861986156954004
-0.398062356305853,0.835849957218912
-0.357772198197326,0.894502685817076
-0.409256542833757,0.80951337287126
-0.47240426506812,0.844853346629527
-0.471092772260052,0.808899793398887
-0.358581108184696,0.822579867532103
-0.465616572231188,0.845416072616141
-0.419067409312112,0.845551395521716
-0.342907207500218,0.866953251245006
-0.427007859701458,0.860246812571536
-0.393807591619045,0.819675379926711
-0.377456006700127,0.868420306888364
-0.443354949308518,0.854315959150459
-0.458478620428323,0.848088544523346
-0.350145819369973,0.864435562505454
-0.378129925456346,0.894514842014863
-0.406770388913416,0.791926502985084
-0.330506131483481,0.854974205182659
-0.317607851242901,0.883421483376835
-0.382566271420129,0.892823191781239
-0.366441692020593,0.901212599238971
-0.42141056439815,0.868971234682785
-0.358324373727746,0.853510939944323
-0.384657184739108,0.843413370632278
-0.407824326555916,0.79382591370693
-0.376220520537409,0.803010035640749
-0.37900952838901,0.784501873290601
-0.361985190873503,0.860344017451118
-0.446517130741983,0.832997561137685
-0.332970080735751,0.843042295008408
-0.293790301820034,0.846933595625648
-0.290149805490858,0.8682390373614
-0.324649022262973,0.859358699259997
-0.214230593356244,0.899834877581242
-0.243636743487581,0.864894630650594
-0.154841792252763,0.90049081742153
-0.0771328413210642,0.857095723961026
-0.0889601269668333,0.899645059325423
-0.0751331747467861,0.818617146048266
-0.0163976631102436,0.831781220800672
0.00662172884325725,0.769065164222465
0.0553698644631395,0.823336289939397
-0.0296177459051733,0.864147611462253
0.0320880376614396,0.797743561076961
-0.0481735053820741,0.856048916244093
-0.00738081042899702,0.777696738602853
0.162017449624484,0.831016557160066
0.120616968012542,0.812241909882593
0.113669532592963,0.761116123211416
0.15730137800325,0.873718060136446
0.156417305847166,0.844592266869488
0.210881494347786,0.665901169902823
0.259473990198369,0.854097463310767
0.221556366087123,0.736617543627432
0.279790689604513,0.799595598106273
0.354698463150924,0.734710264953409
0.248360757638134,0.733087379330848
0.393125184977781,0.713889366551091
0.364777342169718,0.733801590226358
0.377206866103847,0.770927209585892
0.385466870550609,0.655731742570873
0.401633151335803,0.54755399398883
0.391047923600059,0.676864565786868
0.412416735242319,0.635747634185846
0.506999484547477,0.602028918192431
0.455329625224344,0.621505556953489
0.44793452085474,0.540649595798616
0.54615593950884,0.547815578521878
0.610866042261841,0.570164506149965
0.695617855105523,0.499076836291496
0.684577419795172,0.374310127678906
0.799217975245775,0.438620852434377
0.713105716427951,0.389356687550968
0.683080464662991,0.366966955940989
0.657423489996379,0.307426197100896
0.70651729373256,0.351542309183855
0.835190282923831,0.240483220418709
0.882839283539231,0.235747092197678
0.845949527546887,0.150886139891511
0.856736146602874,0.121783855888349
0.831921559944449,0.0960042519756
0.952333097894275,0.0188940045048695
0.887417842520222,-0.0230870412616946
0.906217938572328,-0.129878722097884
0.811129632710261,-0.122770345371845
0.894595211112956,-0.0427412562796616
0.850813805105413,-0.161570672960855
0.856890412570372,-0.234053111359573
0.831021616177583,-0.205275327520049
0.889092173843562,-0.265557473384019
0.911860776745299,-0.196917484442489
0.902723656224595,-0.154365292615148
0.908690389451254,-0.227065958022996
0.873203419053805,-0.212619422138415
0.869303358474479,-0.204135947096642
0.858689399689482,-0.226224370574082
0.818560695912075,-0.262910757708435
0.882647120772241,-0.273071894562681
0.904149381550294,-0.119186133153702
0.834952565114441,-0.206198403348544
0.915787716892883,-0.25040400950683
0.917145172461865,-0.213091817770203
0.931806667127636,-0.187482024252031
0.91935995822428,-0.183356552636831
0.925491840370184,-0.168124411551157
0.935356178358055,-0.152671862451809
0.928461491636323,-0.187925896175253
0.938375370108415,-0.159550068688159
0.967636928364844,-0.0967386415727717
0.909163697283882,-0.0925675293480618
0.942869304385485,-0.173829358946706
0.949969140116937,-0.100900574274729
0.949150226176163,-0.153358995518693
0.945731912026416,-0.0816144475295839
0.939522820499035,-0.148393536680223
0.949010958491058,-0.0986039607913657
0.952714900312944,-0.0149291466708432
0.95665052728619,-0.0753160631780965
0.95488535542439,0.00188312980089422
0.954735616518623,-0.0312828761691371
0.952953842607257,-0.0103048670471978
0.945311886701313,0.0131530554718425
0.948781405757427,0.0354270643288651
0.949925516620358,0.0556937580436846
0.939616781367583,0.065532934601756
0.929710796177024,0.135057077763896
0.928729654601885,0.172346175375393
0.932168316834022,0.117707177803079
0.838534508381621,0.0857892424968435
0.866810903659744,0.198140680469119
0.920892869775516,0.203790229066688
0.899532473488296,0.264344238717035
0.880517271199023,0.274190795738611
0.854758987936637,0.345131909645181
0.848931694695033,0.38744895831664
0.825398786098269,0.39451551966716
0.840120019436302,0.413155315609883
0.812840194808953,0.4569271843824
0.813853455218583,0.467431999808034
0.79379889047498,0.48338762342465
0.784085421339092,0.543531240992574
0.777704635455318,0.485770071914358
0.753273069505394,0.571156258120936
0.744493779827866,0.57669883712926
0.76671229069496,0.597381556271444
0.762310064956026,0.615900056778753
0.738863639399999,0.639097967961195
0.712150604822768,0.670541881894561
0.696557489544041,0.67413956777083
0.649168425580237,0.726909610985288
0.657191010139534,0.708451339774255
0.615308136005288,0.712967154168682
0.627689763152349,0.736063229675231
0.610315650831307,0.726522138121365
0.626643217889854,0.706155910448381
0.631987361599333,0.718871569289929
0.587793721616895,0.735186844304817
0.634462583257592,0.697554354393227
0.591808221651616,0.770560715559479
0.627585303421135,0.736865929711895
0.623758411403745,0.73806891055367
0.630698525038831,0.71886243051892
0.64931371193045,0.725097082101325
0.651016156769496,0.700741783902429
0.613350557275484,0.716883695535503
0.65200532758257,0.659495866920882
0.645736206288165,0.682445445483302
0.704482702263042,0.600392144786113
0.705830133209227,0.562988667036729
0.717812798214522,0.614101425119228
0.810129441684324,0.502865351282344
0.795741737724541,0.502332900464891
0.793107674560076,0.474239600050344
0.83358857666044,0.383762011826246
0.835439516025856,0.369073277007318
0.842972029629332,0.353565471901183
0.861810598374829,0.277563388659774
0.88563530566413,0.213085164814374
0.885260537320505,0.222861370069272
0.907581405441879,0.150476680819397
0.915054773610998,0.0296389317264495
0.90837097483752,0.0554631404562058
0.898801686606927,-0.0906683322342711
0.912291324688683,-0.109971521781679
0.908518252518784,-0.187853087279627
0.892519459300632,-0.248749895810706
0.899602757309579,-0.318080977419182
0.882372825445298,-0.335716345155691
0.864726436782494,-0.413647115285523
0.856984333065587,-0.431136389624115
0.819652852653249,-0.483883052346555
0.790787165980815,-0.529934654402584
0.774034022906662,-0.567889356632854
0.794551368462495,-0.557279359464979
0.787544815038812,-0.580305705441065
0.777670995381725,-0.598657868530691
0.795632411762033,-0.583284534377857
0.794078108640776,-0.58920397650573
0.818428855629242,-0.553145707099992
0.815179359660209,-0.565241345512118
0.815898390396268,-0.55067899966355
0.842947766469929,-0.512922368695406
0.83573014156749,-0.5296082080001
0.843669209885924,-0.509341465526542
0.82855331137805,-0.532587423391453
0.85380171207553,-0.499210634239979
0.855648689083104,-0.498063488592991
0.869235391906782,-0.472547424936427
0.856361280970708,-0.480023534477424
0.841057519410909,-0.477388829099051
0.861009350804542,-0.441243215511776
0.86955505733257,-0.457545167350623
0.795808396755461,-0.412194706441959
0.797809441998839,-0.430830951335945
0.850444000656468,-0.460627237914832
0.838588786295384,-0.489376544123606
0.869458199046812,-0.43951338615416
0.881573627255805,-0.420973887328576
0.868237771755488,-0.425261799727029
0.884835404134326,-0.37568010977752
0.852533904799783,-0.458103839850695
0.88691387177548,-0.387001400625499
0.892516161171628,-0.408977975635791
0.900692911796805,-0.387870818010585
0.848173650911441,-0.406636109599219
0.85635808678894,-0.393377673697038
0.835387554841457,-0.430583201670373
0.810982141758854,-0.497907230794504
0.755606980535557,-0.510122588841985
0.717023179061251,-0.563132771259264
0.713865101037867,-0.60446536706716
0.635147901508858,-0.667470612811175
0.58769932689673,-0.687698636423978
0.537896590091152,-0.738870116630548
0.480457501572423,-0.784490080250173
0.444057046473951,-0.826458179060467
0.400591651476173,-0.847004824845066
0.380560580593624,-0.831079801409217
0.328438549812808,-0.91061196237958
0.369130103264148,-0.876979851645057
0.308162873385036,-0.909108435149992
0.270882190907154,-0.937398841587495
0.280294043196782,-0.916490178524317
0.21200119940815,-0.950120392717294
0.164019959436545,-0.951974461502814
0.186241495374622,-0.93816042565984
0.0814538566329801,-0.975934274161034
0.105837503357926,-0.969799761440613
0.0125628845322117,-0.989854992310199
0.0225200269772775,-0.974475243095552
0.0267543835911066,-0.940267776165009
-0.0642222646796854,-0.95773069420566
-0.155495004445879,-0.922677844657546
-0.179579029531646,-0.923951607584256
-0.142673835529715,-0.955908906021074
-0.191411367052688,-0.956977587021091
-0.220517038188375,-0.949639375600366
-0.217379695299753,-0.942423761573638
-0.277450707704748,-0.841178155703629
-0.292768781017518,-0.842829862430238
-0.334717950214968,-0.831076606195573
-0.375454316441981,-0.785392443171472
-0.374753881249167,-0.89016670130168
-0.356537437266993,-0.827863264327809
-0.400597028426987,-0.791513673632867
-0.37878562908095,-0.878642265627729
-0.327375032551086,-0.779100469048115
-0.40189416777606,-0.806896773158746
-0.378584509256172,-0.750953802158816
-0.488874817465857,-0.815751038742598
-0.457525083185514,-0.762156218282845
-0.463444468930604,-0.813674989440061
-0.46631775392462,-0.762795404346645
-0.510996479552412,-0.835440820897591
-0.517624397452884,-0.826140885126368
-0.46203302432266,-0.855753908581545
-0.4465048492201,-0.863131560681482
-0.391179187824109,-0.844763612946868
-0.383332747783747,-0.840999639565987
-0.365161566678239,-0.85300868509566
-0.385467967503773,-0.810667692551491
-0.369896476288343,-0.864767116737334
-0.334328452601258,-0.827715088385086
-0.27462901447888,-0.931916593410866
-0.243809458279597,-0.879535466408455
-0.187744891414509,-0.846459378883236
-0.167592665760335,-0.851626358910602
-0.242617490413866,-0.893969106729415
-0.212966704525429,-0.842669048603231
-0.0931142375662577,-0.935574083914072
-0.0910393364869947,-0.888881671486356
-0.0209348075489848,-0.866908386297038
0.0325289755743656,-0.900683722325074
0.0569293560671841,-0.852005309890697
0.105913262761565,-0.875041939586864
0.0711536831200434,-0.846876162434548
-0.00641393359077047,-0.848348299596466
0.156105264495447,-0.793751179608853
0.0536763444120833,-0.754321879025499
0.168770677748685,-0.842324508201769
0.0666800149920436,-0.806654109223169
0.176196759741531,-0.772845870667429
0.069032567406954,-0.849278660349872
0.141278200841957,-0.762719269905256
0.195657142510008,-0.86454339474814
0.151923754244966,-0.813394279982266
0.157947093811232,-0.845531836866699
0.143143871545031,-0.861224888327949
0.125875396265278,-0.80472846771339
0.0950723725837663,-0.805911450462239
0.07251736809438,-0.820761463069026
0.147004160065964,-0.729933558708266
0.218249164491366,-0.733566995978231
0.156332901248435,-0.724250517365592
0.156005287304676,-0.776077579485766
-0.0333448264439013,-0.825349887302225
-0.0319416503110171,-0.786242012724456
-0.0106579003265768,-0.765148742979966
0.18687069564748,-0.825690164582347
0.0939587680693921,-0.834972064071154
0.0699762597847074,-0.767513705187333
-0.0422250904083074,-0.723816755257201
0.0160137594818907,-0.975778730363309
0.0267541770606789,-0.808268355084682
0.148950296740564,-0.846207110817538
0.128402209012333,-0.860195099560883
-0.0611458104596579,-0.796877856969468
0.0415257356743705,-0.892228064455646
0.0861525573374334,-0.802718512967648
0.13756113072663,-0.850644441309332
0.177266091345081,-0.803131361675585
0.00191415157170997,-0.681484991725025
0.0717548904152238,-0.834853700979568
0.160162529182688,-0.802767031655893
0.0875916790260466,-0.810619251415212
0.117298110642759,-0.772079470592614
0.00174098456022934,-0.760198431673654
-0.006683819213498,-0.737054570343857
0.056118539781135,-0.780623328174616
-0.0507085566449429,-0.735551516503778
0.0998021554981191,-0.79705748193445
0.0488045837062199,-0.811412725393646
0.0570969040815812,-0.727708902111331
0.129839832870413,-0.781724914305591
-0.0201995323319622,-0.795126308079399
0.0261446912314511,-0.746628923430088
-0.153880026906179,-0.760839374458817
-0.0674387686747259,-0.818932815311422
-0.0585182127781964,-0.861422608803656
0.052445025395878,-0.804410382484235
0.0620713887773275,-0.855912177005275
-0.135726841621584,-0.761186567891798
0.0236855920555845,-0.793872628806294
-0.135736058984091,-0.83014517833164
-0.22718881551189,-0.821142917168518
-0.246230246355571,-0.873776367349615
-0.173049402204427,-0.852315379394623
-0.10601118965565,-0.898472512927419
-0.27550225025566,-0.886422972749249
-0.310425918032381,-0.884179649703324
-0.317093336797775,-0.860493865108649
-0.369791956398887,-0.896089436564397
-0.38583401912766,-0.850075164485023
-0.376368045437607,-0.887947189662835
-0.428103393840315,-0.840976776847361
-0.412039907209598,-0.834595848546173
-0.413189250169596,-0.812119589138873
-0.533663580831418,-0.825739609709274
-0.540126196227234,-0.759689935815924
-0.576621070874037,-0.749419703131208
-0.480649051090597,-0.788262802763971
-0.530313204889248,-0.774125164036003
-0.587903343572871,-0.74636583328356
-0.631038931873163,-0.669197582604008
-0.619543253547718,-0.720208674921914
-0.606789199262239,-0.730711796767901
-0.521633533122322,-0.757758848257638
-0.606438818507924,-0.701370883529232
-0.624253497334152,-0.718947806517619
-0.677741624185273,-0.667193300636795
-0.646655271916582,-0.699990335624723
-0.647556170553029,-0.696370085284889
-0.638874653805492,-0.658357501196368
-0.677144848838068,-0.668402131302331
-0.662175352815726,-0.635597861251398
-0.736410243514324,-0.634202690807396
-0.748322213753134,-0.634498070514878
-0.687437897137809,-0.606531625360734
-0.697742700169764,-0.587266360418347
-0.76494012198387,-0.615458360131236
-0.7582033069511,-0.499750147731887
-0.772847798300962,-0.57811373755169
-0.7709642579096,-0.49466661273344
-0.789719536958669,-0.523239779606323
-0.806778757267699,-0.441909542289438
-0.825856201927268,-0.502840747862533
-0.824529588482149,-0.419949399674751
-0.794573217887809,-0.447867954199681
-0.848182234079339,-0.455360034683455
-0.844911079162313,-0.43448864835499
-0.814354305505352,-0.408640633512897
-0.827101320550574,-0.472031364137533
-0.800895861165405,-0.455995983084032
-0.84611357952811,-0.45274741459917
-0.825976232159084,-0.458448981152096
-0.838983497069596,-0.458384449582872
-0.833251990484562,-0.461288286406792
-0.845552213435725,-0.414098825456758
-0.786039623604941,-0.483441064001104
-0.791451876652375,-0.479252281448832
-0.828210157310352,-0.45476051373405
-0.787480971904264,-0.488071960637998
-0.838710526903667,-0.429250907885847
-0.816849095380901,-0.529851148891481
-0.777759610442818,-0.49280799321166
-0.784139382075672,-0.473609347323931
-0.783390177347892,-0.513836750854642
-0.796430591878675,-0.451646552880986
-0.784848753407151,-0.493068864141053
-0.804294542874619,-0.473448115700079
-0.795589558265948,-0.456731375136273
-0.798147362841146,-0.470250887696815
-0.791620504766344,-0.447976854763755
-0.811352476267463,-0.427701331604501
-0.845357504510609,-0.33618032352018
-0.823020426288695,-0.36686105276153
-0.885314654541157,-0.270701561019981
-0.866309483455214,-0.253212981478289
-0.870570549836748,-0.249772067221388
-0.850800435677661,-0.303085989129075
-0.868096508195793,-0.116220792413892
-0.880684843875691,-0.208601505966818
-0.867618922081585,-0.161197612474391
-0.869603807216378,-0.106047968304157
-0.895436888736211,-0.137083511590996
-0.869342592509304,-0.0835819764314941
-0.873398076047894,-0.0656326390906271
-0.845347715396222,-0.103904658270597
-0.84791549093174,-0.0816880106270166
-0.82776931913233,-0.0245300580327177
-0.796521281125038,-0.0298709920636409
-0.850437652113842,0.0196856982815856
-0.802329853412772,0.0150087695525813
-0.837045435809983,0.0675122206567328
-0.816940240384668,0.0961698565116366
-0.805163195660732,0.114413464401702
-0.748276809542697,0.193092817086718
-0.798775642099025,0.224371426674879
-0.786389427058843,0.279237503181979
-0.799717299462766,0.247379498457867
-0.73092621458984,0.345413822079072
-0.65665954847996,0.387473539823862
-0.761398465149992,0.372255816555765
-0.677719914959336,0.49068860753069
-0.694327635999983,0.448809141186724
-0.666908027339294,0.564247774973778
-0.637314142912246,0.580066307015778
-0.641628997293536,0.58975960133047
-0.609108420584735,0.635317666592455
-0.638597807541943,0.617373609267011
-0.619244522935986,0.654891038386978
-0.608029321453955,0.640397059174244
-0.635577644958723,0.61866406133052
-0.595432736968176,0.669857310819601
-0.593356554484813,0.679168014109646
-0.603028736977542,0.677322531688126
-0.660073899748369,0.584157032497872
-0.573059806929595,0.655585117370702
-0.6487571089119,0.625505555098571
-0.61875191362752,0.603335187697293
-0.647849538697156,0.61374625616289
-0.649332640525432,0.667057382437832
-0.632168708439368,0.641122709647235
-0.602681103157767,0.683853966318465
-0.621231027248056,0.618168057246714
-0.640410387068852,0.595551865151505
-0.67679317862839,0.617379330072201
-0.695980447250769,0.613669126044133
-0.734445973999232,0.576090773928623
-0.671478691424993,0.516597261835907
-0.577066321681104,0.561091703281909
-0.762355181914515,0.505041215147792
-0.74207569719727,0.542703698251692
-0.797457784414004,0.522235945168195
-0.782073864273652,0.530461428043066
-0.77081797525763,0.506068565744068
-0.855061616939204,0.479268709734732
-0.801881676486396,0.459304477782147
-0.811608694385764,0.429434805194749
-0.784154022601452,0.333052817553783
-0.809135884120719,0.285538033384261
-0.86327530203294,0.145670027912411
-0.880328945142661,0.0274343393802311
-0.862080197713594,-0.0935977002005166
-0.843976435295688,-0.185257477409844
-0.808651415285132,-0.243233600073443
-0.818478312314802,-0.339761156155854
-0.841337083972542,-0.401179575189739
-0.785095233300035,-0.451211579139632
-0.760733558127238,-0.494338284073944
-0.730863664721512,-0.521553521264601
-0.681848007918599,-0.589266423619618
-0.629246789621006,-0.624925491446438
-0.659783664596788,-0.574510313092434
-0.668865800941085,-0.532438541866699
-0.615044702863428,-0.644596746552062
-0.566267372703139,-0.602106686530659
-0.572933772598265,-0.630058399952905
-0.465480602713301,-0.657775224233604
-0.440583681277354,-0.752117420781898
-0.470023247069168,-0.656003424926177
-0.543190866791223,-0.6255098716585
-0.336486979612116,-0.691335918667854
-0.166351538997831,-0.812331527530533
-0.176952672453423,-0.545098363838611
-0.0734236584359259,-0.741947930375208
-0.152172555312519,-0.773810645276608
-0.128113846869867,-0.733865511261047
-0.155095490170129,-0.68292857278696
-0.0179787043349644,-0.670277850107436
0.0673255020047599,-0.593588840611194
0.00541721914273062,-0.766888867061669
-0.0974927620410212,-0.579811388653515
0.112463686540221,-0.714621125902169
0.0967071866106553,-0.660747162304361
0.0927146229197571,-0.568472050862625
0.211803191448074,-0.650040582243268
0.0754678679872275,-0.561379285328919
0.110558728724012,-0.535795311489225
0.11699400420836,-0.711508894332278
0.157987883103238,-0.658293586871711
0.156710296993062,-0.586505477463212
0.273096581558023,-0.577286464190707
0.16637499176457,-0.58872597491847
0.142875771414383,-0.513506484135414
0.235100845745776,-0.572307937858119
0.231037256381986,-0.435966839990334
0.225397879916968,-0.453248662463855
0.369664928501109,-0.622704042215138
0.241745981871534,-0.459558725612559
0.217797850244151,-0.377385255853213
0.327738524772474,-0.435599413372942
0.179847974442309,-0.312645905099358
0.0211854576583686,-0.216967640290913
0.0757614408414158,-0.391062409582351
0.00433286941284437,-0.333013867426163
0.0745788618846748,-0.214216895172584
0.419047393561665,-0.32855763223635
0.330065859206004,-0.353592402248056
0.256447657712429,-0.256817280051226
0.325498505002289,-0.381160566367672
0.281327667586879,-0.335605752278778
0.165111277646671,-0.29642718389179
0.228521033749854,-0.231208914337751
0.245431289586394,-0.351425687619969
0.150127218797533,-0.253916812479793
0.0488458012068207,-0.293922730573017
0.259325881178062,-0.284924431664296
0.0639141179150073,-0.12450507836509
0.0837706287930288,-0.405680393996203
0.267117697248418,-0.148881844701618
0.176318518216121,-0.484010825908429
0.0707472120577583,-0.296879538317021
-0.026067232950531,-0.356080361076635
0.115390807828735,-0.182493517366275
0.248532569013669,-0.172606452970263
0.0919978466778306,-0.251727993820975
0.0649120824021926,-0.265679170262862
0.339762656631924,-0.117427723983908
0.362850409770585,-0.267249908687391
0.156476059887718,-0.0764878966931027
0.272495863742942,-0.0259457063543353
0.151777251716898,-0.288041126770248
-0.0253215082115433,-0.298302090341268
0.0291977966879069,-0.239321089852149
0.181238538775946,-0.0359058207337327
0.161369845649676,-0.0553428240202245
-0.0885846711168562,-0.366757833005442
0.129759523866872,-0.198665577326909
0.0440263309544581,-0.165182840268333
0.0715395716013309,-0.338153664772472
0.108235050675058,-0.221363487213475
0.131315906245119,-0.2241702740287
-0.16384204560333,-0.100058998930249
0.123873916765132,-0.209607648947031
0.0164546014823443,-0.256308774516955
0.102145772278349,-0.215735422493473
0.0685053615214245,-0.0311745059535069
-0.129330396237498,-0.191708022149037
-0.0488705175659701,-0.0519285809155128
-0.238664597858311,-0.180457172715946
-0.315777087639997,0.0455429136850779
-0.112916576580979,-0.262530381867881
-0.0684101604482446,0.0341572097848723
-0.443745832420074,-0.0136521677021803
-0.512068814462338,0.048826157010981
-0.391156458124849,0.221379013418191
-0.328289765612798,0.174443611766644
-0.263752605317024,0.10026321411802
-0.320304107604919,0.0569231793398724
-0.434144266947176,0.0750547066842808
-0.294435091418735,0.152641494205913
-0.531671517405502,-0.0980942161706262
-0.375418167776641,0.23751005499546
-0.430871186344119,-0.118952638044982
-0.282644205133467,0.233262786320735
-0.370383119112794,0.152635920733062
-0.332815746503659,0.149948228641408
-0.44636682875165,0.290725709736005
-0.447451663252422,0.216641195714465
-0.552432842569952,0.00643001569527106
-0.338796274187961,0.254241114617735
-0.305448937384084,0.200288799805361
-0.342327278447538,0.24836356118059
-0.356195611360964,0.323068678360967
-0.484010825908429,0.484010825908429
-0.521767877107559,0.254802635361148
-0.349257818404913,0.422109669029844
-0.31095671375248,0.228998381799432
-0.432404418236943,0.321563283270518
-0.462650997494464,0.349531909594206
-0.539735681156933,0.358660372235589
-0.45048045565082,0.324929365411393
-0.323816745143022,0.405775077096069
-0.383461164348872,0.179526698057209
-0.409410749603464,0.204274488038152
-0.220468347909838,0.350234173954919
-0.573204938297012,0.316984000867606
-0.442478756328118,0.337761452409372
-0.469015192086613,0.458751366977926
-0.339645102381422,0.417818223899025
-0.273443069752707,0.106021180070901
-0.377993794423897,-0.0789366574217756
-0.171852619867993,-0.0267084022020779
-0.177556386063589,0.408066222067593
-0.234808010147715,0.198715118729773
-0.444417878101352,0.303533981049425
-0.247906144512743,0.483334542007447
-0.404716201242609,0.432443516457632
-0.244161274696489,0.341691692595914
-0.143853945798827,0.390953144624903
-0.380790902910183,0.534606055430421
-0.269028121646927,0.582254060639329
-0.222618729132536,0.425829922267456
-0.266461717605398,0.549462197468821
-0.227563755119937,0.689667959487758
-0.266576125146736,0.71503531597977
-0.222710359949581,0.773391663969981
-0.232646711208264,0.761445792513367
-0.0597946263309093,0.626451154157442
-0.234160870949404,0.793693236572866
-0.332929209186466,0.84034489520187
-0.284231327116286,0.746064923079331
-0.352726579251649,0.767902259957338
-0.288625780850251,0.881971205289937
-0.367413465566404,0.814902144916124
-0.254801066598082,0.873664669212641
-0.307406343821025,0.827580559142623
-0.298063084811963,0.886893133477067
-0.315737711950624,0.89698422630607
-0.337553210413265,0.924095745918163
-0.324657198431519,0.913679717817496
-0.307223241738024,0.897112028746832
-0.305353708944436,0.860355695523909
-0.370668621524144,0.910386495940223
-0.344689430178469,0.928504347709337
-0.334713316152571,0.930317524265547
-0.389761972073864,0.914666094698776
-0.410020914495271,0.908436389444597
-0.416130924292426,0.902905124913748
-0.385955056358121,0.9059570994287
-0.407595057953816,0.897756232849767
-0.409097836242403,0.900936035303357
-0.425944958560036,0.895698866454548
-0.477823556288291,0.868502566321716
-0.486044018399283,0.855929019905466
-0.581500813738281,0.789518854187541
-0.553769383146627,0.810955052867522
-0.479162025387463,0.793559048314893
-0.507955579589409,0.839096644079131
-0.50880716365144,0.839277752548079
-0.519454984902447,0.837930861548555
-0.542608216962843,0.815324925208199
-0.543824044194962,0.76826470456903
-0.525298070574244,0.734200770125842
-0.605221181360675,0.770217583156615
-0.637001287001655,0.735787278387539
-0.646236997093218,0.728832936804633
-0.646804371589286,0.712299281449481
-0.686295616088632,0.700537643715058
-0.697390113795618,0.70461256880195
-0.691449579245356,0.711106385742426
-0.685606378169703,0.712310442653256
-0.705123163837373,0.699503744182259
-0.684880238844716,0.717610082518631
-0.674335812619894,0.719737226891747
-0.67317578173467,0.729914062553467
-0.655826589995986,0.739485060716432
-0.603853675856402,0.77602764739288
-0.468572251682253,0.819506044759903
-0.55752901531279,0.755746598236563
-0.474260983159723,0.753740623064015
-0.535387081808698,0.783680345958749
-0.547429141725612,0.791517369509341
-0.451432252714993,0.820866569625116
-0.43260367597007,0.703686636993739
-0.271265036202948,0.889990246046017
-0.395291675590639,0.888691235919469
-0.415185156361289,0.869628907149715
-0.370874999517721,0.883973428812283
-0.366816558072658,0.880591424511521
-0.229106268159092,0.912366457116265
-0.314452709186774,0.917709906185688
-0.306170804891251,0.921079378809764
-0.154406068855372,0.894204917916028
-0.229806894066307,0.929033664519421
-0.207488722588267,0.929511904268422
-0.182096673456141,0.93329461043334
-0.102303206224701,0.946074612154816
-0.0734030376963271,0.925340157978084
-0.0734153935013345,0.905501158171653
-0.0723111594355016,0.947776219590817
-0.0036656775724817,0.972380427022849
0.030962825878332,0.972747966477718
0.037750257941908,0.969407322091946
0.104767397168715,0.862910144486336
0.104501727890409,0.87871432484604
0.194525541886464,0.863252815181729
0.103226472658219,0.860115056027323
0.241454164604275,0.857500117780076
0.199218360111986,0.935510545958864
0.23039007955361,0.928642586694346
0.219008697958967,0.960643422404045
0.210180519654241,0.968349519555509
0.200621803393158,0.9595547750141
0.189111763905594,0.971131131921867
0.218368020133671,0.962853028432722
0.183764614971734,0.893206625607583
0.173134945466651,0.890255322608599
0.115721993503186,0.912892738549465
0.152023502902523,0.958466458922419
0.11647558655505,0.96442088208177
0.0669420747902392,0.931551931869289
-0.0586727798253052,0.865172744583653
0.0336733387772191,0.873416707028582
-0.0551662496308895,0.887260847789715
-0.00986208254845221,0.879904782761004
-0.060148761132517,0.898819698452134
-0.189839539060724,0.92201573213219
-0.210108409834273,0.912630156052631
-0.20975808644392,0.913065676413315
-0.184117509932476,0.921158556975797
-0.278936976634851,0.886498831394029
-0.350534810095054,0.834659128946118
-0.273484223144813,0.818564700940934
-0.317358714095154,0.85514619129365
-0.288331048980225,0.861009506353661
-0.286822861944892,0.809546152646065
-0.193591380479006,0.683655132520664
-0.0673477879078049,0.677823947983795
-0.196348323221069,0.792392205604776
-0.23307607064658,0.850831628873471
-0.111317788824825,0.794902053099964
-0.163443769914561,0.849967259051089
-0.16338758836623,0.774820765109825
-0.200553661759641,0.84384433285378
-0.116959477666922,0.766685964043422
-0.0700855855257138,0.767131442780048
-0.0734939369255071,0.753520506910601
0.0866476205248246,0.75262021150647
0.128524645634611,0.752306239260345
0.191095979775985,0.767042132892873
0.25908321417036,0.777839481571747
0.222068614253404,0.59052303309082
0.344625912730736,0.542767673359248
0.245456046471648,0.657842200751595
0.246906670125977,0.589002874924231
0.344537722810663,0.46835619381941
0.508170272289377,0.515806021747704
0.468825088156821,0.605812496014084
0.484289546061541,0.510351469177162
0.67828387338161,0.400476816844705
0.40017965715775,0.416287651638943
0.458347165933095,0.415295785452757
0.405408904378185,0.109224512511597
0.554778021449954,0.308824013503616
0.672408027427563,0.314956487949297
0.694111403273882,0.265234744452241
0.749543515676946,0.28435724249834
0.670165044414023,0.315022289525141
0.670185493400251,0.339164268378435
0.773608310343905,0.199078649915354
0.760844538799356,0.248795181557001
0.718797354712025,0.191886377853649
0.749902878503543,0.234556972862238
0.737801218813188,0.225518285613664
0.827514341894612,0.163122364057717
0.881207364996132,0.087220307386346
0.820745996396605,0.0535607950637911
0.841938375329829,0.104091867337879
0.77814000115325,0.0882568272415134
0.901666818622568,0.0174722367401551
0.832657873666373,0.180406175438351
0.779050916165154,0.196658706675104
0.836818180728848,0.0372819693678023
0.836588013778754,0.123423298855914
0.96707808546476,0.0815690649675446
0.90688444051223,0.116949548990257
0.906336134241277,0.0309726224048505
0.814331554996895,0.116009579839943
0.974369721522234,0.104579259780493
0.84956177124811,0.0423784014834228
0.892560798018584,0.0512917433333498
0.888050309307911,0.163996688461616
0.87073058229614,-0.118819065985754
0.782498094709194,-0.136433764043687
0.900143516325379,-0.0438428801852428
0.778377256904765,-0.210644205133467
0.756959367247124,-0.0193909402502252
0.631815356553122,-0.174622369517324
0.518131351964535,-0.326323545406678
0.728827944826428,-0.0964990625842222
0.701582758734858,-0.322414136594548
0.772329328520535,-0.273455378153789
0.853378668674654,-0.402562352423917
0.786861809523623,-0.401303113422689
0.746977492923753,-0.395744346825396
0.723241721999887,-0.598680273763224
0.661612763018688,-0.516570033380406
0.752274742734484,-0.556599671095828
0.577863200807593,-0.536740676212816
0.551910099688816,-0.645064281339237
0.397070472968095,-0.8028662928708
0.446929769223809,-0.717253957545934
0.516033340585057,-0.801250702643483
0.359723082242115,-0.841563488280925
0.369179356919728,-0.841629902360755
0.20688757648208,-0.884298629510809
0.159876979609771,-0.924635845657528
0.252420040372606,-0.909129646598614
0.0536831652262347,-0.921295626855358
-0.0484811715292227,-0.958824462128571
-0.111480394968088,-0.960276598073123
-0.0423342063375443,-0.852592873586518
-0.178283733513943,-0.953965905406376
-0.284391308364072,-0.919568572080421
-0.21811200454335,-0.882119868436569
-0.415592837877211,-0.857049292396595
-0.380623820124085,-0.887486522811796
-0.424943880216813,-0.825051064130716
-0.491325023108648,-0.797028789446476
-0.451552273359135,-0.768320382775981
-0.47272702071485,-0.701739286548755
-0.62064998037123,-0.745681295176477
-0.528987225955975,-0.757361203057041
-0.617239571092463,-0.573577274520888
-0.599586131882419,-0.642115026299207
-0.654449244644577,-0.66140633225246
-0.750113343036972,-0.631808080662786
-0.759094401423114,-0.493785840046941
-0.715019567510189,-0.331531968371633
-0.518529314201469,-0.371703586103362
-0.645200242504161,-0.462122431930362
-0.701944011188364,-0.295495687375394
-0.647498348052087,-0.465515888438136
-0.77367109429951,-0.181575060239784
-0.607397590576274,-0.341902289799327
-0.782904357683606,-0.247083957325111
-0.627961164302372,-0.374295532842377
-0.639490988753202,-0.176666492259632
-0.46418388043221,-0.222447483282818
-0.386306106021005,-0.410873372195885
-0.456230790649315,-0.207552513105362
-0.481219565297921,-0.234519043668186
-0.401152349882025,-0.243245703382022
-0.391368325023471,-0.153474404387559
-0.433818517837918,-0.223540638904303
-0.461465596152719,-0.303012823534651
-0.558142642220998,-0.272980582129725
-0.508415979958942,-0.41835287278587
-0.310076729087543,-0.220398584123339
-0.279677090388604,-0.284809417874787
-0.566347713140952,-0.236924483844659
-0.468462457692958,-0.349970234471656
-0.342867058893272,-0.156665694923841
-0.558147685370767,-0.29155593380195
-0.404961598808927,-0.322251695913764
-0.177762997447291,-0.230886594725992
-0.222816405699409,-0.127236812230857
-0.373572461707084,-0.299527652788304
-0.365482715124768,-0.164162713799694
-0.405886010860959,-0.172232649624922
-0.376792936307792,-0.292593944191812
-0.202212811092237,-0.472446985047155
-0.107507498275099,-0.157008168336858
-0.434284163646373,-0.207575425530992
-0.158460796283126,-0.182618834462219
-0.344785801254234,-0.226336988656786
-0.389887226081508,-0.210719564023811
-0.545608286377139,-0.247306196035871
-0.393038202080882,-0.201902179668104
-0.159409803490886,-0.206265263862447
0.0836997476180218,-0.244501258229128
-0.228521033749854,-0.376669181898002
-0.536429935924722,-0.362319061961891
-0.110054890687425,-0.303631815038458
-0.157961382297764,-0.179700822241814
-0.276180828597857,-0.347584912389382
-0.225985607244926,-0.339068818096682
-0.0497207820902739,-0.28975541582463
-0.432963631463419,-0.396086885375097
-0.22010978137485,-0.523741596413309
-0.281999050022169,-0.395118137922426
-0.219994387058394,-0.549020247521396
-0.216465777124401,-0.499534966021702
-0.37305208318631,-0.414703368010823
-0.178797300866213,-0.512658631238424
0.00194289008760475,-0.417402555261864
-0.26854834001728,-0.617766383383958
-0.506171404609173,-0.512427358607819
-0.3732923775838,-0.411753916045339
-0.315731449325813,-0.614211926709143
-0.204190201330469,-0.650016078212571
-0.222271742287152,-0.523385536628799
-0.261561909675175,-0.489282277569678
-0.31307268394622,-0.619274047915651
-0.276662991419038,-0.664820997633611
-0.390940627006309,-0.509365893850803
-0.282186597390722,-0.564952352799264
-0.392593666969582,-0.599474646140949
-0.372667831601378,-0.603709998972933
-0.390685895809982,-0.668996202636897
-0.476142637124557,-0.481472361821748
-0.444400536503867,-0.496519976270061
-0.431492903035865,-0.431492903035865
-0.340160563819452,-0.5152677332233
-0.389032936678292,-0.365520107624716
-0.463745203822022,-0.421896014925146
-0.389905786381685,-0.262231208770575
-0.58760959834008,-0.383173066066999
-0.211599586289727,-0.362698442865047
-0.438160774684125,-0.353885355929035
-0.34746311348363,-0.281412081923935
-0.390525578236486,-0.432529738297212
-0.593520431096148,-0.41015734870573
-0.474984222326782,-0.42335163250543
-0.25492543422476,-0.606479609504753
-0.469190640000606,-0.508467051294564
-0.414898054538157,-0.457420085653545
-0.62447987712374,-0.372515376099371
-0.607821981460403,-0.440549482174717
-0.670300310257371,-0.52361024836432
-0.655163087182966,-0.327351905125449
-0.557888523638453,-0.347396613527351
-0.573868748117727,-0.516358140543652
-0.408573891448856,-0.412483995485896
-0.604378681704834,-0.343960509287782
-0.637038111414027,-0.279207475937247
-0.566048540043647,-0.512448036506612
-0.396260337317011,-0.194511685631828
-0.515328802927001,-0.324130460102676
-0.481425742073787,-0.392010424948858
-0.597953249594501,-0.319741816344651
-0.611379293542049,-0.316028346371263
-0.570225307326274,-0.276669325324979
-0.568230274749257,-0.274350937393683
-0.589085421235783,-0.337577187035019
-0.465269402861132,-0.399531508458586
-0.556875627750313,-0.251708161395339
-0.691446508957945,-0.298907764747405
-0.733995081865327,-0.112282631046595
-0.602333937680909,-0.265225837288425
-0.53207908024905,-0.319216827207315
-0.46764754778642,-0.292357303988719
-0.448832823804201,-0.388678566047662
-0.492803380051037,-0.294987869159912
-0.693040850881155,-0.296831341124267
-0.61751456046329,-0.192386729447751
-0.690104762692584,-0.355540916071579
-0.702711632758462,-0.350429392178952
-0.585591853405846,-0.448946222463536
-0.644237790796126,-0.2280871249628
-0.561798627675493,-0.438034154101424
-0.768322722085899,-0.389029345259007
-0.62369333908408,-0.321034920968801
-0.600680168527901,-0.566983663707668
-0.682574450676055,-0.521203368244713
-0.538637176550558,-0.533504849064375
-0.689892895793962,-0.490978384674249
-0.677152876815885,-0.524894496839455
-0.605834828901543,-0.61534304411308
-0.545836970570766,-0.689089420325095
-0.574365845155376,-0.649980764466471
-0.62515607292435,-0.630275449585669
-0.609176807434443,-0.68495389507444
-0.580721688285232,-0.711987676610982
-0.51653602235451,-0.693839105691866
-0.631023877395711,-0.616350292861546
-0.512690277295925,-0.824151750633454
-0.557555058991976,-0.795078967486613
-0.518407688364346,-0.750157728437027
-0.414092413631812,-0.804599868547773
-0.364054931428689,-0.881045852196829
-0.388804546335345,-0.887235164486931
-0.373057452696899,-0.897133424892894
-0.237670634237483,-0.949928514788253
-0.24941718948132,-0.933997569460606
-0.250575051087669,-0.933881818690113
-0.108831461523346,-0.967639028359217
-0.111491611532221,-0.96890863574825
-0.0597121243867036,-0.959893403680852
0.0294088073043959,-0.918876498481727
0.0228302781905968,-0.938903742701079
0.0906088566035111,-0.953814440512551
0.0429524070717867,-0.940822814815721
0.18843981886923,-0.933427622464095
0.21739293698979,-0.917862610516376
0.330537691991877,-0.885524900034392
0.294945753852078,-0.813865114774072
0.409724539085047,-0.865553970246938
0.493089418809218,-0.777015176406712
0.496914610819741,-0.791236842035695
0.510602718611835,-0.754554903223386
0.495517650258971,-0.787687266148615
0.584592255798376,-0.75269090351304
0.582595465074006,-0.754481164952343
0.572779725065888,-0.751783425699596
0.642883863619119,-0.712681419998574
0.626099899649007,-0.729988508570284
0.591824945290359,-0.779937472238073
0.532142444890243,-0.793548575713237
0.653437962763455,-0.731390623611027
0.683520575310901,-0.688803628219761
0.65139707496979,-0.721522226453503
0.669260206692668,-0.715812688203158
0.641633065447989,-0.733527617834468
0.653482494618037,-0.730301223445527
0.674969007737656,-0.698283393467345
0.474533423334883,-0.673021565311292
0.560954318530364,-0.681788160330762
0.521345112701837,-0.752562742934099
0.476553216516932,-0.800225984545746
0.471103339076147,-0.84450791105258
0.347447585992761,-0.884112320461044
0.312765876311101,-0.905076416477006
0.260727325659742,-0.904452939956944
0.271557201931952,-0.906763750270914
0.222983452820582,-0.919690895010798
0.162950215780991,-0.919580687810352
0.0488177525004404,-0.911208372411179
-0.00401255127935182,-0.879259036402027
0.0827531839749479,-0.80941773868911
0.0437077353096158,-0.863673493939887
-0.110739607325147,-0.861354380709431
-0.178120477959572,-0.689507014821681
-0.114474360743728,-0.908861929491405
-0.155617916088773,-0.714842310470459
-0.352494471153546,-0.747305275623235
-0.149218007501918,-0.733337740391524
-0.238149589332427,-0.773544828942306
-0.446532907734159,-0.789829206025669
-0.425983427808854,-0.814908577496526
-0.423490762341338,-0.785593487912619
-0.496991646900434,-0.657740898384975
-0.430648804956767,-0.786009748842205
-0.334169034947198,-0.795975143628863
-0.391128009830828,-0.703688599529818
-0.403710731640711,-0.606454973976461
-0.437864956422981,-0.760478371667201
-0.387651096534441,-0.713486040840284
-0.343170531608355,-0.783754643504043
-0.487547804714301,-0.610827716355433
-0.515845081843651,-0.619866212230506
-0.584309058145495,-0.525383493046616
-0.483048347384813,-0.357112374679549
-0.488460780400201,-0.183854341021109
-0.572949317815788,-0.449223966817595
-0.700774554585868,-0.413903463021366
-0.681464773080232,-0.323008104719698
-0.607106933989578,-0.417064769166244
-0.686044270038735,-0.411202977436962
-0.525418701800057,-0.398163288208787
-0.619872618808772,-0.28652099679721
-0.539738808313768,-0.323434021117819
-0.729847463301992,-0.268693831055277
-0.647478654180051,-0.235993332511783
-0.701289378525729,-0.25912635850597
-0.553824932866927,-0.373121904882218
-0.562870776307871,-0.0418922872356969
-0.707491405934247,-0.091412248246785
-0.635530532363914,-0.1306177936414
-0.695059864886485,-0.0790294025331206
-0.741244050523927,-0.115008010736103
-0.729003958318279,-0.169496150391745
-0.549904690522994,-0.0643933608665412
-0.665977755077239,-0.197585908338928
-0.677655871937709,0.0450932464211317
-0.586996129063693,-0.0247731760328107
-0.565967284326415,-0.0311871822823907
-0.535738556785619,-0.0913029725825202
-0.416964502333376,0.0566658643194159
-0.545011104564228,0.0814840695831299
-0.595021910129448,0.064005397336339
-0.502257657540022,-0.0762022038416474
-0.580036411516424,0.127425527123032
-0.345067634138022,0.102397320983761
-0.390824729129932,-0.0831445088034373
-0.165030570448605,-0.052884624607838
-0.387973465021154,-0.0291832073481989
-0.310218629024202,0.120025238874646
-0.388510151468505,0.112033617582698
-0.520432029131166,0.076439315274514
-0.201372593826886,-0.0564591591465371
-0.0975061687758968,0.0800732001421059
-0.349263488423575,-0.0295170425778772
-0.17947150668598,-0.21390653542747
-0.182161714932135,0.0952066040539475
-0.43709439936836,-0.00802260436781121
-0.263277919753057,-0.141451647166272
-0.160362810132541,-0.07477935456545
-0.125589911306022,-0.106625259631442
-0.324618968101577,-0.055957911628706
-0.216610521165263,-0.0756470819090913
-0.104186148732002,-0.360011515280833
0.0314495899777745,-0.0478942125642179
-0.338577201317929,-0.206809287945576
-0.287901996090585,-0.123677828098013
-0.21155862731134,-0.114871918865832
-0.123991195382381,-0.13256361951935
-0.191512174803505,0.110972001482158
-0.0126325471033096,0.0958590035178299
-0.0428580788156206,0.0853482167605427
-0.0842378273205546,-0.100800045174296
-0.0499977945003882,0.160331820891818
-0.241705505089058,0.121107495713524
-0.146019602353637,0.0265629016753055
-0.2193537009661,0.244932391440302
0.374106681088447,0.168589720737783
0.00841000173795312,0.146895856897976
-0.239368557861351,0.0285989552411467
0.00690788699239769,0.301528478967383
-0.167891275879272,0.206215977057913
-0.33129428598036,0.185979786783719
0.159204560655585,0.271862196371317
-0.190120476057109,0.171913405386245
-0.0618252541269206,0.21541549617372
-0.146758322435065,0.214574206521102
0.0354159655595797,0.343506387233215
-0.191407056371162,0.197879823444575
-0.194646594239162,0.197668661896004
0.14045916220109,-0.0519744211288083
-0.108497142796196,0.189247313195861
0.036337098063015,0.276430122946552
-0.07862266647025,0.457721149409432
-0.0943217136507,0.408953283569003
-0.172968455015262,0.221690435870452
0.0433953968736483,0.429236111242411
0.220976713898403,0.55982989275629
0.00936783798160435,0.315478587482175
-0.0200103779904489,0.725832509465115
-0.00186018356439393,0.572504089856101
-0.0941640400887533,0.293597313994904
-0.262517004951478,0.179927318748475
-0.112005258769714,0.498339018639613
0.213532900313023,0.421270914996515
0.0320263063927663,0.385297398632979
-0.196693873289323,0.40164233296589
-0.19421567506918,0.307121733690167
-0.232893427625836,0.552308921671168
-0.0825770824337492,0.512961929166496
-0.226955130530364,0.560487919245757
-0.335348812929321,0.260119301157204
-0.158835451111425,0.467274761815361
-0.410156439475947,0.457301176401576
-0.354510917131799,0.392404943823968
-0.422673509574151,0.458119238811411
-0.362392669335937,0.584549992776906
-0.187355064623469,0.536460562050965
-0.362160818383797,0.565380526226134
-0.0295343177389091,0.695395225159222
-0.297798226561857,0.529813954699002
-0.426072833062742,0.601491346338325
-0.269367900170778,0.733359820481505
-0.30433284399467,0.704087427959751
-0.293660055155177,0.760683718110069
-0.172703052987438,0.901266308418087
-0.310218453369825,0.814521067623253
-0.290063605273032,0.798001723145947
-0.191993972513792,0.74411348826215
-0.268432234318431,0.734987949983397
-0.298296932933282,0.820296536109835
-0.234715888724638,0.928160197269073
-0.229801923344429,0.949547130324813
-0.189638372364468,0.962925685012623
-0.317272932013296,0.850057964001071
-0.103423318898247,0.957033859916431
-0.102733033850427,0.97334367976814
-0.110375903998653,0.980792995544204
-0.0813376919017986,0.976634885217505
-0.0779830598379356,0.916869466479036
-0.0120767655517682,0.918447126957002
0.0868865757253969,0.905378572231407
0.044862044950456,0.98643619704605
0.0273241662178708,0.992726192855826
-0.0174878982579262,0.988726126108296
0.0246511011657297,0.984520267852546
0.0365439641187985,0.990839648021482
0.0607367631436362,0.991140608326258
0.048628289393802,0.991839629519541
0.064504023522055,0.980151935642152
0.126419158419748,0.896318561265449
0.137061326528899,0.955786884895665
0.0923029575164972,0.915878526545006
0.137838760223423,0.971751046025765
0.175717187480477,0.968743574844424
0.176598710970424,0.977832893515256
0.17725675202195,0.975162076686034
0.184278563378354,0.89617492147886
0.186928807260891,0.972126937862764
0.187914890013876,0.965353985781939
0.104642659961713,0.975963853450386
0.167682406059914,0.941498447122349
0.125391617638593,0.870711820698478
0.0950351974062887,0.902801153634733
0.0706567470205824,0.909083410364708
0.169764491233773,0.917429875438928
0.183972603923356,0.963011338421119
0.244132152879727,0.938243260036158
0.221768549131976,0.955850737605124
0.25535196188749,0.939144488652337
0.226571408676644,0.952331042022662
0.251854206618445,0.951896542401883
0.342039993187766,0.922387369434922
0.379615384706049,0.907711983077204
0.369161367314475,0.915872976695672
0.409440860084927,0.884125206724242
0.442755023157691,0.874584128886866
0.477976865716566,0.844673912437931
0.577302677873868,0.778581819604345
0.595453084514777,0.752196767635201
0.564961825996777,0.784765467578311
0.612721320125161,0.757090530452565
0.626879174292109,0.712568883138579
0.669812431462224,0.711311764435009
0.684615988399618,0.692517939581816
0.687121504196,0.705698888017451
0.587684495155187,0.689254549249054
0.620979907090152,0.656838185253895
0.743551997788209,0.645026033129182
0.741044305544481,0.642514188407897
0.705997366288034,0.686314594178378
0.673605849073719,0.69944589090253
0.62832789872546,0.604304462224971
0.695959181004844,0.658270852864646
0.703714483533001,0.652036886956241
0.52267639809538,0.635016051637562
0.637231284801279,0.709688928973805
0.522257850618822,0.704621832663913
0.544060840691298,0.669839793951169
0.631753902563772,0.698465739372084
0.639880761404702,0.721391287694146
0.547367204026605,0.797812274451055
0.569855353931494,0.788489721372621
0.540722833898591,0.769647047898728
0.610122314433888,0.755660613408595
0.606068237675397,0.776151506859066
0.557734048695296,0.810230678488679
0.567765758737154,0.804611653124988
0.529213041757352,0.834883393792972
0.544181114864387,0.826237212379246
0.582097077628026,0.79110808198828
0.584496489328329,0.789174067386979
0.538257217788103,0.825417594941155
0.532872651198901,0.829622583390053
0.541049817418773,0.82042895657925
0.532433744218567,0.819506686973151
0.460540626308049,0.871238306550344
0.464459232735836,0.864845343745596
0.550912235532209,0.81718979820713
0.486442119275355,0.851429080604811
0.418525459651367,0.878240211023923
0.52413498927665,0.817365704652941
0.518826128589286,0.827478719173194
0.465742588306125,0.839718162202409
0.478101822762503,0.848226853766154
0.491049428745531,0.835559302096229
0.492429671704733,0.839190881631072
0.520693849518822,0.819125935327032
0.516645894451982,0.804195562078347
0.594714339998447,0.760469484231875
0.571875273530844,0.790069247758581
0.617391814276229,0.739050550661311
0.677695137379488,0.689226455090249
0.651637348175297,0.559851344584941
0.68986257041337,0.635429826268996
0.665221525226514,0.663555622111526
0.764826969707298,0.595429275995361
0.765597074657376,0.542975071999367
0.827801392864714,0.429790756378363
0.823486315961816,0.473767585605891
0.807210814385643,0.481713811033101
0.84665250876127,0.442336242952898
0.856430520693766,0.399497575300963
0.8699246212184,0.396668196155492
0.881173738106527,0.323600942293827
0.913056371342171,0.322696487671744
0.877376834371481,0.323244053467144
0.905855023481987,0.355028992295666
0.894273825849759,0.338457080393172
0.88035167821178,0.356587447578735
0.866715298287794,0.39266938464308
0.832434027356138,0.44682021193916
0.791614529507363,0.50353990952308
0.740357697687774,0.560313074294069
0.730541041366865,0.594919394842287
0.731164707914511,0.590860983174135
0.730391355837337,0.573853186291583
0.695853136210363,0.625920084423751
0.661073272429883,0.631276643953212
0.658053170609789,0.646393800859965
0.627534439662035,0.654857800613631
0.599096808392783,0.636193354073348
0.548384761959446,0.650755247967541
0.640843737995047,0.686508109310879
0.612359952530626,0.534295052080718
0.628711345671102,0.528596884806769
0.641512792861017,0.602058600481748
0.676919864033185,0.60035051486312
0.597081285745783,0.642031927053647
0.5994064066927,0.690611914023518
0.62389354456485,0.551395092557543
0.646321199563961,0.571259122413162
0.694853064768081,0.573999672792733
0.683625199322991,0.472534301179937
0.695708952925669,0.471288780776843
0.699984743715235,0.457885703501012
0.782675159408547,0.414461699604711
0.7663347519789,0.378811417198873
0.773567389489996,0.375034914177537
0.782521162841213,0.34877288436514
0.814676857710644,0.315905516886623
0.832312136247859,0.256925088405848
0.827038809169359,0.263702904167911
0.836806156165971,0.275156720993572
0.792695540983759,0.256988502880588
0.827223848702063,0.18988388843184
0.791048497628583,0.263399387267064
0.806210505828839,0.216361759292464
0.821700835698324,0.188554223948228
0.803645662469899,0.291313528749167
0.872067470034018,0.292991264088921
0.789142593681891,0.245218578687529
0.861342673107901,0.176494678190072
0.831377353224934,0.236646738179747
0.795409067124195,0.302914683828236
0.785297225849472,0.301971870184334
0.86062665388134,0.362442602042862
0.687288362039241,0.358432988481478
0.770687007056153,0.472433177017814
0.77739028910256,0.337052841043828
0.712883008081351,0.41971730123876
0.659888441773035,0.44298927292332
0.713622162856068,0.401785886120171
0.626375067515597,0.523544642193276
0.604281573770335,0.504150052611663
0.593490160171903,0.465147442372766
0.616892399814626,0.522367956353415
0.602307705922756,0.530329270809819
0.610902566448994,0.554662808339111
0.471751433908688,0.486616740460421
0.526524286572966,0.562363986602862
0.548573663540293,0.62658424445566
0.524707728336371,0.57189707362301
0.482488374835612,0.69415510181045
0.674336054304682,0.526434363262644
0.555486163380809,0.490749802093135
0.534582012126446,0.325167394447241
0.604616632004822,0.449688320974013
0.582261746225628,0.421385308672004
0.699471715193313,0.501529638911537
0.697362032396158,0.476104707994544
0.766478902859502,0.305252324526484
0.582139371952414,0.279418828281808
0.715381934908437,0.312130217286204
0.612684351464519,0.407124655941672
0.559074357783744,0.435778834391867
0.714427790393995,0.418504194209078
0.730249954896676,0.371005884596635
0.559129941590793,0.414269414828012
0.795292657648842,0.214458688611927
0.796433393757709,0.279170795952059
0.789392823981644,0.238454881365636
0.718613073828765,0.0649961656697815
0.806512436323375,-0.110717392477732
0.725984248103242,0.104424638681464
0.738126737715997,-0.112546376200132
0.808656863891323,-0.117023815244044
0.667427543707208,-0.244776868808399
0.678607280224778,-0.306062095446646
0.672342948198403,-0.263663184976395
0.682824904399258,-0.332194310050326
0.801194886569474,-0.423905604629281
0.713515117337447,-0.375253551558974
0.716135855222717,-0.480061391607789
0.707988575998155,-0.418665119422495
0.719556527874297,-0.469776224986787
0.713524976137077,-0.545934468152616
0.729841943266386,-0.538714794357199
0.716725582658893,-0.54418206185904
0.651560150506617,-0.559721018133138
0.667790354131588,-0.694334374082361
0.696736730918794,-0.604754832236026
0.625914968568043,-0.575457321734783
0.697252380089614,-0.64983766070936
0.67245516036128,-0.66733805971251
0.630431537499002,-0.732835849022545
0.615652888620479,-0.743371642896981
0.579413553339141,-0.688779668226187
0.598780875583127,-0.711702593114971
0.615813038525303,-0.739150484165338
0.580700938299553,-0.765792613642724
0.542312703506241,-0.798360835717242
0.568375206396693,-0.799761044086846
0.531737013817439,-0.79797916422274
0.589619301030537,-0.734316810742158
0.586098844983248,-0.741765698192512
0.564333421475609,-0.757399662556152
0.544842640284108,-0.765653864938018
0.498428124808315,-0.774750887805218
0.558104799725968,-0.765279568018675
0.591268840244284,-0.745370545082871
0.652156040300312,-0.724026134062004
0.602995722184641,-0.697557772405348
0.691156547961439,-0.684421679282765
0.635744901766053,-0.700533321830335
0.661667785298359,-0.680010547598836
0.67942538909065,-0.66532145039665
0.688573327948884,-0.651878585736447
0.710774653528723,-0.624070039249992
0.74401843482016,-0.588442068271072
0.786908301070196,-0.513726045015619
0.769268970930493,-0.497991070140442
0.764457343492513,-0.517180236085366
0.768480597330846,-0.435688836901222
0.807756315822425,-0.41024150891143
0.820266510600111,-0.389655726650774
0.821317534146911,-0.350079633417098
0.843306644450448,-0.324951015276628
0.878208004581042,-0.34594498767395
0.790835716657314,-0.295133515662619
0.838532600022732,-0.304334119406743
0.912689134335743,-0.317350250882222
0.872764803486654,-0.323686888257536
0.875415906810679,-0.347407847963251
0.858375171317852,-0.391704451486994
0.839847821472172,-0.366331065846272
0.799102522175179,-0.36857208527207
0.805128425229366,-0.408797161827828
0.721201097572125,-0.547093096781716
0.821782581452198,-0.460651803310129
0.790889978477537,-0.515223875830431
0.693155487669092,-0.511358814399476
0.718570341756604,-0.590775584757907
0.68777784946414,-0.503211039241119
0.667393465797197,-0.594217008868745
0.671965415735934,-0.595971361134197
0.651931793815406,-0.576791616305585
0.587685584270183,-0.567780227268202
0.558637978540241,-0.608735273794415
0.532501702000846,-0.74178212375299
0.519468791515365,-0.587344275586535
0.514149297013476,-0.718335997780053
0.422682480669335,-0.689449768898965
0.413656041919632,-0.775061241911707
0.455659305328621,-0.775609413125057
0.482987980649988,-0.742531649665679
0.422214556993498,-0.770731419361307
0.47939243510718,-0.757297612906142
0.369127653001616,-0.811390777223881
0.313368245581608,-0.829686275270248
0.323025882733424,-0.827374763919997
0.299848170388362,-0.855602013061871
0.335445871460339,-0.864560949106231
0.321080084986703,-0.833415977742223
0.213578525276155,-0.897188715592822
0.238159284440459,-0.852352201394948
0.151555565907864,-0.884512671338981
0.178695384587477,-0.92774382919478
0.175596162574575,-0.880788918486449
0.265242058655288,-0.889997807711617
0.196869268775782,-0.836964325636091
0.14501470601033,-0.932400247399501
0.154957119136858,-0.916737590690401
0.139907671011753,-0.8965054641026
0.0790433048867111,-0.926674407738055
0.0610144257955147,-0.940788601953025
0.122483567309025,-0.908609351349719
0.0918661292623492,-0.884934316990346
0.0848805321013229,-0.926740893253863
0.018970663822139,-0.972377773651069
0.035652398299784,-0.914228574512718
-0.054073080413118,-0.924605831273864
-0.130181693092593,-0.928089415789694
-0.109105658722819,-0.916637370788174
-0.0870224088578834,-0.929861126973692
-0.0997476600138209,-0.959491324631171
-0.0215173914482347,-0.920882195262189
-0.0378751704582948,-0.930739610948858
-0.141234337565196,-0.892941320885692
-0.155295316690282,-0.891086142140875
-0.312009605248177,-0.871625619051447
-0.181243141510422,-0.885423849088073
-0.0857115959661403,-0.906813732929885
-0.0289812972718335,-0.918075192165821
-0.125942047996927,-0.867478957659568
-0.0697016234940231,-0.921867917399455
-0.182651664926336,-0.898173172155419
-0.340576793132227,-0.810531832650272
-0.314372293433411,-0.871036654482683
-0.220798920816831,-0.904170144738047
-0.16361078895823,-0.909937643437718
-0.0888736924233387,-0.914431839449065
-0.109582977147807,-0.916560125049545
-0.140402020077866,-0.917124027774421
-0.284236127941351,-0.880916919803061
-0.252342494933628,-0.907928880534443
-0.197712045722762,-0.905107685456437
-0.148642971406336,-0.901914721548187
-0.047514376301449,-0.912081704325922
-0.106618271041443,-0.910087981735893
-0.0759196715057072,-0.864549924487069
-0.222208825770485,-0.884676340475464
-0.0959142691543994,-0.868123470746621
-0.12553552185986,-0.840182697575588
-0.0847970079709335,-0.89673644238331
-0.039222743028339,-0.872844898525052
0.0178464988372295,-0.874634254650117
0.0826869312798898,-0.925431424895047
0.0527770258186473,-0.891164430999383
-0.0980233516320761,-0.91566090734035
-0.213879138026003,-0.885983778540848
-0.00177387160838636,-0.874593504048203
0.0598952748649358,-0.898502746767039
0.303373370269202,-0.848002082801196
0.247556813587969,-0.884006717232577
0.118265075027266,-0.928586189887379
0.0444671744001126,-0.926505924729897
0.0657139492209549,-0.923987705753628
0.152343581613716,-0.920032187605248
0.188942658676164,-0.913913561075827
0.19975492998012,-0.915429803301952
0.217891490138848,-0.913140949063212
0.289366274738357,-0.877504152939887
0.417474213853069,-0.856350870539866
0.399748860165008,-0.832862795101383
0.423340276996379,-0.859804031907404
0.425953655779692,-0.812482355347718
0.427206381517408,-0.808114302968629
0.504908976406751,-0.783818317654501
0.547932976623423,-0.783174825384315
0.575686623422139,-0.68561046044144
0.636136703571845,-0.654050240902039
0.56504202097561,-0.715481648151922
0.597282838703142,-0.658987028833292
0.639490224862632,-0.610840278998695
0.752358542554273,-0.516712790030345
0.780186201990027,-0.491633275870197
0.783235369445189,-0.4586596473503
0.783064480631374,-0.448883590475816
0.75231842423866,-0.498015310627231
0.69215028147463,-0.498075085647723
0.819125652621966,-0.47840700401612
0.778183750487254,-0.386295727380946
0.800336806583306,-0.299961552937952
0.677332973597348,-0.23532380755453
0.717452154017948,-0.235695618371234
0.68572824706977,-0.124990149636274
0.804876938008363,-0.373128634855318
0.576382343329193,-0.161694503300272
0.594967179442723,-0.282741593865088
0.451015207211559,-0.327633680698329
0.75467697736634,-0.0394853751235807
0.699301028106874,-0.144050156836364
0.6088346514174,-0.0238160619406972
0.540012585974522,-0.234784292170699
0.52792369207852,-0.0696796677883514
0.495434871936245,-0.0309454340493935
0.652870042667953,-0.103310806884035
0.739390578136284,0.129739861999931
0.575555913966542,-0.25934215039653
0.655860554579265,-0.0958937972211433
0.595933623797687,-0.0897666422170015
0.526781856224328,-0.193252585596637
0.5087544487017,-0.0876978878506506
0.433141926356961,-0.220114044662773
0.668610692124091,-0.243430047046789
0.357947331922021,-0.149217653135597
0.33288695102272,-0.324437206142692
0.482700664239884,-0.117551330012702
0.545446862983111,-0.185316959168905
0.339777651311864,-0.38197528874169
0.328602682885753,-0.335075046227305
0.338622767270339,-0.335381561022137
0.323178418704559,-0.322760584756353
0.502702723878501,-0.451820166596764
0.523461047166654,-0.449782156211727
0.248533899322253,-0.542456629895271
0.0749773124544505,-0.574618055174433
0.0744383696238947,-0.519458053403212
-0.12468244948258,-0.49699209621472
-0.0245173055898705,-0.545465335833916
-0.0154874580734282,-0.593576724991043
-0.11553830580493,-0.658453691234541
-0.206946851828083,-0.665760751272472
-0.252180489150655,-0.704176090725886
-0.287151279154247,-0.639410292630533
-0.587537383483409,-0.58055111333814
-0.506052017633821,-0.481263653458157
-0.422783061053758,-0.795679140550964
-0.351462029546347,-0.744855901807764
-0.277863911628788,-0.703924060608043
-0.396100244495946,-0.780236398673296
-0.615727866544804,-0.672916917117843
-0.622653735359797,-0.624600215865948
-0.551244868942757,-0.624148686210232
-0.532278618772079,-0.739675446073637
-0.646148391559414,-0.733591364243333
-0.473178382434989,-0.812565026878111
-0.539650208049851,-0.798091834049255
-0.63506021197296,-0.70060823821379
-0.671058893250508,-0.718501950420091
-0.696449703858574,-0.646381354154103
-0.750245958950121,-0.628899038862924
-0.697781405445765,-0.674977076262161
-0.55495826272485,-0.80026302818577
-0.52758702172306,-0.769548082510224
-0.653346192776228,-0.736507854040911
-0.67273115131918,-0.705414054747291
-0.722740495231899,-0.66458185447931
-0.667043908006907,-0.734155868084223
-0.558437360983621,-0.808609213914643
-0.487095755812335,-0.851366652132887
-0.575304994158684,-0.807398570088813
-0.563706332264519,-0.812452835974165
-0.546636395312443,-0.826136941912881
-0.580866801551465,-0.800083112119528
-0.469010587131482,-0.875008934254512
-0.405306829062487,-0.901924276663222
-0.308438370031863,-0.937961736675104
-0.330200326756449,-0.933018311526215
-0.379052115986328,-0.908926354122245
-0.49843694910176,-0.849975293460683
-0.414651414446648,-0.889113832824336
-0.316846500202884,-0.933986021308693
-0.260782710172463,-0.940943747900322
-0.339479343180024,-0.922639384433199
-0.340062128588253,-0.910853766881974
-0.401183171349188,-0.874784777851626
-0.435646691991052,-0.869964694173777
-0.41880712475081,-0.875675254031913
-0.427259340155534,-0.879186640812043
-0.496978160730304,-0.832124920325993
-0.532506578445199,-0.819626419433813
-0.497074065594684,-0.843822023953446
-0.456915014411982,-0.869543442089417
-0.499092577666453,-0.833813873105781
-0.507636853776326,-0.824550557301482
-0.485155641723769,-0.840447633102067
-0.546509724020908,-0.793114549266397
-0.53673617524783,-0.813332471955537
-0.620964474821594,-0.742071665258818
-0.592090665470152,-0.762824877530323
-0.627870387176021,-0.749197591643863
-0.636020012551639,-0.724750573549663
-0.59426912246863,-0.76183792378091
-0.553083261626328,-0.733720457545222
-0.659518644977203,-0.703003693811779
-0.68980136524318,-0.689209886814473
-0.779228636418313,-0.568029484444372
-0.763987099000948,-0.597375877080754
-0.776316664219454,-0.545043716311367
-0.7585296925202,-0.576293407196592
-0.755525030442596,-0.543884126009551
-0.750470055466097,-0.607711616163348
-0.778851995461134,-0.535847601148141
-0.818059423957992,-0.507119064072996
-0.829280871565955,-0.504077044324772
-0.834826881008105,-0.481973835116003
-0.769054753116902,-0.527637298582135
-0.717237797804107,-0.519911296468911
-0.805435401011714,-0.516802541635935
-0.742865613072956,-0.588175595075222
-0.798642689017085,-0.516847665228477
-0.759437898136536,-0.535018436408717
-0.800243250701322,-0.553493951132448
-0.76164031904923,-0.597232638212159
-0.68536017747228,-0.634639501187409
-0.607395099333613,-0.681079349618055
-0.627522887544187,-0.687523498580795
-0.534779073719167,-0.747785835743536
-0.631414818952212,-0.711780133670262
-0.645593801880409,-0.63543428645018
-0.629939546676025,-0.700395975169456
-0.512624873680986,-0.759720711712941
-0.318047223698005,-0.842776056224527
-0.187575152749743,-0.802727827472387
-0.407314778518291,-0.783728328093019
-0.298392482740039,-0.670366550000783
-0.156918410160704,-0.78569463996535
-0.0857407046099937,-0.825515335099958
0.09116544701832,-0.694297048389792
0.0602019604483194,-0.772189324799356
-0.0447469000473137,-0.586411944572475
0.201863098795048,-0.681701505297895
0.0817228944291202,-0.751435944458695
0.271229762705429,-0.682267706695094
0.350518709673557,-0.549903537791708
0.349378933027961,-0.600688415904224
0.111167555843054,-0.638254126359313
0.163899805414914,-0.514133979369832
0.440016353108698,-0.468998900853201
0.56984069367562,-0.574845021463851
0.409716262691789,-0.455501762651043
0.263850836270461,-0.637946027591176
0.35419517036215,-0.546176490668778
0.334409449457923,-0.528815158782236
0.430112294048914,-0.397876600664087
0.489592953538439,-0.531132820976088
0.372099074858838,-0.408207445998273
0.480405264215579,-0.372103382267509
0.455357533642885,-0.393997403007165
0.69880496611946,-0.265617224374517
0.3227272228088,-0.352007153694903
0.650485329494536,-0.111641194157112
0.335106834400673,-0.482283834615521
0.411929460215287,-0.429714505628626
0.431490969136343,-0.382906778869249
0.279362775523986,-0.284431792718818
0.114344705174844,-0.293592193187454
0.0818561244014762,-0.264529595455026
0.317180680310321,-0.104219912609545
0.172535862834975,0.0788424993192407
0.3144653768743,-0.0878593253211505
0.320629901382382,-0.272184076662376
0.430081384368609,-0.443993600161643
0.292329018542332,-0.23152261835457
0.149753381663299,-0.250393834651511
0.0320338713737548,-0.418119128939333
0.0944016951310662,-0.253068226954667
-0.0850139923339191,0.00117181930195593
0.0307304269439142,-0.134154808286151
0.196958029640232,-0.395595358174484
0.222433183867658,-0.364015833763082
0.267167530332428,-0.370377487417434
0.135554795252138,-0.241754122656363
-0.0753482618431353,-0.346807907187322
-0.19630626088113,-0.275650976075918
0.175189731621867,-0.255020199394367
0.0908329046695925,-0.235330891826086
0.279745063048732,-0.360211797919945
0.10345189309755,-0.388738860702482
0.0742220339646325,-0.324476570872153
-0.0622001914774447,-0.297296014390023
0.0664982331845235,-0.162206088139073
0.0994594887455187,-0.289004885457061
0.260018036607902,-0.382934481610825
0.328129477848644,-0.266165625081167
0.236626626885974,-0.0699394233780839
0.121561257357145,-0.510612110273624
-0.0247517319701514,-0.515639386892676
0.121550306729986,-0.309300087116336
-0.014169271823492,-0.446016879203428
0.27921953661306,-0.444647400574859
0.172549833740881,-0.363861230607556
0.075740890742527,-0.389728794073424
0.0682286649917817,-0.422574752313272
0.243981169643587,-0.484988094417052
0.128394568279292,-0.260509620524807
0.313448588340121,-0.480608789850662
0.157462423553046,-0.362920697037246
0.345605449503246,-0.486354030082041
0.156723453676548,-0.382488891548731
0.267347156998208,-0.446865337811304
-0.091422349752699,-0.449480299715106
0.171518297749285,-0.360989519942298
0.145444032236861,-0.221253066686021
0.192307667657626,-0.28960384679526
0.400057108101631,-0.356769766708906
0.127780183313647,-0.472938845231485
0.260983883143604,-0.523974801781053
0.149881161544529,-0.191984421156646
0.357276693840356,-0.288667137633989
0.300156716541439,-0.27477838173158
0.158197286116076,-0.499052956679811
0.272057567453197,-0.249149622973475
0.109286136838484,-0.555780249409103
0.11292609257792,-0.172178084282286
0.0377679493061042,-0.225402725992471
0.152327866567935,-0.244611121089113
0.297417484646599,-0.308187288993201
0.306455007146061,-0.424447928800678
0.111554282560565,-0.168822490040481
0.298431074498322,-0.247855751720167
0.161460686952029,-0.267401958839067
0.17700387362739,-0.292855717887459
0.0450812239561528,-0.228748061225145
0.205229448765442,-0.181607597365209
0.190487544749836,-0.0915466438695689
0.229162994829423,-0.137807785980902
0.0176579985041144,-0.307976442995384
0.08697621266048,-0.0355696278925319
0.196802734470413,0.0352701569718386
0.0245670157926812,-0.160595313774668
-0.0523993820227292,0.0201884386875923
-0.0137948501117989,-0.212994639070329
0.079928340142547,-0.0561127347819797
-0.0382154780653425,0.195169724519739
0.109681188238881,0.156999954311559
-0.117330431891438,-0.0529463889158998
-0.0412727845713504,0.0926812668015125
-0.0221176380532488,0.0869961327390586
-0.0604056209711436,0.292680730817009
0.0336317299594961,0.14884796346573
-0.168966641672107,0.183422736796001
0.0884158811872725,0.233136738629887
-0.0474721859622729,0.267009570057058
0.00786059083366776,0.221967406656928
0.09842669695298,0.48385873462163
-0.126206525873673,0.576358440511096
-0.26254702101295,0.631045035292087
0.10884012546044,0.385411952911231
0.0133628031582216,0.428079960549459
-0.252303896246633,0.75757283970189
-0.233069582782035,0.643951086953132
-0.314241693583258,0.519249702245278
-0.196557803944697,0.526289965211399
-0.371990542879303,0.627526887274615
-0.204038835485058,0.504450299931392
-0.365134897064347,0.60730447658658
-0.268468933846304,0.604846454316814
-0.432006445337505,0.799771969734641
-0.472655122788789,0.729973614219885
-0.396939749532531,0.605670547580622
-0.385074622161858,0.640498545297894
-0.399150322802739,0.693950350185501
-0.459541298724712,0.702568469621143
-0.472566836491926,0.567097251379819
-0.58675771643417,0.713523824706889
-0.637910714848437,0.421060238067797
-0.576585774125683,0.553933503092716
-0.562978382932578,0.566318915149383
-0.556893548502755,0.520379596037046
-0.599536807924106,0.34245064495552
-0.611172803334015,0.503423184522114
-0.597487474747614,0.495313642953869
-0.519710405483743,0.344677968196101
-0.413326415489997,0.205916450186023
-0.512759446092757,0.287292614637996
-0.360788473738365,0.197666104092951
-0.529426112722356,0.243208814606162
-0.57936868815933,0.137501924383059
-0.55768274042328,0.18049897085735
-0.750833595687381,0.0553403970377763
-0.61253547154304,0.110054890687425
-0.609520294763788,0.0823931455678053
-0.600259390970351,-0.00848184802687682
-0.71344387942714,0.138518445202381
-0.563065327426788,-0.226656084030059
-0.57607741627013,-0.0938460905434484
-0.604084382319906,-0.0601388575660209
-0.801237011560875,-0.0655754708584151
-0.559974985492804,-0.158936414545287
-0.574539865006162,-0.278915981233052
-0.669979780816508,-0.0691244546639062
-0.665563530509995,-0.317124816931761
-0.709608189013176,-0.218877187576891
-0.688418237653969,-0.262365400236933
-0.502111956135847,-0.27713097215072
-0.604326450099938,-0.22485278358544
-0.541644410085676,-0.436593862640268
-0.467726667570239,-0.398148308868691
-0.533554329090863,-0.269711313965745
-0.595911971088041,-0.480039450715807
-0.572343221452101,-0.483902258410332
-0.562018534369588,-0.54694775029628
-0.629627896926669,-0.52066078061992
-0.429121861642306,-0.615277640740516
-0.446146483704333,-0.731773936292345
-0.509388475469553,-0.427708433518655
-0.534097121108543,-0.497639564017784
-0.578408847229618,-0.618030064970544
-0.345053265856417,-0.684778532957217
-0.497918229464949,-0.743180183844141
-0.473035567160523,-0.643838922444076
-0.447762692224157,-0.749232912208244
-0.46461904057048,-0.736752963843435
-0.505570168653007,-0.673179262037838
-0.522040823156775,-0.541214603300093
-0.515075939503555,-0.663773917133939
-0.603090118111904,-0.646050331416185
-0.545678313995004,-0.71277412823758
-0.606462875997611,-0.523209283986161
-0.452546560803454,-0.592743770840636
-0.498160012970273,-0.595086069630402
-0.429887771124808,-0.53055899678008
-0.482754299568463,-0.658385045313199
-0.396962711208981,-0.485754190163691
-0.472623024345536,-0.453596008444582
-0.569864572187286,-0.480969890811151
-0.509240483068934,-0.51690998029818
-0.403267393880988,-0.552305768822423
-0.432189727437228,-0.585303847507708
-0.559528351531455,-0.462832931161745
-0.443705390028971,-0.47137492913818
-0.531782419828728,-0.604296190698372
-0.498181381624285,-0.329844032258148
-0.375640006750877,-0.359475776789462
-0.24263539085387,-0.436767381384057
-0.548423504216992,-0.557742149550325
-0.454396634116042,-0.575134451907875
-0.451820166596764,-0.445303547848174
-0.42394318686181,-0.488220235111958
-0.493601744035859,-0.342732709600492
-0.321412476086466,-0.299795438095974
-0.498144261944221,-0.640211617859856
-0.497367800712072,-0.550050866904073
-0.393665494877643,-0.471180503976621
-0.395098220007409,-0.493886480728455
-0.49600279141627,-0.643146368620298
-0.446584005001828,-0.555626231942359
-0.554913932057986,-0.572997696360497
-0.484026482737679,-0.524117890561185
-0.54126227333239,-0.403575956689487
-0.390121146788173,-0.51735365219469
-0.581021522878135,-0.523048792444534
-0.383251034192049,-0.496688812922939
-0.400895337169594,-0.546682698473528
-0.370021477465107,-0.475424342557517
-0.233119506332033,-0.316941519551488
-0.324695204883609,-0.578407362337674
-0.388779400522812,-0.477109686234004
-0.38763441161768,-0.533565067940168
-0.369069271911222,-0.40741807786247
-0.144776075923461,-0.282508607634641
-0.18441632769426,-0.387635254582332
-0.130064489034441,-0.27206060194839
-0.49894497514511,-0.486915153507394
-0.388605198081799,-0.43716110046857
-0.288276137911948,-0.624097752909859
-0.191928210379929,-0.418981853688542
-0.224134866348201,-0.575972571633484
-0.386839933306214,-0.506566600768543
-0.363340601221372,-0.342592762318827
-0.387615865296114,-0.444647009796485
-0.239381851041601,-0.432207132252689
-0.453818379283865,-0.611960931303106
-0.384895915559659,-0.513243346699807
-0.346191831206613,-0.570701533000053
-0.447138080844467,-0.50771974674924
-0.444476674917684,-0.413962674232826
-0.393404072564582,-0.681689833058409
-0.585383380623294,-0.371215996796278
-0.439232171651549,-0.452942927653121
-0.426322869282879,-0.406644232727543
-0.458011847087688,-0.403638465034812
-0.56226897674325,-0.450176490583281
-0.608977423540295,-0.227851766773578
-0.691323941911694,-0.156176791883558
-0.652530106205967,-0.155715418851032
-0.586377709916728,-0.0358003424647995
-0.645863793472099,-0.0558850640211786
-0.80285727542337,0.087338963648481
-0.753660016178631,0.0971108365742802
-0.870922958972028,0.225749626105864
-0.869937432494398,0.0821051676442353
-0.820830884493518,0.0718447122586895
-0.880784531652947,0.164532057047309
-0.802740362802492,0.245680028878762
-0.75872834928952,0.316093813046321
-0.860724099317951,0.233313993589965
-0.884847690396625,0.294233593882536
-0.921211358106275,0.323421013203299
-0.89988306530193,0.390629336221352
-0.820791618031713,0.399471903710477
-0.912342638960321,0.387244956181804
-0.881197879249963,0.391163754663081
-0.86209041741452,0.370469685136093
-0.913274944483378,0.356577210332364
-0.930826884872338,0.325774136489961
-0.918622119758044,0.335633513994947
-0.830009303196352,0.306970868585143
-0.864456299469665,0.308263828777262
-0.849514612384025,0.313415192454453
-0.937210851064316,0.210580860158898
-0.905328393963723,0.239111223684703
-0.933095239601364,0.248361153630187
-0.794734844864739,0.258173852373012
-0.928452890493933,0.267705683524872
-0.871781018887298,0.276691064828346
-0.915267213823347,0.234242835925215
-0.878359222760509,0.268542709222468
-0.886957369164112,0.347252959470672
-0.941484741445464,0.282182938133434
-0.9247192921744,0.353056767677927
-0.932233089484068,0.304096688583541
-0.914941469518808,0.369614368687199
-0.907241039449001,0.360969105296391
-0.903417270153358,0.377749691498608
-0.895393664331124,0.401579691928647
-0.90123071226277,0.406614889703183
-0.899992338999364,0.416766135999171
-0.871442858277784,0.452836655925892
-0.875345662544347,0.450907797127958
-0.862207879100766,0.486837396279993
-0.860437050053358,0.488323673204026
-0.80901034610603,0.484803976002656
-0.819980677016512,0.473948072136972
-0.803519979840235,0.511101608579843
-0.826713487823371,0.522709607624678
-0.812331903179663,0.567966752774112
-0.822344755892379,0.513996157998892
-0.822272695945384,0.531403577861317
-0.814533626540257,0.54837090322548
-0.819017141660317,0.547538371406859
-0.808474411377531,0.55896775738022
-0.78903937459832,0.587572853031421
-0.779077595096918,0.598736273057398
-0.718266029702117,0.637971072082723
-0.772904460973203,0.603163337843803
-0.761414702649535,0.625457347061843
-0.750328873148335,0.626111110579315
-0.72778275022998,0.658855003661531
-0.695789407065631,0.683501870047651
-0.641462300725828,0.724122934036529
-0.612986111593849,0.670322615866073
-0.646036627389121,0.689897140995525
-0.627520868491733,0.718414533771523
-0.60503806267525,0.758255449969271
-0.59919134775186,0.761819219547917
-0.58793296410342,0.78057933071083
-0.573103483914016,0.798207174411009
-0.546879045532634,0.819689207640858
-0.529836053297474,0.826659888894241
-0.547126445812229,0.826908408626209
-0.548101787811007,0.820371909811579
-0.514827188980281,0.842146259314424
-0.5270661107764,0.830883373540205
-0.491011339335455,0.851941639489809
-0.484905705809843,0.855927572167018
-0.487364486438741,0.851021613743031
-0.474397481209147,0.859259359357043
-0.483734422029473,0.854227662083453
-0.46946523775369,0.856284845362617
-0.459752048927384,0.871812387673342
-0.460805883659537,0.868666366985737
-0.467378833673472,0.863836023075144
-0.445082670687285,0.869325650727235
-0.449508818092955,0.87974372356486
-0.41935335161727,0.884503077049746
-0.431802992718837,0.890228647583968
-0.425082235445783,0.884405022115295
-0.416982915678418,0.89313310880888
-0.414860218320363,0.893709723315161
-0.456486274018644,0.871338529253522
-0.450459004297437,0.883566280182681
-0.468289654452507,0.863101337813292
-0.463890874405278,0.868613834972747
-0.449169315285061,0.883678385634336
-0.431901882326907,0.890855804706756
-0.444058524818793,0.878587289662605
-0.471938643854723,0.866270792475564
-0.38751482714976,0.91380818636087
-0.475412548168881,0.867189157417071
-0.436509876150807,0.888448465358419
-0.400880338568632,0.896873411279041
-0.418127119682372,0.898945692576817
-0.420099452222251,0.894472652302304
-0.437111720380516,0.888211870874689
-0.419828737059851,0.890157032649393
-0.508983679374629,0.844766597881693
-0.425088965429884,0.890757184955023
-0.436062682585052,0.895209495411251
-0.461018165952135,0.878812617797903
-0.427177458530454,0.894564508223509
-0.439042143569521,0.876524537717708
-0.47307753923989,0.866176081460051
-0.439999808359171,0.879443549327473
-0.431380089664755,0.894247448950966
-0.449623983647766,0.876723986907433
-0.388986244770028,0.894843388597573
-0.46916857267006,0.86866099240822
-0.479200054966493,0.859574843681788
-0.529547035425673,0.83761142269858
-0.525107638329244,0.827462735058164
-0.581252976557121,0.799197584504157
-0.580997718177741,0.791539258786934
-0.610417084274704,0.765055322184705
-0.620052374827972,0.746509196151635
-0.665298823052179,0.70333684276445
-0.607646272906058,0.744679968040269
-0.684590387836756,0.668733387308126
-0.711903607136429,0.641541593654227
-0.73035458972772,0.596539146663348
-0.709609966508663,0.619642443027147
-0.628977837639351,0.524866239239422
-0.674921505796392,0.449809217962796
-0.673717447003726,0.426903952881086
-0.64973138283518,0.285900782255927
-0.686329744311402,0.1676727774037
-0.715799548528271,0.105868676179344
-0.666783429008163,0.125945959097182
-0.752860413545783,-0.0729855336497665
-0.704514669400588,0.00354598694166826
-0.724310954514899,-0.092642523378495
-0.625147475610288,-0.100040512917962
-0.566844096452607,-0.0782926499882379
-0.56703803819277,-0.184808279436405
-0.612777327187808,-0.192486914977276
-0.573506084460666,-0.268453155128289
-0.495369237822292,-0.148483110868184
-0.446259488097131,-0.254494258517355
-0.615972938834906,-0.112610215646297
-0.555947342059877,-0.222552006117645
-0.468067807265248,-0.336497890077197
-0.555731945342878,-0.456219033638434
-0.412218733720451,-0.291941705572418
-0.425532298450312,-0.271478953304391
-0.561759213962333,-0.214044033188013
-0.46027377639517,-0.223669706731961
-0.568363510746997,-0.262418672683427
-0.490169000499705,-0.174920530212819
-0.449802775423077,-0.130239669524115
-0.428913509323978,-0.205155914379079
-0.389821090974077,-0.147912282908375
-0.349249240914322,-0.153688139020083
-0.429047461985895,-0.302595107823928
-0.491289064429143,-0.1864537626499
-0.41459901334813,-0.136465777124401
-0.232273666899273,-0.195064670833306
-0.359930259747766,-0.0795344819093124
-0.478464774742564,-0.16239427524081
-0.253830978334351,-0.273768655449366
-0.299148346584763,-0.245482715124768
-0.466011261594916,-0.191554175279993
-0.468897076352685,-0.274794418875501
-0.363296485826624,-0.251972363095858
-0.412645346054367,-0.285555302079678
-0.36403362977394,-0.317974131808567
-0.369882278851359,-0.244882278851359
-0.420239632340405,-0.230244517500386
-0.442386729447751,-0.422377828254967
-0.434169131943691,-0.376853873935789
-0.337429959108952,-0.13668473140174
-0.439072418264683,-0.146367283185928
-0.392660799121353,-0.356992733874056
-0.538505184745766,-0.0775957627812067
-0.397993379494226,-0.305584287079368
-0.161373512283499,-0.307822388382543
-0.434933360866346,-0.348455867019657
-0.176765149438759,-0.375707847838806
-0.340069577847519,-0.233053545072103
-0.335722225866953,-0.304018524158462
-0.351202845917634,-0.391572156038629
-0.315212987332343,-0.315856801524238
-0.276469996096701,-0.427120072320036
-0.193810849298575,-0.491116644198826
-0.278756098673079,-0.603648929269231
-0.259872457756457,-0.52562941101177
-0.18170375531603,-0.332651015552333
-0.31625126108168,-0.347831030405362
-0.0231978460875831,-0.568259400642489
-0.012162606385263,-0.602864500726836
-0.0799234483309925,-0.638764726898282
0.0950210824116671,-0.493302230403197
-0.0549695359881109,-0.53549919274338
0.0348805626040542,-0.617767974562177
0.0879284355922649,-0.417840643438118
0.10806403756185,-0.466538110749075
0.0677429193628716,-0.432646872089746
0.128923352553951,-0.527525586419282
-0.00722678188126259,-0.469023642651481
0.19142349794801,-0.562315027219492
0.046624936432172,-0.304281836909148
0.0705425868154657,-0.377039819133025
0.00187490644947773,-0.370501116973292
0.0887938751297312,-0.477159072644071
-0.0226796406929541,-0.491386692363789
0.220248705843818,-0.593389725526203
0.00219358670666248,-0.555033530849267
0.224348169271601,-0.586290114574272
0.28516956655095,-0.480778184966872
-0.050193957793767,-0.441011875548043
0.0921942098583773,-0.225892386611038
0.0336717514850737,-0.426178450871706
0.166536561585712,-0.371952374351476
0.0915466438695689,-0.538313631706358
0.0542149276434423,-0.10223523594483
0.162992266861155,-0.229769867328572
0.0901797101777629,-0.298537827341345
0.18217281506746,-0.392629901382382
0.11122286727078,-0.195776257490885
0.122988013389388,-0.205936485903997
0.103382233262483,-0.417059394714392
0.170371970213541,-0.270617949566928
0.115566539284578,-0.343719789887543
0.271321195739414,-0.373288428885246
0.0703369393254413,-0.367189335886782
0.146688844321393,-0.226602965190748
0.143548808889479,-0.186905058285706
0.0811854722096422,-0.426711463041294
-0.0791467709643055,-0.302711497945121
0.0237721516683929,-0.352885637929438
0.124365888223809,-0.207029259740124
-0.0615026962008253,-0.200852222297731
0.0739137684419408,-0.388007326040998
0.147247197105623,-0.262631812490238
-0.119445108038465,-0.0303405531538397
0.0921740788878335,-0.189173741280889
-0.0108478969930908,-0.35952247337728
0.0640628338064823,-0.250837131793205
0.0118707982066543,-0.175107169403848
0.0366133453086522,-0.0881889827134083
-0.0392537060165817,0.0848744481496588
0.0689417465878908,-0.211957567249856
0.104305811013443,-0.235114367890435
0.181275081148145,-0.180052857699002
0.148731390168873,-0.00962567354394776
0.181858323168869,-0.152641494205913
0.11151337067458,-0.0416392733691132
0.0923495156295323,-0.0566352299152466
0.0378531790630513,-0.0699390333513617
0.154033400852693,-0.134746088964595
0.270183590177911,-0.0595482574144725
0.0409861737044514,-0.0781555329641607
0.205447722557687,0.0675328595720373
0.0697184457764089,0.0112651238005174
0.0940905001897616,0.0731695559888007
0.0228586623099108,0.0272657629113141
0.0103764111320358,0.0480860193098246
-0.0534734197081452,0.0989132356019169
0.0319047095508538,-0.0231614511249357
0.250100437614843,0.210731452612455
-0.0559386411125415,0.0432699040325314
0.0357770876399966,0.0813200013250745
0.153137084989848,0.273137084989848
0.0447771353813696,0.178870550783894
0.124852813742386,-0.0117157287525381
0.240085658335668,0.00381976793524929
0.114998057448506,0.178747424067789
0.0178885438199983,0.117097088965071
0.12391943185425,0.254515874416944
0.146241326204481,0.120210395420009
0.094768000315215,0.188783247746996
-0.0178885438199983,0.468914172629844
0.267258898432212,0.359053396114418
-0.132200451286202,0.260110720661092
0.0834069985976148,0.402961552228548
-0.168448774213887,0.461381090620098
-0.0501949154359844,0.502818234813257
-0.0871709881001501,0.388646239556226
-0.0870563473699459,0.117634625053113
-0.0679420280847605,0.465555220422547
-0.137602889802488,0.400427937142499
-0.165239606077836,0.384031361777008
-0.146686731368253,0.300167906437614
-0.0468819928573425,0.240167062592354
0.074535599249993,0.0789344662916632
-0.168591844223261,0.337890193932923
-0.233492736884213,0.492755633679498
-0.0990984299929479,0.508337742362801
-0.17936868815933,0.194070466877983
-0.205071899218978,0.311158930286909
-0.134836165729158,0.429526698057209
-0.327873346712882,0.403594853153843
-0.146391998381149,0.252550371308205
-0.332242864764398,0.327736098337978
-0.331228694766161,0.0990409906688772
-0.144540486495067,0.227233021587607
-0.163931640172545,0.41578428107348
-0.0789965484078674,0.0729853038363816
-0.177269820933163,0.0770474436356045
-0.0885525040986526,0.0309360693295548
0.00280985183716905,0.146926192571216
-0.00778758044971954,0.155432211957549
-0.124551187006334,0.124169735435306
-0.209305606133474,0.252916818400423
-0.0287617899855028,0.0326840888557855
-0.0133133281278842,0.104222419036975
-0.317016880643726,0.378504426833861
-0.0789344662916632,0.00137500138028596
-0.195174389944939,0.143066979972171
-0.355711456080353,0.035637327056834
-0.187332206668392,-0.0855217376901364
-0.443858734621631,0.138983977852988
-0.361216200914833,0.0503793506321914
-0.311061827661025,0.00638528123998118
-0.247742462167713,0.0372161463782393
-0.324492714130962,0.116142715787305
-0.266144362763463,0.0562127486440632
-0.354291527662765,0.125252277235317
-0.254607941453501,0.138539369837615
-0.229921540875911,-0.0511327833903332
-0.0112997037255039,0.0081443656440595
-0.234808010147715,0.131036249688451
-0.154546993267235,0.0508671813683484
-0.276372349619322,-0.194454077615132
-0.277393494428691,-0.189104022301075
-0.203934466291663,-0.268633899812498
-0.0788657704960156,-0.321284449891438
-0.118786338537747,-0.120772911150193
-0.139148429717509,-0.393037520918074
-0.0652916652863807,-0.42191342750496
-0.0366204515124968,-0.141244395406928
-0.0488362667515143,-0.192764533327144
-0.0853644819869342,-0.43155784671081
-0.0626421338958382,-0.314763502657053
0.0265432332638853,-0.281804549942057
-0.0947778340036439,-0.321585010219519
0.078864283489573,-0.49351472961016
-0.0587776211247344,-0.423785157545572
0.0221904819447442,-0.471069842287186
0.201616803771916,-0.475816738096684
0.290577459695641,-0.377533981434772
0.288443680095843,-0.535317550229083
0.262269455137674,-0.40584946261496
0.304767811938848,-0.502196184403358
0.0696108192349284,-0.493132242761892
0.226223095619504,-0.448750274275198
0.294689757066929,-0.458227427549109
0.281957633835133,-0.597139449005418
0.301514684074397,-0.653647346607658
0.227526039714122,-0.497279334901726
0.344051126711888,-0.333200259878132
0.212279911764788,-0.332761512743491
0.315168298846525,-0.574088095274758
0.316686220537356,-0.698257716470244
0.151786891886165,-0.464181233757538
0.293269492960118,-0.542831194906731
0.29276537904824,-0.651967872981787
0.268090964340627,-0.493854273698807
0.186814467613781,-0.705778939946742
0.344430712395124,-0.704837033171917
0.456693782762941,-0.743349748117117
0.478881923334811,-0.589461466384703
0.279702006515088,-0.653141400799986
0.334831853004854,-0.559774943476059
0.390803864200359,-0.489902294193307
0.322638062197735,-0.666058062725827
0.298469743451514,-0.593933861024028
0.261479240325069,-0.651877144937711
0.304720902857747,-0.687254503151827
0.152472832879566,-0.568987002219094
0.281648590154332,-0.542400471585666
0.108288533372815,-0.595620186055766
0.191019588688066,-0.609039723670123
0.0811970947826344,-0.510880836671578
0.319309900057308,-0.67376698637223
0.253241595139198,-0.727920086927655
0.182917474956653,-0.619134428283571
0.250337299672377,-0.60147448719867
0.145658186734663,-0.724399051688082
0.242669394936005,-0.68038979802128
0.130314742100668,-0.726310343675899
0.168465319117631,-0.690049067536399
0.151167555843054,-0.751128302964381
0.101346889261384,-0.63953882752304
0.149184027635512,-0.552441163824336
0.358902247188753,-0.583493330923266
0.0681119905030554,-0.622012803954235
0.185364464501197,-0.57224490077465
-0.118111940188339,-0.666927735345973
0.189320550282821,-0.669842636154434
0.132039832708361,-0.48702329324633
0.177995245233571,-0.601925817259105
-0.0115569319791261,-0.580574076965761
0.0260055055526321,-0.65214816196956
-0.0664452425348853,-0.547922319381537
-0.100166589430342,-0.55598736082434
-0.0319988443224946,-0.565750644082522
0.0685223478886418,-0.660205282815539
-0.0437819998702069,-0.520972697679782
-0.162344148241699,-0.392459100135568
0.0656049861010833,-0.483190450267538
-0.0350207384175329,-0.417796823423633
0.0213408786830103,-0.594648305078192
-0.00623395847265413,-0.571517445586498
0.178300463834149,-0.503847647520294
0.0210753089213437,-0.677154466608806
0.133313166626178,-0.541489663401746
0.200508255607025,-0.646681185029498
0.0571976418638023,-0.448876212109271
0.0506443266365525,-0.575350329291711
0.183713955640864,-0.545614294409552
0.112996041204367,-0.596591886408691
0.356636265921629,-0.588182036385906
0.134755234990876,-0.601825226050418
0.335927543113978,-0.65320975556683
0.163098543979087,-0.704680516417976
0.287266037222335,-0.730244836768231
0.297634937530603,-0.857273966107941
0.210169862107234,-0.712950833455536
0.182505001975424,-0.639696238809872
0.0609592637984834,-0.802232989695871
0.233676543510803,-0.78068982768347
0.281117091717623,-0.65144039504332
0.307688154560715,-0.745210513861991
0.389400909819437,-0.763600815399221
0.218594996871388,-0.764674633580962
0.253347560762498,-0.524656316374409
0.267395163447909,-0.692946245751459
0.369233897747863,-0.709008710662321
0.432060835835614,-0.627807687750782
0.440414535488498,-0.813756874679356
0.433503722473306,-0.819669226647399
0.519482106782815,-0.758821319384925
0.454805947394892,-0.732610713764412
0.447224223923092,-0.593994330150351
0.489392389763279,-0.735146170937297
0.552541081491291,-0.68896051872999
0.624857899612407,-0.61698858518509
0.602660127223716,-0.64849150287942
0.637790996571995,-0.51923607317308
0.564924834725193,-0.512497060905786
0.673281757953524,-0.625276357340485
0.559088669912275,-0.6817151496755
0.601366542719461,-0.66379417540776
0.661446498040112,-0.653650868711889
0.762079386295144,-0.60422014126626
0.688283189881212,-0.669525367330875
0.713607729365695,-0.649311298025559
0.762200835569961,-0.601403563597419
0.691487585336989,-0.6750865382041
0.629097191350903,-0.601187991215943
0.713169340094606,-0.672859501716676
0.688590701795723,-0.708565908984215
0.715516268787373,-0.682036386934511
0.663831005248834,-0.623427892141991
0.701807313807944,-0.68061851628022
0.644133523099893,-0.744943381013548
0.645054751565141,-0.675703378555036
0.603695103981362,-0.758520154107628
0.527075433294267,-0.8165359942969
0.522365368024194,-0.815457303138906
0.470691482991686,-0.845264568921485
0.448487397610262,-0.856265016699798
0.414967748462453,-0.882076833918676
0.415732459993356,-0.873521812123319
0.34600232774373,-0.903677783789888
0.309142180839838,-0.906483419354409
0.274963136733492,-0.922135861787467
0.240827114075979,-0.928976606890418
0.302125615465577,-0.920800860500227
0.20270996425995,-0.893223512794007
0.18216937475087,-0.836119033967409
0.158756970698448,-0.793583144698708
0.149300123059482,-0.747055614200229
0.0949959371467897,-0.697239743863151
0.133794978975981,-0.846048863485246
0.0778562785680871,-0.75893921441168
0.083887147950131,-0.716914317613926
-0.050668524657857,-0.722049077313313
0.0154834181486563,-0.764678344088549
0.0162188939062583,-0.777654234520152
0.203681394832068,-0.862790722849571
-0.112348281183206,-0.827756891882439
-0.056329842091869,-0.800255091619712
0.0736140072062891,-0.730441570316952
-0.0399877454642086,-0.802257053800435
0.122999412931287,-0.741480699300712
0.0521101876069112,-0.648259804506171
0.0103664063607368,-0.701171976354214
0.0223730871160585,-0.673493796458456
0.0817101106473783,-0.664738673811366
0.277268254776955,-0.634230356274943
0.134926534117951,-0.695637887516972
0.0450026069836921,-0.661128438322205
0.284619369118384,-0.684730457325719
0.104411299762707,-0.645739409724534
0.303536330804781,-0.597913835881341
0.190704866601792,-0.602320312884992
0.43088908601293,-0.628498651014912
0.370230293621902,-0.526210318320866
0.321167484259191,-0.588429333689318
0.43833567197138,-0.480519164588807
0.37841906070547,-0.530687148656631
0.389835256396509,-0.451038600795715
0.441823774335156,-0.421073151020889
0.640848957749804,-0.246950539361181
0.674594812406672,-0.219867437358509
0.528115762260287,-0.365687820372407
0.719754032457297,-0.338042990203281
0.722930586902264,-0.403206827578983
0.717518589498247,-0.30473946765259
0.79145919479222,-0.246716146302336
0.703364969293805,-0.176970860398573
0.712623847257359,-0.255062368174359
0.730632614518044,-0.196828967724021
0.848055150608556,-0.155020211191415
0.837194982078746,-0.11196112522405
0.768949398120314,-0.0869189117191856
0.705014444874357,-0.103517796522201
0.688039462297228,-0.203215166301573
0.687523041852101,-0.0697375767563715
0.755471097168078,-0.109155843225007
0.764341869672058,-0.104509770113023
0.671466220742992,-0.0881227177749171
0.798900143447304,-0.133034535970445
0.818586432981683,-0.0794566318225873
0.676741202718865,-0.0986898263490652
0.736969490965192,-0.04566074328762
0.695753171601866,-0.0790261492156731
0.82900771684319,-0.0934205372832823
0.858541381162746,-0.14577218213279
0.808557981070856,-0.117392721129433
0.762432116930265,-0.0773264056392968
0.859982525543949,-0.177541987428435
0.911511776633863,-0.147073150955464
0.917147485145205,-0.105121909630036
0.834074007069258,-0.250959032344995
0.839837731128435,-0.102131929190374
0.663384200804918,-0.0176093081487023
0.760655038348182,-0.136183062015417
0.896194961320298,-0.144818402406504
0.904416925367735,-0.128194945939802
0.690551440311886,-0.128998577663724
0.816166852674501,-0.129306953032075
0.930960132233385,0.0199572296700076
0.921631406548831,-0.0752178692657701
0.892991295125981,-0.118846822735046
0.870093107101589,-0.151622297734306
0.641479180129234,-0.174331203760014
0.701445617174336,-0.145326683630387
0.795589961819371,-0.24046125586688
0.761814628437607,-0.111133732641722
0.924483589013454,-0.272182735873514
0.864173342424618,-0.236574545452027
0.850165716856889,-0.308247580653557
0.917526302565621,-0.307319975581229
0.905854368160696,-0.362086182497593
0.917617162123822,-0.307398789727421
0.913733339704565,-0.358429223454871
0.906476746577537,-0.37248780691523
0.906380944613842,-0.372014214146908
0.934815987339206,-0.312531784928318
0.919794448616136,-0.359506294057241
0.939235287800969,-0.30165141309168
0.910829514830636,-0.271637725061862
0.859004621145868,-0.306214944904217
0.884475514519595,-0.380814789608351
0.922532533924412,-0.350391114688512
0.937343383950696,-0.314474608928623
0.826062159660113,-0.345494936030877
0.839234358002384,-0.387949646491721
0.857015157395819,-0.376872210181663
0.876547694432107,-0.33192140178264
0.923859784926939,-0.340835288759624
0.867996318296664,-0.241369079391695
0.869936643302942,-0.239000617187303
0.871990615895393,-0.322876449238233
0.881210858630218,-0.259307767506069
0.894321363282979,-0.171052580855603
0.891901351455893,-0.126297168098477
0.867263039225721,-0.056520498283135
0.912379530055614,-0.0980052991692205
0.886722105387376,-0.0706892398077536
0.953208397639207,-0.00874705705112037
0.92560897545392,0.00655605775642682
0.808179847279315,-0.193763568969466
0.87528595111269,0.00602891918352769
0.87582121771949,0.022164144595451
0.965207632346078,0.0134997761132975
0.973059315505382,0.0247274878178178
0.978828746485719,0.0347427000930633
0.947223350777098,0.0200688208857656
0.937992050853665,0.14608668581117
0.84865992601145,-0.0184849792862265
0.950215617460224,0.160897114230403
0.931351022998769,0.226532236842789
0.940462025406989,0.205877032693388
0.936815003417792,0.216052049139458
0.93102896198702,0.250202847881152
0.889390468159257,0.271538385041172
0.80120418148983,0.265102329103517
0.898725724473322,0.328770426247749
0.916686535036733,0.331289580660962
0.899574310143872,0.349030132106447
0.900151139962697,0.379931181632438
0.896994340369037,0.403924300886007
0.803824589583567,0.424356651614596
0.886126674516914,0.406448860240078
0.888113271205579,0.386106275162683
0.887015388691773,0.412694786417681
0.879019530914237,0.408869032447445
0.857611271239511,0.47930957454758
0.838284090235321,0.494885187405774
0.824444287463126,0.539255385248006
0.809533982509244,0.538931467395893
0.775277808438248,0.590279942962095
0.793975424496806,0.569082523483453
0.78164757169073,0.595353559874995
0.7978112489821,0.579564285552555
0.777816626620339,0.588275935970865
0.796107133031282,0.574146708433954
0.793906101889733,0.584608984248179
0.779900064418525,0.604072484580348
0.792913620974537,0.564060954809911
0.779516633800909,0.594436877895705
0.73811397331921,0.659620850573972
0.736295941971889,0.660837301719491
0.733291129765489,0.662532066736017
0.748401157982845,0.646268416078316
0.73141953325492,0.663067900740394
0.709417202185604,0.68721813423294
0.652004403445472,0.614163545339689
0.72483269833343,0.668132998166303
0.718492622013073,0.666456810436814
0.659065415696544,0.713406201412507
0.673509859291039,0.701369876985961
0.651448818751364,0.714987029559695
0.605227160621209,0.750967877586504
0.586438259614014,0.768903150394218
0.579824236910896,0.765328231708349
0.569398047059797,0.773199730957081
0.551728264480446,0.780303299227028
0.549239926844335,0.797011774010841
0.547243333325474,0.786469571957382
0.566949460385294,0.778213201881042
0.55640965717291,0.790043725530963
0.584668072283901,0.777616215035061
0.626872336352394,0.742164181265469
0.612040289957505,0.751976862320929
0.671930428489798,0.712201173168296
0.66309936855726,0.718611545308635
0.686797732052429,0.689540830768715
0.696315535014863,0.685581600064053
0.700525239309301,0.691341268033276
0.688250428830457,0.704541003669364
0.683387001451323,0.711607943773752
0.69952425108164,0.690131821847738
0.701693809722213,0.686053668305883
0.675047895261567,0.722804917366862
0.676512887314841,0.723427310196011
0.692125746713363,0.707209437545077
0.701852153599088,0.699800332448164
0.708188132212985,0.688011473067501
0.721261194040521,0.656579580421246
0.735317130433219,0.643965555028403
0.749699625331463,0.583638621602519
0.741589220705464,0.627409023292803
0.748376102388468,0.589310328221711
0.782154777090879,0.57356766737301
0.776404332779288,0.595213927096272
0.761069085821848,0.625592161542916
0.767405414483459,0.610950593087289
0.764888896278786,0.631956399012733
0.743386210334577,0.648083323781148
0.737647367755282,0.646844648841945
0.705212493065708,0.691100383174706
0.74092434136794,0.647742753206539
0.685598951451817,0.691401394556464
0.733205314174065,0.648465136541277
0.697879819780943,0.681042152691718
0.714726723289471,0.662675831921061
0.712010170871766,0.669286818209115
0.740874717588743,0.647179795377213
0.720189052082637,0.670590358127898
0.721942688127665,0.657454064638316
0.722963990866703,0.661745946574653
0.670182351561144,0.721023227492381
0.716419038220574,0.667512199977481
0.688074546914943,0.641371757352903
0.65617088087052,0.640740513215597
0.637753221643206,0.638999079632483
0.647083266716787,0.626957251606385
0.645197362904012,0.614294795357387
0.652638037089686,0.551473797883784
0.688154551826529,0.520789516894356
0.679475582638149,0.426080142296845
0.737391447706228,0.397829089487706
0.686407806627926,0.505847833849627
0.700380428647616,0.357633471983458
0.676725742367704,0.552961268793634
0.745034106154871,0.557358917507153
0.692808734385743,0.375839350004484
0.639163604184948,0.517237915290868
0.728188217789586,0.338713670791878
0.697031781638073,0.392507159613725
0.602587981677683,0.231003155716772
0.604807621524011,0.243450470694084
0.510777834954594,0.0692921378141865
0.472704759937973,0.00519710624923413
0.457381777345914,0.02667854360636
0.362067793603613,0.0140300405681257
0.495773964669075,0.0704780544005763
0.480424888496982,-0.0961973062466278
0.336652102926004,-0.138034250933942
0.291187036525344,-0.187172232489
0.262088140571406,-0.294103217256117
0.130815510137087,-0.254258780947057
0.117726990347453,-0.20350505644062
0.044377552085668,-0.1904406677959
0.123122622101724,-0.296642618586169
-0.165114853194227,-0.176572962577463
0.0576476633083753,0.0516556404114672
0.0640447874449351,-0.164746915259936
-0.0155520216756024,-0.417418785451873
0.113137084989848,-0.334985632785069
0.0939600332937069,-0.264122971058763
0.192606478078267,-0.238677123516058
-0.144629959982581,-0.356024567658247
-0.00137500138028596,-0.231366100187502
-0.185666764514675,-0.502402015063492
-0.0884243293115927,-0.292605209440137
-0.127924410425742,-0.420516338954264
-0.00228840894918081,-0.442410578179991
-0.112345802380576,-0.629312329192042
-0.0377362423065453,-0.598909990403963
0.0247531382638571,-0.665967983668572
-0.19840005566467,-0.518241296848346
-0.0795911591323111,-0.632731751510291
-0.0724509486521526,-0.739283267454435
-0.266064270706144,-0.707379641563753
-0.101294778642872,-0.601088195434644
-0.116343679408405,-0.762121179914493
-0.170373000353505,-0.8034583132754
-0.19349488760504,-0.738460663927731
-0.205646482160732,-0.650150262871938
-0.04502617648775,-0.767068695535671
-0.288035145185943,-0.813257986909408
-0.195625982235927,-0.856506215036227
-0.251220893561004,-0.85820956132955
-0.250006999514154,-0.783113681791485
-0.300654137681762,-0.862378667561238
-0.341234287088634,-0.898834492943845
-0.399844624862254,-0.824065674349906
-0.40398553475754,-0.860360556737551
-0.358969870804117,-0.702162755943056
-0.480586073326383,-0.75825011496822
-0.498076748654125,-0.784522147918321
-0.481752444803003,-0.789314928325283
-0.535784097402549,-0.75133014429299
-0.542543472610578,-0.748599345805736
-0.518880208199118,-0.805960510276993
-0.573638846482674,-0.77214488315122
-0.620082108563342,-0.730586369548992
-0.575087558519156,-0.783526676139972
-0.534459728302371,-0.708989483540574
-0.579051269123888,-0.722098392474931
-0.565529569793203,-0.7529515493572
-0.595779676576888,-0.780640283661393
-0.610442431113377,-0.763079864996834
-0.580854046587366,-0.795621942556553
-0.495378068928134,-0.833057198701661
-0.578309145574317,-0.770793486036566
-0.47106392840101,-0.787415787829141
-0.473274713006902,-0.789291827490726
-0.578746788421822,-0.803420727380031
-0.534481139459665,-0.83344012441172
-0.517958586379623,-0.835008636165299
-0.531427063368275,-0.821433920359207
-0.578918228383253,-0.78839485636754
-0.55069184785154,-0.804410082333559
-0.546772803378898,-0.814125955841189
-0.546788833550488,-0.822439894575328
-0.576484718306406,-0.794707440747318
-0.56775285258229,-0.795357293705215
-0.583742539706495,-0.768368007186943
-0.442696233677345,-0.804593378218207
-0.515277381319969,-0.750261859181767
-0.512955321790918,-0.740704650013894
-0.522480179564158,-0.755865938858703
-0.461316133764306,-0.729187382115783
-0.491377805373912,-0.725165747445328
-0.510225089883105,-0.712316164569088
-0.537719085701587,-0.725177574502236
-0.445839266254527,-0.743507067111403
-0.536559716930446,-0.671148505714821
-0.388554589348547,-0.459285413187598
-0.405723081491444,-0.564545407233225
-0.370490436652197,-0.659103438487496
-0.42612591327125,-0.686884001207458
-0.405139343795607,-0.644501011362565
-0.546280256629954,-0.623276940927076
-0.472515926643493,-0.675098781216626
-0.549622311253806,-0.69663235202776
-0.669533083345597,-0.63885840230015
-0.660005707289281,-0.620457863976994
-0.727801130509417,-0.518459488372071
-0.7490064334077,-0.608940582819762
-0.77585350953013,-0.575002529750803
-0.794572635027989,-0.588320776029093
-0.812949051639127,-0.563803418378669
-0.83617076604421,-0.52001563501474
-0.820593038355136,-0.531916954359985
-0.825120527227016,-0.532983265425541
-0.777475037186164,-0.573252523650809
-0.790696372388059,-0.517074206880717
-0.83379052790225,-0.520986767231558
-0.839808507715007,-0.469529718535435
-0.799248384023267,-0.506898760130533
-0.839701866310442,-0.448932816833998
-0.851900606458489,-0.446882359369372
-0.835259971891867,-0.437349695480664
-0.799121292821411,-0.47343362065024
-0.813780183940339,-0.453962634106718
-0.782349785201768,-0.485786332667921
-0.842285519876619,-0.422025375596836
-0.851327142801598,-0.435712716712329
-0.83325539601711,-0.455073161831706
-0.855097777740522,-0.414802186036472
-0.86407131421727,-0.358734072169749
-0.855352049605582,-0.3534201712826
-0.894651282482745,-0.334493013955098
-0.889049530086616,-0.38969484104076
-0.904280804377687,-0.355011214485654
-0.952589635413198,-0.240845109895817
-0.942942980445453,-0.289051139356727
-0.950512890055569,-0.220497125027942
-0.921786279433088,-0.313398318016122
-0.902860363710353,-0.262889369656651
-0.912246662512829,-0.232568466894394
-0.952476830244342,-0.27112478559139
-0.945917219303684,-0.279709073980491
-0.925453110381038,-0.296252475300664
-0.948152940520807,-0.279243174895162
-0.940653193634912,-0.291855031138629
-0.94365563233984,-0.306437599286931
-0.929209305112779,-0.326976292682305
-0.939685370369805,-0.304668254381881
-0.943733555575558,-0.276008611066745
-0.943361351295168,-0.234206252518718
-0.962999110417499,-0.210147870326449
-0.958716272183023,-0.199846848583468
-0.977541545951003,-0.143937879026595
-0.955085107910236,-0.205594115033344
-0.960951593523873,-0.158288456742677
-0.962396116006759,-0.190995253902473
-0.943036947726317,-0.120153280004972
-0.917000850450636,-0.141176323329036
-0.966453929344581,-0.141481686901044
-0.960514512956125,-0.196108635776747
-0.972446529068417,-0.127127377037127
-0.974725612836564,-0.101837497299215
-0.982043418175469,-0.0377041036900131
-0.970396510064201,-0.035900993355731
-0.870812036435216,-0.0511013487586057
-0.972682415809686,-0.0280339453362729
-0.969831760766577,-0.0300277231310066
-0.913554791343699,0.0491726852311049
-0.947965714453639,0.00463768316596328
-0.979898836086456,0.0584964196106121
-0.949841017534511,0.0872453650935417
-0.883400524185129,0.124527847014821
-0.884039573530935,0.0821775152962729
-0.953673704635022,0.0863416990006989
-0.97892717241743,0.149797780184449
-0.974586776524392,0.0974079157537408
-0.856197243637256,0.179155429574707
-0.893303167563168,0.157061364177181
-0.968660879509022,0.124613009025004
-0.931905663085151,0.152525646080472
-0.966947510002989,0.17103116350318
-0.950197999723764,0.182064935580136
-0.970483911002444,0.193559871741235
-0.97318397213835,0.176922899627024
-0.969379611984965,0.173315655349182
-0.96438247596474,0.208467331372193
-0.962712126217442,0.138908333716878
-0.960724265730508,0.073311382160931
-0.901803722734622,0.0548149235081863
-0.783879273166688,0.0771742660162719
-0.94936364294549,0.0624116692991479
-0.947795821893673,0.0151775336975949
-0.951810948446225,0.00833255055438067
-0.94107695794031,-0.0708299377446638
-0.959671086069776,0.033988529714559
-0.848129048325915,-0.131404637847385
-0.943354597047787,-0.0140348840903093
-0.927223023255174,-0.0777052528359884
-0.921224510301568,-0.0148836357627538
-0.913274159726136,-0.0350943728339194
-0.662892273741219,-0.0722953223360131
-0.752658047351611,0.00380455447493308
-0.796974459117467,0.0737062630352704
-0.83393434757108,0.0631011095172623
-0.795409455389518,0.0825862205606257
-0.792472319287701,0.123424457394676
-0.697668632427922,0.0965696098509681
-0.79963087762958,0.190261246420161
-0.831266642775347,0.179626086009626
-0.703639197684897,0.209337160013612
-0.725111264852968,0.257415786751688
-0.626170613227598,0.398218124229442
-0.661548851379816,0.447687832923449
-0.673626064187449,0.542160514679451
-0.646375495030898,0.550714532677331
-0.680202689781071,0.649776611403853
-0.552548120136741,0.674665786315684
-0.525438249628154,0.725687968655073
-0.576693443523267,0.695245763340183
-0.504642771916838,0.769951325363429
-0.458813576475926,0.782242219594799
-0.403460898639355,0.823517271314945
-0.388269109815703,0.843892239636393
-0.384127800256142,0.831826320615753
-0.35189373035422,0.847766469318094
-0.311978886045636,0.847277133713859
-0.299485607268116,0.844801165118798
-0.279783317693178,0.882301675804291
-0.273072222317252,0.87237487908454
-0.18215604869142,0.911651912064927
-0.253868192730766,0.91649336012535
-0.171533902693519,0.908544425970959
-0.213326109224831,0.942452743469794
-0.235998626089228,0.906680716410204
-0.246426939864387,0.94437925610873
-0.28935511687816,0.888456407171512
-0.219771148793127,0.880968890205402
-0.229493187707025,0.874867283824233
-0.271263786362872,0.84439964431353
-0.169280148744016,0.676908544245504
-0.23526024952878,0.772625392298869
-0.0887608075760159,0.76533173251109
-0.176373405202568,0.780049489772452
-0.187802834582062,0.734866816135598
-0.0258937572409251,0.704774605008417
-0.125510350855041,0.727908993186874
-0.131632714826073,0.648363001513874
-0.260600176645745,0.817479872881308
-0.297945469049669,0.658237499670435
-0.253754225439944,0.83647448715042
-0.169632076694263,0.733130127044679
-0.137708918731566,0.739786662249835
-0.202378246972879,0.825926757491066
-0.286838544088113,0.762697175269983
-0.279257836469343,0.817604887642012
-0.424861836491736,0.758397386359499
-0.372436350686499,0.858549160573691
-0.368759586168663,0.76835044727357
-0.437415593889736,0.83722009812199
-0.536489719026185,0.739332026103735
-0.412269323253379,0.738942137071643
-0.472447150995513,0.670356579818663
-0.593060302832432,0.625034385227141
-0.635887739950332,0.695761668142523
-0.632982520077335,0.650075990695067
-0.702572482593967,0.631547403602695
-0.530173998995562,0.60439797850567
-0.568674828293326,0.593802274135644
-0.732274823033295,0.538848295029406
-0.780388363636454,0.44766902034332
-0.774955245597554,0.470424229073312
-0.801015615696328,0.413907189190733
-0.818771533454894,0.494359694741643
-0.836677668557572,0.472366548542782
-0.84528498093656,0.460903194101884
-0.854420012387093,0.461923839397998
-0.844671230777275,0.473345620373926
-0.864713819611284,0.458906296754275
-0.811822549394799,0.47171155025907
-0.858409724661396,0.395038371100949
-0.858020669078536,0.46518988120573
-0.859680101960523,0.453109654928646
-0.732371897184042,0.552403741773085
-0.820590981808368,0.497751344864018
-0.83006695966465,0.472770484284361
-0.851163084367039,0.452676218909166
-0.841845798477885,0.479820090986739
-0.801888894972981,0.505201270114534
-0.832331561414707,0.482305926814841
-0.893480855726665,0.3958920527074
-0.854596283822753,0.341687594426787
-0.89257549520399,0.353187819114964
-0.88688037489082,0.332819572983729
-0.898885168712992,0.169922779220341
-0.91574342292579,0.190061782125602
-0.937461040380936,0.088678714692502
-0.81586202437647,-0.0358608216839004
-0.883438253751496,-0.0896329867335837
-0.921819627290167,-0.118922391167607
-0.920857029309222,-0.050224448795329
-0.892682807284449,-0.0923797646193692
-0.864293913711187,-0.217633257392439
-0.871255640078995,-0.196902475929513
-0.888008712357088,-0.186800546083612
-0.899927540451413,-0.226620415159133
-0.85821141461948,-0.26081198792144
-0.824154493046352,-0.302922446258278
-0.815112597472977,-0.127656404982094
-0.852938363990207,-0.208049926368503
-0.805120466790204,-0.2560169094612
-0.757077421095946,-0.32082118848307
-0.814474141179712,-0.232383230050238
-0.751455795474926,-0.336689434460111
-0.744016052273311,-0.333211969544404
-0.775173389624565,-0.376858650176867
-0.677693757442336,-0.447936378593572
-0.663226954794636,-0.516645759757183
-0.514883377298256,-0.552956500862955
-0.493808474463243,-0.579492890968194
-0.360811694724153,-0.657906324258884
-0.292794091617941,-0.71554561786198
-0.034232429083528,-0.737961444317534
-0.143601117534526,-0.731334795124947
-0.15088773964614,-0.815761298775519
-0.104977930048123,-0.824747633049388
-0.220922649932214,-0.810655955043808
-0.209568037026136,-0.891232440524899
-0.0465588181991639,-0.847511716727057
-0.0277023544664686,-0.869098249431576
0.0247004036537629,-0.807865551706405
0.0285720411627207,-0.856429278522312
0.167680348419243,-0.893204089890833
0.168774815359699,-0.850677168507698
0.127938450462217,-0.85605867683244
0.198112344720438,-0.824783856455613
0.148819920621206,-0.781897130700363
0.147221387219195,-0.793588823433851
0.175675393608957,-0.86464157828556
0.302023360486537,-0.751350297596237
0.220597936441328,-0.80644952648116
0.250306546169729,-0.790957984250409
0.297651210680888,-0.83653527518061
0.296209055265834,-0.864573455080418
0.346326341298761,-0.726824248311573
0.341548955042157,-0.774392923558221
0.326436103278206,-0.791660467894542
0.32400186520375,-0.799098070311451
0.334194595778578,-0.81971542171904
0.346343887831261,-0.890092124386265
0.352650822378747,-0.811372764724722
0.369771693923115,-0.761016281629634
0.396253924725257,-0.781548985229901
0.426887012296777,-0.826249832890989
0.360983612488293,-0.727064292406104
0.414804980224598,-0.724217942179091
0.510341840724355,-0.772959105685678
0.34771824995957,-0.831825720964022
0.350364370085695,-0.815174458964268
0.42689165847235,-0.827488217453275
0.423391674134989,-0.778480504772479
0.383617807442879,-0.733769081122816
0.536163051548728,-0.76415047656961
0.599085130619501,-0.706007544586524
0.563041587039856,-0.663920121454688
0.684629061256507,-0.51296513112307
0.587591484487995,-0.493020440794766
0.635047338215793,-0.591215995224391
0.522420226468775,-0.686302831860795
0.611819010705978,-0.649146016474276
0.644570673100586,-0.585171096108606
0.619405717493252,-0.571796430987619
0.681535780274395,-0.605193280019179
0.663473482617369,-0.517748314078914
0.494775104074016,-0.506290117691324
0.600684645068758,-0.432413997533728
0.488651787486189,-0.517515917296921
0.619093634388553,-0.296686062084279
0.533168000230292,-0.340905718573039
0.652847689323372,-0.321869489946548
0.585706175950408,-0.389535616701409
0.632889208458327,-0.441438077347171
0.791110265817215,-0.488422924950031
0.844050819317391,-0.482783245395347
0.864733747648042,-0.401456084242208
0.687968479515278,-0.46313229246177
0.756849015966838,-0.477287702952779
0.881235532007499,-0.347803138445216
0.695837107129094,-0.48758254975382
0.545912623656715,-0.420030434611603
0.563090952895251,-0.477991211439392
0.580463440012161,-0.403034953852523
0.544764196010501,-0.48437925748112
0.469998271189669,-0.258648443529581
0.431484892417745,-0.347749854181375
0.382651327467525,-0.308977656789512
0.439957717815256,-0.311741549690231
0.207211491833192,-0.335804817506252
0.324864687975402,-0.447238077119864
0.338743632141942,-0.414986365134248
0.34653629322473,-0.506549689642958
0.0752156560822855,-0.285111352017046
0.24058687089862,-0.292636446066052
-0.0824517180748134,-0.351760507825452
-0.0166033440388893,-0.16481911782193
0.0854507409650209,-0.0734667645611491
-0.0329461058720622,-0.301699684722416
-0.102879228931665,-0.265287959021254
-0.218594327362956,-0.160813056922828
0.107341826854116,-0.273489201448501
0.00258837263324203,-0.18547492324564
-0.0845347109126503,-0.247216896130349
-0.21612166595083,0.240785311074741
-0.0636310001885046,-0.163782163017809
-0.136645630942309,-0.312964149158431
-0.192009550223143,-0.14828403236697
0.126158777128432,0.0388269540141929
0.00306106377045756,-0.388773042932427
0.136256581626889,0.0532373007451013
0.168846695302733,-0.167773932401791
-0.127978888341106,-0.0212618577597175
-0.0164220482684309,0.0483340604578209
0.281658656401381,-0.0479640019421959
-0.0648004133842596,-0.00467333046631613
-0.105573637704853,-0.108709737205421
0.0693214056857861,-0.272356385318001
0.0917954804434261,-0.0037046153217032
0.00602612858107569,-0.111910437485139
0.0785632994142699,0.0145647694856643
0.125588805974228,-0.0288005837876361
-0.0835958206684198,-0.0716300659467677
0.0197473216756,-0.00554683061336625
-0.165111958230458,-0.0945704827490153
-0.102894959407116,-0.0409125395218177
-0.191967253580681,0.024971339891164
-0.0603943005910819,-0.170280834809714
-0.282223287095515,0.139703190494257
-0.211329077176285,-0.0217667076721647
-0.216374506789804,0.135167825476115
-0.346463534117107,0.181488095957016
-0.295665306099966,0.0324126476823818
-0.0534525471212847,0.231576345866758
-0.0615238530946645,0.0948686269096604
0.0503261695500383,0.0829449698322971
0.11728458255895,0.269924106186987
0.186167202125855,0.136307624388872
0.0345902397111949,-0.00378498910913191
-0.0564516864709514,-0.0793571413547754
-0.108152996774421,-0.146928696830045
0.0256571607156345,-0.0623734099237658
-0.0522047436384465,-0.134809231114974
0.176575492125822,0.0621072102508189
0.0383148095784735,0.116033774309183
0.0773096464844771,-0.0111575437438342
0.247979902983035,-0.216635684160134
0.271312834237959,-0.148326843372784
0.14347117123706,-0.33141372681969
0.0644559945473234,-0.332923958271094
0.117253187928152,-0.0849857891948343
0.082413437763912,-0.170512739711835
0.220147490396409,-0.189573009473508
0.226938056220872,-0.343819666234186
0.184376241461084,-0.207069289875434
0.186990650655053,-0.275183744330839
0.131947181628918,-0.364633256153024
0.0760670632544189,-0.272315831080647
0.145603534145489,-0.20238431928417
-0.00496891518933648,-0.32365217865504
-0.0224157922075514,-0.283513666764401
0.024964486328672,0.00725533252966081
0.0978480929868231,0.130646390174303
-0.0606067457093106,-0.188893004233863
0.0518134356101558,-0.19168314632527
0.108027528735941,-0.0850188567485496
0.190039325070426,-0.0677979433533651
0.108698877568331,-0.17352290083757
0.0372683491253113,-0.181987597383047
0.125573502464129,-0.0192684246756593
0.116994286332329,-0.384483064741323
0.029986822419591,-0.239638869315178
0.157800415862805,-0.000786376839996823
0.100234686524169,-0.133009224094202
0.1770391417177,-0.306391311400469
0.175594967239887,0.0212350772482758
0.000224880771541258,-0.300369121735788
0.168834362210208,-0.301570386132493
0.0494716719774088,-0.146539394227569
0.219105345345457,-0.128750188891994
0.139706012782182,-0.171390794075775
0.134279383413542,-0.390114215041082
0.219669013501571,-0.195331875560785
0.0849416192119957,-0.411469207761307
0.0878342079437218,-0.338151370849535
-0.0436168490329589,-0.185863580326764
0.226433288829262,-0.141011742188199
0.254902976382968,-0.115458222758661
-0.135618966857385,-0.24075178560113
0.166705631473567,-0.3186711173837
0.0792518405239094,-0.233211748481129
0.0829075100731947,-0.10521241347661
0.140252168646564,-0.172515815311047
0.038094374017617,-0.222537743882245
-0.141215639362963,-0.101424898313234
-0.0478181093022602,-0.322673869918619
0.201674584729882,-0.117688433993186
0.029385641813257,-0.29468854224869
0.150474751583432,-0.386274909073041
-0.0986680524313128,-0.467307307379107
0.0124246303947258,-0.168582523388049
0.125266106766953,-0.0894090894033244
0.282606381305451,-0.0919243292284531
0.320285564238967,-0.221518645998266
0.37690609154218,-0.324201194578621
0.426444860375244,-0.25434349934697
0.379167478137376,-0.327360277422157
0.521810329098454,-0.163368016302768
0.485820475132377,-0.0552979929421587
0.618228837424975,-0.207322339492793
0.499099016689529,-0.229049185534679
0.542789928483024,-0.336902619751779
0.555526334326308,-0.392883836015085
0.420002574772156,-0.0945353425738942
0.497595640612553,-0.258034018864461
0.551710511475653,-0.444573273946279
0.571768807154697,-0.448487520789164
0.546956209850561,-0.279699721980039
0.496785133427953,-0.333258863323892
0.504345503374782,-0.278223519488009
0.623172544745629,-0.214365449583294
0.564674737450551,-0.410272418809728
0.403324822165592,-0.58328128150514
0.526162602863404,-0.600072099758377
0.440812156944837,-0.524235145054764
0.499763830572382,-0.384834996643999
0.467228565965496,-0.50151769501511
0.627325997570624,-0.551528315394808
0.491794462790088,-0.420746852395007
0.499676722567033,-0.391893089195015
0.55796497334584,-0.517562295077592
0.444730992054859,-0.490051928186627
0.466739244408501,-0.562549701033717
0.498351627487131,-0.33556197665698
0.476994138832227,-0.440836730929887
0.643481548603978,-0.353989713156076
0.646361714447541,-0.438792262884194
0.470538992354789,-0.44680533890424
0.674766806180199,-0.287887401066028
0.511978758188333,-0.373245159435529
0.559672390970524,-0.170032283240534
0.618191482144527,-0.268055541514403
0.703887735166586,-0.0925232816429826
0.623170798416246,-0.118669674790615
0.740256185491282,-0.0454182614445618
0.67642734190917,-0.169057357019669
0.80307121347863,-0.199731874561562
0.81767199550935,-0.030866371223671
0.883130351570791,0.0208502200139953
0.963156381728132,-0.000377210785833125
0.883682250830056,-0.0281745564303996
0.912322582276391,0.00647073733631978
0.946044879490422,-0.0284011299225726
0.919851399100317,0.0173192214460128
0.967492781979306,-0.0407852746427082
0.871384237023612,-0.0683912616439018
0.838375228574763,0.0727317308310042
0.776426992825966,-0.05756729489521
0.83407302853451,-0.051387476571612
0.768972025879479,-0.0151287618644096
0.868218823825722,0.0286448190672189
0.812768425020173,0.0391322841377013
0.949882657065519,0.113629248909435
0.880368919404688,0.146976460450016
0.906689910210251,0.0426265304497191
0.938347976657879,-0.0677300175434482
0.966184259327688,0.0375528048874352
0.892273461340492,0.0735657071872899
0.940389011850824,0.0450893343404556
0.906635772966893,0.142165786554776
0.572769554049016,0.0475299996671924
0.662414686613085,0.0289428649241854
0.879963534845876,0.0137823489977428
0.815620814958299,0.0388303703537862
0.721913768739231,0.0204860045846424
0.874796320830972,0.084165192754032
0.86827711614639,0.0975882515701129
0.880791196346516,0.0833679589753549
0.944190665622229,0.0451522557766501
0.981242288360661,0.0128090732440776
0.986160024478163,0.0303559038136536
0.983765942861924,-0.00340306660082872
0.987257892075997,-0.0483867079675104
0.989402631534084,-0.0363835505840241
0.892172832866434,-0.126310409943588
0.91786558715908,-0.0954034327656506
0.915850991946634,-0.0815271413640772
0.896702222625811,-0.0721048601578231
0.89855750891153,-0.0289149577056643
0.873112770818904,-0.10679475848341
0.910248196883491,-0.00892852797364635
0.907631525900543,0.0231938825361674
0.933685619482559,-0.0311941018559261
0.909045593239286,0.0400919754517244
0.907425202811282,0.0619059723817275
0.979839691158171,0.0893796200392313
0.928620107386723,0.176048056097939
0.92299618916531,0.225931988681719
0.960782964996492,0.181130045088036
0.940789634087477,0.295336230655892
0.933671786412485,0.299747463780887
0.874476974205853,0.306008026546385
0.752896321704612,0.235043474046908
0.870007482537711,0.293279338766561
0.952329221692233,0.272831510289064
0.932010136907136,0.343029243563765
0.94717361018909,0.297327786439219
0.938841800562337,0.327352024141466
0.825871390423065,0.324465193911361
0.870166548473824,0.4333099429413
0.914544319488494,0.380790096378911
0.922552743915499,0.363538218423349
0.910187693388041,0.394118268407233
0.880585516999562,0.445312732405305
0.8886849909278,0.437320641392789
0.878576170780188,0.454064839494379
0.880755175975791,0.455485588994639
0.877927256627839,0.463419593377403
0.868392369829588,0.484392725914154
0.872388738619816,0.465746497371752
0.798817066529618,0.512096315207027
0.853984447217894,0.505099461977866
0.823664727978633,0.543694115285689
0.821868835036907,0.544318202232675
0.80203818081766,0.561408197297272
0.78898536005169,0.581362421096226
0.757422139499442,0.615366223755639
0.749868742220057,0.618267656003841
0.751737722799628,0.620654848690237
0.738628384489537,0.632454148472307
0.727548565881939,0.659986991102239
0.682260299633844,0.682893859623286
0.721718347164663,0.643678014745585
0.729095047870247,0.660878920345076
0.70396650660535,0.689673286212721
0.715509875241929,0.678351749687124
0.693939076747187,0.639239013810096
0.737573511102546,0.662369533095213
0.717055408995441,0.671964246335898
0.733511182702068,0.669299903521581
0.729511154498942,0.673426400464373
0.737962279321016,0.661489106665344
0.753508099734633,0.638495204014571
0.759303371644781,0.63829453617403
0.759300443511772,0.627004213648613
0.715873802541016,0.682126971890949
0.709388874181869,0.684624107458383
0.710417541081854,0.676359191083904
0.707058509950503,0.680526529468974
0.640913449368414,0.737737754601743
0.665822006374134,0.715695564562045
0.623311914974268,0.737814025394684
0.595481763651491,0.76906458734254
0.575765243065805,0.775181934747833
0.53514359370446,0.811445869168123
0.524538988915363,0.81606756874663
0.50197686530097,0.826221054921439
0.48614237646692,0.842167244484922
0.459909623758793,0.848037580527856
0.441257293815112,0.862627698147808
0.423939943251541,0.849208890270865
0.365144826532399,0.87887859800466
0.322478551476936,0.900393183963455
0.3429285527116,0.893695646716389
0.283696082611855,0.918572909266671
0.317361282868452,0.908204393861799
0.319787162814258,0.900506343959138
0.272804005957297,0.924492325620829
0.197387906483413,0.929698569854231
0.200711203333525,0.934000421022081
0.171489245529583,0.950831174690812
0.169093353788844,0.91913269805335
0.140817016637165,0.967151056342939
0.116850081588045,0.968346141559169
0.103285398572232,0.97800257627968
0.10625116475416,0.960005788293648
0.0277657679673273,0.936568716727409
0.0533186007264488,0.906739722529634
0.0724037610537433,0.978580926510428
0.0188623875997215,0.95230997226237
0.0501067975071434,0.944030001250283
0.0126457146665595,0.947441808152914
0.102381512590515,0.953237348081546
0.0856396763485412,0.950940981595197
0.0455084584683719,0.94964859063642
0.108186724585961,0.947717288182302
0.105435845328247,0.949109545039555
0.0986562175223489,0.985397184098135
0.127453980656191,0.907770892839078
0.0586517776352132,0.950154041860526
0.0997075744450352,0.956300167898693
0.103672619422578,0.948555934521925
-0.00445962729141929,0.950762760798404
0.0597748262697779,0.944010013972291
-0.00159140946551319,0.972704244344171
-0.0375913075976479,0.933509489790289
-0.100545971279145,0.927115429409034
-0.153451141403263,0.901489023900324
-0.11489596004116,0.937327724116889
-0.141742771918015,0.902410718635809
-0.19300811924415,0.867257959924104
-0.22253136484243,0.922943300239238
-0.206708102191974,0.926917001652302
-0.249141484503819,0.859725927301635
-0.239167245087708,0.851344914345447
-0.220751603470917,0.921359640958418
-0.215671389856181,0.920566752411304
-0.22542202807975,0.91485323640143
-0.244501314599995,0.911556497364211
-0.297163116918356,0.907017747111347
-0.308616920937172,0.906309522676633
-0.296664068035325,0.907802349292785
-0.279650175228532,0.918767944091364
-0.342060799584113,0.88851358497373
-0.326977996037607,0.90650252930673
-0.361275856956386,0.886752328853816
-0.390154035591987,0.878942734388121
-0.412810649118164,0.857693009980237
-0.341381705526434,0.888186756659489
-0.371811218908226,0.870783118035623
-0.363336633513585,0.887118901231125
-0.371947932712686,0.865776041148118
-0.343484154882825,0.882455991798001
-0.364618636003101,0.871138051732117
-0.338169898986076,0.884659752112225
-0.367864928586688,0.869439360695866
-0.3676156574646,0.883134551450349
-0.360615138179192,0.896181934876312
-0.368967590906085,0.884527678616426
-0.390169418640883,0.859611567084569
-0.383819906354322,0.857119923541127
-0.415471978432952,0.826344636718013
-0.48853809771994,0.82164136224933
-0.501792271705955,0.830036044924867
-0.509057691403238,0.805892690523901
-0.516904425510124,0.799217596654872
-0.516632204040268,0.789726672097488
-0.537715329438602,0.770988635461434
-0.564360550382511,0.716803138129936
-0.588599365578429,0.738258195469417
-0.622632201173748,0.702511844693536
-0.646957525965223,0.676469911410227
-0.581234275294403,0.667955899768943
-0.614904450845815,0.618418394716621
-0.696217000769807,0.643272350573174
-0.692841727933771,0.636863512372945
-0.675795062651412,0.63157576788263
-0.701261649168703,0.632574943229462
-0.724752940921967,0.631755744175911
-0.682014672455308,0.635485800479261
-0.719970206611936,0.631103058426733
-0.749283498952851,0.605629181940387
-0.69576285596224,0.61922644187542
-0.735190569745699,0.618999319549824
-0.748066389648264,0.611804247175773
-0.723966318233785,0.610996106534927
-0.761095428018283,0.539584872063176
-0.756907241040527,0.602504598418161
-0.73530542067801,0.50469204365638
-0.77219443021996,0.559526909747154
-0.807124490525702,0.476609034586099
-0.80639658591843,0.476711790408532
-0.843004863824765,0.41912838671912
-0.818397689840951,0.472911735047872
-0.836987806920085,0.45810633537672
-0.79531491031172,0.425029606684599
-0.83097092013297,0.376568723859114
-0.798056445629906,0.413555309301394
-0.851230693501766,0.371448912943679
-0.817641465444783,0.411422146314674
-0.786408203896921,0.433649041370998
-0.802413757543441,0.389903206867975
-0.794361217755956,0.428951260321494
-0.755605973824493,0.488874227295736
-0.783977160870346,0.347223671284423
-0.7693368635705,0.498918063215902
-0.791467126945916,0.491338602216223
-0.829173953979467,0.429508497119471
-0.781714724031496,0.525676362739868
-0.761958817334835,0.549708997696875
-0.830365388286855,0.481102460287723
-0.745462459563773,0.556181771061661
-0.829378472835139,0.526039590456428
-0.803096657165837,0.48267138860688
-0.819072040514048,0.532025959873283
-0.828293943768817,0.53208924439042
-0.787593853832225,0.53167952069972
-0.79546267606001,0.467038612626453
-0.811500115232425,0.49355693457887
-0.847661170193072,0.49067384128001
-0.838218041004591,0.464895518614916
-0.835826271974924,0.427115239898952
-0.816666423631483,0.387503702339569
-0.810437437526683,0.446425180505128
-0.778917104842245,0.430366401937272
-0.803913868795523,0.353224540914956
-0.758945654369338,0.186453908331597
-0.750321981812692,0.227664062006617
-0.800516454075186,0.293167153705885
-0.748955761034973,0.366794021398436
-0.8077182677623,0.231811806685314
-0.823185060036335,0.242406042731166
-0.799745560097802,0.228146629114624
-0.807453077693919,0.230037584456207
-0.794026688176317,0.154348291241151
-0.763055306515727,0.180531427165336
-0.838997921054073,0.1598501371157
-0.814440492978115,0.0868647787204559
-0.769864262622299,0.19791615995275
-0.858023112556255,0.0253706718189752
-0.855608513116322,0.0619684358135195
-0.737705680997254,-0.0447323498856394
-0.816980525991788,-0.0271388368837242
-0.814082100221138,-0.113681710648745
-0.838828053179624,-0.149475435787131
-0.786473383488979,-0.213571275195159
-0.784296162257393,-0.19338816956439
-0.790100152222626,-0.217418888285536
-0.756778898096603,-0.238863313418018
-0.728898848045459,-0.283223603778551
-0.749540683326635,-0.268794967059721
-0.72831320185109,-0.325061734019665
-0.771712889300067,-0.267568653801959
-0.709968862300436,-0.297194188793702
-0.667971875792687,-0.290778517147907
-0.646135592228712,-0.28895583804016
-0.782352206158022,-0.285763780175582
-0.753711687750822,-0.294731517000913
-0.74413132120163,-0.249689204826493
-0.732074427554618,-0.32409865365257
-0.777812969190966,-0.162744060405161
-0.752684266848286,-0.224711110010389
-0.832431503554652,-0.144051975251394
-0.725080417929127,-0.132133958538368
-0.744261350776271,-0.0887437979504968
-0.781062221181532,-0.153018139398761
-0.823305773148774,-0.0107443316607642
-0.783116615444759,-0.0778363706922467
-0.759252930692917,-0.0156967893686644
-0.796204091669519,-0.0463014590929722
-0.722770369140059,-0.0164937654875581
-0.734130007527888,-0.0714014433777998
-0.769275737017218,0.00928849830854583
-0.70850569112136,-0.0204689325219914
-0.735124372180837,0.021347502836962
-0.756569982681002,-0.00197776172850178
-0.748066929015904,0.00156713247729525
-0.789473780024391,0.0535258495403266
-0.798197689657202,0.0143917768463703
-0.573766138506527,0.0181888768621917
-0.79838332202521,0.0254177185972031
-0.734976486915178,0.092067451761777
-0.693734295390372,0.0929333748898709
-0.784844800646744,0.110391840021457
-0.693622945696667,0.127105470773059
-0.79668084427781,0.0183677633886703
-0.698032944125162,0.0467598868315669
-0.666981409317262,0.0600491449561355
-0.691384115080615,0.0333842971891677
-0.708944891888332,0.104389588672596
-0.493018378514058,0.0481616960171865
-0.589216595188337,0.0195404217328146
-0.537199621438705,-0.00259794882165551
-0.492707733804664,-0.102784331026495
-0.705929842167808,-0.0444260410031644
-0.588344511071441,-0.156516858404058
-0.699983168481224,-0.0369880715879189
-0.570406715298017,-0.116713219411336
-0.574390608291077,0.0126137187877943
-0.71861498009829,-0.154842681852884
-0.691489915816825,-0.165560368206918
-0.683708301481635,-0.102151815244029
-0.716718670643084,-0.214401676971364
-0.713245403929445,-0.255253619229181
-0.683227179862362,-0.296932384273209
-0.699691910565995,-0.253530876076511
-0.776064503208311,-0.254149141421629
-0.772607542887488,-0.129808533789476
-0.593525034907103,-0.211998982838491
-0.698975716375452,-0.222005682927334
-0.736976636907859,-0.290918672881632
-0.73204434423047,-0.228817318839149
-0.74302052808782,-0.149552099966745
-0.70951396971701,-0.350210572832678
-0.797375077195195,-0.431359911533515
-0.751815525397293,-0.487470159314139
-0.64571036105231,-0.4665025237806
-0.590644356316938,-0.613976504659618
-0.664768122708529,-0.555063929131088
-0.669460613571345,-0.573688490168031
-0.681973932501395,-0.573240333223927
-0.634329039086389,-0.599243496410811
-0.636127220636368,-0.652062018343214
-0.599382754505143,-0.653224656594343
-0.605434275904904,-0.638833276952156
-0.549755660348244,-0.693130235280921
-0.601150446111174,-0.683859220139758
-0.538574178029659,-0.704475789755586
-0.614434696055653,-0.69421515740933
-0.617585120189923,-0.688771383353495
-0.554109736707072,-0.750202611312842
-0.479278011590277,-0.76068901256964
-0.434122784013432,-0.780082277413919
-0.461618306091705,-0.801689702797865
-0.346774459181287,-0.818401255996899
-0.30867523652141,-0.82438942421567
-0.278333043228502,-0.828142209353712
-0.19709944255528,-0.876573218694663
-0.163132634897079,-0.818066544876379
-0.132185482397759,-0.81667897067971
-0.0593909336396431,-0.755776142496036
-0.147879194033751,-0.776726317890261
-0.1586909595433,-0.721178473343439
-0.0930912707242255,-0.840521806256795
0.0201612060575575,-0.783771437657662
0.01176093183114,-0.797867398034606
0.0542065757958045,-0.813844516743442
0.106029164576111,-0.75220555899314
0.0714003111760403,-0.760032339305739
0.0867235378796182,-0.744647902026089
0.0860318562238478,-0.658192647119017
0.197742972613327,-0.629709399882155
0.238638316460062,-0.674147736284638
0.279720786695806,-0.643991188200325
0.344688985699878,-0.567706762445095
0.296710519084346,-0.508417381210095
0.386639355978933,-0.460151618790032
0.396643564942803,-0.472936119444057
0.354470903529259,-0.430696252284847
0.417353963041149,-0.402011822753776
0.430016965818867,-0.377730424303637
0.509204226711741,-0.35715663483175
0.496956857805164,-0.354904650650631
0.520412075613398,-0.319589506824831
0.482392718143367,-0.33414742379672
0.491496567516739,-0.334864130758951
0.559199575687033,-0.289227871979059
0.597490966410492,-0.218178187705081
0.520807083624715,-0.218265944037514
0.509906307570264,-0.153032653816112
0.559131354086089,-0.0696200606534039
0.603022826789576,-0.119733661333931
0.592148438474483,-0.0818733261006595
0.625687572951313,-0.0569698698570579
0.594283477132325,-0.0471420517186175
0.495082449478314,-0.0574798449571839
0.48001086953487,0.0211902193732783
0.545535913172004,-0.0288544478191686
0.459727028053211,-0.00187914557611994
0.373931114191601,0.0131442029769075
0.58382703664688,-0.0122728226278913
0.572085612388337,-0.0700909588118975
0.481736599150384,-0.0942388898201179
0.59139758668561,-0.177955088469039
0.613652819076716,-0.105217024927867
0.607726000044925,-0.167920569280894
0.582864093876826,-0.164233533223132
0.578517022125718,-0.280043503175547
0.603913955414452,-0.125210791693704
0.796385109535308,-0.187533017885799
0.610118121618592,-0.172333728606245
0.643615154436272,0.00360469200866753
0.540045143360301,-0.0346244539434249
0.693659658906131,0.0433138979634978
0.753875871744231,-0.0339146988056414
0.680146550378065,-0.0355403103578591
0.693610020321282,-0.0487051470563481
0.730967425701791,-0.0236756193392235
0.631563402736521,0.152829829753132
0.695168607681203,0.164423229234641
0.635248623114285,0.146213431998895
0.758309038267015,0.330226547153384
0.65234170316368,0.282200464102531
0.752851810581956,0.259442428509549
0.724128955925436,0.324978088982787
0.767107335110139,0.161036374315199
0.719013787466056,0.253930278862477
0.63196897057577,0.322132173995454
0.684946736567632,0.219648777544726
0.660350052703215,0.258423315783061
0.672989187316855,0.280956388358613
0.638567794842266,0.354582572880739
0.642373043551698,0.335069083650851
0.669712799988522,0.30990157565565
0.64799864456777,0.291255037198924
0.522337140274806,0.334284926554544
0.518074538300512,0.389311574206348
0.593317077733288,0.379813610676058
0.574543854468128,0.316872455312399
0.520704693780141,0.422253197944835
0.559407275268971,0.376942410443888
0.455253566245079,0.443120451769041
0.481948502817661,0.480029789025485
0.487040253011964,0.403780934344547
0.43618515090774,0.442863271986522
0.430503455657317,0.451832362347286
0.445740958756871,0.369823890049878
0.371392129460941,0.440836057916238
0.42360531983168,0.38206740253185
0.326522361848286,0.473191181907137
0.420731890585355,0.491972559276214
0.429727850062525,0.481439389246892
0.397846586255107,0.595494811621363
0.424725111628925,0.483029858672124
0.388898517233012,0.542838201385997
0.421557701265983,0.546974169783988
0.41336271451599,0.578310920445273
0.436708937961551,0.488030088650898
0.475516118852224,0.487682236661843
0.385748482392149,0.467117277888354
0.458938342786288,0.371506102356223
0.4941429841637,0.36744801774078
0.460648555539424,0.373173150713703
0.511577886257321,0.333753247039165
0.503123121414402,0.290390419323088
0.546367762693792,0.370895889628661
0.537948570395318,0.261936473417553
0.579395738961694,0.182560838056481
0.578208476337638,0.156475842114883
0.563136660281775,0.0925462962807837
0.526355661228059,0.088023965611707
0.578067865300435,0.0260468607624594
0.570751494970192,0.0382374717788205
0.579945417194656,-0.148791876441416
0.579292754476246,-0.130866518140748
0.573078565407018,-0.152451077679943
0.625695016233129,-0.220008724601039
0.489708437947084,-0.233236978903957
0.508358702447045,-0.335573418063134
0.651294580175738,-0.245683260606363
0.618801360600567,-0.4106477731497
0.473178269573022,-0.456976859046797
0.608515748820282,-0.457713335214474
0.534765788687781,-0.472502634577468
0.525501864191782,-0.553988939472391
0.490540954511032,-0.585278244108802
0.467117999283877,-0.568206059247947
0.474091643991851,-0.589551787376832
0.497806869382347,-0.515777175740988
0.355392578535303,-0.529816542259766
0.44732881503953,-0.614819695850712
0.420793002253828,-0.562723383376721
0.436264964102568,-0.597654822902732
0.323123246390405,-0.556412531582597
0.427854559249444,-0.502465930136666
0.443032311010144,-0.494578181112004
0.473012657073515,-0.450026338372488
0.505459685825286,-0.428454751789222
0.504156648977541,-0.415544225804201
0.579483243685638,-0.321337008736831
0.52315251285514,-0.320940401614575
0.708924845817804,-0.325632868457981
0.663085835131662,-0.260651863640706
0.686737304978029,-0.205355891967731
0.70841711892774,-0.206413780682376
0.641809303042467,-0.148805778841462
0.648883184893934,-0.179265519853064
0.644092768609322,-0.137709754757138
0.696882821147407,-0.0688121449077204
0.72086177848866,-0.064773761521093
0.677919220211522,-0.108470371259767
0.64984344850396,-0.172955425004971
0.741805898329282,-0.14467703113656
0.684456399505702,-0.251747304003705
0.725846566563766,-0.155807492094351
0.788600866726412,-0.11094559758671
0.609127874459114,-0.0908895941521983
0.689916925697655,-0.210079679095548
0.495643856302938,-0.117680250040723
0.573965138262143,-0.115810136219703
0.596525707478952,-0.00759531968114703
0.568955236645057,0.011175650893519
0.575309123172803,0.131156277395928
0.498274419839674,0.217677979637735
0.570456874236269,0.244785083953131
0.431474415961141,0.273280251422467
0.385977418309431,0.254094350239826
0.402838257074207,0.322178251591584
0.384669499735474,0.35812786478208
0.288877030524896,0.358679814040254
0.285325153838368,0.500306415675353
0.270076223254601,0.52059003884218
0.214966527910833,0.574992788788632
0.124015592323678,0.488861636491419
0.0437560128835077,0.534663474878721
-0.064149559563755,0.552680907769981
-0.0779945132084182,0.550753991214105
-0.257512786553366,0.550993518618783
-0.270662232216989,0.563085696864063
-0.345128075331861,0.479915140582435
-0.304625859311057,0.622872758218804
-0.320394193545826,0.567185205748742
-0.38695800227085,0.603657178033754
-0.361482527232279,0.551222087026288
-0.171186384022313,0.597748856082721
-0.387575331454005,0.612412436220251
-0.320228182076967,0.61340129324081
-0.418086373771189,0.586183662606838
-0.465401279587944,0.567743353079045
-0.46287851587586,0.547712536670789
-0.58306766906752,0.495541468023776
-0.570286060947208,0.534494435863022
-0.607905117989433,0.478972584296969
-0.625865444576493,0.464947634655431
-0.728608399515257,0.417999189705363
-0.731296170718624,0.399678552858532
-0.743276812391634,0.353908798070436
-0.773364879046691,0.307094524657686
-0.782522192414591,0.360059071872712
-0.786880222922256,0.277210818801986
-0.827220816645691,0.308477607917417
-0.844366389058552,0.194119240905678
-0.8623819445968,0.227959197287617
-0.863131246838942,0.191541424998283
-0.853746370295206,0.20315920528676
-0.902424597458903,0.113232054456285
-0.904251837131843,0.146373609176123
-0.910832426543409,0.157348081039529
-0.851468728885241,0.0830627866386504
-0.918346733323982,0.142161493060053
-0.86206682294141,0.169067772744115
-0.926988365645378,0.160477165242064
-0.802837009639792,0.102412196917516
-0.883643144579667,0.159314166882551
-0.855021690160706,0.234759907342659
-0.911466339846965,0.25633081052096
-0.867640217131339,0.283381508719724
-0.838530595484851,0.343048013976518
-0.80420117418948,0.35897870427251
-0.787435864819371,0.441067597589809
-0.824734897603717,0.452538716136901
-0.811958986996047,0.473172793190085
-0.74984498742877,0.375757180951921
-0.725198481892933,0.471692887538907
-0.737158140778653,0.465351838225633
-0.643298341317843,0.516632461219823
-0.636671781504452,0.565461429157168
-0.575920779948699,0.512956862399494
-0.597208372606254,0.568418537675109
-0.564552951809912,0.571061328387483
-0.481469521242702,0.597471791082575
-0.457833544030904,0.595470233291504
-0.42927366658106,0.660662782219534
-0.39439219590669,0.612349994393922
-0.340426368031946,0.672501244572486
-0.317832930369204,0.698914012950282
-0.327018680258636,0.665449020838547
-0.350788468298587,0.72123498965254
-0.178245513707605,0.642161456530727
-0.286920069226297,0.660556790371139
-0.247863264434816,0.683860714435964
-0.248506442050504,0.649986929483862
-0.254996945152501,0.642341400107355
-0.262618698558734,0.596408950543778
-0.387196292952217,0.563577285503455
-0.37501725671157,0.492988615796365
-0.512541674018072,0.431183723967868
-0.483673256551032,0.444401485241564
-0.564535086329009,0.360432946899677
-0.535307860230753,0.356209749311043
-0.647638278554503,0.248848232778786
-0.672445404185456,0.214310555165671
-0.693990485405849,0.174947391098788
-0.728454554859797,0.149919725420898
-0.668646194139987,0.0523195684468442
-0.687767191817109,-0.00126906488725832
-0.751574605612383,-0.0381967188571914
-0.753378568220301,-0.0622888873135233
-0.76832461091253,-0.033718619760434
-0.759385690823619,0.0210990976675589
-0.800171478523707,-0.0570066523401616
-0.759179262061559,-0.0934204800952882
-0.761823392998492,-0.00971346935927154
-0.749434146618952,-0.0618806591477509
-0.737312103308748,-0.0863375811101298
-0.71655300684211,-0.17270096361205
-0.786551153756726,0.0264371609448595
-0.803108105907409,0.0614392394986004
-0.7132917273998,-0.0571726963636193
-0.682456822526042,0.113589916115712
-0.722547797472736,0.182473345252546
-0.642375636093337,0.091402227709155
-0.690848235651116,0.161384077191774
-0.683774875372067,0.134034493689708
-0.578667499835794,0.0841474944393446
-0.637191222358418,0.157578184651213
-0.551806387058709,-0.0384210545769433
-0.651491863496448,0.025484237906691
-0.790703716195559,-0.0482590618836829
-0.758251256968235,-0.160365409073846
-0.756597168178807,-0.162438769443808
-0.703639178498567,-0.286753313659546
-0.592609643170524,-0.36393419786793
-0.725350311111041,-0.369164939266901
-0.6065616946824,-0.369240633938293
-0.63072619416881,-0.466694564269945
-0.592185475511682,-0.424065018753891
-0.651239238704661,-0.520599672919815
-0.650823616061316,-0.511609230095414
-0.609914625569099,-0.530716990138168
-0.576109035355764,-0.477796036971761
-0.622073308290822,-0.512714589138313
-0.609161059654809,-0.512269250391601
-0.699179465141634,-0.522297525019496
-0.664863635875501,-0.435965687896931
-0.680276967397323,-0.437205022482444
-0.678640583977595,-0.460034817279462
-0.670393913984805,-0.466698545260463
-0.622812604357114,-0.338212936345165
-0.6048005642774,-0.394269708469015
-0.56397891104412,-0.413172298927027
-0.517152577901995,-0.43181070082298
-0.705453713520329,-0.347503326481284
-0.755349973168692,-0.388713007170258
-0.703911136189877,-0.408698589618843
-0.690477612208411,-0.392580431988727
-0.732532908066889,-0.412392354051966
-0.702723147096779,-0.40244830913566
-0.695324096802244,-0.396088995126524
-0.693712895238728,-0.402831190056929
-0.669284562044642,-0.446140530447613
-0.647447476725761,-0.440578103961952
-0.720744774516092,-0.406162800886133
-0.710733824799605,-0.414119466791843
-0.635537852031897,-0.3541080877636
-0.76660901301421,-0.324642323798879
-0.754838815710052,-0.349836983117887
-0.74059208370993,-0.410071401430217
-0.76899533309309,-0.450911934794602
-0.615758094069091,-0.484337939480647
-0.680247419172886,-0.463198371990019
-0.673598654890843,-0.424475518925572
-0.685619033443925,-0.414174821413729
-0.771167806046244,-0.416259688876768
-0.741685480762704,-0.501566027733976
-0.631943808152299,-0.437733751800901
-0.734296091314918,-0.433544723821676
-0.774660987794472,-0.502184447150524
-0.723996167610345,-0.508702099745565
-0.799925459150536,-0.42429713090215
-0.754882968505859,-0.497539815678445
-0.709800454168976,-0.422508152235245
-0.654273731774311,-0.42263576570913
-0.678319843420898,-0.4153690573081
-0.633989831911265,-0.437697548035618
-0.637975425084098,-0.436922021362352
-0.636143419257889,-0.466820801384535
-0.620426862359516,-0.4562341036843
-0.602148098700761,-0.451000150422632
-0.59608029572874,-0.519584281339653
-0.528209944112662,-0.470576953609972
-0.616437922969103,-0.557067083316286
-0.443468232802022,-0.561669459718284
-0.529753230297062,-0.580175901062439
-0.43777366675552,-0.635555989414778
-0.406716208403988,-0.766353951067758
-0.331693853657382,-0.780561349762126
-0.395615768046101,-0.73225597470667
-0.293813326041515,-0.791051472713525
-0.386664931645359,-0.888544552326372
-0.273092270166634,-0.921957232015955
-0.222590407561158,-0.897194443488359
-0.155599896124734,-0.907467398030071
-0.168195424632134,-0.966042476492485
-0.197975987467176,-0.973936584563456
-0.0151073188315241,-0.778643487596888
-0.153461857206529,-0.882228967185503
-0.208052886354075,-0.932317258754795
-0.204185950043801,-0.944435171348054
-0.222614365991813,-0.862677105498805
-0.17675870661713,-0.94639841048708
-0.116128496647008,-0.859511345191707
-0.220229325853826,-0.76035319503966
-0.219562053633739,-0.834167932867183
-0.190964958949285,-0.895269016167567
-0.205779770408335,-0.884335657228439
-0.319300106208178,-0.864984262869279
-0.266950239285874,-0.879740321422812
-0.301940534633886,-0.897766467384721
-0.304498325709831,-0.906761534229932
-0.288886936420399,-0.896163791568949
-0.305039862994295,-0.836886642142111
-0.333536092496843,-0.907057539983078
-0.326532281322493,-0.837608558703957
-0.341878077201177,-0.86548633517113
-0.391243371171623,-0.8531102190336
-0.275062192523795,-0.836324547001437
-0.390296580711375,-0.760632559694199
-0.311763866620335,-0.799325267236653
-0.357364635842397,-0.812862399990702
-0.350374968264267,-0.837578176652315
-0.293624161339548,-0.877329644268028
-0.304687526087355,-0.86700897012124
-0.337035656001044,-0.862058310554794
-0.317047341477112,-0.909449601065058
-0.338671078005016,-0.860179385353763
-0.37292686781136,-0.845550925192474
-0.373420165544756,-0.887987728146877
-0.349130033676531,-0.875766516017839
-0.369400906386148,-0.767661843046841
-0.368112765234697,-0.801362102677377
-0.360337341214879,-0.765238987280714
-0.396217966415674,-0.704549449333076
-0.411971992391688,-0.613389685173162
-0.387324507902049,-0.567724422018096
-0.390885469040052,-0.613855779511983
-0.485015836502649,-0.574246820338771
-0.379382964868319,-0.598734215065651
-0.491767625873799,-0.576387844317515
-0.419121733535626,-0.538845604953706
-0.422003111312067,-0.45761840307071
-0.512392772508802,-0.454171404640253
-0.510709841309024,-0.492788737087981
-0.607093919272632,-0.436260900347156
-0.541649263081507,-0.406916250340245
-0.527160730702131,-0.358089205737055
-0.576765459675574,-0.398087728525679
-0.597884307408933,-0.363479838648782
-0.5702433646732,-0.353694593487306
-0.64143500979897,-0.332556881664293
-0.619560438518062,-0.329776677955014
-0.654295766366798,-0.315281128854784
-0.649426677726042,-0.356468787592002
-0.62199613456885,-0.311949477448011
-0.671893071184869,-0.281787901948781
-0.642162914573178,-0.330280468788654
-0.616769953725764,-0.267082479759079
-0.617732499726969,-0.271715620491665
-0.661416447350905,-0.195055115070052
-0.577605027999432,-0.197124637238261
-0.541460320727634,-0.176533686950985
-0.640422234806714,-0.18151295017532
-0.604653193574793,-0.120991157500992
-0.573555668029309,-0.170224782209988
-0.55186234979057,-0.104916814368628
-0.542233540226763,-0.096161713808461
-0.55713883700075,-0.120575378920574
-0.534525199611884,-0.0195264613733051
-0.558723303153982,-0.0104756192528459
-0.571116187087222,-0.0298143297652452
-0.600069722341656,-0.00568207893889263
-0.569209119789076,0.113196656893431
-0.60113893864825,0.184685259869762
-0.589543777562774,0.0976583426212418
-0.559146884403538,0.246572860707667
-0.502847607352846,0.193577433902599
-0.48651272946952,0.208882282493759
-0.527051146022679,0.21299248079961
-0.478851762088929,0.268374828062005
-0.389375805871126,0.171070403414137
-0.465550763109877,0.270793495720956
-0.372719946081565,0.16301240164175
-0.297924182326918,0.105296244677108
-0.35096102419752,0.152365054904191
-0.369233917465695,0.00844206338607112
-0.324633704407261,0.321873214052995
-0.258159432364238,0.167092661259829
-0.244175493394205,0.0557812442382814
-0.204159618938061,-0.036487819155789
-0.297730967888514,0.0141171434365651
-0.316502047310386,0.128825871791455
-0.063790795971626,-0.198566325012329
-0.0804946032894094,-0.11872918397986
0.0342185897012179,0.143884644733248
0.0897238038222911,-0.00527222697032527
0.0973534816560331,0.0300277184717054
0.04300690643975,-0.0245420121029671
0.0199874748226434,-0.0265614533648903
0.150774346848227,-0.111454888888001
0.243308891615022,-0.262800440876323
-0.00197524747129781,-0.103341396947644
0.17344097817881,-0.0679680612765924
0.144120954511506,-0.152426740623732
0.0401350490064224,-0.27337712731882
-0.0972768877853898,-0.210077000841813
0.161182668677802,-0.166582095690573
0.116647014024864,-0.265553350030148
0.0162523695151273,-0.353486615067026
0.258048134282872,-0.463366960734753
0.220322478499113,-0.294026383064817
0.160789187272327,-0.354488549573914
0.179774467260894,-0.39559657589136
0.0434341900410791,-0.532649981627914
0.267252609323448,-0.60376175666638
0.205830926227789,-0.580483731540547
0.276863099517178,-0.585139643448934
0.33362818472909,-0.584105786395845
0.312264049158194,-0.566110371968687
0.236864379563946,-0.555459456565452
0.265321098278706,-0.497754000091577
0.382285663097257,-0.584593430823252
0.252992492879154,-0.644659629886258
0.395372148375774,-0.620863489318924
0.332735343024264,-0.657798883482921
0.362757402249531,-0.610787820551007
0.349977536994308,-0.661500982165719
0.361001801711605,-0.672866270233419
0.341188091651542,-0.643433810904772
0.380095503396899,-0.662813878167362
0.369382504721872,-0.648666873787365
0.368151919022782,-0.615093139845696
0.437566672800273,-0.63187280664115
0.366546140223499,-0.542801462054853
0.354050707731404,-0.65733658413164
0.372514986635457,-0.565796731744374
0.359376808016402,-0.665358963505253
0.386488483077623,-0.648836989083908
0.348263738522635,-0.617640777581511
0.357007269667959,-0.544058117387836
0.316470318600385,-0.656698783992301
0.320389359999045,-0.616958988746898
0.312450951935227,-0.588842438663316
0.313196175401858,-0.635569917281832
0.307807316028075,-0.6013503518586
0.2543565451662,-0.644494231490595
0.232600960005565,-0.570776961387017
0.178774887347022,-0.677599463523847
0.108705339734581,-0.658013753472798
0.119232991908702,-0.673998966270132
0.118517759465597,-0.642907253769633
0.159561105777594,-0.643449161290542
0.0808140915297978,-0.643887470466086
0.1091690992695,-0.629686789193962
0.0474204552991476,-0.664351266900415
0.010417001052697,-0.637577168140829
0.0437378622295905,-0.707317284028778
0.0494021298657666,-0.67085777831163
0.071706581357783,-0.700293544071457
0.0649828590044007,-0.66594037367572
0.0250816411282078,-0.619940768686981
0.0423912513300711,-0.673068108153255
0.0262213910815955,-0.64750597994054
0.0876652587564938,-0.715884215618359
0.151657916289495,-0.69791292224616
0.127074897440766,-0.716639214299114
0.2022158290963,-0.689781036842505
0.207755345169676,-0.752445624955581
0.277805221155314,-0.69478417766951
0.222088593674542,-0.615527484290777
0.234737248539568,-0.58928836289103
0.232427906864134,-0.669978320639299
0.205555871069676,-0.70362306553754
0.274001486361265,-0.659984825127271
0.350859397471237,-0.692242479990897
0.224086601629169,-0.707601276826661
0.233699576041914,-0.723878764088685
0.128959142767541,-0.730443522476274
0.180300706936353,-0.732421796422564
0.147768571768622,-0.647891388372061
0.15186576611528,-0.689343244157613
0.268027495580143,-0.706196045724435
0.330558448614442,-0.646478858630566
0.338893047905105,-0.623844490127905
0.475495128939537,-0.689214243763277
0.517807910644788,-0.684584645723831
0.524512897319083,-0.635723530470489
0.604003882553365,-0.649039456016553
0.555230052762915,-0.634146480486766
0.630363595998642,-0.599558183965391
0.688419382072421,-0.5438925213043
0.702595087801192,-0.486602442499837
0.804213647561054,-0.439478975631169
0.741425006310669,-0.380005651713137
0.808905626524607,-0.415944288456642
0.82656542384464,-0.377091023629217
0.773935448161876,-0.305776258401368
0.835558554196605,-0.241063969295378
0.856732953432556,-0.281731436397961
0.844792519149924,-0.256274311047025
0.857169347711416,-0.275937680026983
0.892334183544169,-0.330230124871855
0.809061265004639,-0.252701323570163
0.864936021930716,-0.29403379774952
0.846818038330464,-0.231980902270771
0.86784529044846,-0.314724983522924
0.888863110630809,-0.333831129883093
0.853332581539261,-0.326464309915258
0.886693534809029,-0.376661048203097
0.81397100060495,-0.360699451244391
0.831611335581106,-0.36045201074039
0.820281435895859,-0.420246954374982
0.841867916000135,-0.44840866576921
0.813719697223735,-0.450018946875824
0.752161065738901,-0.50121956211875
0.745654752800854,-0.479135249018152
0.74073350386599,-0.533987486608639
0.653325595484588,-0.52962287363433
0.626902846198529,-0.601516374311232
0.563373872668303,-0.652107927458801
0.539237779328713,-0.650848141790097
0.531533814518291,-0.639433424652493
0.483897867468131,-0.676651644824432
0.423203108961704,-0.697949976106425
0.35507691634538,-0.638533503657687
0.264390117120358,-0.730574897475626
0.204724983149586,-0.65999666688472
0.168394015049707,-0.662282105442249
0.0626066803221366,-0.619979803482706
0.137003588009742,-0.546496247098511
0.132252353970091,-0.497548392408643
-0.0840639296728948,-0.614400610046175
-0.0871463895853231,-0.540722453665874
-0.205669432402451,-0.444748758574555
-0.146514773642066,-0.416734454873119
-0.191918549988836,-0.373150122418528
-0.234472345774493,-0.416115893346667
-0.230023806218009,-0.301825610540745
-0.273921655719258,-0.381692234613565
-0.219415331335254,-0.325257155485735
-0.196405833621867,-0.338375451551833
-0.227523652459396,-0.270371455658449
-0.203504558121857,-0.335284053785516
-0.166115890676427,-0.379381903208447
-0.165364307954663,-0.278310551322919
-0.0792298523817491,-0.322494898319692
0.0179382740881922,-0.250478743827225
0.140007773004836,-0.284399826902418
0.0847433978859065,-0.369215995202412
0.177966796634487,-0.321265592118122
0.309280068367191,-0.387321771715355
0.440078881899984,-0.317310089933921
0.327734371218146,-0.379124731957921
0.46255897375449,-0.440065903497269
0.472636848240977,-0.281561199612905
0.384157771353784,-0.405660593546801
0.369330176704774,-0.329600659002902
0.282823190330955,-0.425574271955924
0.551518588531921,-0.361023607846236
0.47277484007501,-0.244884089716345
0.287937211526711,0.0036080197583263
0.435853809371426,-0.0177973989027986
0.396569892983845,-0.165392340531561
0.283488150116532,-0.0239543976208386
0.37405462345464,-0.192388702343354
0.479009084023934,-0.157748125212171
0.315509906749423,-0.185164373210109
0.302763942659724,-0.0419677485276292
0.389138460659353,-0.150236587853983
0.309352988874577,-0.0256532955159987
0.422429339494611,-0.172682394473637
0.545250697256029,-0.156185388998707
0.518375582117885,0.000676356248979562
0.468349826416791,0.259979166006881
0.529727521074373,0.09256319804182
0.373975090781253,0.00223917940058208
0.427098067173657,-0.103194894560344
0.361142433080436,0.113026212506734
0.584670155858223,0.117799981857657
0.466875124716718,-0.00278529502642115
0.638048548648783,-0.00812309194979021
0.600584538481182,0.0225882369182331
0.474728750296816,0.164931831008873
0.580674368748603,0.101998407662511
0.516893022396218,0.137031906818552
0.517844335010476,0.161574968217477
0.535671127338619,-0.0102280268474698
0.639416143783088,0.0674818089382005
0.674223696421821,0.0216865225747003
0.719674729332007,0.0305369587786693
0.611093910680705,0.0115862529216864
0.736831622405597,-0.00887427795687649
0.682096570269603,-0.055077450999471
0.695383425873763,-0.104701126745039
0.671448707522018,-0.150512237246404
0.645338919214604,-0.0709646366013988
0.654897744734714,-0.186752118611076
0.607159123212022,-0.189146150007523
0.529463032578786,-0.235040773593931
0.491622125506231,-0.251209572286321
0.505759288856424,-0.316402026415681
0.375937497617349,-0.346911377292804
0.384923576191357,-0.334873768773659
0.318343577540066,-0.38729221887523
0.410270780757841,-0.296813922353014
0.261949555990081,-0.309329314038028
0.198815782232948,-0.372732654428363
0.14337596531531,-0.33051538432373
0.0269149769968216,-0.396420097164133
0.00676555972794082,-0.463743502285343
-0.019477130313969,-0.444734003500476
-0.0144416418662905,-0.274176593444878
-0.055527202483567,-0.355675486966527
-0.0377059595870738,-0.302346706961556
-0.175246297817442,-0.2473247809561
-0.258470391410081,-0.185949075756662
-0.298398078822407,-0.194194229357648
-0.433229707223276,-0.0482355650147677
-0.505878014310332,-0.100835993641961
-0.586466704056066,-0.0639142977620414
-0.552416128519785,-0.0381968927072786
-0.377584718955814,0.130783731493149
-0.383641839243046,-0.0518075217314882
-0.277342392174595,0.111856316417961
-0.328537794823373,0.16273666046097
-0.417553116396471,0.30952571127966
-0.380558570219196,0.298390509775502
-0.455951460187008,0.394996900757972
-0.330249888009537,0.387868592185364
-0.421122594454556,0.27578419943864
-0.517698250259404,0.457173328253424
-0.490518147764765,0.40979628843644
-0.333758433370383,0.344776716302293
-0.330935970202864,0.504320530591498
-0.347826217860707,0.658793856001488
-0.328562597785616,0.647937885949944
-0.419165663506179,0.499535629680584
-0.42285089054418,0.721046855947334
-0.397146705542261,0.711222961934546
-0.322232804815553,0.662162872517265
-0.356468045540626,0.788868076170777
-0.316320016880957,0.724267839820567
-0.250926175136792,0.579499453161708
-0.285712965375288,0.586614687759026
-0.232571284243236,0.662671992939121
-0.305578259605334,0.748882708849967
-0.30923230503957,0.728442320742407
-0.11112428141628,0.762288275196343
-0.0603516076368192,0.652488810112316
-0.148529586858096,0.712478816133519
-0.0661621161101677,0.739417636969841
-0.0663562949737705,0.790789788116785
-0.104055614486955,0.802820823550837
-0.220448863007916,0.729223268851747
-0.0915516104290297,0.807907127662778
-0.13293528015573,0.722124691648372
-0.14336763173857,0.806660746144281
-0.102343691208189,0.844994519294115
-0.0404625142906479,0.697572734246304
-0.0723732619179663,0.7362794674222
0.0432117364282577,0.825159717282161
0.0306434952032546,0.832282061305335
0.0429490625949596,0.840273617915238
0.0868918550238295,0.783587208316026
0.101827430385745,0.83697344754167
0.104826633917082,0.762756339216825
0.130337301489357,0.776882631046099
0.186905385271535,0.720193143817516
0.144769275645476,0.797599059772302
0.21730997251658,0.727305848332124
0.172612256239051,0.774399950320678
0.264034312749533,0.687163884089633
0.214441789639321,0.756122078810986
0.24451131361583,0.650599761107652
0.197906057743589,0.726971269014519
0.189869472615776,0.602977654798941
0.179536782964601,0.642034983706225
0.287675537316919,0.703574265617182
0.242024745218945,0.722499721905563
0.191305626933194,0.714219801349127
0.267378833332677,0.632165825642579
0.186049270048172,0.775412767517021
0.242668563053378,0.727195579235045
0.340221025005608,0.690190294662183
0.31997243587962,0.669244614943018
0.39072710325857,0.655567267821547
0.397346348283572,0.697148272315485
0.362786291656197,0.653332889459698
0.454414366468036,0.556013732387292
0.463075971036118,0.625397652197354
0.474975470895357,0.446415246501726
0.448600194881649,0.565165499090564
0.532687002708969,0.528808140648079
0.530872868411707,0.504193222195634
0.526829159883811,0.448234577089589
0.579241450174987,0.383724218301717
0.624931698086167,0.400783485843857
0.627599000147324,0.309505066049543
0.626148870476389,0.31343506154664
0.614222685969103,0.159361992107461
0.696417677601833,0.160269148552247
0.652407959323495,0.107024338666412
0.706285129447087,0.124505554717512
0.658074634412143,0.0314351178164731
0.70443669217301,-0.0146184759672931
0.677915766489124,0.0156442355876705
0.666342046161317,-0.0683082033232772
0.625364470692662,-0.158683284215389
0.640858139088101,-0.155393060933685
0.611599040359905,-0.202364274263088
0.61145398872643,-0.209984200433152
0.570909624727171,-0.290004252017024
0.556550065216683,-0.350854656340696
0.552661926889379,-0.317830227819703
0.541656549062238,-0.3502780672652
0.506478346722795,-0.357092002141216
0.522851318157335,-0.410929140565497
0.482008858882043,-0.421100643293904
0.447153965787306,-0.431455176893091
0.487521311456562,-0.449497482051961
0.449204035300656,-0.452328932434537
0.456653123730006,-0.440392558142276
0.428545103824148,-0.421418110684663
0.460028116782748,-0.472742172494411
0.409467710692053,-0.449623910584376
0.479557713631138,-0.421411226304438
0.439013087941602,-0.366976309030052
0.520859550853003,-0.302431268181915
0.510546541545384,-0.222063172401585
0.536729347827835,-0.176764959029388
0.564804813054888,-0.108464643038339
0.539991973126931,-0.0494875138668345
0.560641458928802,0.0350137034268093
0.530501045019712,0.12079160671091
0.514854679572966,0.19642269939698
0.47980456550446,0.227630173818636
0.483301342372403,0.338586083408253
0.431936255116485,0.388696247068541
0.403820866351612,0.477903033462857
0.358418549237811,0.505308365580085
0.331916720937803,0.524458469580625
0.324937805551161,0.585731329577472
0.268372367224356,0.64588865414508
0.200583103690245,0.690547816417303
0.182628963808123,0.656642060527929
0.154280365885614,0.77312855960187
0.182553895486877,0.763085778641048
0.139243209301152,0.761555074109713
0.0970320802121251,0.809446813506575
0.0970571360217914,0.807266444035519
0.0811441280991026,0.815735876702969
0.0829246009602923,0.819511179503986
0.0759336870540228,0.803331167956267
0.112146555715074,0.768220700589358
0.148505736286276,0.818984910658924
0.153094424012307,0.753660207726502
0.176530967855085,0.697293139487907
0.197179019066152,0.666724864552534
0.230266158047145,0.663249693395838
0.266987209710502,0.627278601631034
0.321437032125247,0.513680440597735
0.377118689779602,0.53439027459725
0.378424424788209,0.420218884329206
0.453962176990323,0.457120808098856
0.41929612900668,0.378115283406649
0.508467350175822,0.35373238969009
0.504127924769136,0.281498604630996
0.51614978913463,0.277230723451657
0.544828572375461,0.217931240174007
0.563960183275645,0.183773540390062
0.558585105280414,0.225504174234754
0.546320073263644,0.197862534734515
0.609329687310821,0.219060928747141
0.58754900439434,0.222281740497956
0.53315742440424,0.224174727534508
0.53791886567716,0.220605208619002
0.505681992553975,0.267922970796716
0.416802834113888,0.344738251439909
0.41364261330578,0.385984377305643
0.31194188858712,0.424353706198555
0.223457966031298,0.468433798844335
0.091942761124332,0.501694982596595
0.0503797945442149,0.520814757388542
0.0306783575685263,0.544051233799438
-0.0491008062029507,0.580557856002892
-0.202357025305678,0.602339636624299
-0.225317248496641,0.589325851427065
-0.247989456588022,0.598349234510508
-0.347206865833848,0.589790351194468
-0.493838650448271,0.497048390902367
-0.561836789594515,0.471578766522615
-0.641567987351139,0.464708641015221
-0.69730536352579,0.38787850222459
-0.631096826971361,0.404177739425749
-0.760652051079511,0.358697841623604
-0.781678524931023,0.25044621027915
-0.832703113482722,0.238203174364413
-0.795826543116129,0.134913866225936
-0.79975045350085,0.16775891841704
-0.870543835634501,0.132866138745285
-0.881454789349493,0.14915359353199
-0.895807929584866,0.0874640639068458
-0.888768112656195,0.180050208761832
-0.900383490852075,0.118992555029918
-0.901135204915896,0.143942656389086
-0.897487028449426,0.144865764956907
-0.90628257465755,0.0798972756619281
-0.923780549932939,0.127753300273418
-0.876703892914456,0.0602577929276526
-0.913131048788214,0.0943605814476841
-0.891076899563689,0.0706538140768083
-0.880858832694205,0.0569819000646785
-0.897498027098882,-0.0285556777116135
-0.883792723994589,0.0927762950556856
-0.887788834376341,0.0667937894049415
-0.910190452151189,0.044906135960481
-0.918507459094181,-0.00850856408857041
-0.891201897711651,-0.0443460214558141
-0.910794965571285,-0.0202469675314414
-0.887930699562648,-0.0852390112707934
-0.901662509860884,-0.0756830492890792
-0.897810968818028,-0.154810815539769
-0.810438802418371,-0.0909183492336674
-0.898630098639143,-0.185281293339689
-0.850628727997718,-0.14359786262853
-0.817681501669979,-0.268797690158376
-0.88940378537458,-0.198924673053655
-0.749863129244718,-0.294771382121205
-0.811739135952247,-0.365216560352836
-0.764957052139556,-0.380023367296859
-0.727341907134605,-0.451828273388888
-0.739984209518312,-0.446621125367627
-0.759762008874705,-0.42375570470391
-0.697506096118613,-0.45651350369711
-0.716375874326109,-0.416504015435782
-0.691898450308019,-0.478481681100711
-0.70057177624312,-0.49497360739754
-0.690433749288063,-0.574903506289557
-0.652412949046977,-0.539814120945998
-0.666057427673767,-0.506355142374084
-0.692313525865103,-0.5635557169232
-0.728435502123875,-0.613187724278503
-0.716890825673546,-0.530282768767208
-0.599792018485514,-0.588188665784907
-0.612596040086391,-0.618047335038591
-0.63001911561089,-0.67762990361369
-0.632112646249348,-0.613422849639454
-0.591507335333244,-0.732593018698944
-0.547819647362377,-0.712525696301733
-0.526860047205694,-0.709977435720107
-0.524116281388221,-0.723755763251291
-0.484325116552012,-0.773530250610089
-0.566061696685509,-0.72144922072885
-0.56643403875219,-0.768477412669797
-0.49634905572634,-0.825517812912464
-0.517837051868942,-0.772098840818104
-0.547979508438833,-0.81363864905578
-0.49967921021433,-0.84120501896029
-0.407315317758728,-0.758348717906453
-0.420910630553963,-0.831694748456127
-0.362158175789806,-0.844658789152351
-0.362096500069316,-0.853025186966756
-0.303442391663861,-0.853996103061234
-0.37486668682975,-0.854540391854735
-0.207710016602218,-0.870349751005251
-0.285820424009945,-0.863003926567118
-0.176995421663758,-0.876693454881075
-0.217081738005499,-0.839542597043504
-0.0958461136270651,-0.788251018620225
-0.0671466842695233,-0.828418650269246
-0.138107776983,-0.901679312542883
-0.215693255170267,-0.856995040912405
-0.119422814498027,-0.890780386986523
-0.278400934810539,-0.894582739704991
-0.178447213455746,-0.914504432124119
-0.186116231714389,-0.883690152794933
-0.336664846453544,-0.727108654805643
-0.311490333961608,-0.815176080385833
-0.402877198458457,-0.844580225017045
-0.349195788280447,-0.871267722839692
-0.367783247667796,-0.872271082244403
-0.404376644852877,-0.859026371652122
-0.379698302661198,-0.877040975199612
-0.465366829092717,-0.851768674633444
-0.423864901808921,-0.84269763803021
-0.419825183851702,-0.863566442313931
-0.402724849359853,-0.87322011303315
-0.356084830741713,-0.885277009800441
-0.395542755677718,-0.860701852556008
-0.372840675444569,-0.901272662097247
-0.340078389176677,-0.842097150447572
-0.293760601934721,-0.900237833220977
-0.3719583909354,-0.853513482261968
-0.302966786742881,-0.913020129791078
-0.392530988784685,-0.793629747358796
-0.394936711344133,-0.837077629466692
-0.389652537189041,-0.866532432440652
-0.384117818294774,-0.88117223005198
-0.423440451216943,-0.857044782634716
-0.438872585527518,-0.838334786194393
-0.497567353876691,-0.79172388735256
-0.505748519489799,-0.786089823712025
-0.509468777955359,-0.751455859666273
-0.457788192444957,-0.682397980298019
-0.478629236824829,-0.707217847767114
-0.523639554618755,-0.734828382045028
-0.462978668991505,-0.764359404499919
-0.548649737442829,-0.673405039939501
-0.479796058551125,-0.695266078173648
-0.434980906445474,-0.674434755763958
-0.442928426802524,-0.707296018577237
-0.38140075426387,-0.69847231501107
-0.303935192961088,-0.649285163075596
-0.212585946932915,-0.658735657074455
-0.29225560585603,-0.650814765709018
-0.128534458497264,-0.599931075523893
-0.254317612785724,-0.549140741698485
-0.166811296572023,-0.586696160352508
-0.312519750606899,-0.658623938995372
-0.254023362511504,-0.62157823417844
-0.108005106653904,-0.531013373359706
0.0212167689477477,-0.421621596211796
-0.122795746977947,-0.418899192153614
-0.0302226051849368,-0.380780849648047
-0.182783518975528,-0.314514011544593
-0.1501464278798,-0.356784261313514
-0.198670007440022,-0.302113827320635
-0.161498647612438,-0.5426211573996
-0.223505346163874,-0.430658275025749
-0.0387757047884227,-0.549904534710081
-0.209378553517555,-0.50582881079753
-0.11322600561806,-0.441173129735094
-0.163321763565607,-0.597454180255656
-0.175720364113933,-0.364690697909348
-0.196430622787442,-0.542516432341804
-0.194394578967105,-0.446635656079457
-0.107859671060952,-0.50447004549179
-0.292183083264273,-0.517806878312813
-0.250428275718203,-0.545207948814537
-0.488038477854884,-0.298619526102103
-0.240105320753905,-0.326722659203078
-0.339667278809341,-0.328486760211876
-0.386814411803667,-0.347287371304098
-0.273964713540979,-0.542660372235589
-0.101948486134159,-0.420750114189878
-0.532732543426634,-0.362129298610021
-0.442846067406157,-0.329047075707149
-0.356184508980472,-0.311064037226727
-0.493204969363613,-0.290422405054308
-0.435306859800367,-0.288118107262087
-0.481160031240792,-0.228127061022147
-0.566155142378871,-0.254615139759896
-0.579999880843132,-0.220940368177127
-0.719795863493704,-0.1729110447665
-0.636185915573363,-0.134692623372411
-0.476809243635862,-0.117872883350018
-0.558084319762423,-0.176671022800599
-0.528155656020064,-0.215795668380015
-0.504774093211072,-0.104417804509585
-0.500793107999025,-0.0989078518674331
-0.532836609869894,-0.0698004059816857
-0.515388889190121,-0.163159393187018
-0.342501612802141,-0.101825778541888
-0.429338531609685,0.0485522846378877
-0.0841703203428053,0.0129965515505933
-0.182848221966937,0.079762885495216
-0.260819288424536,-0.123213683334089
-0.193487687752415,-0.0131941891302286
-0.231420712189865,-0.0258760208814177
-0.0672320144729294,0.163264185812403
-0.0387298164320191,0.100709931962954
-0.0303377431547335,-0.0420143129697698
0.0774801792597194,0.200028720033873
0.184351625978207,-0.106899759231102
0.239548094798657,0.0632447478855614
0.207069455435001,0.0106635564969279
-0.00116389509790514,-0.107743211130227
0.0567342852053104,-0.157861456947428
0.0824668748054591,-0.0613037497001015
0.255376454705327,-0.0484687606803719
0.0301706614630693,-0.0383143249196231
0.0696887908382389,-0.30008502144103
0.258157228802321,-0.0172969951213007
0.0537724227283521,0.0772413622206912
-0.0120575458873607,-0.16441443230979
0.177972330540406,0.0284418754896474
-0.00305182836127621,-0.24581308549399
-0.187209486832855,-0.100558976064568
-0.12895557761682,-0.0835825959992224
0.0672688146224446,-0.133888618229171
0.0449263292116366,-0.111164068334208
-0.0385201474449418,-0.104085916901977
0.0148752803253604,-0.138339646541269
0.0327711366647418,-0.129083206895579
0.11608056814575,-0.0945158744169444
-0.185846312674455,-0.171143449389783
-0.129039330806083,-0.0718687513566991
-0.0757546656154003,0.0710822141682381
0.0489669241571747,-0.0800137863527653
0.0117430426708694,0.246493664436588
-0.00929140449476793,0.000897482584745595
-0.132074563786179,0.127170947901114
-0.0217895000593663,0.0574811993863825
-0.0509264264443924,-0.144441012485465
-0.288440890286997,-0.232425274974007
0.223724742820234,0.0563680424194696
-0.200769853951946,-0.0590072394632582
-0.420326235393724,0.136714552483764
-0.130055014314985,-0.0050550143149851
-0.326556825348208,-0.0199278214129506
-0.18405650398522,-0.168046045633742
-0.485959339731953,-0.0526572755491664
-0.121227899165572,0.297515737804712
-0.199865962078241,0.223579539251421
-0.240120124693634,0.322052979883606
-0.268437428336295,0.205830269759304
0.03452148735855,0.230622783670586
-0.355262616076543,0.326337511512717
-0.259293273368429,0.20687926811885
-0.399424802722681,0.172528793654619
-0.20263920623326,0.268722158378494
-0.249831328815659,0.299914060293094
-0.323927640399103,0.113720436685783
-0.312903568890923,0.514846884336202
-0.332571080388784,0.305906732759854
-0.271893635333781,0.274541814538278
-0.486592312600912,0.491886115311563
-0.406112616507151,0.384001160327149
-0.215904306272605,0.443052221244587
-0.357033234311222,0.435783115944304
-0.377028886025685,0.459678049452069
-0.475067483089603,0.500807175389348
-0.523529968051694,0.476227227822451
-0.377814624596566,0.481805874362395
-0.497794672496979,0.361475641334787
-0.61426424759669,0.532939537268772
-0.361981586625902,0.498596025424788
-0.494119177382737,0.564066598085437
-0.535651307591947,0.513900250622748
-0.509336203785934,0.596958412123596
-0.510460664846584,0.505385980626906
-0.487594036184547,0.667142450799361
-0.468893401527309,0.480677736939168
-0.501621703226284,0.555713951525773
-0.527972842613176,0.536089665661441
-0.506995559301462,0.502598563741124
-0.470960938441692,0.564038269099943
-0.518919854107374,0.434319372599385
-0.469932754446333,0.533408102634154
-0.592056300749487,0.565039864148845
-0.606195831869825,0.55758929982334
-0.473259949782387,0.544385038069415
-0.527617130951742,0.581022935041783
-0.503853913742087,0.469883811757611
-0.55624063519376,0.622272422196633
-0.523293109488082,0.613507005833118
-0.518349645431689,0.636601539846965
-0.539016693592701,0.624530377356014
-0.586063226797004,0.647949952850169
-0.552756091116307,0.592636602754613
-0.618293759457452,0.607148871756522
-0.556032638105877,0.553026442287634
-0.681393679969399,0.603187973672797
-0.611050680446697,0.470020015634827
-0.609617962851927,0.496330722867968
-0.633629428538802,0.581939352027425
-0.530823831109931,0.625766846966746
-0.603607152715027,0.534261291165332
-0.696905014147125,0.578649260467201
-0.602300678082846,0.592274506119756
-0.518283655072156,0.543800117166624
-0.520608149609681,0.496162161351775
-0.589920692914638,0.587149383860786
-0.610667178809327,0.544185278438991
-0.621779798410547,0.545897009533379
-0.656053094830876,0.57859662063275
-0.556231311103043,0.548149996162693
-0.565411187565598,0.434370072873114
-0.651857203639292,0.475428298955845
-0.550859663466321,0.372434620484721
-0.739252178283162,0.359806844511119
-0.697777159455766,0.272498147655541
-0.623585852892544,0.322610365525983
-0.690830358137219,0.17893099610862
-0.708975432071227,0.169300702130024
-0.833232535116103,0.200613111090582
-0.734258796784161,0.149295192797718
-0.793815466431876,0.108394234037487
-0.784905630170036,0.0171263688360905
-0.787047575633874,0.0594223732358677
-0.824829848104928,0.0127565362133904
-0.839682174197537,-0.078113154962916
-0.857929696604662,-0.00396796903552968
-0.780737846017995,-0.0473409811420082
-0.84361114636406,-0.120243473097905
-0.841265379870853,-0.118803511316251
-0.823431588643989,-0.0952986478403742
-0.734105707060308,-0.141433956350566
-0.79073224510583,-0.0863682253925398
-0.812852931593868,-0.0932023067353482
-0.750044208989882,-0.16814120453794
-0.799240311974344,-0.103895438883125
-0.788291596736469,-0.110123220620329
-0.845257583286752,-0.166259635292788
-0.777869028781932,-0.138276471660431
-0.817784033614785,-0.103993483785991
-0.772911041680868,-0.111450200483576
-0.760711944229904,-0.201230048804061
-0.780114676503606,-0.116247236065668
-0.736286681720263,-0.297030101115305
-0.788862099638087,-0.171928652220891
-0.752503308990854,-0.269982848730925
-0.764838925693449,-0.310730364465183
-0.698755794786751,-0.241398583620681
-0.703675586331975,-0.273928653780683
-0.722923353290609,-0.224354290836567
-0.759307490385739,-0.180848583495466
-0.67868434157362,-0.199869289932244
-0.587565477123352,-0.00709864059827709
-0.68061316011177,-0.0385551136307849
-0.735343465098885,0.0770693825419069
-0.703657929651113,0.0839194107592471
-0.727491751570929,0.235752721175237
-0.729504421464618,0.262260656806213
-0.648766764756194,0.213347856861965
-0.575274671417415,0.341088186876163
-0.558120121384979,0.263180485630801
-0.514048565357844,0.378138043533332
-0.483199702460903,0.402517447083224
-0.444654759004099,0.513941681704816
-0.29606985265883,0.567017875661544
-0.310780504161854,0.527098052515742
-0.317241219905472,0.592127331368534
-0.23036926744129,0.624514340157492
-0.241898247388617,0.59187931211974
-0.242239433996451,0.739971743123559
-0.166906736199683,0.802358019632254
-0.127647403931223,0.638826365537717
-0.0229273124484801,0.640436248167478
-0.108610829888149,0.723870869218149
-0.0235181946921577,0.708575558207183
-0.00195108835819557,0.763206249555653
0.0150713433667424,0.741184362940691
0.0383386337613178,0.75560950231909
0.0389600944918448,0.735127506950039
0.0547836144305991,0.737735527882797
0.0999972698126467,0.715970897129342
0.0317912558770164,0.702509552558878
0.0712129414831973,0.83025521268436
0.0702038357730009,0.710586031570807
0.125996749327842,0.833248448794313
0.095971566527781,0.747880983877698
0.191202626207232,0.815709019098246
0.132358569486157,0.720576566919917
0.16261796744423,0.735874760409902
0.144391986681779,0.847626531324165
0.116147169147667,0.796918878009839
0.150397908309125,0.781663901683908
0.169038235859659,0.783023723333264
0.141461314695922,0.746563519212224
0.246472846306261,0.708210344348889
0.233137244856276,0.80089671453445
0.233879255446366,0.7648526122529
0.292263320518568,0.828070551993047
0.328322136468646,0.757365877041847
0.347003202805124,0.800682010248617
0.27532200868108,0.768239131672918
0.277797455776058,0.783250885706373
0.296210944287093,0.836441595884041
0.248904681252952,0.872456830538672
0.174015810555416,0.841809285983956
0.159365680257464,0.881386090890503
0.160521666463884,0.819122787671563
0.116086163397032,0.822148825657101
0.12268523369241,0.824423901439193
0.0312809213872007,0.788195677037885
0.0901365137321289,0.748760357064289
-0.0113921108891623,0.783205203496066
-0.165300650968608,0.785700767159811
-0.198572319593543,0.742908513815777
-0.274189292527221,0.714450736403969
-0.291274148728271,0.730702273606852
-0.369520381265001,0.715957712344901
-0.369808129359994,0.677702490480149
-0.412141092960768,0.640885833208372
-0.503616513744194,0.651240743998806
-0.612834824169112,0.536668595291323
-0.489444404638946,0.548706689140312
-0.528526835560026,0.463381168031501
-0.5459595161795,0.320506432505693
-0.612328270355864,0.326983671991735
-0.473599434682875,0.310729799618361
-0.555436130488854,0.186748688532266
-0.564026173824753,0.270770651078325
-0.633467383977543,0.159459818635168
-0.639405553611412,0.161403418228206
-0.562019707106381,0.0254754921097441
-0.612826955274871,-0.0562775963564774
-0.703510876472655,-0.0906811723001979
-0.550918292220738,-0.217471773721675
-0.733658691508722,-0.21271508964951
-0.588018690888618,-0.218522320512812
-0.658612375623435,-0.297964072103316
-0.572051829604824,-0.277877348931094
-0.665648491395909,-0.389241303819402
-0.555996906573649,-0.437673518365659
-0.575078258357392,-0.388822910132962
-0.62187577510773,-0.516865194438288
-0.674009091631654,-0.440974486942068
-0.633690444250522,-0.483440451291426
-0.58194246723113,-0.380125013581664
-0.692688927290851,-0.409851247874443
-0.532390219630455,-0.560069597723458
-0.65736041405486,-0.477021751639543
-0.68558764666145,-0.584009302655324
-0.646621521832886,-0.584873484274453
-0.643047635759135,-0.571298392373095
-0.555186168117114,-0.514584569345492
-0.548282624460318,-0.500647719881085
-0.638637695977659,-0.439623493663637
-0.681059517179747,-0.338798530828462
-0.442379261256789,-0.343110737537204
-0.552178602616934,-0.16679130762996
-0.445243379850278,-0.247958622904277
-0.338976030567923,-0.108254415085609
-0.50917988869977,-0.190061800367944
-0.573288394681388,-0.108401402329405
-0.56246725406322,0.0220442038491892
-0.44832577410711,-0.0298694805918637
-0.449502859893918,0.000678395141578632
-0.466924671236366,-0.0797914443275694
-0.257020429225729,-0.132097042493867
-0.290879258390037,0.0660833452268897
-0.460149422183642,0.0541322201762506
-0.224028841166173,0.0487721661277565
-0.158191841223406,-0.090002679058324
-0.318577233304403,0.0761637070769357
-0.197209458737601,0.267817877438839
-0.221538140870462,0.0688366865759564
-0.116771402449115,0.0847579101366001
-0.497124198306356,-0.0405087039267548
-0.219806540460904,0.162918322286948
-0.235217583242535,0.205249720807133
-0.106504062032662,0.295811007149591
-0.211012684553542,0.166398619025673
-0.106531941196446,0.282749987611056
-0.196686265137855,0.193460817960714
-0.0666666666666667,0.2292853088765
-0.196480906366664,0.253909383558201
-0.0563632415625285,0.398914963415848
-0.0752962975232171,0.307428262212806
-0.117420761717615,0.321211976672448
-0.0908474906816009,0.210010324428164
-0.00306730627434245,0.433427373091884
0.062527431860251,0.503458745255249
0.0647606443510087,0.307449036864585
0.127209971995415,0.474680953368315
0.193354275352056,0.479406471628753
0.186678270634048,0.364243811793103
0.34002337443745,0.562797395880149
0.123410029882778,0.433062289026983
0.398639021885867,0.515887060743991
0.393285195960877,0.540296051257451
0.276771318735591,0.589935911545154
0.414271964069452,0.508892963517975
0.454497783625961,0.572540366989559
0.416548319152376,0.539663053872152
0.453085848775327,0.667092455321099
0.42594428787465,0.470366604729407
0.439811588092785,0.601978135879331
0.368851114342446,0.66752224187478
0.515685229425201,0.697611819918338
0.445054162785388,0.722590273517239
0.432591083476934,0.653842605658128
0.460528267044438,0.722615065042214
0.444034974919338,0.744072174994137
0.402301631104241,0.724328986030977
0.456543578112542,0.82055948741805
0.475671376004323,0.815442668141863
0.402758874612632,0.824382160965695
0.405730837311333,0.815115534566496
0.276186864893688,0.894076103239969
0.360672486348387,0.871378411957364
0.489393810170998,0.844286993435826
0.450575739767702,0.835610270119868
0.444273895021006,0.854556840339706
0.4030756718372,0.878380242399304
0.407811067888638,0.869756560337844
0.357182394577527,0.894637971844681
0.400751737439132,0.902451100867696
0.342217126526994,0.921457654920956
0.3831408487263,0.87835946274791
0.305187283565549,0.936811659144179
0.27579878616412,0.822459738173618
0.263459342263029,0.926657493863689
0.356237621853096,0.875127240202631
0.338917224006033,0.902013969751298
0.344310368897778,0.904726605442829
0.241676482669766,0.745897543361586
0.402988022062976,0.84040731381395
0.402828677121078,0.898466481580757
0.444212090440525,0.838171165469759
0.48039914256947,0.856573560469986
0.572501123911067,0.79607789371791
0.500243040849193,0.832602193259164
0.596811109240019,0.77596452341432
0.566495852532542,0.750694269158815
0.632090119235904,0.723812811885117
0.651418877429406,0.610637197036462
0.668284895134614,0.670372303136138
0.694937229136528,0.561062796928913
0.735011474004853,0.549853896989849
0.720485093185942,0.569466336716557
0.764127071718555,0.576272504620048
0.831556483214296,0.516544934694109
0.792615955994255,0.507574449643371
0.819804550073872,0.49018110511296
0.835900956287699,0.508529083364925
0.840514837046961,0.518117586344163
0.854973755160674,0.487038789954602
0.831869023942373,0.512233395813754
0.82289997597781,0.531616445073551
0.828771596679977,0.535375288922279
0.812196851533874,0.543523391030359
0.80733880121883,0.56771956922738
0.799024388508671,0.5733813398888
0.726249430244739,0.589788232185538
0.786811180254041,0.593100760663083
0.769003816973986,0.613242650486569
0.750047596326387,0.618007701386806
0.701641406655429,0.640773575879546
0.693178972232911,0.59903511579494
0.686466456246727,0.600789159066921
0.623563261194096,0.588992965471592
0.660256975984746,0.590882952566231
0.599320062676053,0.579151657025781
0.574441564012981,0.526441344361954
0.565665652916787,0.525201673942045
0.642915811993154,0.534524305007006
0.517728710666094,0.568036151363157
0.607419401227372,0.554159331384158
0.482296316955414,0.515314038523985
0.601117861150447,0.483223385372893
0.492053511666916,0.605592651470384
0.332837184296051,0.458894993480517
0.500921654964843,0.58743478581597
0.55990568297996,0.527976466974008
0.48001889951023,0.524920912708857
0.489916762754099,0.522318084113299
0.48016047499044,0.425387514011397
0.507748631984106,0.356088171880514
0.581757872903334,0.42912307770141
0.539246464157649,0.319558181902596
0.632175283720465,0.358023073981326
0.756195957889314,0.315794494778261
0.78885252698814,0.375820285557286
0.786414658908414,0.385129109151692
0.846165845976072,0.312380354247353
0.754231571259282,0.360303696856414
0.77946433278973,0.316711857430853
0.840795272327762,0.263191558989372
0.896395609113497,0.252612679613228
0.900925923169125,0.226219318410818
0.920840536954647,0.236788352450871
0.958035040956132,0.162364439676463
0.964681545807394,0.180667919365269
0.969724881590906,0.184131458051669
0.961787740077713,0.227858846559679
0.959286484430531,0.202732225112365
0.957188267703364,0.211783104190684
0.940949117909616,0.250728240010696
0.927917834762366,0.277143472741008
0.914785114726969,0.241426273115534
0.918941700002294,0.313604051532703
0.830601807358148,0.30966749620115
0.870663027691744,0.373120443277066
0.872204078616035,0.385887806001162
0.80751219252626,0.309762604561482
0.844931059115065,0.344781369365679
0.861451424576265,0.416083896549764
0.848137335482919,0.419445394099957
0.843735734755538,0.425206463552831
0.808093037369711,0.421296687052666
0.823048069160436,0.33292977832324
0.817408470807381,0.315504011696255
0.858797616669157,0.336124692181772
0.875541553144295,0.274788757994438
0.847454025225664,0.304820866715446
0.890077437222483,0.100584179830042
0.837968669245307,0.136121294959409
0.826568636238047,0.148750511260476
0.769458405657705,0.0332735418696399
0.944033204671173,-0.00135274358979256
0.915765821763824,-0.0653911811592363
0.968276215589743,-0.0463050561959786
0.922976726954041,-0.15879774569045
0.963996708197685,-0.122428638428417
0.925761629207749,-0.178736928225542
0.928313979359732,-0.135388957899031
0.961560233652637,-0.214438940635629
0.923931306692217,-0.209076701181343
0.91697748045622,-0.179809378145333
0.908610452077449,-0.268388663664516
0.951892692102535,-0.258239774569697
0.912737412165355,-0.26784989465512
0.939263973220895,-0.294704492336265
0.95492155874654,-0.256588374455197
0.865939236434913,-0.247091759238588
0.910179627553038,-0.240710083166489
0.947963398405763,-0.187761957681749
0.918590467728268,-0.165635106791231
0.955961558717173,-0.164459135706419
0.929146113437554,-0.166794846364465
0.92639877413645,-0.137521527789035
0.927746170555433,-0.186330572893589
0.936681489828955,-0.210903013523642
0.903966620273751,-0.223150705752724
0.897513056008421,-0.300874139305041
0.900312866614251,-0.322344724522404
0.866155120194942,-0.35700326500626
0.889670416409248,-0.339628649086001
0.853400388810396,-0.371723514748896
0.852111538978894,-0.39209450281615
0.868407849065106,-0.393003623712316
0.833734266466118,-0.402073966116815
0.827188442859104,-0.445956294950192
0.830621175341297,-0.449412037763981
0.812643994923129,-0.432777857783985
0.781976265079546,-0.505944229200706
0.787718799941967,-0.516337622216536
0.783187411606177,-0.502666325523178
0.738848134133859,-0.571801138273017
0.700800841785382,-0.572778148855814
0.702810895077049,-0.609375237370162
0.64637980697478,-0.61176307154146
0.64864484620666,-0.641451260121271
0.595306607068474,-0.692398238912852
0.599178104216588,-0.668743540245538
0.610604923523489,-0.719687978273255
0.526723049226137,-0.753070429208212
0.538154383309453,-0.785260383359247
0.526401801229258,-0.752873271045463
0.550161501343556,-0.760332227791568
0.523475111796621,-0.756288546109847
0.558252912950935,-0.765731059684745
0.553371408215145,-0.763427065028259
0.511395371553148,-0.758007569641562
0.527704444612181,-0.746071471237592
0.556761664502371,-0.754682112700726
0.563627963312723,-0.736852295472304
0.544827564784349,-0.764610595365956
0.486364367097481,-0.741699317624936
0.475996950672314,-0.734097659100594
0.588951047674865,-0.726039330359629
0.508821695243639,-0.721341272333458
0.484527174795274,-0.720054125109573
0.52309357591339,-0.714823395748995
0.549846120257843,-0.687928995266427
0.585894944054985,-0.627277678507835
0.573598223519561,-0.663583786693494
0.645899107536153,-0.641618533410333
0.587771355305708,-0.629957183373418
0.669589317026196,-0.589336522899923
0.675997385372144,-0.57915546327798
0.721816818798599,-0.519058250360126
0.687245916387568,-0.565782802417112
0.750427593299636,-0.539597863732919
0.72852215779265,-0.513170172885186
0.72978299278346,-0.501342731153289
0.704072650750579,-0.526619520622401
0.772917688583616,-0.486469060721699
0.724371411297373,-0.507061335714537
0.755531956088401,-0.497053954626944
0.709292843466199,-0.507358568053693
0.72699874511054,-0.453074976621036
0.723834809659154,-0.487022265954645
0.685834139879994,-0.512910317282448
0.752554704295475,-0.474233383876544
0.678977460748039,-0.513263147640247
0.739903071495155,-0.493804890182458
0.768643901477081,-0.463437782696353
0.679281812320826,-0.439850235110404
0.796480463630759,-0.32949383077871
0.750539936484971,-0.418277153454047
0.762436127574125,-0.4774429048708
0.716746179752619,-0.440903930851845
0.705652398052846,-0.457491577674516
0.693640099093181,-0.352064450706456
0.641824255117816,-0.404046492434402
0.788833145314225,-0.289269172675983
0.751006870198597,-0.29040986860776
0.7123309586483,-0.261595015799966
0.686084809859065,-0.321858163698855
0.670824896829898,-0.240015348750356
0.646592946816698,-0.281557800222344
0.735684740412177,-0.22131483695788
0.834532902171971,-0.31124440012198
0.670595223342437,-0.413404093400831
0.593455962123779,-0.372368597066353
0.693520586371303,-0.359779682368366
0.717971437337369,-0.34662130607032
0.676754633953881,-0.385254338868685
0.582678156402096,-0.481295988555868
0.577376609255147,-0.371766085884144
0.663437362259694,-0.454622955249914
0.635682333820005,-0.471847421963032
0.527137549261581,-0.507244005488501
0.586825822100801,-0.576852111749451
0.501962024186841,-0.624811866189876
0.422588309666395,-0.73237762603908
0.425371882870495,-0.721944776328521
0.382548240233222,-0.780945351169193
0.405194355509595,-0.772496529522214
0.4336452189201,-0.744238586928601
0.349383349938537,-0.789996007240657
0.342366721459808,-0.724072333429306
0.333830562351025,-0.739694160037446
0.303353219102874,-0.825158017928875
0.348663685648759,-0.806018641985597
0.302100546952088,-0.822038853245392
0.312789843769486,-0.827450183240005
0.282361930152373,-0.828572898109072
0.317745628498745,-0.818902033744284
0.336746708085253,-0.771322854079631
0.290134098483248,-0.811700468185609
0.238060708673037,-0.894264262464575
0.232430277532853,-0.877933079283549
0.217689852448792,-0.88439188036488
0.159250900788204,-0.890198763419408
0.183887853197817,-0.893291350532581
0.183693310276132,-0.906589752761821
0.218066698828984,-0.906180481832162
0.141522542895764,-0.908284972638292
0.106950746065217,-0.907487863291647
0.138875516649655,-0.923862521462935
0.0919233769772632,-0.914118193489977
0.0230150281127929,-0.928877238123622
0.0719551817641342,-0.920983238113382
0.0286312525478354,-0.925809592180839
0.0273101964900519,-0.930284903413569
0.0600903785058306,-0.91197920581085
0.0250802236135061,-0.934313975022662
0.034126990088053,-0.918536395903179
0.039294339972783,-0.924749752611566
0.0183857354522591,-0.943286051470181
0.0287106256800108,-0.934139674425262
0.0182836557668162,-0.946922160810346
0.0640147099382635,-0.953151581989196
0.0567429090975448,-0.935444000235047
0.0712550912960141,-0.935917519661879
0.0115374123072325,-0.920006585998038
0.0713466927210062,-0.943279204694407
0.0659280782028317,-0.92091772496198
0.0741870614133034,-0.915525532750702
0.181312528311624,-0.887592812322568
0.107283316125522,-0.868954210656321
0.143775371396337,-0.836661082913293
0.187306198008057,-0.849141561231838
0.251017913297449,-0.789574397354478
0.190008937890804,-0.899647850434758
0.286073569676396,-0.87972001162945
0.236712262078076,-0.825500104869561
0.241275692613892,-0.846296560865649
0.238997203069407,-0.799721800059988
0.270560297695999,-0.815805352355955
0.0569430022369102,-0.881510937220439
0.0451591055814909,-0.891599884695864
0.0751632205920531,-0.846764978120787
-0.0641640337327124,-0.904406451930063
-0.093538050808575,-0.866567837836439
-0.146125444142673,-0.855257834127916
-0.162839261511137,-0.803147306817156
-0.216216528927518,-0.901702715338913
-0.275969292322862,-0.8106599836055
-0.259782008792195,-0.865360221111569
-0.333557948577681,-0.826768872893613
-0.345091319916577,-0.826655937163961
-0.391891740349399,-0.754255628715358
-0.438157201130456,-0.79789160097493
-0.404568677193147,-0.785125382352872
-0.486783162599489,-0.781495360745514
-0.453869488682723,-0.810831910111605
-0.448025129344843,-0.786811928123674
-0.390546089796925,-0.799153235799501
-0.519444575974052,-0.77469883970788
-0.433013961803138,-0.794193202146376
-0.452871411186197,-0.788270468201737
-0.375516632908399,-0.787535794341183
-0.495696595583665,-0.780217791471143
-0.398173358467565,-0.739747023441781
-0.37998456523189,-0.81915377369257
-0.360154235462929,-0.779660800739448
-0.415819936088374,-0.819767124772236
-0.382446018768264,-0.826184368085573
-0.368325245709349,-0.843101892671248
-0.254799824735842,-0.871214729680447
-0.310359502842091,-0.889843099315944
-0.268330018512157,-0.908756070526118
-0.227441063510789,-0.915342087042813
-0.218333945689308,-0.915794377763162
-0.197651406063373,-0.931654569459937
-0.195511992386819,-0.924686167604182
-0.192759731081886,-0.921635356561601
-0.139430097760469,-0.915554035514582
-0.245749308567784,-0.920687189321656
-0.143229762519247,-0.922835292347452
-0.163093107794974,-0.930107573726573
-0.201942737078672,-0.918508413423508
-0.139771163563774,-0.929926987580684
-0.307172431835181,-0.902398138325381
-0.194309499295001,-0.906038724037227
-0.182643221150747,-0.907917016755698
-0.291903913538193,-0.843438017404719
-0.30661042564196,-0.876356315369759
-0.368642751151742,-0.877495363782333
-0.30466777016681,-0.833775224248443
-0.441502776912556,-0.838804824523563
-0.38282723678545,-0.880709984807981
-0.420330501667089,-0.835780477013993
-0.405777272284692,-0.828852335966678
-0.445986979929384,-0.806168520388167
-0.449458409403252,-0.770756491330563
-0.5311008621495,-0.762382643250196
-0.55972008655963,-0.756321091641715
-0.583366655541843,-0.707111619404539
-0.645229842737616,-0.674201420250869
-0.67719013909717,-0.632692869425607
-0.688653252373166,-0.621882251667538
-0.699042171431156,-0.598332271617525
-0.695819730322691,-0.575537240707648
-0.737260641297516,-0.614062172207984
-0.779717961596059,-0.535652984280348
-0.755066745657219,-0.567498345800578
-0.7451429776562,-0.583286619004503
-0.782900048829672,-0.534244156886617
-0.75371728470119,-0.515228497350503
-0.813836778311833,-0.483710749335388
-0.844388233328433,-0.507359625812879
-0.801328053953709,-0.49967525995781
-0.805971337527526,-0.428041542519286
-0.85719357772461,-0.486506775004524
-0.80293177671429,-0.443246275287413
-0.836008021519972,-0.462379473812371
-0.844373028343044,-0.505250196761973
-0.825916223696549,-0.467784536775286
-0.790835145357695,-0.466741800219263
-0.798163711131648,-0.519321629333251
-0.808677497451168,-0.50873485430902
-0.821873680902952,-0.556797532931963
-0.777900532665294,-0.517614430530539
-0.79695375615572,-0.528294364620268
-0.752993887183564,-0.539436453705944
-0.786221953154587,-0.53911892996235
-0.787023407456189,-0.531595552352871
-0.807049691887992,-0.514359302101557
-0.814725400954269,-0.486537612170607
-0.773017972134712,-0.472841657077035
-0.841337246237715,-0.378320036677939
-0.799505211040543,-0.264283752872931
-0.696394295740056,-0.0984030537353394
-0.826750000791283,-0.0229449210763983
-0.801016115822492,-0.0368695970494927
-0.82973822204861,-0.0283886187811139
-0.770391024638782,0.0319897460134817
-0.845814707133891,0.0294588074511427
-0.791622724691296,0.109835599297969
-0.815091734976921,0.130168807151427
-0.820630091728997,0.0894854885303628
-0.833215884365035,0.072763121389598
-0.855024644299227,0.103205933003411
-0.833445404482011,0.12710731468131
-0.860192175876669,0.0660556634588373
-0.852679800335704,0.111194963695132
-0.87018498201454,0.0866556739494496
-0.792914677412068,0.00199616336486155
-0.799701829291559,0.0155769889480181
-0.64630683149743,0.0876553040102183
-0.716401009470332,0.096276932630856
-0.667302032132841,-0.0636418068628584
-0.740234747386097,0.0286844103817783
-0.748480554879681,0.00411877556471495
-0.576757918935781,-0.126198185156587
-0.664231615291125,-0.108844425610299
-0.644317381551128,-0.156332679141884
-0.548735077890747,-0.0765663967249373
-0.583331963267959,-0.140472142792431
-0.672716646778142,-0.110156754983135
-0.629050863324888,-0.181432637088421
-0.644648064102495,-0.128950783651116
-0.660880899866816,-0.164768799090375
-0.685847289827263,-0.295510082353342
-0.740463314661905,-0.238810336617493
-0.678346942286976,-0.258898615777287
-0.760478064488321,-0.270264055265781
-0.697216272287582,-0.336857841463641
-0.783849717861764,-0.335100101020964
-0.736905621852157,-0.426969151500708
-0.798432971640375,-0.477233622754453
-0.804355657294935,-0.412101584852149
-0.655558413194175,-0.495945663985286
-0.721320967438468,-0.529433477353622
-0.65775453884771,-0.531480329511239
-0.661531682537346,-0.615386906804379
-0.597704763943006,-0.643219365262561
-0.58864516094578,-0.637323837436147
-0.636817482415467,-0.677876363291088
-0.618358180896677,-0.6562803603573
-0.651640324905999,-0.621264433913203
-0.628095029494791,-0.626059074476556
-0.666286430571567,-0.587047394151706
-0.640161823830697,-0.594675655462873
-0.686883949270985,-0.586968246915156
-0.70142709706651,-0.535753190152126
-0.727440878877238,-0.539884990351845
-0.726677918459901,-0.392931985695935
-0.753178886187359,-0.46940641297228
-0.765724178846274,-0.426305322436093
-0.800561776578394,-0.443965020175869
-0.865438069392425,-0.376389335990887
-0.807431382945181,-0.392525838355753
-0.851311725380887,-0.364911455325274
-0.881701571543575,-0.292486239468613
-0.817276810884099,-0.396678788695561
-0.811013948626958,-0.336520404727107
-0.838937567546472,-0.33278954142261
-0.82906940269836,-0.237499426896997
-0.784313610691273,-0.328464549082352
-0.791218299002657,-0.268917153927967
-0.870859860245372,-0.14901159764535
-0.834325719254914,-0.206865807914693
-0.884895333996497,-0.0519666872603332
-0.860919494699042,0.0570780686403304
-0.876482731168295,0.121805359663361
-0.866778886018894,0.140202739616821
-0.806453233770939,0.203769014034679
-0.790079972899092,0.248046359508047
-0.817084328360114,0.245210135977543
-0.823365167656633,0.330817817715572
-0.751384300490569,0.341021090395769
-0.822860668330634,0.324020060443705
-0.729742998848829,0.381294218852855
-0.784769972207167,0.472530714475382
-0.755606863809665,0.443528646462669
-0.708775442392403,0.518298944964772
-0.701114137238552,0.509511152455752
-0.651598412855941,0.580121700977405
-0.60886551857076,0.569946020257253
-0.575895387757678,0.581146213759802
-0.521186495423938,0.658368979437211
-0.515098059922657,0.700516728861175
-0.511938434046354,0.711671998362106
-0.456126588035329,0.734065364112015
-0.462843694765544,0.705918999225211
-0.357237647640806,0.727877083317491
-0.3637183081002,0.733988238540091
-0.207193465185879,0.748770119129743
-0.183458580860232,0.723300647804854
-0.120924360910569,0.790877266971764
-0.0739152084014179,0.763704196344446
-0.104740079623644,0.796111670605726
0.0137190011311768,0.809543499473359
-0.00575070022071835,0.813364214607233
0.0620585710535608,0.777959874116115
0.0786756768992398,0.820854244804529
0.158091930620029,0.70220044081181
0.204815259021661,0.719435642947152
0.177273004626358,0.705948026011635
0.237672770608365,0.70123142947535
0.149264530094763,0.668900046864331
0.243943543464802,0.681002266162652
0.104829215209592,0.499734770338999
0.305956923617486,0.622931688957989
0.310235885368222,0.557202980518778
0.394776377543782,0.453442605225169
0.502930014971208,0.337521682820689
0.398794099865244,0.356488850807222
0.482316180577779,0.300844024138146
0.371421191295494,0.173211732854193
0.381142031003155,0.116181138420353
0.301642642378445,0.0975447849498636
0.40966602895864,0.117545575967032
0.344242122322361,0.00148353446714405
0.194105257301929,-0.108827499600173
0.331655530192228,-0.0199560227314996
0.220814390815292,-0.0225512507773573
0.272404418236943,-0.174682152279316
0.326802716449843,-0.153254661193892
0.193027242732875,-0.00803266415436102
0.0334815491859826,-0.250111032300629
0.202186153907517,-0.121254538347819
0.25092614178702,-0.159326198323618
0.0525752907254907,-0.105798211480183
0.0787281972206539,-0.0632115824222103
0.0123139305294067,-0.161654953632342
0.159707945575435,-0.0177247278644465
-0.125501373806107,-0.228832400239342
0.0768884797888356,-0.21012181729944
0.0768494695490313,-0.0451419646476045
-0.112916576580979,-0.152641494205913
0.0890018083134753,-0.17299056484954
-0.198789766886908,-0.130828229699479
-0.0549898828361287,-0.0420733224579192
-0.0858662109378544,-0.272569589436549
-0.108232444443087,-0.192582097477108
-0.213582674128601,-0.126460480878192
-0.308650859980755,-0.145725168538455
-0.214037933871181,-0.0539599560639886
-0.314160438304101,-0.169859083901642
-0.211432573629593,-0.0924148768871419
-0.524970517158272,-0.00219955525532901
-0.295232540883369,0.0556807823322123
-0.368376830806611,0.00589098831213538
-0.361666818232131,0.0199859730364442
-0.515140305306049,0.128524532487943
-0.456818674182365,-0.0181439464286297
-0.587767552265757,0.087626817095239
-0.54383687625053,0.216492208056017
-0.474742148494026,0.271579503810552
-0.647242099325295,0.263955910743344
-0.511037776106945,0.336477282410104
-0.602417060035271,0.332570146497111
-0.717557222925416,0.424394842269115
-0.710676876325201,0.297081773500406
-0.600351229966526,0.288402629080904
-0.67755909337922,0.456631979521054
-0.764898235250186,0.383264330029104
-0.72186999368792,0.48101014447055
-0.708279475877367,0.561964215985795
-0.724224557007568,0.516505430258636
-0.677923706618447,0.423523157399543
-0.735438594526392,0.50312250308129
-0.784257565502923,0.402260879050751
-0.832457478132689,0.47160597289586
-0.776307751243216,0.41590839014885
-0.777585998184794,0.439312662375634
-0.873649585630998,0.381503254964028
-0.846478567608749,0.348161900256262
-0.772318208555256,0.142485864532296
-0.87651376606217,0.304330066058909
-0.873777287057014,0.233022062440831
-0.84576298543061,0.274515727268215
-0.916569008554564,0.193166010999596
-0.94055583830667,0.0737710763539738
-0.900583997280248,0.0879544923441094
-0.929233752707204,-0.00350850744678673
-0.889309551041175,0.0243650259288452
-0.864992490111435,-0.0866202892850595
-0.868091017107164,-0.186291661050414
-0.878139666281987,-0.246617967939706
-0.864241708575454,-0.245924143968172
-0.900891032340708,-0.314442175823033
-0.814239842724852,-0.318916891749586
-0.867206860429525,-0.265127388613847
-0.849306656812529,-0.344092643122953
-0.854056193355768,-0.395879311123724
-0.760881360494862,-0.444475029459183
-0.702198383502673,-0.389962730445058
-0.838187199598865,-0.413308129702515
-0.797968236037985,-0.413864762628897
-0.769005817095291,-0.36850610711373
-0.747168602665887,-0.444545854770461
-0.72535276273094,-0.333614963936842
-0.753696431448131,-0.398041834038575
-0.711480690075284,-0.424740022771846
-0.859549394508146,-0.435171165744779
-0.758175225999041,-0.386634720402266
-0.623120206195366,-0.397865718536846
-0.70963162255083,-0.392281060393507
-0.736018630507258,-0.4155422203306
-0.760056664536092,-0.427769512574259
-0.753060822831405,-0.400771936700728
-0.670015142898934,-0.378690580314349
-0.729094928384205,-0.383802443705991
-0.658388146389131,-0.344072013938657
-0.673572040036483,-0.376086931572258
-0.615378541801424,-0.364934290585522
-0.644336403034799,-0.356674244661341
-0.485113649421555,-0.373057428225139
-0.501659770109472,-0.431552559597679
-0.471155116785724,-0.154053575077088
-0.449374223521001,-0.489860659630439
-0.436888535776463,-0.364272547957487
-0.426018281742776,-0.281189983288983
-0.6307111615883,-0.283302278127904
-0.602163789477923,-0.392094866093923
-0.440028310874235,-0.0211306078811869
-0.672870325073444,-0.174319115563079
-0.559732419975993,-0.125660086782236
-0.689637818783943,-0.0246711691940263
-0.732259939021892,-0.0794534690018985
-0.669688717514759,0.0397581667250968
-0.716576227910426,0.0329031435062256
-0.642879947848055,0.113780819069993
-0.7799384280771,0.252125601639525
-0.728692957581819,0.235600589055919
-0.594073188862469,0.318900686622432
-0.543389938426637,0.43470114757828
-0.526311917011438,0.523698292182062
-0.640063726273804,0.577105398240907
-0.550094472313683,0.592243670129748
-0.60202556012998,0.596778251827271
-0.584601043818804,0.629790804250895
-0.573406136139839,0.632245279288702
-0.511024503498702,0.726504903122565
-0.487581970713562,0.745869103114709
-0.44222151906795,0.782478758992234
-0.329591513275702,0.808593684867559
-0.35463648170695,0.828915192164415
-0.384138387414822,0.853380745833193
-0.358493038861164,0.771299844348128
-0.432051998254366,0.789738129847651
-0.41251066137512,0.836915981653592
-0.424697050604489,0.72657699099829
-0.373513512177908,0.766636442815851
-0.496038891287535,0.784664373870574
-0.554117714893436,0.744814895021081
-0.518557636411415,0.798633913498247
-0.535309777228623,0.716738568264908
-0.506341253336748,0.806763224736115
-0.541184070713011,0.73429740569393
-0.550578959228083,0.742454771392971
-0.515040954877554,0.764434131510663
-0.536982899238695,0.779752694967983
-0.546687775265922,0.746415413795375
-0.555423112970763,0.774410917378811
-0.524791059988149,0.72109946038302
-0.502132977742687,0.798655086491334
-0.516792859733899,0.751110139159499
-0.54134943629472,0.758346630354014
-0.478350280977884,0.778129896481239
-0.381678263762805,0.804976446496995
-0.452697767764967,0.824861995927051
-0.351131914094166,0.801722231574433
-0.391130242758163,0.830569063500864
-0.308639472483349,0.855420888617946
-0.302635664796151,0.866580871294388
-0.299128600729792,0.861626853216567
-0.213081076262899,0.856660502395314
-0.250501176833408,0.915827804377752
-0.186272080089434,0.881208758081961
-0.132632315485246,0.864202202730427
-0.0845884517046538,0.87807664534957
-0.0888110433014271,0.870340645485527
-0.0463263286950564,0.903398649629082
-0.102845164124101,0.903233708639921
-0.101940128640172,0.848515737045836
-0.061119350000498,0.910079062208798
-0.0388563687991304,0.909424278180997
-0.0615585867168819,0.949579986598962
-0.0479130165386744,0.951818931438421
-0.0506916170629524,0.950662040671263
-0.0790984344152129,0.919453618136123
-0.0564156314093476,0.947637284253934
-0.0487666185915979,0.94907986329856
-0.0548319246549207,0.95446119021102
-0.0164609132292257,0.951977977338618
-0.0549520066590763,0.942704153237999
-0.0109634131504547,0.921184920438629
-0.0713636313648378,0.891676381641549
-0.0169593485826494,0.876370196065041
-0.0590918975904015,0.933889156259183
-0.00319490134497386,0.882803797000725
0.0196267143862648,0.914738545948898
-0.0721157672715553,0.82004477559576
0.0457545519863981,0.871974916803174
0.0292563659102465,0.836940011562665
0.0944894077190822,0.844087030003001
0.0852832843962993,0.815498420307068
0.113120510024057,0.806940839204237
0.0385631773339417,0.79040905074346
-0.00592357364675661,0.787336653000153
0.17191647881966,0.858426152068859
0.177702057389607,0.785818179183183
0.057832232861286,0.755648488781882
0.0961671424489885,0.801628270281315
0.119771717182166,0.847780959089719
0.211830531366725,0.814308611978328
0.148538401002453,0.822148475063994
0.139817689522474,0.798832015376347
0.173129343117222,0.821524143434418
0.266322260173366,0.83241718944301
0.200043211647066,0.822603140068457
0.304910031884209,0.831286416366924
0.366350724113028,0.779085675715765
0.384834815784717,0.804872541439211
0.417660085609215,0.826995725906224
0.488133207307417,0.723151768734355
0.49089035763879,0.755492373287061
0.519100930551148,0.75181034591648
0.554082796546668,0.72713081983401
0.558410432650553,0.727141051350149
0.544017614890925,0.737381730711168
0.560815028595468,0.761198546697815
0.55935739787534,0.670238460072034
0.546457050214997,0.755120925792939
0.602876257710984,0.676198478513615
0.583351904126157,0.682324982685004
0.621118675395743,0.648744163766948
0.611380510343156,0.701511585888474
0.642886277316509,0.610304492337688
0.676818233691023,0.609166994194379
0.662281842792145,0.627078275500524
0.647149827338341,0.61442824621896
0.653024196787392,0.649265035530286
0.625169829573585,0.622340399665755
0.634153367336539,0.620689661018475
0.679411016676081,0.611809214683137
0.669558489907443,0.657499724346778
0.661763271277902,0.602989308758339
0.634089954163834,0.700053515783573
0.60434081383953,0.655536123351314
0.580933309272039,0.744912100734501
0.548461618212329,0.696734121032575
0.52190746851017,0.751874202759852
0.473945367684188,0.768527943113291
0.403305729366066,0.807994171508203
0.382638496050398,0.852691720665664
0.335099385734738,0.79557520406445
0.282602105350437,0.873314396589857
0.209103382035111,0.79193673187832
0.133828416669749,0.817276205662245
0.0547421466526339,0.83568064420644
0.0698068971707401,0.850756331375622
0.01904383467379,0.745454844454396
-0.0881428024047394,0.822305953073317
-0.0475885113372855,0.795682769509532
-0.123188801917437,0.789799390727039
-0.140496151384298,0.767708442601853
-0.0627254297371058,0.804422797833396
-0.160359780937705,0.75539993700904
-0.102992388656958,0.747561366603465
-0.137354681573653,0.781797977271454
-0.209686847424163,0.786423694475687
-0.198787257595224,0.829481102634128
-0.204218571409314,0.697940397507014
-0.108024505940599,0.771580969483483
-0.215901933085981,0.620260633681784
-0.175177157749055,0.719041885545287
-0.0713744911439089,0.60918202449576
-0.0524641222778173,0.67070749940739
-0.212536562113134,0.567306759400682
-0.0849598492609472,0.557909665726716
-0.186171521099381,0.508212904988039
-0.041622893513569,0.421870969948024
-0.139073663147689,0.19346668805983
-0.208332647001026,0.260590123276344
-0.0325974763230453,0.380373986403777
0.129664680847228,0.20556170438827
0.0722159224759117,0.367868419700812
0.304677551780284,0.11513891904979
0.26770984210182,0.285389856320996
0.287189935661236,0.450063493211962
0.316170160783522,0.352317506096718
0.351815292609402,0.316182638244045
0.317045143189039,0.280048781040247
0.458112661861915,0.246755528844479
0.633609351306526,0.215553296153725
0.393265161976392,0.208517210466314
0.429579439589095,0.306842979513007
0.613420283348844,0.199312327780937
0.525544883938256,0.278720746477312
0.578644558371243,0.237739505964258
0.679213075828177,0.256470974806573
0.651000454144656,0.287581338509172
0.589015086946327,0.374631557687845
0.598802601332557,0.395004598065727
0.680288199592591,0.51666493805872
0.699593702887945,0.510695123509845
0.69614514090478,0.494573132632235
0.711592626434845,0.39743289747291
0.695195977686844,0.487502612872762
0.642862202599438,0.451720450969313
0.620800059890852,0.434444768849652
0.617840469927781,0.441729361020622
0.689819621877676,0.492864688524364
0.634249404692753,0.507318652271619
0.64929132163475,0.480772853180495
0.666795418691186,0.489119337197905
0.591154107781264,0.52144562193323
0.684627042745549,0.446240125721107
0.618935045555047,0.520839141763246
0.623129424234363,0.548369411928744
0.668142740453335,0.540511062919998
0.660294799270568,0.445105944414041
0.686692811003853,0.539503422881221
0.623799794810226,0.433658020732888
0.608495291072137,0.427825446653564
0.590626577393244,0.411140268277992
0.700124959036044,0.493528259133805
0.493243097153695,0.34740447106949
0.387815107728369,0.487239861479905
0.604303034140933,0.364829230308389
0.590805098488616,0.319349446192782
0.531166579871931,0.482188518748567
0.549179934443369,0.396115233613094
0.444822042781245,0.496830007961457
0.636704648619592,0.402244491789435
0.667203833002946,0.400533216491201
0.464140708371741,0.516754172258166
0.592677418443994,0.299442315755757
0.546175141987074,0.338543795881239
0.63696810623586,0.439367722654335
0.704589554935232,0.414785619123751
0.717634437391998,0.309191235724364
0.77536898768534,0.411143189211051
0.737255713992729,0.436582462057451
0.765952864341781,0.331365749823026
0.812219199734836,0.301014947120571
0.719995275228681,0.378926690954607
0.806269593710844,0.329701575861546
0.815310252889342,0.254654934209228
0.767598159677589,0.394712114547739
0.818194170813718,0.315353532667702
0.823163928767636,0.186959884700719
0.866467145888021,0.233210623075376
0.838373591612309,0.142348389788383
0.83568342713949,0.12988967746656
0.891170137606379,0.101035815808689
0.813601504485368,0.0699566777094123
0.748311855361972,-0.00765548672926678
0.829917032632861,-0.0139396850408789
0.721602343644565,0.0220155164103521
0.817863260362474,0.041658665661759
0.780576393684959,-0.0077559307939635
0.781657297752362,0.00613096922039447
0.674933506061083,0.0482005794592768
0.802439922787715,0.000632389516381839
0.82310385807949,0.0230759014587885
0.912105235927997,-0.011193517489389
0.925840638648027,-0.0219937574620805
0.897561755021739,-0.00490142552538521
0.907409268982781,-0.0596657134243907
0.943641129401608,0.0376342950735038
0.864889272617325,0.0294766719124723
0.917106113122178,-0.0635707405559919
0.909269517772501,-0.00599634472577247
0.938483994588775,-0.016681427418855
0.813742716739969,-0.0285831657839613
0.899716366739131,0.0175890970317314
0.940229830746894,0.0378519327563309
0.948284911773817,0.0668828946812006
0.936391152202144,0.0464512664729318
0.904657793077851,0.0251233208697685
0.871831865365651,0.0570544761770968
0.941770157953814,0.0335317176797552
0.88621572695862,0.0991572922993234
0.91014334883877,0.0908403157437053
0.868464464119399,0.131739940908663
0.931418730103651,0.115944527264534
0.859432839630724,0.0945697526897543
0.924210159646241,0.105788762184533
0.906473936323283,0.0216876924303307
0.886097224937068,0.0530418890536156
0.880677074863506,0.0858543136602993
0.884707580097981,0.103636801168085
0.799426742005066,0.0124527277731855
0.909871142003206,0.0633776201483545
0.856636588464921,0.0797905911137747
0.890012939190523,0.0287723686745873
0.878041383589038,0.0439517413321567
0.806487504978922,0.0966785509416523
0.905893397737474,0.120988938621394
0.882111384163385,0.0515225498774822
0.855920740223387,0.0875112391773995
0.89749399620305,0.00581975794848941
0.938861295327818,0.0739840159557205
0.842528467715535,0.0297557969427083
0.814076554714881,-0.00135815384223047
0.77862946820469,-0.0046403699439009
0.859993429677086,-0.00252185461091259
0.824389798879371,-0.172411726190083
0.799095897264103,-0.168249385447404
0.846223024876786,-0.191540601697589
0.81207481897959,-0.243617148182003
0.843133349243348,-0.226072374800575
0.764894728631065,-0.26409125404546
0.839121614360359,-0.241362431763958
0.785466050890204,-0.361077503748466
0.832762008469829,-0.284148705829421
0.802577551141942,-0.327013454472795
0.846975944093385,-0.295439812324432
0.850628690343534,-0.31811637746755
0.816043001014459,-0.302997874591392
0.73954359294699,-0.34467916476955
0.816527510200109,-0.407088345856852
0.854635625895106,-0.324982004652465
0.689087799433932,-0.425018707295247
0.735769405698949,-0.482613403963988
0.762828580115062,-0.485026730009956
0.699546552497276,-0.524429738525474
0.641031458106294,-0.493319799585183
0.699659450175929,-0.531946650002163
0.683886622730542,-0.592335678722902
0.609820950206664,-0.574947517743748
0.671282884865498,-0.608688285941925
0.570137688049485,-0.667552132037835
0.643589377035971,-0.672208830832152
0.493196854804855,-0.681512964676265
0.554765154655264,-0.671925686940725
0.56368504350025,-0.713099330848529
0.55539149996512,-0.76311850764298
0.512569741597592,-0.764040757688555
0.518117764277952,-0.781448556000837
0.580694420884565,-0.762636912451514
0.525630544389395,-0.70991795052293
0.485237802238764,-0.721924105149213
0.511007810457953,-0.661655069291309
0.518071656828435,-0.665865907212714
0.477623482893497,-0.668191528488336
0.569723539296594,-0.667995403448955
0.567095783974001,-0.582687005947822
0.545087167918256,-0.663881730537293
0.643583385420373,-0.625459985682666
0.600276706911628,-0.595091820954823
0.629792772265545,-0.641541006939761
0.596594041665734,-0.565315131159169
0.57859906101629,-0.564944487403554
0.670008190722244,-0.475557222094592
0.691214421108114,-0.412404274962584
0.630607789688853,-0.413772937411976
0.644070913318797,-0.444079246594993
0.695613010626944,-0.34916857909088
0.759069175203,-0.356531262383658
0.7542997040363,-0.386021584192073
0.834216625169942,-0.273155690931167
0.779597896623888,-0.295686598836287
0.678946571062851,-0.248883313189825
0.666760953626315,-0.00631988174743372
0.618794064800139,-0.0530928433332783
0.638320037314455,-0.102355433626454
0.568107223402502,-0.0719955180033347
0.641118932840995,0.106155512205506
0.626382593319178,0.113834254683528
0.630763756544521,0.128068239600404
0.653259523336305,0.0525348901364845
0.61317112737941,0.184517088351512
0.671212617917716,0.265161917788884
0.418941322092317,0.136919257757121
0.515393723432193,0.00209438984321449
0.422524195092893,0.227078657993582
0.424238139766982,0.0726686915121386
0.53687174796914,0.183345795014965
0.57895848869869,0.238309334939716
0.515311286800756,0.173110594518252
0.469703811629415,0.0944748498819074
0.589635857560001,0.223137910324158
0.278475711376345,0.123864948390305
0.49269819630176,0.211395992002892
0.447997311483204,-0.0577545249658848
0.276717288722863,0.0776138815809237
0.385524370844151,0.0221369126817057
0.351734069475615,0.130629356401973
0.258526702773367,0.0523976703327207
-0.0313678081269712,-0.0710582603355107
0.260957682872755,-0.020593573291091
0.312734794803645,0.0548204155835557
0.389466351743678,0.0351569096495128
0.265225109300474,0.144602017993214
0.204894975155529,-0.0403800321747606
0.302079008336904,-0.154503619480024
0.256637068121225,-0.136361715667343
0.300130068818475,0.128294346142653
0.217150356909221,0.128369714663716
0.196058674950004,0.0673298361026826
0.154402081311765,-0.0298299831041968
-0.0103491549791099,-0.03944991068268
-0.0419205595769884,0.0468384371003085
-0.121122955063564,-0.0685414238279914
-0.252857083649996,-0.0983719183571276
-0.117077121095026,-0.194442091454593
-0.185837040139652,-0.195299314254253
-0.417838469813368,-0.0411589799220855
-0.210740126295316,-0.118437797312346
-0.142069080632789,-0.207648363077157
-0.0823014912667629,-0.122082482274197
-0.249076444413319,-0.278060577854194
-0.172001381473769,-0.133039244401144
0.11872688088101,-0.150965247839057
-0.116129729938964,-0.347394593744258
-0.0832471796135649,-0.310971617457787
0.0806308052193452,-0.286137075777626
0.0965153165582874,-0.360454734894067
0.129479325428697,-0.520384935124627
-0.220848803431672,-0.208907840252422
0.0600632910167406,-0.410917494989834
0.0200180732385705,-0.513253001362553
0.0685646197361211,-0.451419619235982
0.118990639008743,-0.612552106423904
0.063113463854551,-0.571517720599973
0.109879310622787,-0.6632186338289
0.0675018672215966,-0.56947456572304
0.0967989451289942,-0.623441910930188
-0.0161252944380305,-0.670219922576918
0.0577295591660886,-0.518984786947715
0.0695094355973462,-0.526187117752509
0.19034297456443,-0.769310591909117
0.146388294092397,-0.80782300527503
0.275799814517145,-0.816014314022876
0.254118522981291,-0.912500794547682
0.199060950001045,-0.883271163820294
0.277371060538785,-0.856055163205733
0.322890596848207,-0.898061986408541
0.318250717004706,-0.900953363986864
0.412769034991108,-0.823518184116063
0.374073725711586,-0.846994358415812
0.39949764178097,-0.848974813078981
0.407495527959002,-0.838052802377254
0.46550661342054,-0.817996856384719
0.37494777554904,-0.813616293905384
0.377310844061697,-0.859833269575006
0.346371699263291,-0.836471279676522
0.38354264857242,-0.835391202935466
0.357349567362592,-0.807632499604676
0.376833320778432,-0.845848730406149
0.467102221645878,-0.819321557053438
0.407517912733196,-0.810179687955173
0.458994556748853,-0.840577314763144
0.46612970750271,-0.813102449872787
0.4937007632246,-0.773997682204611
0.526276756715866,-0.76661890805511
0.533996961689059,-0.770784879370793
0.553174769823666,-0.726028744041719
0.60201605628487,-0.703734197435579
0.562401833829532,-0.691111202977707
0.527310181013406,-0.725586159343707
0.467485175576868,-0.692695571840548
0.517343948255156,-0.680669888193306
0.31236950868716,-0.727266169739575
0.254207299169883,-0.720799681970863
0.353086548842407,-0.806601689352872
0.481613396363016,-0.766782358965281
0.355147442390415,-0.809886968639769
0.388238371125929,-0.695970230788033
0.383866735094206,-0.789694706126204
0.352289388695423,-0.817383537090878
0.324367358801756,-0.790118320817748
0.291424205962189,-0.769810223164673
0.298236722958543,-0.73450262850633
0.282620749235749,-0.81571060109788
0.231417201987847,-0.798312024634599
0.254079691445118,-0.808092277780912
0.342545889810454,-0.756641209968983
0.250708289827471,-0.849239752636316
0.302642290686396,-0.871080734099845
0.317538502430798,-0.786070737856482
0.329201332851079,-0.821888042396192
0.347473376955347,-0.800291308365154
0.25655656490853,-0.813781854846542
0.234640201059051,-0.810597634512807
0.276018274734836,-0.865404760763448
0.128874567817992,-0.821471828051266
0.248692769378675,-0.909843153561164
0.262405686346706,-0.813667144637337
0.170278041504059,-0.880787616366838
0.195256084718416,-0.87162099084812
0.0592737196181037,-0.865726753923613
0.0900625543023408,-0.919107912875841
-0.00557584636795113,-0.919663912873217
-0.00830902296363382,-0.85141928646646
-0.036808033666948,-0.887393268345714
-0.0955822270369503,-0.893029933946897
-0.127975666791921,-0.849564810511564
-0.137227147367098,-0.815325874111313
-0.269803322028071,-0.878284116235894
-0.16994911638829,-0.826358981162919
-0.230735696805897,-0.810544036024247
-0.231788580543841,-0.886464373165458
-0.228052080281848,-0.888241891045053
-0.298933836907929,-0.938779514347156
-0.27786608712475,-0.953746042112869
-0.274034119843444,-0.951177254235603
-0.210648979753282,-0.964373869562737
-0.232355906127371,-0.924073101416502
-0.203692158418944,-0.919533224401686
-0.15828069986011,-0.881152684622985
-0.137831415907021,-0.917465651889925
-0.068204822155588,-0.93865782859103
-0.106575518470179,-0.947045611545201
-0.13814516724195,-0.892235312143943
-0.158670937132917,-0.926698309806475
-0.166933159204847,-0.884159173119627
-0.145624965882079,-0.929078715664516
-0.136624404858268,-0.935310619831892
-0.182571319191172,-0.920979777933147
-0.163517770098518,-0.882412456502999
-0.206221250070101,-0.918733889311862
-0.168349533684823,-0.95347777561386
-0.218631761657281,-0.89548409172839
-0.197673081076743,-0.933524972888281
-0.235807156097863,-0.929650743870105
-0.172550797303151,-0.968625027766968
-0.194542877668635,-0.963480220423875
-0.182147494643426,-0.956482933308822
-0.177360824318541,-0.96926418913098
-0.14779556526539,-0.967156754652119
-0.276962460799212,-0.868303447347309
-0.185192401386739,-0.966234238876805
-0.127264171259661,-0.978970264667374
-0.252070265441502,-0.83718593440954
-0.11826940759149,-0.951686505495947
-0.109895373436297,-0.981900441656402
-0.155671745572546,-0.975656549637103
-0.133646064077465,-0.97508817257062
-0.143111770206716,-0.973315330844396
-0.0573810059641871,-0.974238529267071
-0.0992735627217755,-0.960641809391461
-0.141807544303539,-0.919772624688791
-0.12832522784843,-0.981762782113795
-0.105559631328229,-0.936476048786194
-0.156403391631542,-0.931611255344253
-0.135209775195592,-0.973768423960501
-0.169305808554434,-0.930798425312622
-0.155989188659672,-0.913764924838704
-0.260755948623035,-0.913616577065897
-0.24291032935209,-0.856732269577432
-0.21391560493501,-0.883446239867518
-0.294321034696307,-0.927718120291944
-0.188801549196485,-0.894596550020785
-0.331952632367414,-0.884632289250053
-0.286737893123445,-0.899661480781879
-0.37651206004216,-0.856866230005763
-0.433722296025703,-0.84634727597176
-0.388098133334573,-0.86442998899224
-0.481207625200827,-0.854699329221564
-0.515647951145366,-0.829851938143156
-0.510756517911556,-0.83300103993428
-0.554230970451378,-0.807209905560044
-0.595744636805183,-0.791411412859571
-0.610372983946902,-0.766359266950109
-0.621408036753505,-0.758837957405142
-0.507235783409632,-0.790524804611433
-0.618095515342802,-0.718169329269686
-0.673152296432481,-0.711434769371075
-0.647485068192752,-0.721229540341265
-0.707484738770505,-0.676986956010371
-0.665152061095635,-0.722078145433083
-0.677415629365921,-0.689544938720348
-0.681262174165268,-0.715196584025598
-0.718520936154689,-0.665891154241705
-0.681682967558893,-0.664818349260291
-0.697978598180555,-0.648198394541571
-0.680909838412752,-0.652782784434759
-0.681820165049238,-0.529191098875686
-0.753123811413786,-0.607942779901921
-0.748821133841756,-0.585329880668843
-0.750152190115435,-0.60085755180547
-0.74099158652348,-0.564279031340052
-0.747860839276036,-0.599404735598706
-0.750783899155211,-0.59577566222988
-0.761968504092814,-0.581942618770635
-0.753247468290666,-0.589955970068892
-0.737653051677263,-0.606378564627045
-0.753796887932131,-0.578147610074791
-0.724432588780784,-0.617479123811642
-0.727731888352168,-0.615660604734718
-0.725699078598038,-0.61175324799739
-0.662410678789867,-0.606718353382445
-0.717267047860595,-0.56979425324641
-0.707773462303874,-0.601216472893392
-0.694745422639666,-0.575214418152295
-0.753714445058263,-0.537139489935574
-0.731686424942772,-0.597406372044444
-0.743032114111671,-0.48843664675911
-0.763608522028918,-0.565214460263361
-0.796738463933964,-0.512403771921236
-0.8077085239568,-0.495309695470544
-0.812004524760045,-0.460194698965372
-0.769070615611042,-0.454745329901445
-0.785779014861318,-0.451269761943517
-0.754430343933898,-0.454254945140588
-0.761852874548262,-0.434380596683109
-0.752352971284033,-0.428616177427053
-0.790607234890018,-0.444162962708924
-0.800814910230336,-0.452214804941984
-0.786879008921287,-0.396338127685266
-0.780128877041268,-0.442300950832685
-0.804864861867439,-0.421618670211027
-0.775976722154883,-0.404561309947348
-0.768890184413196,-0.342639439640873
-0.805893861427717,-0.340686223878963
-0.800691713228511,-0.411181473560427
-0.786016804895788,-0.270533190074841
-0.837048675003001,-0.262904152237126
-0.81826826239623,-0.278031664703599
-0.848757366460681,-0.311686210702375
-0.849724966072083,-0.259005052101079
-0.822674007942318,-0.265399204746014
-0.819303540912512,-0.274740067908294
-0.828202594316768,-0.299742453014136
-0.746141373343816,-0.32978750148928
-0.749096434780601,-0.311132949904907
-0.811481054144647,-0.289347867922529
-0.853130119109562,-0.254653386343038
-0.885787453082916,-0.249753019580885
-0.762225128363728,-0.328633354577737
-0.816905519210356,-0.266441212010347
-0.844336496357858,-0.323300701566102
-0.6846546132726,-0.311303388131086
-0.781624021555856,-0.369872934126337
-0.806300356512079,-0.385610401393745
-0.812440077151414,-0.388773603438564
-0.736706103099853,-0.415991629324662
-0.724782526041949,-0.397136089332848
-0.635763806840439,-0.405053514289042
-0.63106645589206,-0.485939039101556
-0.593508308701693,-0.491043049113111
-0.668385413712357,-0.407424355769398
-0.677834996600683,-0.419361704463915
-0.664977543040385,-0.432857573659214
-0.559893546106692,-0.420835010500749
-0.592130667104363,-0.483852920225691
-0.640212158171142,-0.461750684601896
-0.547661699315315,-0.437705158892009
-0.49212837882197,-0.407743995288598
-0.522543679495671,-0.362727616160419
-0.454397384771392,-0.400108655246375
-0.471121802268218,-0.516369788312541
-0.42617483024973,-0.383934584551503
-0.583323895293187,-0.359508721872025
-0.326718647646205,-0.330059179863009
-0.26201291278785,-0.378990972650058
-0.16212859773403,-0.420862965893396
-0.199081261222684,-0.382244881821774
-0.225270720469261,-0.363303258471666
-0.259213266102698,-0.502596007160109
-0.232144038001773,-0.395959567331401
-0.196903804273177,-0.56643198248474
-0.212301758686517,-0.430578023692571
-0.0943267322948338,-0.443369635545305
-0.271704678092714,-0.234958106692853
-0.227478103826059,-0.257245049189518
-0.17221304139668,-0.234147459722477
-0.11501286592602,-0.453458405855968
-0.117803542016461,-0.146556434753941
-0.105289910771167,-0.227686161980113
-0.195897622646675,-0.378289364477177
-0.225345893871718,-0.427791153941
0.0102665980876096,-0.177730462405136
-0.0753006515613379,-0.266533887917456
-0.0870210713041319,-0.0884081658976376
-0.107595635111729,-0.199152237881359
-0.123880863695262,-0.172228758436664
-0.119271127516305,-0.13461237056716
-0.339735692102024,-0.0304759516173818
-0.321658766214272,-0.0330240643467469
-0.18621593456672,-0.126601732407872
-0.42837081835109,0.0444399900689919
-0.240084728223356,0.244493768886845
-0.469717114011243,0.0859205630940566
-0.404858815484916,0.00587867080868779
-0.367176860877362,0.183210391940975
-0.402455448697134,0.165844692278823
-0.455151919705143,0.231620579050833
-0.430730689930365,0.359127893157966
-0.367263274393506,0.108357000312097
-0.49757070560227,0.19099914755602
-0.701763319063423,0.184863544413083
-0.530632191160785,0.240575945625894
-0.596761664033177,0.371569224483538
-0.614156636662873,0.351778829133086
-0.599524825071492,0.301270126061677
-0.687820811025745,0.2658691348815
-0.704219800244748,0.294350153598158
-0.683192978928896,0.241413646125643
-0.735346334656544,0.379308119626193
-0.643472677065072,0.282775234608819
-0.776705643392509,0.28998914259155
-0.808041722427805,0.255386235670966
-0.751441569371543,0.0890999860820847
-0.743922871511115,0.0730020236084244
-0.867429304166033,0.184633383407278
-0.855745167811189,0.17763301746567
-0.84164860449308,0.0618483709315976
-0.835960859367859,0.0720329647437432
-0.844707162985769,0.0857406333527836
-0.847071668558974,0.0789314446620105
-0.901802312977102,0.0573680972403583
-0.835851488050391,0.0270654053513207
-0.871740139563088,-0.00870872917044324
-0.912281170032205,-0.0678390932125239
-0.838845008556092,-0.0553406492106739
-0.793118443637432,-0.0961892408151823
-0.800152847128335,-0.140185049221187
-0.794943497613662,-0.125526742482624
-0.780968227638312,-0.238969687032823
-0.773332349366697,-0.279800733138533
-0.797153197128551,-0.307565288574373
-0.680226401520364,-0.319665722146196
-0.751130482987454,-0.377761554075673
-0.64085104022103,-0.278748314649749
-0.792648093531037,-0.404694163078471
-0.618535268745243,-0.34599797554901
-0.623304939243212,-0.357499966564169
-0.573848309448059,-0.507934950600857
-0.518560734021902,-0.429340568701066
-0.525805378364915,-0.29848005155534
-0.57091978101761,-0.518718639199841
-0.422399864284576,-0.323237089888183
-0.33614213331015,-0.442646962471736
-0.406532476107568,-0.319413891687229
-0.506956074416417,-0.189428620076913
-0.720839709763807,-0.33665908270742
-0.714183440925247,-0.15002935795451
-0.672786299273215,-0.128131849983219
-0.557145894078568,-0.149249152127178
-0.71606558514177,-0.0746206835709805
-0.737152117923879,-0.301921820625024
-0.695303775365055,-0.102159011052242
-0.607895617716261,-0.209433271293638
-0.670835907168636,-0.038429095186234
-0.858034556140356,0.0474501730148089
-0.798474731839651,0.0860000816025605
-0.875720663389464,0.0724865356841683
-0.818768593443672,0.0679736867678202
-0.578051213585705,0.119212057517112
-0.716561144690723,0.0717971897253716
-0.813043070438706,0.212232218560021
-0.764334132394923,0.310036190937422
-0.811780853264352,0.323747341607684
-0.87554956278434,0.368247710642774
-0.730815092949965,0.378258920255484
-0.818912238275577,0.404731884853792
-0.796929548631866,0.368505795907106
-0.880222150533325,0.38455706689429
-0.816814423623737,0.404436780480265
-0.86179450261701,0.407016758651859
-0.89489244685482,0.419195968642187
-0.872884249853064,0.384482900401244
-0.856838275065184,0.386716114389644
-0.867730070706061,0.393051111430245
-0.88582394089693,0.429141282037023
-0.841506829121664,0.445277304337728
-0.856308358221538,0.441548814579161
-0.866217369582273,0.452892600249578
-0.874237007700071,0.459981851462199
-0.770015079778864,0.437465924415732
-0.823656054312811,0.465020322434888
-0.704343730236148,0.407273993628422
-0.74763654279949,0.444803671271601
-0.780176045877594,0.539196862350689
-0.813233243826269,0.512886150998689
-0.773554482732324,0.477653458771663
-0.822228549075779,0.485365287785532
-0.672255477528104,0.609498973140199
-0.784982426527346,0.442939752371093
-0.830381033231398,0.43565218940678
-0.838737024408325,0.538852126896762
-0.802499605904541,0.577484086495799
-0.739449621722951,0.541882610123553
-0.771767140855356,0.450191107190474
-0.779865400614447,0.499062895571978
-0.809003799696319,0.475802885903801
-0.789979041062245,0.501216644238398
-0.787333356528396,0.460142710736908
-0.778387217265319,0.463054470419206
-0.693496842108357,0.567504025944547
-0.742800420779946,0.475607626691351
-0.66924806257923,0.547779230404996
-0.685918971362309,0.555485452624501
-0.603060460342431,0.529174795819967
-0.654341087197898,0.583131492930882
-0.557251912191227,0.637339215848829
-0.583278606269465,0.557324748889324
-0.549464511029092,0.695432834981679
-0.530182353592588,0.705494923015259
-0.524529275705274,0.742954673427767
-0.455992569242527,0.740407950520386
-0.539146161216399,0.733005414562571
-0.462514725898622,0.752268751838302
-0.442838331211759,0.740299806972486
-0.485447873655805,0.748422395913595
-0.44048274724689,0.757569117605329
-0.524053274144866,0.721764110479424
-0.450866805573679,0.757751511748786
-0.518006797766157,0.760159846883499
-0.506666891694001,0.780890312378328
-0.467093751826418,0.747857771341031
-0.559139805234197,0.732826794829918
-0.536201752158101,0.746480131500789
-0.580199015750896,0.718950849868142
-0.53638147837661,0.713229082680482
-0.587505718808267,0.666769906339149
-0.613391071086843,0.720209237894928
-0.557317001531272,0.709133676798069
-0.572184626623876,0.69786510958181
-0.562361549633576,0.730952683164413
-0.544564676375492,0.724671700334768
-0.521589266314374,0.702162048759883
-0.543586913967923,0.766427807438914
-0.54245828797845,0.776302013566777
-0.471069547064514,0.805423765780675
-0.511840123292682,0.76331187532023
-0.465837671177315,0.828272868088432
-0.515973778318579,0.76475614191807
-0.413866438212264,0.829332012049606
-0.474933764597746,0.825541083982353
-0.405933601413978,0.846353016374764
-0.405886988659834,0.80584400137436
-0.348850302765879,0.840792289189241
-0.410032894749374,0.856442326391947
-0.371151330829923,0.853634973726431
-0.286249701239971,0.89844944571963
-0.211696061891473,0.866619316004825
-0.256650674653488,0.818159623025732
-0.169875076736343,0.879564343223629
-0.179934183503392,0.885369351876895
-0.148565120236607,0.896182900144961
-0.137547825116561,0.898331357106275
-0.116035335658137,0.897511683352668
-0.126208458886582,0.945219256984334
-0.133968255552318,0.864937927736869
-0.126453204093316,0.912077542564553
-0.104224281998243,0.919118507705363
-0.0882030440534305,0.904952860983245
-0.0187589183386996,0.843574034109578
-0.0193803117443292,0.846757575519903
-0.0134764992405017,0.8771182214406
-0.0345126791466317,0.91155635258287
-0.0394391075208484,0.915491708115073
0.0498887203735938,0.910535291122253
0.0618447147641092,0.829245383398144
-0.00117875861967296,0.956364426260119
0.0622501626031758,0.915077850547422
0.0441455595257651,0.924154879301188
0.0819960554923515,0.889027171221302
0.0811604792447225,0.924804091563115
0.0407929771884592,0.917415234989426
0.076108836243771,0.920536125855786
0.0602994028469243,0.925159232120056
0.0446324043408866,0.926463305438228
0.028086440996105,0.940095543230806
0.118297324908863,0.915473771619046
0.0527485671447704,0.931124241477772
-0.00913100685893173,0.877901619923738
0.00840710610732583,0.886542571118734
-0.000779813081130024,0.872204757176683
0.0059560958888987,0.862622905187464
0.0526585907090458,0.848257623778425
0.0203713507677716,0.834025491101383
-0.109258044983931,0.923061907353076
-0.10403526378685,0.892120771500474
-0.117471631291462,0.859364584033587
-0.0883220514034523,0.899498261222353
-0.129381665127885,0.947786544661809
-0.188683600593789,0.848196194934381
-0.189631210726413,0.872069509659705
-0.104754020488353,0.870665075306684
-0.0585325216079474,0.892514676947843
-0.0194821374712747,0.879944327274923
-0.0106703378618071,0.865052366529781
0.00369937346035607,0.882872913361401
0.0278219325487857,0.871122311877165
-0.0852287315050756,0.874228629967402
-0.000989923094884407,0.746773349390927
-0.0471921398665053,0.765085615260109
0.133554105029059,0.641537547622145
0.185184119771803,0.684560887039815
0.205587668174431,0.681964246842268
0.291529739639406,0.690700536613368
0.224035216626786,0.634797402145076
0.218854110566999,0.645280154868266
0.231338031840235,0.648906781564486
0.252619444244992,0.463377105697422
0.385001408716618,0.478976106710645
0.369161776411745,0.544916160656847
0.541812420279352,0.565711635889967
0.468249642661281,0.487994034321041
0.571174542603077,0.434843234738608
0.480843659653705,0.437431182412961
0.711313245623304,0.283869601375603
0.54149148126348,0.129351812833152
0.447894175987527,0.0400583705384416
0.432460264199535,0.0429406759530545
0.577405226165983,-0.0124344597430549
0.589517296076136,-0.115195791846901
0.622239453278238,-0.126731630009391
0.684595726953525,-0.266463733089495
0.670320992967871,-0.292463887352508
0.524693563909933,-0.308169411396327
0.664966152566504,-0.29417792974908
0.522633872630856,-0.493261526363899
0.507817692519539,-0.445789711661285
0.446918690990687,-0.602314071481276
0.504104184211805,-0.547157729677884
0.383044059190688,-0.607079950269561
0.40328865286547,-0.570669260149797
0.307196326606845,-0.713246024974252
0.337114426441067,-0.672075914727952
0.328376333501798,-0.704595718880938
0.156340591400052,-0.720177349057233
0.223405966902743,-0.672569749947203
0.298519107360406,-0.736996718303633
0.139570713197815,-0.712214126853206
0.129739752289486,-0.742993957612362
0.0184122164485018,-0.66427227357929
-0.00668251804390978,-0.586244209868009
0.239616206558442,-0.65993651642728
-0.00203976553724989,-0.711518593720869
0.139823509263704,-0.546884065392987
0.117437912405979,-0.5807086067381
0.109651407779269,-0.554480433148342
0.0467620191548579,-0.532629906983726
0.0128145992173625,-0.603352415040201
0.0550386447600444,-0.656858935814504
0.0781617543747985,-0.576154711361227
-0.0331418521805196,-0.655431351657512
-0.0362500226547431,-0.54887645538331
-0.0385904328885566,-0.531427286596864
0.00174042332775621,-0.523094978458171
-0.00247584726180737,-0.554545741693743
-0.0698668992925652,-0.692944277078351
-0.00724091263575116,-0.467368387358945
-0.146571809399126,-0.655980325236728
-0.184375054371351,-0.44326331926796
0.00387532740579669,-0.595476950268931
-0.0758240574862617,-0.58854398965394
-0.271703528548754,-0.558392913884354
-0.160706357490252,-0.533915949304793
-0.14681299613897,-0.532499012555751
-0.238420931301237,-0.404394172168025
-0.26313798501765,-0.409364809060292
-0.106980865307561,-0.496519996506825
-0.275754766007526,-0.527488984695221
-0.426816403192182,-0.619862891555031
-0.469970331114125,-0.538522253912383
-0.328631471651012,-0.430920423532897
-0.500923291972241,-0.490746085416755
-0.386178836728092,-0.404487613691109
-0.354996516506444,-0.512747577092576
-0.370613396433765,-0.46178475766601
-0.286815657415774,-0.412141830264378
-0.277485480824503,-0.540033001095412
-0.399877242252098,-0.467533079731838
-0.148784457314162,-0.624978549228477
-0.170184759900266,-0.605801573462826
-0.20682166869563,-0.606143502190788
-0.17855386348746,-0.566025576121232
-0.266671025482496,-0.586035268054491
-0.159318301415516,-0.657119133127792
-0.170301753114038,-0.573563573412005
-0.164490772513594,-0.649385890691774
-0.0865966056317253,-0.609695660007225
0.00881697150823147,-0.699617756196609
0.0195660747817805,-0.654567134692915
-0.000333108997510883,-0.542613738114709
-0.132292462481588,-0.565556397205366
-0.0212610155576939,-0.657595966745109
0.0146947365660039,-0.681985686873556
-0.0227414146993195,-0.700805914782345
-0.0274528214600257,-0.628238336939116
0.0429124971363507,-0.771695991926502
0.0994098146901221,-0.645564535382156
0.204210885671753,-0.646115696709408
0.0941588498942326,-0.741222102135469
-0.118777241798003,-0.603671413449983
0.0817726391319916,-0.761852263969286
0.0567844554948116,-0.854431972651353
0.0677220562666138,-0.839464414068408
0.0987778460871301,-0.859402634934721
0.048901671184098,-0.878305418431364
0.147820991006288,-0.896618461351213
0.153812024952074,-0.834502108951883
0.00690097243389085,-0.866027135648362
0.136238979081389,-0.8980225765369
0.139739803614259,-0.872496329164014
0.0977761454177665,-0.881682289460966
0.08814759572665,-0.976448384704626
0.089331766740106,-0.924930290185912
0.0980987382472984,-0.907553297280801
0.131707972906407,-0.891264624345318
0.0999556654096197,-0.972315746428762
0.00131126319973408,-0.949091304413021
-0.00547046297206152,-0.88979354363131
0.0466657786373012,-0.878312642440937
-0.0130025291229012,-0.905880029486898
-0.0417307896081052,-0.90587698464259
0.0787762801029841,-0.907460459261275
-0.070283716387683,-0.868167445597538
-0.0495079799317837,-0.894311914389975
-0.0129770179004647,-0.939661745266075
-0.000703302641571174,-0.916625617074491
0.0103238447657734,-0.923966379435705
0.0320917839556062,-0.879293409232056
0.0266364254719813,-0.933664661977446
0.00905371356937701,-0.877668238762013
0.0371614934605664,-0.939678605385082
-0.0211069134105234,-0.898688598153383
-0.0156843218643902,-0.947412661499734
-0.0618439944983215,-0.875998168195351
0.0118867728985378,-0.88876710837782
-0.067432776220244,-0.935720660885719
0.0572015177987445,-0.927157592464921
-0.0413083605454152,-0.876774489782365
0.0716062897263236,-0.820791770159643
0.0184979750320806,-0.946773315404651
0.0961186947715601,-0.930667411796684
0.0720749081155325,-0.882235724222179
-0.0507171074046012,-0.861378057155157
0.03447657739192,-0.788827808491575
0.0645942039117377,-0.779178592397458
0.0761649344344159,-0.887394235967034
0.0631373325992981,-0.87188724143239
0.105579301292596,-0.901198939156031
-0.0501909244431109,-0.834853687356025
-0.00862908780972145,-0.738051930908887
-0.0108258462027026,-0.799208474606334
0.0368556035213649,-0.629056463665571
0.0459095710689997,-0.691419797281039
0.0323473839974059,-0.922202879276478
0.104745103361056,-0.857120540629255
0.0675563360967533,-0.838350127578547
0.0579163036327765,-0.548750678220686
0.191746382537736,-0.744208382621782
0.183087737388705,-0.745331582516035
0.209799188240643,-0.738064201705497
0.233259968945734,-0.688453308019185
0.16309964623817,-0.75198733599089
0.320743816909708,-0.762673390535333
0.446888566107527,-0.57924512283347
0.479230856335408,-0.623025628827422
0.451660700368847,-0.508022322550344
0.536337377885876,-0.56341859791674
0.564243313389695,-0.559998475739247
0.574735050725863,-0.66123515692215
0.535213655073557,-0.5918090124006
0.590591061920317,-0.681187813474455
0.591353957632846,-0.673513437070039
0.624151865522145,-0.696832272222923
0.637035118347329,-0.62352071379048
0.646344579114362,-0.702226171932858
0.682679534310611,-0.636716073440231
0.646061458624382,-0.646842178471697
0.641690142661625,-0.613525600484051
0.670542730198433,-0.624947196427101
0.673291472062126,-0.622944052927278
0.65873496490398,-0.677554902162263
0.636944489845706,-0.619869145118278
0.628286979102528,-0.648713661959647
0.634319517398589,-0.665665460863449
0.591566077107678,-0.690604459652777
0.692488900199789,-0.670839365260531
0.549001186871216,-0.638527963977974
0.730560317860354,-0.632914101363597
0.638358622178083,-0.653844021519063
0.626625338530697,-0.642693593428452
0.676075384059188,-0.564464781037075
0.707754310131946,-0.620549715848444
0.673843645116964,-0.621366728946567
0.702935997294199,-0.619459611585123
0.690518644222415,-0.567691072267117
0.699822460085185,-0.630898400487745
0.716784938195938,-0.53963415053121
0.668644430301415,-0.620522601218506
0.708846650680463,-0.626589175739417
0.647682751827655,-0.656958308910251
0.653138170975406,-0.64948005127481
0.654381695912309,-0.672490338799159
0.59523155294031,-0.672486208503423
0.591374311255268,-0.634183773106841
0.621267545578782,-0.656751073124499
0.698194580606931,-0.639933674815622
0.648720576986678,-0.510005224733948
0.647006966764933,-0.576923666985242
0.647158419787438,-0.684563655694631
0.73952560263591,-0.577450830139453
0.818753963649048,-0.477134948830285
0.805151216958393,-0.48047323902067
0.833922670137647,-0.447745330337092
0.751671174855676,-0.297885224574227
0.853997853474124,-0.352919561060668
0.825919584044935,-0.365844282444231
0.87406584169262,-0.343600086532657
0.917664560625315,-0.255777044851141
0.938137426290446,-0.268550582165122
0.906834181081174,-0.223295421258969
0.90042800496765,-0.188016897371916
0.963800200533747,-0.217165632796166
0.924076110608654,-0.223440137669323
0.888401768495231,-0.208276388132056
0.897665529604,-0.186880958419601
0.859811699645252,-0.0936797872218507
0.861448828410328,-0.17912331085341
0.898253804439668,-0.126022013531297
0.975125894599373,-0.0850366697574816
0.925520417557405,-0.101115338331898
0.938434593058706,-0.0338263829570221
0.98448562386428,-0.0457888339578716
0.915380313861336,-0.051289072830156
0.943353398829477,0.0135980796931925
0.897381516900356,-0.0983544971727939
0.902271799411702,-0.0498493578523915
0.985589709315071,0.0184046307496552
0.843505386067065,0.00273182574501104
0.992402268880125,-0.00648637082243116
0.981064079685323,0.033543296988286
0.934354243540226,0.0109304009678987
0.984388999674698,-0.000462378770031556
0.984812296632939,-0.0440535212753787
0.969581250428067,-0.00468112886352809
0.977095332277829,-0.00749194457911575
0.980168979818438,-0.0638115687917453
0.982687027081183,-0.0683925338847082
0.877765194567259,-0.000608606681371147
0.9708112205651,-0.0617797018128935
0.971699355762371,-0.0830177901666305
0.977052240446035,0.00368995628055231
0.946277219870278,0.00507079451127338
0.985016200645994,0.0454229911540611
0.942982931406451,0.0536347969214355
0.949727039200206,0.0603403762194961
0.983042959002383,0.0936250605692864
0.96674493866509,0.063365655957051
0.956407541910671,0.0940328810678064
0.915750707651505,0.103469012794647
0.934891483069672,0.240178220011591
0.915379432930428,0.233806458819187
0.921433031459416,0.271997392775311
0.861335026488511,0.309316819201558
0.870512107236929,0.277021407769826
0.858007437354826,0.244374709636417
0.847289890070322,0.244863015230946
0.895655702224561,0.238910642695222
0.854894419195937,0.231038215018481
0.858852607660382,0.200686932757257
0.881202765118819,0.237137869229888
0.825680584868864,0.228849105033882
0.792451805910071,0.168874564472736
0.768266707714853,0.171955748983697
0.812225515564961,0.207937206439355
0.804946677140555,0.183557179414495
0.826665581870555,0.164887872834118
0.817010093809387,0.194110549508095
0.759863040060887,0.217714889899183
0.788425948355205,0.247908401441938
0.791986424604059,0.206463956840584
0.728676576291694,0.287043785679687
0.742221166602257,0.303955101479199
0.70307270287114,0.30270161752584
0.725478568100363,0.350540439885435
0.742606620735632,0.44056636303639
0.75937685980238,0.387316516750046
0.780001353719459,0.422644015348871
0.705797588670038,0.443230776930009
0.71581202005999,0.475330355443474
0.747868015280288,0.465902928835165
0.77081378579217,0.476875817359347
0.700884977275982,0.467448794879132
0.752811527593036,0.485797987190882
0.724657633138927,0.524293836117095
0.762423692194476,0.489538960882675
0.719661101992015,0.502935015174089
0.73197235825319,0.529043239231777
0.692337427693489,0.528366732928445
0.706418142153484,0.575832467745337
0.704265867216968,0.53948661441968
0.695157795596706,0.553083527650409
0.618230569745831,0.625896471457067
0.630046730801107,0.619801214875084
0.647907122477134,0.622552834989204
0.678777582948679,0.662836077373111
0.658615625813781,0.632293000385019
0.600623186762946,0.63630779430035
0.63267439542099,0.669311731795244
0.681793628472169,0.656456193509737
0.573320070498065,0.657210080442595
0.645411213859645,0.678212430157043
0.550510111761649,0.663072755367193
0.568305286806486,0.7168237294007
0.519802712847943,0.727872202591383
0.578204774393093,0.729739773920918
0.514451321332741,0.756933491014928
0.472268453067244,0.757260994201368
0.473988647989732,0.800205885622762
0.412678876360133,0.790340510913873
0.367154064055179,0.82456999134067
0.376097425805685,0.838392528097974
0.396070509007677,0.833069380444209
0.36517656055413,0.844388120030331
0.345917220232642,0.790173823487237
0.278780724646454,0.847630648696699
0.358156292312884,0.848543085140395
0.349434873152732,0.832512146302389
0.328072508031246,0.772874216264819
0.395817958347589,0.856604845997283
0.315066866701757,0.816617242810697
0.387359875602268,0.830005296691455
0.418918380977781,0.777976463212171
0.44185585606511,0.724677572660495
0.428705102412566,0.786640708164532
0.461829456000262,0.787388160920517
0.460366512343887,0.750457849416229
0.375203745166707,0.753350916698556
0.3589719042247,0.808541342051437
0.381063771499088,0.8311688967513
0.261846887108896,0.818141882461674
0.25821366925897,0.860836348152677
0.218878861664317,0.859931200094597
0.168217425527257,0.864744453560171
0.120703124700902,0.892916329731852
0.141943817661336,0.88707895196169
0.0119301899408007,0.872663044947097
0.152902631761146,0.858744074584218
0.0768238571140608,0.836523830081637
0.127456765737441,0.825878864552472
0.107644046614787,0.85383495483245
0.0829137125801492,0.866233884108136
0.126799794755609,0.849703350559133
0.0973877654637895,0.878032400969512
0.199977950800053,0.856030188938814
0.120269745925186,0.753615584666933
0.0326360004023185,0.841736213009306
0.0913676546963775,0.819733107385877
0.0626915069780166,0.752309247564573
0.0400552820149196,0.830609260885328
-0.141340992957813,0.796547055355563
-0.225329962655331,0.788212860328875
-0.103436452987219,0.791240461819319
-0.195840875041004,0.772922028791761
-0.174002350189843,0.75311266762844
-0.174227335908474,0.852333547422616
-0.234668143616257,0.819179166361802
-0.191740155175811,0.873440137114404
-0.197002231932913,0.894990546984552
-0.284252130808377,0.806881429482416
-0.185597972613996,0.903307702981287
-0.270966678309388,0.790889718340468
-0.28987362171628,0.845657518777082
-0.296418528750868,0.807579075270867
-0.25106105041852,0.826139930646933
-0.342230832086483,0.817982908651291
-0.310737794140784,0.770060553579374
-0.295553299477431,0.808134465360686
-0.347418550208645,0.798959288494508
-0.316464629853975,0.844375666549942
-0.316158382267947,0.802811866513549
-0.340613245138618,0.649174761006399
-0.383504046769587,0.742232877506504
-0.344190739932805,0.792229901053639
-0.415661760078465,0.750351787805844
-0.361551669588147,0.825093851797311
-0.364834700126969,0.776981376211641
-0.435554320978563,0.7869013817803
-0.420204794221768,0.829276546256734
-0.314524581557532,0.737443309711243
-0.384650014116137,0.743973270901938
-0.387691956741935,0.854838435583328
-0.396968270241893,0.805877226603392
-0.369070718480786,0.796471054274969
-0.364318542423867,0.812652583342348
-0.376575821614398,0.827813841110654
-0.317110566760675,0.890542930829566
-0.266567983264898,0.801437140074281
-0.278229230025712,0.821638097775699
-0.299384980223217,0.806500792898425
-0.240708645462504,0.822768666075315
-0.267429277275157,0.708888367455849
-0.296910729472143,0.834219161491412
-0.284313856366836,0.766799640962084
-0.240715135056909,0.773418387928601
-0.290853296049366,0.828620439996752
-0.247969015422554,0.801834339357126
-0.268347995904607,0.847270290720781
-0.241292332633782,0.797837679556422
-0.237959799546834,0.779729804917086
-0.288161410782894,0.774476846183897
-0.440406209360789,0.792778713754169
-0.407318338668183,0.781561818539527
-0.425972502742039,0.740088396988363
-0.477052895635583,0.745295402209269
-0.468591065501463,0.732509042192581
-0.535279545179515,0.742184193198087
-0.535304109873221,0.68755571970083
-0.529117081989705,0.676135993974285
-0.611676471441003,0.658859232505978
-0.593118365335681,0.620312617637459
-0.670007022006562,0.611714516830766
-0.629475602661829,0.626111078288271
-0.614198010622511,0.644606366627429
-0.611548591461518,0.615675049294875
-0.699382437355988,0.611758105728695
-0.662132854806378,0.587863544971429
-0.626683198147918,0.585840783451754
-0.673048668500277,0.586128414223197
-0.699451848343443,0.592645807985694
-0.72041458210804,0.610102557144258
-0.692758281884381,0.599724884158328
-0.744618924629575,0.569571738874753
-0.764109732115287,0.533307343692412
-0.73335618086604,0.538223800605074
-0.770241670391756,0.535916336824766
-0.729937981590621,0.51760763519842
-0.755793007081519,0.527986911524926
-0.791784996215212,0.474632276933073
-0.838606515165709,0.393656831773586
-0.897608061167604,0.352163864837099
-0.911962107847237,0.304280867822852
-0.934952874171976,0.266489376324176
-0.831160558591597,0.247530032570794
-0.89239875397823,0.198644868790447
-0.892797987103442,0.182392880844623
-0.941301126184753,0.141688454470755
-0.904023451476542,0.0732410795049275
-0.939340866039956,0.0510341816242257
-0.95703553272966,0.0615575050575999
-0.916122190728118,0.0501799457835152
-0.903851053801511,0.0373253062481865
-0.955879575140408,-0.0108653829843026
-0.930988595661826,0.0769626242424861
-0.92625168030783,0.105622630011919
-0.88705185447222,0.0520607094325627
-0.917094743693139,0.023340966953845
-0.878897253313171,0.108472604745554
-0.895137818252885,0.0797951552886824
-0.819345315663133,0.0885004520166438
-0.906699909431645,0.0614473865926326
-0.872405904658856,0.0684905976099882
-0.794407909939924,0.107064250930754
-0.874758312116515,0.128794144066195
-0.882631832169325,0.10207218411102
-0.839787877254718,0.142215104158204
-0.868071221219982,0.190675319333788
-0.869506798872528,0.17509888096244
-0.837808885710721,0.151365666998071
-0.830826565659122,0.24043522176761
-0.836181952989278,0.201212016901932
-0.807750130747162,0.237133920938252
-0.787875839613267,0.307391041100352
-0.811279921914135,0.283437185050811
-0.796321558816006,0.270428862949972
-0.823215202609949,0.275393955323673
-0.831851715801769,0.233591314855774
-0.844240702220067,0.223758215222967
-0.835469114236421,0.208533475288651
-0.834966272429082,0.135100479737208
-0.838298916179455,0.0915881760823506
-0.837426282548187,0.117628197647339
-0.862755329998074,0.0305923962171963
-0.862911970964096,0.0441109698875818
-0.855586037076827,-0.00485781039072156
-0.831153236701309,-0.0424472610979244
-0.86233459342716,-0.00427906399043212
-0.853017802324578,-0.0752960969358014
-0.905828949042084,-0.0353225834334667
-0.878856694333471,-0.0339772799353776
-0.861120366830843,-0.0748240633921321
-0.807131859372333,-0.0860190842522965
-0.800980450293871,-0.0717872739244385
-0.863347276247064,-0.0828849412138297
-0.867917128623454,-0.088552569971649
-0.84424947384004,-0.0932326328246246
-0.832064425182575,-0.120639240092762
-0.862610320868575,-0.11415954809179
-0.806933317064394,-0.172998076913693
-0.837782035841123,-0.127567582982495
-0.855937997739523,-0.183346784028206
-0.815051927661475,-0.165295705649719
-0.798562441909027,-0.189208237121875
-0.802961810055158,-0.149185162310058
-0.737129770162409,-0.214871030100365
-0.732395732440374,-0.196057095282769
-0.762212716162364,-0.187756861125605
-0.762520087930334,-0.159675112878769
-0.780693046247244,-0.165158023387791
-0.785699053027838,-0.137618568446279
-0.808298256954853,-0.0846253754103957
-0.808680791696993,-0.127813762107236
-0.830777570098381,-0.0867578899436178
-0.839554040912667,-0.0351582249151425
-0.840267156635895,-0.0389931748196716
-0.836902740672356,-0.00620134522949557
-0.883701573652495,-0.0434224181383252
-0.872102468910643,-0.00976147488539661
-0.835799133704262,-0.0498641490635487
-0.889312548083946,0.0198381631318369
-0.811713766827959,0.0752764445451253
-0.818449385044261,0.0968226700821565
-0.757520475486824,0.168759243533961
-0.821640098317854,0.156227893340505
-0.837991970468453,0.170536408955989
-0.805728057057331,0.183126499902611
-0.800597865352131,0.193031484049212
-0.72156312376341,0.176567209257904
-0.736832974096843,0.2805113044934
-0.692880020347537,0.17690001679977
-0.728416086470865,0.17093572104087
-0.652468557285469,0.158464607137204
-0.683148298188502,0.0869661512101894
-0.589270969975425,0.0539169412575014
-0.621268701611356,0.0100776354346974
-0.648912184664687,0.036356767673359
-0.727978423034482,0.105617419304589
-0.574680967129923,-0.000410361185593162
-0.709457119639539,-0.0612212795686354
-0.641859754733583,-0.00370316029153362
-0.682822077412053,-0.119336817188497
-0.663565578064443,-0.0808364080845957
-0.670376361958844,-0.114692692922511
-0.780137601701448,-0.107215190471263
-0.683323953282849,-0.117519454502319
-0.736879060414997,-0.100894781618836
-0.637088055272978,-0.115031613416948
-0.712240842698999,-0.135334681160217
-0.746051346166968,-0.0552668883089509
-0.560457233201985,-0.128198258739755
-0.610271076948793,-0.220070170071838
-0.636450100219333,-0.151979526840958
-0.641462211801825,-0.293060343058426
-0.611243591364176,-0.21380554281189
-0.514335555815114,-0.149517804020559
-0.617100830348644,-0.209940683770336
-0.505701750472906,-0.0640209530514161
-0.34081805166719,-0.233142972275727
-0.247343585444728,-0.0330540886969857
-0.438362995975515,-0.0857311962325559
-0.548665346817184,0.0911203870841271
-0.421063366320513,-0.0349240833226361
-0.305336239000639,-0.0669360421216283
-0.416821712049978,-0.187717378953543
-0.436706394681604,-0.0610644685865179
-0.430031500102961,-0.125037051086126
-0.558920223195395,-0.157707999691704
-0.390402057405481,-0.180510527718132
-0.476546822272717,-0.276444557460286
-0.444410817226255,-0.329376121829065
-0.528807884655983,-0.257832004116141
-0.398888587308957,-0.28404339287795
-0.490435382712898,-0.369048318432305
-0.578807470502709,-0.342935582963471
-0.415001390908643,-0.416454937114997
-0.426217238277571,-0.472253009394429
-0.405340206622016,-0.533850968988412
-0.314116528187875,-0.463816713345208
-0.351980448960221,-0.477892861919074
-0.415721451664404,-0.404848640316796
-0.322693643012331,-0.474386258958123
-0.267373024165051,-0.483795095238077
-0.398986793112218,-0.533972425897288
-0.151942384009103,-0.437665249511968
-0.210407878052843,-0.545591789766777
-0.153576617869934,-0.263791643662527
-0.364442276936074,-0.557606061210678
-0.112177528412512,-0.520126792090953
0.0224689913522597,-0.437136186960934
0.0252250276082889,-0.518052436305223
0.0136420615010664,-0.470044319316039
-0.0339361582201734,-0.479260445411491
0.0520214843627433,-0.51915141052253
0.0603850814030674,-0.533327846249964
0.103789386273208,-0.508314510175844
0.123328528206824,-0.595609177296374
0.0808033153427323,-0.571221950857475
0.0806971969526309,-0.608396735426423
0.095569628927206,-0.598730282624924
0.214110958928055,-0.591742210789891
0.180099095809869,-0.590270682248802
0.179516884504243,-0.538453525403459
0.131194096282178,-0.4923376824707
0.267703233382148,-0.516135055011184
0.135361456375267,-0.414124940506862
0.137718909878231,-0.450968309192369
0.112556820910304,-0.427702806524402
-0.0545950429019989,-0.575279136331144
0.105096061147833,-0.487396407714114
-0.048678252974177,-0.370414290062827
0.109446729936153,-0.417539961355086
0.24250662945822,-0.244396790964345
0.129124084572251,-0.138955621430939
0.137859048733396,-0.283285175891336
0.259314034327786,-0.0912384337727743
0.161736757264654,0.0119240392018958
0.155920246621125,-0.13053487680174
0.0881014898475125,-0.132332562158949
0.218977263466406,0.131553491366668
0.313194410133859,0.0373439653952
0.317802543642242,0.0710846914800037
0.143845243680425,0.0969565342432764
0.212891462334699,0.0168393741534778
0.102413574692296,0.0376953180167875
-0.0358742944773331,0.186238541463912
0.187992295815125,0.215641517666648
0.146752805801891,0.240813772657398
0.0280135016106313,0.219273607489835
0.0342890105035823,0.405123088838321
-0.106069381379633,0.288792455643758
-0.0216882164611428,0.21860406983639
0.0501114174182934,0.407596704413825
-0.00397434760945948,0.386259422448417
-0.0193309190750282,0.314621254248841
-0.166572354826198,0.35033491066449
-0.106923311851714,0.319142730839185
-0.0416908607010928,0.303561132304508
-0.158308041369712,0.301729771359666
-0.0716644889527499,0.27736047657387
-0.203480046259395,0.389452363792689
-0.10700012671507,0.302678756278228
-0.182874965492131,0.304092199915839
-0.0931828923153675,0.156380156963685
-0.0982157865253662,0.200783156758483
-0.0629842149581966,0.279241710034725
0.0192109608077794,0.284758721794986
-0.100349229430617,0.262313895954601
-0.105108185894989,0.162330895392063
-0.0405159855206259,0.163960952719042
-0.14787239487519,0.0903183255432364
-0.00606814096270093,0.0879304350428121
-0.200117997860497,-0.0863132942741166
-0.1004172786268,-0.0461951628879519
-0.0289360112737704,0.152199505028905
0.0187467558843545,0.165060730797179
-0.185794703240748,0.211391941932029
-0.300849505550589,-0.05757886845417
-0.164162904595407,0.103748192253567
-0.125374005057855,-0.084798661892342
-0.0479772032299882,0.0522001155899915
-0.172313418138495,0.00661435240629974
-0.109215099476494,-0.0829619231931848
-0.165788995642921,-0.179466469885628
-0.356390264440665,-0.138481250031583
-0.177717842511337,-0.245645221106214
-0.285585087236426,-0.251421008586438
-0.356854720521672,-0.158712184044612
-0.0901109762730372,-0.301504474253462
-0.158039541436237,-0.074023605340389
-0.12348347310578,-0.252226313182354
-0.202062520564412,-0.320802020552683
-0.121508316734611,-0.320727333353062
-0.245968374267528,-0.271731587758476
-0.156834504035622,-0.232321602618626
-0.141378146305883,-0.291662312422699
-0.0537161377161889,-0.281770333728622
-0.213204460529895,-0.447730121386988
-0.137314298202668,-0.393396061428318
-0.09698928355765,-0.476732374665581
-0.0970206363597036,-0.41646719684432
0.000917998087164735,-0.481557448795952
-0.0414521283003249,-0.442153880595794
-0.0452132830657558,-0.493288598732002
0.13855174066548,-0.394479615589774
-0.0574633604408151,-0.442930492275348
0.10230473067578,-0.538984963466525
0.231513428187181,-0.237302814304104
0.132404525048341,-0.434512506287735
0.255861734894439,-0.221686046455104
0.345002693825468,-0.422124314801541
0.381119523849994,-0.284309807056376
0.370559812425966,-0.358407437704619
0.409824457574829,-0.303600670879722
0.393994729520511,-0.242903231443968
0.561487242738556,-0.16476345010407
0.561602407198284,-0.0198875617672014
0.59815534174196,-0.166839475374272
0.454915590332773,-0.0375255067840434
0.575464948360388,-0.0893989834936543
0.525558080842455,-0.126127502245734
0.570590895094687,-0.00752339132202693
0.604862786068304,-0.105572651038774
0.424158589078793,-0.211789770893983
0.514988130395146,-0.0324788237215969
0.654946466355926,-0.126829751631189
0.683183949041051,-0.076198122759572
0.766249842587429,-0.0409075975376819
0.610134942896137,-0.0393193924862396
0.625259410451135,0.0327456344892206
0.65377167737877,0.0105327198422855
0.645973848372186,0.0552220166428256
0.639563940035642,0.100074185153585
0.545115164800976,0.170929779517905
0.592561467959842,0.225040266674395
0.632523332401557,0.201228052143696
0.66610870797262,0.440698994550673
0.611257210019519,0.433231176942881
0.668978247039664,0.466200164020961
0.441602054186041,0.500366748214361
0.543943711197436,0.426839630774022
0.590279108739202,0.612021829197423
0.600187943232915,0.562587516725662
0.555921334983587,0.591845204520706
0.51508927978464,0.4837164343511
0.63340627853222,0.634063089797116
0.488015762852538,0.518033957122823
0.502982688490145,0.639356463799403
0.483126507454404,0.571410157777911
0.374387268815927,0.615165672391018
0.411134303062892,0.611004102429663
0.388301464548414,0.531548886054092
0.44368952043553,0.683064886784316
0.256800679110028,0.682253135666366
0.359544069883246,0.659012877427261
0.368176474148599,0.618143008968034
0.251349264328927,0.708858676406832
0.196541603256634,0.66452977019672
0.188646906440004,0.747025070415729
0.180328902457854,0.599767694731569
0.168830497987472,0.612348292125086
0.261947260635212,0.639970295558907
0.218544446167297,0.633780132484665
0.0210011147869256,0.671342183937428
0.0761743477776739,0.757472242591893
0.0355241280036475,0.710896871320237
0.0301367428860029,0.643539263116876
0.018098024012778,0.689268869011986
0.000173030288991791,0.698017941274963
0.0323445585776245,0.517958798111882
0.0926643759162781,0.611674870439118
-0.00708460195798303,0.644647427637333
0.199567032626172,0.650573116437523
0.0881930936757864,0.70321422436469
0.130537484217013,0.799452895047259
0.0315405714158439,0.724623406383143
0.256102534196053,0.630562179713207
0.190472215810425,0.610983112427848
0.124325015665917,0.45149262568825
0.39680861493666,0.638431138612946
0.25973007986434,0.503431017346776
0.227414266503977,0.430367650853597
0.315024680793115,0.315070237357362
0.451704679854109,0.521374765777661
0.503312298040697,0.314926499078953
0.417346227380496,0.331838587898744
0.304405572967142,0.182374150450416
0.5056555694711,0.169625897635826
0.600739027763219,0.259067891149098
0.592843683549093,0.288531128071033
0.498001985850484,0.190639955619117
0.593219807087692,-0.0260143207396717
0.614533364591668,0.138296525420843
0.610870452772621,0.166691279178625
0.646876808817395,0.259785649131684
0.737080806097773,0.206246588631728
0.750968616496087,0.101328484993128
0.786889873761976,0.17952017329108
0.751437302788102,0.119201158559405
0.649494687709867,0.012824882150648
0.71948316585336,0.131634614108802
0.672591815997201,0.202462529799356
0.692936587104359,0.040159944639439
0.628624640827827,0.0601941264543948
0.661793191971269,0.158580273942495
0.533035097526714,0.178774398285572
0.638356874421369,0.117897111103599
0.527923194162689,0.107503818618795
0.683179532801145,0.0932755719812029
0.622093471444252,0.0675519141768582
0.664901891567851,0.0410407765752145
0.694711873826045,0.130151236609497
0.669755166362251,0.0869026899038305
0.66094470528511,0.124211067313997
0.682575191445866,0.0860732038283503
0.732925542443711,0.0959936806396999
0.716844856825115,0.0022841628143712
0.691166723496994,-0.0188438767764065
0.686313734590953,0.0595025446992419
0.683386235398053,-0.0371099313560134
0.705037370789292,0.00782619576347574
0.741033267136232,0.0515221330034635
0.735330295411772,0.0495663382078594
0.694193785767574,0.0445642146568794
0.744676591746629,0.118287733984951
0.738306675379246,0.117936516413155
0.828687323409144,0.141174114663083
0.79250055797954,0.105424290453549
0.782110845578149,0.21905620355783
0.792759548600263,0.134557117817627
0.814967362492275,0.142223207524214
0.789479332652716,0.0419921726831844
0.69170915875537,0.0472751590324077
0.806155119144538,0.122542362983152
0.7536390047941,0.0608256747997859
0.762612679954355,-0.00241065186629125
0.769437549431941,-0.0498782751826906
0.745698978019653,-0.123216349775342
0.72453131394607,-0.121894563341291
0.680971666481519,-0.0811337283586715
0.685356108465134,-0.131678366447754
0.618953424457354,-0.211992105640995
0.625349113454522,-0.14986583790072
0.583274026717148,-0.204008236878167
0.543251032053051,-0.212192852114375
0.618143604954173,-0.265236455542058
0.594995115416718,-0.270473657889834
0.580818511765812,-0.311943404627529
0.591401357202775,-0.305906622092689
0.485197962767799,-0.224606359717486
0.563101424340199,-0.268714246868568
0.543661824199807,-0.220030831423037
0.550273049607669,-0.272510082870954
0.585731392489391,-0.244061279779072
0.583789759322582,-0.263801704122721
0.556105994355439,-0.284960174027148
0.569119868573911,-0.181637654799409
0.61392858269022,-0.174249723282797
0.587011006128399,-0.152589187411133
0.660316576796195,-0.122468719595422
0.512734346066776,-0.116958331401656
0.559980669279028,-0.119284623831016
0.590099107208788,-0.0905014515661904
0.660014527611611,-0.138405004447874
0.541061726128245,-0.117623426832677
0.591388848601761,-0.154268350714541
0.488654884535509,-0.179657619790345
0.523359281440864,-0.240353237595482
0.484064009890864,-0.250387953626094
0.425946956070257,-0.204199852271755
0.368938228528572,-0.252668917809526
0.402053577913896,-0.25685346576816
0.502274417568453,-0.311023630342803
0.451480567368867,-0.353665783559938
0.440968815219709,-0.354413754708051
0.450811701784997,-0.374507953868439
0.491799323376671,-0.378898554661991
0.424528057046538,-0.430555322765749
0.397848818038835,-0.361318925022172
0.45166483512558,-0.283320612202035
0.417396258778417,-0.383236274451886
0.470707432574173,-0.299273215845663
0.448966644849666,-0.332096157048637
0.421616256809721,-0.300809311094716
0.473965700207644,-0.318801415587819
0.405714830785832,-0.367545091085269
0.433646687864879,-0.310917934276852
0.393664445790003,-0.321030988044792
0.298289191353292,-0.328129661195073
0.318535347438983,-0.303085771527879
0.343501513566104,-0.388011664845769
0.288503792278773,-0.223699435421436
0.255021563252485,-0.42212053893287
0.270435405903016,-0.423586126320039
0.282780197029666,-0.484684201824085
0.222410145726558,-0.499482450578001
0.234125486477285,-0.497100711048929
0.231544551174976,-0.545303343887718
0.247331891552388,-0.539774876418809
0.240472074772358,-0.545208347477264
0.263763861483164,-0.567714982201122
0.341743259735055,-0.517955219430637
0.34594981120603,-0.570421862998629
0.345006740753075,-0.556641150868122
0.355911622473849,-0.569237242268715
0.336463509738452,-0.552610238125655
0.376798057705466,-0.549926754403255
0.391549519466636,-0.557643673453756
0.311228678842014,-0.547424195200235
0.332577124466744,-0.518730369924184
0.254193468086058,-0.552508135332527
0.287065860769308,-0.560278320769705
0.231730091527186,-0.55703330587421
0.228433260543108,-0.571209736107029
0.277873301818912,-0.571379400044125
0.302065636346142,-0.602022599451984
0.271700791300466,-0.546404527686613
0.271573649240958,-0.595447257174717
0.229779558506509,-0.595355350377747
0.205722872799624,-0.623070572176333
0.182024951529482,-0.564681880065401
0.20100211698563,-0.610092460573264
0.106186373496999,-0.59839786221815
0.155176818069413,-0.61559388113825
0.0428274320650871,-0.605221599766092
0.0713303504829075,-0.612834711824193
0.0954858612690391,-0.62632989726801
0.0280319121765485,-0.617694992806303
0.132967191381918,-0.632039953721202
0.102911415316552,-0.622967284390111
0.0998754049588111,-0.646685426974115
0.182070551278662,-0.593034615646101
0.175129949089007,-0.619718454194374
0.121583735569309,-0.62019232267088
0.20879800585017,-0.640904718350745
0.135120508512362,-0.640649558011755
0.108008652003538,-0.643646262421976
0.0605909842045883,-0.599210171233449
0.0336436834115709,-0.629397583589758
0.00817828322930226,-0.622022541558896
-0.00267561686384671,-0.595580445997025
-0.0231576433267642,-0.572357567503008
-0.0538585069358321,-0.62331608372321
-0.0364599380383385,-0.631994930057357
-0.0560148821839248,-0.588512302659209
-0.0146935911067167,-0.632010767687162
-0.101635360553556,-0.612373016712885
-0.105315764181853,-0.600222037293854
-0.103376366353993,-0.59291408903537
-0.126476907068496,-0.629323173680447
-0.0837273312806417,-0.608712164791251
-0.145876493443631,-0.593799545595692
-0.110786286704893,-0.634255949858175
-0.163340128999522,-0.632651716813967
-0.114308780988884,-0.627597772974867
-0.148725734790395,-0.583408131591216
-0.111198266002785,-0.59750709348188
-0.0976905122675474,-0.571468157650506
-0.115133479953143,-0.62085169604796
-0.145002744311797,-0.552329015265702
-0.107897988798634,-0.61543704773796
-0.127173953298575,-0.55558120836874
-0.131087616192823,-0.594409677664302
-0.0736690652850619,-0.59511104453955
-0.0646399552265761,-0.532230278961071
-0.223161333346861,-0.50692529663067
-0.175896293904089,-0.465689316765717
-0.175654413652191,-0.399226322786617
-0.163538822286278,-0.418745068388323
-0.232842486905742,-0.431384154495402
-0.255869235492322,-0.410891356184183
-0.290516785543248,-0.415181981695736
-0.2585345662349,-0.413241639544278
-0.262091814293886,-0.466494166778736
-0.296711455095233,-0.410284866806087
-0.321114557341489,-0.410739261515609
-0.263712050718773,-0.468400620508015
-0.295167236443067,-0.46117828422232
-0.302389793296187,-0.451933887659882
-0.318938230400645,-0.466586808956274
-0.3391916397618,-0.384343107215554
-0.244447797434255,-0.393578026230579
-0.21493403337569,-0.353930635309561
-0.295732111014707,-0.376614721574686
-0.303539895128056,-0.401389455043374
-0.377910458007048,-0.359273020945836
-0.347279553902155,-0.364408420195778
-0.351193450701566,-0.34031881971816
-0.392165072373356,-0.354205087797707
-0.425172952905896,-0.345541214737351
-0.44197551941008,-0.322837802949523
-0.457293750771894,-0.366541028167876
-0.468878262133937,-0.347666644866185
-0.461309778079338,-0.352950937345317
-0.49044253757677,-0.31998267592275
-0.434984883768175,-0.385892089806651
-0.43557160954105,-0.362907603605303
-0.386700733795542,-0.403350919834355
-0.434048212089982,-0.349923898834346
-0.290525228644291,-0.379696771667433
-0.258115385340018,-0.41687301508387
-0.226893940415466,-0.457752957713207
-0.194251992241132,-0.455338795796609
-0.142372343441431,-0.476028841851504
-0.161650194089567,-0.496051918617901
-0.137117715856925,-0.513594783415347
-0.0936688059733714,-0.423744701313397
-0.174611270316413,-0.446702806376714
-0.148486400258278,-0.43116156829574
-0.259183084780114,-0.378741488620263
-0.22927053186007,-0.402795434996072
-0.244481996056876,-0.447226797505429
-0.447117925434674,-0.344269865956025
-0.338002109442455,-0.31979357428058
-0.318574999993993,-0.330160539992387
-0.396966409242539,-0.353210919146058
-0.437491365309283,-0.358914968303579
-0.42687621109252,-0.322492180726725
-0.365732115965728,-0.304291058198167
-0.305218956614555,-0.25368218743715
-0.388973243981807,-0.281359109753691
-0.402415539497421,-0.381643774869516
-0.335255170622622,-0.282942031285617
-0.419834695467451,-0.178940895827288
-0.414884399806038,-0.243446623859386
-0.457310892467408,-0.319581652059361
-0.380843722726329,-0.169189946012771
-0.454476016690466,-0.142416770143311
-0.51615961295034,-0.289670546953156
-0.463879230195101,-0.185116298577008
-0.41382641795667,-0.150128334658296
-0.497204081214867,-0.158958868950065
-0.475312157984439,-0.112825099055632
-0.454873719253407,-0.0917990517110345
-0.531148239143688,-0.121236856170007
-0.550111137540768,-0.121568582672719
-0.487535348103179,-0.0768082170408314
-0.548084772964613,-0.13163752035193
-0.528383092729395,-0.0769577156017672
-0.507977473890487,-0.0831443445716324
-0.491356921378861,-0.173923305715563
-0.487278964414309,-0.0438050750516598
-0.45913854071855,-0.0318317813536688
-0.503915017367473,-0.138066727074284
-0.47569938781445,-0.108314606171475
-0.472498267157406,-0.0241064253475798
-0.523450705023415,-0.0979563064240873
-0.592415609015077,-0.0433234227116999
-0.546535695058724,-0.0609988578641133
-0.539824808050453,-0.0255435873478315
-0.67784537704474,1.48168986998098e-05
-0.56268980575301,0.0384158877643102
-0.585344859826113,0.0838391562734028
-0.544928672992292,0.202135693609588
-0.460000295389682,0.134112775055811
-0.579515791937377,0.131820614737652
-0.642171226490132,0.0598699022193247
-0.668676649991885,0.123288662341965
-0.677803723509171,0.10494465504752
-0.678915440842644,0.0930383979801256
-0.655059387081813,0.0421470848858479
-0.61774359985486,0.028417199645138
-0.669766911201077,0.0401284024953608
-0.627311636404194,-0.0236682047456659
-0.629942820970929,-0.0316584270086092
-0.62932885222739,-0.0902696237051113
-0.705232747421219,0.020978942541046
-0.719687674857357,-4.99348268434984e-05
-0.734183379445814,0.149021639161083
-0.800354734034402,0.126687999422072
-0.774870903261871,0.101547681753481
-0.84676691947885,0.142779680285581
-0.818772225003693,0.0851729661806714
-0.863902144975437,0.0739866680725592
-0.727206698893741,0.171972721628395
-0.807152593822816,0.17632958308289
-0.786177186393078,0.243266840022341
-0.829383189820296,0.153061253041359
-0.829987130221735,0.198210422672775
-0.812979318759554,0.2265223529635
-0.824347583946573,0.22153768894211
-0.806685854029256,0.234382859876419
-0.768876973272186,0.231208264276286
-0.755252557560583,0.338494527050481
-0.655881784226674,0.362179927229146
-0.577939195011222,0.40147891998487
-0.563920213712242,0.423993529459651
-0.516867046343163,0.441066345338218
-0.495426924468945,0.446659049127826
-0.458815013359685,0.462808732204807
-0.409118145082967,0.518798460345272
-0.385142232505237,0.483891739481815
-0.35090854556843,0.559226267488555
-0.32492007441319,0.582441909294943
-0.25580244042512,0.599753381362793
-0.317863670688563,0.58611767601366
-0.303740539814375,0.606898755633439
-0.235136826288597,0.748256584667004
-0.114356283763387,0.675980638099305
-0.142945446267147,0.648576739306763
-0.0704248866890614,0.708058418105492
-0.114672789140408,0.624746815290879
-0.0817826221234633,0.607296350951433
-0.239204043347407,0.725630960802511
-0.27110466356364,0.634680897981994
-0.210133597113516,0.689541228309177
-0.069622439948929,0.624416253765113
-0.0631653979442076,0.760919598753812
0.0314549414986351,0.66841654646618
-0.0621739290966499,0.632025288838644
0.0157628441100997,0.671682067337109
0.0468099614895121,0.717161891154432
0.0438615618917166,0.71792658037751
0.0238673469967665,0.633091481297924
0.00608059468628854,0.68186079165455
-0.0102706667099453,0.577713091503611
-0.0348738223330018,0.642016081218712
0.0200139020975295,0.610075568605163
0.0320594281545255,0.658442341533248
-0.0117569628954094,0.596501746195743
-0.0894142141228867,0.592039913324185
-0.0456663936492371,0.676253536699987
-0.0696135161080732,0.585029575773194
-0.0569109740726163,0.661620627857103
-0.0789134645552474,0.623823110577432
-0.122923175145262,0.572299319723787
-0.0838527563205839,0.602153522370209
-0.134779522417158,0.564722997104771
-0.203681032754895,0.627591576740543
-0.183397796996648,0.544962531001777
-0.203973469873716,0.579293798526434
-0.324270361202489,0.59385351304555
-0.286974325748513,0.52521585643171
-0.316123296884331,0.536349315883365
-0.35601807163312,0.62745442340068
-0.368131316561176,0.594711272398809
-0.370738292501878,0.573905243849631
-0.319037812002822,0.519893162955283
-0.392884144972765,0.513538238258551
-0.455797544792248,0.55649782996989
-0.305830216571676,0.410203023815552
-0.351931974845206,0.432119110006571
-0.375566674477149,0.351881547261333
-0.407347930677502,0.409046595777989
-0.385951591704793,0.333748067979871
-0.456992646749489,0.256174301102228
-0.441847951511948,0.353596361832633
-0.446103125221854,0.316831997065769
-0.54667386625811,0.209688465714135
-0.503156196704519,0.229264277695353
-0.397786193449399,0.248084962448409
-0.450195500889851,0.245853582303978
-0.438164126301854,0.160183125278869
-0.484226700214176,0.183900008820453
-0.515826903602443,0.0971288644316408
-0.465380671101045,0.110498518494013
-0.467965346252474,0.0645488076893883
-0.47843014913117,0.0839673473483059
-0.516367854089852,-0.011734053690844
-0.449153522949233,-0.0122856570956177
-0.5003383813698,-0.0135955121771245
-0.523605248730667,-0.0438080581281189
-0.504474375146915,-0.135368310460882
-0.493686011951086,-0.108502014805238
-0.456817496151653,-0.102592003837827
-0.458219725670356,-0.129435299288151
-0.539236347778173,-0.0971908766420689
-0.52740597424663,-0.117729322398449
-0.507355172995251,-0.17594446573698
-0.508361955747236,-0.215368348426464
-0.535563339258064,-0.110949147508957
-0.539866695370249,-0.171886728558864
-0.512271133687665,-0.140130963014906
-0.519267117739879,-0.129605244663168
-0.472570959972116,-0.076934764471227
-0.53334319477552,0.0343455500265657
-0.516126959526348,0.0314191871260782
-0.584495777254319,0.174934139919581
-0.577313783396229,0.178269538334095
-0.505365541384825,0.18904853529008
-0.569608838553813,0.38887209263368
-0.446839973668001,0.251493449839596
-0.369799044729482,0.471002311816043
-0.271822912186182,0.56176474626085
-0.326179961119729,0.672095093064005
-0.235704038610619,0.688219652282959
-0.109327756640523,0.71132811340784
-0.165696931827605,0.726570858416996
-0.073124276413478,0.727289261972014
-0.11234331437393,0.733877300235553
-0.0631654203335564,0.773429170026566
-0.0154636374199554,0.699743817753765
0.030401070435276,0.765009648603566
0.230468395944623,0.711899620504278
0.215230233087678,0.687820695195261
0.319272669863382,0.579324374377583
0.381782003446178,0.575553552838921
0.46889962807095,0.475401142143134
0.417061449603869,0.366498188740267
0.520546785477042,0.300097755966645
0.55310392184149,0.23244630081429
0.417839139243878,0.212861445786025
0.552240470055993,0.216423915052485
0.555790698569659,0.20785057497537
0.5381081009154,0.109760146073144
0.469906621909586,0.0947386220217067
0.594497619423235,0.0809260424957216
0.357508667030078,0.0298911146054346
0.579711550112985,0.038284018247971
0.368348738891011,-0.0617672576903267
0.50091888493507,0.0433201540093733
0.21400292837766,-0.163305533009733
0.218721946863674,-0.0654428918571581
0.374381099362636,-0.174050813618492
0.392669042414585,-0.101732321434477
0.0637275520004136,0.0205566848119922
0.242203940749909,-0.229190232167911
0.286947380239875,-0.129495037544152
0.0905977601690944,-0.119656311087218
0.376224464118801,-0.147316032436142
0.146415064007006,-0.0683075357319917
0.445804032831085,0.0181138851051356
0.112446573477747,-0.00629436581690098
0.0537288759450221,-0.130516427804704
0.39052861062572,-0.0667886205397057
0.102167226509219,-0.01751653100652
0.229206995691283,0.135503304623455
0.0787032513566096,0.0885317889040421
0.16645034705118,0.00472037335454351
0.0730732235150629,-0.101038322966941
0.14329817243015,-0.064909919097028
0.139242015020107,0.0285668518031014
-0.067787262566751,0.0677704523914016
0.00709315777843758,0.0300121077409824
-0.0258842366112165,0.277477573553895
0.22199822513596,0.140233024571998
0.160235516297981,0.0752125702267904
-0.316885290115971,0.0343416817748739
-0.227857811170587,0.0940604274512829
-0.229119033124299,0.205978399282322
-0.308108186899183,0.216658052917134
-0.321569831479238,0.0840743181110714
-0.373656361082933,0.0595743748374953
-0.351212337764447,0.0107930333201021
-0.269584609759518,-0.0280653541022203
-0.268705640742278,-0.0247915737492023
-0.257317347192345,-0.219666261045924
-0.29510230863673,-0.011443480783399
-0.347473613359481,-0.106425321477768
-0.435800646891534,-0.114449417336664
-0.398874066943551,-0.0546269862081517
-0.493258899427092,-0.156159147422835
-0.303394686325024,-0.234984215737176
-0.336223122737129,-0.227678429534819
-0.377144851256041,-0.303759637895108
-0.253140362506587,-0.0909713735104398
-0.233872210832813,-0.174850471116169
-0.215481375177849,-0.218944122813051
-0.170786104069662,-0.311539443885981
-0.0101522070916818,-0.358051000023854
-0.192426293501158,-0.35353121195632
-0.203997794322038,-0.466360457711576
-0.175161305919258,-0.519623947347646
-0.219590010136477,-0.494962732916328
-0.0907661769469895,-0.622862035623737
-0.0433178564565103,-0.558197989608583
-0.0237594851193408,-0.575384903377875
-0.210652000820651,-0.684699696724324
-0.0786992621334232,-0.589666698283467
-0.127659085202321,-0.653169538187489
0.0222379209703612,-0.724464064079762
0.0730341948202392,-0.624543058162428
0.168402507986619,-0.520905622790205
0.125995273274063,-0.671957805412873
0.0861326252079797,-0.579255737966684
0.189988947749119,-0.655273894759224
0.306389098048473,-0.668654473099698
0.308000455055548,-0.749548609351095
0.326061902106599,-0.666385750632374
0.257257098316052,-0.732765229845426
0.298789195274417,-0.730400655045583
0.288525948968339,-0.698560842290633
0.301998293512173,-0.688709962282874
0.322077816200333,-0.680752518235877
0.338467088560148,-0.692851574028149
0.394861267103266,-0.712850503588188
0.411048907138841,-0.735930593265257
0.423642232567024,-0.760740734929989
0.430633557359354,-0.72761770304078
0.483002236086528,-0.763793274823977
0.507149752126949,-0.684476220341011
0.569200869445902,-0.72223879854309
0.539370230558991,-0.664343040719253
0.56485314331708,-0.714987675281853
0.619872606266305,-0.696040821704383
0.589439325219902,-0.521015716202799
0.597300103645695,-0.740814151900589
0.612922333807028,-0.533332309629124
0.626250827030014,-0.626794138101565
0.593733384086363,-0.694974321245289
0.686649736699803,-0.657185677675105
0.642712673759981,-0.627212545916628
0.659372791046185,-0.69223631037627
0.651358689528412,-0.70074497810642
0.628608734443492,-0.713457508775224
0.646799264817276,-0.7081208826039
0.608820743447074,-0.687608652026813
0.570401685817837,-0.714749976724209
0.613322683247962,-0.701287441128722
0.550335145975808,-0.729208243423345
0.570893082399192,-0.737501707519791
0.454539450159236,-0.800107910168159
0.48287821129246,-0.811366312152599
0.48395884609521,-0.778866957364083
0.452230408209961,-0.766549998995024
0.416859862867001,-0.750465004809095
0.422676420018111,-0.818808670962283
0.377242705912935,-0.801211591321308
0.436472682863194,-0.809805782670722
0.437969590539557,-0.75748319900632
0.463475681524777,-0.825816836312231
0.508989166956499,-0.744292567655467
0.533631591793771,-0.706448382118565
0.513845376542273,-0.776727764554874
0.477937964514499,-0.785821463183744
0.519152724465737,-0.773526566614515
0.487017680159391,-0.820666336222194
0.440908985165084,-0.739575919890947
0.47641795437227,-0.746629144127947
0.410063440615071,-0.827147797621322
0.485427563818322,-0.788610789996963
0.373364412796809,-0.820557032966232
0.472211602717182,-0.832511439412484
0.445832249822153,-0.799301975434705
0.366766896604349,-0.823927726862383
0.441914570754704,-0.833565381198272
0.434381702128134,-0.787434676061962
0.444491480985007,-0.76221105202026
0.517202572850819,-0.71055569830266
0.516144970419837,-0.714012244034356
0.451273970869818,-0.710845247829033
0.571107480408572,-0.675985715674265
0.574207662174881,-0.666855257688835
0.520244469387448,-0.624899907117909
0.533577831840719,-0.633692498746949
0.477335965259385,-0.624620202198144
0.516635773524681,-0.639337026347114
0.641726351520415,-0.628127043921698
0.576750502123488,-0.639436031642237
0.64150840313394,-0.630300965611378
0.550284330745466,-0.60718485334996
0.633051494305613,-0.626981536580654
0.609780684878328,-0.644501544704701
0.56032258429783,-0.606213625907036
0.600551619899622,-0.597009578726087
0.602968630704952,-0.63185516987249
0.624984583755348,-0.604959053087793
0.577298929143052,-0.553528184810235
0.642138138333777,-0.596100958111159
0.665445844241028,-0.492755033135591
0.612657850193888,-0.540497710092813
0.651980772325068,-0.424975047517909
0.680467240934715,-0.449154119839668
0.73393861741924,-0.324072577734005
0.658756710354277,-0.319294160745241
0.717015527700508,-0.359613214558161
0.635810586151648,-0.309952361007873
0.734774910745905,-0.309741712211799
0.691736670454334,-0.213115069146995
0.699682080879632,-0.268529314212605
0.633196718019052,-0.242027091036793
0.685802712693878,-0.264333935412487
0.728777087914465,-0.284640610675845
0.690733925316221,-0.263745898736723
0.696427743369573,-0.187150732092841
0.639168705768224,-0.260196523644386
0.668846280251227,-0.165092941401827
0.536433468201043,-0.226236124524499
0.694815129657303,-0.0545609642205018
0.68003618691344,-0.175385289796612
0.676643851253902,-0.0988109744245027
0.654473526227285,-0.140477830395351
0.712612164891273,-0.160631324467148
0.725267501749953,-0.0688669751865119
0.726254839500119,-0.178721479852856
0.75871145490858,-0.200518928385665
0.730398556708562,-0.160073300690382
0.684212364651978,-0.276104829193038
0.626246907176586,-0.284216249942642
0.545238620217698,-0.134055217806955
0.643212492678186,-0.202386299166449
0.562977479908442,-0.236547869925522
0.696202484747681,-0.388219299857306
0.679772648278739,-0.282648131376279
0.643365144246489,-0.390505413010693
0.697956541077013,-0.335249167084226
0.564405352262931,-0.384079503288467
0.583475711008433,-0.39182087857814
0.622524924736015,-0.430875526166067
0.591971849359307,-0.455737769005094
0.486678490993905,-0.415157940260799
0.493536194105321,-0.449315270953681
0.616401362615461,-0.48887084934826
0.517309636305342,-0.504852473094807
0.484269456131748,-0.572736946043439
0.438337069355685,-0.567737392454221
0.445151266024775,-0.593075992140555
0.356997728792371,-0.60370280852672
0.334638159146946,-0.569222949740044
0.389367752356673,-0.553002945432294
0.362213538238119,-0.520737878936784
0.378960052073952,-0.583736689787249
0.422219185331729,-0.700494929869404
0.404355508694867,-0.487407572726622
0.395363013302107,-0.634023565017473
0.429116406555019,-0.541670084802233
0.435842034315316,-0.55005070426149
0.424626935625024,-0.532368203444893
0.518908296442167,-0.501177622248536
0.464155632126054,-0.514024049765194
0.518812272232015,-0.389896651390584
0.513586798304492,-0.371212950512203
0.538727950431203,-0.328496959600269
0.532801716245198,-0.22565699982069
0.540539701759724,-0.0840383563025664
0.558207473836672,-0.131373179560128
0.47424528324101,-0.0236482262086523
0.468542928585712,0.0462521909449968
0.478093472407803,0.123544849203627
0.447691218198668,0.0519473276987905
0.496909332537057,0.122049744678007
0.519074490872414,0.144441889190097
0.475989821154936,0.119013772348923
0.46924483191854,0.157061227368536
0.460838243508213,0.203788278573823
0.475267884938622,0.234324529249795
0.49132666079314,0.259494674745099
0.351769333806818,0.292119683029851
0.333006781538163,0.362059099386708
0.311007977249689,0.420986474898406
0.232133166202828,0.462537240131617
0.221377598054364,0.419124991375509
0.248804513473119,0.490263922566877
0.199493809558574,0.480520644359269
0.23789085185057,0.444491905197497
0.196535802092819,0.454407169196853
0.216627516454154,0.467025224217757
0.233452711618193,0.481431486042471
0.22164646800562,0.478731462045473
0.191042697227921,0.495539330303097
0.235392114064639,0.458739861151125
0.198766849574484,0.513442510749345
0.224725704991535,0.473300544584192
0.229961652286412,0.528320863385843
0.234591913051214,0.465929857186766
0.20178409303519,0.480733808753176
0.318849888027086,0.388603701708128
0.332802018478451,0.429137843130219
0.387071561129284,0.389582964284416
0.428960225141122,0.323116815399053
0.434459551083765,0.333722137820731
0.50173571024247,0.220769785688294
0.515896768654583,0.224063490201653
0.53148572273168,0.204962876763613
0.505051704210932,0.237349503590948
0.580212126787391,0.305177810606107
0.609816475183757,0.102093731502294
0.48796511381476,0.188421744697538
0.644098866541104,0.148543242793656
0.609725426555771,-0.0467799965317648
0.716879813375524,0.0611051664270636
0.831818353440775,-0.0490265552899058
0.883108475062715,-0.0470749256875917
0.64015960223537,-0.0969513659453037
0.714875911145696,-0.0196826344685865
0.72270482362574,-0.124373727627065
0.758680221029857,-0.079024263571667
0.753835784706836,-0.303463953777917
0.762718781799564,-0.278474561950587
0.650352114485667,-0.325064278434398
0.685794410894211,-0.300684279757084
0.656042202731037,-0.0177621608280343
0.685889930984844,-0.121359340790962
0.729999007321736,-0.102986001334197
0.767536366589409,-0.05998823606848
0.689514998845154,0.0109646738211185
0.714403335787704,0.0169487565852171
0.594132020762102,0.0662668207581855
0.651869219373433,-0.0235908666836505
0.688327432098197,0.222318247175759
0.682601635529232,0.0823548186473387
0.645710812549779,0.111364004099951
0.745447498070621,0.185042983291025
0.753226931658586,0.354596356818587
0.70417773535144,0.266658931711179
0.788032338354211,0.153581439187522
0.686258389144225,0.126342636576771
0.794300590823045,0.237049628121474
0.682995148357439,0.180489710551078
0.781186180083976,0.19796572283276
0.780781066956604,0.210418342241197
0.763714221327699,0.165522836051609
0.753848572413595,0.156283543640365
0.686052211234314,0.0748738574216261
0.684104943994472,0.0138763916380159
0.567011590170853,0.138331784921331
0.672065044419587,0.123509541416421
0.572067648564072,0.0410872203064182
0.610115167308088,0.0653976727669121
0.542056572446461,-0.0292074719244001
0.68068156988416,0.0833478280567967
0.644567766167148,0.000303803332123513
0.615789751857464,0.109541415275105
0.636298476758487,0.0433685700304312
0.558458399460244,-0.0198793450547551
0.524164019102335,0.0772390954352324
0.579048449509777,0.127003189463212
0.51135243364017,0.111828544598193
0.59544313675495,0.263180056570665
0.573649522058328,0.308455010864975
0.59603807782457,0.279127365723789
0.607310237833268,0.370940441831917
0.505371427221418,0.457193966644211
0.563853735665479,0.422367760439565
0.483884966535474,0.344406345128282
0.49525314182234,0.500254692120727
0.480647451061719,0.580476265190308
0.436088747403496,0.608045211207153
0.33252943301996,0.656609479648199
0.362050017103376,0.657708955755148
0.195375604029914,0.769010664477188
0.208017428843211,0.715716464053896
0.237603598479488,0.740856977937823
0.162275167144491,0.80169945295949
0.255853439818768,0.723566110068417
0.133777650028238,0.70858327427857
0.177102978076784,0.74345434411996
0.229636964146035,0.730222848055326
0.289199809376847,0.711566060639271
0.316978391392467,0.650707000410595
0.261026279536153,0.649124201128587
0.266356378727961,0.760355449058062
0.242065030399429,0.736421316375578
0.319013547663772,0.714571534925874
0.254502055891167,0.747878456701671
0.286480055627151,0.736675096338434
0.354492004316629,0.69667273746586
0.265561498910578,0.748485457737491
0.32812143642013,0.72222984363658
0.400173488035798,0.772420954033804
0.378394883507871,0.673339029270574
0.418506239635794,0.673616170189615
0.501527841041213,0.603717497248473
0.488614037260272,0.537914328695261
0.501992464442722,0.521038564426664
0.616515839711081,0.383051596633812
0.595081385167257,0.296158101306322
0.620929784991876,0.277662184210037
0.569553299401745,0.237555215765391
0.560952734476594,0.150920045349714
0.502401117758394,0.0738135457955045
0.509187166077545,-0.0254220761624689
0.420867869016204,-0.00935241612692597
0.318375261623321,-0.0677408010255469
0.354391525783497,-0.0613097274528995
0.146693088153562,0.0532437993290802
0.212475770777051,-0.20232268240567
0.151098546230917,-0.306799157348427
0.0850328281760477,-0.308761050055708
0.00669621829912801,-0.379197798774
-0.0624697522915557,-0.362400528648134
-0.16755066936114,-0.444783214898505
-0.21483937494168,-0.446181461908885
-0.188986252090898,-0.480313013318445
-0.432934217570844,-0.44052312321046
-0.355799312094098,-0.459000577821101
-0.366651845211963,-0.46949948326658
-0.509027861915953,-0.366785201038379
-0.499948968836672,-0.303337926522069
-0.513494635106388,-0.377586420384522
-0.548909568216183,-0.297838913875763
-0.615300521153423,-0.378383372556435
-0.575493625882854,-0.294339607079585
-0.611186225252971,-0.316540289019413
-0.522715311654656,-0.288309569160139
-0.513325940291067,-0.395949631019988
-0.496413903523797,-0.326350107295628
-0.509013200363435,-0.365959407655427
-0.468130603466752,-0.446446674809841
-0.468404152695636,-0.418534501664405
-0.405653162812526,-0.448297475392127
-0.556315159031724,-0.517957718891935
-0.332260972920893,-0.472166840339719
-0.437292957110017,-0.57576618881319
-0.542227060892533,-0.60848282634974
-0.364102879192092,-0.607949711469519
-0.450354698818104,-0.600252713164863
-0.343197071132989,-0.649841882795153
-0.282624157039366,-0.739091768537678
-0.329170316330292,-0.68835207274596
-0.276308941264833,-0.820293183651034
-0.234003793272902,-0.746554708347852
-0.216604578535733,-0.801757518886918
-0.104248022372339,-0.807100800980709
-0.109164518915584,-0.876111391560135
-0.109729762808978,-0.809892064386323
-0.0128481600630153,-0.839264291189132
-0.00507779329660154,-0.83675893016723
0.0357694724598459,-0.832478349970028
0.120091737810085,-0.799753489763031
0.0315187286877575,-0.680467810314705
0.0809654143443875,-0.690796180522088
0.0555165145789948,-0.742631637213971
0.189504545041017,-0.84012498944839
0.189226522844293,-0.748541611096934
0.180230668511617,-0.825025101616272
0.160258607252795,-0.717181267463084
0.27801207781519,-0.756960448577177
0.189930441542526,-0.726499811962245
0.11453422615334,-0.858787480425075
0.233139457725643,-0.742813451847389
0.0786423522860946,-0.795398289673806
0.207209334762475,-0.77762630602329
0.155706951071721,-0.813470341766856
0.231172736781647,-0.779087146149561
0.169924734977711,-0.756092849714534
0.163574070255431,-0.781723083075718
0.0730289851832751,-0.646661977895273
0.0424542561797676,-0.738467032932198
0.0344643931074256,-0.846265673455767
0.0665383798381711,-0.755353613800197
-0.0953570742497235,-0.749744665197771
-0.103693298585883,-0.601698205271753
-0.229349826796384,-0.45908707727376
-0.200264078980268,-0.700846721075031
-0.2043438559449,-0.721247747669304
-0.218947451298245,-0.593336380587095
-0.356955028722578,-0.660955378834409
-0.396153692011706,-0.589396525555322
-0.454232065519707,-0.542245052271851
-0.436427800056303,-0.589112135788127
-0.53182336090396,-0.5777011657559
-0.597941509987837,-0.538478924814416
-0.542751324526712,-0.500980239687691
-0.61673072159443,-0.476120383513769
-0.55190796842985,-0.439265988634689
-0.759340016028124,-0.454836281064095
-0.647661710726944,-0.423535589510687
-0.741250758972325,-0.452030559379821
-0.687859897758859,-0.408067794604637
-0.785117442230765,-0.407822827505925
-0.776065790547204,-0.385937402450858
-0.714471523054571,-0.399152322447684
-0.791637171005945,-0.388577998284063
-0.764226139771561,-0.431780025806576
-0.771868258729252,-0.414545645272715
-0.683650487082865,-0.47698975626408
-0.701784773272412,-0.536507845209698
-0.692154465244705,-0.544100907580187
-0.681266800926216,-0.567657485456474
-0.611575835798797,-0.590017124616322
-0.669340560797555,-0.585127250634239
-0.662567977484304,-0.583640403623343
-0.676580615194142,-0.536047651326189
-0.689958332581823,-0.565942503554446
-0.690021158423868,-0.562154424054874
-0.691225482088885,-0.557343081403467
-0.677856982668413,-0.581145077283707
-0.688365305415862,-0.596642688902745
-0.696013312504045,-0.560186825647676
-0.694915866861286,-0.555898880412762
-0.707482494035793,-0.559905135613429
-0.713500263361163,-0.515539903636424
-0.678503302394323,-0.489823648010915
-0.725458695553068,-0.463168397498862
-0.759841366003673,-0.44672280893433
-0.744882179288311,-0.430280164890454
-0.723100926880318,-0.434390728288537
-0.75463109118921,-0.419018840145985
-0.715927522101241,-0.42529301674771
-0.767759733366827,-0.405947104048884
-0.684917667418103,-0.435502577228
-0.74819489335681,-0.441378069548196
-0.76415544830725,-0.350555461659542
-0.769026254398845,-0.36249163650249
-0.768981755306658,-0.326651916124633
-0.782674013290711,-0.315321035206149
-0.783140544590079,-0.301302365359116
-0.812667606069868,-0.305064190144915
-0.837876752173153,-0.275356083791238
-0.836482233419466,-0.211316828914891
-0.826285273630174,-0.177620555844145
-0.844220256615101,-0.161166413945249
-0.836163052398078,-0.182445771888006
-0.870443032071716,-0.113956576274183
-0.854430343116037,-0.174457680758472
-0.901206141972101,-0.153689311024068
-0.867744496483135,-0.112486726054689
-0.868463494570655,-0.13497297512047
-0.84749453318568,-0.0969089204380237
-0.876131165477964,-0.161863629872401
-0.812153009974945,-0.0987900088582584
-0.90861469265148,-0.0849542189965477
-0.827244140149719,-0.0345104205227786
-0.89998244176579,-0.0177648866117114
-0.885009600599734,0.0386626040896946
-0.854795601838632,0.0730387777872149
-0.938256678181618,-0.0391700487885833
-0.873192470976763,0.0361290635099659
-0.855368541534286,0.0655199287225076
-0.934366979913069,0.0286213517707573
-0.916768433870896,0.0732847650074129
-0.888049774774242,0.0873213815960084
-0.887797397086221,0.0910481659157353
-0.948721899063274,0.0268205702015056
-0.942971513533105,0.0472028301608572
-0.910978107409278,0.0410487387031969
-0.90906700452981,0.0361631068722077
-0.910157028937577,0.113024712979137
-0.9050012323223,0.122305062240308
-0.950079922362916,0.110587500327681
-0.883425375485641,0.155867849088034
-0.909621205945768,0.199535083609621
-0.846417813922655,0.233056666645935
-0.893256533631295,0.210690783271345
-0.885504100483596,0.250057608098959
-0.809506654753911,0.27200497069517
-0.808883616382321,0.304614011000419
-0.829681084763255,0.369890427687297
-0.805153089041008,0.294085518606949
-0.808799313888632,0.353427817970349
-0.825405372157047,0.39416586237444
-0.868860389902865,0.343376316461234
-0.823413350948169,0.383198590708432
-0.857706173253704,0.383263509819003
-0.82286836990255,0.414617119113129
-0.877266896367518,0.344086749645184
-0.830886901275243,0.403675575770634
-0.874852663094966,0.37693701978435
-0.833015726310323,0.38423102074124
-0.820504008916532,0.421312176068318
-0.86441797314647,0.398462428871721
-0.827084475952797,0.448470064124637
-0.7758166658937,0.480214255781342
-0.82461510017665,0.487020403779473
-0.790409145119473,0.481731724943462
-0.826588269779228,0.474363723939983
-0.785711997682521,0.485631825615312
-0.804917389768486,0.515937116852498
-0.739144886876609,0.537007158261246
-0.751328944938354,0.508295239039788
-0.738307443248075,0.600323491390739
-0.76561635083501,0.563952734349668
-0.737310943683743,0.567012582174323
-0.69728050354904,0.525005077313708
-0.725864986587518,0.550078686851007
-0.746897188912689,0.545572032478064
-0.753212001011629,0.593318473586685
-0.712222976760018,0.540981494376045
-0.78058621171578,0.544516078179039
-0.740222945035617,0.506242008852639
-0.77350670661383,0.504493344762278
-0.798413310323189,0.527795625674441
-0.741351683214998,0.536660542690216
-0.679061239393004,0.587247154248926
-0.623073049649748,0.49621563789524
-0.689541949992005,0.549504441783412
-0.677223752277955,0.597649730371842
-0.630944695028711,0.635790237818147
-0.622939139661882,0.630331014805116
-0.6443112483188,0.662434508477761
-0.548861902772053,0.716410442596
-0.49781763171796,0.622664014537388
-0.458769748991959,0.694404636344663
-0.462360931192042,0.771042004408783
-0.383585908525179,0.768305780168487
-0.375634620849442,0.713733754654765
-0.353609816996109,0.723979440045068
-0.428618735549184,0.798740820940964
-0.383748420279342,0.797055703292128
-0.3701283424079,0.789742295793556
-0.315581618886782,0.810729997738901
-0.315384502228081,0.830848536173839
-0.294148135481267,0.834105413668869
-0.32808489963293,0.828088085481302
-0.298213155517544,0.816209413255627
-0.293136360380181,0.808208466074898
-0.25848464011995,0.863513321019608
-0.278980472477046,0.815939126430387
-0.294125176087923,0.840377923366542
-0.276830338693501,0.852346453280942
-0.353742205480142,0.793926470337567
-0.304315105427849,0.826983833770009
-0.364730551467258,0.841339605032398
-0.334813549739433,0.838588214113889
-0.38291827842826,0.816479804090113
-0.416994659483644,0.833123778273094
-0.40672752258484,0.776670899135951
-0.439134609013803,0.759009117536971
-0.506014755847709,0.718761699688864
-0.486472036994885,0.797357427344834
-0.48094323469723,0.769939230229091
-0.459178140683564,0.826870103710201
-0.405132788382011,0.798293076776757
-0.402414842633976,0.81534862006471
-0.332964910910872,0.829037268732518
-0.33907962198889,0.823750124461931
-0.26477408526258,0.853847389667027
-0.248079241294092,0.854411047093049
-0.134572034050981,0.836024591609652
-0.125300925488818,0.746925884541736
-0.0228700142018244,0.852121365905826
0.0670288120262557,0.756619418849467
0.0882571835788105,0.807678134793505
0.150148687396603,0.782566949773187
0.201588818585265,0.779811218883355
0.305616622753291,0.721598192650224
0.256620964677134,0.794251719030063
0.333949601947917,0.730171416039648
0.341566984746702,0.736260657348016
0.371519902056204,0.754769831985195
0.342701686913198,0.725813519349671
0.360638107540248,0.697706285250357
0.426700219797127,0.683583637520468
0.374301270418587,0.741195512718478
0.505082001620526,0.591080012964803
0.434990781497652,0.698149279715248
0.52386739160793,0.668446995738079
0.488337299047344,0.627253013392529
0.493817863229412,0.574255139120796
0.496950289615677,0.649763663477423
0.498574117298845,0.647901337674478
0.512107339410154,0.595707851810203
0.499532664932371,0.716243376533174
0.494610471192922,0.650830055646634
0.457748167565791,0.658427529072849
0.486668889662474,0.639307572208604
0.417849778202869,0.715264085515248
0.417768138867791,0.684743491931644
0.455268750174029,0.674111827486471
0.44397564599439,0.702227312785657
0.365849995464348,0.737095714423369
0.388507033992093,0.709671588670407
0.360405860306547,0.708359894665998
0.366192578321044,0.753597957203924
0.343641043664371,0.728521351716555
0.356869725524963,0.718759897044014
0.292799289539904,0.736018089397192
0.302062347602528,0.756872617867803
0.205278201851635,0.742739591855914
0.254076518993048,0.764874842781603
0.134210160820786,0.781633203013651
0.124185070884165,0.808450362485531
0.0399845173247344,0.821902340709338
0.0223674071232001,0.833752693625797
-0.0115096106671055,0.851078706919395
-0.0871018406838601,0.885770855680595
-0.152573436200392,0.832931358167743
-0.186522394823361,0.835916947344095
-0.260702270725098,0.869636560188731
-0.307092380464995,0.84856369617733
-0.372467283805633,0.819343251325833
-0.470456144561807,0.768474563993246
-0.487699911175169,0.754351269593966
-0.521489304655789,0.68892068810033
-0.56995481861699,0.674564757456577
-0.623402717331495,0.579084801372768
-0.56347666418039,0.650201830237391
-0.615455363955772,0.604792212236502
-0.589786005821394,0.627983624034731
-0.56603361061133,0.712663578640315
-0.500321473229754,0.658271888646005
-0.514569940438568,0.744087100597816
-0.496177399499608,0.755940181221511
-0.412666735312771,0.731253168242972
-0.293669590351364,0.752917473553241
-0.272311867852714,0.823690173473326
-0.207574346673596,0.770167810049804
-0.177401248144716,0.771482549859921
-0.127199614114257,0.833504370926477
-0.150388601655655,0.787398585466303
-0.119176461537272,0.85008344132217
-0.130572741153286,0.858275805412715
-0.109775778234236,0.863459442664263
-0.10539305049901,0.832272243390054
-0.0489146445138375,0.913836953784816
-0.0423742079078913,0.813834502103738
0.0289010318593968,0.863090495161064
0.100609351324342,0.853994926235721
0.148149582159099,0.748318603379144
0.191316200242679,0.790660362434411
0.248913302393069,0.774106090632379
0.236363257426312,0.773055939548595
0.257396052157133,0.711293410499441
0.252867241104771,0.716620102776247
0.409315401705901,0.699767102233663
0.400175160375292,0.677285376826145
0.43407469574436,0.605248410989755
0.471126459194044,0.602576823704983
0.479639490069541,0.572699906820204
0.527495199288493,0.478259500522762
0.557641094780564,0.488718301731713
0.592032078879544,0.412025626627893
0.628276201127164,0.3970029368741
0.610075852036017,0.354537567038313
0.670443365911575,0.370088378463619
0.594918450177109,0.370599451101183
0.594084917284448,0.381882900285712
0.715365880671806,0.27009081237838
0.715498661828662,0.219034790099629
0.664245806949475,0.283974844658922
0.713020880763475,0.264752352315322
0.694304138540142,0.281225675055013
0.628566743115642,0.286770252606696
0.704307138130193,0.278852610829156
0.691464094034379,0.236819935163245
0.724333984193569,0.278117563569162
0.680754781846682,0.309636568688619
0.672059757396322,0.355121602579527
0.685561202983578,0.373231524798548
0.638460292193269,0.421797829249245
0.675549882716845,0.432418524156523
0.663725279786013,0.513515921134227
0.612872607930436,0.522695936428716
0.629254845430037,0.536676488683741
0.600464114431811,0.598885746081607
0.572159989350004,0.625063130135211
0.568300486883872,0.659452168783664
0.534522853883294,0.718998811578909
0.516719995348305,0.679548096794928
0.522091224948348,0.751504597861506
0.525526092736319,0.734125688531258
0.51398488134614,0.678536921054766
0.447377717532799,0.772806485927822
0.403684359783854,0.847354797518113
0.379530806374635,0.820373877449863
0.327497122808397,0.798650152537494
0.282047136557302,0.86311263739702
0.208781368249044,0.835212317553843
0.159277293052566,0.840858218883022
0.126017576525361,0.772951255209583
0.0664757036778121,0.852640734296062
0.0351037591836988,0.688375169421461
0.0226888924798619,0.753811091457935
0.0825269246896419,0.72600891384124
0.0376223529870964,0.677028630103359
0.0495496149768178,0.743735559515185
0.0269276635408877,0.649663764764841
0.13349054264238,0.542213740839109
-0.0378384104064276,0.546646430338869
0.0232749462291128,0.643868525216421
-0.0763332556437856,0.478469141205799
0.0935541093909833,0.410505093403018
0.118655120172005,0.390423802222117
0.0916898001141025,0.417697768220059
0.269923161399326,0.279296476741892
0.384735247453282,0.470760264593644
0.287860763990137,0.547336523616557
0.213540277108293,0.311538418532981
0.0991966991244912,0.393284371700351
0.274851127357149,0.33499505378804
0.329344467012908,0.2715625279984
0.277893688062491,0.421248151738053
0.361038010091264,0.338352299639889
0.294722075312258,0.38061521177482
0.217883989365947,0.286052064497841
0.195362923173903,0.393104773350483
0.202828349754321,0.0376306499365617
0.290573191195138,0.192070229883999
0.3900938123192,0.307509961412906
0.35898415522642,0.223175896970441
0.314704070465945,0.211506597363846
0.314920200815154,0.156720486475173
0.302204822032318,0.146603570557981
0.130213462024982,0.135940612671802
0.148290450331926,0.0940546063856223
0.12796464445406,0.334217777310318
0.328199355797832,0.0174924624275869
0.258244389607037,0.159277295688595
0.278915688556617,-0.00330076031867124
0.2699516216158,0.00672799713998466
0.270634385369425,0.142543930684233
0.213506655816896,0.0569909429621979
0.312383009910545,0.17278773683065
0.256969763280114,0.153200187913165
0.404335705333812,0.160951083618853
0.200469782954831,0.0579663191742997
0.45049348082945,0.299168949854775
0.159034831162427,0.015052544629108
0.179548517963337,0.0576373100284203
0.432705972602949,0.0212077589440252
0.625753129584876,0.233102773239247
0.477836871467354,0.0749493576173275
0.508692564788916,0.256519211295616
0.486800543371501,0.147849122457129
0.650836537238743,0.191018379436515
0.605938847316772,0.0969742631004354
0.630813663817052,0.159108371829101
0.567488283407789,0.127521507589156
0.714568207749979,0.163351890812255
0.756250029881224,0.0159749401509966
0.890947163546913,0.100721977637173
0.747948195352644,0.115508787797766
0.790318195590662,0.0357085673375372
0.889303946378968,0.151746279968232
0.889084655336024,0.157659425727262
0.880180225956944,0.134230714885255
0.875053240846763,0.177505321540291
0.860842864891525,0.234812964983189
0.82407636796288,0.299441272875915
0.830501126648498,0.247216473496191
0.865754074543261,0.242974991688305
0.842371712037254,0.242529093568165
0.816910157206919,0.239846751299192
0.827812252014183,0.195142307829495
0.885255045077255,0.18427320003382
0.821983040257056,0.152055476307172
0.860141275034566,0.0595600843875504
0.869449471045544,0.131856096483624
0.865661155796734,0.100837656870888
0.883066061452784,0.00516584507377623
0.873992781986592,0.0131026475857146
0.825887650198124,0.0237950091500694
0.813342438966617,-0.0114384218204173
0.814556443199589,0.0141888972046689
0.881272289765579,-0.0209101795782704
0.714242399368593,-0.0412782323014454
0.848642286977025,-0.0662798401020365
0.895689927498057,0.0371923604354978
0.916418511863485,0.0332050302065083
0.876697221243344,0.0364347332458551
0.888901958695835,0.111560930963269
0.893378659672813,0.0612816707917777
0.866358608522016,0.109361782480077
0.878772550167536,0.113105175857181
0.879440351514771,0.137655783186983
0.845444903244935,0.120469093784801
0.874536400710243,0.125657766074893
0.814887014697127,0.0467401325644081
0.872426096434002,0.0874531935659804
0.847059991400673,-0.0424250148355258
0.830014002301599,0.049257313600273
0.746644220666648,-0.0232105907085103
0.756528285024716,0.0227769376760451
0.763950016704249,-0.0462847652979804
0.712396486377108,-0.0777278339947571
0.754035627493004,-0.123225110901772
0.679457695619936,-0.139093150244741
0.677702493382788,-0.174434381639455
0.664386090243121,-0.1913978261155
0.579548336986484,-0.232384920340379
0.616247515623557,-0.199927231119377
0.5669251156115,-0.282443290262812
0.514329766993311,-0.263357778509474
0.622257858774931,-0.292252480718903
0.542588459182885,-0.284295747590022
0.511926944395199,-0.331245100272725
0.581982374471121,-0.333290441859708
0.591418810558884,-0.315131861119529
0.583038311265006,-0.303552642950393
0.556756113148018,-0.33277256647764
0.621966356051595,-0.297347826832861
0.671587589533084,-0.287087266719695
0.696340788430702,-0.216838791155381
0.674796999247053,-0.241799845744396
0.742993375196717,-0.251186933536784
0.719233249507385,-0.256948083036284
0.693652900374014,-0.266513173053933
0.760157929008542,-0.192228706389869
0.72878162259654,-0.152128942209647
0.678397429195019,-0.204036713130613
0.74484709830863,-0.21998164720452
0.664397690666038,-0.243646983458458
0.790829775542525,-0.252483516898744
0.701147147141907,-0.317246893905306
0.691965617583129,-0.342429147863713
0.723912491097352,-0.382430636538316
0.690210444327566,-0.359318027735558
0.800656932597895,-0.441768380172875
0.671991010761943,-0.372053866230913
0.696456364552785,-0.438114021426865
0.703319727678874,-0.418962060156136
0.736326668519347,-0.280220209246575
0.733052686665795,-0.386823556256068
0.718979231185565,-0.434387360655092
0.677329354713768,-0.489754197769951
0.703406728058162,-0.473777768168731
0.581418994957743,-0.578209821560602
0.607242041805416,-0.534278790203004
0.644775814882715,-0.549764962912443
0.574381105086768,-0.58427505660311
0.549921322097165,-0.659199019144592
0.557476290696973,-0.595995986289403
0.55727825630105,-0.671013393890573
0.538357972797168,-0.63318254140449
0.556518798931371,-0.686999071030364
0.584715665957132,-0.634813852123122
0.560121647241777,-0.692984135446142
0.578483510392158,-0.668553942120528
0.594629089031009,-0.669657274540666
0.61238629331903,-0.624090018202148
0.647526270573352,-0.580393510046091
0.651547050238994,-0.539826663061763
0.668543599603317,-0.552371023383176
0.662604702829764,-0.570312396310366
0.669653111423445,-0.565396228705696
0.679965758945648,-0.537784577022157
0.629096191087847,-0.545811084997542
0.626811810891284,-0.593057106069758
0.586832202168491,-0.59495776830437
0.531029977367005,-0.594716099750847
0.533346019097199,-0.580117350006605
0.501492145731475,-0.638461330457893
0.509299013702722,-0.599101993174139
0.570218387751453,-0.628414217818042
0.497535421996493,-0.656357372418622
0.351850045095832,-0.71637243360552
0.229535108378267,-0.681588221039361
0.151709526172784,-0.687773913849006
0.262294039294742,-0.766436853086392
0.257900646695877,-0.774110114080061
0.215694990097691,-0.806191256212964
0.19934116149926,-0.79093799739398
0.138081609966399,-0.858572346680597
0.130787903114575,-0.849939993493339
0.233922837583885,-0.784636431491877
0.163251725238248,-0.849566421735943
0.113204653915314,-0.839707488133803
0.168264017482124,-0.799105730616155
0.100526639837665,-0.839536174200212
0.230769789862685,-0.785654028307333
0.183517126276882,-0.799677922293498
0.203736742023395,-0.818897719637124
0.178788951805575,-0.825965319709459
0.278061685860285,-0.823297960087589
0.195068200188964,-0.842482813118459
0.312445666169732,-0.795400323383927
0.329421507195132,-0.835482324481486
0.291986218136416,-0.832503192720355
0.31124497742528,-0.817545420040046
0.295663275897044,-0.860830492873132
0.380340973211269,-0.782031226120512
0.283528588632492,-0.805633738700387
0.368781899782256,-0.801192016688859
0.379481414405445,-0.824078786867263
0.454875769100376,-0.777601963692782
0.399734302648786,-0.776481312205558
0.507966732333405,-0.731402082500354
0.412919567780631,-0.711107772320946
0.516807496680964,-0.709809632765571
0.555221000321551,-0.625838992741712
0.590454625607294,-0.603747025825856
0.434549125521411,-0.544441937111341
0.50421428207927,-0.419987927090052
0.58996796734017,-0.423444787905324
0.631175984213978,-0.335822282359226
0.56781568875737,-0.365611828020728
0.52161451362462,-0.269898693640113
0.537968832096012,-0.172656848868626
0.46883189763233,0.0104949707693668
0.601898059452071,-0.0351496929313946
0.544831910367164,-0.0301844927890553
0.431860082467444,0.0307359999128059
0.38251282561053,0.077046618159045
0.0946919027658468,0.0625161906323124
0.144144792217419,-0.00744852948806799
0.0844441982499669,0.236584491245133
0.0641251302955135,0.332180466550201
0.082373126436594,0.361435026166136
0.0114964810666049,0.269014476638232
0.0561700588542701,0.34987244712754
-0.068279684567558,0.369118343831937
-0.121034561351814,0.35957363745253
-0.177065363994034,0.331696389609567
-0.216814975833419,0.483299358441363
-0.217006847573255,0.453241240310119
-0.333685611056869,0.376174456827858
-0.307286578058606,0.379151344212628
-0.344048741119616,0.307941373907183
-0.291367241643635,0.380092062637434
-0.393686194096293,0.268220045826057
-0.391797146418706,0.295207763497386
-0.369243616955648,0.343240135911014
-0.444874295539362,0.329054392028401
-0.468256768841096,0.397115630196954
-0.483453397300088,0.320910475202694
-0.475242865734689,0.404012273514329
-0.470481538289319,0.395572087061646
-0.491441339391366,0.353202434770153
-0.484780778315463,0.351806753512358
-0.560544465833081,0.322479901078496
-0.55080419701272,0.320528417303981
-0.5826332010687,0.352331097355322
-0.608999358915743,0.276825268663714
-0.66263501586746,0.218728287381493
-0.674559783572278,0.139564923305629
-0.681442138707443,0.0519943465255486
-0.764301435302522,0.0663879737131264
-0.730161468870382,0.0101437980861582
-0.752086949560311,-0.0134810827878269
-0.747994343842021,-0.067768483375712
-0.740121233740584,-0.11051119110057
-0.734853339883048,-0.0739719956904167
-0.727952191589654,-0.149044366907032
-0.784273173901706,-0.165375324390619
-0.7431236814132,-0.146714590025073
-0.718408345388244,-0.190376710317236
-0.723103424896508,-0.21556198982066
-0.693326601327727,-0.231848293168475
-0.680503324190988,-0.236316226832028
-0.671227563824333,-0.285123802369634
-0.662985499009168,-0.306735190882824
-0.653452896260844,-0.30022757455927
-0.628643504875616,-0.355231748005334
-0.623059060444598,-0.327508245767687
-0.560367327919555,-0.367516031694212
-0.547680599326167,-0.358410700610991
-0.567771412616836,-0.453293724828034
-0.509917608922823,-0.454256162109746
-0.467753281327093,-0.497862969315702
-0.4863585918704,-0.449717961527436
-0.501338056778076,-0.572281604579851
-0.438395418037877,-0.500787146332786
-0.478472253272329,-0.570174755227149
-0.430871795692817,-0.48514760034973
-0.407932973796662,-0.529370553605354
-0.450952498829505,-0.52005408501162
-0.445825507868177,-0.574255716790949
-0.393433333161542,-0.46023683816651
-0.491255354169561,-0.563406013903562
-0.456122818110765,-0.488010837075495
-0.480875481895045,-0.47808535749615
-0.537200699404226,-0.529862488839024
-0.491097818918142,-0.550059733195452
-0.439948477265595,-0.519535997691193
-0.53207434678812,-0.571266442269474
-0.41905018962395,-0.534735363019082
-0.488679681375746,-0.567182317874537
-0.419844323932062,-0.496223899182502
-0.370606124018921,-0.693113649564475
-0.447435541646262,-0.55524101233815
-0.483412693009497,-0.611610387317463
-0.345620626615039,-0.569571278308821
-0.454291317321323,-0.686112681751499
-0.400416421557805,-0.664216241383129
-0.369127800514773,-0.609584574381717
-0.338894323238487,-0.652854772594087
-0.304515532585101,-0.686752756586805
-0.245856026754163,-0.708769780212021
-0.176772266918167,-0.70129475728991
-0.186605283944415,-0.763847119929627
-0.0546669219231703,-0.704768910121299
-0.0720298069049558,-0.823859514065679
-0.0358819154655626,-0.772305939686252
0.096545883856729,-0.802887281524078
0.145753648220707,-0.820201890649636
0.076984780406062,-0.805333191959074
0.189240451006661,-0.801957618074387
0.21487713210807,-0.82176262960494
0.222220269722254,-0.82838154623746
0.196079391955319,-0.835797474176885
0.278000554326892,-0.79042795680999
0.230627154814482,-0.84196955227577
0.242721379005148,-0.848220386632558
0.280313297264828,-0.880306049292681
0.305401339112986,-0.834955369799685
0.35583997963013,-0.829082273160198
0.38929521139952,-0.820580000115885
0.446231881701714,-0.756994127896522
0.433167684828311,-0.83282513494744
0.51471506547845,-0.726051327307402
0.508144114603657,-0.795420275452901
0.537423604645313,-0.74814955902864
0.540278315947356,-0.721650751470842
0.522600053056103,-0.693288333801716
0.560037641105991,-0.752591273801853
0.542844008391115,-0.724026931029061
0.564490582995107,-0.704897457997863
0.545791618153052,-0.716139337539059
0.537373815787337,-0.738858357000688
0.518717492237741,-0.715823283844106
0.525243038022409,-0.731047276523474
0.486667245836864,-0.774513299817062
0.501138311653496,-0.769959550116928
0.4895949667663,-0.775772348058893
0.493565386728524,-0.775614517189153
0.485555240355723,-0.783101423879934
0.39448656889197,-0.817482006697381
0.439577601496715,-0.805029997878938
0.438719818473849,-0.804688454644487
0.372928473379613,-0.79854923774834
0.32276936602615,-0.828742404211569
0.372925960969056,-0.804782680068473
0.227377576567219,-0.829763353404961
0.236578532533603,-0.818378661275539
0.217008984229719,-0.809908260751439
0.134899569277406,-0.836261991445224
0.0642878002031953,-0.837900093896718
0.0838222993027511,-0.814692356562484
0.0708924282147957,-0.858349956660209
-0.0508357751848678,-0.843487198381359
-0.0817046594935852,-0.841576618531813
-0.124243238625575,-0.840507987515568
-0.10758672174889,-0.862135230188179
-0.221985677253692,-0.782959165187109
-0.196481887488186,-0.812973747733941
-0.257733944177408,-0.812626929612631
-0.2511908997807,-0.823962737162379
-0.304872642019765,-0.809554388673871
-0.286452383204033,-0.851318770400102
-0.321772041045427,-0.825591528640817
-0.374811125700112,-0.783197774275314
-0.397833139442245,-0.808518403716565
-0.399803436886505,-0.820918436892045
-0.474299830950862,-0.76500718715267
-0.448046756030122,-0.769500012750664
-0.4887953073674,-0.740762223531565
-0.517201768726491,-0.680752824977325
-0.498916519550789,-0.662160953761304
-0.533565505672596,-0.641938677885025
-0.52069489357588,-0.619645331516228
-0.559689325065143,-0.583886932997059
-0.612592223548754,-0.547998441036643
-0.591557564019813,-0.528350191497423
-0.650843582807137,-0.535555666703472
-0.675093528483562,-0.464024029893199
-0.665376364308053,-0.482278446005472
-0.713814028375004,-0.411203031938755
-0.640203876962652,-0.3890224028939
-0.620468335260064,-0.364913169312453
-0.703973063321861,-0.371253261345185
-0.701936622581219,-0.423129981905155
-0.70120602035116,-0.404396585923944
-0.791123903357246,-0.366593353157927
-0.719963346279086,-0.459823200120157
-0.661873485697405,-0.490003622771657
-0.697583652507897,-0.50552916336415
-0.614511745370136,-0.613424949459012
-0.598922601498486,-0.437023700389038
-0.666378824681787,-0.605984037975716
-0.618818850341904,-0.565633324683428
-0.6321281996447,-0.595754674659133
-0.642317146694946,-0.596237471489933
-0.562018399538766,-0.668451735405572
-0.599701443134379,-0.672813786397587
-0.560597439174221,-0.683159730832013
-0.529560436127024,-0.679875889759979
-0.500601153104418,-0.717782048147904
-0.43922454501973,-0.734914809050009
-0.413756079316106,-0.701672180992494
-0.367874659654139,-0.760330975162742
-0.285943068134981,-0.703120626112908
-0.264573005261772,-0.724501310316404
-0.294076051258578,-0.716871253958237
-0.196522417551436,-0.748964382054704
-0.0556966254566206,-0.697355328373052
-0.134264463211362,-0.637568754933708
-0.0281176752913194,-0.721141962202037
-0.0271987685980909,-0.676961045321573
-0.0539160776861045,-0.65488884432663
0.023047661406186,-0.726963542784791
0.0327121579271299,-0.691738369067483
0.0738949643336682,-0.714649126537262
0.095318246271498,-0.673196749944198
0.246307997061525,-0.713391511518762
0.240700425410046,-0.616264980869856
0.262636469473407,-0.671278497854745
0.249188188833665,-0.657326600008615
0.234400711420138,-0.707595460907949
0.241301824629657,-0.627797076778274
0.36998418320885,-0.663985425041292
0.356658215725957,-0.603509594263156
0.406918908321093,-0.570260318987192
0.423307526517959,-0.504852271570351
0.375556987704419,-0.380442348524334
0.376280812046925,-0.424299254501901
0.357414312620949,-0.347405829314318
0.277724627333153,-0.326504435825592
0.214948396595658,-0.322659389149032
0.200257193347977,-0.376014020098235
0.110309911626508,-0.284340087700042
0.140666847896546,-0.368248026920599
0.0391337866143614,-0.426153396963737
0.0560249507362165,-0.192027108043237
0.0145384466929124,-0.404758036634595
0.113347318394766,-0.298676743600114
0.0357292567010362,-0.421469151399553
0.140065509629549,-0.243869440786372
-0.0268839434912728,-0.426787079127802
-0.00398942580983981,-0.362356901496536
-0.099306263711707,-0.530877548299105
0.115322691304204,-0.49321123016889
0.0252937909390654,-0.475329076870791
0.1075589880342,-0.575634799874435
0.0749383165630884,-0.476466644399465
0.00633015377921357,-0.453164227159314
-0.107843879690747,-0.489702148600173
-0.11255047491346,-0.574815316629809
0.0868659756812172,-0.414047116295867
0.079117347756235,-0.553434215926192
-0.0803705035153196,-0.591540470233163
-0.0959707173669009,-0.598260338548428
-0.0280481367929335,-0.650990151222845
-0.120230427670337,-0.533028496648381
-0.126969721454353,-0.433083399321218
-0.119011220275872,-0.720934831698158
-0.216108740090031,-0.6976991131598
-0.340008826446713,-0.663945207761698
-0.12475789394954,-0.676808306532812
-0.310052457141696,-0.607424586787114
-0.192740675287026,-0.714280320383524
-0.379213930048571,-0.459190522089833
-0.415060543771409,-0.457102065670281
-0.314341958395701,-0.383986834741142
-0.265821121965455,-0.382039433827903
-0.524665081000431,-0.443624179459777
-0.485803278394124,-0.531666434724488
-0.572954408040893,-0.398147020827245
-0.536246746172588,-0.450888367864738
-0.653071514941483,-0.333079963828711
-0.541225143245535,-0.266540974065291
-0.690426319877941,-0.239350424371179
-0.641684552926693,-0.341583936591232
-0.75001751385794,-0.214198384457557
-0.755099253841926,-0.418629944441927
-0.788578979460525,-0.389229530716061
-0.810219297152134,-0.350900094569473
-0.712513377639728,-0.376118785536861
-0.583479199266815,-0.272187289718569
-0.633183231944175,-0.187700977892874
-0.594711627731065,-0.21914580422142
-0.533468706175983,-0.274698795573854
-0.47639182106302,-0.168187697041056
-0.485926970416645,-0.347098257474878
-0.426757742280664,-0.144929054294722
-0.401119712606519,-0.286594424526405
-0.459958549740227,-0.0832113539087142
-0.575126436901022,-0.189944464203147
-0.525188482151791,-0.110066275230577
-0.340854368310108,-0.00874325842591813
-0.55606722504949,0.0488842013009948
-0.49471250082722,-0.210078132790047
-0.336933060514827,-0.184457413153093
-0.406174453158705,-0.082294760497307
-0.487467954149193,-0.0712443723721934
-0.574164729064957,-0.180731167968656
-0.536421670904943,-0.0553374617980621
-0.347448839124034,-0.0209525911464266
-0.620387747995613,-0.173236119294367
-0.634919731384887,-0.217197597753682
-0.460840206092813,-0.0121504453977041
-0.705258608676365,-0.124988621188408
-0.667487540053224,-0.272335311806739
-0.644419289298628,-0.107001659428036
-0.702498047164403,-0.118469465620864
-0.669233418511891,-0.182258522275763
-0.684500525075422,-0.0777593878262387
-0.714337066911967,-0.0161660069541091
-0.859596150361888,-0.0505041088345651
-0.80792415733949,-0.0880611294117524
-0.792560195559977,-0.126307877381225
-0.79906745532373,0.000451335518206743
-0.839038228952062,-0.0731356723751187
-0.87331329194387,0.0297854338998305
-0.891922563348321,0.130048027408116
-0.883483324806068,0.0930376147774314
-0.847019890618344,0.150312011658124
-0.829051578022398,0.0890322532352783
-0.899419675982983,0.152814382138447
-0.872161594406637,0.159421238314648
-0.883560312945486,0.271998962529646
-0.931272031450258,0.186135289129781
-0.800049906941986,0.184326070036819
-0.862717312420014,0.195656175319564
-0.840914085480084,0.226829089227932
-0.869617108349643,0.198665516827688
-0.83525116337564,0.128684319832469
-0.850528480492606,0.0898474944448141
-0.883986849282438,0.0654915426962276
-0.870271294245591,0.0346059785857048
-0.866927955435368,0.0581337566221492
-0.888405171324527,0.0703659789584041
-0.91976699438134,0.0768049532491686
-0.920100633863452,0.0559678898046065
-0.946327801566469,0.113831382530601
-0.91071983539295,0.075059192812075
-0.923025530872614,0.127536803194724
-0.941632780588731,0.0914594636411641
-0.927796720190263,0.0954604731291818
-0.87235223614387,0.165531601037257
-0.913780441897328,0.141469823689233
-0.908973918144215,0.192317638613878
-0.921359634467409,0.224352317053078
-0.920855649016772,0.219828878536441
-0.90015168317625,0.252038202698907
-0.899732648929257,0.260956335753925
-0.904411566418636,0.317749802836718
-0.887756359154072,0.199322258780035
-0.905175858737725,0.242624058878536
-0.889439123322233,0.36298755183725
-0.881006704914305,0.350249512605645
-0.867283840525202,0.387610791903801
-0.872547879132243,0.38526188298486
-0.837262401019341,0.423372884970587
-0.767591983327669,0.487375219709527
-0.721055380519772,0.400820237844267
-0.791151715613496,0.4641074382689
-0.806777810390085,0.493279310734347
-0.80916034727927,0.496570985219606
-0.802144416584238,0.442251111659726
-0.799044893296372,0.47595019847716
-0.763725501084503,0.451988222048866
-0.77413954579853,0.432445715535289
-0.834568466767103,0.423852917200039
-0.795606138734821,0.468036504539153
-0.805180343778176,0.418846742772931
-0.824530333270704,0.45216619410696
-0.820387566597964,0.458846368531136
-0.823603195197493,0.39000693053911
-0.84416294220857,0.384474124195844
-0.844811887419409,0.369556277738768
-0.837777055763528,0.383148655128063
-0.843634076631125,0.371248106760814
-0.854096702785979,0.308615825252327
-0.877953161014357,0.373049824900325
-0.849125070776136,0.359186007147417
-0.846609819386297,0.354902715316125
-0.822133736321666,0.322734348506943
-0.849892993012554,0.342314858725446
-0.855857506850192,0.324196866659075
-0.884187480758781,0.329145479681509
-0.831398733098366,0.293661464962271
-0.873196980356957,0.329173500510848
-0.8068841326344,0.35004125659477
-0.825067461953981,0.377770481006168
-0.832837277978837,0.372956934020456
-0.785939302707163,0.410881856044394
-0.705655077508683,0.49845258804541
-0.786069035811124,0.485932901624292
-0.708677723048129,0.479315370024474
-0.709602423068611,0.548726408758335
-0.615618694809381,0.648474767092524
-0.629771387825043,0.649242904302676
-0.672665982552454,0.566345600663712
-0.615994488544,0.738937096903245
-0.589377684225486,0.66141170002121
-0.567221825962732,0.744296862088979
-0.552963967641184,0.716311034247533
-0.579667079428631,0.698903163399427
-0.548201612517765,0.718034105264741
-0.486265292918613,0.752510072576008
-0.551831502725611,0.742405096485876
-0.517399281242093,0.792999211962834
-0.503215592664671,0.738388537403477
-0.530049465611869,0.746595405268712
-0.489480358780974,0.815574069150647
-0.504563756855264,0.739032142648981
-0.535121564090477,0.782549582783744
-0.54866946138725,0.750154385084878
-0.490553887871442,0.802468577321943
-0.530361668765285,0.796784115329807
-0.524021178704691,0.782131636004894
-0.540322980371481,0.796636495383726
-0.533825047676578,0.757925291927004
-0.462547021067314,0.799307527330469
-0.445811514639126,0.772758397083587
-0.448499488724137,0.798760257944911
-0.339634259613029,0.840891432087746
-0.384032875561882,0.870953682818569
-0.289743781567529,0.87298887231521
-0.307168818147103,0.871666345113766
-0.289621145244048,0.87353849135609
-0.270835729771395,0.832266932533999
-0.273527136144014,0.883247647754083
-0.228537844091846,0.887231791810603
-0.176894938980713,0.891366320647795
-0.21034300704929,0.886836798445814
-0.189770270439785,0.865497431262587
-0.205747663521251,0.923091139868752
-0.192154256768531,0.895853149416875
-0.204628506464022,0.922415044087769
-0.160483580238316,0.827404086598562
-0.141851694240194,0.927580164808057
-0.137605388852963,0.853419894586604
-0.0705274491147982,0.906727726594075
-0.11697230091599,0.912300269185314
-0.0650263617477653,0.902949567174993
-0.067826020446959,0.889378041323807
0.0356356208008822,0.881184893957342
-0.0383849305915342,0.864520454575756
-0.00701411306174486,0.909750666488619
-0.00402444650532406,0.7876485506777
0.0642588253857197,0.79169591601647
-0.00245531281767483,0.916236244216205
0.00891378794710303,0.882584310876981
0.0150982329160601,0.952863939674892
0.044966917202433,0.851807816418673
0.0436053123007925,0.962766576253007
0.100132829989563,0.849022616343154
0.0861649505371566,0.958733331879426
0.139775317156552,0.875465360996759
0.126899261545711,0.90973178775909
0.133012273260487,0.865870791202076
0.180166091794886,0.879607493079489
0.141167020983483,0.938088084239684
0.185625305348254,0.901080407480156
0.0838509100416328,0.939168664253281
0.106846174351479,0.950462314872431
0.139063125508324,0.948737429412065
0.0781001944101899,0.906567236939217
0.0887439113446713,0.911048318576394
0.0403690546246783,0.935366868949808
0.0282455340020989,0.907799542041458
0.0446611638202158,0.901551618759106
0.00117029112487087,0.909648605609945
-0.0751614446439439,0.839040192563799
0.0610306804124311,0.916734065273366
0.00120319671159245,0.857469421921585
0.00675814993068175,0.833044902517284
0.015795585208448,0.8520796748139
0.0659408263717868,0.899469305864419
0.139896306629789,0.823330991540673
0.0650771372951497,0.873959865474801
0.0991114601411083,0.834830930359966
0.110123351203773,0.825367672839573
0.159888148919425,0.789065336555281
0.276077434752186,0.851494568295813
0.221828395136442,0.810551154815562
0.369624906712947,0.834166549971045
0.359676622724107,0.746417782134726
0.415586490038711,0.835948506253579
0.428003529086321,0.794038372268403
0.439679947076504,0.799143986737221
0.484266816739438,0.777517778250258
0.476633356636916,0.755543528348124
0.481549445896087,0.784066106275949
0.473501737850826,0.729363740589291
0.555341368744882,0.757710200407197
0.485130283416139,0.798941383659712
0.575112854902292,0.703792686890825
0.514157509897618,0.769113562818364
0.56380873953442,0.749280772525641
0.571820949623251,0.665838116177338
0.57449244412803,0.681149639321756
0.561156811047502,0.67146150986396
0.515885164728172,0.708195627734669
0.507076216635172,0.680987902645886
0.578614918445783,0.632894702570701
0.5299053843278,0.637144017047988
0.506070546213258,0.614042792946627
0.488259785702222,0.544213110281635
0.540431560077872,0.582957512622646
0.527668013212385,0.619750470406057
0.563481177618028,0.485458979016112
0.567300517199064,0.550030204829992
0.473872516499813,0.557820862871073
0.509244662405653,0.462806181346835
0.428660851876833,0.549641263561408
0.533737012188791,0.569833411052492
0.441859013826205,0.497892734372052
0.400182677988064,0.524944176244915
0.472067334121872,0.476732055341136
0.527278166905384,0.566342640500235
0.482465621523259,0.473703368325503
0.34459938337703,0.494357993341451
0.429662659082654,0.430527979828285
0.409904194128172,0.582002331443165
0.408584269197752,0.478644501728972
0.438506945857281,0.527579848080947
0.401792263943374,0.544250632547688
0.37061678029295,0.522309074838935
0.28855811360159,0.465872294437804
0.256542712108453,0.530234638393498
0.346185566302686,0.570568536161511
0.383657786586673,0.505954634310104
0.337174431877648,0.515180967623565
0.168938638099549,0.488798896805291
0.294268861517499,0.552312691089487
0.118377132639457,0.574388982534549
0.105618919487781,0.500567698311672
0.12825599908241,0.580557568733746
0.0998435261958049,0.5864577471529
0.0776970783259924,0.411409677237853
0.0560940178392318,0.488793864647991
-0.0394247663488405,0.484124973102805
-0.000935729125207106,0.358491179752663
-0.0423708913225377,0.381614042109605
-0.0831088630897678,0.416116436657245
-0.156367378344713,0.278282573766027
-0.0914997889849471,0.398158189272102
-0.195221548235253,0.331973316924657
-0.117147836609321,0.539347701563083
-0.136915646665503,0.582428050386969
-0.161663333478688,0.67191235341234
-0.0875034010179696,0.655632630200999
-0.0411852178769577,0.659807651584566
-7.30462945934923e-05,0.649549588323208
-0.111554357768609,0.596873403622571
-0.0684362868418376,0.575047987688214
0.0393066308168606,0.587389773957601
0.0223562272007365,0.409840931123228
0.162558614536243,0.463344038137991
0.0054600842489713,0.648070817478799
0.00858389942061082,0.753233089948241
0.115384615384615,0.78090394172488
0.0207497877376148,0.670147759906263
0.213626294192717,0.584868505825788
0.179741688128983,0.696660171577445
0.0657331892255257,0.585748799669108
0.103939301298615,0.457431221252042
0.0536358125702338,0.677633841265461
0.313443114285453,0.610608554566457
0.151767698126762,0.321977804426583
0.306790445401042,0.533557517642808
0.351324089100711,0.607830771150738
0.28558796966466,0.398913374920089
0.433244093298961,0.478598229805471
0.22645355897325,0.594172453052703
0.121665323086359,0.34923564032127
0.18295338181192,0.0371787993870509
0.247189523093575,0.144248324436128
0.380093367478081,0.27545460180643
0.321924739117709,0.249004805985023
0.339895525733292,0.341637854799145
0.311629756596059,0.191567514408248
0.355187803913383,0.0992962742026012
0.248145778089241,0.193539125356308
0.294043140240872,0.228113946992834
0.341467834836447,0.0561754132623677
0.312777699021364,-0.00641770143568535
0.271594029979889,-0.070401957910576
0.249802467307627,-0.226055378406783
-0.000650091265360943,-0.0669927175050389
0.204457769273419,-0.166738449990352
0.335609907139267,-0.224197955853925
0.207651440490935,-0.155532646338021
0.292609852294843,-0.388810963044128
0.0926310328105278,-0.285134512915627
0.31451099299926,-0.388129436691582
0.138747668133169,-0.341394812756434
0.150437873719369,-0.529835176798078
0.415883891273428,-0.455604940862087
0.396958673415763,-0.548950262847504
0.304477626226958,-0.462123430975521
0.339124655129007,-0.564849530038655
0.299574781156067,-0.594884105960446
0.178280726620138,-0.761117644757859
0.240059017425099,-0.642056978751305
0.134852059095493,-0.658380211066222
0.192449109663452,-0.678430668896568
0.275266600189571,-0.749376996609552
0.0492735331234733,-0.848538245226853
0.100289505218039,-0.790718444633805
0.0802532258293561,-0.785834078813339
0.169481363160451,-0.898912459167749
0.101119955106975,-0.845562075753222
0.165168815754452,-0.833644958566619
0.0366651645890969,-0.740842709550137
-0.0222789088954022,-0.762234836617324
-0.0134314164621162,-0.853360420033816
-0.0289446889348031,-0.882180294667662
-0.175284980840549,-0.850186451446129
-0.179669506232952,-0.745139544907902
-0.0619273362637939,-0.78735359538931
-0.148202038313681,-0.814160630391462
-0.196192886395941,-0.868690891826595
-0.203670185431981,-0.839718349619555
-0.185848402728796,-0.831823050616631
-0.183205077070813,-0.736458222574902
-0.223547934523383,-0.728113354002924
-0.20426405197724,-0.784832522019003
-0.340085968999748,-0.76367805193529
-0.297325844243714,-0.78809346212647
-0.317787770549363,-0.819579552711787
-0.277838298712272,-0.795613296275777
-0.434098941060643,-0.814738718395677
-0.371391586036334,-0.752117558422983
-0.394027922358837,-0.60068410091128
-0.472377222204927,-0.620256691956529
-0.494293676656988,-0.749572889761744
-0.434099095156007,-0.726465120708108
-0.46374383334505,-0.684133535963753
-0.477691851479305,-0.667572124372877
-0.531204803336089,-0.648752110883878
-0.478777433318994,-0.715718591062475
-0.546517524186941,-0.669565468190795
-0.523466751743281,-0.613554968120008
-0.524535099905495,-0.59851636710038
-0.577252726413773,-0.495653127559559
-0.553916684461485,-0.537938337517462
-0.697751313653699,-0.350564205288318
-0.676328166674758,-0.35487027786822
-0.635045089701523,-0.238196519894045
-0.506601521996893,-0.310087001017263
-0.145878217096281,-0.848056824644135
-0.149739082822199,-0.826909075160152
-0.0901128409694055,-0.812439346696945
-0.190723273083309,-0.805377014209953
-0.0863792663096678,-0.80224098597358
-0.142279165843326,-0.810080206908848
-0.0190324950093414,-0.792444581519
-0.0300996545402545,-0.840614290097456
-0.0530663865247561,-0.82224735558372
-0.00378669037830311,-0.851257740027422
0.0432211406568011,-0.810214022964399
0.0390505291822752,-0.826199441408966
0.133744479041665,-0.76297811393156
0.111084584649845,-0.765883721753819
0.206513264284209,-0.796756231721757
0.185705292806395,-0.747969335395258
0.241906081063751,-0.764036591480739
0.355992407032125,-0.717449861703173
0.273043442748791,-0.689368100555398
0.386121919053394,-0.732616340303381
0.293448032592104,-0.716877016652391
0.384486190882124,-0.775459464217026
0.3011333056074,-0.720054399701536
0.360056322445308,-0.727273572399876
0.387824209656142,-0.707811528273147
0.365255785845692,-0.723082480178039
0.308298762220941,-0.710529514282635
0.322516464370723,-0.712856269003801
0.343535787245934,-0.721357022521176
0.278061854836824,-0.688319311441898
0.285915221389362,-0.729342286024365
0.226448832957377,-0.659991118076353
0.300874691173849,-0.694034193358961
0.326839057328418,-0.701766176807923
0.281045068313829,-0.616313875753198
0.231561626663943,-0.679158607146043
0.318002351684758,-0.636767398764654
0.414294175751517,-0.622654438712396
0.337920812756709,-0.623473097957013
0.456526812562983,-0.646726233854053
0.45553191838535,-0.604193788003629
0.481695093134832,-0.619211964914628
0.529279713645444,-0.665187367735422
0.495020696292752,-0.660295272434353
0.584880160149549,-0.677886350603765
0.481632172552336,-0.610803967277707
0.410964915462026,-0.642080187198482
0.47594590086552,-0.609408322109133
0.522052940319662,-0.546876258117125
0.405876937812582,-0.609884273191306
0.531833651768183,-0.665742577064933
0.36639356585233,-0.695741841715976
0.423334873385946,-0.72227811779274
0.363089439559659,-0.744290526140966
0.260595110299065,-0.65669803176849
0.260592273718591,-0.748508056642298
0.243160521783435,-0.800025716311619
0.192958728832687,-0.793597259500809
0.231620877471054,-0.889576774191113
0.171740309622036,-0.615449165137166
0.0687606952556646,-0.709915456071049
0.214264471908225,-0.646590805872347
0.251210157778193,-0.684554598854921
0.301945457742797,-0.73815984519919
0.228226419351428,-0.757185806529315
0.251713277491726,-0.731835947729793
0.146010682701553,-0.650053504813511
-0.008080569820144,-0.750944100386278
0.362509507745126,-0.490226545103959
0.33798497805193,-0.535810538726853
0.30229149467222,-0.652491065502886
0.260405593786,-0.630606369634023
0.274069962193999,-0.578918293530931
0.219943392330107,-0.560099445596579
0.354190753241791,-0.742694326555116
0.316049798980292,-0.625288637902575
0.364512366066656,-0.7918349655612
0.405354013461685,-0.646543815667881
0.387907603601819,-0.518097873722816
0.507044744052819,-0.531327553118042
0.531586935653972,-0.440994446716606
0.412264000647484,-0.595149151792855
0.579385258544307,-0.55326529704222
0.581036616515871,-0.449314753770171
0.703828017387585,-0.493108513609874
0.641378390587419,-0.323049903627676
0.698630625015711,-0.388913951820626
0.800535985925065,-0.3251919044743
0.800926545273918,-0.293690387712961
0.8207235944259,-0.265772720396676
0.838668668279861,-0.25976087095453
0.883286703257802,-0.203573461749073
0.884268466165775,-0.209891194770833
0.823212877313455,-0.321980139069231
0.903127152957138,-0.231760759694517
0.766573282222686,-0.242541376458519
0.855064312794878,-0.184799413793502
0.919407884721071,-0.202676030991387
0.957481622620098,-0.213091606180061
0.908720844993746,-0.158698378838974
0.9220670090079,-0.23181533016578
0.934257871275869,-0.18460115904736
0.886157595093597,-0.245466772863495
0.871871057084899,-0.272361845929956
0.863759401698056,-0.288739420523429
0.862642329882662,-0.329163608036199
0.826838258079896,-0.374396603571628
0.809635043122949,-0.408591389474618
0.736744089958247,-0.454146282868092
0.727444216451256,-0.524627282387316
0.666765679881741,-0.497739360026326
0.604025907944842,-0.489844823453618
0.631720937796226,-0.549581157578262
0.492998101102872,-0.618118225695498
0.514270468767646,-0.576790399188687
0.480407418861478,-0.643701332700391
0.506723389933131,-0.618710100080804
0.418162994379488,-0.490029170615771
0.411113518396142,-0.623223169053526
0.408347114832069,-0.622614703632684
0.44071088459328,-0.635790782258589
0.517202705235406,-0.604075099914142
0.213586895923189,-0.524816918435957
0.221719845240212,-0.557163276863822
0.109160308206136,-0.56806505215023
0.171664044449022,-0.33529595100353
0.391578476301161,-0.314581589671659
0.364054586290791,-0.463196278641682
0.253867168305124,-0.556188033835925
0.171878414032188,-0.405932664136387
0.175671979175788,-0.569571854041408
0.122774155046442,-0.450769648960352
0.196002655655199,-0.430589984621465
0.124703702476783,-0.335418107012849
0.0126533624629583,-0.495600501083194
-0.00377378872512281,-0.280102264812431
-0.0554934163099542,-0.375177291913715
-0.117425033184294,-0.264029870379636
0.0198270182249636,-0.447723137936722
-0.181801509384186,-0.343129448231333
0.0604968385261497,-0.459507751398333
-0.0234732899577738,-0.453991120770828
0.0171022061427768,-0.471553549662652
0.047907646892539,-0.253788737556237
-0.196831116915531,-0.35310660891242
-0.0834045542072401,-0.482874970574897
-0.0465196298500513,-0.463548706872892
-0.302724613831003,-0.213161186606268
-0.0308351159153459,-0.360056899669737
0.133827744631115,-0.135630025365285
-0.147903965357042,-0.351382141642968
-0.0205220612586255,-0.15271975383688
0.28308453194148,-0.25154553868819
0.293856773150437,-0.117033132242204
-0.00832948003174868,-0.211306403716024
0.0972175569891002,-0.102554817472409
0.161018627140603,-0.220415712722372
0.123341590593987,-0.216937821245628
0.212266142262912,-0.194856555898229
0.166009920205546,-0.212871515190092
0.00945591829823029,-0.23641234083859
0.0633637613883131,0.0533018996887209
-0.0244769694403139,-0.15596014843864
0.118145003849088,0.0976559245835584
0.152652744784968,-0.104135380092531
-0.0677992640376951,-0.0693081113641687
0.0678897820943238,-0.200913516968197
0.0549481179856139,-0.178771679916566
0.244794851303483,-0.277924446572292
0.28129739409561,-0.0381984546769795
0.219445722430621,0.109663714026243
0.118508163225646,-0.0574788755051778
0.0175310591237476,-0.147357290469099
0.307341906185157,-0.0184846039235521
0.202715937355432,-0.0294338724575147
0.0428840161480515,-0.0771715747782073
0.275628721914329,0.181036736751648
0.187236859418017,-0.139681698866266
0.17335001474732,0.0694849718355335
0.0723614939369166,0.0670604296257003
0.212017250074173,0.0602845231088729
-0.204601154980117,-0.117579139255477
-0.216594377500142,0.114935034275272
-0.0613938861831491,-0.0769337332394207
0.113616846393979,0.0446672464632724
0.386188432820231,0.255673313877286
0.29148034255657,-0.117965384289946
-0.00671738745903641,0.176396937037272
-0.152772466845628,-0.105378884368666
-0.191157992813857,-0.0148202268456097
0.0751520961836455,-0.113618697387763
0.0394989388779464,0.22753414149163
-0.106365090286761,-0.0501079793915905
0.190043803417812,0.071055303537881
0.148985094804826,-0.0897563297998057
0.281316710802184,-0.0516089172989586
0.392203027719521,-0.0743497089868275
0.298262245755989,-0.0250133994135977
0.20507704261482,-0.161798307566437
0.175172583217984,-0.0447571470558584
0.338917084959149,0.00268456920817156
0.25244681230253,-0.0335458627800079
0.184320835590165,-0.309663307374736
0.193679053686474,-0.11274744845724
0.209834396352553,-0.258129219189633
0.0183946249069481,-0.249609546347142
0.189865295553729,-0.150825116900375
0.44511402000721,-0.141424810431679
0.26506404755538,-0.0420616679950972
0.191680613597221,-0.398948513218613
0.258282448707197,-0.0900605428985556
0.3174789366366,-0.102962517168811
0.172541761991216,-0.10979473148306
0.136462629120808,0.142753665693469
0.166063401463074,-0.0195659328630991
0.23458278764581,-0.336309836593462
0.265749042936002,-0.0295729211002339
0.255627508993065,-0.289414342129534
0.0731738634537892,-0.182918619355794
0.135154498743074,-0.227942320474665
0.383258269751574,-0.269439490489966
0.443901081755709,0.156441321823276
0.423150102931681,-0.106858321120795
0.367267135401708,-0.0388380905072682
0.394104200258805,-0.0239342193933935
0.460375982961118,-0.0206641732851233
0.639583378191022,-0.0402847739742096
0.391746301217901,0.0485537191996388
0.47430600619958,0.0921477257078972
0.546687541439815,0.0518721576361911
0.686155355315954,0.259594099863927
0.620820105904927,0.266873561747522
0.720085308603093,0.261400165897979
0.55200323623133,0.139771719862534
0.651335952132139,-0.0404585718008432
0.675019960083696,0.152679418529841
0.72176545319337,0.192835834458879
0.825773352605091,0.193311421322792
0.834595435742583,0.194214015777277
0.733918221988782,0.119049039788932
0.684507931955801,0.012691966893164
0.728155723352234,0.0277364412406938
0.852329609508763,0.0683553020119997
0.784687155575921,0.081070902502799
0.828942064363846,0.0639276073656357
0.856227730915855,0.0956893014680751
0.837043429603389,0.0568255883877246
0.846237441922781,0.0947185924972662
0.78201751050387,0.0972117275395841
0.912370726215066,0.0635739256403305
0.883635552317214,0.0828678765534271
0.857469293632413,0.0565331035012672
0.915478786011952,0.00395070144261631
0.941236872667841,0.0681299136476254
0.935237421538431,0.0221554574585048
0.938692568789519,0.0903388588384127
0.921250962043676,0.131248386649524
0.878909562533044,0.0971245193822019
0.940456511791188,0.0703217133046673
0.909991714238694,0.0672806274954277
0.893919838339435,0.109102899796299
0.863593455463286,0.0321659411596445
0.882895819908056,0.0333377212028871
0.918890597741791,-0.00158383533421645
0.890733845869144,0.0296047054091418
0.918872091470694,0.0305138390712357
0.951450919079094,0.0804277067672998
0.901418384973194,0.0984186792488518
0.927499531039122,0.207459550112662
0.922805394855419,0.18528350107373
0.857727307406663,0.215337320940413
0.904210283894865,0.250149766216833
0.839564847180625,0.275529342289959
0.898443655667382,0.267350002183451
0.903048758215915,0.317768203245935
0.871374533068828,0.392811401017584
0.876676098603943,0.336974289680085
0.884739116001288,0.369961114552209
0.908512278461155,0.340252817714135
0.879510459141657,0.36056648419236
0.886366674871511,0.308608848795625
0.901821759142787,0.309500640858937
0.900869077697001,0.290067180728036
0.887015312590976,0.326334812923635
0.915710928920815,0.375848965439954
0.910688759019969,0.39834419194907
0.873372774034449,0.344247765326923
0.785433511284227,0.373982751498085
0.879867412433694,0.458530977270286
0.881864491098155,0.451812962532808
0.889079561089834,0.424395474289039
0.892362117584736,0.407053268608657
0.809648324301811,0.42584281390537
0.792852405770987,0.459077311041258
0.790329297869817,0.43405114380621
0.879134580285828,0.453423628716441
0.875060766793359,0.456730162103481
0.868443531302631,0.467593247731372
0.843412622301249,0.502987160053485
0.784193288247339,0.540850462327733
0.730984503173096,0.501088445203091
0.699251262623752,0.449948084015873
0.733569604010391,0.553456764871884
0.742902498713872,0.634544372223758
0.748517687803868,0.634153728153321
0.706189529838134,0.672814126426722
0.634162494119686,0.583480624292998
0.706473905474073,0.680415602803395
0.682697242685175,0.709718462241219
0.721133606351637,0.670379618852064
0.697523355523454,0.692143476311218
0.679992864500022,0.65787408084646
0.638773079485762,0.556079319712592
0.61854464625509,0.596383535239915
0.650480203949153,0.533195726910849
0.637983668514567,0.667047946759513
0.65383175864958,0.686027676808289
0.605319974074941,0.67882813798949
0.625206484237034,0.678888755966326
0.5733415366052,0.707740885047222
0.599986554799528,0.729353447945997
0.561289822982674,0.630987693833524
0.539860155189341,0.787159820364042
0.530095860981611,0.75416822849074
0.490462551826836,0.765460498078204
0.446780063487042,0.721266989665019
0.426089594260217,0.752504946590559
0.417995527536747,0.842104798056097
0.384415865339754,0.832031574088014
0.347913145091789,0.834344431044634
0.327381890913983,0.846476235553911
0.347058050088877,0.876038564944591
0.283374603158911,0.870394397360703
0.306973170957693,0.862324412411838
0.278568117934739,0.864399057576728
0.297008616657675,0.879095373077945
0.241625292991316,0.714938319561386
0.318259625872635,0.789207404948808
0.340281631480283,0.837863140461061
0.369761856045981,0.82774459948403
0.413606983315717,0.809248655292016
0.404749587074479,0.788779345662838
0.370875107778473,0.727347641818257
0.367167319672706,0.755677501581871
0.3577852019206,0.67863054551806
0.506997781134918,0.607056022534386
0.466966169694938,0.656696616471968
0.405380489213358,0.610689074666914
0.51240468285572,0.478198567627878
0.388552431771477,0.605964043410509
0.410673749443591,0.58890364676058
0.260928048970811,0.60655356576967
0.34853145910836,0.669418392401067
0.274571943980958,0.596599255718149
0.214059252482729,0.620359475425751
0.244116329924815,0.748844634105289
0.20785564096667,0.786979956870809
0.198898144575824,0.802691773373778
0.172319085037797,0.823780807482815
0.125019763473635,0.819578184156846
0.12715046375371,0.824425411189389
0.0634748760750491,0.851646287707098
0.0240406844811683,0.838988342866855
0.0195397666238181,0.835054208660381
0.00528806861540481,0.82634173646955
-0.0972496808122996,0.849037942073448
-0.0957690869350512,0.840868871806348
-0.0496208185019769,0.79596338077981
-0.0811695713413079,0.801892350647205
-0.133570674742453,0.793120938812742
-0.101439473160232,0.806994683218681
-0.169564863405364,0.85334339842724
-0.1661487033271,0.82596670692808
-0.134398896299546,0.813060328698794
-0.102886266645692,0.819629690807071
-0.130236268700589,0.842960283524494
-0.0984682947360362,0.83179205240896
-0.0685289070413107,0.836274963077353
-0.054299429624106,0.836889581092202
-0.0470522503051253,0.864112677933585
-0.0690884768449302,0.846613613921799
-0.044147622305023,0.843995165924722
-0.0406664987893281,0.835672837185326
-0.0637460564693888,0.862217769474005
-0.0712437879032488,0.841784563759696
-0.0599474454927227,0.844688998346006
-0.049152728257618,0.825205258767144
-0.0756356417390696,0.844149575025007
-0.074201905029561,0.820380519261655
-0.105024968511845,0.868648426183024
-0.137775683634215,0.846641452536485
-0.136022789223832,0.883383452720872
-0.106029958206304,0.861789920902741
-0.118576087884523,0.892609431351018
-0.142901489008445,0.874462999791824
-0.135931170794225,0.86599485268801
-0.163385813266038,0.920933313402853
-0.211173460446052,0.920066408298823
-0.237171625506598,0.912437536079529
-0.224873942402474,0.851412206616533
-0.27155651683292,0.8295893827792
-0.274710215790829,0.826049795608731
-0.286320475821304,0.831146179284168
-0.315726531313379,0.841211306282704
-0.387929297718185,0.821672566633909
-0.31739238581406,0.838373090230896
-0.404519759483999,0.752955527081979
-0.451203597812299,0.741359926616902
-0.441647300685126,0.725189705026061
-0.382477427776533,0.746647796960964
-0.481884331977414,0.697343709078149
-0.463353276566939,0.727192309116679
-0.478903287788977,0.696296052101748
-0.461326325222831,0.681688281249751
-0.430557187426768,0.726483164290029
-0.518839686367969,0.643736569338451
-0.48901146417996,0.580540316342348
-0.505518475179819,0.63547927609853
-0.527614477413738,0.609034383221239
-0.522380290174339,0.606650422519415
-0.558234643184034,0.584142459830115
-0.527751338903185,0.586141664115172
-0.547191502176167,0.583882339659677
-0.589145058482081,0.580771015426286
-0.536963678978861,0.551223146788158
-0.616349274916858,0.578404554397845
-0.589711732021271,0.560082659180225
-0.585680229992116,0.516691358080261
-0.573439836266294,0.600657423239382
-0.603708839874838,0.541848055719181
-0.59800414333249,0.539982815119804
-0.618644763878913,0.557012205440368
-0.542623465793069,0.500135632730206
-0.579434543602493,0.525950386998871
-0.58238995880723,0.414085207262526
-0.702553188524552,0.495530340614594
-0.594755956217199,0.46181958493891
-0.566847279268575,0.385154706021041
-0.642424574375437,0.435847929231271
-0.535472389241367,0.370757414678121
-0.631879782962812,0.443394652072266
-0.636418299523199,0.338130942965734
-0.586990040592535,0.396978395942127
-0.607312875608258,0.377362599875691
-0.543912307698318,0.387616319779186
-0.508981931537087,0.3809410213913
-0.602438435880331,0.393933789032456
-0.542520426602042,0.310862064073095
-0.585972669609968,0.329246372827666
-0.610465737085099,0.34083507979651
-0.561373859611955,0.236708104855006
-0.588953658672827,0.186423795095406
-0.664796655725223,0.224852459337642
-0.612528453786833,0.130725055147408
-0.634032265534672,0.106638884867801
-0.641917581269097,0.00132778893557252
-0.660336414055468,0.0414365920420129
-0.630321062538445,-0.0328359511556064
-0.681541509140073,-0.140364251449968
-0.635563354670549,-0.178574965723648
-0.569752402301801,-0.187020177168165
-0.716996459528737,-0.19441668280666
-0.606266939800929,-0.180629474382051
-0.539044597559779,-0.309348251102119
-0.411507666092472,-0.145749756669866
-0.615499103255386,-0.111092237927336
-0.581342998952341,-0.225373913195515
-0.548074609031621,-0.293962686062094
-0.524989503197155,-0.148422475642228
-0.597754187849811,-0.183018496449407
-0.407797998216444,-0.310128522884141
-0.545902406264517,-0.344858677413394
-0.478038267364254,-0.336078391590534
-0.531906689337094,-0.318379978863874
-0.467327959472413,-0.327277132762184
-0.493672923069793,-0.390099400789189
-0.424879081386859,-0.359701736459143
-0.540533971039598,-0.328137310110791
-0.473934707247266,-0.320692283591133
-0.524749063409928,-0.376428276726136
-0.441975344362236,-0.281270306041464
-0.504163959368708,-0.405398675781932
-0.499581190707466,-0.347716663403865
-0.500845716116647,-0.281744695200603
-0.491122540012758,-0.239383588530757
-0.55604498598208,-0.221061641646091
-0.576672041603805,-0.186152189957221
-0.590302240894891,-0.0864603354407139
-0.577107247963714,-0.0578239087070177
-0.568317418182202,-0.081901545920459
-0.519947381959081,-0.0630494643097817
-0.615673124911119,-0.0164213304607514
-0.52482728571372,-0.0317422738877911
-0.658955390072018,-0.00651776557018084
-0.588097862182547,-0.0216773878764685
-0.623622969948975,-0.00666493842200956
-0.525496962988475,-0.0237554705827903
-0.618693978967639,-0.0077965800929576
-0.483001340659075,0.0464323782643167
-0.492560675982365,0.0870382542203443
-0.531835539412406,0.045738059843568
-0.516115956607029,0.0682747693948385
-0.478055295696648,0.106225820393466
-0.559302736567278,0.15908334540395
-0.540724023222129,0.166585708847743
-0.560700302770829,0.107854800767276
-0.628762392085838,0.142424148107783
-0.676792371714019,0.142152545130016
-0.622372085365228,0.125049427872255
-0.569657854213403,0.168904058643317
-0.674943439723543,0.185793328789186
-0.604479230327201,0.174305959776642
-0.648883096248809,0.208736484199698
-0.621473477431942,0.190577799570749
-0.583324893399616,0.141244419170867
-0.565804039670724,0.0911325828958871
-0.663265598222437,0.0591942914835385
-0.574932341344257,0.116837845010649
-0.605201842176267,0.13959185517945
-0.619319065978512,0.0867211947684967
-0.530320018624196,0.0666549172391604
-0.513393647803764,-0.0415331672389674
-0.564256378049252,-0.128099265640806
-0.596820168293567,0.0392459625992659
-0.610327290851189,-0.0454053467392235
-0.630486895968326,-0.0937447766007772
-0.623394368609599,-0.0958596348715045
-0.596460848735128,-0.130607059764859
-0.587150308942219,-0.161766252684406
-0.63036301007713,-0.217439537711956
-0.646603678331624,-0.230481692614014
-0.60887725908269,-0.286915549990066
-0.60652373779139,-0.320720848738566
-0.559046453525243,-0.339772146702475
-0.506195410122049,-0.339298914596449
-0.557032651566417,-0.378410691368597
-0.509219235181455,-0.432746660687142
-0.497015174968598,-0.456073795873832
-0.471514336899365,-0.536157952940261
-0.425165707820562,-0.546155900607832
-0.380117675731233,-0.61731896447157
-0.279463602976637,-0.63472303292592
-0.25898664287129,-0.696548605286018
-0.135027796115021,-0.638351155007974
-0.0951112170530812,-0.710937398546076
-0.120148020005251,-0.676089984954551
-0.143176647471998,-0.694129327625323
0.0151126744045423,-0.587331778130987
0.0149316252658026,-0.715862438100435
0.00256557750994437,-0.770909351229548
0.0208323539953837,-0.728876311544231
0.119130403721226,-0.640674108667121
0.113385672253007,-0.696078863981936
0.0723065122347667,-0.682990619693507
0.285498047000116,-0.627189536201512
0.355008692302482,-0.610002475966788
0.224035302861601,-0.424313020446891
0.321220327567489,-0.671839599566661
0.199399872778273,-0.628658177619003
0.202444067526716,-0.657352592900465
0.338940618400052,-0.630118186615319
0.321814624603328,-0.448347538956069
0.456776797184416,-0.453672581031165
0.44615621262733,-0.545886783668176
0.422867803834692,-0.498039893006673
0.386951101947505,-0.354938941734084
0.452286452994819,-0.426754360730201
0.402753693775833,-0.397592837891817
0.566088127363605,-0.419369176810201
0.460040260148348,-0.358267925406676
0.451933071086228,-0.324636279921352
0.552826538288184,-0.28312079105907
0.429574297508475,-0.298787998027873
0.471786528709985,-0.214309080865351
0.446593880447031,-0.206808823949805
0.44363366380416,-0.213369844057143
0.496644926105527,-0.213921435840123
0.527359606165067,-0.181933671596554
0.505945255519185,-0.197551260399134
0.536010250592627,-0.203663294118364
0.542609183062359,-0.197999925243318
0.575920587534737,-0.229620580507518
0.535351490030354,-0.229096169285981
0.597677168393861,-0.243629074328295
0.669688596590143,-0.260448344491738
0.647971363781788,-0.285428983581089
0.594985940997622,-0.250923598313072
0.6498038423421,-0.313785669299729
0.522696812670183,-0.331125000964629
0.571645652476669,-0.313345458002261
0.63004475152238,-0.299479296356829
0.629728264306839,-0.323006749103923
0.586585709241041,-0.308890573134831
0.596374986502941,-0.320563929301992
0.673012538893923,-0.313613523677153
0.577270818161954,-0.289717700452705
0.581898074555728,-0.282219317862341
0.595690133311899,-0.236580615694404
0.613213605917287,-0.245059902074199
0.605603610396499,-0.241590931251866
0.625665528682133,-0.219599183808516
0.553632968448806,-0.194443515779339
0.632247894246552,-0.179456586586789
0.657166363318982,-0.216571978494291
0.590299704786352,-0.15446135022412
0.583042771425375,-0.218810494243468
0.648692264235861,-0.147513259543598
0.643910310853206,-0.234395119799103
0.635040543513367,-0.222828114073181
0.696209282728473,-0.201219412934412
0.749798680763839,-0.160163270194756
0.657907727907271,-0.278585150645905
0.607664571690349,-0.225089852884904
0.596032996573676,-0.308914618560892
0.574611473184413,-0.277139677969807
0.564452015879508,-0.308575091237973
0.612037980225005,-0.341871459473973
0.554081212211664,-0.342047435448757
0.53510541888558,-0.389587149852487
0.517057153894536,-0.386468317794019
0.506219865076408,-0.435448271072797
0.564910149026209,-0.404489686576355
0.526560393558681,-0.428448408018539
0.450012353996936,-0.4198526515924
0.454645958611357,-0.429810157154952
0.515872112957799,-0.399020215403961
0.447052642084334,-0.408550937985867
0.44629024800393,-0.384121883381258
0.491990352019867,-0.390325253492245
0.513184255139807,-0.371379444117015
0.512176038941399,-0.363267579623587
0.541634915236506,-0.394137475637715
0.534822337401638,-0.390148010380732
0.588457746977452,-0.393668824219116
0.587403754260463,-0.431363089539237
0.532784187303005,-0.473395760094266
0.502493198869128,-0.478660329222484
0.522383043870784,-0.470633404889493
0.433721469093448,-0.478771258568354
0.36455289291904,-0.506171711265626
0.370135935047726,-0.485377019104747
0.360318936273105,-0.522549081934775
0.351858122926856,-0.507928060578187
0.313589995558793,-0.520199805934765
0.289674883443605,-0.584597129442203
0.226694243001713,-0.610711596935442
0.1966239877487,-0.62428891159343
0.195324290489291,-0.651851546779881
0.13622915010013,-0.656970741994293
0.053718985765405,-0.666808115671321
0.0800021087510646,-0.669880582296058
0.0493676762520532,-0.676245393984432
0.122222445875157,-0.669671825578851
0.161914313894806,-0.717310827041014
0.195258676775173,-0.714797177832556
0.155081829982487,-0.730709119273832
0.134409218314452,-0.730635305567342
0.144817652172407,-0.715260146083367
0.123543209322039,-0.736012224011604
0.124596467217383,-0.736754781769858
0.0897609781504209,-0.738852898704372
0.0881194743026519,-0.785068641812058
0.0666993360540235,-0.746863587820096
0.0566817530725193,-0.710732142203737
0.017860948641071,-0.719605075096752
0.0375959384400267,-0.777119572985702
0.0367667774923196,-0.784685393626751
-0.023612268252052,-0.770899141632983
-0.00424599121118144,-0.734883143668311
-0.00641898855588223,-0.730337634856595
0.00493641425148455,-0.7525962286886
0.004730157687588,-0.720041135571979
-0.000889341664481709,-0.716725992986759
-0.0296079204761774,-0.697589413129024
-0.0148726537295417,-0.724469795449522
-0.0616607866362077,-0.697797326444531
-0.0430952618636062,-0.677966183289677
-0.0649868788314137,-0.792557196670668
-0.0324640321288241,-0.77990320686471
-0.0550146804625242,-0.77953845010122
-0.0786263293121156,-0.769583507445937
-0.0671024777078174,-0.730253613960626
-0.0342433791547148,-0.784355819476169
-0.0728936741818141,-0.767858810602863
0.0183328313149552,-0.788306717478244
-0.0144704674067591,-0.738897588405471
-0.0518665201729273,-0.684896590525486
0.0049512230563291,-0.701366236210184
-0.0350664451325123,-0.738297540221952
-0.00384079517767231,-0.720681875789768
-0.0367571502194583,-0.753556169676273
0.0117140163169791,-0.781458002396687
-0.0141337152059725,-0.766302172240956
0.035411244469308,-0.747668752470646
0.0340550772941895,-0.727043969928841
0.0331261543949826,-0.747925100220034
0.0217876516526467,-0.662368109155249
-0.0103141524999373,-0.542585982965092
0.114106008491619,-0.70845267242593
0.0340098348662741,-0.590002516627599
0.0305263399564828,-0.611039494976775
0.0929722966911319,-0.511950258326081
0.130942253148411,-0.509054817711996
0.0417157820570418,-0.502848210818422
0.0860221414188797,-0.560118874975593
0.0715820083054637,-0.449809471996736
-0.00273784809920988,-0.528107382911477
0.0411970509919274,-0.464789883778352
-0.0420294416718462,-0.465485559783775
0.0400619068102299,-0.640726395904712
-0.00175673578741526,-0.620737458171071
-0.0375900005010871,-0.599526117465056
-0.102678271799575,-0.579783657865156
-0.0224804108525656,-0.604156027389826
-0.173493743180812,-0.62459284672187
-0.269933520027369,-0.617917508630483
-0.234425817671945,-0.476004318895211
-0.339961929749406,-0.633729578309589
-0.444411482736047,-0.570420910978325
-0.416181423166145,-0.60759104248561
-0.38831571560399,-0.647073940649844
-0.408817624487408,-0.661640989442927
-0.466798170959928,-0.653378773003894
-0.419581626911172,-0.724757601399629
-0.520600363815437,-0.62769251641768
-0.52030881455377,-0.65148028125298
-0.516042510868692,-0.648607037028785
-0.505114371199122,-0.644127620748415
-0.557194682515162,-0.623255909055154
-0.539902490615552,-0.657714705603314
-0.513592274770434,-0.606195830678509
-0.522176570585858,-0.658228609610435
-0.543744210949789,-0.674286028102192
-0.577859357643942,-0.670306763347728
-0.59776770004967,-0.645262711872013
-0.595610567652105,-0.679958346552448
-0.525907154321565,-0.658663135977633
-0.611143540381807,-0.634522121803488
-0.540426660445796,-0.682770852486335
-0.569201469245707,-0.620340773940249
-0.551019594965297,-0.611925010822024
-0.499675630522755,-0.638480232935938
-0.457428620241908,-0.677655286578494
-0.431917472944361,-0.669424888995702
-0.416873384476699,-0.716113737864885
-0.414802203656322,-0.680585425215825
-0.342408783423451,-0.67201708667452
-0.368919263087341,-0.72000764609528
-0.316909302205671,-0.74771275013045
-0.302334076289517,-0.699627742299401
-0.262005396426303,-0.697942080819313
-0.283092246221057,-0.65653728423687
-0.219866690667847,-0.642154145013363
-0.249882200196004,-0.62449039829547
-0.328725632497668,-0.619164614499844
-0.357634293873105,-0.580487163045467
-0.438357557530006,-0.49616521165902
-0.434286419636925,-0.542313900322303
-0.43387267267442,-0.563443266627634
-0.454527997021285,-0.54850004626311
-0.470902163277653,-0.566714479296637
-0.530723186668517,-0.536544135588133
-0.555685995060391,-0.502270158133517
-0.582896599963091,-0.528422501782158
-0.534073624811294,-0.531065445977212
-0.563824489295138,-0.376895090765143
-0.593465750981273,-0.449581265429034
-0.690239348591979,-0.41727336630559
-0.699666719376379,-0.399808454104934
-0.767294160597954,-0.367263715213999
-0.696915996650634,-0.318290445742168
-0.775326658889039,-0.36999752760312
-0.745260686611865,-0.363802872017049
-0.763529066647136,-0.353392087128103
-0.755353925084783,-0.316101836353129
-0.777006541453331,-0.339969575525869
-0.756638006772178,-0.348514813071148
-0.72700358999075,-0.413868210006965
-0.653119483370249,-0.377312017899121
-0.72550018644277,-0.397075997265212
-0.736999541565851,-0.307238691744085
-0.770741234805435,-0.340029506350626
-0.773957269074405,-0.391077140811557
-0.759144010647646,-0.393425434414033
-0.773200049448995,-0.339891460506163
-0.803096780020894,-0.292340543680186
-0.833940210985961,-0.280359028311055
-0.83277238024309,-0.25971786972638
-0.765456112469676,-0.300118511252689
-0.865995605263025,-0.273598092003919
-0.856988387872938,-0.225231029428832
-0.866072541109852,-0.263821229870689
-0.852829304531007,-0.267002203983367
-0.904467432022593,-0.320288570292067
-0.833292040278058,-0.290303492738055
-0.880523148324329,-0.283823091961146
-0.8284070335948,-0.293603916187409
-0.882832190830233,-0.358372252024374
-0.848390735482984,-0.362183415131587
-0.862570602949335,-0.371930977061712
-0.903158882490859,-0.354975240956198
-0.836197909504849,-0.363684991446143
-0.869192362807614,-0.374800062301891
-0.881428617382158,-0.366415141896121
-0.836721528903179,-0.269883493914361
-0.844252037110464,-0.316680951837004
-0.869035524655022,-0.402528362269099
-0.863400134419806,-0.317932581701966
-0.818277761446951,-0.27739722345472
-0.877756926378327,-0.302178073395121
-0.808717264975982,-0.224812917561923
-0.893749464343673,-0.183287861710013
-0.792179731219109,-0.210741308503447
-0.904415166344012,-0.116590061040703
-0.822396525038146,-0.0197444568673576
-0.925348304548839,-0.0613466527945113
-0.870392362789918,-0.0457715087071268
-0.882957164182498,0.000324689384101111
-0.880486009907639,-0.00389780897399933
-0.85669112783442,0.0311099180497047
-0.85457214853786,0.0175828298362685
-0.778398905598924,0.0264822517037411
-0.922327398603733,0.0709699511144743
-0.915161059696932,0.109620383638887
-0.942407086963913,0.0925326849386184
-0.80899506338125,0.177253637889613
-0.774028319143615,0.16459432131592
-0.788984173617215,0.200631521857663
-0.747508952482528,0.158585366106959
-0.817618415951767,0.149456656848553
-0.819807268733296,0.164339438850578
-0.81177411783449,0.173519136072681
-0.837212759949967,0.195449540162303
-0.776998335173114,0.158685518723646
-0.818449561640343,0.22167760965746
-0.789658152709206,0.231988295188691
-0.693934375450463,0.307822574202657
-0.816391667652745,0.248077694175428
-0.746425625263812,0.28329828995772
-0.788833064043254,0.31092710941576
-0.803905055334595,0.307657116991498
-0.799404347413489,0.34851021813842
-0.664560276854364,0.293459229605754
-0.747735853146751,0.293526217576874
-0.814914421290429,0.398658887255984
-0.80079890341321,0.31744248850689
-0.771351671076292,0.309428327575021
-0.740966310890159,0.315480198352551
-0.727403309286228,0.410314252978922
-0.761752529442596,0.386508613201641
-0.771707870695712,0.385897258816817
-0.763003190425848,0.453537799601971
-0.788740298148646,0.438351502000214
-0.783079997681692,0.443073231042932
-0.767791940679402,0.421913839090684
-0.7921093735213,0.3618873419166
-0.729963094138833,0.436076628970852
-0.72816109115003,0.379096450358023
-0.69048850765866,0.289259906696917
-0.694121719093554,0.21835398497468
-0.496971359575083,0.171281168306613
-0.58532620231087,0.208960701997016
-0.554168155302905,0.18793061700074
-0.624452570740488,0.133502288395478
-0.552677893779476,0.227707365134453
-0.487306881148013,0.217373412563245
-0.522196634698699,0.0741965659062788
-0.588512460168521,0.0913186415006855
-0.601316377806715,-0.0104749590946756
-0.298620247651475,0.0320832594179015
-0.437016437062125,-0.0789727615297571
-0.42921470498766,-0.00928481294286866
-0.250201777535762,-0.109752857244049
-0.187233295130296,-0.0981875631306979
-0.268456367685415,-0.137487762102486
-0.32356501166431,-0.0633442025501248
-0.341277718589335,-0.0482986627064152
-0.303600323943803,0.11906220895076
-0.269086506312289,0.147281506158752
-0.391856517042828,-0.160843763469588
-0.171299741945921,-0.0186007433402251
-0.171870054328717,-0.148026907972759
-0.286149944042231,-0.143079105844814
-0.0664954403124597,-0.202328338204059
0.00699758563640681,-0.021080069894347
-0.0439167806430959,0.0822502131002109
-0.0276348056846274,0.0394843150588294
0.0886170650432008,-0.10890667412393
-0.0997366238153137,0.0170290726760088
-0.0629842628940804,0.0916764345386353
0.162419487462442,0.166863448652826
0.0558405252994035,-0.1568728965938
-0.0157338727077871,0.0578044147780828
0.137570439711005,0.0299839628587281
0.168637532209173,0.0641128910948657
-0.07356177647463,0.326902044691652
-0.0255081490291673,0.359921802208146
-0.0661141216679547,0.289262108772165
0.191862200770612,0.22173215189711
-0.0569582190904713,0.0512139423686701
0.223803185583663,0.297183304991501
0.0225773039696473,0.546046025749211
0.113092464561022,0.389786686685127
0.0715528684675682,0.502035375501549
0.034490404940472,0.329649930609248
-0.0207103285339632,0.296962216534123
0.0296542519720479,0.547280117559936
-0.0488926517392837,0.349543391125287
0.0156659476097826,0.50639184076911
0.0265413516029847,0.580614905114574
0.00342753730680291,0.654583082906292
0.0739679290421385,0.503623659220852
-0.0474550603173941,0.519513305025297
-0.1834756504625,0.599165992399156
-0.150322569334617,0.430409604077899
0.0723409722371645,0.359683316449162
0.0067674010412165,0.391914967558606
-0.0587773317109156,0.268571283599329
-0.14150775648273,0.1936501195243
-0.228666847079117,0.281376104540501
-0.157907417668535,0.0686699038956026
-0.163710761071342,0.230396280111754
-0.284866746862952,0.00853985128043244
-0.216053508582685,0.168847494262204
-0.0193514938071238,0.140128023672287
-0.149334087769111,0.105786062468258
-0.374634438159142,0.149924589218454
-0.348033465051251,-0.0675642073866016
-0.508659181915953,0.162000066316485
-0.403836784709733,0.127866518761403
-0.298684976533587,0.0449337169827095
-0.436143518697724,-0.0384607108797995
-0.480827082452417,0.0122565409361929
-0.403135839352195,0.0013692966643133
-0.133715808065685,0.0647099970839381
-0.0710175120964589,0.0583689088001339
0.00369218516961414,0.0785257074490371
-0.143515561205431,0.0653261501362275
-0.17871157778685,0.230702652224898
-0.152485214326813,0.201837198946933
-0.184339825500515,0.233738195070588
-0.184910120136888,0.19441239195559
-0.153074362055001,0.300066869031427
-0.0962549511548045,0.0572420105574791
-0.101112856852949,-0.0314862073903509
-0.0932787079455051,0.154492486614894
0.00159850550119043,0.237517515446458
0.0912578369324462,0.214754989090707
0.00391953867371132,0.12804226156687
-0.0904437124651365,0.0826773236969093
-0.0548712695713627,0.290657340524018
0.0284711272407831,0.302362507733605
-0.140696907913526,0.17836032612681
0.0779414661065411,0.232481045994883
-0.00585499115985266,0.368679534653255
-0.220029228311818,0.588464901320541
-0.163625341317526,0.543065103972257
-0.120391985171903,0.557306555249601
-0.161172271250473,0.361181490199844
-0.17624035471003,0.398509888719654
0.014046928624278,0.364823159961737
-0.206823890417808,0.558512002355498
-0.288118251381783,0.597424905956738
-0.176202960750564,0.567655284427951
-0.349419248984257,0.626782209275642
-0.122887713366819,0.40591524721219
-0.305130700966996,0.651629787689373
-0.331773887213015,0.647013414667916
-0.25186905894098,0.627882778127824
-0.205803081828682,0.765322319205782
-0.185970949821024,0.633770468506333
-0.21015576468922,0.728104375294484
-0.202760648090187,0.731528089314993
-0.169258489845778,0.758579723588377
-0.212377537729143,0.780533011276165
-0.185439230164646,0.760444747553213
-0.18827283616842,0.731353772468001
-0.216258375187419,0.693352493165809
-0.269097793149391,0.714185382715801
-0.357565010146816,0.684469460511301
-0.244312875816385,0.656226792043189
-0.248144356970793,0.702668509564397
-0.288510374413125,0.629586857889599
-0.362185279212408,0.642025792865705
-0.393337288182486,0.538560745771872
-0.440759921246586,0.598586308074775
-0.447425253944088,0.580361090618161
-0.44555244912588,0.593184237873982
-0.428995925717381,0.614104500697568
-0.445771178924264,0.636827017916093
-0.416699925014673,0.637921497181177
-0.383568028246739,0.589374457743924
-0.406126054932336,0.65281697186826
-0.371184462451892,0.617230227296947
-0.356212097863195,0.641916626089981
-0.424846224744888,0.676335442816457
-0.438658197508208,0.676357270772587
-0.434115468523898,0.682731782001343
-0.410043450064087,0.645657212314861
-0.439407807077302,0.694772961685339
-0.385294580935449,0.703645402209474
-0.421968397340928,0.73046217370978
-0.402332726433468,0.735513871330932
-0.348856207045317,0.728748026885308
-0.334978366686507,0.714237360974822
-0.413094042602082,0.730886840832255
-0.335960791177654,0.790140717807592
-0.360725528348498,0.786780782936299
-0.324993046425658,0.827587744867413
-0.296483921463592,0.847415292742316
-0.260930303720935,0.824600073838976
-0.279922958251962,0.825209342124929
-0.263200103415733,0.794699804733009
-0.275582628673939,0.810113014009272
-0.210484780017182,0.822533262950661
-0.235785690563427,0.864917537683539
-0.230888131708375,0.789411547812231
-0.221173059472697,0.822631414509159
-0.232900722867188,0.826549408764639
-0.236656623188881,0.821372926525144
-0.168740882796804,0.841507609562576
-0.182439442698784,0.823230585518657
-0.147321812493545,0.784781575356435
-0.131041640416089,0.826794327459531
-0.11875866229171,0.785855487525473
-0.0674062827726014,0.777676976541476
-0.0486653285492453,0.816014064575123
0.0313617919641636,0.776851003227774
0.0362059897039317,0.68838063319694
0.0526515171094658,0.794939980394248
0.137797747120629,0.72579109025635
0.034893709519287,0.724367894284647
0.137366120082888,0.747392403969234
0.0772898883259234,0.840265302211401
0.103877102274429,0.84389470313595
0.146022954842547,0.825013244812754
0.150114734358557,0.834839190833821
0.164336042958116,0.774236932727331
0.22060404623227,0.739849783416072
0.199394194693154,0.738144949136092
0.281292534772227,0.683425048574172
0.193486878600234,0.683551946353144
0.262207224804556,0.6813554643092
0.230349712377602,0.679821470203448
0.27007805866516,0.609352194526018
0.277735215338717,0.652175356218161
0.252274449572472,0.617190057036774
0.228939819189764,0.659038107933411
0.321358363764245,0.650010480226127
0.32657149093717,0.604040480195834
0.323979823206467,0.47167465645339
0.314675523971737,0.586427678052234
0.277107076415949,0.568486811774296
0.299187281450288,0.590579204765212
0.289710875974984,0.540760229695866
0.37650846360564,0.524639593245019
0.363090400221035,0.535114914563757
0.343482021736315,0.515309881325473
0.368544769849989,0.526321398626818
0.398749932306038,0.480859342638996
0.370907985587552,0.467375789739956
0.433400482835657,0.424536878819927
0.416465564948921,0.409577910436647
0.43163864682288,0.399315217893185
0.505282347828733,0.39696363024279
0.502996988598064,0.340587609585087
0.492615742960895,0.331854905565587
0.519702226214234,0.292306315021809
0.469499312653566,0.296780601496803
0.523421683874397,0.262201910778276
0.451844519696169,0.276561109930136
0.54237276739124,0.186546001914475
0.526985603182166,0.118393085860682
0.560758878889963,0.123752275792261
0.605596757940981,0.022266683269945
0.62550771330638,0.0379405400335136
0.680075836498457,-0.047050009910147
0.723790961651546,-0.0870537595942587
0.624191266201368,-0.149989311344236
0.700868739311653,-0.167193758693738
0.727968160721188,-0.138774082521082
0.612828143773873,-0.122199668469822
0.695716941995416,-0.144780008438998
0.628409883217135,-0.187585608137844
0.741730082187293,-0.188777718559007
0.67097614267817,-0.245842480376448
0.754636123283333,-0.204461268838812
0.622158749497985,-0.240790227215595
0.539062582477469,-0.448613484659723
0.555793440748694,-0.265099095438287
0.476467722247454,-0.42023892597673
0.42036919726137,-0.308881320238645
0.467652861489949,-0.322592709162388
0.352954933897558,-0.434164789064527
0.517802405138354,-0.344152721389988
0.269993260373104,-0.424127431010534
0.266825443317415,-0.441861760794384
-0.0320765516690075,-0.372452138402004
-0.0167122555102772,-0.41634501140785
0.0214815547976194,-0.218518445202381
-0.0224957494179474,-0.321991351582201
0.128416612378948,-0.106336730179461
0.00302337015939901,-0.286560412312582
-0.051870528823802,-0.382978087183188
0.00437611020463722,-0.21592890830907
-0.216652507208043,-0.325908499851646
-0.0850997471768774,-0.312910321977682
-0.320348320675202,-0.327179064893031
-0.373421139140394,-0.320630166904715
-0.134202001956443,-0.240296130316185
-0.420515511637887,-0.245057624172045
-0.493303352932918,-0.240534585409957
-0.352313583509937,0.0714569220886178
-0.352176303460344,-0.149455402698225
-0.300318102992085,-0.0410080759151226
-0.644447948571384,-0.347642851833705
-0.368198390369219,-0.210723156526457
-0.266475566938194,0.031708674436148
-0.212427246791443,-0.0650182298797988
-0.455133607108786,-0.228578938424364
-0.422638592191861,-0.237340370910514
-0.55337766230474,-0.032154389899616
-0.577373135580607,-0.0741607454452527
-0.357437647861681,-0.239407969088448
-0.410846121313717,0.0623404934582125
-0.425803993805958,0.0204536388569727
-0.623603865942587,-0.0235308423640823
-0.62241670527434,0.0913224200999322
-0.515421518918822,0.113649777500991
-0.443674380997413,0.223253919867669
-0.428388344685212,0.167753433686945
-0.492530328750036,0.300121897957253
-0.459434058228558,0.332575090419671
-0.430441887064506,0.167845802581918
-0.410369513725948,0.115881442302689
-0.488287460844685,0.288648921338316
-0.425089095919064,0.255119370028814
-0.468926745355635,0.13379020738635
-0.459506931986679,0.100032838405004
-0.430874825080214,0.089992370406185
-0.4454218058091,0.156472167987118
-0.410762853089206,0.255349420940481
-0.352356622535433,0.09674540336521
-0.569903359963898,0.236923571344848
-0.569472026747641,0.241890777034981
-0.525223882556464,0.284013618997954
-0.525997714401492,0.151326709050383
-0.472606959213062,0.0588657510753982
-0.407208211488981,0.047987552761871
-0.501154685036757,0.108058823044051
-0.437567654815794,0.11531100801057
-0.572361925385302,-0.00282926883918176
-0.484843298316684,0.108065249563085
-0.492997215405046,-0.0163396770062272
-0.510066287116302,-0.0966575153232044
-0.453476283075339,0.0430404760962915
-0.524324782252008,-0.00772505495322605
-0.413397843919164,-0.0618757072024851
-0.448784457314162,-0.234935693749396
-0.526826815492469,-0.12739357714282
-0.519910259536756,-0.0752366669272654
-0.597754455550232,-0.0790467390470371
-0.592025862182674,-0.0689545471173848
-0.609625253756887,-0.180980644426763
-0.611079391171873,-0.00225040617854692
-0.764160560810678,-0.168245565096043
-0.600826336796854,-0.234441168408258
-0.614441860275757,-0.245068029987497
-0.594282137507749,-0.18670076787569
-0.639526631643662,-0.318196559589727
-0.679008731773648,-0.197408107365825
-0.684785926700692,-0.33811881955224
-0.666065119587569,-0.348608752334673
-0.697703352644126,-0.38357896373542
-0.709721272359153,-0.272940264835225
-0.591873224442976,-0.249687765828127
-0.678099034843413,-0.332608219522465
-0.658682681186775,-0.35018269233135
-0.752324722167444,-0.244673568339839
-0.626800898709091,-0.416594078083072
-0.713322767217048,-0.469092523034927
-0.689382206125131,-0.444763468816702
-0.698005059715024,-0.265050881731808
-0.700717955321255,-0.459220464595983
-0.726012572896394,-0.313067233562148
-0.704308361851701,-0.356678092354747
-0.619501854109411,-0.291059527891366
-0.548487665912355,-0.251684879060133
-0.597274591637395,-0.235228216975303
-0.76598494150587,-0.223846699608735
-0.500321877676908,-0.290487539920484
-0.555504750801393,-0.265160621665194
-0.230879154934139,-0.288816517125508
-0.489074784543009,-0.330364481641738
-0.64906063714151,-0.301162942702438
-0.667848063477639,-0.260490630033661
-0.545781950886778,-0.398271168751127
-0.588037838542196,-0.254804163526696
-0.559401970045561,-0.226816995911934
-0.496759693580174,-0.362771007022259
-0.420313459744353,-0.196745337839861
-0.460685090810679,-0.360369128606598
-0.367377217368336,-0.366724565739429
-0.624889845265067,-0.235039381707198
-0.563962091877696,-0.163883274663426
-0.441665596334737,-0.360549545502642
-0.455417777297212,-0.215061168141316
-0.33448858463125,-0.367847955952407
-0.507888979689778,-0.422568230535941
-0.464484839874741,-0.35142611243169
-0.389536520978253,-0.563275281562608
-0.542084893753159,-0.418691443898104
-0.450550207002739,-0.430133790118772
-0.345412639902872,-0.410064898821629
-0.591945826121773,-0.477526287748996
-0.340725308600384,-0.499430624828861
-0.0865578739232805,-0.370357418665165
-0.0424594472044633,-0.409094242525865
-0.364537526019495,-0.461536709308174
-0.305560230655621,-0.540685130213003
-0.395450050027073,-0.550682683532101
-0.265169274180316,-0.458612290673958
-0.332359074263846,-0.595748959988607
-0.325410384129584,-0.669181945482147
-0.297974978862304,-0.717833650298419
-0.387411127920454,-0.763671342033378
-0.383670627475266,-0.668509927828306
-0.360975109149241,-0.648022741733482
-0.235661806836956,-0.634139713158787
-0.407304705633638,-0.66191039777841
-0.393271548453585,-0.685336941671888
-0.244852191817816,-0.735050447566988
-0.486653125620862,-0.636506847485889
-0.381248736595063,-0.666908246955639
-0.268402433807538,-0.67032841387261
-0.302506255842071,-0.632956719771544
-0.259653814404874,-0.543348570711744
-0.0912497069094786,-0.580847362804821
-0.0790902708031047,-0.610000693969618
-0.163707298461292,-0.601073740248005
-0.251379601232715,-0.610739582715594
-0.318338036264681,-0.581628299288587
-0.0550390399105362,-0.652724014484573
-0.252369413006874,-0.616627241152148
-0.289275098861282,-0.391918986184692
-0.311074192354813,-0.265592341656881
-0.154941616452414,-0.467822174204212
-0.241298167091659,-0.585427236543774
-0.167811376194797,-0.653022365939319
-0.192232917442728,-0.447756063793735
-0.261603269839182,-0.428500428087365
-0.208651899254223,-0.465020792480103
-0.138748583507456,-0.522037790682303
-0.0653780503207505,-0.467402164829089
0.0202032311250049,-0.543012056116637
-0.125403305551524,-0.524882076962096
-0.0586840784639858,-0.508773731018146
-0.122045740003346,-0.677349921313796
-0.0353379216230109,-0.887165335890091
0.0199323804301626,-0.827113850749723
0.122286321864652,-0.860659024685131
0.125202605863907,-0.910958343082845
0.00946002632234287,-0.848918303999892
0.018975304714998,-0.896991019112618
0.0109164929782861,-0.888486924395019
-0.00963831679884485,-0.856552384829593
0.0459739279545316,-0.921636987936156
0.036256676166387,-0.916593853147621
0.025120414362959,-0.900924965260247
-0.0610482527233534,-0.914662084069715
-0.0247351435943841,-0.910517286852849
-0.0020437950581937,-0.885898024745558
-0.0330258919536897,-0.699734234305831
-0.146771980476566,-0.875092007403468
-0.10304279182489,-0.907335252548991
-0.13889827678363,-0.897806852888423
-0.0992330657474118,-0.913218852582393
-0.0309471780484365,-0.923971117455627
-0.0877654256302182,-0.918405171691447
-0.0950202546721268,-0.921885507472967
-0.0614548564994363,-0.872584876859462
-0.0202115107564418,-0.803877420429405
-0.0359549547570008,-0.921048128829076
-0.000107517704628304,-0.930104120982797
0.00140806746084494,-0.9090876495623
0.0254201694259765,-0.910282929529683
0.0303025895984657,-0.934757040135826
-0.0881393019611685,-0.842224196056883
-0.0047837262265734,-0.87551028512628
0.0183632090646941,-0.926018584758011
0.0235055181804405,-0.912907652637496
0.121700730082353,-0.892568475766046
0.161634495772141,-0.83384274946471
0.234347923943452,-0.805985803841965
0.213846573844936,-0.848395638113375
0.282977793052985,-0.834334781606483
0.103968952495853,-0.844755573233222
0.225495838608183,-0.846633428004909
0.242392455756321,-0.861674418878786
0.319617222930815,-0.807404320356041
0.209499844729672,-0.835041911401819
0.322466557720214,-0.859327513506877
0.340689478323519,-0.855244562050826
0.297015206301025,-0.854866071111413
0.31052670360156,-0.852292389342177
0.374204314517821,-0.795665881953374
0.392210908171074,-0.807874661991922
0.393153698666466,-0.835265464612108
0.416221961499197,-0.830925710851103
0.434081957884615,-0.818322482699256
0.411602134738693,-0.764368286024402
0.44427930095133,-0.808293689509538
0.480489509777282,-0.799777807178258
0.485653890519332,-0.797416898956715
0.511451236262878,-0.789533126501479
0.492772230689607,-0.795598352592939
0.497447230272288,-0.791974932600577
0.498351418990327,-0.793257342167601
0.514113095051942,-0.771099929711902
0.528594041071401,-0.77174373843166
0.495084538567648,-0.786831249862918
0.520101159697197,-0.766277483046149
0.52742841244885,-0.785548238040041
0.500135685203673,-0.793615295139634
0.49969104170897,-0.784916143204686
0.496821796642482,-0.792550487085805
0.495328415592929,-0.794682155238614
0.505789925159466,-0.691700024231063
0.509755163474651,-0.698528236582438
0.47966314118369,-0.708946953954313
0.543092584093064,-0.738784599928627
0.508871180859773,-0.682366136121784
0.533997026719714,-0.65781994899429
0.575596516371552,-0.653714556546934
0.625998720271958,-0.64716616847681
0.546415583483772,-0.658312673827837
0.593550317156474,-0.637029432942944
0.58847292421117,-0.6413190957726
0.595409298003629,-0.623129752570613
0.555899510876552,-0.638729193202074
0.58866376873829,-0.621961852464387
0.645599438299234,-0.561884575189437
0.633205458646401,-0.54511007602452
0.649703795924812,-0.557296032347102
0.711149719166479,-0.52263049415488
0.716733970804881,-0.550268243786137
0.713555629940057,-0.553863831912439
0.696388515777564,-0.605659008667295
0.717533659327449,-0.567967524184894
0.693217597328145,-0.564203666302406
0.710308129904454,-0.590983329072357
0.740730217436055,-0.541539895157538
0.755082653881263,-0.503158598101857
0.728827429529154,-0.512879108376441
0.758495732899283,-0.481114967541411
0.73541701584732,-0.365172086508827
0.761295636392005,-0.35559186367122
0.782712458277815,-0.35897902331436
0.707823461715616,-0.246139742527424
0.721075593041423,-0.234048568553779
0.737786024229796,-0.302917628333127
0.738054607292945,-0.251811686381735
0.722088802866102,-0.261516276746874
0.824674987728208,-0.197648433557546
0.854465364037637,-0.15942696251916
0.872461754419453,-0.251722570730203
0.815282410548181,-0.210364897860459
0.799224944950775,-0.262001556560659
0.826255308340178,-0.199079933569913
0.875925822168014,-0.261318683667442
0.892177583461715,-0.209926936285675
0.879185017017186,-0.259715117127016
0.828789497006265,-0.19039923243783
0.819630718442144,-0.236679561615592
0.791314611890171,-0.200710172709171
0.833813734683591,-0.231053905013561
0.834650083069803,-0.243124963003266
0.799549871141096,-0.245263915377566
0.860559002570419,-0.254019908191025
0.878595864834515,-0.211704236627658
0.842993305680697,-0.211629683583478
0.817541934553262,-0.147935816104107
0.865956350698851,-0.117296519064112
0.867454122696838,-0.116732421157391
0.880246295567027,-0.0551545825359187
0.883990208489094,-0.0271633347223153
0.83698454784735,0.0762199803361707
0.872706098437463,0.0294570368341634
0.85476738011027,0.0269769096054243
0.791312085593311,0.079662694911505
0.87684362992599,0.0309566280257349
0.822236557856784,0.0313409263268537
0.863297978833627,0.0893227110944498
0.894526224626775,0.0983632936453169
0.817944570698075,0.0787161384207003
0.870749222172736,0.0643867973325879
0.870436307171453,0.0710008652720537
0.882583393845456,0.0878319383641939
0.861248377903599,-0.00673494274475455
0.89513424024484,0.0661288648127785
0.927509892158865,-0.00212212255701687
0.897477012430166,-0.0349147621869926
0.857962306659573,-0.110028552951616
0.884419966196983,-0.111714348257028
0.910136754326779,-0.100986184135078
0.855067015513162,-0.129191633110382
0.808617195061174,-0.160460350487802
0.747724857010337,-0.167439029263023
0.705906899838313,-0.188744154676406
0.737938485680897,-0.22401174218596
0.726002913885604,-0.0420361152803126
0.739883691640457,-0.131395925693379
0.661398561347428,-0.168430828950172
0.512595557529225,-0.0817616642209865
0.697853814912717,-0.0252731836578906
0.661632259648638,-0.305135031619817
0.508682765682244,-0.0457641075018547
0.535357172594259,-0.152511946978745
0.654360748561023,-0.0735953004045238
0.639219221711112,-0.0906863619993061
0.60761599021769,-0.0270653614033694
0.579897453428297,0.138651053588775
0.572071711384058,0.157165765535178
0.534516516681647,0.165579683510539
0.558805669042755,0.066213436314256
0.465019892117726,0.287428353956403
0.454705785063132,0.238691333896866
0.342171160002398,0.246667124899345
0.22443756718789,0.133070981415534
0.397078170858877,0.283687102525281
0.391715435280804,0.297864272369974
0.290091224241053,0.159670082111986
0.185684246437489,0.261846536190112
0.297256404863486,0.467381662150549
0.325508300470718,0.331510536945479
0.199018126623167,0.158503502825847
0.23860463448636,0.335867988047351
0.288512498853776,0.310158120062493
0.222666728241827,0.135969683710655
0.321458357358483,0.14350332591653
0.258893152419261,0.199073133637054
0.351628246500018,0.110607390673954
0.439658199851714,0.0658062691663543
0.369290668987213,0.125430117600498
0.324478266222926,0.155058437401556
0.408262786327393,0.067249244987079
0.341288959258588,-0.0226549548442472
0.214650750607167,-0.176764652143529
0.283264720519493,-0.0382705982289127
0.361971600643283,0.0653631965761447
0.401820535402837,0.0797994196881157
0.496464048418368,0.0476890482068346
0.508232695952699,-0.091965522229587
0.414016315444358,-0.155581323761802
0.538164425774683,-0.0627366738765222
0.543735006960062,-0.196105184603803
0.434633221949179,-0.12077412352529
0.464113883088653,-0.178819034748076
0.292532836888233,-0.154496530519027
0.374744365991717,-0.341232812295798
0.459188802565699,-0.367108240658372
0.447308224184141,-0.242509907361387
0.313684255107091,-0.341987024806787
0.541652844978131,-0.058361649385383
0.258516755785531,-0.0942897104128302
0.316124394245705,-0.183957675570473
0.405532496039724,-0.290287859917218
0.343665661807591,-0.192315055783769
0.351937196371989,-0.243196656006162
0.309299751925833,-0.207918784961752
0.303423074032601,-0.169769552484591
0.298553446152852,-0.353022889604579
0.24670228646444,-0.245793357906177
0.0236422119362965,-0.370193881560582
-0.0566666282954652,-0.401838140239241
0.0997579983685378,-0.230958612706853
0.08890665521516,-0.343530295794967
0.138323315930019,-0.37382650446971
0.0522948411770843,-0.351940076148289
0.00382030530348511,-0.366943686708811
0.137530589385391,-0.249751081920313
-0.0306440099299398,-0.229754862973925
-0.166793417271407,-0.226924839598818
-0.220475203407246,-0.229338799028991
-0.107853306619749,-0.116546690451337
0.0577233761736667,0.0908394662754011
0.004860588398692,-0.189830356496311
-0.13912022895965,-0.118379703380376
-0.343093538507644,-0.0106770485069013
-0.307143214579549,-0.13690227671448
-0.398686652890213,-0.0166581075646256
-0.226617488859547,0.0380921392639191
-0.322589113530717,0.0946080349269633
-0.338063840752993,0.135675158748273
-0.334332134688625,0.0966742756271497
-0.233485052598937,-0.0196529241218475
-0.198328511946055,0.0334530752144285
-0.20718527912915,0.0832709963840078
-0.173728284491263,0.0756635614930719
-0.139225024654196,-0.0256932576701386
-0.0132869725336704,0.028951232286907
0.000110353784997907,0.0166600152166921
-0.159651998985883,-0.0251300254278191
0.0930830529282715,-0.0553880838939651
-0.0839978833361439,0.0172062393001654
-0.0131745416556412,0.12692460434825
0.0403451697198736,0.234933150997476
-0.0290955928919872,-0.0277848438763401
0.20706886254484,0.111775423532627
0.162083241779121,0.120535115052224
0.220752568706101,0.0380399301071238
-0.0959112654288048,0.0151417104971716
0.292374080197376,0.0443265572620327
0.266690544770988,0.0247302076309446
0.290031636791992,-0.0989434764575745
0.170111246503401,-0.0662531539468363
0.191195229487951,-0.0187287544659357
0.116192650531761,-0.0273693181047863
0.231347504819563,0.094722921861894
0.109663172087624,0.0213025280553124
-0.121845168282608,-0.217052739260493
0.181701402988042,0.00735942678774238
0.0598233616494607,-0.238346310545183
0.170876253793087,-0.230579018593384
0.156823273373097,-0.166877989628392
0.224791140619145,-0.111375795403238
0.315473607134244,-0.113724419562017
0.263479323694145,-0.0587133133260552
0.415859010317102,0.11154671008586
0.500085926545706,-0.180575311353167
0.46008979224555,0.0855693436109561
0.497056044263284,-0.0579044511537075
0.6395706888521,-0.0601438118519243
0.455179405853104,0.0339964381077442
0.700073053686187,0.123854786300119
0.674952266427146,0.242968475039478
0.580457534436013,0.137374454927758
0.616994602426704,0.156671303494786
0.716905736944847,0.192066163355172
0.710640540996595,0.359241333086668
0.817501625175904,0.367680325766232
0.745337886800688,0.454145343037717
0.752868735050376,0.395956252623893
0.711841229904016,0.408501220250411
0.645224245639855,0.452752400078035
0.769355507475358,0.454103709501624
0.814706831666479,0.457763820973475
0.794402248280554,0.474863104232257
0.774922275772991,0.497079164075412
0.784617466278895,0.496775501522058
0.814506895148263,0.473402641127277
0.78504221368165,0.495501036485146
0.777932529858763,0.513137244239049
0.785963496435112,0.516978314538393
0.794866773323155,0.487234760608325
0.787429426338476,0.512130040345534
0.79524757015675,0.49056693374399
0.798785473533322,0.485911795773286
0.801480597929637,0.504491421925548
0.825908474995573,0.446314939850235
0.829543995044698,0.421872101827597
0.780697392770828,0.380916128641283
0.852097522707742,0.387985741061991
0.863365058376197,0.362059652572093
0.846096123346964,0.412165646009037
0.83306184669226,0.419012879657337
0.834279111668446,0.43518967567928
0.846395068212056,0.398852303695916
0.8336150820897,0.424540998515391
0.809185647369684,0.456736348559645
0.743179223564864,0.432388613022189
0.753622613482408,0.445600923513956
0.769902510579314,0.503426265803772
0.759729515609223,0.51353313578303
0.721662900789822,0.564828751653869
0.688871318367872,0.542403739481234
0.661014405663759,0.582564194916443
0.644790353162083,0.610928944294991
0.64557377981309,0.629869112840035
0.619808785977287,0.634537738359695
0.609047040512188,0.636228758742621
0.600485188067807,0.707134502014991
0.592182570639771,0.699865928053762
0.591727926734794,0.709025672585113
0.509573953901185,0.769766231854278
0.551754912119169,0.74521937708711
0.518230493526105,0.763681073513432
0.516149057916126,0.767437978745536
0.488495428714749,0.778537419964718
0.463257287558922,0.788245571256828
0.432339939842857,0.797880520905212
0.417517034543983,0.8262371148511
0.299037876433107,0.766510474687719
0.385923833027605,0.800687738697691
0.396460199916734,0.791491858606114
0.294583111456205,0.844422159374642
0.353767423682625,0.85053228732593
0.323397126110019,0.791481361100153
0.321462575208148,0.790163493215459
0.363487419342843,0.864769332205492
0.302414199057129,0.861169259503678
0.297659211095717,0.857024901616526
0.332772062065252,0.903989510650629
0.335355390220205,0.870670468338998
0.284217731868845,0.841796073227773
0.255873410414834,0.903629766836356
0.251948227136492,0.909354272845202
0.230762017089667,0.895385335138523
0.176765924699411,0.932217841031842
0.163433104417826,0.89394642075787
0.142396092367931,0.935098492607081
0.155471354672639,0.908898960644925
0.158720850011719,0.930785259824144
0.146118035496086,0.909349304401788
0.115309133626397,0.84144382659429
0.134155244046201,0.844496692098504
0.172186530917664,0.894720783174547
0.187770380451895,0.881183430734842
0.185092012478375,0.887704338399933
0.201173992263508,0.88866453027443
0.18895518554728,0.893121116642558
0.145244535992721,0.883161384404577
0.133673804260397,0.877413756161696
0.047483442415736,0.884036869783923
0.0169523074117571,0.861319854281456
-0.0813976160093133,0.841500338496268
-0.134849735643057,0.858755449710402
-0.221324522875947,0.756217814141556
-0.159336831303018,0.803940658111104
-0.257447785853767,0.766484656170657
-0.318508460739828,0.760140615462844
-0.354299959986084,0.768070725160753
-0.341724378678979,0.794358271057153
-0.37452972641467,0.739626953248352
-0.43030234684776,0.745866384387424
-0.40425150116719,0.741929512931029
-0.41695247181126,0.687150449998062
-0.43907871044496,0.705612620134157
-0.505398948922577,0.660313217133908
-0.466460091310258,0.615945559886384
-0.523962067895771,0.5921949200572
-0.555717593475272,0.596488625122794
-0.616365189623187,0.607755137984322
-0.60312105104435,0.574441949561962
-0.621452176943426,0.491354782124672
-0.610320974432375,0.46058642990698
-0.580751766437385,0.494069370012517
-0.592221735259394,0.444713162913473
-0.629595108931745,0.333809114449428
-0.7010310502215,0.37191825310085
-0.689479006934738,0.2550216306365
-0.684325903908502,0.260392232498792
-0.737096529617873,0.213512591972352
-0.718796338157211,0.189748239082891
-0.759622570043699,0.174565710845769
-0.751474827031854,0.173602207740144
-0.657041682136307,0.230631538139774
-0.733914027147312,0.174273873360273
-0.70529147844399,0.172491410892578
-0.730523485351104,0.252385803694237
-0.715424997621544,0.210005888116606
-0.688669026483376,0.223480721654607
-0.69203775310879,0.173560485989346
-0.659556404995456,0.263510074946603
-0.643995633085161,0.262464882628133
-0.616883037426396,0.270279195618384
-0.564124685149617,0.401080583153578
-0.521008443451955,0.349185723422995
-0.48583312131255,0.413328988246355
-0.420175587258379,0.509546271576968
-0.32161582069503,0.441002216624405
-0.386736383641803,0.608940978435165
-0.414393516292185,0.613066236240487
-0.372444824952187,0.721100816068237
-0.384839397300731,0.742469678767251
-0.326414620213374,0.687121812486122
-0.277014005009815,0.712231534218034
-0.302558062946056,0.738439804152349
-0.223469628302575,0.80960166106002
-0.155295969913305,0.828640365717423
-0.115449446311673,0.795610755614377
-0.153509699360957,0.895631651968826
-0.12163036309902,0.884680341237967
-0.113989073092679,0.890848765192038
-0.0806248237183343,0.870647926949879
0.0242863533979704,0.909421406994042
0.0363742403290706,0.904465731722302
0.108018534467399,0.906044504007811
0.134048697668538,0.909246898512779
0.161375255598088,0.877092851747024
0.201506722571029,0.873074151489408
0.196001849944029,0.863656901915651
0.236307124584668,0.889906930732285
0.239317817781457,0.867277577347325
0.280972202489676,0.886167507904587
0.287612230383831,0.884342716710316
0.260351912958232,0.899572216826417
0.292585805406101,0.862173810335732
0.361987891929654,0.856085096963818
0.294857012368355,0.797718440669021
0.339991967496056,0.85024650241711
0.257728002525086,0.837103093446169
0.256875817710152,0.832974092331919
0.203837611634063,0.817351559784739
0.161931538211353,0.802617286244541
0.152495954715833,0.814333864771074
0.154081337237833,0.775259671627288
0.171498097528919,0.739934350117687
0.0180066751336349,0.782109933079856
-0.0179893073693515,0.793166367483555
-0.0420722930090068,0.780812486643246
-0.0756512259286667,0.782074006100038
-0.141743260546931,0.777889073222319
-0.247167408097823,0.70541437469942
-0.31130129367829,0.696970649770805
-0.40521449781261,0.610631405404028
-0.385126515479757,0.569528740075628
-0.482883812570251,0.487200059551141
-0.473419625152748,0.525625475992639
-0.412600670213112,0.416938684214598
-0.514760586553462,0.379633243824496
-0.512000341578767,0.32257447816689
-0.648784231452736,0.357133656059837
-0.582185990762838,0.346946619704518
-0.677896370642461,0.252031824051548
-0.694792550150267,0.188447581848444
-0.693633992898653,0.18324589689133
-0.686736328306442,0.228916069055946
-0.684342504566615,0.152587019588292
-0.736443266123768,0.095425686075138
-0.668160267287111,-0.0626329282231464
-0.750408271881495,-0.0153086445673233
-0.633412409871702,0.00745460812102497
-0.757379252718869,-0.0445471174827138
-0.720477627356638,-0.00123748735663021
-0.708759922843752,-0.0269584571414151
-0.69304295978687,-0.0998088774459978
-0.685407713305304,0.0409984925885567
-0.639534967660834,-0.0987162268261221
-0.626175360052762,0.0903651979917703
-0.517584005774016,0.00890686201745369
-0.631988514136447,-0.203020604643325
-0.532347164951485,0.106558279996014
-0.384894300854452,-0.0491866531417349
-0.576142485352084,0.00588528349816762
-0.506414385600182,-0.0254954439877241
-0.506578151542477,-0.0804478601259203
-0.700819421641072,-0.13978169214507
-0.433862731956588,-0.0867086746910266
-0.536139916058044,-0.100648539101957
-0.42545807110746,-0.127542643609021
-0.52474315099264,-0.0863968971833589
-0.434944876190423,-0.0588440377081636
-0.344507931461307,-0.0228524366754699
-0.46620906423319,-0.0592219525383734
-0.410343834393821,-0.0294149134973737
-0.416229117891989,0.00937614053750484
-0.500047056377791,-0.00178276215080737
-0.338050097601019,-0.0154008736468072
-0.479446951362589,-0.058929150744822
-0.479661115696011,-0.129755690126094
-0.378699904344659,-0.0347292012265416
-0.463609868728494,-0.0785701809600077
-0.424165716087261,-0.0406367173977168
-0.459899363152389,-0.245099207265245
-0.274238917140412,-0.223290395815808
-0.184318840441731,-0.325207367860431
-0.328662561806435,-0.22302745299013
-0.250720559011923,-0.27228025477072
-0.131216874057729,-0.0816700412051051
-0.239848768365377,-0.171046676749998
-0.111410080350134,-0.212573022626086
-0.0898105208630575,-0.376725811571431
0.130548305546442,-0.376855029245438
-0.0177247278644465,-0.267118790400443
0.0675328595720373,-0.353964151706651
0.0274502936455776,-0.30049391058798
-0.0108478969930908,-0.441117582428129
0.222588011006835,-0.339354976143633
-0.0954174260452402,-0.407832256426968
-0.161795428532942,-0.0593213755221576
-0.0768675305132297,-0.227938388335033
0.193052617192679,-0.265735562253108
-0.140090075399481,-0.451246755660579
-0.389585003093729,-0.274411892787619
0.143622127353777,0.150077396671707
-0.101113151680457,-0.248482830416248
-0.137549536919091,-0.300072486748787
-0.00545088116369403,-0.307594481857284
-0.187698200572054,-0.0409692015473422
-0.0703646236804942,-0.213671792212501
0.0325436909792725,-0.18967853124295
-0.17807195535504,-0.360853225795168
0.0162055229522413,-0.233522506523265
-0.0509409005864896,-0.124299464029011
-0.136289724183299,-0.209225864811592
0.192386729447751,-0.100592231765546
0.178151696676923,-0.0288066352761246
0.124551735571245,-0.00485132701789333
0.266534326073554,-0.129804785904047
0.232431137786894,-0.211957567249856
0.20966435652904,-0.168110956470948
0.123369267724126,-0.0308423169310316
0.134137655316892,-0.241280512459749
0.188900765323712,-0.0586903475227908
0.248316209145314,-0.187854893144067
0.1887763466076,-0.0369539572283661
0.247189138817025,-0.0632261770809832
0.26051479710473,0.102990133051421
0.137724569111715,0.0846965006884689
0.341236383563338,-0.00782395990818919
0.400640356398812,0.099006593508669
0.176854802968588,-0.115466524001871
0.370810075702574,-0.0863039278250696
0.322710697400838,0.0128573824394093
0.327238580926019,0.169572312298236
0.152341375797636,0.107020157630965
0.311890997084658,0.25776242626642
0.262775093523451,0.185193831929396
0.267589787728833,0.135277586042697
0.269286771152598,0.0898157391315409
0.307946597053875,0.386654307968903
0.318276159205897,0.177948219131829
0.275124037423805,0.138610223379827
0.35947974550436,0.207693241122993
0.231208914337751,0.215867671286896
0.419365179282047,0.163230276099457
0.401053537025753,0.248203678620617
0.495075020127449,0.181633371863834
0.258573984030579,0.188070544082953
0.403025996660369,0.34743418030603
0.404017404306041,0.308207263513829
0.444451270477974,0.391674928374228
0.453760908397406,0.304644820140932
0.48077996085366,0.411450525446144
0.28581219248069,0.315674853616125
0.520403120986589,0.534947139888638
0.453902462698425,0.611047750833306
0.453632908288422,0.57176446923163
0.539712245584019,0.618123889277766
0.506410163350419,0.671376250774373
0.521188688862953,0.699921283052973
0.537177332068614,0.686003271483017
0.628497779024979,0.676196446470622
0.587403652570631,0.688600104423036
0.6385768617866,0.610374130397472
0.6486198731496,0.615176304274175
0.645049462624309,0.587357524997718
0.650996701520519,0.603869580984477
0.584697162103295,0.596236351931766
0.540956314051383,0.607787735664847
0.48883128686869,0.624709326218135
0.360316550354186,0.665429461170162
0.354635689186226,0.631098235188691
0.214164339553552,0.651869530639038
0.183693146696643,0.769811471616996
-0.00321709310872897,0.75653292575791
-0.101737770482585,0.811736422053008
-0.211179398512873,0.842447802858312
-0.284112562559244,0.819416641333851
-0.371911777428729,0.801149039870772
-0.427969949534722,0.80547190668892
-0.450337957612125,0.737629508257458
-0.528117209706657,0.775554005195236
-0.587266332456649,0.728925719494499
-0.632462835501128,0.736492259879258
-0.668703210441267,0.700547841754174
-0.762342761843123,0.615053327034036
-0.754032439509179,0.60879456801786
-0.805986379404165,0.562252010912433
-0.829690498638938,0.524260912797976
-0.838422945486447,0.503620591365213
-0.871893111151405,0.463812395630103
-0.900335397749201,0.402441832623713
-0.908721490915047,0.391989849670675
-0.918234301098968,0.354934828603202
-0.919850891776684,0.354436274333727
-0.937288092186069,0.320920461117113
-0.905569595727821,0.381382043896059
-0.930234601284087,0.331608648766257
-0.905308519466317,0.389449077919846
-0.919138190434303,0.365817358467175
-0.908852550184143,0.387112113191648
-0.895414349002866,0.420217362338509
-0.890217994112093,0.419902791375962
-0.887342099460404,0.436972724203036
-0.873371894693975,0.465478522448739
-0.850742305114918,0.485327265310508
-0.838503811204842,0.512939221893368
-0.854370417567316,0.48378082815473
-0.84183887207594,0.516123146224018
-0.824649513584415,0.52817585425232
-0.866572489669703,0.474865669670069
-0.859531552235945,0.475630133928151
-0.857157067052473,0.463945086543198
-0.872427702688211,0.446001822182335
-0.859378862024918,0.44584441637584
-0.7528530921815,0.34434096242168
-0.895923395247066,0.345264340788798
-0.902504447732302,0.24695422658556
-0.924327811259795,0.240796349658701
-0.92433649971227,0.245813809215972
-0.928293838528635,0.210876954859226
-0.887275894161891,0.184659359026633
-0.881532447974036,0.195728831274821
-0.916750390901068,0.236721341526103
-0.924135353131094,0.266305592187085
-0.953317464616629,0.198307537369175
-0.947461407639647,0.210098026885493
-0.968534773461989,0.143567437968776
-0.964482307677516,0.11168868099684
-0.9636942990805,0.0732636931128739
-0.966288649487691,0.00991309220869008
-0.958284055104332,0.0125021558686297
-0.965012878957445,-0.0751547704560582
-0.9496992968549,-0.0215538556856101
-0.962675798945825,-0.0871424252918277
-0.963724806291991,-0.113668720223527
-0.929950481260349,-0.122595135780973
-0.923388377709986,-0.182426881509734
-0.94958325749223,-0.147866158416219
-0.967760084425134,-0.158702858770849
-0.902063048681556,-0.191742088189525
-0.929775428965339,-0.210969697788756
-0.958843103724989,-0.177810690598091
-0.955853695502178,-0.197718578822078
-0.951015440210062,-0.231230030796413
-0.958133268028206,-0.177176888797287
-0.965643891324468,-0.199081154845838
-0.966384014214443,-0.222713572237947
-0.928683717252571,-0.203823574000706
-0.967699555412932,-0.217476237373902
-0.961756335490944,-0.243721994866189
-0.958004075542199,-0.25294897806394
-0.886920686289024,-0.248945084020972
-0.883875374665857,-0.261166494067366
-0.939446569637335,-0.30990074283068
-0.952280691245018,-0.250449929982492
-0.883027334288045,-0.342679555476463
-0.934795065247528,-0.332862157048724
-0.865419212549109,-0.307020650853595
-0.880954596635753,-0.346347356333218
-0.915611393302463,-0.368043340240716
-0.921304740714264,-0.356806027142412
-0.878049437673546,-0.404679660160111
-0.901234612659431,-0.399858105166261
-0.897345032480965,-0.375991384194869
-0.880889975969996,-0.428426085309375
-0.879305905637209,-0.409580257755388
-0.850538100660701,-0.403425709229558
-0.878470698660824,-0.410229434390592
-0.76886164352063,-0.41660428707123
-0.878805127887322,-0.412896010982882
-0.746574596797417,-0.392268938735153
-0.864684815303573,-0.408591037780643
-0.795278457022583,-0.447404163909026
-0.842252470946012,-0.364988673178578
-0.807028040006341,-0.388266055748445
-0.81250410200961,-0.401170578713171
-0.76483790056961,-0.406562299752097
-0.823171725438635,-0.51601753242492
-0.840432799138722,-0.491360823920669
-0.830924414658134,-0.505666041844872
-0.736056161283084,-0.494272202440151
-0.761292975880146,-0.491573151695179
-0.778087032694436,-0.476009849496778
-0.708128118615442,-0.467884450499708
-0.690951992988984,-0.44112551604976
-0.712650177189222,-0.448232586090788
-0.684112792497407,-0.500025880429944
-0.626543080933609,-0.503182322078219
-0.636963554451881,-0.536980476444984
-0.629753470444663,-0.512013087777944
-0.63348099203105,-0.516214398627703
-0.601015122253928,-0.601666647460781
-0.606525537626288,-0.539354442449806
-0.581240048732218,-0.584419304492387
-0.573682793576465,-0.61452062260759
-0.585260787605751,-0.568434677271262
-0.55868498692206,-0.59672237311419
-0.53013268784672,-0.621887704894796
-0.572785974592042,-0.635839703378986
-0.507337209721222,-0.644140852132345
-0.508513400999893,-0.642014938784113
-0.510783855223245,-0.630432569406518
-0.533636534886413,-0.634105959081011
-0.531578439836807,-0.654769247479982
-0.541376728272887,-0.623499164922183
-0.578137365727846,-0.631072127533272
-0.561618254146911,-0.618309455603566
-0.585189662127816,-0.628132806459289
-0.569854362609191,-0.638646360721235
-0.630039526637383,-0.633589413372913
-0.639167258891988,-0.608233229039046
-0.610547163366775,-0.63671574106769
-0.618906002537242,-0.627508601839999
-0.58940606629178,-0.617215634982184
-0.568804795909695,-0.674965366948878
-0.573110338792853,-0.64762776952303
-0.541090708085199,-0.670019553359908
-0.529249867945125,-0.684605407512544
-0.453108742646277,-0.713339161584296
-0.464275966205898,-0.692372964543891
-0.393158535068291,-0.678085406110817
-0.388619870739284,-0.682680888834588
-0.285246203028986,-0.776886032402789
-0.342718985737624,-0.747874455479683
-0.285480902835005,-0.713293976244364
-0.290765088255032,-0.797327781384668
-0.277037280485793,-0.738126993356364
-0.184526685840176,-0.767529242837696
-0.205958950573408,-0.771571389803465
-0.236194073427637,-0.747838808515599
-0.231368423773487,-0.692147125652058
-0.215589340639449,-0.768950431873521
-0.19728162532433,-0.705557100156633
-0.212741646318694,-0.70018176796183
-0.233314638844694,-0.669791085406849
-0.198679262395343,-0.717715581692751
-0.190378536305049,-0.746545250527734
-0.195535863099871,-0.711632639203459
-0.0832658388309676,-0.671866888000408
-0.142628600464522,-0.780571679213905
-0.102741357562384,-0.680258092778965
-0.0333728160011193,-0.648336965065034
-0.0524928875680132,-0.578084350885372
-0.0282843230292518,-0.511319811896614
0.0711462638965812,-0.632840976059009
0.0592544349009212,-0.588466732363272
0.0658754768301175,-0.593603265356374
0.116575626228363,-0.629486892860515
0.148067344446119,-0.62782601092156
0.227731938530794,-0.590000172251692
0.164811261829099,-0.648783568536053
0.249480363014849,-0.610202744581237
0.231120261917121,-0.652806499241239
0.247923074273485,-0.561415809201465
0.31336560026632,-0.587097809140601
0.339147521606059,-0.546245594894892
0.364451758227989,-0.431492982729489
0.357099368548728,-0.555174383168372
0.309139826814797,-0.534460310967118
0.350661817521003,-0.531649693951956
0.278260552895577,-0.537785234797693
0.298213898848043,-0.47079657085616
0.176546737018454,-0.470906599784928
0.182911816744509,-0.547944180009851
0.141912035671597,-0.537491929509447
0.199157395784965,-0.455077763249979
0.121012146720298,-0.48190912317215
0.187980790741709,-0.515351215324384
0.253675268678205,-0.550354390476236
0.217198443877306,-0.568870195361344
0.138582846246009,-0.592427354197308
-0.0496903994999953,-0.612766990032326
0.0185380716417172,-0.554471897148444
0.0525885039960639,-0.589322781468021
0.0381374387070472,-0.606605310835641
-0.147302730933748,-0.650094141691343
-0.00114666690606786,-0.67912284437221
-0.108207011913099,-0.655053844959713
-0.176308143460836,-0.639413004022328
-0.201454503371943,-0.650725211762929
-0.10233830945507,-0.695745931374006
-0.193727396023607,-0.713115702643735
-0.305037945940184,-0.612377947700013
-0.226189138962993,-0.686028737767338
-0.223082564060181,-0.727931444018713
-0.268463704373121,-0.655197383922013
-0.282211740278675,-0.718942808735968
-0.376827521394557,-0.539578208024781
-0.432177860103911,-0.660808317271373
-0.362981681598004,-0.684842634970022
-0.446240363313253,-0.704234841471815
-0.438136699945923,-0.68026952510773
-0.458162347694032,-0.768377736207936
-0.464325485915935,-0.645843771052685
-0.481366020206233,-0.713740853372846
-0.472627588945461,-0.664826533906788
-0.452794478480501,-0.684703706897712
-0.536497346493902,-0.694407603998981
-0.492376647640152,-0.700867072586353
-0.511889893373494,-0.671803033775839
-0.478358886744789,-0.711751290204642
-0.476114450088515,-0.623437051727764
-0.509397405130552,-0.693901258425444
-0.486010304422465,-0.63358423886728
-0.523646481125713,-0.647051278403727
-0.350751750487925,-0.63375882007792
-0.393259359876829,-0.597820736508451
-0.47266582579725,-0.614682864992029
-0.491372986785728,-0.624569692453941
-0.56681130857353,-0.627249840382847
-0.518929041549622,-0.583669674817603
-0.482964854535008,-0.675629848516032
-0.471084047590784,-0.684940219370223
-0.523387324216602,-0.666788070193906
-0.526924896130017,-0.670041735980412
-0.457420383473701,-0.704034401862026
-0.464580336165393,-0.708985735324225
-0.506611661667492,-0.684661031844648
-0.452113886078686,-0.720284942015117
-0.498572860658796,-0.753061363485063
-0.518159705500725,-0.768716949610765
-0.506992884949419,-0.714125309035702
-0.481221497277749,-0.723341503068848
-0.467151548775053,-0.700685380267396
-0.508874029575727,-0.631325843307535
-0.431816094144445,-0.546754488279924
-0.528842426813812,-0.620053691805536
-0.529874400113875,-0.518844925608262
-0.502855787195279,-0.53263683296527
-0.408036174652945,-0.395781400751035
-0.51798156588106,-0.479717924884725
-0.562957270331685,-0.384066999050242
-0.574735566364769,-0.396772031655052
-0.547560336977045,-0.414657447621175
-0.640874423979509,-0.413969997864269
-0.649100378242367,-0.349411918336313
-0.665746924043834,-0.296230772248861
-0.623220010220047,-0.329665227030272
-0.59780441816097,-0.293558360274102
-0.654324212838967,-0.186255971882388
-0.701479277805857,-0.218904033650973
-0.771570405106402,-0.224967139428523
-0.61181524292803,-0.113385239716199
-0.507494713674049,-0.286790679261885
-0.598782990660669,-0.148635534738579
-0.61792049210124,-0.0865039385120341
-0.723413569409048,-0.128863456210829
-0.712768425518652,-0.151410148752616
-0.678646355512323,-0.198944482132782
-0.594411675139092,-0.137865747049986
-0.678425475366193,-0.105738704048951
-0.601268697156963,-0.0113743794885746
-0.733782916772885,-0.121922410617033
-0.760972696819696,0.000240893555044223
-0.624620726765524,0.0543477217206318
-0.591918572562428,0.105592345190534
-0.353606138836383,-0.183294855493156
-0.602159216664435,-0.000119604217758169
-0.504647295483701,0.103415004321689
-0.327102165544664,0.216352112184711
-0.122321889454622,0.179769583769717
-0.278554297344038,0.275830262800413
-0.449415060557284,0.149325412481312
-0.30430010984285,0.0576514033371673
-0.325875679476943,0.440751272077853
-0.443423254701341,0.300555105049411
-0.39335038427254,0.415402121781383
-0.289018659468625,0.276143837830094
-0.409434294414748,0.401602600201315
-0.401543285850871,0.370668408540414
-0.512096178341941,0.259488278981213
-0.428536918054928,0.330175031275547
-0.29279242052776,0.396247430112767
-0.259324544352314,0.513533345107642
-0.249759302990846,0.488054758346141
-0.252676593875983,0.240329778744538
-0.279303825603975,0.462901823728214
-0.1081386179789,0.526773508008179
-0.143812740477527,0.445046085941345
0.0144132233767641,0.271221658772889
-0.0365481187197962,0.542495250289855
-0.222124758349469,0.56479408436177
-0.099039918309876,0.621086110626456
0.0677574793481259,0.341062700257516
-0.0776197536716437,0.298818865461115
-0.268048711272294,0.417577430822429
0.0442092056064003,0.567233767814615
0.090869362995425,0.591688022604382
0.231441496282,0.485680715912893
0.0340725437681727,0.627356007896104
0.0791793043001998,0.691011037709002
-0.0553641002650875,0.535666112326544
0.0315730952593213,0.616498807353828
0.106453193492958,0.514243279417313
-0.0261802313034759,0.718683346932139
-0.0344010458076891,0.695859879494104
0.112468517770443,0.732045976025786
0.0386935075399597,0.745015957632359
0.0499509870361889,0.703453647233579
-0.00834964661166266,0.9107007060094
-0.157709010087494,0.701177128794629
0.00328123510940783,0.858766429011747
0.0681965216887832,0.934055180951043
0.0678043810250173,0.775655981627428
0.0472001188800266,0.861274428485901
0.0373814427938439,0.772016203316805
-0.0419348092263263,0.747782407074662
0.147024480123584,0.82756651212048
0.0343198480835604,0.836442330005276
0.21033332508609,0.902991431692858
0.086889780224025,0.862542655708062
0.0347403455279121,0.763603567929884
-0.0134428185187494,0.763023458422705
0.0661127278753819,0.637377597496172
0.0789465664578072,0.660628559301715
0.0823235075801202,0.659665381641166
0.2366736362593,0.683835025903611
0.0431010488504741,0.777417461148936
0.0438079932784386,0.727979770578792
0.0776605795660881,0.794267947007203
0.0628957706813398,0.736161562909014
0.110686100986591,0.884131879904369
0.309906449939901,0.785102521574464
0.15187613930806,0.892365702557449
0.164319849361904,0.852530994320374
0.238207049710053,0.798587148350898
0.351650980199315,0.856292742515873
0.437101407510771,0.798921557329764
0.386608873526453,0.887786881198753
0.417365911490095,0.85182117163495
0.402681760377066,0.880443254957965
0.437467415809915,0.872228803129475
0.448776438871122,0.829705630207993
0.498044941771394,0.796748851679352
0.424618563581083,0.878343605265623
0.353228195461319,0.843204913557872
0.321131641845241,0.888705893153571
0.360382682986807,0.871420691080245
0.244237765578014,0.872264939252282
0.191441324167581,0.874626092701847
0.189911381458396,0.710360069809322
0.239023894125566,0.806091986180587
0.232489478394194,0.915475432194066
0.275144064033165,0.750493059511508
0.245543682378106,0.718371630747708
0.345463720672646,0.711442213633524
0.340642132696388,0.652048000759137
0.180928202276562,0.699079695321625
0.382438123386894,0.695181006240522
0.327741748536069,0.826567605556788
0.29082827559297,0.709994247487984
0.106367413208907,0.602849060161295
0.32670870900147,0.794094033002835
0.28753244110068,0.848038130500001
0.383271720167987,0.729793623340545
0.383068996490666,0.798480637749274
0.429988874365998,0.799289380146397
0.473464019655249,0.774323207632201
0.4947901429918,0.765144728158828
0.579311336073441,0.765344824247482
0.553127693930054,0.778385794037342
0.563359267351003,0.76146140496506
0.594176921437755,0.73067459406264
0.647545347704652,0.669898354040303
0.652059265969516,0.726040696504969
0.681202537857122,0.683200512251474
0.706294037303823,0.686209351042188
0.721684286417141,0.672300754212131
0.717528005694065,0.669384722506726
0.706790448037086,0.684274903350615
0.725368305890827,0.661113610101282
0.699516876973193,0.679156934162988
0.68504149409842,0.704392540135325
0.681267427456362,0.694132517836089
0.675023078060523,0.692053542812321
0.662523825488339,0.697245721731312
0.61883402333579,0.757382271505851
0.571586815654243,0.769314718917061
0.575061874729066,0.787050863552499
0.552864970526758,0.78190454635271
0.418018272702085,0.822223477108168
0.421682827176181,0.849276026615763
0.352085906906026,0.861953663887495
0.311188680850282,0.883839628410932
0.334661191958976,0.858257918164169
0.204861124793603,0.889108279187006
0.2659476788019,0.831016366485417
0.218271477202107,0.797014110423369
0.185309691447643,0.838780388677372
0.312150354353032,0.722453203053392
0.213397099371532,0.851778963765911
0.220601395082225,0.764513181781284
0.290639028849541,0.860628064408629
0.141845276200702,0.826915321885352
0.233054658965909,0.820159395333882
0.0695356944824982,0.808074956602078
0.186525845517045,0.665931933018342
0.0831567301859912,0.782143895108838
0.187698067571984,0.73242206783133
0.159540977622934,0.626670278892733
0.221509728580512,0.76117578441398
0.207591646451328,0.555512304154841
0.230267308908008,0.687240652871828
0.23412203037376,0.642784350448594
0.369387192532325,0.633544719391306
0.38202714715633,0.659257081780672
0.436741857830936,0.486217062660955
0.575649940006493,0.45870357185174
0.642934392045416,0.502312005149258
0.683033937757279,0.457990950179808
0.743219972290683,0.380094395813736
0.779516781250283,0.4198491410317
0.800847872408182,0.406639383252944
0.843538139143446,0.446502455588621
0.840193757849994,0.418017174779359
0.893085440498315,0.402772713096441
0.901289354318419,0.374171517112232
0.923139973011399,0.348206392333047
0.935519212459032,0.294729561141837
0.899720207033755,0.370755891697299
0.903443490852323,0.336650577496134
0.863591811796166,0.227869223738841
0.947739849751035,0.243160021000546
0.94861561213187,0.240211269864826
0.942078702304683,0.204832736453738
0.939529782621839,0.212064397458091
0.89254946288957,0.193615516512261
0.969025578929544,0.168622131568048
0.967643984777929,0.180585136368071
0.968606451048021,0.180827166146267
0.965363023148699,0.175024757184783
0.965094126995925,0.156283189266807
0.966856473905347,0.164445714986539
0.975518591034233,0.110288225104733
0.950384600033048,0.140409400224357
0.900014247928234,0.18775654595857
0.876827393829285,0.0867067253226252
0.894557746745315,0.0936065956960935
0.934721529585057,0.207491204013005
0.943332818076118,0.154324377137171
0.923241140951804,0.141859407693352
0.905325118971012,0.147938128255067
0.923494140362287,0.21104389335712
0.908902350621804,0.213683658201012
0.911639808048252,0.248505372836548
0.892898196117742,0.296108390864549
0.913711277184275,0.220757127041994
0.897675013084684,0.286105334385606
0.898586400475142,0.331643925711857
0.881838231820893,0.349080750644466
0.883851731772885,0.341998320930368
0.882713631065243,0.337031352638537
0.887805482445786,0.326030260495088
0.879579987856924,0.335340641216581
0.864854547550147,0.282865182320344
0.912245033025053,0.315357191649639
0.894829987956959,0.273476261387177
0.880029899468306,0.284348766256435
0.870826609592304,0.318810228506376
0.875608230581475,0.285104426744445
0.844404796994012,0.323994093746778
0.855379064343013,0.381283115105313
0.767170967309664,0.398495302986863
0.772234898199254,0.396481002158566
0.786635323840327,0.451677070328576
0.780532785043,0.462673629522833
0.752058831827154,0.491400863372815
0.751043983712899,0.488219666957981
0.733672505324446,0.545811930210891
0.734949201265322,0.520183912301457
0.707009772168642,0.562874957230869
0.731379762177989,0.557994120800322
0.690536932047429,0.522310926082352
0.647001989076979,0.513499689386294
0.730350628049628,0.494114389664461
0.649063093831469,0.542780651262336
0.601722225694163,0.371466162050728
0.664372068793098,0.507975081111284
0.687017243508507,0.476256066079789
0.645785300438106,0.430140165123437
0.655992611092102,0.518795162147918
0.57263518055906,0.37613567400853
0.584422577515698,0.36886639129915
0.515490473919833,0.365367865178714
0.639196949009785,0.162448653417099
0.638561249471342,0.231585741190715
0.37741556980603,0.294129039947812
0.699843670686574,0.180606224180084
0.622857773942326,0.0859558605666419
0.765855868500021,0.133364323353393
0.539875879026244,0.0641018876947896
0.587417727305318,0.109134957237541
0.570326932824318,-0.00695372382360984
0.602618004000054,-0.07472257029024
0.643071725657273,-0.0964196225754769
0.601172778995015,-0.145074661224513
0.70428716227162,-0.0500478379458007
0.703626942618462,-0.116814090879526
0.688760078993979,-0.117172117937884
0.628082261346323,-0.115629189747734
0.678284174043815,-0.153104252709384
0.853554685557213,-0.158542666626949
0.829483024318137,-0.106409882217317
0.892444379549982,-0.117415039109547
0.872541851942192,-0.120927117414515
0.839288670170228,0.00626717693211645
0.858278091607581,-0.0702450475933331
0.895986835640285,-0.0814658635226351
0.812604311837644,-0.126267958735226
0.793636118082061,-0.122698564520736
0.745890888597349,-0.274889559323963
0.754267603212148,-0.240883750874047
0.786859014400678,-0.176625344462997
0.905139665218853,-0.202947169081932
0.872712968988018,-0.193750214119908
0.857873585352524,-0.179017196169261
0.765488626235151,-0.223544662610735
0.880332463080541,-0.29276324111905
0.770815809054249,-0.365192673810861
0.769780811383514,-0.313476403059777
0.803150241481074,-0.431108376347698
0.77632714308473,-0.433726314091234
0.726204777881881,-0.451861028141742
0.746779178284941,-0.543576876667059
0.682640340238704,-0.605560295269331
0.713332171056516,-0.64107298406506
0.697218909856175,-0.557192221243226
0.650035643470313,-0.695014788848797
0.662322019763962,-0.661438856007209
0.652134197275624,-0.697167937261772
0.652673680001129,-0.706048818578926
0.614748181874599,-0.751519614939056
0.633440376594952,-0.740409152211014
0.610140165789706,-0.761803168683826
0.597827968185742,-0.7455746251378
0.568794859472321,-0.757171110247461
0.577974425585942,-0.769946265951766
0.590725959120711,-0.776998554416792
0.55906335371157,-0.777481950196519
0.560742923558365,-0.785945361013816
0.562009452354668,-0.794645112672467
0.530547587625835,-0.797020387435085
0.554991976090235,-0.793860183307382
0.546175784190898,-0.777834361790706
0.506812873839697,-0.7962644381984
0.500435550920719,-0.768133287842297
0.555715322142728,-0.737601044323944
0.539264996569728,-0.700262084010389
0.625482794550478,-0.643661120576203
0.613864713073094,-0.667821474032923
0.630519677588257,-0.636202473357172
0.673796841471836,-0.627557210269232
0.736990461132426,-0.604649954344777
0.721758704316122,-0.617824893323216
0.761902058029119,-0.58731824990601
0.748698067751111,-0.565611906696268
0.776922628172806,-0.556107384194372
0.813735304120921,-0.485028264025612
0.785484486191042,-0.503656657536931
0.814656680034213,-0.476494019193558
0.819303700827765,-0.422903536371685
0.844164308056984,-0.366041632173194
0.839605611592016,-0.381804528490821
0.862394657561373,-0.34487085718237
0.86161474155337,-0.337368325404817
0.870239328697564,-0.30741182006623
0.872681930832929,-0.289673607245218
0.873966022225256,-0.26618710185182
0.869019191653349,-0.278379328855581
0.868285588577715,-0.233797429838374
0.864009174763146,-0.21993587044243
0.888200126307124,-0.117603658111782
0.884082243475908,-0.176193245991224
0.835799441127159,-0.146687538859642
0.848303709946692,-0.175637970654821
0.823779847994635,-0.166396967545513
0.834434673963334,-0.241810425543587
0.838777134884673,-0.186106371745467
0.856133784161077,-0.215414522373891
0.794062894152612,-0.155599762694677
0.847605747323689,-0.164498123967556
0.793575323530558,-0.135819068187009
0.849448540760317,-0.101229601660094
0.810505323064342,-0.0738815808103041
0.763272513521227,0.0199635573546963
0.749461318739586,0.0730781154299605
0.814713846310729,0.0701660163129752
0.81371392412252,0.183646989746403
0.809589866613099,0.117330031299676
0.672313246292478,0.168393671634595
0.672038651177194,0.138624862269374
0.57118062944581,0.258727877187933
0.602053610024647,0.250440673955866
0.401574607061253,0.244701824492975
0.64438973037568,0.345245039271203
0.379425899272315,0.141985436540535
0.452072135554772,0.235587168564875
0.563370545543252,0.349493879062627
0.415002751451522,0.317882257503425
0.390119863630769,0.243513289210386
0.458831206067529,0.268937015328161
0.438268338576602,0.204161284354362
0.353946385853533,0.285437545957117
0.202437558609397,0.175387612460941
0.262223219906468,0.228355151211268
0.27656637032689,0.227581138492161
0.472428225138305,0.278661551545705
0.254978468640785,0.033597766523774
0.254941575571383,0.0672570499250198
0.345466220377184,-0.0891600377896149
0.329027970973736,-0.00489152914415174
0.273333715434496,-0.0379133279232815
0.501788349234912,-0.0910256288098459
0.312988023174182,-0.112322588238057
0.40895005421448,-0.12492715805275
0.246023339381286,-0.0520591354967805
0.394831356385955,-0.264517418599769
0.257367682144017,-0.38312547522802
0.230601166952521,-0.18772761968272
0.396721085815905,-0.229066333624243
0.515723562905137,-0.301273308102467
0.449091299046759,-0.545486699098718
0.269573186048047,-0.278321944941712
0.330864154396361,-0.341050353309849
0.385768190997706,-0.524023349917141
0.474627062077902,-0.359645521307698
0.358864875066383,-0.44731177265748
0.245656697215393,-0.362062081049555
0.322803306447638,-0.614281216841123
0.303047716087073,-0.543747650764656
0.357773152560897,-0.609330640415831
0.43421786962581,-0.62332915615541
0.494664429730048,-0.429560788379097
0.33093188490029,-0.480680658984194
0.349520801900983,-0.6353076973876
0.210668152496934,-0.515104642960727
0.47956593227567,-0.473438928401478
0.519842624180686,-0.51071267479971
0.608434281835922,-0.582359600177902
0.234383630133309,-0.401701512688197
0.361964540938043,-0.361496328958437
0.449308814037696,-0.521079773733602
0.481852372564191,-0.371587486915837
0.38166350479023,-0.6263029807752
0.435875410429637,-0.682823566283751
0.441887026172291,-0.671165951048924
0.388002823089141,-0.740458676772411
0.401360143203776,-0.778216179050624
0.435314988944395,-0.791095951262583
0.428239989455371,-0.840688475766808
0.403704009917214,-0.816566765961057
0.453533466919832,-0.874438999045334
0.333257427250675,-0.910025635110913
0.37223313125105,-0.744908671369959
0.137986129819472,-0.727130227906684
0.243104792160262,-0.816704513902169
0.226516886040389,-0.725051459713505
0.290394073532098,-0.853347216545716
0.396483802533295,-0.855713642349104
0.382898683415187,-0.898310039100637
0.396401033484424,-0.862733785393371
0.444313217308396,-0.822591138094832
0.215854514625867,-0.811019324927392
0.332612036430881,-0.856733899414384
0.330643218693845,-0.847040357366771
0.335230172302522,-0.916285579248892
0.238130120712358,-0.937489722220462
0.275498219708715,-0.904995715096214
0.303414360977829,-0.937284570301036
0.260550825090817,-0.900362024489755
0.247851632292108,-0.955050065644594
0.122886736556982,-0.892331033303399
0.232813904347367,-0.946845037219112
0.20859140621958,-0.968714052849263
0.171435767764773,-0.951982749765699
0.212360371447699,-0.943898868974149
0.213214287346106,-0.95683274108138
0.209610227121366,-0.971689336119646
0.19325898065073,-0.953594713218733
0.231016416205899,-0.94919907888165
0.295841825881298,-0.941718448282062
0.237988986919515,-0.955916446764419
0.23760682781901,-0.947145847949129
0.228340047570745,-0.962141537556435
0.198674624389266,-0.954031990737629
0.235593402784782,-0.961569985145243
0.192550494155497,-0.958963164456291
0.217796083941909,-0.967788150193543
0.254154468664897,-0.938940932114744
0.2628068525803,-0.958364949299781
0.224378144264814,-0.96385627581994
0.213068861809075,-0.912534678467617
0.213006205520995,-0.958845498683481
0.220743388788746,-0.957071506120498
0.157132764033423,-0.965886465170614
0.15439788254537,-0.972332927796842
0.10148723747181,-0.979726261424878
0.092727582289252,-0.982522208279193
0.0990098506173731,-0.977133341598267
0.0387362434257092,-0.987445837385114
0.0625599703725385,-0.980311483579831
0.0944988202524295,-0.979144211061629
0.0357417936135143,-0.932748199924146
-0.0146354316641624,-0.987145524360449
0.0388315489386914,-0.967601468059192
-0.0491796583442517,-0.978717962200503
-0.0286409296339824,-0.97578295621829
-0.0885506963567112,-0.970586153258343
-0.122499001814051,-0.967809688112205
-0.152299087390599,-0.909129694321422
-0.113680440499103,-0.906306407248734
-0.145355262489557,-0.974412148268469
-0.120879407302005,-0.940862897332804
-0.152177819971984,-0.977505426253696
-0.114336765808653,-0.983191651935185
-0.129199517980738,-0.981857234661552
-0.0785749578010301,-0.98671778716918
-0.162472190405731,-0.900756860093671
-0.112132414950247,-0.972323873474097
-0.141800003236266,-0.980122308136551
-0.111088779102485,-0.976487766543218
-0.0725764296026363,-0.973708358430389
-0.108245896207023,-0.950453490836543
-0.0784741542576204,-0.938340403069304
-0.121867646938053,-0.949624710674614
-0.063281652860988,-0.922102712217568
-0.154290805141363,-0.946590177043459
-0.0933938154734543,-0.962622234891363
-0.108219345728345,-0.973697990606192
-0.10153742878557,-0.960189212705406
-0.12742282403604,-0.970218637641543
-0.13566436423166,-0.943391343225978
-0.139111001028782,-0.960834660014936
-0.154105633908768,-0.975255534328646
-0.134802443197955,-0.962623242774484
-0.174765527274747,-0.905502026574978
-0.179337546704679,-0.964101980435605
-0.170552672618766,-0.934642792533403
-0.231954211231952,-0.953612257237335
-0.264134470861859,-0.905032726913666
-0.261415845152872,-0.944318606718409
-0.240462360501714,-0.895452518179483
-0.280014589757317,-0.888151269617901
-0.366407631352357,-0.890748255032864
-0.405021338353825,-0.875451583109463
-0.415677144158357,-0.825715751189826
-0.446681249257719,-0.860519557270054
-0.458489698920296,-0.849447005941218
-0.417525723010676,-0.830864427910416
-0.483650281024188,-0.811038675328842
-0.44605310723574,-0.864896599004991
-0.448576626320541,-0.872061954814236
-0.449761368837838,-0.829346608602031
-0.46818236177119,-0.830010147089141
-0.436857593261959,-0.876039369768885
-0.435851408766662,-0.884597553105702
-0.476383840792226,-0.821060288353697
-0.479600127560126,-0.817973232443388
-0.515558058919928,-0.837909736667427
-0.490381055690526,-0.812528942680297
-0.506697928500305,-0.801689511549317
-0.536847243904536,-0.742008604599766
-0.589457617756894,-0.752377120158412
-0.544764861241711,-0.754136253408226
-0.565269756090821,-0.749899971747422
-0.650596563902069,-0.705134454710525
-0.641666169734137,-0.656861533943538
-0.634349528280922,-0.732714396839089
-0.662728857825772,-0.702613751115852
-0.660553107649262,-0.6729519028266
-0.669380344572047,-0.703419936563223
-0.684178906920328,-0.70394805629235
-0.68586262952291,-0.696256670546135
-0.654881929978579,-0.732246355768538
-0.690438756462279,-0.700610363548209
-0.686738366300527,-0.715475029169202
-0.697928597142032,-0.706513754417393
-0.709431437723987,-0.691626822069067
-0.701014327248419,-0.700799601848565
-0.71200029728723,-0.690504846214853
-0.69897785876697,-0.700815395238395
-0.728354643255887,-0.674819163370462
-0.731643623916563,-0.662530776792419
-0.706322030376649,-0.699179173233792
-0.735397142258217,-0.659277913387157
-0.667313100273478,-0.651778227576151
-0.743701299225294,-0.661670961116287
-0.73771129695959,-0.65488654304975
-0.745737150551739,-0.648809902996007
-0.721906846267316,-0.680679590765224
-0.718139150966808,-0.676968571067154
-0.727979183395012,-0.672333199337377
-0.692033538156043,-0.656411625576259
-0.719146466132633,-0.682566188644014
-0.730984891512436,-0.670531918854261
-0.71523717385055,-0.668301092956091
-0.775821523861837,-0.596118877707973
-0.773635587025679,-0.584406399457612
-0.752513733057372,-0.576751292436516
-0.795053594691647,-0.414174198250924
-0.818503128436463,-0.420437743388772
-0.841092530997509,-0.439418287273091
-0.884815393048719,-0.373298853012117
-0.878830736353581,-0.373297601954393
-0.892227149841821,-0.374068916828773
-0.894420766854132,-0.352465987754262
-0.893003961653814,-0.337630751397164
-0.899289109255369,-0.372881994267603
-0.905661080015599,-0.35607533829615
-0.897494924701319,-0.377455190159748
-0.910914070767258,-0.344411811960881
-0.901439128853903,-0.378014775535022
-0.907693989595629,-0.369457360225706
-0.928876401006122,-0.287999265699222
-0.924250807419857,-0.314843307275153
-0.928666402517336,-0.316085163928863
-0.948269346933306,-0.236979732355924
-0.939526968824374,-0.252836547451008
-0.933918439760809,-0.254991414838371
-0.94143184256123,-0.242723160953027
-0.94558747107483,-0.223478421182243
-0.94771866016886,-0.219874040698176
-0.951427144545746,-0.20468136631054
-0.946471176277558,-0.261009566137724
-0.939952942164984,-0.217958395501434
-0.959828048662888,-0.218850654807743
-0.928977569168722,-0.243097359049727
-0.848137766378325,-0.221170389383338
-0.861449684713995,-0.264360354420046
-0.900305667571121,-0.238592368963178
-0.830700650108293,-0.275787739461474
-0.831855088310426,-0.270440074286246
-0.792212192388141,-0.218373950967128
-0.800487628407383,-0.23057085947854
-0.678811903395812,-0.164913506721668
-0.750774486928423,-0.119578378858743
-0.776370282376863,-0.126591195756723
-0.779128707519566,-0.14397342079357
-0.657695018707073,-0.210704257301569
-0.785613136850273,-0.225731281684431
-0.739469711956007,-0.25023416125526
-0.814934571241129,-0.164714852791329
-0.786211876062471,-0.191314270834637
-0.848072709788002,-0.2324417238849
-0.638090490563664,-0.160818413479171
-0.751683132664006,-0.202173903959845
-0.803915842018089,-0.219626356871439
-0.776790237508809,-0.186332886415377
-0.755451581669276,-0.209118697713787
-0.752457953547407,-0.110531253153534
-0.782860709581431,-0.111372932530963
-0.888151752179072,-0.189083787578896
-0.945453993129633,-0.14712641841661
-0.881007578654673,-0.137374200698229
-0.862510982368402,-0.100148507221996
-0.907613772826697,-0.0490997714469782
-0.849290552015281,-0.100709871227315
-0.862320833718657,-0.0942951231662365
-0.945462617365863,-0.0731241172004396
-0.942735333994979,-0.0315176991356164
-0.945306535519909,-0.0844590654498473
-0.870382641826624,-0.0355171994672538
-0.917791852105322,-0.0694150124169033
-0.904327485550344,0.052387109334294
-0.881205638310472,0.0199331340511199
-0.895140550016245,0.0672035196510246
-0.875717708239064,0.0620014110419526
-0.759086908927905,-0.00574415198260086
-0.83888485968297,0.161469900567379
-0.71226837038125,0.226955306103373
-0.818766531222961,0.290192191804156
-0.792008806198398,0.276709648205267
-0.792483627209003,0.368704089623373
-0.732900769668334,0.388023154464096
-0.805608142377359,0.400734949902245
-0.749832728880294,0.422773818111153
-0.752542970759525,0.491831908590646
-0.750494275549436,0.463703936633016
-0.729957488624548,0.458969881461211
-0.771305151032708,0.53321015438601
-0.748923942624737,0.538421931758715
-0.677713546565274,0.578041980725791
-0.559521886596337,0.564385634916411
-0.591494922600014,0.621022761899949
-0.553557126413895,0.581571763754451
-0.565447047705326,0.679136020822836
-0.531209126529825,0.677689373677753
-0.549086134162469,0.667349426194477
-0.489750667484263,0.729046916985153
-0.405036964278169,0.676266326695086
-0.40005830724271,0.70997249426998
-0.35628439543755,0.759244230675141
-0.361714949868097,0.735426676651028
-0.323707876060517,0.751663228077656
-0.296617076111243,0.720392165512433
-0.28798286251188,0.763004051094155
-0.335941775767302,0.691431177558694
-0.28616199284965,0.631492544834362
-0.178690864978619,0.644808394917089
-0.217373570338131,0.639177239796855
-0.00365439619140582,0.533188568977696
-0.058038378893102,0.616711923858616
-0.119717914195085,0.5852880464261
0.101915561834661,0.527868253059352
-0.110407976947901,0.530817186808504
0.0570629664241687,0.528568073287981
-0.0921738860515368,0.521351103684765
-0.0313942402567709,0.484343405815854
0.146676471108348,0.471700045401616
-0.0106604232440294,0.397313323294111
0.145958577798432,0.56034209855786
0.147159306684394,0.463109575754645
0.109462358247326,0.476156576010494
0.0701753846238552,0.408390815465385
0.134510805324375,0.500102250604727
0.106803128328073,0.42935329630376
0.173558774033986,0.323873857869508
-0.0366218935886799,0.234393764274837
0.0162062917925973,0.188484089713262
0.0454277792267942,0.3044890152894
0.12638147298696,0.305204536353162
-0.135238139374392,0.0862350113012159
-0.0458591649305435,0.0738588797102449
-0.110952373272171,0.15642554755804
-0.0962962962962963,0.170896798606411
0.0270558021543936,0.191766421129871
-0.254442320567309,0.156932174839894
-0.109997754517565,-0.145460267560251
-0.155373332176385,-0.166119080636845
-0.196817633429269,-0.0600675088059308
-0.173788018935874,0.027063559208901
-0.165219277664731,-0.050779455381697
-0.280076551669008,-0.00249507586648289
-0.253481969120459,-0.109734741995472
-0.337045388774555,0.015154878352194
-0.388569218058131,0.0812607159566296
-0.329878032757503,-0.104498322417843
-0.417732066412747,-0.103820326811094
-0.412246907202331,-0.205255281487693
-0.429568861722776,-0.133066527745317
-0.257119275453511,-0.208201995224757
-0.510723890725973,-0.269894218478772
-0.406431260997513,-0.206128708848002
-0.418315984010009,-0.267790595673135
-0.279847440430932,-0.27189111796158
-0.370273335617604,-0.189804987707767
-0.410958671396812,-0.308641278957783
-0.452111927436729,-0.362646841940634
-0.451082470356209,-0.328087327602234
-0.639446463165402,-0.267177961490038
-0.685224514439098,-0.167701736788478
-0.599629636381902,-0.161840300732041
-0.713709696977266,-0.0241300223884188
-0.744848602163034,0.0133094873222152
-0.727276065505406,-0.0560907659170951
-0.720086101726237,0.0613579398661601
-0.664301361715314,0.00412646224603995
-0.81983232954887,0.0878918681348166
-0.815144755532385,0.224025635689196
-0.717911881183563,0.272614492869763
-0.876157683446482,0.194638743669554
-0.792237586402958,0.260437050199415
-0.774353221756051,0.213409169769072
-0.742342298787295,0.222837889011605
-0.7056144989181,0.109384907541753
-0.804632254200482,0.0839145993284124
-0.781201606606865,0.0715761953346585
-0.796798108411831,0.243175514706179
-0.824673074309898,0.291962643229743
-0.838506209818824,0.347284368442755
-0.787582724580971,0.202192636303609
-0.796792187290061,0.324008847272943
-0.75612810793519,0.341932074816651
-0.78992761809469,0.276477418115785
-0.818963741028806,0.331657170474465
-0.736507070686963,0.277635135140075
-0.752220568700196,0.342315521330709
-0.807320439979422,0.213088190203212
-0.747626408855463,0.264876000944802
-0.759231978653904,0.16998031781156
-0.729516491965242,0.12559319155877
-0.714486099050734,0.194787846517036
-0.715117500637904,0.168417042251335
-0.407331022171698,0.127807515185812
-0.690836053029431,0.0723262931747196
-0.841373671356843,0.0666314911559623
-0.720056911480498,0.0489999695995507
-0.758493889780604,-0.000444163049779217
-0.775256293936265,-0.0976904803362472
-0.713217867461459,-0.113518223416677
-0.678201274093804,-0.0550921979130181
-0.754871627072898,-0.0265912510555967
-0.79233211258922,-0.0217111864569067
-0.686182854784165,-0.0787381409214168
-0.792981317901666,-0.0998887983702857
-0.778521327536412,-0.0578712886035948
-0.784620019989183,0.10916845598355
-0.749336090674306,0.0923013709488601
-0.921194613193371,0.121020999167583
-0.779752142022927,0.151377750344776
-0.932684101083972,0.217845768644145
-0.804515435165458,0.203970660996585
-0.725154504705396,0.373266392054761
-0.845622759674796,0.259545732453243
-0.754899493160249,0.211739470471485
-0.842587230931073,0.288214996218969
-0.870074223437731,0.233802179266957
-0.828833150336491,0.394092477552927
-0.722575657219828,0.434186880111786
-0.811039071549239,0.35656089356025
-0.693490232108242,0.383620584665914
-0.819539357370091,0.287104221694172
-0.812797465570737,0.345664245972516
-0.819737262285319,0.515040394992599
-0.829883101972701,0.513503181136963
-0.799043956072765,0.56616168114201
-0.783220647265012,0.585298161733309
-0.756617388099115,0.637307009303472
-0.755324789813048,0.62565837085623
-0.743298311734007,0.651494827562575
-0.752142170039824,0.647466705221628
-0.726484221039459,0.675660927764446
-0.725695184269964,0.673708480856908
-0.721334834332123,0.678937992928437
-0.736871840229781,0.665726256061902
-0.749219549560885,0.649502258609633
-0.75026597840026,0.64714467813861
-0.77214537936732,0.624135965037419
-0.774050221700833,0.612901004540338
-0.818493820431118,0.547504535973674
-0.832261131834919,0.520554361354858
-0.844527966908834,0.48279204347762
-0.868374608618115,0.423140997492418
-0.894092065735799,0.363010703814372
-0.905614280931923,0.313387852779255
-0.912927096995401,0.231054531963602
-0.921279805951861,0.190676359193729
-0.925703656403543,0.155933969644849
-0.77451396115335,0.0458991164340075
-0.925713427312277,0.00110950443962151
-0.771085584151944,0.0482639055766372
-0.819794505475312,0.102789679552595
-0.721130030450206,0.00421822035610667
-0.744586839104039,0.0385685924536273
-0.752475054239943,0.0231706713164614
-0.791693076775455,0.000357030671198974
-0.555407592128503,-0.0040492343616807
-0.618009322677361,0.115780996150133
-0.708801657662488,0.169063517016637
-0.65393666646692,-0.000709078291521649
-0.648204263135821,0.13939747082389
-0.50577078216898,0.0702531073120964
-0.438450980900953,-0.0115028335182822
-0.241882304815355,0.139555535884444
-0.509867502511863,0.101404771954142
-0.429492111526272,0.361715193850882
-0.339032223664714,0.0266364318776387
-0.377792483824635,0.0603320640170881
-0.372605337217115,-0.00824953596505769
-0.394323487478179,0.105831374574624
-0.362794630024627,0.108243074335859
-0.55060050548616,0.296807870924864
-0.157626992187159,0.227831450323163
-0.202108544630927,0.401648734225313
-0.304704347126501,0.298815227354094
-0.259523129235437,0.378798881814286
-0.501477253459407,0.444110946288181
-0.483331904535573,0.458799964483723
-0.494915893171358,0.51109462976158
-0.253582279991582,0.290677403653179
-0.245439259762777,0.563819976004756
-0.241059342595774,0.529868120832901
-0.279158746852695,0.453477026887881
-0.276035214881785,0.685647624889524
-0.345329048282918,0.828277523041336
-0.328839801834066,0.848966311161049
-0.232060371555453,0.711026523126815
-0.341922412212952,0.784198068567795
-0.278347713184261,0.916843951357841
-0.266844262746411,0.891737110899572
-0.269902823264398,0.895833029188398
-0.212329533695302,0.928563669513181
-0.184206431918325,0.951077033485014
-0.247877872804219,0.939920884727791
-0.159980461610565,0.970810335354751
-0.214035831783018,0.938600769971549
-0.168335300050287,0.944991097277771
-0.174973496986246,0.951863354467549
-0.124539647675469,0.955427623097004
-0.0874553882976863,0.934335312992507
-0.118488854786936,0.968648252888094
-0.0720946505620481,0.948295298897949
-0.122047754516857,0.903052353238422
-0.131101928626103,0.934754459777136
-0.0908000172175316,0.901571876498357
-0.0727509636076132,0.900193869900133
-0.073537582805113,0.914399420459881
-0.10334218911583,0.9328471787979
-0.180553324934321,0.865531990375772
-0.16145022392859,0.888465925151468
-0.133443728195319,0.914241731593626
-0.14309136293986,0.958785241319856
-0.116065113631712,0.94263639676342
-0.133202886840698,0.904565067551622
-0.201395760560555,0.864088667353555
-0.100922013936733,0.95211483207968
-0.155471300559682,0.972567237040149
-0.173067434112437,0.974971249004515
-0.198523688338393,0.966095682447423
-0.188947150183634,0.901974566953802
-0.202065287628902,0.963394726943375
-0.157649643313007,0.97496472006182
-0.199422694578718,0.969841541858236
-0.219921404735634,0.963051587519241
-0.250008067413463,0.954337385606912
-0.278829107420254,0.951190792535193
-0.345952332893168,0.917559714120229
-0.323557521518651,0.924312078594868
-0.389863669568516,0.908582240683308
-0.37672302239479,0.903339611219327
-0.387160315869452,0.907231291508396
-0.395404338226404,0.821985952746908
-0.434669598115319,0.853408564578518
-0.468282506632417,0.776862893499886
-0.486445582326722,0.815921760650052
-0.420156553619805,0.847361662564168
-0.385029799321024,0.886156610207706
-0.341213050755664,0.868212965936813
-0.341310899871734,0.875807020183688
-0.259244623744708,0.774766692133209
-0.263000474002809,0.776916571722553
-0.274817088670183,0.778688245838273
-0.190710082669374,0.91377468936826
-0.12283354417742,0.792990170009686
-0.0609160746839179,0.830523202129208
-0.0439289306827478,0.940055883779383
-0.01504388131072,0.887708259831222
0.0351469923201884,0.924741468762726
-0.0157171439565597,0.902849823991566
0.050212813168383,0.936002367972101
0.0694016346827064,0.834306914477115
0.126724084894239,0.908405761376627
0.12427362170449,0.916731832057346
0.11983377173079,0.909509481624345
0.114499379017014,0.929537441534053
0.087985204590582,0.906016174449799
0.153719932939108,0.92506821668986
0.135460697062401,0.924177862794136
0.12337486336924,0.85542774695798
0.138016267247106,0.854369698445362
0.0539096015718314,0.933777797373092
0.0553534282828003,0.870127497266588
0.102592252113556,0.937250885526198
0.0482995437002881,0.858807053790225
0.0406672473102935,0.851196243208568
0.0111177169716572,0.841905414435988
-0.0396100224820413,0.861068887082731
0.0905942596414949,0.881251384910831
0.0054943758538335,0.880358610658328
0.101060093664242,0.91527962376814
0.116051384754409,0.852159010041147
0.108944434465787,0.782663024252133
0.138843791440038,0.886076656854588
0.256947237674426,0.832662327389799
0.104986303925497,0.901441427898054
0.0821971893574188,0.812966986633468
0.241995211948024,0.70831158024856
0.253147594073194,0.789019200771211
0.3586219084517,0.862420130672751
0.345346946071939,0.812681192065697
0.369752373694618,0.7997931387391
0.365556614840314,0.73518333753086
0.397718017849619,0.733821420321859
0.3900522463588,0.825973454149539
0.401775677776463,0.788891126212993
0.446561272535389,0.830521742926261
0.468062753888805,0.803172241170798
0.440094111560247,0.802245572043684
0.465024157564875,0.824159496365426
0.455555080924102,0.817421195932494
0.443055078262776,0.860785076680525
0.481574765608313,0.82820944380979
0.500001694247721,0.833453074186095
0.452188163975029,0.850216765089563
0.422941700143502,0.850257644653503
0.394308980330397,0.876596766734361
0.366214152141395,0.869538791438134
0.338166410674585,0.90611747737679
0.287527633637318,0.822167843581424
0.356348517075349,0.879045177128085
0.286500034099952,0.906307420809125
0.274233810182877,0.935135869714012
0.190932142549918,0.951970634987564
0.226950579369311,0.951610074190739
0.167638285563069,0.955264581603287
0.1520815218917,0.965484765827165
0.171252047657599,0.927463950838725
0.148419610400387,0.963767268692833
0.193857764074222,0.855919224602777
0.122516317042827,0.872910485303656
0.153385597926973,0.787376754789707
0.119088757358545,0.728893278031468
0.0541653999892033,0.867061979104
0.102634069620127,0.81238632791686
0.162287451447487,0.801365267052162
0.109923909468113,0.811274791353874
0.209334576313769,0.805243359053398
0.26936640911702,0.779544944847028
0.306700249560391,0.635290166768665
0.274813264561406,0.715415442449155
0.203029795529442,0.804488615786864
0.362734627140557,0.799229545356071
0.356603215611723,0.662150248136899
0.402677637647215,0.634402117740292
0.482235293736214,0.781006640047405
0.471842969300037,0.769119869231821
0.467513758543861,0.757648166878715
0.380609293828391,0.651892120315522
0.380348725892851,0.611302196242322
0.539641041566618,0.794414811642937
0.51034327304508,0.774490805847201
0.510833168610282,0.678316281411354
0.609168297061289,0.703660936582966
0.550347649564547,0.664108989605186
0.579227918695699,0.57699498070011
0.555433221861493,0.588184911246433
0.540032866011307,0.61670242654467
0.586455948630724,0.590084098818181
0.583625093319791,0.580139844447319
0.656581245547585,0.626535254303635
0.651162973858884,0.612478183918769
0.692290835637651,0.562873695112697
0.719235886600248,0.599308303749692
0.751874468698755,0.517305595439808
0.689338567930853,0.5632935800722
0.733857657368208,0.538286238120989
0.762688355746268,0.517093464682077
0.784682476033375,0.46347078250578
0.72397282790934,0.499017888104734
0.833106218474409,0.408986263241573
0.780651294011362,0.336374611914431
0.789500940341419,0.286892805581964
0.71062543541412,0.282864003332596
0.783683636197874,0.308567955912072
0.829575325307453,0.287556576004564
0.811313261541438,0.284105546356785
0.781610404150993,0.211158511069893
0.771799429156158,0.190760664795609
0.804655067252793,0.271075519199784
0.877122637502789,0.299233690525338
0.794825783368955,0.315363074757008
0.775838327943161,0.280223423683921
0.691037892813579,0.338258268792169
0.815566300076643,0.307133028665527
0.789857952168782,0.28463886308153
0.793426369331202,0.327739564556521
0.801091073481836,0.297411891240205
0.751452771119055,0.370246750280759
0.766080068379847,0.355014072264488
0.73978787929861,0.360570615366561
0.751379560598178,0.379241650510441
0.754442001630901,0.371405009234515
0.777840889767418,0.346496653242242
0.763445981023976,0.368561726648872
0.792148011278425,0.28890457140707
0.761591748059593,0.328241925591522
0.883699511900036,0.377629975518479
0.919448851682394,0.31961070648909
0.766561134309748,0.270330668141963
0.858872553499145,0.301752135231744
0.800436346789662,0.300213866080021
0.813220176386891,0.2700036547718
0.747817856707954,0.257870826942381
0.770570049410342,0.252401488436708
0.808081080773037,0.319228747170913
0.741205122584965,0.24314737945155
0.817693338886215,0.280891533404723
0.797424390096322,0.318263545537637
0.82899667502319,0.249795820409163
0.828251384156358,0.270029146007094
0.819869615039849,0.310467256312787
0.862757071907212,0.357299356019022
0.794551179178243,0.318721449615775
0.83134434837939,0.311237383333364
0.845495195388146,0.378977704790059
0.685153832279249,0.528772253554781
0.840548754587665,0.475640690779045
0.787977093124643,0.458686085403587
0.806623330450295,0.448233186498129
0.81708708569486,0.431629748664329
0.769047358693345,0.403461198664984
0.735889352038181,0.419692962614448
0.754911226970593,0.435422889083662
0.786059267055284,0.419354784757941
0.765038759200798,0.463008914077599
0.827107327153811,0.402579388902625
0.823996534268848,0.348030927707373
0.818427811346567,0.440817074423749
0.83768986189137,0.399833737363711
0.873054572283921,0.388842853577722
0.805222286921509,0.40559095212645
0.772116188446522,0.383745296139307
0.777248234696519,0.372964951604354
0.768613839152849,0.262736180077142
0.848544717937205,0.377733896148733
0.7403868611461,0.326310288495887
0.75728630498914,0.369080319860679
0.842841205127875,0.359854264634725
0.758977679041034,0.228597615649293
0.735129166260299,0.355573739532453
0.830858339904466,0.298487080986315
0.653641316496782,0.369581441737781
0.590016670748332,0.436492007006733
0.700965893043539,0.267430282570004
0.594520100625257,0.207130806092535
0.71608105476435,0.438100982173683
0.768766657233621,0.358410286802564
0.716191523367822,0.202719036477673
0.676041886465671,0.284805353517089
0.467759900874043,0.0427043548502347
0.571795222225911,0.0694853460402588
0.798390523717309,0.219716665500379
0.612518293376922,0.269821716629013
0.591230649347623,0.255118611028624
0.68045363745533,0.238709285682943
0.660589043095075,0.203273350945879
0.723948141340798,0.174535048284356
0.685584741369636,0.267843624158663
0.679058004016601,0.145436906990419
0.799723748617338,0.216664233453786
0.729710440666999,0.197081345391261
0.716869225350706,0.0559200437759856
0.710541468600157,0.0270415251424636
0.827071427226226,0.095765828383637
0.586230924346922,-0.1121935438431
0.504232844194607,-0.0613640231088597
0.551974690226615,0.00298911315804893
0.623685983693401,0.0331882330434745
0.549281144482361,0.0909589304176518
0.596745703783091,0.0497642156932298
0.660944839373915,-0.0806432256844184
0.670935514595164,-0.00624274010112151
0.405985478996471,-0.0818785671281795
0.587026836442342,-0.0343682860141111
0.459168859167581,0.163771259029935
0.523815716696609,0.0277280320018632
0.385571094911175,-0.0687896868345991
0.416702071966135,0.0995153066743769
0.43807797891768,0.119785335790816
0.471004566692802,-0.0425753614017517
0.344173246268188,0.0357529397435496
0.342433025666023,0.00956358001678218
0.280781621025166,-0.105825233627153
0.470181875222302,-0.0698749641777915
0.465803753374565,-0.00607815206247922
0.377756567776201,0.0988352700459132
0.250812763802135,0.115683766509564
0.443801912973118,0.0561381016864429
0.285841804213717,-0.123553159970324
0.511557121994078,0.0112878015111232
0.231818683774172,-0.00984604787157199
0.284487163711377,0.0422805680071085
0.263376418207421,0.0223445889064405
0.38037069627995,0.287422067210762
0.237700335221471,0.031905702291716
0.210216265936098,-0.193694030110009
0.0307963953658862,0.114965871431156
0.139786229638903,0.00378292422597677
0.142975609057582,-0.0299850902118806
-0.0289529669894161,0.00807265902651903
0.138114803535359,0.0902744666896343
0.0712172755261228,0.0434257775913218
0.160333803380466,-0.00146628069852763
0.341761995387604,-0.040396911350551
0.110533838042464,0.0989690021004662
0.0825658523776793,0.133623171660931
0.169807701505765,0.0372798581014124
0.238613218133618,0.123278404731873
0.276352979788678,-0.148056819852773
0.091891084441398,-0.104597193764277
0.180532368043637,-0.0945452432507668
0.181079548799857,-0.324035181495567
0.336868239155381,-0.241726453718936
0.274268060527853,0.0226023950036018
0.0199659389210007,0.00966659797987177
0.201690335359627,-0.00267425098255041
0.392911647266403,-0.173435598145764
0.284724161630442,-0.16079735301631
0.336674211019046,-0.228760389770697
0.303819004186084,-0.312324150087072
0.507984405520091,-0.31600989341385
0.483228415621665,-0.366624449047831
0.366485662929147,-0.347768027019209
0.318851287565865,-0.321640921036939
0.329992840974031,-0.339985569669131
0.379283140306723,-0.299521415977401
0.269831645689348,-0.283079506084382
0.34604734650979,-0.430139009789281
0.289997118114005,-0.49351635457568
0.323312540822959,-0.322824360062962
0.33777047346517,-0.554582555346091
0.325213629882769,-0.58014517833164
0.32149888222689,-0.596659579989767
0.370634575715119,-0.633199198807386
0.287348069839318,-0.544545615981359
0.273560658916949,-0.70183244319202
0.154571317870464,-0.739782073064802
0.286184942867732,-0.646979436829011
0.252625473052848,-0.759530733641046
0.150973759476149,-0.776717889378057
0.197300381778242,-0.826755695917291
0.142768427072474,-0.863022469368103
0.18109896197988,-0.879943353007155
0.228922277999545,-0.860242187342783
0.281356436476577,-0.817606245506729
0.334189487573327,-0.817473278906106
0.232198896588637,-0.905353345874017
0.267983667280483,-0.865167129851458
0.265614796553705,-0.888718223844833
0.287695644976284,-0.873225930474506
0.358672210700018,-0.914384504501427
0.310258937987038,-0.857177479303251
0.406970115840391,-0.83331714961673
0.501036998234859,-0.766351220742873
0.413473382359871,-0.797414387860168
0.402023912264365,-0.796995317800896
0.436961879034022,-0.777839934649784
0.455784761848792,-0.7575565175213
0.485180867076755,-0.763966096013433
0.501163845166377,-0.749825891762657
0.549662895402906,-0.70126764383001
0.564795476004106,-0.69948160477627
0.556734529933076,-0.687845509006269
0.544310640473258,-0.63671751985571
0.646973044828598,-0.535264108986607
0.712955051774109,-0.5305771062832
0.694433656840457,-0.489177838653209
0.751821534264218,-0.43597933153535
0.772109759682009,-0.385870724731284
0.793108931225563,-0.326393400758148
0.820946895142059,-0.292038503727733
0.831383590633143,-0.230776671698594
0.854816573170611,-0.170168562233808
0.856643677954301,-0.119517735276198
0.813368413408207,-0.130297133811138
0.813237991451681,-0.0517941715943346
0.849603579957012,-0.0250394168480256
0.840119537557491,0.0198684205946833
0.850255412041679,0.0570604703529827
0.864581852115191,0.08110158819493
0.842562890420273,0.124863056187512
0.847366307695462,0.134207166990434
0.830891909013445,0.195809988975756
0.807898743351119,0.170178451661018
0.783439651971923,0.196521678276018
0.779884346040846,0.227023523771655
0.809830727025655,0.153330359981294
0.790594204070881,0.149456879373308
0.753730683503421,0.175870169811836
0.811554243840077,0.097086970349134
0.791481714986999,0.130805062227688
0.777535092173218,0.0810480590369834
0.822711938194463,0.0533087948818238
0.763222362569943,0.118725568557533
0.826414671207132,-0.00375479077547507
0.791492096211626,-0.052827703088289
0.795505501998114,-0.0889045812124609
0.792885644228297,-0.159385159457086
0.748752674733381,-0.179266186881081
0.722710882997751,-0.250597842958899
0.699548109975772,-0.210472062707926
0.690958879944505,-0.39744072628559
0.724589895787121,-0.281188660697494
0.748052130885414,-0.390201897361342
0.697586355153071,-0.346515969601145
0.699590812222959,-0.465876381607989
0.652414909021879,-0.499333281998675
0.621684664850909,-0.543983517361654
0.64197903793582,-0.625434862921777
0.530391276708943,-0.628307716772482
0.592678825934391,-0.666204922140621
0.499512305438729,-0.765509347334548
0.464804334123124,-0.750786248494539
0.437131634249354,-0.825779548535097
0.400604205492538,-0.8038757725364
0.423583820621378,-0.847264239390154
0.375844970951032,-0.855796780315555
0.411155475182235,-0.819059282961591
0.410787584212593,-0.868721144388945
0.401462633470366,-0.833828220281442
0.425502956824302,-0.814302905431609
0.449451439564332,-0.823954537982438
0.423213743162746,-0.843981024063413
0.410912729728202,-0.807866458880534
0.400568604575573,-0.823985006356629
0.393622080548094,-0.838091752574309
0.391707130832372,-0.855072382068876
0.354334452261112,-0.882663029386763
0.355954923426339,-0.886898642157756
0.327923347692485,-0.889204671332707
0.347270562721083,-0.885900941311485
0.30950904151117,-0.863109611838247
0.341357045860627,-0.885307407048882
0.34980228688445,-0.878184680210986
0.324322573641748,-0.87459650508625
0.344504838555878,-0.864809382019014
0.380130133026913,-0.856999172829274
0.433051332011457,-0.757240786892351
0.390505215382142,-0.7664830497195
0.380824633120701,-0.641348191903542
0.467770432397572,-0.669762958782069
0.460338530580071,-0.703592179390725
0.521058734831787,-0.68358762254006
0.541856169222279,-0.587175447318407
0.610245863465627,-0.607498306426811
0.507474526127831,-0.670295325880322
0.579703075276575,-0.640137209033098
0.560909738856614,-0.709855078158866
0.468416354483411,-0.723002200278225
0.425484145250606,-0.774211261804947
0.360337002733714,-0.827662652692811
0.427051374528682,-0.843224659015047
0.304518095139269,-0.878366773506087
0.299049472857245,-0.879362142438503
0.255535684266449,-0.899232410293005
0.198513056064185,-0.852861088746446
0.140780989221985,-0.915013802946152
0.0732770034231575,-0.917772130361382
0.0486559848539068,-0.925201145877562
0.00912827572827057,-0.931128243525518
0.00632571619834984,-0.948942432039317
-0.0666671385896521,-0.928376151066034
-0.0880916160791918,-0.910643360888217
-0.0994010006577514,-0.932961588213987
-0.173707009643919,-0.930452081764809
-0.19633276470884,-0.9245887881451
-0.193744760727223,-0.935952194577505
-0.1864073682185,-0.939225344829674
-0.246909811950757,-0.939903793619823
-0.235950675954251,-0.937403987261596
-0.256709685948158,-0.949748152158587
-0.171618757333145,-0.961968014150273
-0.237652312886313,-0.954091879143855
-0.175718828639665,-0.954021097259807
-0.132244050369413,-0.979253127897213
-0.134948944735769,-0.972273672133618
-0.170985621176945,-0.965800852764124
-0.144674844379378,-0.980005158092771
-0.101140544984968,-0.982213220535419
-0.117690145809357,-0.972925776190503
-0.122312697839824,-0.965934189109728
-0.0375177202916499,-0.978610736513989
-0.040453729237758,-0.839466811630284
-0.00381012187850817,-0.865425664280476
0.190036121132254,-0.847051186911952
0.140771998781556,-0.828790312731889
0.141923804772056,-0.838484548664953
0.205197779813157,-0.789273238866747
0.27446444109359,-0.767931927467266
0.241498578546426,-0.764558846818916
0.341782067797516,-0.746703727744592
0.165301240282227,-0.734002129368849
0.395774419786394,-0.685779935891382
0.373547343572106,-0.753066967501837
0.407953213613318,-0.726333838468714
0.432870355980669,-0.699714345917218
0.493187527121265,-0.690201022102882
0.485316769653135,-0.612083529077338
0.396627757917456,-0.669699020403781
0.483892322894424,-0.61277834747322
0.451490671739955,-0.537628319207506
0.403190385121267,-0.601680342026598
0.408074429752672,-0.555904761272901
0.394053283213916,-0.550844629179259
0.374059787844266,-0.425223152492991
0.262737605154032,-0.429802978430113
0.328233213926744,-0.445361139488319
0.281367252727646,-0.312384336035657
0.209044196229427,-0.606160363076263
0.0940015838958008,-0.674658551249575
0.0701960114786721,-0.649735298466872
-0.0204479224247205,-0.702592131038171
-0.0479780923541135,-0.742458855493511
-0.0214059806856233,-0.807277499279434
-0.0937304475098747,-0.776173879359292
-0.200748582177751,-0.842484210076839
-0.234938589310965,-0.891548079669189
-0.212854406618945,-0.843466121503353
-0.338994640474316,-0.866237685719013
-0.420250849230157,-0.834082398901446
-0.488636198168706,-0.820703355546523
-0.483606221451011,-0.807806144928562
-0.467752670876225,-0.824886980085091
-0.412242854199201,-0.740523357639599
-0.521410833181343,-0.769392495584564
-0.603908109556709,-0.748227938596426
-0.560579080759219,-0.691542036469483
-0.602597791174389,-0.738173821961363
-0.671397832893908,-0.634542972995172
-0.670221702289291,-0.637415779830827
-0.612444636131771,-0.647672212418532
-0.698846271708522,-0.609864891910747
-0.64270489640275,-0.621781411308859
-0.643072398551491,-0.536475830480826
-0.711713717970247,-0.525233185188482
-0.666887029502972,-0.577808388656071
-0.742029123086128,-0.587765641031018
-0.702127312445211,-0.624197962027527
-0.801142831693095,-0.525635543860291
-0.791134331608656,-0.540501263376767
-0.727731596002197,-0.54018718248027
-0.717802466405648,-0.541737686144237
-0.776023987628815,-0.531558123044633
-0.752940536878501,-0.517135616623374
-0.813323005157915,-0.473444293430893
-0.798916519811906,-0.471699584931323
-0.810393161617361,-0.431815220572577
-0.84988144189192,-0.375417381764618
-0.827830648873438,-0.447748423334546
-0.82292998871014,-0.464788507032992
-0.782121729262558,-0.423138196678808
-0.788362220837801,-0.502966009994859
-0.778332108999864,-0.495770043245234
-0.72099512333431,-0.489912764014718
-0.689422020210036,-0.528963612057344
-0.730392421972529,-0.570897844022081
-0.692956639424424,-0.556087066380261
-0.629315964505861,-0.619356432180765
-0.744256923774172,-0.562324272049187
-0.702104402895025,-0.626476589364286
-0.647233655757745,-0.636963599158091
-0.666242981683331,-0.677039717246001
-0.633349059540489,-0.686503664896655
-0.602424634416683,-0.715353809812823
-0.631888803093653,-0.748373247279736
-0.514659464513313,-0.797210675379986
-0.544416537254888,-0.772697445464253
-0.477229347055829,-0.817003428193251
-0.432081879403029,-0.860768847962634
-0.438995811020373,-0.879085108277216
-0.390897047499449,-0.892944653190855
-0.42072574352884,-0.874336711884803
-0.362431865519066,-0.915968288731359
-0.31987442741876,-0.91834978314576
-0.340234591598013,-0.928809856489146
-0.32592050560099,-0.899999193922315
-0.332232243513672,-0.896969139667417
-0.210359504241661,-0.857323275021056
-0.247082032165315,-0.931453833738071
-0.253395839347783,-0.942573464149889
-0.186337259103525,-0.92443084677815
-0.242155874363353,-0.911366371897419
-0.195933574221594,-0.956140520210337
-0.174390768372673,-0.965606460755717
-0.105892835409423,-0.963045861094503
-0.00939065596072454,-0.963450081482708
-0.00395539824485509,-0.962119038008464
0.0722490140430926,-0.942863408517494
0.183118218121183,-0.922931913516775
0.204726045332963,-0.941484313199676
0.224351041834185,-0.926044656111765
0.316177775257116,-0.860017622575717
0.23967225707455,-0.875091691597701
0.335409594188304,-0.878407380362912
0.309623744569383,-0.858530974186422
0.383429485338058,-0.706361625855643
0.353178142189912,-0.863131760403826
0.345416212143374,-0.802939608698587
0.274439866527849,-0.758839406635826
0.273911177879527,-0.757180259533041
0.263333964057259,-0.756493451281988
0.227291419079659,-0.761885412859317
0.318063219217698,-0.677932064623616
0.260955793743818,-0.739538267245633
0.30624318592941,-0.559441543718085
0.163328996768687,-0.589041964352453
0.0905252654695231,-0.622685302251127
-0.0306748483059595,-0.616714723646478
0.0275938793451077,-0.640842666027306
-0.0552347561746483,-0.662624050929578
-0.0536192161245701,-0.77619486413362
-0.0538329256846717,-0.689397749266261
0.0181884793245095,-0.660561614798836
-0.049196085121309,-0.570249800702271
-0.247193019521083,-0.653973104809945
-0.338644625642567,-0.543791142763735
-0.43547641781913,-0.618244690649845
-0.471461241681257,-0.582775478578123
-0.486515111725286,-0.571911806263826
-0.654200155529839,-0.499243282179138
-0.673662479739573,-0.438412218526669
-0.68831080300755,-0.41578170231532
-0.650777103669531,-0.408292375853903
-0.735070985156906,-0.28705087966763
-0.749434842474793,-0.240570174900841
-0.732757470640869,-0.188563370571124
-0.758076276767779,-0.161726599863087
-0.761907640934839,-0.118184941796819
-0.791742091083738,-0.10759673857642
-0.809389262868463,-0.132640991384287
-0.808090853996121,-0.102326722964359
-0.8302597136375,-0.13249453950394
-0.804887047660182,-0.0374795733778783
-0.762251690160007,-0.123228493816745
-0.805762280462631,-0.00530699526184681
-0.770467617541707,-0.0294873527439706
-0.804092275234841,-0.0784392014622974
-0.795823520552467,-0.027935720115452
-0.768343365779924,-0.0272029251104836
-0.718875011675557,-0.0536208409004787
-0.750697248069407,0.112708742416879
-0.75237415981442,-0.00272642499003468
-0.731523543453772,0.0293288705089427
-0.718898682377194,0.084035234771096
-0.639877912234249,0.071142373606466
-0.599574313088815,0.0613822874269349
-0.554522856516202,0.0123570727688399
-0.554548710894451,-0.0500397111930012
-0.61562246661298,0.0767334889116878
-0.654321751570655,-0.0537359512777979
-0.621950088604874,-0.0127479119465356
-0.644442224439928,0.00515919968357518
-0.614495060348151,-0.0801011068790627
-0.433565597936307,-0.103871768313313
-0.453428865351049,0.0416446916490799
-0.720242233783089,0.000709432748179339
-0.562742786382862,0.068352258033208
-0.609316427848174,-0.0535689504669217
-0.537374137947825,-0.142026060787114
-0.652419245807287,-0.234690435221822
-0.660355588022019,-0.164452017021166
-0.696605180924145,-0.0561588816561789
-0.725886086128435,-0.172736966704966
-0.752743503521519,-0.132442329490496
-0.54404279578514,-0.0696667167587158
-0.554544230396034,-0.193677224918917
-0.671664020045589,-0.133699226126881
-0.663021326288654,-0.324992792819119
-0.659201960865098,-0.237090841654362
-0.777395502101063,-0.328936353549375
-0.70608665143706,-0.356818010809188
-0.680750625752603,-0.438848850845111
-0.663149935209796,-0.443092632911016
-0.639358124637409,-0.467328937563195
-0.669474583130451,-0.542368798595518
-0.635276671922299,-0.579522181384797
-0.617664584327467,-0.59924965081461
-0.576409381531344,-0.660182134255696
-0.530948719468014,-0.600717532047138
-0.572219882810552,-0.667198195572568
-0.539384290920768,-0.706087569655202
-0.58222435081749,-0.682554881124326
-0.529848727245157,-0.717333913442074
-0.600161412571616,-0.649388149628199
-0.596512235840409,-0.657330168753379
-0.632372500725499,-0.619150657722257
-0.630645364663915,-0.614265348546415
-0.62871049708843,-0.609366360685203
-0.597506328400188,-0.588861578783769
-0.612056473847143,-0.548755512717711
-0.580430498260052,-0.535673663229675
-0.789323542279172,-0.432711342474195
-0.669143373132922,-0.503338757294296
-0.70927493280273,-0.439309025542016
-0.678521763134886,-0.399023157399847
-0.705379780183513,-0.404073753457502
-0.732653900593584,-0.354917099902409
-0.654662957236293,-0.440331346390331
-0.744507034398805,-0.390468630269095
-0.741100407406813,-0.384963537899557
-0.505033618158756,-0.32489712617553
-0.537835972972848,-0.319265675855075
-0.614188269895064,-0.27832747657843
-0.728590770691106,-0.285381756415177
-0.723642129146667,-0.291994164879682
-0.723136863408963,-0.275966905004306
-0.693714062014386,-0.179529308340273
-0.650489800941447,-0.236539154195056
-0.682153533190127,-0.103125847377453
-0.719983129956689,0.0471333297832176
-0.662993763640298,0.0174474348412425
-0.570446880744721,0.0735906642270546
-0.573799939721365,0.0782322671564881
-0.644602487515033,-0.00627372770743332
-0.7465360509615,0.16812106002325
-0.818849385226703,0.229313143412754
-0.64221707775604,0.230910691205047
-0.756232559944414,0.141936262529959
-0.678060929796587,0.169244358891999
-0.643677259146112,0.169630014968918
-0.665734441877414,0.127692943654554
-0.814923958985383,0.182652336547878
-0.809579325424888,0.182949787786747
-0.60655925568396,0.088742547631628
-0.376923957514775,0.125501863766518
-0.475401346509613,0.0243687268320022
-0.719769181108829,0.181667291205514
-0.639604014211866,-0.0150471786923923
-0.50687270627847,0.122104637396861
-0.498118504948541,0.0800563704680048
-0.671280742832026,0.192426388217439
-0.53885435720993,0.272501123775596
-0.625576841900929,0.132323940736124
-0.523788012827735,0.204571857223673
-0.485295532644602,0.175702697497446
-0.621645732602609,0.274534095921554
-0.415486813920777,0.261757928124368
-0.584219321181668,0.16419868371069
-0.635074997068048,0.229620037919971
-0.56727968218679,0.380726589539885
-0.644627527444318,0.446946120020417
-0.524340125689588,0.517661517733397
-0.51426712313076,0.575905487404587
-0.490195118628606,0.603183602440332
-0.420949090006871,0.626298271214081
-0.47696806790507,0.538431386676799
-0.43587234839711,0.503257897514093
-0.424687751107064,0.680030952206204
-0.545169079205137,0.492713763966745
-0.539336799069809,0.648207383381636
-0.458085530461879,0.545364648507444
-0.523421112040667,0.666950293870982
-0.517149059734574,0.634837869973217
-0.35010399899657,0.631793908621245
-0.509493648354965,0.709714150267415
-0.498602410667844,0.699082213222976
-0.506264652044625,0.694983938867792
-0.574783611041176,0.703365104270268
-0.5405204476196,0.641107911583227
-0.544772614963313,0.652867290019382
-0.597549278265989,0.620992509215058
-0.50155778589526,0.525751406166657
-0.680609203717895,0.549819592899931
-0.624443059716845,0.460707049380378
-0.651929439067008,0.375495366851703
-0.67870933123553,0.324904817486252
-0.745726251714577,0.228253842553184
-0.703507601877859,0.14206393507947
-0.739266669167156,0.0106509365578844
-0.721180900599499,-0.095841597071799
-0.671560746584805,-0.153698430303642
-0.689309648169136,-0.2254738630585
-0.713542174924412,-0.288029185570757
-0.646435986664944,-0.347492759805211
-0.656571867808426,-0.372306804152176
-0.662791575801345,-0.393820625860089
-0.648263755515617,-0.38846778881162
-0.614188830059254,-0.452017899076749
-0.638781030763074,-0.4667488567733
-0.624891207116603,-0.485266911064625
-0.548038183383283,-0.518875263735146
-0.600791145893481,-0.482842192698873
-0.574129974561361,-0.553425860254124
-0.493224030991281,-0.571025479452088
-0.571524109701527,-0.557847825688799
-0.546851447368575,-0.49287934341782
-0.561186811232312,-0.533236670913345
-0.571061307452157,-0.518924492305039
-0.606652656623514,-0.494824953001614
-0.623916984555261,-0.509304096450763
-0.580890919502718,-0.398017929193256
-0.677509156710876,-0.482055589239865
-0.615049225143206,-0.367268092270627
-0.542094142422808,-0.391272399211327
-0.676502445981047,-0.278243139501046
-0.508372821433337,-0.348827589313258
-0.531183217111319,-0.363125973716905
-0.424065255116462,-0.402953192025088
-0.346577215397981,-0.217179778338287
-0.50725495086891,-0.316261940226722
-0.498041960654031,-0.217929865279206
-0.4229524618602,-0.21161127746384
-0.422997358406299,-0.117631312597874
-0.390781697121302,-0.0695535635678963
-0.213662687866442,-0.0797846115769942
-0.179721799826017,-0.231043856375811
-0.348490357468446,-0.149142381556319
-0.422866424102388,-0.131703911120115
-0.21720696101612,-0.0211129314137601
-0.180871916707569,0.00985232762218568
-0.370649738246796,0.0233407454530344
-0.162599927625955,-0.0439466503671964
-0.0835413815075096,0.00101299529431756
-0.373652419771657,0.0750011130542661
-0.365088635360492,0.0555728500910531
-0.133915137339852,-0.136040311659397
-0.0846267344558538,0.0526034579864156
-0.0789713562762985,-0.0820264160162254
0.0113423364737975,0.0857573130105063
-0.0654621362958967,0.176306966679738
-0.0304794753272936,0.0773852878656764
-0.199607189269854,-0.153308237491506
-0.119455183494935,0.0664483084378674
-0.228213838948826,0.0359063868416163
-0.0496727928229812,-0.0708918851081493
0.0802961344489593,0.10459086702653
-0.182263789079881,-0.124406023269004
0.187582363322956,0.0255247783510848
-0.0902829133927709,0.123047149398846
0.233183746784681,0.109702267757041
-0.129440999795641,0.0709876778197498
0.0786799986749255,0.108914172629844
0.214295532842377,0.139838446527455
0.183198705439546,0.237377344785321
0.0713851145918834,0.257606478448538
0.265775950983057,0.0881882007235943
0.281333786018055,-0.0542465523582835
0.250709986027575,-0.11568546981974
0.252555823900331,0.233215915947431
0.19831519365941,0.141727700943441
0.261756833605448,0.128896801060253
0.448433000540148,0.0510851754637424
0.388198586341206,0.0597898579683109
0.279564038808143,-0.353061384734056
0.522445098282713,0.0820251646955338
0.1899552036119,-0.176596831561059
0.304706813267151,0.00190122102397237
0.290385644106747,0.0927499731219411
0.423778407408838,0.168477730586953
0.263522784491773,-0.0962616619937021
0.41851958200411,-0.0270022931451269
0.348307765567495,-0.0283567267624176
0.590050855022772,-0.132011497505564
0.255427982624183,-0.15894842037151
0.498446891506201,0.0228626463766567
0.459104327801443,0.00343218551463744
0.475736326470893,0.00141697281232272
0.58219371469883,0.0888880289830702
0.544661741701255,-0.0476433431911915
0.679680953223402,-0.132590686487178
0.60280710709283,-0.145845049733517
0.583967906949391,-0.108437374585477
0.496230304715017,-0.0603489768593039
0.250733377258232,-0.107557884431878
0.554931340176227,-0.0452504518007189
0.510644755031744,-0.136739346531594
0.572929079324664,-0.210788528990439
0.667926551889704,-0.187944631258698
0.710270948922776,-0.296100937123202
0.813935134888345,-0.196703809376235
0.81787838554558,-0.229879610044676
0.767128704082442,-0.233427936214032
0.759014649759351,-0.200678945635284
0.736002766291666,-0.196454767058894
0.870813706009031,-0.297147466651093
0.799579701869477,-0.149256042003282
0.871161137930551,-0.0954742617617782
0.891289904792054,-0.148993027051721
0.878005901890297,-0.0498228055919271
0.823811158222067,-0.135148277000518
0.704227935262883,0.000552825865226773
0.682712863056643,-0.0434302624329395
0.945886147595863,-0.100246722906066
0.966575748090547,-0.112355869467396
0.856233217179046,-0.0389597592914847
0.902321538156259,-0.0996598228424421
0.951088206841814,-0.223164391686252
0.948487049501911,-0.245897812738767
0.944720383313007,-0.249816732568053
0.965992735137695,-0.176179867054184
0.951929979233148,-0.249381884020764
0.948935402105492,-0.259068478246812
0.903088277879132,-0.240370813572939
0.904489744882709,-0.270728708096522
0.941658563057514,-0.244039566888937
0.908983928784927,-0.337964297486726
0.843746708161855,-0.373976967367721
0.861022885662266,-0.419826431407236
0.859749188702467,-0.461736924196625
0.843959417524055,-0.406950349631539
0.803151200513607,-0.425314734296245
0.768464069585232,-0.390605138858362
0.807940723159976,-0.298092730123002
0.704631587318547,-0.126521128672076
0.834906456073994,-0.197638656920255
0.860829576803284,-0.273995062529455
0.925622020989498,-0.188566377826126
0.941104941217429,-0.244708280171564
0.837398775078909,-0.116268350193591
0.798839196324362,-0.239527322896847
0.743766336339064,-0.0645566199582027
0.827190686154831,0.0224186877878007
0.909918113751187,0.0358370925374025
0.944900670450118,0.00732177352913898
0.845548029568209,0.0781231790718853
0.77692132635165,-0.042984525289492
0.84739396994856,0.0119579982437053
0.893893251175148,0.0489790547503319
0.780558496271983,-0.0336741774060736
0.796818411686657,-0.0387208180896559
0.864604612523759,-0.102297719306544
0.800582990826399,0.0637279168950803
0.794642829088843,-0.03913203594773
0.903342641358387,-0.114283607100332
0.900951407913974,0.0259381134479247
0.942716488995735,-0.0964726268344404
0.811872539489181,-0.0962914507180748
0.774471286914027,0.00581457110502461
0.934087875910856,-0.035482323152939
0.920663722876258,0.0467251223242639
0.76320387741857,-0.0270951023096328
0.872535611756182,-0.0357016916195015
0.835814375397268,0.0233091510683651
0.853696277139064,0.0180714948475385
0.938077614786643,-0.017635636994964
0.888043664550621,-0.0181238002355156
0.939870683143468,0.0490649607299961
0.96164473129985,0.0152413215528798
0.92018552210435,0.0469193647334184
0.943238173007369,0.0290413365712515
0.957608664409784,0.0215427748901556
0.91096151669856,0.103112945469089
0.886825212392677,0.0865773224664225
0.922313089462917,0.139531978277152
0.928290445296494,0.209762513688499
0.837308012233501,0.206836079519945
0.753436332325722,0.163639339547858
0.874622538963313,0.242098499999404
0.780256727346067,0.244704641380492
0.805179513220323,0.30800177295598
0.791047072170458,0.327704558044688
0.871985852333286,0.318366533124236
0.918220246147821,0.354776882559579
0.907937553309866,0.377694898178985
0.886683458897261,0.329532810588188
0.88456890500719,0.33534834610562
0.920672641003566,0.213421357311944
0.918364745573299,0.202915473738786
0.759378520034588,0.309118164236238
0.840375277801179,0.38885869922765
0.927136788374975,0.299145249187839
0.935495894227705,0.301307050701739
0.903122969827517,0.283888926065838
0.866379811661467,0.258815972645816
0.893618224701498,0.369335662047009
0.921197063923112,0.345585905376676
0.925179322485235,0.33988109137815
0.912429127876205,0.346839629816397
0.861299406238144,0.461099432915126
0.84584700278952,0.468381906990715
0.837831427932594,0.516288179297678
0.840922491179919,0.518085576806308
0.803600758404071,0.565301614404611
0.739422668787207,0.540571481602247
0.803336910080606,0.581273931483882
0.770118069936064,0.621557167051296
0.754852414054403,0.641759499780269
0.758351217727492,0.642018055396728
0.732415108579182,0.671222752329966
0.736133756320499,0.663417665853685
0.725104570084199,0.680219868367921
0.731757601228512,0.673055282033547
0.736816779289611,0.665333008089961
0.735343777219018,0.665079840592999
0.715426203212824,0.690513090475976
0.743640905798363,0.652948093705167
0.700065170770113,0.671596490664744
0.737492804586656,0.661278479033484
0.771251343694044,0.620879062140709
0.77495443388087,0.622529035916999
0.775455214232172,0.614201080830701
0.800546467983346,0.589335842832449
0.794970442790275,0.59171849769658
0.785162635846865,0.605911647565492
0.807546263411362,0.564775528306205
0.773398172591178,0.613863235763179
0.780527972875063,0.605268452178831
0.78163998707358,0.595177431399216
0.768206364907618,0.61008188477061
0.682961667648619,0.587331912726278
0.725289286586988,0.624543857977661
0.704931862388073,0.651805129186704
0.67013740171836,0.690614314159695
0.694070311809461,0.68356168459123
0.690428138132798,0.668861530773449
0.675875652181607,0.70648261105351
0.627720460252703,0.734733368927385
0.608020486125458,0.753653636586716
0.571496144801962,0.790261402978202
0.536870507575648,0.81433711890326
0.552282903529767,0.793297319895835
0.533081446500638,0.784366140115399
0.521346606187083,0.807321842539024
0.433510375241999,0.880198978418551
0.433212628826703,0.871125028207702
0.423302953591974,0.889456340329085
0.418155601896607,0.879967760850204
0.289040802902633,0.906694847247453
0.39484104439222,0.842758030814883
0.367393558779185,0.898230705117327
0.325727524649106,0.912553889114211
0.332281383477278,0.911209552968564
0.295403065610384,0.923199539907622
0.269693032424765,0.933400697315586
0.31030008494022,0.919643634574492
0.278211446033688,0.928315464860168
0.272190230150552,0.934064859676883
0.231453141036229,0.949217515891431
0.262377606074944,0.94204496814557
0.22832449498294,0.955180243211404
0.195804620691518,0.951953626478094
0.187353129761208,0.967880300072826
0.190191532863003,0.961543496609029
0.150162295877794,0.967429552506583
0.184476436537541,0.961434196316796
0.184480503983082,0.962041716080657
0.191471876259901,0.957359300904788
0.186294698829324,0.958486437166663
0.191100945070009,0.941362519524433
0.215391141254303,0.958771400335698
0.223728523201928,0.938791460260695
0.2160575427428,0.95502756932836
0.264922734245463,0.942683566985969
0.276219175569476,0.92350495617286
0.270926344787735,0.936202474080473
0.302995087043174,0.934208962864772
0.295269495461731,0.914185547674592
0.354187215697989,0.907500512523789
0.402496256089121,0.846951858618355
0.325942173283428,0.846420344627709
0.377855067197713,0.874765037780385
0.336930469307627,0.820454441656624
0.375957198243742,0.755032414783399
0.394375362632297,0.724199400030857
0.397645441345307,0.711228146043375
0.343221319023313,0.709480642616702
0.339448362556261,0.772913797997135
0.344140314898458,0.661398193042931
0.353465420655672,0.649150068993136
0.273567241451344,0.770154223017053
0.171260777356342,0.784050286484821
0.178087977711315,0.828162601957174
0.216606156399693,0.839481164747565
0.260709428856831,0.859616994540852
0.120733056022853,0.855361565260743
0.0842428700156792,0.907695535515501
0.0709734589684323,0.909158698134471
-0.0497826371310578,0.910208455674853
-0.0759476754089009,0.900028736338638
-0.118396183202286,0.872234746376438
-0.121647961239007,0.886691063425468
-0.231526850773197,0.844131724322259
-0.21477574698367,0.819896974140712
-0.286239126805957,0.866511874558936
-0.225639213788112,0.867446683858653
-0.338944547332859,0.774226396241053
-0.390936196633169,0.824534339616393
-0.406354104759171,0.794726291660968
-0.446011979337154,0.861387725623056
-0.43321045892873,0.834145359008556
-0.452637517426681,0.782484817473557
-0.470101285795096,0.820196124054319
-0.490521618655542,0.773830977335672
-0.503405926786821,0.757810086463107
-0.538300386129823,0.784334446313847
-0.462562766365538,0.777295861366986
-0.51728045543227,0.748605373443733
-0.559997333126262,0.788881845402647
-0.513535004458173,0.752215724453347
-0.521097244146114,0.790077228926797
-0.49763822097586,0.769082001283449
-0.508849645868191,0.769895393936515
-0.493505301830963,0.777768021156875
-0.478534107191772,0.800887175257599
-0.440945726252757,0.798784713378277
-0.404853144969145,0.837826442183027
-0.397756313666744,0.859873302321133
-0.405488911852264,0.784205279690201
-0.444956199956009,0.832871057679344
-0.400806958904801,0.824366506533751
-0.472819559694071,0.817589194526781
-0.486825273764987,0.762238112404833
-0.535829349165176,0.773833797611289
-0.567434506976351,0.71433597464795
-0.581614044613124,0.696369933508411
-0.625845717421426,0.67080373158224
-0.59743493964776,0.589704167342658
-0.632999235079919,0.62062458892451
-0.692034869504599,0.529243447154721
-0.657634136871174,0.489189986035988
-0.727264559227159,0.484981797214393
-0.769996156200224,0.371489917719548
-0.741279602997081,0.449396873491538
-0.756704731302646,0.344171376136503
-0.697145922124954,0.410942806001842
-0.716088918467983,0.266654101754831
-0.753068637081791,0.311897572992228
-0.787230157249237,0.223581529013525
-0.657039469881744,0.212749489529232
-0.819666580013733,0.218009410580238
-0.671965049081251,0.180685708853383
-0.779344554369562,0.210582692330381
-0.804223577105838,0.174188292705446
-0.776315754026221,0.204140333228081
-0.695463029760737,0.188789866187634
-0.748281127494041,0.122501234619413
-0.846942149968228,0.226890858842682
-0.782880022382106,0.204126770272833
-0.745999059005267,0.163867787913883
-0.726562614888527,0.235688376777229
-0.781799023270427,0.289062569417118
-0.771543099365958,0.217731636103245
-0.7630681729127,0.290199527197931
-0.833862833634433,0.208119236259449
-0.81765688344786,0.266180379451155
-0.785262725389635,0.231677385559218
-0.789225620191562,0.308585717854886
-0.702553876393494,0.314614511435501
-0.689482213855305,0.375258494360271
-0.691162570942559,0.384132590556824
-0.773311723327272,0.442784508757037
-0.712591221565241,0.437672997516773
-0.677858786691344,0.329503152921781
-0.609983237126254,0.159240144565327
-0.617628130133906,0.371345965333863
-0.532849407731774,0.357399136295319
-0.526120788545097,0.456610152692728
-0.55721523199206,0.387548650182875
-0.589999401251832,0.51028533651773
-0.548269920289024,0.445132978235671
-0.482985362319166,0.583415414988849
-0.559614541841168,0.468448822180878
-0.450905569292312,0.571927117218442
-0.377079039664223,0.402956314436101
-0.547744389931956,0.553716687961306
-0.447462458961529,0.573416122478266
-0.512584828861612,0.520852892906064
-0.547111443368022,0.572705888181889
-0.568966500937276,0.563435064288073
-0.547136029808814,0.588916869001219
-0.515371211930608,0.632642991853643
-0.39764774634074,0.685709154168363
-0.404437369216994,0.682416466405644
-0.462715135566925,0.660913775841893
-0.311921546040342,0.740995394400007
-0.407464665175548,0.68641881179343
-0.379164180006025,0.687258248614505
-0.356901733265517,0.737648365416361
-0.265239736174978,0.737821279026732
-0.173827443913384,0.782709592375177
-0.168572044431959,0.642084611988225
-0.0938214024098323,0.724480097283713
-0.0647429482510429,0.722417760649264
-0.134971032002727,0.690392642093199
-0.0807788206218492,0.670490003179158
-0.0975157617282119,0.56435831365344
0.0299716845541842,0.628814380993815
-0.0788036622817112,0.526657640895968
-0.127232731742631,0.703869580245488
-0.128773572186027,0.671437414700704
-0.045125543219759,0.79065040224897
-0.116593569974008,0.607213925279958
-0.00923454813433065,0.690863597901386
-0.0499229721996751,0.66711908415057
-0.171698118415535,0.550635583203647
-0.0397249176249341,0.656102838596995
0.0271303630247994,0.686745910985546
0.164936875708742,0.444932533344315
0.0252290292612125,0.661033441582085
0.0312505734089296,0.753183322103257
0.0385351458355841,0.688131043386834
0.0312999598189967,0.606016451841619
0.0850161830223358,0.710716364310502
0.0463817101126949,0.731603156096663
0.140893832198905,0.661460423059967
-0.0369661558620301,0.61167895804954
0.0299318789524881,0.599326677828951
0.0829417655044439,0.542592183881053
0.076929605640059,0.723731966384102
0.0678183338447051,0.848788020872142
0.16749479580783,0.689515781783857
-0.0322579612973118,0.856828212204441
0.154838759439459,0.630808191889577
0.215362755225996,0.612535842024003
0.122908180535064,0.626896199304088
0.0586406721091945,0.768728664021945
0.291000372791693,0.649186871703505
0.226611213163165,0.700502036783753
0.205209037389344,0.658497266087771
0.144630658108207,0.706522062619687
0.261715458329207,0.681690441040728
0.115166414580052,0.675695500399248
0.298755884961895,0.583841256653053
0.284479369666695,0.593796632761119
0.18580482844048,0.525891166163608
0.226248379038861,0.606685677726348
0.196058225138337,0.558100847978975
0.0939283768849728,0.714463838014616
-0.0429269743397117,0.568082631963506
-0.0163417049661631,0.489490318525984
0.0153851064371428,0.405268904572338
0.144539746103529,0.693388281983496
0.0628681961208544,0.558432351946018
0.210033948337687,0.575456219167193
0.072158097006819,0.540923247740868
0.147277752082859,0.332386928179222
0.0773288317703992,0.507869049745711
0.068153431925802,0.372183406723894
-0.0894153171249294,0.409796114897999
-0.0126533624629583,0.18879611612492
0.087765496270904,0.233693462855059
-0.136167128220951,0.217440011086885
0.124063480592243,0.0707479060168763
-0.070580475033146,0.162189090054996
0.0548389353374287,0.366108052924565
0.0486317947813845,0.178074835038189
-0.0797755761906586,0.051831287954862
-0.0242901901440786,-0.200323477225125
0.0604371118342765,-0.149533286681441
0.0372895546971779,-0.0965756504568307
-0.136719312756001,-0.0992197938818865
0.0231785743356339,-0.385086552540896
0.155412143889351,-0.349221188692378
0.11097325098522,-0.463843003181109
0.239368930742945,-0.51005932901602
0.190619754223803,-0.292182172282805
0.31791961171323,-0.402244306505132
0.384931965841961,-0.411767658197982
0.373039746729495,-0.396922002462198
0.198210436368092,-0.325750436786924
0.251936427313141,-0.474675297069565
0.355544395062021,-0.324682036066587
0.343432251081812,-0.277733834429355
0.31663605023411,-0.481504694486517
0.405473007404876,-0.116349761102339
0.532263951316873,-0.168903705771561
0.52360882033175,0.0469437110492747
0.525897405211837,-0.123784688781113
0.465361914862427,-0.198748028353986
0.505698326722479,-0.0521257736721356
0.576846322115725,-0.0549575741029744
0.541734455139686,-0.0508565416287947
0.494764695194324,0.00750841744120026
0.448308676372805,-0.0339475554225645
0.492393679897499,0.109772002811945
0.396859846010181,-0.043795304008073
0.653738704539872,0.0200647017800707
0.422900978639569,0.0329943213701153
0.159866582488052,-0.0216257143168602
0.342927103826795,0.126855566655686
0.361856770319088,0.1354981482025
0.48777866073768,0.13342655199787
0.457459962625396,0.298028119280071
0.49350719625684,0.0421356850498462
0.496084698794806,0.236176631476837
0.545616530105762,0.164280405998831
0.548344256116631,0.245174581660936
0.506930080528896,0.374368896875307
0.550020783754578,0.361400670294845
0.5453923942394,0.312987862406081
0.596380775320864,0.246928016794172
0.598716160587153,0.317464534376737
0.644831211941557,0.30330681672311
0.776344380248147,0.2637873398117
0.597278499485474,0.244993468992227
0.571373784091579,0.178864292715121
0.748052920908295,0.269592499152769
0.730385420967607,0.142100302640466
0.483503548047207,0.202744720242275
0.54312444074241,0.116244894645317
0.537048315793689,0.25334520143289
0.477095345233106,0.244549819598431
0.462965423589991,0.183071001000728
0.584758339260763,0.0105143102974323
0.43590130063789,0.054955647413856
0.258993739310629,0.0729433797433064
0.435176787520954,0.090281566819414
0.484185912854711,0.0626335126669163
0.346928375664995,-0.141833220084114
0.429083021060687,-0.0480259249211357
0.43699194959347,-0.171330295783271
0.466724952018175,-0.00017974803060366
0.449361898935142,-0.119955471193761
0.401728167528221,-0.0430462872410548
0.325011526983626,-0.184143786292351
0.364158803273658,-0.274705718663683
0.252476724966867,-0.209954263883736
0.397594750344258,-0.42485760893958
0.512185352065026,-0.521768921876705
0.443100552913149,-0.130239118306574
0.368152280244422,-0.387094567579146
0.406444164072047,-0.362102598509378
0.412615653908684,-0.287888857602226
0.404156698246493,-0.0382889994111784
0.464739526426477,-0.160615369860318
0.391085317799128,-0.109741262542519
0.395340840432232,-0.233392209180544
0.447680115891047,-0.163686332262994
0.427729025845956,-0.206459110782424
0.330055014314985,-0.175063915507769
0.467315971140398,-0.199827192731404
0.35064314562286,-0.245245727858071
0.312359387333551,-0.168365083130401
0.193621898567387,-0.184489216192699
0.178543001827374,-0.271865538195454
0.278476261401416,-0.415405931497348
0.208502749949678,-0.465686430010456
0.332703136148957,-0.371417471134322
0.158859434053448,-0.472102305998468
0.339382627104348,-0.471302696020799
0.0221426851226699,-0.462321839582178
0.22656461130829,-0.448607692373633
0.169393157577718,-0.435029190729112
0.111470953974287,-0.325685000070969
0.161183736406604,-0.503797139864332
0.219699334658682,-0.426790130797663
0.246545565476662,-0.357708492336732
-0.156204061682559,-0.341591832172489
-0.153015526773019,-0.420276135610209
-0.141246860118704,-0.427975623524656
-0.0949614237504437,-0.42715897966914
-0.223674739450519,-0.34554150322679
-0.0152485411698493,-0.489823203688816
-0.0624694002012809,-0.301395729447329
0.00450676642641988,-0.388161879437603
0.0692877109776383,-0.401344533695492
0.0799926828071335,-0.38385380493178
-0.273440565495601,-0.175835875742019
-0.0625973046257408,-0.291747672129849
-0.0769295102974246,-0.272997535925374
-0.208224931066878,-0.187949546058215
-0.279355222810002,-0.130990196520099
-0.318195060999349,-0.213882574092914
-0.120948265029347,-0.299119631646027
-0.0926042383057508,-0.179278043056546
-0.178869672595362,-0.358352958474128
-0.215410538182826,-0.369290565089005
-0.189742547338134,-0.143252426782293
-0.153961204199473,-0.365643178543806
-0.146422891610722,-0.289073355895566
-0.267986271842501,-0.288185804174463
0.0333448264439013,-0.20325611003448
-0.259844311437362,-0.275816225562361
-0.138470524729736,-0.192748609421635
0.063559984180706,-0.169289529082622
-0.149781897122602,-0.128860952921641
-0.0461747578147662,-0.0104604721004804
-0.0703241201825458,-0.163178487966126
-0.227074588681559,-0.155368182413321
-0.0465825237692373,-0.0106594493943806
-0.0590165411447051,-0.0342416295838315
-0.297888543819998,-0.0455429136850779
-0.195454513247826,-0.186352580601189
-0.0846012874526583,-0.0284039066959797
-0.392184076662376,0.0503957274274636
-0.228637423871047,-0.0791467709643055
-0.201449478587878,-0.00268788058789708
-0.376785572019195,-0.0280542361097654
-0.172443825883793,-0.215699026526656
-0.197447632580741,0.0661704606253614
-0.247093985696171,-0.010489916032962
-0.242638978974577,0.163019776747647
-0.00696726967284528,0.0598646602289703
-0.14292303609299,0.0178219097419306
-0.0385809264098298,0.123667011417836
-0.175335332490728,0.130825959270282
-0.0239955793321794,0.0944987879145953
-0.138448036352573,-0.131235067979197
-0.344350850128497,-0.0998290372312696
-0.362204247204477,-0.00740774897741134
-0.451097620448029,0.194781011172097
-0.523200884916832,0.0381268327449793
-0.432490226459835,-0.019985167982664
-0.463126910677201,0.332598458920349
-0.586768623785174,0.405477735596921
-0.462322409694275,0.299962724814444
-0.359811602123229,0.555181764980808
-0.486879356531081,0.349360978308025
-0.470629582530654,0.521906887829187
-0.393976893301095,0.498186722537107
-0.378245558025186,0.386977253033303
-0.326301043752248,0.500284747050373
-0.244542897338573,0.490546111869489
-0.524532064565367,0.40286200976308
-0.47749437069927,0.370259289855159
-0.397898314033181,0.34927769194374
-0.513736900661444,0.482715929181449
-0.48235704420328,0.414472631392996
-0.558970295074779,0.416607856474324
-0.66881561925522,0.511274429443059
-0.647242075392317,0.440178164544712
-0.713975965276383,0.470158729683751
-0.740341539381731,0.496890501770811
-0.82339685890223,0.388670540273844
-0.828665596092657,0.393429371799901
-0.751448499084631,0.407412687273872
-0.753300317198057,0.392629188318764
-0.741717317216264,0.367262625758355
-0.82107725709161,0.388596141114689
-0.772780756707015,0.388163795208623
-0.803442176746774,0.403295876580033
-0.790242656232405,0.416786676820888
-0.787011975324744,0.434789746287221
-0.763595442086595,0.417919311097763
-0.7394380089913,0.440175501354195
-0.812267602212962,0.469745369425706
-0.807049685453121,0.461904286444981
-0.804848789182134,0.475744701098704
-0.80733238656965,0.4754234305313
-0.735555796009513,0.488661768005428
-0.744317265057308,0.524254768371434
-0.760615643893376,0.546585208246255
-0.721709616353703,0.560237769179417
-0.709792744029326,0.574855035300875
-0.722502240476272,0.551092327317415
-0.739289192046089,0.524527114083711
-0.75602606559909,0.547175271624113
-0.779287891215456,0.50671061702657
-0.778180895502545,0.509392990293207
-0.855694544338585,0.499493665938554
-0.861396209352691,0.493478979136661
-0.867403886744947,0.486178091668359
-0.825778762645487,0.455224461344574
-0.820132247716985,0.471239205556509
-0.89929035847847,0.412450599036613
-0.876395668662012,0.435003759077356
-0.914794742215642,0.370545693998254
-0.898563215185286,0.407270263169701
-0.93942658583795,0.310627780809328
-0.920610910701138,0.349132554790376
-0.927824137779166,0.29206938210606
-0.94220740647774,0.247064033352675
-0.947781822774639,0.222442582482804
-0.951945939816953,0.163806824606159
-0.95088744263555,0.141501072783678
-0.891276565794502,0.0776541500239152
-0.903624346312571,0.0660985116761584
-0.891018466022,0.0126143480575738
-0.891339947805029,-0.0256819383353859
-0.964799222527547,-0.0539358240031014
-0.963597974040032,-0.0271508723345452
-0.967673363414877,-0.049418448823786
-0.971490034974433,-0.0344419655531151
-0.965513788820582,-0.0523922576915649
-0.972473370773795,-0.0523480085626022
-0.977758476316601,-0.0756010519039968
-0.947303341550878,-0.0355694158559721
-0.933309548104648,-0.0724073059694376
-0.930127866791095,-0.075097459302909
-0.923735600020806,-0.0597601673562868
-0.919663542714465,-0.0400144094234701
-0.834755848911864,-0.0611372346421539
-0.893662546352319,-0.0641119854367915
-0.918274323088322,-0.109577965300862
-0.903226983805978,-0.166941196295262
-0.915774198913696,-0.128006479360935
-0.878893850573694,-0.185273363776796
-0.908099516861072,-0.139304942074935
-0.91068858410307,-0.173521729870494
-0.911869638597953,-0.244167378532444
-0.895277935476796,-0.20485932488184
-0.88057037351945,-0.249441188458056
-0.877958950473926,-0.27216885308773
-0.876518451259771,-0.258477210653681
-0.87230743442083,-0.291091842072843
-0.865852940090076,-0.289252216090013
-0.872568676532332,-0.309320643986968
-0.844899033168746,-0.329009065294748
-0.861796564651955,-0.296648040833582
-0.886901408008205,-0.391370734636034
-0.871058943930689,-0.410156265866118
-0.816209273764631,-0.388287744307958
-0.816937490535659,-0.393306402494598
-0.805366118363148,-0.415445037648876
-0.764068184683414,-0.475394151203664
-0.793164257523637,-0.460710877481538
-0.75912438540034,-0.504954859503018
-0.733945392830435,-0.539717076170556
-0.722308732525477,-0.539624267192346
-0.740673598568464,-0.533795371572922
-0.716897247855497,-0.566495011356795
-0.720181364971227,-0.555991012843792
-0.700113911357101,-0.589284770350612
-0.701139778122402,-0.581975936944872
-0.726658524218561,-0.561101227281534
-0.686317967744875,-0.611222187745588
-0.719381889034388,-0.570268072775209
-0.707720994251196,-0.630008920513814
-0.718498622643463,-0.591357140891768
-0.691255323902142,-0.604039135388917
-0.686332029401279,-0.619680167106032
-0.715710310577887,-0.577190756114101
-0.706742249256447,-0.598650353845856
-0.737416987298758,-0.568519999402153
-0.729256680640055,-0.564069512412322
-0.73704571114731,-0.562588770418834
-0.738052859033523,-0.558984915208334
-0.742834999990312,-0.548684145736021
-0.781178014750007,-0.5453658124688
-0.747091969342997,-0.548521226131385
-0.788107543731972,-0.500085205040068
-0.735244784900423,-0.546683597822039
-0.778005520755077,-0.537981102606134
-0.754691749416943,-0.470579267880938
-0.717497172695479,-0.488494423715322
-0.782302480393939,-0.497840316235357
-0.767701402076951,-0.533431268237276
-0.695529045188291,-0.538408409646442
-0.715178458337715,-0.530671475735611
-0.678118651840783,-0.587780166483334
-0.72229397786913,-0.579368457713438
-0.692574281830864,-0.620379067925203
-0.58415827045207,-0.635271898566021
-0.657263814487928,-0.650749844437023
-0.586103922802577,-0.649997090761221
-0.562547464869674,-0.667433626108476
-0.525478423189566,-0.702637951339972
-0.478977235380569,-0.751374101027005
-0.500352517876278,-0.732240969906065
-0.439923211871911,-0.758694085333762
-0.462089814887396,-0.796126596537658
-0.464171064589757,-0.797509839845638
-0.347581217958965,-0.807640620767302
-0.335966113903336,-0.843432969745625
-0.303694116394513,-0.841686964737582
-0.244599245228467,-0.879375713796434
-0.214934483673174,-0.894195841379365
-0.268175809110965,-0.90274085589638
-0.21554461935551,-0.883329352428195
-0.21317564433016,-0.916366562025247
-0.203094582531169,-0.913862395583403
-0.217625488503344,-0.913030831242585
-0.204088913685396,-0.895933368762087
-0.219374670548823,-0.919418463387531
-0.190161713285041,-0.919470472203934
-0.229293461255594,-0.920881670177225
-0.241550782553542,-0.882373301498587
-0.257237975988362,-0.920814469022141
-0.2562827477097,-0.886700969769962
-0.268667231931159,-0.945550012033831
-0.235420318714222,-0.89768103329111
-0.268004875740389,-0.881607222399433
-0.283172704248096,-0.939235749124248
-0.288848562770705,-0.951045145453835
-0.294442772397039,-0.876179506151073
-0.287601438747919,-0.889322895135373
-0.312672964731007,-0.867403379888648
-0.346575159820182,-0.919966915681593
-0.36754456669886,-0.91155477683326
-0.37725824727154,-0.906959608318094
-0.360789900685729,-0.909702502630854
-0.366005072496617,-0.913629704501412
-0.374359231969903,-0.911239290266474
-0.376994358567182,-0.906353093737788
-0.351087081263294,-0.918018655756815
-0.330359503138706,-0.928244650334886
-0.363685542452427,-0.910382338548278
-0.240461209746029,-0.925363372974898
-0.250913240406733,-0.919627254866771
-0.288238985859568,-0.923570171803636
-0.27609440424879,-0.923492605369396
-0.215364159914597,-0.904672368837117
-0.207937773560967,-0.868683250605632
-0.180618061433992,-0.839916396392725
-0.233443041171947,-0.856207543197887
-0.175634759444283,-0.875275247863239
-0.0855685481891273,-0.84153485298207
-0.130952400757741,-0.810834425202133
-0.133493664442661,-0.798662618409097
-0.0491993203395066,-0.83255524299891
-0.130440863777835,-0.838423039667503
-0.0285173947481229,-0.87904653938302
-0.109605822714921,-0.836194672023164
0.00615782782531285,-0.85701499668076
0.00167345504457013,-0.902916826561871
0.0975375226082723,-0.875396209093585
0.0530858320086058,-0.905638215601943
0.184657739912303,-0.863235295571978
0.202656808068251,-0.897032772575463
0.0976104708321384,-0.906543450044993
0.165781579222362,-0.947795714915152
0.10645934507486,-0.916760080224081
0.182571793493271,-0.925391119606243
0.140489625896071,-0.93361145828931
0.130521747424144,-0.937719673585437
0.106559096295388,-0.98516763742816
0.101931154545812,-0.979453632429465
0.0436865308331754,-0.954172295967774
0.0934287907672771,-0.950198487759509
0.0871512487416714,-0.956099807200059
0.00821629290925473,-0.95320017814076
0.0763506055718351,-0.955187615127523
0.0168713425205393,-0.949172284097846
0.0236343855479374,-0.927960682559467
0.020315561382721,-0.98345395119835
0.0364324341255666,-0.948949700162165
-0.00162146282473349,-0.924805167770119
0.0368310120073678,-0.98224949684278
0.0478226800520759,-0.981598565469183
-0.00325665731679608,-0.950524583388094
0.0543988229398763,-0.94412825615078
0.094904724364343,-0.933734105592497
0.0901875295714736,-0.934486915778814
0.108467432438654,-0.91783482802948
0.158186911340629,-0.91780646941056
0.203107066920444,-0.904356751421115
0.144958739474891,-0.903249794168862
0.276811747881555,-0.852906083468407
0.216280788476643,-0.880621623362311
0.313034968733281,-0.846157418189136
0.330520820173922,-0.85098689781282
0.385287629576341,-0.857525045986898
0.426644795387832,-0.838981301182409
0.461094408925295,-0.828353699727948
0.45036049294741,-0.791513758557224
0.485278309822886,-0.817278145708834
0.517096987944134,-0.813378331393522
0.466866404299957,-0.809843453308246
0.5115987973994,-0.776069853636657
0.536298715828519,-0.788489713558385
0.491537931663995,-0.759840446072324
0.528028633409866,-0.780113340402098
0.533838351014477,-0.81539529363205
0.454661201900333,-0.784585215098296
0.504945093699531,-0.796431774525594
0.384161252064715,-0.788867530888109
0.501304744232125,-0.848293805481905
0.499130454621539,-0.848088431583444
0.5328939291001,-0.831173308387512
0.541819132734323,-0.823435486027873
0.544057281164116,-0.826572832950035
0.538711005498233,-0.825515441401767
0.535241156095421,-0.794445308238881
0.567394995320456,-0.815548491630344
0.546728861140765,-0.824825096752438
0.603141418393744,-0.781744274371364
0.556942572809166,-0.747293665183529
0.573013583329787,-0.799615604563568
0.564952935187169,-0.807121985077649
0.598837700490334,-0.773974364874329
0.577647274190072,-0.776183800019134
0.489886422675478,-0.837631139771787
0.470767517029132,-0.823014835578617
0.50969433663684,-0.766415406469699
0.450554902882048,-0.790923574172892
0.446880416208972,-0.79460709337423
0.427904153701775,-0.831165130965663
0.434499981255245,-0.83319363177245
0.406003570393933,-0.845749181079584
0.370494847453383,-0.895367769171025
0.335212331233749,-0.856050336454324
0.356965560344183,-0.813811583072149
0.389238051709266,-0.806572954334103
0.329678008130973,-0.791808312726233
0.402780072831704,-0.858009398846417
0.429412345663099,-0.857825229454876
0.386758443810669,-0.809095611038015
0.411396702519693,-0.791207969421427
0.353948373906541,-0.831467968303935
0.401019925316537,-0.719236760125001
0.367786770250609,-0.663455219194583
0.214481207486931,-0.723034257746522
0.386429818626286,-0.512641933075943
0.433008981624854,-0.479939370839948
0.412409160995629,-0.622978739657967
0.200219000921728,-0.390358257862849
0.239538245483706,-0.444149274492188
0.328252922768482,-0.374732638002851
0.351879871908624,-0.323624174445083
0.387646754404402,-0.360158929992666
0.266041719796508,-0.210578124651073
0.309311359736107,-0.389601729584317
0.282587121820635,-0.470394324953433
0.164705146326265,-0.321498837242152
0.272896586796122,-0.302786626190703
0.420218666513128,-0.222177193206647
0.303347260852985,-0.532113168575616
0.522372725230514,-0.467490977695593
0.553831606515674,-0.383624160875142
0.282900286987183,-0.300040896191073
0.0500196119916979,-0.114732773095785
0.382995729226699,-0.469794937498258
0.276333450334893,-0.372548114819066
0.29976792009349,-0.435611647606902
0.272472617851562,-0.21990609804029
0.224616257251671,-0.0102969036374479
0.132501474577212,-0.150391936160996
0.316565168173431,-0.364934134406069
0.301531612597053,-0.268062984228546
0.232108855560354,-0.0150185929072877
0.197245535477094,-0.290025296760517
0.236884761843513,-0.243036776114415
0.306197338671678,-0.251742032531462
0.349474594027327,0.00805802613119094
0.379543318729464,-0.259376903388675
0.375293889093832,-0.347941790351731
0.489080633851333,-0.259132636627205
0.483893731029686,-0.391897071241639
0.420637148582375,-0.324267274968764
0.569131808416969,-0.195939342279755
0.598058488758996,-0.229380690473686
0.512222229165375,-0.225183278051146
0.524844827590157,-0.134771877455462
0.584012773534518,-0.160565376731837
0.596710667236678,-0.411578752811365
0.63168183238644,-0.119181762753102
0.530808058452697,-0.201652739448195
0.666215489819909,-0.23223807545604
0.65226579042305,-0.156404420167749
0.620880655848075,-0.271874203403161
0.570224555983492,-0.158447821425437
0.55356371756495,0.070575386536775
0.594953416048721,0.152819753477403
0.503706478007005,0.126778690795159
0.61247061536546,0.244487820984426
0.574466358489628,0.333555167391227
0.444248183833553,0.329656549770703
0.761299973416423,0.111549981096321
0.704641638695885,0.259340957627514
0.652932265581172,0.0311410562833292
0.7174144013816,0.144970788010611
0.668127171390304,0.324711285668858
0.749988604542731,0.371323850769134
0.677296126471944,0.301216838265249
0.561470131897633,0.310144591393853
0.473527141292805,0.447477998035782
0.708885288831012,0.428705142382776
0.802900796151232,0.308680728033074
0.63630058213624,0.400181649536943
0.791530563614746,0.362219834406996
0.764195889202981,0.282286954226728
0.694700428623022,0.261311931263089
0.742861892254492,0.261909063032352
0.761874966606333,0.203188064251812
0.77841205753026,0.123417897149374
0.711878740210654,0.0955482016858387
0.720856528613044,0.0548467179917869
0.835038260285553,0.0230491513910351
0.720324930407149,0.171248274744057
0.79651839048735,0.0827560324887656
0.803591322925089,-0.110656302361325
0.771229921776016,-0.142055443522242
0.725815232438927,-0.012821792460369
0.768337501259603,-0.0972008921278323
0.774670308665458,-0.17125077390883
0.822446331014314,-0.198000082530033
0.81090508387544,-0.164890557131544
0.796468268832492,-0.127207618011438
0.883473782404387,-0.167969532793518
0.902206853165837,-0.140722618080138
0.913085152949943,-0.0849706147195053
0.920397210139233,-0.193432766579894
0.895089313708204,-0.0994638254188131
0.826700639736883,-0.047713470459799
0.926952795595962,-0.138494162896836
0.811348750461141,-0.180116523730935
0.879687588904319,-0.151283760257821
0.96250207918271,-0.129845046538724
0.897868222808187,-0.130648294534874
0.912946801647674,-0.166955966795108
0.890111466555546,-0.105824006188468
0.934635758709583,-0.152843668394657
0.935984243377268,-0.0880935546929971
0.918891332439505,-0.190460320315855
0.833119430519478,-0.192752131121942
0.882548286784455,-0.155203949055746
0.900559520037486,-0.188614473835828
0.844559217196426,-0.236729725229722
0.895348146750881,-0.3216802582111
0.894206660497796,-0.370032061311444
0.831170208338609,-0.427251043442926
0.712731325522279,-0.374187990820301
0.778375760999394,-0.424061087961897
0.821216237702294,-0.339985195419311
0.772179382137781,-0.40010097653857
0.778758388809547,-0.350245574232959
0.775378951433619,-0.343424626390565
0.81542889580708,-0.33825136546397
0.707413895644728,-0.344490344360798
0.846503084740023,-0.314012203539102
0.741197442757825,-0.288185403692542
0.782490221968456,-0.313940623538901
0.781567061780496,-0.185720234523339
0.830310394305561,-0.192951791216411
0.787641235375737,-0.13217174013724
0.641770597017568,-0.11018573540792
0.561210061148187,0.0388631386559059
0.716528551279182,-0.0430401552149062
0.763184280358862,0.0383211641881728
0.840821102301437,0.0476684482810088
0.889846244843299,0.177589001043245
0.873113291455976,0.196071298637619
0.751762207064225,0.247324737197896
0.774199520294672,0.227141676873411
0.804732891745973,0.305523110036625
0.846226921827441,0.384120315772368
0.825618660182796,0.409317154667538
0.830321915829892,0.41961376610223
0.845417391026056,0.456743038098552
0.803429460808152,0.421903906497738
0.858202289764918,0.470937616020511
0.717161199790567,0.422779853145973
0.857192361577343,0.408589044705291
0.847159956673378,0.428462388527337
0.868916351996023,0.362100404555227
0.876834220622506,0.362541061896953
0.820319860767822,0.330823377158501
0.893487701899908,0.323375775185731
0.910800742429374,0.269008185916756
0.914469403992925,0.261617776329275
0.901867358706491,0.285682794831271
0.921890677863154,0.216729590932899
0.917715942997206,0.241878643773054
0.922617328307112,0.222782509785556
0.930116969947861,0.198829756481809
0.92070780233334,0.194484302821639
0.897112587502695,0.154494044528272
0.928055761741659,0.192074285774064
0.892617793787564,0.185757532594349
0.94584547197444,0.0637664691418862
0.936851837290243,0.0836360596092618
0.866846677991031,0.0503959875037591
0.898236591418648,0.0566294310193849
0.927344282420772,0.0725363146785548
0.818155564381882,0.207734079727946
0.906246640782872,0.124104311490083
0.873149173032663,0.199487945469465
0.879663042272741,0.223866989196636
0.850388651905905,0.300057503067012
0.857419897678031,0.360429229215615
0.799727301582166,0.350093785694942
0.798632551179999,0.472539938512483
0.836999829303083,0.416267462039975
0.840135647469163,0.46753127789345
0.773757352851412,0.488382520909376
0.772947903834502,0.541126603895135
0.718604561228448,0.500417054157967
0.705919822918292,0.51580325873079
0.687376408792889,0.580242563997818
0.73691872718663,0.596511976941428
0.735229339116577,0.589026126064748
0.721674298189759,0.611436069150069
0.708916028287199,0.637334670803972
0.696949408105754,0.640771511598229
0.689538396683314,0.658800367721475
0.649362424979182,0.671658205103455
0.725154238817902,0.657006897328753
0.649344756902597,0.669597352477795
0.696319424336413,0.688313313849002
0.618222993924066,0.69993105629287
0.681090979376162,0.710626291844919
0.608208190965118,0.710487228742738
0.649446879532372,0.70551296605273
0.614351536208972,0.69544579655699
0.633130723378282,0.720695696524252
0.664587891775188,0.687232347711293
0.647533320803055,0.738913672018577
0.689520406715314,0.661340704030719
0.677437429693801,0.621345090003983
0.695422108833963,0.669910550493045
0.678580054496961,0.627483138277485
0.631387883862102,0.645362830763584
0.69647413517779,0.67528400262415
0.598884180381807,0.688641367920492
0.64949950614019,0.653237272307497
0.667146090130732,0.709343878754806
0.603190323549049,0.687414533146497
0.614340907684551,0.681133106291618
0.530763054054734,0.735974981517339
0.54781563912738,0.639677707532434
0.459988550042939,0.674071403435704
0.418571193502834,0.732649223834505
0.395078860620098,0.747213784006902
0.401525184764783,0.762871135147472
0.412549297237904,0.801070807814937
0.394129931263017,0.834581947776421
0.363879709010867,0.851394883159037
0.298967042110923,0.877104812592687
0.280536365541965,0.858573496090597
0.226749464524904,0.898830734203876
0.250679451837896,0.893812072507939
0.213004743947578,0.914032218620311
0.234451489342823,0.842490858947388
0.173668554318323,0.921086597536833
0.155254919469307,0.929584469755153
0.0972933384571087,0.900041961625101
0.0336996203608438,0.916152345112184
0.102211608319628,0.965279563655704
0.0511077078328912,0.975063026595351
0.0170071986200664,0.972639010584021
0.00928873108389548,0.904115030770919
0.00584235458471939,0.925866400052689
0.0302236068159893,0.921482387267915
0.0334632116012438,0.914869384103221
0.0220072044245294,0.931104468860567
0.0598983494517122,0.933739402017948
0.0525063659067137,0.930211571709795
0.0663714499593189,0.944727437612662
0.0688056761278485,0.939413839817437
0.121384416912017,0.919419467361433
0.128406254351307,0.938852113572407
0.105748751298356,0.938680567325399
0.136639009913873,0.916106919780564
0.185087259542066,0.930482513471988
0.198878136947001,0.898231927148426
0.262995230123445,0.875126168119251
0.264747528457693,0.886983885949345
0.288551889862028,0.838501645233697
0.339797985752281,0.842700226270486
0.356146981547594,0.820119715543153
0.313999798666039,0.857540820523427
0.339636651128568,0.867623751741257
0.446117649916753,0.757283896443206
0.387080039463571,0.739358991393079
0.559123364000839,0.616538792298285
0.530085503008762,0.482164796525702
0.432935037675503,0.551920905552931
0.531544824189181,0.500374631516851
0.599219069979403,0.349643375521433
0.63763242722385,0.354381649100192
0.631042412284009,0.276918215101081
0.555863937605265,0.244759238943638
0.654427962716843,0.244944986029764
0.6305036091788,0.243507041369248
0.545909230468045,0.128861235677854
0.424961963298975,0.0828936298733672
0.657230746207082,0.0739477899299781
0.56326107208975,-0.0479156354346281
0.506695440695324,0.101617453224984
0.495005113020885,0.109526995955675
0.384612933032619,0.188416811426681
0.511629946299759,0.0725332128448051
0.369489960373802,0.00688424695495788
0.300127918012924,0.11661967721495
0.219892572040524,-0.110351486452273
0.283566754657425,0.0626040966550849
0.468555455522705,-0.00210726325477074
0.234164317400984,0.0364385371557596
0.309410246071061,-0.0692103531887859
0.150484698306328,0.130905339964997
0.0619273926034229,0.316126931847405
0.146028628369807,0.138615216581805
0.123194551388722,-0.0536553383572118
0.138666126953263,0.0393909791020425
0.213116508740859,-0.0142434476201572
0.16716785232625,0.0666252178810517
0.120994230080986,0.147165450441335
0.214821004200409,-0.100026031811229
0.242600060940626,-0.127506329546716
0.179949823326651,0.256798234975809
0.0888868612763439,-0.0384272715218066
0.0870007804285052,-0.0718212583328725
0.254861355391325,-0.0347469401150769
0.170455066959716,0.0195815288985951
0.0836430758706956,0.0768959744684895
0.0464293070315588,-0.17279837320478
-0.194758284341393,0.24486669782761
0.0986623176858857,-0.00213195454403557
0.191805611274857,0.18154362036408
-0.0450371217930982,-0.0126540294326969
-0.0674723218168502,-0.0925920485378183
0.293333443253037,-0.0302598597994356
0.16306704554696,0.0716961685660124
0.298771108140547,0.0818034600824976
0.178710450153731,-0.1916693907721
0.122640625193786,-0.137952439341023
0.175507448284363,-0.139966449008467
0.294990059763367,-0.0487081595353126
0.13826371853001,-0.0726601862810786
-0.184677468415357,0.102492594778328
0.0427730928935897,0.124464569836087
-0.0555336571433319,-0.27482572666887
-0.127316061016619,-0.0759186044156436
0.112151682435774,-0.0366472480769943
0.0136820689730491,0.0979583019349535
-0.172908762563074,-0.202129305269017
-0.161759289148995,-0.0153611092960821
-0.0569943063964096,-0.0927825624524164
-0.163042293462037,-0.0529401673547674
0.00279413264306014,0.0652013637513251
-0.178930291120295,-0.23019425665862
0.0898411730840888,-0.122600676917666
0.0685780306730267,-0.0325475484945279
-0.021919635565034,-0.271572432826471
-0.20238215774467,-0.0234383333961289
-0.122962399263627,0.0704685706929841
-0.0348719462102854,0.0985637441088218
-0.379003929745259,-0.135502490827039
-0.169054337016036,-0.169977625042226
-0.192673872505943,-0.00170770698557083
0.0307141584874205,0.0947681891096479
-0.0937363408643201,0.0879639813100258
-0.192723299182219,0.226967233145832
-0.229071321110499,0.210054890687425
-0.167179925343382,0.115561668521706
-0.0740236088276993,-0.110534061227613
-0.00737479782661318,0.203113056900635
-0.0711348327732804,0.0375973989314474
-0.0200183119890074,0.0949340754366147
0.00829603978415598,-0.138576859977553
-0.0736553436612087,-0.109181775187319
-0.17152774464779,0.162978721979483
-0.07930326802948,0.00103390377903797
0.0822639818765911,-0.0108993667871003
0.0110243465925606,-0.194490147887197
-0.15622388020027,0.0313206475476412
0.101774927509,-0.143332747934835
-0.169833110848544,-0.203498875839649
-0.121582004232453,-0.0883464331912224
0.112679062565613,-0.028448480147693
-0.00955080474978598,-0.300782532427482
0.15219651200527,-0.104640001590832
-0.122167074809529,-0.176124738897391
-0.124656239262525,-0.210540550833707
-0.181190677594028,-0.0715303935092862
-0.119685716770148,-0.382122022410301
0.00079815432478315,-0.306846739650326
0.000322561439109662,-0.0356680652472968
0.0224126900025727,-0.030573706218264
-0.119077424829226,0.0220791047186335
-0.0655276060612389,0.191161567010776
-0.0205682524131366,-0.0968738865232806
-0.114962550589195,0.0952380952380952
-0.0212549918054768,-0.0507821494768006
-0.134508124114717,0.0970479396707653
0.178818178806649,-0.111236981613634
0.0617169963618134,0.00948998235946303
-0.0509691065254383,0.0587678735824297
-0.234673872610545,0.106429068838726
0.0257200627810842,0.0374503748922047
0.0691071335498332,0.1161500085159
-0.0627423033717058,-0.0354933129415903
-0.321707349946332,-0.206744799357137
0.0541813529995974,0.145988661002524
-0.0990365398027726,0.0424645165458563
-0.218445716181154,0.0587192495627017
0.00638844397462939,0.121046719046255
0.204706735265009,0.035973796193768
-0.258909673787314,-0.062652848965146
0.0920417608384078,0.0934951695706634
-0.0233473535661148,0.019294999004705
0.0940095939452957,0.172933933282018
0.223998297519731,0.170006855483348
0.0822364942262238,-0.174893747745578
0.166067250401625,0.194774053601001
0.074535599249993,0.0189800436944374
0.133103220858592,0.0372161463782393
0.031659682746656,0.1133852829835
-0.218592619024321,-0.0627107421205532
0.177580301604621,0.222183783031976
0.113582932752585,-0.0868141225083501
-0.103785765457271,-0.0446408582454609
-0.0157745385388494,-0.129139644653417
-0.203956719597769,0.0116122553109514
-0.299831170211433,0.152593306885161
0.147055241884014,-0.329999646106679
0.254383519580726,-0.0495547633753686
0.171941486995102,-0.103996134657917
0.0858319263789429,0.082030289307247
0.0943675005969586,-0.0316850443042032
0.0598522467103696,-0.113821548717703
0.252372004973552,-0.0402218961166566
0.370640978544257,0.252511077325345
0.269217803125921,0.0878732187481834
0.284261460470546,0.107531997953948
0.407005389694352,0.201330818470872
0.163791742040768,0.224025602234452
0.248571279776111,0.335853343644539
0.0607790006845244,0.0611948324183282
0.183918980003967,0.00492975458549495
0.100304504940902,0.203532519248605
0.0263066820882328,0.22908395241176
0.100131773790146,0.23727995131121
0.0744322927564787,0.146781809578938
0.159119066660051,0.0626145882317041
0.275994033205804,0.302370381459199
-0.144321118934315,0.459299548255422
-0.235953978211285,0.461154632156255
0.0113939082145379,0.550157715204984
-0.0703227320235393,0.45462460134413
-0.197887077159585,0.615029211470878
-0.359872539671551,0.292573995445027
-0.324927752049284,0.223637178550316
-0.202742694394253,0.651942685061232
-0.298586221490885,0.50087514394134
-0.0155410786179051,0.546810732517046
-0.108240518812805,0.771670989923854
-0.222047134926352,0.860905156719496
-0.197822996011175,0.930796820382308
-0.261515630046621,0.862219800247153
-0.277719610706766,0.787975878180401
-0.345285456362227,0.836221107368717
-0.297253553840884,0.880528586574069
-0.304475626450528,0.875680649218957
0.0260350820224085,0.591788541852615
-0.273760525214363,0.771320328983305
-0.382629521123402,0.844704477350637
-0.38570286397682,0.811869627507277
-0.393473535678765,0.824236451293728
-0.394884318879569,0.849937445441264
-0.403160503518997,0.854255987418642
-0.382262315201387,0.857687044856345
-0.348664554651841,0.875710167439325
-0.35419348489131,0.86389032846048
-0.345103771218942,0.877384380579949
-0.296740463294773,0.822775426972375
-0.323088590981234,0.812552923061146
-0.312742189265193,0.890178843184955
-0.324341650547981,0.897195862571806
-0.312309354144013,0.895721718298398
-0.359620083713774,0.869856499174361
-0.291052351903341,0.930666264786821
-0.329143253653479,0.883296748085562
-0.290677794349021,0.930235952241232
-0.286182685121557,0.894886552415134
-0.269082492061751,0.917017030892751
-0.25903324012349,0.919428164927217
-0.25909834996006,0.922998195096397
-0.281338370794771,0.910941797333618
-0.253400781754154,0.922395825568235
-0.274517162076122,0.914850451599649
-0.221200117022328,0.921674018463696
-0.246159826462087,0.91839573159733
-0.293516937781321,0.925452925810783
-0.202292135513422,0.929716199468538
-0.258394228704457,0.854150934858205
-0.330255788491206,0.843158202806183
-0.257403698042491,0.896236720651896
-0.340597960196246,0.887069939555875
-0.337689251123747,0.905908667823859
-0.356460388640111,0.876074855849734
-0.36684898655203,0.87451940894371
-0.385412587249433,0.860547883657347
-0.427029127387888,0.851828953851016
-0.477096567397253,0.824044978216274
-0.483554840544698,0.82241015266208
-0.485266683859935,0.817326571049396
-0.523201648973411,0.795510531563348
-0.554819267890167,0.77995808392006
-0.554036472390934,0.77705365564893
-0.626926387260363,0.700336299864904
-0.617530623370001,0.732155790349868
-0.655394881559981,0.693789937319476
-0.651444665808515,0.665157201560148
-0.680411958656641,0.70404953452377
-0.701830765794469,0.683327408794149
-0.643452307665283,0.663694870519336
-0.716496550201432,0.630111458129571
-0.706982209968265,0.602112968090939
-0.706171808033689,0.639719558531816
-0.742994156393912,0.643207612123775
-0.724543206048524,0.620952598176187
-0.721643396814749,0.626318746848188
-0.658494810152584,0.65717915852141
-0.760943380191245,0.628354864253094
-0.667431059275236,0.647389438786124
-0.749187782754069,0.637795689840415
-0.689349653056302,0.625631216845154
-0.770299307819936,0.615730331166724
-0.732522231424401,0.584385470827064
-0.747211121098743,0.599263532130499
-0.747991861974965,0.631289161828747
-0.773495495823847,0.527718758708501
-0.737985433214215,0.597600222835682
-0.795594739494842,0.538453603876932
-0.796314675636549,0.565285121806934
-0.774825076652889,0.512165069472983
-0.777719876767019,0.55125806769486
-0.789407431230312,0.53502849655492
-0.774579904764064,0.551104170660655
-0.788209620982935,0.574680647204432
-0.74425253707231,0.527180439691695
-0.778473487174334,0.510788866315383
-0.809354852508194,0.517475914304653
-0.810129824134273,0.431546363815447
-0.851698168598824,0.443019487881235
-0.835426886835087,0.377385014947829
-0.867257831586138,0.376090988100283
-0.831364800302714,0.397457921506981
-0.842230426456166,0.38357333724893
-0.865981788650622,0.217784182191072
-0.892644803986744,0.247435977833633
-0.883499194145717,0.168185244262914
-0.9466873431297,0.161637674252532
-0.917817625384922,0.102245555270588
-0.917902612655139,0.0996663904242091
-0.882162281047488,0.0756854391567768
-0.97042576476866,0.00210464198053322
-0.906725929974071,0.0327245581683464
-0.965783322812544,0.0131922824980768
-0.921972711291703,0.00483352504748488
-0.92447560469758,-0.0140237263649919
-0.80082096757925,-0.0844086576924279
-0.811114310432434,-0.12770071784487
-0.928809905003213,-0.0387102077284259
-0.929614671096379,-0.0465036007909317
-0.845036257658674,-0.071469514594582
-0.843711489468813,-0.103224821848334
-0.859310845375791,-0.0513568588446144
-0.863600327113481,-0.117853775110493
-0.935403389767902,-0.05138875761877
-0.937835175782417,-0.02199518515043
-0.930883837931085,-0.0702755715441874
-0.916237546552134,-0.0237121491738449
-0.909013238217474,-0.0564019100863078
-0.889860495159734,-0.0155057237221862
-0.926085346948387,-0.0321187322083026
-0.932145735942044,-0.0424178726781246
-0.877424278309377,-0.057449962747017
-0.924896489226128,-0.0305819064258185
-0.854212984782737,-0.0201323062598483
-0.865409837745442,-0.00732374526663481
-0.88500972944843,-0.0810758043662696
-0.863275856383697,-0.00474267603117402
-0.924958857739957,-0.104040110495952
-0.945820213536016,-0.0861398158821043
-0.92419616774407,-0.132534707207362
-0.880175053422905,0.0168835239812367
-0.955273626689471,0.0144072471121466
-0.910586514242198,-0.0575633739558493
-0.90615888362365,-0.0406483109011824
-0.937695491904713,-0.0332888236465703
-0.942857562587565,0.0228587518221109
-0.896642362412209,0.0404468816464779
-0.880308085223504,-0.0196658239219313
-0.881613983923533,-0.0186303216757192
-0.923178149762386,0.0426275356211848
-0.900655336023327,-0.0783385350528633
-0.86837841524352,0.0146353857272822
-0.889295304224705,-0.0507287787423008
-0.862254612663166,-0.0645072482029355
-0.860472645636868,-0.0501100200707961
-0.81869104313067,-0.0803618612180832
-0.820370181867114,-0.16530041391192
-0.763272829182313,-0.232030023651525
-0.778067201056879,-0.0356897668715036
-0.821554326250352,-0.190551805849631
-0.815317025898829,-0.207803274179309
-0.884472839198245,-0.245606214004659
-0.842456464164493,-0.317421719848337
-0.851834841118692,-0.305143578780459
-0.777662601468964,-0.331689512972361
-0.763978827931376,-0.337566364764319
-0.856074316460494,-0.371409850626981
-0.83131638497264,-0.407767418708605
-0.825202415700751,-0.40000322987349
-0.841050065201293,-0.413001989671067
-0.855188622517461,-0.4650768092269
-0.779934169097598,-0.482251191296943
-0.786944511088559,-0.505512816563377
-0.786222497602937,-0.561500631597678
-0.711251976652653,-0.582439362882485
-0.724999277371581,-0.592120288000227
-0.741343236713269,-0.556283093460548
-0.73372063127143,-0.634097328828256
-0.70541024373197,-0.608998421981649
-0.722345487567145,-0.645777322057332
-0.698135965130172,-0.64734371031179
-0.763900218236596,-0.598299609242769
-0.672264530064701,-0.612062962327235
-0.727890290482726,-0.602851206052986
-0.613619571065264,-0.592930342204882
-0.573048616203962,-0.606115655004107
-0.63899094955444,-0.618055542280763
-0.691999664515699,-0.63263258781417
-0.654977376472646,-0.6838156243665
-0.609512188066593,-0.610461026539544
-0.611220754177526,-0.567803430472698
-0.660593850172974,-0.561508694003191
-0.609400237863361,-0.627298299184921
-0.623731397044464,-0.629574875485109
-0.582151478428192,-0.608469172486778
-0.567433262590519,-0.640646609067426
-0.575638913480217,-0.692453203873328
-0.616982937787163,-0.671682782409763
-0.576098220495562,-0.779384493331239
-0.571921102228162,-0.732638602192174
-0.546957198463917,-0.765723175213001
-0.521285334911758,-0.778850441427298
-0.532554842303351,-0.783213154720927
-0.538639260521566,-0.776672442575939
-0.500727798609769,-0.805625587767229
-0.511828408212786,-0.798332417975312
-0.467513687830925,-0.769194689066346
-0.46824571713464,-0.831355657648781
-0.4300452308107,-0.773108160055078
-0.391466465103554,-0.805153798738923
-0.406879785017605,-0.86177638620248
-0.422803993811036,-0.885848999429185
-0.38076789143111,-0.908094537977654
-0.395893054520153,-0.900571024677708
-0.341158725741822,-0.87836976518364
-0.338680581769392,-0.85073358138261
-0.353779300380975,-0.889442299696831
-0.327461228009664,-0.892563576570921
-0.26097136731653,-0.916404648150029
-0.305762566672235,-0.901953303922133
-0.300595157087199,-0.900108749345704
-0.263167043105267,-0.906793078681421
-0.24287710735251,-0.911912013518236
-0.247375854632144,-0.912226544598764
-0.275095231823894,-0.906660458694524
-0.283155336002387,-0.901612468080163
-0.239211425567602,-0.889182661259234
-0.25392804617843,-0.941325239325348
-0.199063598944402,-0.891990397881158
-0.224824213305969,-0.918056993591551
-0.182583545674824,-0.923090739963708
-0.141501272240532,-0.923656375303548
-0.144452511001589,-0.910853479464669
-0.0734985367831672,-0.888911973994588
-0.0859499081754951,-0.925972242690186
-0.132281179014958,-0.963807040946256
-0.0868157073504277,-0.919475180891041
-0.0902717702911931,-0.897038903552039
-0.0917040889585934,-0.950699745703793
-0.126401790532568,-0.931125930257896
-0.0977023203841175,-0.932559651857456
-0.156028385648391,-0.89537199542618
-0.153268479084811,-0.938075797091294
-0.186986001873564,-0.959662672839702
-0.163012397490095,-0.905108299364016
-0.168261337622403,-0.931301110960139
-0.195909549131916,-0.899394819794891
-0.216997258584888,-0.954296254195749
-0.179875829733114,-0.930077000307021
-0.263064206933828,-0.914062732481007
-0.226354019891868,-0.911562441064837
-0.261162086909261,-0.930577254833423
-0.180446422801378,-0.909263730336513
-0.247901207395861,-0.919668912396945
-0.195721494340428,-0.96295273250092
-0.169952657027714,-0.89571161649565
-0.214922514707701,-0.955224949870631
-0.182943248780564,-0.895929826634527
-0.171825583625901,-0.930891492248756
-0.183539399992109,-0.963137525055525
-0.143404071939259,-0.899458900129056
-0.171869098630248,-0.9649854829788
-0.180292160516909,-0.928051477064644
-0.0993167782339879,-0.939711568777174
-0.123044271212587,-0.907678584154135
-0.110015253975493,-0.939826956988963
-0.120502608329394,-0.966580349289843
-0.0264209003825351,-0.912104558012283
-0.0656487929601323,-0.961124132410245
-0.00493275481238288,-0.938001154639066
0.00206526425037709,-0.9104295380541
0.0448111239911663,-0.928022043844284
-0.00825741021193733,-0.9265101696684
0.0682199295332002,-0.927198304666303
-0.00752408107205176,-0.953434263303835
0.0185734975825836,-0.921723612636602
0.0797820389609173,-0.916142032766401
0.0627924207865856,-0.934980598472731
0.0339629472948254,-0.934049871272061
0.048000076501369,-0.940882372580081
0.048487711805905,-0.940724503655508
0.0288946837164974,-0.949903179807186
0.0874417895823986,-0.940997980503588
0.0897545220099403,-0.94747806717483
0.0831378119185544,-0.937914010439104
0.155976470352479,-0.93449837238523
0.153544649559646,-0.933003932819827
0.0907755725274403,-0.931766518121909
0.168831760257327,-0.926839036513699
0.112395759378918,-0.917646344367249
0.181172378533672,-0.912238219242888
0.17702686870223,-0.908726127454521
0.194568826229998,-0.907349633322714
0.25905020290708,-0.900081248079031
0.243556842230052,-0.888715878473359
0.285845380394228,-0.886388903490908
0.327984204606541,-0.873087204734221
0.313148333159163,-0.870014959902418
0.368825101916323,-0.868198838807423
0.33621407012576,-0.858460823595558
0.347260621955345,-0.853909094950031
0.334845024257028,-0.818852111375507
0.36985568832398,-0.810260112254709
0.291663303657966,-0.832060902652965
0.298654161229233,-0.826777135457269
0.200666723154945,-0.819400853888698
0.146291512701608,-0.799465270150168
0.0452083196974355,-0.712631976009959
0.033594311771358,-0.652822946357511
-0.0110396089476409,-0.697264960290866
-0.00539886220887891,-0.671244813620162
-0.114063858938765,-0.697122897331884
0.00829538820684967,-0.730154053718764
-0.0820829270681147,-0.686082846022372
-0.173623231327397,-0.749068564535749
-0.168691694098338,-0.698415486718527
-0.235808347470517,-0.734834412208807
-0.210821414244989,-0.764235785839204
-0.324796884510148,-0.715029743065563
-0.301598269474375,-0.721996908292133
-0.329568882834565,-0.739492948210582
-0.410697988183147,-0.794793991728642
-0.39099141167544,-0.77025799363882
-0.39452374827288,-0.660539923768496
-0.388701407470709,-0.713912377150324
-0.449818283332073,-0.688386849844314
-0.493883761757909,-0.671691795398145
-0.471939336047948,-0.68610156882791
-0.568413911223181,-0.663687685087997
-0.497740968539788,-0.580040850262805
-0.579056226942407,-0.61734548354261
-0.521018540472224,-0.634590102870437
-0.550966442889011,-0.665428534689353
-0.518677391135389,-0.681609190280698
-0.568920197600428,-0.691696089995101
-0.546274337784021,-0.66591700296925
-0.585206409787904,-0.648853910339044
-0.572149007162484,-0.718483528451807
-0.571085124276783,-0.652618837229871
-0.563990261230667,-0.736884853283251
-0.594904161248148,-0.677867526375102
-0.547956179295084,-0.737188473080715
-0.579065904767734,-0.701362379240889
-0.478065502949008,-0.775690333434575
-0.442352405379447,-0.768926627422306
-0.446904587838583,-0.707567007225074
-0.454899189483983,-0.80677945380963
-0.39379615781143,-0.777262952913297
-0.429856946144969,-0.731871016655688
-0.421346686716837,-0.81466895541981
-0.373101717705777,-0.806321201086206
-0.357072510803519,-0.770418432903981
-0.484543786933656,-0.772874646048282
-0.314871114575399,-0.793543961387497
-0.32798827295526,-0.821373669256034
-0.318914505481998,-0.827581755702701
-0.279573603662162,-0.613686793268448
-0.265724136007081,-0.687184223365095
-0.270620661986717,-0.740687708700467
-0.151354900090422,-0.742622275787469
-0.135824949374147,-0.671527942362214
-0.186286579239825,-0.399340939037859
-0.130122137091396,-0.547244870437087
-0.140695331833704,-0.635961782090752
-0.355371038223391,-0.604572200967892
-0.208212791239175,-0.459272631111733
-0.306860730113209,-0.410680907769881
-0.15225343823788,-0.39347314400052
-0.180422190431701,-0.443089746870968
-0.19624865869538,-0.564570497562857
-0.114344284742752,-0.540935654664208
-0.130580661658072,-0.318241004448879
0.200167510284647,-0.257084503827011
-0.162910168866586,-0.231842371716294
-0.0393116730593796,-0.227630143492763
-0.171540806849247,-0.176079279429859
-0.366527439105857,-0.328120772968602
-0.18837565233777,-0.0981429214894811
-0.111506025851445,-0.180135459763317
-0.11089118521873,0.057090212915943
-0.0222898738802603,-0.00610840183554101
-0.0306346261650497,0.215876982968212
-0.145918966132033,-0.142152352430245
-0.324573408074135,0.0323959987429263
-0.414612162357197,0.206467507399268
-0.0749656936229194,0.306225844938931
-0.097998160551588,0.0902839623347455
-0.140164777404536,0.222113503802837
-0.212363606923774,0.201005866059039
-0.119210324474682,0.201823582482211
0.114425243350212,0.166622776932676
-0.180820806257176,0.267815361875965
0.200549337171981,0.284917635084057
0.0895077505433352,0.0819127752223695
-0.0841738722670661,0.0801255948253709
0.0487711865239029,0.148209203434918
0.0654946135065474,0.10943885317948
0.103991613724518,0.0823745942709651
-0.0675178396137526,0.245318029385104
0.070353171127808,0.229786686516028
0.00565965359100031,0.160408374258693
0.0538420590140432,0.0805823686908954
0.00821325018372029,0.13917222026025
0.131692811015352,0.298400049176068
0.23084166542822,0.0896265334435123
0.101027923947873,0.132408585822439
0.262761663110216,0.193685430726436
0.300011788342438,0.254702467031536
0.369670584401861,-1.28670446868143e-05
0.378511044396069,0.0359447899982402
0.195603090018801,0.216124047456901
0.415883820271424,0.0647435707626977
0.367947337214334,0.0965400731073218
0.604316162838936,-0.153570251071181
0.242317488532057,-0.0829210874137189
0.166424364578068,0.0438095210571704
0.27813656182469,0.0530727862318544
0.336377502622718,-0.176122586954807
0.463934011616614,0.087231287120723
0.30625698886847,-0.0348215767871605
0.291098376275276,-0.218087303592432
0.391323405996114,0.0433143938798805
0.300439748170203,-0.0172302312329296
0.305686088957918,-0.165596387381875
0.107774384516902,0.115850896529422
0.323439587778662,-0.125368497164414
0.280381421878067,0.0143917099087557
0.11953627733163,-0.261257658757829
0.277252840521501,-0.199711937421092
0.0148903619679154,-0.460097260682907
-0.0202485675370333,-0.257188474469514
0.144707415370597,-0.207380958940765
0.0779005007878091,-0.259388861141148
0.0608038796070772,-0.386044056287318
0.220986577694566,-0.37533212770249
-0.0846193017780881,-0.367865180379106
-0.0319539145386127,-0.293506215888491
0.0428093024431421,-0.373644378199258
-0.140363531676691,-0.518364007383588
-0.0164957038979363,-0.234369521641244
0.0150570348145532,-0.411987689711317
-0.254172555163921,-0.399829340632126
-0.174303869285167,-0.262299074686425
-0.180346058132135,-0.311970260055025
-0.228620248131554,-0.329557543009189
-0.192307692307692,-0.409626213072034
-0.0959185649964126,-0.205973455683838
0.0101304635060089,-0.29123484998512
-0.124947510623194,-0.235423874509392
0.00148461390140708,-0.0707170787534038
-0.366324274120385,-0.183637194131419
-0.0648184548024385,-0.240669606250751
-0.0302028436897677,-0.207307211305693
-0.180458323610014,-0.284915716463868
-0.152088240905081,-0.273397826806271
-0.098685920689464,-0.329032688243926
-0.127564418267939,-0.237559596456246
-0.200947915830719,-0.082429544311097
-0.140572016738734,0.0112101689133308
-0.0942949447025037,-0.0722505699014315
-0.216840720187936,-0.190162898083254
-0.323663391557527,-0.34631421346098
-0.19888836819415,-0.0658594311181262
-0.0725054610215509,-0.106206908255558
-0.18568368700222,-0.0342065181201158
-0.214324756202912,-0.240707801572038
-0.0409574894025943,-0.13644440918019
-0.253504308833317,-0.0508173099339452
-0.214219528346865,-0.0605876036754644
-0.184730127341629,0.0931262164789254
-0.173016429129151,-0.0667869230069404
-0.229935537246488,-0.197402404006134
-0.160920639928668,0.0169857917806832
-0.148634302074269,-0.243872397312364
-0.123755937506055,-0.0934389843765139
-0.215912707278804,-0.0220889556033319
-0.0533962068361734,0.0631377739019198
0.0447744774533961,-0.0864921121035064
0.137431683760497,-0.168313568051122
0.340252519982851,-0.0653385249704366
0.0996405675323597,-0.347116165662161
0.22674593398838,-0.242988821924147
0.0398269642511887,-0.333418453696378
0.0491578912498039,-0.0508947350985862
0.0853553390593274,-0.214644660940673
0.180787376727978,-0.0789839778529884
0.168162230095586,-0.112867443101453
0.138494288002165,-0.11860134411316
0.00577571016163255,-0.162460260603032
0.164380743962359,-0.106282668639537
0.174138987019632,-0.314052629835428
0.199323530366435,-0.249270570427175
-0.0606796886953745,-0.417512917531212
0.363298761716134,-0.15152154494319
0.329697347977132,-0.144592902836843
0.261622580372824,-0.274501160906815
0.101557499137515,-0.281584740604391
0.156696261729212,-0.323423483471185
0.0322917698582591,-0.149867248933288
-0.173187789817043,-0.3613698430729
0.205861872559693,-0.300069726008476
-0.0862064131057694,-0.331095784063755
0.0356466075446832,-0.294021230403716
0.407503788292594,-0.149607470319031
-0.060615645567697,-0.00469119347114566
-0.0113230286504416,-0.0720865484493974
0.0754051600103635,-0.376201653682461
0.0734337083015211,-0.398832321778522
0.1124871526197,-0.130672682287971
0.021717866220876,-0.322916981685159
-0.126039624294805,-0.228344879682391
-0.111123895810404,-0.296435006605821
0.0749403471158995,-0.282748074743708
-0.0515141457855231,-0.269940629940445
-0.136942808042185,-0.340613751137057
-0.0949024938538835,-0.0821161805698289
-0.101802571248548,-0.269652649653409
-0.155911975725477,-0.194464731235466
-0.0666556117326935,-0.252985227998581
0.0152505470746873,-0.324948349260832
-0.0343658229816728,-0.237486574324004
-0.12007057478299,-0.0675751202134968
0.135126512762582,-0.315144156358957
0.0386386405477658,-0.298307810719468
0.012819731662621,-0.297712088787341
-0.0652344221733646,-0.285162516703179
-0.00917111463046398,-0.040197914544129
0.0179158071475947,-0.160058355388232
0.0121965495907055,-0.148769965073661
-0.180806665804767,-0.113350750953576
-0.297741864493218,-0.196617749747302
0.041434264815792,0.114557030351601
-0.0785977573631007,-0.167046964415872
0.00878974442070989,0.0437149244065972
-0.142133808411004,0.0347968389521419
0.0684686943445051,0.0513574984895038
0.249804366880832,-0.0200638099501993
0.190050612552921,-0.112751677445894
0.00335463517965799,-0.264682570545455
0.444740452754251,-0.0584622459439296
0.328626015762672,0.0104245537529946
0.441275562237493,-0.138862433599029
0.403826667553875,-0.190380733680365
0.478231650805535,-0.275369433018576
0.337063596071446,-0.263723608703471
0.397483723617695,-0.27677812640931
0.419607842595147,-0.222289601918837
0.291342627446865,-0.332621627467465
0.338314735329312,-0.410697447940116
0.299224414924098,-0.463032164371859
0.394242801066229,-0.443670775138235
0.366531024137073,-0.441411986070087
0.289916815940988,-0.526251953476725
0.420181076762937,-0.468109553898131
0.411255055079351,-0.719470694471339
0.459230131089001,-0.464138916112839
0.418719973749845,-0.536008844872852
0.381732974556879,-0.40859706599394
0.508700541933822,-0.192645952140557
0.517900491294769,-0.48529851156373
0.488342043480138,-0.302526058234147
0.545029659127255,-0.313896497401132
0.457737715765324,-0.253980161057834
0.482863861745316,-0.466117412609833
0.625215118373832,-0.491867018108138
0.639596246663079,-0.385760652795027
0.636296928714573,-0.392694150065501
0.68299038722235,-0.379544261087485
0.693104835189238,-0.237155491099238
0.493713369239265,-0.308370466641022
0.529707664385252,-0.15443141347438
0.76860553259846,-0.291336243706519
0.790810348663579,-0.141172732550102
0.712318870190328,-0.19005367580658
0.818001091045727,-0.130765947118472
0.869374698844104,-0.257885369832242
0.911352375773179,-0.084614675416107
0.931812531324556,-0.184905439494017
0.894409446741046,-0.154451242512834
0.878092870947577,-0.200017929092354
0.938707361385976,-0.179605468379322
0.855398536312172,-0.139754610056676
0.895339114628159,-0.129283091111834
0.935486733879355,-0.112323589959416
0.94018188810268,-0.146567574130861
0.869256841585701,-0.219386192227649
0.830751269378115,-0.207955429017582
0.790517885765409,-0.152568099395844
0.912887406453265,-0.16887973795243
0.911953991073442,-0.141900398989067
0.946578828117266,-0.137946842167837
0.985592214516495,-0.122469595799164
0.910596906348944,-0.145811356651563
0.947229259293541,-0.122135319241088
0.90802633898309,0.024977549949516
0.923543349885756,-0.119780266735151
0.91714059831725,-0.126202579439541
0.944417002838898,-0.122774387562097
0.855550157388406,-0.0729526354192417
0.900606798873157,-0.106890628533097
0.981053641991718,-0.138624628959871
0.94962177663465,-0.0934506034611531
0.809385552065715,-0.00825824505482773
0.886303355660474,-0.0373183045565795
0.891545618275793,0.0112632527250883
0.881704275667363,-0.0583005794731541
0.958171535637186,-0.0200036513261161
0.956401570339657,-0.0284214102266669
0.948187853519252,-0.0205190369378599
0.946643727850877,0.034823374788972
0.948042516708206,-0.0275459140812047
0.94251469959726,0.0836803613112172
0.938373851514866,0.0338171753806537
0.94056320257361,0.0702240073429816
0.923846367907546,0.18342540213957
0.935426729536965,0.115732852463054
0.944213929974578,0.0952038413743302
0.94496248088247,0.150531147557327
0.945254765192811,0.153875028539452
0.892711524820637,0.180785281651696
0.925243140681212,0.171858516090522
0.905037492771718,0.237538101416674
0.857436306802261,0.189602397514013
0.909245494892859,0.283176870184832
0.899440496367129,0.286240578088771
0.88809567741202,0.320549051483271
0.863714817645042,0.297714291617481
0.905205974753605,0.353179078523515
0.864216010636619,0.385342859043477
0.878607802116376,0.347725591754363
0.870064402484442,0.387423719225432
0.862584681715746,0.350346640425188
0.885674771066091,0.381239172081622
0.850539597450537,0.391437690482454
0.835335320017054,0.410426386243948
0.870815777864374,0.362349080068503
0.886227006855321,0.33113582583353
0.883206862062339,0.278637409454089
0.866552912702745,0.266248859228317
0.895186455957231,0.26739479826085
0.900685021399662,0.235140172267853
0.856886238276299,0.295345705798058
0.840932550141566,0.352388177902055
0.871176607254036,0.372016828213072
0.857944425590743,0.397183804751645
0.810870273088327,0.347170685002924
0.736090429303679,0.463834693499234
0.829265391416325,0.434091099611918
0.815238352396592,0.499780910928129
0.777110380693183,0.512638874158152
0.791186126662545,0.520867288642075
0.773613083030295,0.545291646022289
0.78691550334254,0.539115063430585
0.781493904685871,0.531991998516144
0.745367051055665,0.591061910861893
0.732891573486791,0.543235733904515
0.761495077962212,0.627826503189969
0.747537214977855,0.591006966967814
0.72859959941081,0.622266032349664
0.71743867256695,0.66658330789538
0.735928128583248,0.647732825769781
0.746675179304937,0.657815406903244
0.774545457058789,0.625913157965089
0.705793875004804,0.658446347503501
0.770214273202286,0.589657654610916
0.747526834535296,0.632276127927136
0.739650216959385,0.566400379177509
0.797939754559408,0.5747397890848
0.768315871477569,0.547067719041008
0.684092071501794,0.535248072277845
0.667450908944668,0.559899704541247
0.741146712628649,0.511291752436457
0.692130994853025,0.560746602106357
0.828027156778829,0.406816315089304
0.669687635747435,0.592138644636347
0.664024770124318,0.500259085816716
0.763305710707241,0.530298016130386
0.655915341953878,0.476762177978501
0.489590711254746,0.531810500795643
0.701008038584845,0.49258697425308
0.784767000624033,0.472008303319725
0.647582137088792,0.637039972166694
0.619557256592463,0.65050579294925
0.468088405997601,0.565635818812292
0.586192438876524,0.627130023922511
0.611233167195738,0.541421909941912
0.589265621760529,0.705385753237427
0.486949980411419,0.732897515004118
0.547471278247382,0.699416550986525
0.543659251427504,0.692658755375116
0.417354557338232,0.740514348557809
0.441486885344841,0.68533848685436
0.338083590408056,0.667049480421084
0.31968605523667,0.717747137881211
0.261581234571111,0.820362291246791
0.22409606573659,0.694254004858565
0.297203484482031,0.841518581264701
0.162798942378176,0.82972257198719
0.239978790176463,0.761264399572429
0.227253458341256,0.816280609306431
0.222360717506927,0.903465260942167
0.291809359660212,0.816115966120627
0.298644361089445,0.855977030411223
0.176158496125857,0.703678707169818
0.269037953421475,0.731003675509808
0.277828806150729,0.850014322354427
0.376790654359517,0.899470432654542
0.359435190283585,0.831132073415855
0.41797680174817,0.8799637657418
0.241859651319615,0.829359665246204
0.412873148521163,0.78573125625514
0.441140082074552,0.711186507663567
0.391697722660858,0.673511800162043
0.350744217575029,0.817853666278549
0.437387958904017,0.830944170003263
0.449302103967418,0.868104669936199
0.458221179640207,0.87148890228112
0.459715274586154,0.818820014445631
0.484813100285453,0.852586355129961
0.445601884467942,0.880277506081836
0.455960795036745,0.874505263304035
0.30846705727405,0.897507496844784
0.278046093822777,0.702279217924271
0.231560918779815,0.87219383144655
0.318904244161803,0.926997261049405
0.309581169861048,0.912282570038291
0.229744866742973,0.952333441468595
0.215236877427665,0.943695413678744
0.200763319585079,0.853427178485553
0.156083442431125,0.945626279702195
0.0497223121559841,0.823740125499517
0.0262556832668405,0.796451041847201
0.168895014172576,0.959469293936474
0.0479811442453029,0.864136894155133
0.0819385791540734,0.975190622059506
0.0819999485563768,0.968206324499023
0.0534084540084438,0.987364586740213
0.0816483302141039,0.982055110639677
-0.00341514274523898,0.918162709361739
0.0169320130359411,0.902383569925072
0.0263700480162459,0.983699821697724
0.0202360523061805,0.989962547276451
-0.00136660074768963,0.924891622771012
0.0759900735265394,0.839714972329755
0.0350952653571991,0.963098505459874
0.110756748092729,0.97596434229309
0.124761548026328,0.943724743665967
0.0727337790640637,0.972208976915896
0.103283419225285,0.964624868258312
0.0847990162855363,0.973672383001448
0.0768793636026543,0.95861954038212
0.151390753428007,0.957713892897923
0.193910902764209,0.898293447253579
0.167483059871115,0.957501824771247
0.191313906897667,0.961942627263217
0.168688740300957,0.954384864572561
0.139271338096392,0.942338166537581
0.118917119590874,0.877502987122993
0.0937750104578004,0.946472886093696
0.121394983654556,0.948577898943669
0.0637617022670864,0.961801685046391
0.141823471268251,0.930707831088075
-0.0286424549522036,0.957678673041558
-0.0638237985256155,0.967840174248846
-0.0866390309775379,0.95797622776247
-0.114682082719493,0.954136071701092
-0.171133546175213,0.953569957251705
-0.165247701256964,0.935558039265332
-0.225748532509918,0.928114705531719
-0.249419966441358,0.924007488235589
-0.277179054739382,0.926961281734083
-0.303138014031854,0.898691085365481
-0.29453509818787,0.920447753462393
-0.352588064468035,0.903175675762676
-0.307747450707033,0.92061921609207
-0.344893822407365,0.923571675560921
-0.285384634371976,0.924341124849087
-0.289434333555482,0.923933336120294
-0.262660242775395,0.94545961252343
-0.288711018709928,0.939036974850485
-0.289176560000922,0.944905050154952
-0.253804404470669,0.950507242135797
-0.294567665594216,0.942611987252132
-0.252089364687323,0.953350792626665
-0.268729499613239,0.942465013031534
-0.246118300106798,0.948117986789
-0.252088311837764,0.944064204359618
-0.174297564558798,0.901236954663298
-0.140515543325235,0.859436805528278
-0.180803491395561,0.916596866775093
-0.198426210926278,0.893902372067558
-0.177667589301747,0.957659109447392
-0.224146036725225,0.895089299769272
-0.196051206639841,0.877552689788662
-0.169557711592754,0.887247404978259
-0.24457468425182,0.899559330743983
-0.310251170320556,0.899923467076192
-0.361364523779547,0.892154633428476
-0.332984651532297,0.914596421686536
-0.346128137247811,0.897705055724958
-0.424715490677771,0.856769212437676
-0.409792860667726,0.870845121625544
-0.478848119322193,0.853811339102525
-0.449743658624329,0.711782985752888
-0.468075251688052,0.810878103246279
-0.541194963553894,0.802186476531703
-0.531936539166622,0.796364857364821
-0.562282051919694,0.748825467724436
-0.605846539699223,0.747992419421091
-0.564260248352518,0.709912369864685
-0.579532973370868,0.636326868781635
-0.630938309009336,0.681681962171248
-0.606190299997299,0.709822556913104
-0.597441979669384,0.689093543443133
-0.594458835552719,0.648382093116834
-0.511418890086971,0.69069057414268
-0.548997596118269,0.680733051832027
-0.525628870109624,0.607504531810165
-0.571566886691419,0.725107261906221
-0.55435357284577,0.747261194753981
-0.614075054449872,0.701135018811704
-0.613447259409797,0.706596412901486
-0.652755738282285,0.643711651104677
-0.594202756202228,0.739350721041447
-0.666222325528292,0.675456193244642
-0.70582664889608,0.63160622847144
-0.675684768973567,0.60664179014967
-0.747439970666485,0.611198013354599
-0.731156904338063,0.600298353378452
-0.711616743653476,0.629991751726128
-0.623161147312861,0.595528768939056
-0.660187942554803,0.587723438547437
-0.718623710179994,0.531920759350216
-0.732842824126484,0.517654868565627
-0.652422007276698,0.392698488372116
-0.83139533815139,0.433072979942831
-0.723648574684924,0.438184075310864
-0.70498335780575,0.40585530561959
-0.768172868003392,0.369422856316315
-0.749814733287288,0.342529641459757
-0.809215543617239,0.395666368229447
-0.780653256617985,0.239187132352949
-0.759655327915514,0.286608133253882
-0.770830133668167,0.210552617222539
-0.806760856708061,0.152925816392269
-0.790192857860488,0.104556115934484
-0.742350924771809,0.0949871258283722
-0.732955889677326,0.0920406522527679
-0.827376846314809,-0.0756167243731403
-0.71798886548316,-0.0317248028129042
-0.702814590492931,-0.218061751507031
-0.693252835398277,-0.207864499552874
-0.677748467635767,-0.195039983556208
-0.760186188691211,-0.28667633485668
-0.841888408999216,-0.262801797390119
-0.665681361988545,-0.305122264119493
-0.652384626884605,-0.365875550190028
-0.755653447929384,-0.299516742099831
-0.65757201155635,-0.279864361684803
-0.607930842658282,-0.296486162713197
-0.662405020510556,-0.334753115552183
-0.705748395555079,-0.339537896078687
-0.60288129630193,-0.37861010869669
-0.563144527065537,-0.305339164211443
-0.647136263555425,-0.425309634341133
-0.524489368605909,-0.276098768961908
-0.586496677481979,-0.217263695435124
-0.585725047526693,-0.30630539121641
-0.649840832003588,-0.191724075950475
-0.564407906083444,-0.162340004311629
-0.597574027550227,-0.168263737725058
-0.62532519937443,-0.153582717186766
-0.696393896698547,-0.196791954484267
-0.604901986630722,-0.162660791350799
-0.47146764776336,-0.200246682941522
-0.62339256909847,-0.160079030472106
-0.583837288487255,-0.308065049694156
-0.554251892720301,-0.220437997836499
-0.734133557099008,-0.259018759179016
-0.573654084358851,-0.247172049585049
-0.678425925061757,-0.116153791894384
-0.7286988126601,-0.0804395061800987
-0.637233196549919,-0.15786326701478
-0.683946996419755,-0.107410283023762
-0.68039136005022,0.0698059890769051
-0.749356096431055,0.0699983850120621
-0.809280249815046,0.0465646530239986
-0.85853793636947,-0.0431067339826171
-0.629605399291483,0.0380159318541991
-0.690968108538737,-0.0274989939920085
-0.821521462437066,-0.0649868754145178
-0.629690991446898,-0.110529455886438
-0.727798047087091,-0.222254419947573
-0.904555077975535,-0.113331980008485
-0.840532314885193,-0.100976222016044
-0.8279741960522,-0.236485688064585
-0.883758620134599,-0.164725684955839
-0.826171251084087,-0.255386180840088
-0.818393922870892,-0.376315608612431
-0.83555963580594,-0.371732965242996
-0.860259635628386,-0.367366287620899
-0.783935097553781,-0.496356829533979
-0.742628632648396,-0.456820453533851
-0.725469262202597,-0.540472160231226
-0.727719709026717,-0.545620905456815
-0.706785084840784,-0.492048151482641
-0.654490187788912,-0.58093593593979
-0.616075519954126,-0.658626665522764
-0.560074034799182,-0.676860493783625
-0.623513397252753,-0.681894343860979
-0.544680319210776,-0.761903439470699
-0.511002674273061,-0.75802549368692
-0.489658350738869,-0.781842947992858
-0.494774066554766,-0.755320018619638
-0.41118497058663,-0.795019797576004
-0.313161989194294,-0.855208094444386
-0.318792074425533,-0.881593040287022
-0.311559704230782,-0.879676355234125
-0.278041037854367,-0.856154010541887
-0.242485984551429,-0.891276653166939
-0.190114837141873,-0.93244185697483
-0.191170443304956,-0.937698911429837
-0.155000643243568,-0.936698167354178
-0.114181808970937,-0.932301602712336
-0.211721292115739,-0.892730608139875
-0.142458463389292,-0.917493720240262
-0.0842032859206668,-0.920293849294124
-0.0895490126725671,-0.90372918538574
-0.143845223529691,-0.904827808975315
-0.169294443782975,-0.92492442249105
-0.0688730389396437,-0.940589359385228
-0.131442213187157,-0.913448590553429
-0.0787526939609962,-0.876366186450261
-0.105741625610527,-0.904007305972307
-0.0381660490445065,-0.899026582694895
-0.0516177238103114,-0.899422797505071
0.0160969685748987,-0.920011240831856
-0.00997394172581366,-0.97774423792781
0.115398151375657,-0.898291009716002
0.0199558353947561,-0.899893512519998
0.135320130905202,-0.943630684504168
0.174071612095526,-0.889122565180593
0.152422682039735,-0.936703519116917
0.237722907439354,-0.870422299843798
0.227384938713706,-0.880827752233598
0.251977628192467,-0.876465553904602
0.20662473311454,-0.920559655031721
0.282563042175798,-0.890057050457446
0.296144803081585,-0.894667163307595
0.338076909445746,-0.793853856444978
0.260751141559614,-0.894274387264184
0.279313639420708,-0.855605461095506
0.276528887767742,-0.867558453836386
0.272799845309066,-0.919256542453368
0.362679084414749,-0.854624821921929
0.315810518074103,-0.878893656517336
0.292805244411581,-0.910226915415395
0.327737181149507,-0.91412826336921
0.350498447402945,-0.891716778505719
0.355713282250901,-0.868305847531103
0.382600798922128,-0.897020519860809
0.404269984442952,-0.865433971648356
0.401451556343604,-0.889633209446281
0.411825373833464,-0.882662812755322
0.422934150742233,-0.868716741388057
0.447128846771773,-0.872317478116102
0.433863601951009,-0.857510222095395
0.455617084441196,-0.867719148931725
0.494504102215189,-0.796466957911431
0.540556848079358,-0.749833333510544
0.48457394265681,-0.79994933276759
0.4997954006279,-0.799436579092164
0.482347499278032,-0.79532940441447
0.525617448218206,-0.769659260061514
0.537456483758148,-0.768020970864229
0.46778302848123,-0.71515531668439
0.511138886568219,-0.740411146956542
0.485083978428608,-0.76160107829647
0.518675829136968,-0.713675543370613
0.45715454675866,-0.644764865322376
0.559188718461393,-0.725472284038902
0.49535515939488,-0.790936873720219
0.499742265627533,-0.767641602412776
0.425113066446466,-0.686617180503252
0.485136177927673,-0.640624740590274
0.485507506836571,-0.65717485548846
0.525098319387876,-0.732329978311825
0.562781899538992,-0.75259352867676
0.555023597627233,-0.774561239337053
0.465915195699967,-0.715446660942826
0.537195873810707,-0.777622122763733
0.532805292779385,-0.813950577495226
0.511440891541714,-0.722315642099548
0.502425601263677,-0.791534145177899
0.524838001550002,-0.778622522363704
0.528164671780217,-0.782259406433093
0.557244156733975,-0.760629372124063
0.565581527731757,-0.787758828398273
0.572902772530709,-0.797191742289224
0.608910008453152,-0.764322871648052
0.576937952974371,-0.797408735095951
0.570014537385832,-0.802069937994562
0.607563020310631,-0.780231341361366
0.584034050978594,-0.806335140547182
0.635320702083467,-0.760682419051454
0.653469236577958,-0.742846318348037
0.636467516841841,-0.752889034505543
0.657663805054233,-0.732564698952507
0.649327536974823,-0.738270857737142
0.687015295301103,-0.706473879401662
0.639040402093293,-0.746143332487842
0.658231774836232,-0.732763771862472
0.669930813883279,-0.720377655316152
0.676669721608699,-0.714618432688209
0.686325573467351,-0.706072591234376
0.691473949583892,-0.696695660168271
0.706215140559659,-0.673481777168867
0.703112540772925,-0.672273596800976
0.697316947042293,-0.67043425405774
0.708901999979864,-0.655972650271091
0.753862081786445,-0.622837603086011
0.722148392812872,-0.620302301807471
0.726699041531343,-0.627884676046782
0.749631371080711,-0.619831518232741
0.748496990377339,-0.613475670782535
0.72441163758582,-0.646811357777585
0.69763968150875,-0.675371216346463
0.725667299308917,-0.647497358886412
0.731363411622897,-0.61198655111695
0.724276788168111,-0.592131020414521
0.723289803915503,-0.55292278609936
0.740634564755718,-0.532183428497188
0.744459433980072,-0.551189030057861
0.778910446075524,-0.483168514058794
0.711821737738097,-0.472249044446452
0.718833191552172,-0.432819088487052
0.771264183635134,-0.342240548149199
0.760607867130901,-0.266587353473775
0.769375985200014,-0.290037949927276
0.763750213085492,-0.19583432396246
0.690124628611367,-0.20162850791596
0.781888313301455,-0.142983853604915
0.775300591999325,-0.0783303395654676
0.695269097893552,-0.117079223464447
0.696782237451354,0.0667229407764561
0.741438783638322,0.0502309770997119
0.763295572846579,0.139575242716935
0.725970152358696,0.182190846760639
0.657385327514628,0.2164536989584
0.614737037783787,0.221654877275203
0.710855106100731,0.285061377228929
0.611078518328781,0.33031783344613
0.403190002954176,0.366102508319172
0.483734670792534,0.475767254972417
0.3327174831859,0.356634667490528
0.47252773593476,0.521356660261836
0.46752238253097,0.430800148377448
0.316590679952848,0.426435288839083
0.291467222710415,0.403479371465777
0.198264186982144,0.342580413948014
0.268912172079132,0.42165695382073
0.124148568200806,0.123987480235112
0.196338384397029,0.284809878245418
0.125721876688266,0.27291970010805
0.0986917959719976,0.241800612134223
0.205873778786184,0.174014800314374
0.0303111958225432,0.14407196368243
0.0224367601316786,-0.00202417720822501
0.0835823744397137,0.0565339550854292
-0.0170482768541566,-0.0721396095577431
-0.0877154711317834,-0.126235872508592
-0.192446867497734,-0.153678712380073
0.059044273403781,-0.0946470586515466
-0.338396299614739,-0.0793431842222928
-0.105849336009743,-0.264356113031448
-0.156321815907521,-0.405186342565024
-0.147314067780271,-0.376493616217324
-0.35827375279865,-0.334413109046422
0.0579913091905209,-0.367736098337978
-0.0151837510939688,-0.319828229879321
-0.0121161184209663,-0.197228122826852
-0.105762456907717,-0.393338904802358
-0.129848347928446,-0.447053460802669
0.043673587366593,-0.504841305954735
-0.0244843326470493,-0.459255650481547
0.0396265145283192,-0.465672581780069
0.0054893785675527,-0.5730181430949
0.195253908718779,-0.626806781726077
-0.0138967063924071,-0.603420721476069
0.176480957200913,-0.576791193293854
0.15104730080986,-0.521162342875901
0.136046834637388,-0.553015646254926
0.182185544313141,-0.692266087762457
0.0472796724350852,-0.737949142646309
0.205321429849844,-0.75985734869608
0.260140222129828,-0.751562305329632
0.0898053925152916,-0.678570341202846
0.13743281169549,-0.502328110248731
0.296134953780335,-0.689948966063712
0.336660866104725,-0.706602185825872
0.171727879377918,-0.722277908465745
0.259080270635291,-0.595565881525797
0.158676718091994,-0.735912637686326
0.0516573325208282,-0.63781318151409
-0.0534961058047508,-0.64692441077702
-0.0808801447187457,-0.583374342685842
-0.0384155120529975,-0.776685418193879
0.0450238677931121,-0.674171017658574
0.0685675902482338,-0.685139563640117
-0.12690882538951,-0.731183715396092
-0.205548338012911,-0.859382776238635
-0.236449183085918,-0.849491666304118
-0.281129011756506,-0.839695958435318
-0.285370468155114,-0.817054278275185
-0.246444121615648,-0.824411985867744
-0.321243528427554,-0.800983535208704
-0.416537006707376,-0.732177881871611
-0.439966196327799,-0.862553114218737
-0.34170414016362,-0.871378553838135
-0.479240160836911,-0.866108733645531
-0.466614052272156,-0.866142800799192
-0.525493087203503,-0.831090920229758
-0.525466620211541,-0.84151342187413
-0.533440430279219,-0.784404815540916
-0.529706519189852,-0.838969524357767
-0.531141989294117,-0.831206803748441
-0.468581831553752,-0.862990639560086
-0.471421285062054,-0.865312839215767
-0.475714338396894,-0.8594526107282
-0.488903831449901,-0.861801538612912
-0.539938582186962,-0.830293185965311
-0.484148667740254,-0.854487985615777
-0.494138407968744,-0.746664878164183
-0.473459794747769,-0.770611261802391
-0.503492720229868,-0.8404518496149
-0.50450957133323,-0.836878479559854
-0.538297336655734,-0.807374474414509
-0.581852687763348,-0.768502739061793
-0.618216838685375,-0.74593837746151
-0.605338014339763,-0.766822917332086
-0.594138022279963,-0.750348633147053
-0.636201121712725,-0.586268086342649
-0.658578232707247,-0.709460907046099
-0.688067046242617,-0.635709745607305
-0.611752149973777,-0.706654739014834
-0.686663652561875,-0.68491001038611
-0.683010449399663,-0.683627002251947
-0.634296505267795,-0.734993642972061
-0.62239148882246,-0.720050887750696
-0.689169863789143,-0.697307129985825
-0.65143832474229,-0.722548375593696
-0.672715988278798,-0.720471224770828
-0.711865030564771,-0.690506375292013
-0.690778495245309,-0.708642031443455
-0.610326383781317,-0.68444714091312
-0.639461205960566,-0.70939606655619
-0.703047643522161,-0.697398594145535
-0.658841308680815,-0.657246151646219
-0.710057974281857,-0.68540793555125
-0.724990136992886,-0.67044133147561
-0.681349342577286,-0.694605281126423
-0.725575967606358,-0.645156136821818
-0.737524274732905,-0.591811287502778
-0.727310767259835,-0.665365223069137
-0.747928444570867,-0.556163036106649
-0.713789020249888,-0.606074752251343
-0.713508455075479,-0.602404354653561
-0.691934346887933,-0.488628566176655
-0.698335163002334,-0.475601722631197
-0.715417486438298,-0.501550763435717
-0.776953913678734,-0.514525110463041
-0.860425599288935,-0.465100140228441
-0.83208271674319,-0.47736291915696
-0.869940587818961,-0.441642959216787
-0.861177419430134,-0.453259479347332
-0.862888204555574,-0.450127545774374
-0.881571242539327,-0.436616510583246
-0.876270063306837,-0.450942233165786
-0.872701095562031,-0.460919508188494
-0.900466296727566,-0.411546162610907
-0.871224345631757,-0.461414571294371
-0.883823793759879,-0.428878590823864
-0.841011471970031,-0.453749005584298
-0.828920493118909,-0.47469282166841
-0.81068481495569,-0.505490570548644
-0.843427020274628,-0.510891615527476
-0.887528216891975,-0.43917355710538
-0.887192458410057,-0.431102353042566
-0.891507128382314,-0.426356648874313
-0.905022914141703,-0.375455366369004
-0.84421397678987,-0.451947198353347
-0.91547552774507,-0.357105909745378
-0.92269291136511,-0.33557274441267
-0.914342772590596,-0.24608674726011
-0.909249830121137,-0.299357643146557
-0.917709593216101,-0.329151026750132
-0.931594091089253,-0.247150593596811
-0.930669861815456,-0.280531817860997
-0.933726574090795,-0.276878197630457
-0.887272739855922,-0.216287611295617
-0.888022532823377,-0.28848702348008
-0.949825217627175,-0.233360413524252
-0.921912592535012,-0.197452938546185
-0.642003063617519,-0.0779155287292816
-0.68056987813132,-0.133538236963632
-0.756112727305311,-0.150720101053179
-0.61517307617552,-0.0626122932251562
-0.851607476649891,-0.0583379009312729
-0.966284355967143,-0.0172033316051783
-0.591182180367347,0.130845349061816
-0.616344859722577,0.122931220936958
-0.823763593580994,0.0817138391493342
-0.946683308155029,0.0733419275363545
-0.936990540420302,0.0488918018040561
-0.982844656459391,0.072932838845389
-0.972071445741487,0.0184905497318469
-0.982333816374203,0.0328283728980242
-0.960827063568825,0.0883823405986378
-0.952002082629379,0.104292841370186
-0.843384664839159,0.0254055159240081
-0.950313367168504,0.0115836667957716
-0.987564841694301,0.0269725007560075
-0.977589212922025,0.0314523993896601
-0.899273083039743,-0.0207276340045632
-0.919230963351806,-0.0364831963144923
-0.916464187286377,-0.0840842695534646
-0.983138252984503,-0.0594993343916036
-0.926337358769569,-0.0415010528339056
-0.956536361731984,-0.0850531129561319
-0.940400008420398,-0.0603569217278806
-0.896113611750472,-0.160566566089777
-0.954233686466304,-0.138827048721554
-0.948577850563564,-0.15346897931873
-0.916730380562565,-0.186565525559628
-0.988674934430783,-0.101560698051897
-0.953186154969291,-0.0938662725061425
-0.933922207314936,-0.102186665087938
-0.925895363424259,-0.103620988389028
-0.913069446348371,-0.0556441619305046
-0.901065933795314,0.0116287945269396
-0.859923933120777,0.039527101448841
-0.937594809121474,0.0624189872054573
-0.771927731077669,0.0522263583799161
-0.817723315320594,0.0018758640261074
-0.906211447732605,0.120050879119516
-0.785677676064471,0.171779419226045
-0.567958321017129,0.194901148849036
-0.758873100472509,0.208578836867072
-0.790676934383864,0.12883905545282
-0.758208761405373,0.252029736567642
-0.827638443947998,0.312582713474242
-0.84393997697752,0.339616994835846
-0.820032960701547,0.336842562868739
-0.764208932687835,0.456032096627017
-0.784553787222509,0.324254618845089
-0.780530017121243,0.437105253027967
-0.843314228491248,0.389731675982651
-0.867457567876269,0.423686927163608
-0.870845811301465,0.457617657717306
-0.866862986210389,0.449848245321532
-0.862731326239047,0.475309615883296
-0.868787362459375,0.4555278367204
-0.862490399688097,0.464509699092872
-0.817667905869067,0.403415581103103
-0.851158135923081,0.334136607965702
-0.900902365437974,0.392299962886665
-0.904651593076326,0.381403140058742
-0.897113425302905,0.407237669970491
-0.898744804909981,0.384933580345695
-0.796969995727045,0.330395638604161
-0.847803391322707,0.295646939925719
-0.90341530127073,0.2936819970754
-0.869247101601479,0.315536192704269
-0.912784667394927,0.370935995506028
-0.89965764744255,0.370209250497546
-0.864837677992634,0.435202183310243
-0.858663451449867,0.45009804461236
-0.855534899842167,0.473050544572598
-0.84634211306673,0.487395253135859
-0.829352735206054,0.526773243457827
-0.820375718914822,0.534136017915425
-0.793667067253627,0.566619735450887
-0.796635643250027,0.581199638437851
-0.777708376193262,0.598149161955782
-0.785908297171123,0.608876049925492
-0.769769473553438,0.62438562783617
-0.763485313815501,0.636477703415893
-0.75227722068371,0.645838755824007
-0.741386116443635,0.662780107570265
-0.744712207493959,0.658725811706694
-0.730373935908829,0.674402643581069
-0.721044218423033,0.686226741291999
-0.741552899040433,0.640148978750362
-0.706782299203009,0.699827156290594
-0.742735941283275,0.657802583625007
-0.737233269633726,0.657717712367711
-0.711092739390821,0.686857792274506
-0.704738550501438,0.678596502578355
-0.704708809251065,0.678661129051877
-0.646585808369514,0.743103595747616
-0.659119730005036,0.727623061624961
-0.636694379182513,0.751600738125217
NaN,NaN
