0.813237697561616,0.581546904046275
0.791657890275665,-0.547278610701843
0.768563310441576,-0.561818511084439
0.751109734371165,-0.448670149672979
0.693590892193433,-0.590917723530223
0.727980191282893,-0.536107264275689
0.772588997484643,-0.584419760073296
0.76248740713924,-0.585397129293683
0.758223149727025,-0.55560479946936
0.72125333865384,-0.539796952702191
0.806922077008575,-0.507203539875875
0.848981269802831,-0.491030484543496
0.840507391273785,-0.517762148240229
0.853923105952567,-0.478517446110255
0.821770797242134,-0.550177696743367
0.856413576378454,-0.494449670448229
0.787355157601587,-0.579765925898039
0.889573054297082,-0.396435771857587
0.827580457958924,-0.529620420823917
0.82195382912182,-0.466646837997782
0.802619363153516,-0.449040332525495
0.838622850148633,-0.478370421456345
0.759585042936119,-0.453885326125846
0.844911127134271,-0.492779683749681
0.763532481547618,-0.42956011335532
0.759012964080663,-0.262926241986421
0.751661683340964,-0.409568329840967
0.77673039502868,-0.211988796067151
0.737456306280898,-0.316425792638047
0.705231461448007,-0.22021640674908
0.801343962780892,-0.276941049459472
0.83368125812833,-0.25656203473307
0.677444085998804,-0.245539150684034
0.626936458771193,-0.179442811337811
0.939410803030246,-0.0784275568825898
0.657361996026638,-0.101015254455221
0.669903171070226,-0.160879012360197
0.771757279754242,0.0481504820042632
0.640316488043577,-0.20605440750546
0.631650749217888,-0.0545315258226283
0.783038961631254,-0.0640243559089359
0.548374948666563,0.0331836540107296
0.70474607401813,-0.101373674339561
0.571428571428571,-0.142857142857143
0.643981966754254,-0.153880026906179
0.401776322813561,-0.272150746851683
0.567369625620453,-0.321140083084741
0.492459085071423,-0.204387654133789
0.559828710691875,-0.281655339906167
0.437237167397117,-0.252538136138053
0.347244796990932,-0.268275310633783
0.495941054191881,-0.257252426584747
0.264793341513325,-0.222951453111403
0.386729540169507,-0.458158111598078
0.479079055799039,-0.0923495156295323
0.182341886035717,-0.17998474081237
0.152051188676663,-0.12736846763362
0.408356981028693,-0.297032858297927
0.307692307692308,-0.339554889413315
0.161420941834756,-0.471538140870462
0.284047532342615,-0.261127862802647
0.222951453111403,-0.0505076272276105
-0.0110228840490361,-0.185823855156176
0.243872397312364,-0.386729540169507
0.132959082705218,-0.48020387969615
0.063887656499994,-0.182341886035717
0.0848086007009549,-0.469180995647114
-0.0133800292723835,-0.296737169763322
0.0110228840490361,-0.540609567075686
0.0848086007009549,-0.326323852789971
-0.142857142857143,-0.657361996026638
-0.279840124157379,-0.492275575481204
-0.0940162690012027,-0.555507887342622
-0.0210576436099028,-0.560556987778386
-0.132959082705218,-0.5097905627228
-0.226975351706421,-0.675742285414032
-0.273459080339014,-0.32980582191043
-0.281136694676533,-0.581477931979347
-0.136982981300236,-0.420847004052632
-0.24525601903745,-0.432190097100829
-0.477377255214268,-0.491882108383762
-0.416316223196156,-0.487744794624728
-0.330199289007871,-0.452283950041171
-0.52958668302665,-0.374474334794235
-0.360624826263316,-0.533068652147108
-0.458158111598078,-0.202030508910442
-0.52958668302665,-0.315300968740935
-0.570196250102335,-0.318782937861394
-0.370522886415241,-0.089992370406185
-0.689305824276635,-0.236331482383786
-0.621936198656182,-0.0209209442009609
-0.585933424598066,-0.221826629214292
-0.70420414454357,-0.141190389485472
-0.585933424598066,-0.142857142857143
-0.521072244599811,0.0210576436099028
-0.594599163423755,0.114395283727605
-0.772882103651354,-0.0295866830266496
-0.551632451124722,0.103372399678568
-0.662362256141649,0.215952467657385
-0.50460679301757,0.0714285714285714
-0.683603409341771,0.242898873814103
-0.563704146909775,0.279840124157379
-0.576245321953364,0.233974337160439
-0.728146195012356,0.357554082045633
-0.591805957862377,0.374103149969095
-0.631824838568437,0.365519326340265
-0.693321415407423,0.456423790212528
-0.703224698072731,0.45916293634285
-0.560214371451906,0.532517263210161
-0.697268854018922,0.492779683749681
-0.548240371231928,0.574630246924179
-0.561510831062421,0.530757849611815
-0.644297096529098,0.717878275287145
-0.507670719530552,0.644085407398144
-0.627687794300833,0.683868890913605
-0.595824589943024,0.744372384766855
-0.612609269958634,0.677595386397654
-0.584728233238882,0.675171410389771
-0.563375695014219,0.790096860623759
-0.492920647083909,0.737095388763859
-0.58787718081832,0.679282118499294
-0.498959816920512,0.825310799256195
-0.609836905410854,0.735474978080242
-0.574701715911893,0.757287898322688
-0.586770048838324,0.774360878824449
-0.589005567831302,0.782161895316416
-0.587077393802713,0.783252693803395
-0.549212421762685,0.807755509291814
-0.584378198235652,0.789910318154227
-0.565949877268308,0.806398996191781
-0.567510098179411,0.793907086782193
-0.60641080440413,0.771286190167905
-0.592823519343129,0.77445245967435
-0.640739042605398,0.733968897198082
-0.641125009699266,0.731334739023443
-0.667693894040019,0.728442734826468
-0.703115628011972,0.652206809653099
-0.751859576727264,0.627087725488116
-0.808939386197775,0.531329393877744
-0.782772398751582,0.592219748149076
-0.802934059845948,0.520334988850483
-0.841092755388609,0.514889808836908
-0.867587496956825,0.444612838075086
-0.853559675158399,0.49724332067108
-0.874980579955405,0.44403740559206
-0.892642970410572,0.407874208700186
-0.887637752430719,0.425975312801106
-0.918512065615301,0.369579487370384
-0.924316324550425,0.293727219702909
-0.853031259850227,0.351033900257523
-0.927665310062252,0.293635318072524
-0.931540746280152,0.284279187395158
-0.932473668018364,0.291075711900538
-0.857088817952264,0.213223833660905
-0.966837757761206,0.176089525300696
-0.959899535470941,0.141687601465957
-0.960906983315801,0.170694070099044
-0.961871246612068,0.107280173945019
-0.984717202632861,0.0718554990395092
-0.98196401755886,0.0506042883066576
-0.981608354495514,-0.0738035455453918
-0.976345823684108,-0.0399116707895122
-0.970401960856259,-0.089791031922493
-0.97190050316504,-0.159811851963693
-0.969656376888717,-0.16629869565165
-0.966533899012056,-0.220974733486057
-0.952651825977737,-0.26074189226379
-0.956272874747914,-0.219928433606179
-0.920765230617173,-0.366810597523286
-0.937335430683458,-0.279433455582562
-0.929258889294561,-0.327924528577692
-0.925383453076661,-0.337280659255058
-0.929628988188158,-0.316371478022273
-0.90000701625698,-0.395465900820188
-0.93195180224583,-0.326017836901635
-0.86358432718442,-0.483398050757261
-0.874460399843705,-0.435093825403119
-0.919555301694687,-0.325437380497643
-0.855455906102197,-0.473253721754504
-0.837292697648414,-0.492373565966607
-0.808321452438034,-0.5496854041282
-0.752840013012416,-0.507225574090625
-0.813434163067593,-0.535779011339724
-0.788140632250679,-0.581049175977378
-0.707799287136619,-0.559114792903846
-0.775993973878215,-0.588713238898672
-0.750272910281846,-0.626953089900578
-0.750259358865621,-0.622484045865633
-0.755395268815891,-0.614388388920637
-0.643689910161227,-0.618188536900781
-0.753481480584421,-0.625706167584433
-0.758473241372922,-0.549712534095252
-0.678175442798474,-0.710119271048471
-0.627667815570863,-0.731040215249432
-0.659908326883669,-0.729349935941409
-0.613856192274778,-0.671164694376279
-0.655156151202141,-0.731176914658374
-0.673288356156053,-0.710786136963796
-0.620003752649569,-0.743186873621896
-0.63644388984741,-0.738927787094173
-0.552462380407074,-0.796841659980895
-0.603428731625437,-0.760708288177237
-0.644269966562047,-0.740101451312038
-0.576297000295849,-0.765564697646223
-0.555387819063065,-0.81861605940056
-0.592719954912163,-0.75782740376125
-0.502386347203165,-0.681916209746908
-0.571026179384687,-0.783461630708512
-0.555239356685947,-0.812986902563976
-0.512112660733046,-0.820379596806862
-0.502386347203165,-0.800370439282631
-0.480168832483049,-0.780894853628288
-0.511594015503412,-0.815268759549567
-0.500438277767561,-0.817300276160403
-0.567655595288769,-0.799013265474548
-0.459556334313073,-0.841238804186292
-0.4574326725333,-0.825956833609534
-0.443776608169745,-0.826774908088878
-0.478490316143203,-0.85174336865604
-0.357935709072632,-0.790557484156081
-0.345382771060867,-0.895497015149955
-0.424249018522571,-0.844745099249447
-0.396356218834643,-0.817154643929105
-0.350715003143215,-0.88190702837035
-0.290931199888759,-0.920124395133674
-0.217977640913395,-0.878116697177825
-0.25137826502784,-0.924328973173091
-0.141006879895254,-0.955384382950202
-0.212423688355649,-0.944879818480454
-0.135304464960389,-0.902827972571311
-0.189835990783018,-0.948545297191132
-0.136899290586451,-0.848001551457832
-0.143340815226502,-0.862926860571537
-0.240492080387746,-0.933253509826755
-0.121123300506387,-0.935145445908151
-0.237998235755457,-0.90340802897213
-0.255322208972338,-0.916357180268237
-0.245755804743496,-0.92745535255503
-0.260161435859799,-0.932924368005238
-0.296097017744931,-0.890038078247553
-0.309785227068368,-0.917207973258958
-0.320605650168766,-0.927855445558876
-0.371890005868125,-0.905337449257187
-0.278065865480671,-0.950519147416689
-0.328195837729237,-0.918770537116839
-0.268129278399314,-0.93466712566209
-0.227482233967879,-0.879870417796509
-0.376166728200652,-0.916889794399273
-0.235301614130276,-0.943147232923253
-0.207598654579012,-0.95824002574224
-0.172950708145251,-0.812317282585837
-0.190126218985014,-0.883314976038132
-0.203357785880279,-0.947622547552571
-0.199550857388977,-0.923729094761673
-0.131650749217888,-0.93207984560889
-0.186250782767114,-0.950658153741582
-0.178134477850481,-0.928204409390991
-0.12236312626712,-0.950658153741582
-0.174259041632581,-0.916788058244513
-0.168926809550233,-0.945459874881274
-0.105039153050239,-0.938128917459919
-0.0198835793888664,-0.98452824923865
-0.0631109280282464,-0.961328245778052
0.0160841474561483,-0.88851325489844
-0.0266801038942466,-0.975064613256247
0.0663748045800433,-0.964458098028409
0.074407418782892,-0.975753962734062
0.057083445566011,-0.970555683873754
0.111694746276745,-0.950622713798319
0.17017413186955,-0.973741770613839
0.214827145790255,-0.944101146835776
0.22141409960391,-0.965408543036478
0.290922257843032,-0.926141155199439
0.252409942671165,-0.952569644460833
0.415720393231271,-0.884472616893784
0.394926979562205,-0.901370158355299
0.386654780747215,-0.895814673772621
0.393787887340668,-0.882020497590684
0.476068352397127,-0.780278582250032
0.453115621557846,-0.857220252971027
0.534462454364529,-0.829942461188042
0.496278877872906,-0.747525376343094
0.556262080411261,-0.777723611819991
0.633965959550979,-0.662815764521969
0.602312200019425,-0.744557905874044
0.616131138497223,-0.743274953060009
0.706874051443733,-0.632420289126018
0.674325404923894,-0.667536293018179
0.636637078289521,-0.579591105702746
0.682070857746343,-0.533357417963868
0.664759316739306,-0.658180162340813
0.746180234721735,-0.474283673966934
0.753344781175479,-0.598217831953156
0.782957820284301,-0.4425296858536
0.857897188991111,-0.460554783260219
0.808986613864229,-0.480698998989433
0.802188153692168,-0.392102342601414
0.894528190793067,-0.397584802121618
0.801643717680948,-0.239252254627014
0.862408540992249,-0.207598654579012
0.707552496209486,-0.339139228833007
0.888058336736788,-0.179966331786171
0.838395548575025,-0.0225876975726313
0.932225551165015,-0.132347523039115
0.754970569599156,0.0170337450148851
0.943286239248145,0.0771192233952596
0.822923797813674,0.111767169829021
0.831364019727289,0.0721302282100649
0.86552041121911,0.269659332362042
0.817121136609851,0.21857124873044
0.845509736965018,0.250122940235668
0.81306287217569,0.41662192805589
0.829516624113362,0.252518236300505
0.795607131099708,0.443591622078892
0.719962040511026,0.484100157425453
0.687474782666059,0.450429942723073
0.631168165381295,0.567311511334168
0.645773656566691,0.60073496083037
0.56861938595833,0.6271630474078
0.41908346664633,0.778734769411385
0.536964059119327,0.598828122284419
0.553798418846352,0.715190014859924
0.469172634272582,0.75486789975662
0.406364390146659,0.795341686390374
0.404716639725259,0.77449911866736
0.428151138830503,0.839272692030579
0.226238175800514,0.760714532497984
0.329441313223582,0.880159640536448
0.1593909319146,0.849706033340258
0.211902691058899,0.903634840226311
0.226975351706421,0.789012745244525
0.17646772447881,0.896444090731213
0.180491623073828,0.834730069864347
0.0806362397288193,0.810143646952709
0.00630108916784482,0.890645933459487
0.0732437871773597,0.79891080539645
0,0.975863152161604
-0.156027109660319,0.89521874471173
-0.101708057889997,0.981687406711252
0.0181968183448619,0.88687165131933
-0.170436371953655,0.82458394477429
-0.111783890927161,0.823667706168898
-0.152096833161688,0.937484609108001
-0.1715624200074,0.953041746881932
-0.298899042428274,0.85470393848405
-0.193776198664251,0.942836610985804
-0.291707928360507,0.918527343032946
-0.328283264506286,0.923399952940157
-0.261839952199645,0.8924396534114
-0.243485787816954,0.894839118530572
-0.347218493299204,0.909262204568318
-0.357519238509254,0.919111944026718
-0.280335243450661,0.924430709327851
-0.39762637115929,0.911522733390244
-0.418569978078764,0.899403448907172
-0.450058896611629,0.887754939807878
-0.499958414117525,0.84870069962407
-0.509447852045879,0.835778813979332
-0.481688158576292,0.84468780661584
-0.531609941581215,0.804885352836524
-0.469666644724163,0.83821844560269
-0.577909047240298,0.775218230345243
-0.570229869275763,0.790933245061421
-0.594502335472536,0.756041146234199
-0.628112986089608,0.736217771544796
-0.566786543016312,0.775615347585355
-0.620992838802202,0.744395363505756
-0.670527056286042,0.720281545347897
-0.705773049795706,0.677322011535141
-0.680468342386995,0.651159948895648
-0.671372003988017,0.68544299684284
-0.709029026871238,0.63729811107508
-0.553560829324066,0.684403358674038
-0.708109752285046,0.651744804753756
-0.68989442395951,0.656529120261143
-0.782945015618354,0.60787064569333
-0.657420909565124,0.623461173394594
-0.654009831508154,0.691370912906955
-0.644936832477372,0.668104586450823
-0.649675456742675,0.661808563698914
-0.716353882629194,0.628063312807781
-0.647061385050349,0.686308374884358
-0.620787421340118,0.655041252399716
-0.567164296586076,0.712889465124531
-0.692897681610178,0.520892452571733
-0.563561698435212,0.584896321366952
-0.688199018473237,0.650931218848241
-0.483084575326297,0.606089298831924
-0.533844657395488,0.551440125562169
-0.654445790353818,0.542642391478828
-0.622405808905015,0.681485822770735
-0.661287833875945,0.613922006232281
-0.610365690661048,0.535830091411055
-0.647633490286044,0.527032357327714
-0.652208358816852,0.540884236086086
-0.458378637941992,0.569702760672758
-0.557471565468528,0.414614422611385
-0.380313449138041,0.444201105638035
-0.629713908766148,0.63675209603282
-0.613162962401368,0.470305819544226
-0.551632451124722,0.472662964767573
-0.424981962021845,0.353553390593274
-0.619002076745175,0.483685848816609
-0.46446670520042,0.520813446771836
-0.538252421852338,0.395395278995196
-0.420227779235347,0.34330470231227
-0.483030504178033,0.443545760999459
-0.573097891036051,0.455246760838293
-0.647933415133248,0.546918160678027
-0.542966712299033,0.153880026906179
-0.596117454418308,0.312253431665911
-0.647600635283655,0.256278903086487
-0.516023144164047,0.13114386695643
-0.750836335553281,0.233974337160439
-0.594599163423755,0.244997221209475
-0.757538396253064,0.123602952027852
-0.480413837203373,0.146190649600484
-0.695614417878976,0.252538136138053
-0.636441051825677,0.0162066537542662
-0.501124823897111,0.22530859833475
-0.885027739584736,0.0824514554776075
-0.807760053812358,0.031943828249997
-0.621936198656182,-0.0209209442009609
-0.838730358564094,0.0108861846400942
-0.764793341513325,-0.121936198656182
-0.631650749217888,-0.00935613067736571
-0.536550621267567,0.031943828249997
-0.639126211797924,-0.22010978137485
-0.831189443635517,-0.122072898065124
-0.885027739584735,-0.0185637989776135
-0.756675449897087,-0.311242022932817
-0.92969625246854,-0.0824514554776075
-0.807725006599257,-0.30409457510168
-0.845359486815942,-0.219434436777843
-0.790545545394155,-0.214170712422093
-0.749938100292777,-0.441534464810019
-0.666128155091517,-0.280204529624862
-0.799461488424851,-0.213537862958195
-0.660843965147096,-0.311242022932817
-0.801343962780892,-0.348369620888044
-0.810009701606581,-0.398877248115654
-0.718892507303284,-0.32980582191043
-0.741803577547155,-0.467330732685225
-0.807183077124698,-0.433178221588999
-0.86236112994777,-0.373359651051905
-0.727858001029029,-0.443639908760803
-0.869700663315831,-0.377104878835466
-0.850149789423731,-0.444201105638035
-0.833497748538111,-0.425488844283303
-0.820379596806862,-0.512112660733046
-0.83697971765857,-0.475996471510914
-0.714833561495166,-0.60392024688802
-0.791869552272018,-0.596984461053236
-0.746777389745163,-0.571976418638023
-0.704355444942421,-0.646910243431978
-0.734337625205988,-0.63740768051697
-0.728486989585433,-0.640333119172961
-0.78390498770039,-0.545216360093256
-0.669509703972785,-0.630024960794211
-0.602093268171055,-0.704503907319539
-0.682809180761133,-0.66361436345952
-0.625585644160278,-0.689295083459314
-0.697231110866351,-0.634557413676637
-0.592189168331462,-0.653727629869924
-0.56190128020193,-0.782409720033337
-0.492368357481244,-0.715163817690867
-0.558939907250738,-0.797119982844977
-0.441214255810858,-0.872874270364223
-0.451454222507264,-0.846722328791578
-0.468056373498448,-0.784354993425613
-0.414246669901517,-0.86511712733405
-0.285560285030879,-0.84263390361384
-0.418122106119417,-0.884284350916327
-0.452545585890879,-0.854248734565078
-0.244436024332244,-0.883439828519979
-0.385733132429493,-0.901526264990385
-0.277909906544969,-0.91269170155756
-0.230186352151644,-0.91273265862964
-0.305761328473351,-0.892411592840097
-0.146190649600484,-0.908985265774801
-0.0998553833450087,-0.849418432624061
-0.143112926900053,-0.938967749883321
-0.0582664903818205,-0.920780192318872
-0.0488103081010251,-0.868288842329794
0.0100758330371631,-0.834085422234648
0.103203137423067,-0.975637044076904
-0.142315213382584,-0.897568914628324
0.0944431966121405,-0.798296417829955
-0.0654177104627224,-0.909060554012558
0.0451753951452626,-0.864316752890997
0.0545315258226283,-0.902283205075019
-0.114246821350487,-0.928204409390991
0.127775312999988,-0.770055479169471
0.202030508910442,-0.82980582191043
0.0824514554776075,-0.885027739584735
-0.0242662139124776,-0.758636048309834
0.00935613067736572,-0.931869888101668
0.131292329333548,-0.78317363090072
0.0969913558602033,-0.854602202329291
0.20605440750546,-0.711745059472148
0.152762707443564,-0.763785486849389
0.1819366559701,-0.69804685134008
0.155546780277849,-0.789012745244525
0.164902910955215,-0.927994451883769
0.189847753751194,-0.744344232360721
0.227112051115363,-0.840903994197223
0.245619105334555,-0.779732618852342
0.199192121460383,-0.786730888258934
0.208548252137749,-0.869365853326761
0.255402163622858,-0.934043523734797
0.361776780127479,-0.880791385849797
0.206406274846134,-0.87435101123073
0.264972650864376,-0.916901524718276
0.377852962868051,-0.775681985107476
0.29070683815972,-0.9040988626623
0.353453972545804,-0.891223762150529
0.29897503821551,-0.806135592303667
0.387768913345241,-0.818232498595022
0.473572198636186,-0.820610989704433
0.43618056298971,-0.756276874281438
0.455707552940077,-0.819135529371813
0.463801276603036,-0.749349327338983
0.540726539830164,-0.723071453143044
0.473877109640199,-0.745175780642783
0.606683070050796,-0.745322995390874
0.598635141573022,-0.743225074460224
0.594413964087958,-0.64306438962901
0.605898771649938,-0.731472274114067
0.663667830755069,-0.740738122426237
0.581573558879412,-0.787979833725547
0.654003323986343,-0.694532764219696
0.679419932465791,-0.71382097827348
0.675391414213632,-0.73112708295306
0.631473076385308,-0.748925593541738
0.625184799399671,-0.708236270748412
0.605898771649938,-0.705192213614077
0.689295083459314,-0.599305583660288
0.674142322248788,-0.70972632491389
0.642752176536057,-0.664320890352137
0.701018666917877,-0.589694544187111
0.751690165713121,-0.605738889089965
0.608622193637282,-0.544912754338245
0.643462697385194,-0.676680786335469
0.720385774308271,-0.464691990268318
0.779576826450472,-0.433893542611493
0.611519036023526,-0.534595959100449
0.737333500688288,-0.444700206753965
0.782196370177814,-0.414632590202449
0.570606348329161,-0.339321936241663
0.806022964323059,-0.358392617480734
0.773350858986551,-0.217755920437997
0.810009701606581,-0.297861993660433
0.660919253384853,-0.436213995695847
0.862614952306225,-0.210226768477595
0.738505118016915,-0.240355380978804
0.689122314686416,-0.129442066371658
0.855074037377648,-0.223458335372861
0.860441316673097,-0.0916591237778554
0.621359221968522,-0.178282940227598
0.881362260874058,-0.168926809550233
0.843185851182814,-0.247354366432823
0.917365034932174,0.00935613067736571
0.864316752890997,-0.146190649600484
0.707869623254248,-0.114395283727605
0.817474604374064,0.0279199296549793
0.867982231601674,-0.0412999589273627
0.892568654513313,0.114395283727605
0.892568654513313,0.114395283727605
0.862404994799003,0.24971151165617
0.862404994799003,0.242170596727592
0.964207183449106,0.12762685062287
0.721249652526632,0.196846739205212
0.831979457543558,0.301885892255451
0.864106795383775,0.196846739205212
0.780423018579931,0.398877248115654
0.945249917374052,0.20087063780023
0.872772534209463,0.348369620888044
0.826402220740887,0.356565880455197
0.67940776412471,0.297861993660433
0.807183077124698,0.361749650160427
0.756675449897087,0.311242022932817
0.776757539869253,0.421464945688286
0.5097905627228,0.406418163044232
0.872772534209463,0.348369620888044
0.706637301928012,0.603264902249444
0.632382106017558,0.393693478410424
0.618346732106599,0.475489589249456
0.696739241776087,0.672336328454668
0.642749645428018,0.499892502570875
0.725201100905626,0.518456301548489
0.507433417499453,0.753662960035164
0.61428778629848,0.678175442798474
0.515247731245914,0.658241573511999
0.526652561115642,0.797285016972773
0.64288634483696,0.670237981059296
0.420305074578073,0.685456835975738
0.444201105638035,0.850149789423731
0.476144933888032,0.793803047852314
0.595723987320866,0.762984043499429
0.523307291404125,0.749862812055021
0.369290565089004,0.780423018579931
0.539513945158392,0.798013294059284
0.297861993660433,0.797861993660433
0.412257277388038,0.786262132923737
0.301885892255451,0.760550886114987
0.384188885355941,0.869317013006008
0.219434436777843,0.860441316673097
0.0749105405490301,0.742170596727593
0.25137826502784,0.924328973173091
0.140926925244733,0.952359954326353
0.0620724407512057,0.845936463503602
0.150214548195501,0.960541704738429
0.026611596167649,0.964207183449107
0.101015254455221,0.943076281740923
-0.0266801038942466,0.900150526513971
-0.063887656499994,0.96983634028569
-0.0812116297168749,0.967703661724643
-0.214987028350228,0.953150904091956
-0.190189379571425,0.936466257821213
-0.151853562964119,0.967742166853906
-0.283629237405633,0.930846764575622
-0.372423112535364,0.900195531666888
-0.347785346316535,0.89746793152008
-0.436834886773911,0.856792315340388
-0.406261593873778,0.867321160620781
-0.45391454301344,0.761932452332379
-0.412094126115767,0.864701968321908
-0.539223817852804,0.733746626680403
-0.512611584704061,0.824439695939998
-0.52719183997148,0.702125549408089
-0.537100273039769,0.831326131913433
-0.633968001735212,0.715142694946341
-0.583700696697656,0.695172034176514
-0.514927821969872,0.663118397765085
-0.627168864016729,0.740811179256161
-0.56102323434853,0.796885117434103
-0.625332014147762,0.764119154235932
-0.631805249034061,0.70887554070523
-0.601565342393765,0.74729051093222
-0.649817109478262,0.739953824025379
-0.468720508520477,0.755639790628671
-0.579060170133419,0.725968295529288
-0.480896217731145,0.82217993720652
-0.54656101612786,0.606941323928908
-0.662469718905095,0.71768572179229
-0.629433589229846,0.684034022318023
-0.596155111261528,0.748155888973739
-0.620308033943274,0.634557413676637
-0.603786227664552,0.755639790628671
-0.492779683749681,0.638504852288136
-0.574368362577684,0.643317668941153
-0.613156304937095,0.690079381860172
-0.56744300193928,0.529866408392143
-0.607288800844461,0.691948939168299
-0.472799664176515,0.603523700077419
-0.594735862832697,0.607005669197878
-0.655156151202141,0.610942516586963
-0.58792322499063,0.651810881490624
-0.601956568762114,0.524837345366854
-0.688073502950399,0.545216360093256
-0.598081132544214,0.605622047472791
-0.658956299182284,0.690900127432281
-0.63002496079421,0.573678219222794
-0.587527727753713,0.690900127432281
-0.516285021705182,0.49942302331234
-0.683359212503704,0.61947155600371
-0.802468786678003,0.531836330820872
-0.678175442798474,0.61428778629848
-0.670893325697872,0.483822548225551
-0.75950207437897,0.449384875343265
-0.748161011470249,0.497202577497935
-0.827130497827398,0.465258749247937
-0.759712031886192,0.46261644223853
-0.764216364825665,0.27929819468282
-0.816058773457609,0.526504098738524
-0.895867114043553,0.333829720505448
-0.855988903767537,0.457581134910418
-0.861566140570208,0.402901146710672
-0.967872662159784,0.105039153050239
-0.809356712757826,0.397717377005442
-0.806058253227587,0.178282940227598
-0.897810585676663,0.276297575866384
-0.881362260874058,0.168926809550233
-0.885237697091958,0.159570678872867
-0.950617196669501,0.132959082705218
-0.943076281740923,0.164902910955215
-0.943076281740923,0.164902910955215
-0.858267681039969,0.119579053432835
-0.786880066683478,0.101095209105741
-0.905948683785696,0.095831484749991
-0.979079055799039,-0.0505076272276105
-0.882895061023688,0.0651274822607266
-0.84960194221428,-0.031943828249997
-0.789012745244525,-0.0916591237778554
-0.992669042578645,-0.0451753951452626
-0.901234393339002,0.138142852410448
-0.635316227928565,-0.031943828249997
-0.886729540169507,-0.101015254455221
-0.971538140870462,-0.0824514554776075
-0.837346736839008,0.0690714262052241
-0.971538140870462,-0.0185637989776135
-0.82980582191043,-0.202030508910442
-0.916971567834732,-0.0824514554776075
-0.815300968740935,-0.101015254455221
-0.893693478410424,-0.233974337160439
-0.732799389388475,-0.0931273043859041
-0.819252426144068,-0.177587750259462
-0.804221804340944,-0.335183717004572
-0.961453889868269,-0.137444300670783
-0.881568615061266,-0.167511917222299
-0.734434471997993,-0.157436084185136
-0.900151424050801,-0.157595966745109
-0.898407768857119,-0.063887656499994
-0.849932141424959,-0.072975638311578
-0.898949962874821,-0.258142642220998
-0.740920374696174,0.0100758330371631
-0.85240743631801,-0.238999687672451
-0.807381627937414,0.0625138146297409
-0.881568615061266,-0.236314008837677
-0.853879580036458,-0.226238175800514
-0.81135754892107,-0.109331531848731
-0.941038372556671,-0.216322225323324
-0.77673039502868,-0.143186704451773
-0.809524840599009,-0.343850575516918
-0.901234393339002,-0.265918165410436
-0.835644936254236,-0.27929819468282
-0.807183077124698,-0.361749650160427
-0.852900401744519,-0.25137826502784
-0.888326199114975,-0.301885892255451
-0.878821606060492,-0.374981217055693
-0.886152563481847,-0.32980582191043
-0.939241802595104,-0.227550741694476
-0.889709820840062,-0.386831192365348
-0.897778872135546,-0.200722175423112
-0.849779690530134,-0.455754156193454
-0.913122579533836,-0.305909790850469
-0.834336602766906,-0.264758294300224
-0.839520372472136,-0.269942064005454
-0.623101979625374,-0.358694608650906
-0.817850371435214,-0.294943651559854
-0.826140343199752,-0.187490608527846
-0.732089026985449,-0.45576591916163
-0.837818571887365,-0.285679238501185
-0.741331742498798,-0.378498233389252
-0.793222991451495,-0.307206361369623
-0.651155862502394,-0.393545016033306
-0.680791385849796,-0.461776780127479
-0.730570735990897,-0.427994451883769
-0.705328968440682,-0.421464945688285
-0.677309416729338,-0.48269772432844
-0.610805817178021,-0.436004846070881
-0.641306642671222,-0.38280729377033
-0.691948939168299,-0.582885887523042
-0.515629677066606,-0.419798192316615
-0.600438277767561,-0.401234393339002
-0.564038956898845,-0.541871090381739
-0.572553395325683,-0.2548952813614
-0.483685848816609,-0.666027734852326
-0.624185846450405,-0.417441047093268
-0.598081132544214,-0.53419347604422
-0.523170591995183,-0.387854364066618
-0.493583908968534,-0.340828705959466
-0.488869618521839,-0.629369616155635
-0.567839104878988,-0.567839104878988
-0.631726761378982,-0.552757275021833
-0.3808553786126,-0.590933684713077
-0.456925790271842,-0.488869618521839
-0.398877248115654,-0.613162962401369
-0.268275310633783,-0.512147707946147
-0.321140083084741,-0.525527737218531
-0.316425792638047,-0.594599163423755
-0.397717377005442,-0.575851854855922
-0.318782937861394,-0.557471565468528
-0.27929819468282,-0.697971563102323
-0.469180995647114,-0.42969625246854
-0.252538136138053,-0.60968099328091
-0.286839109611397,-0.707869623254248
-0.244997221209475,-0.469180995647114
-0.183466709932829,-0.715410538182826
-0.236331482383786,-0.728790567455209
-0.110913314607146,-0.694489593981865
-0.297861993660433,-0.696846739205212
-0.121936198656182,-0.77929819468282
-0.0098980601519248,-0.664902910955215
-0.0209209442009609,-0.621936198656182
-0.0470256581071519,-0.763091540928553
0.0225876975726313,-0.740206918601686
-0.00587416155690706,-0.659535631659766
-0.037817989806904,-0.825015519302641
0.105039153050239,-0.75358694787407
0.0113813039333763,-0.684541969585849
0.114822211338542,-0.664943868027296
0.146327349009426,-0.717004117415134
0.106842605830851,-0.709463202486557
0.272299209228801,-0.689122314686416
0.322568686600074,-0.717700093475446
0.338298764540392,-0.514334894995501
0.35000027747293,-0.763466350250852
0.480020370105932,-0.427304060032092
0.497930854584445,-0.640787997441588
0.618424050483831,-0.532368527466731
0.704498246014762,-0.638457982185292
0.681997599648063,-0.54439206498108
0.709750179855267,-0.494996476243323
0.711318333609655,-0.562633839376882
0.814273017296388,-0.303619889928073
0.743621777673926,-0.424708423239612
0.809468091127108,-0.438849078170219
0.836987017495711,-0.452635051728704
0.787519457183002,-0.540671105606858
0.748581808346936,-0.408959940520433
0.886417029477375,-0.400798132902536
0.870061828710981,-0.391061628448577
0.885896798002553,-0.349977949685697
0.890536644565481,-0.364518953287026
0.935355403415373,-0.235370121856874
0.91211164515674,-0.241583443771361
0.858308638112049,-0.236758409994724
0.921648886974562,-0.287723890765223
0.963148705337803,-0.189166736046632
0.930846764575622,-0.0775427276794445
0.966471467825342,-0.163033890294733
0.967742166853906,-0.151853562964119
0.904538221703474,-0.0501455050741218
0.957280343172069,-0.0988697081668942
0.94498581116817,-0.0543928293220421
0.906834952461526,0
0.957955697934237,-0.0618983054202788
0.961453889868269,-0.0401434495886792
0.965401328479767,-0.113119087900257
0.982785491581798,0.0173239732168809
0.996334521289323,-0.0225876975726313
0.983741033056562,-0.0179355328829838
0.913489598714274,0
0.842061027285702,0
0.800219138883781,0.164902910955215
0.898713967153827,0.0344010458076891
0.984918170142845,0.063887656499994
0.977377255214268,0.031943828249997
0.952790832302629,0.105039153050239
0.691872927007204,0.0376344802166851
0.931869888101668,0.219434436777843
0.97371177650359,-0.00935613067736571
0.869945909727581,0.210226768477595
0.90010956944189,0.0824514554776075
0.952790832302629,0.168926809550233
0.831979457543559,0.301885892255451
0.85290040174452,0.150363010572619
0.878611648553269,0.361749650160427
0.676581139642827,0.159719141249985
0.770265436676693,0.234481219421897
0.820563106397081,0.343185851182814
0.823648528706939,0.318919637270336
0.801343962780892,0.348369620888044
0.845359486815942,0.283322093277837
0.82864878882195,0.493030216525799
0.85939250493708,0.366933419865657
0.761675710012098,0.556781173616851
0.720017331200396,0.513272531843259
0.690430648173746,0.483685848816609
0.685716357727051,0.582343958048483
0.740938275401357,0.462764904615648
0.494708732865645,0.637565875722788
0.521468791410412,0.457581134910418
0.675348818316591,0.643404990066594
0.661313444405632,0.582343958048483
0.610942516586963,0.630753237880721
0.456925790271842,0.488869618521839
0.515629677066606,0.658486819923749
0.518456301548489,0.653772529477054
0.361749650160427,0.472662964767573
0.503916401165893,0.628061282668305
0.419798192316615,0.562655335173758
0.459282935495189,0.737456306280898
0.220576050224867,0.680204529624862
0.48535260218828,0.665844225262108
0.288505862983067,0.759895541476411
0.241651951497958,0.761462672791717
0.366933419865657,0.645106790651366
0.307760053812358,0.728790567455209
0.187490608527846,0.796553660173103
0.187490608527846,0.772150746851683
0.122072898065124,0.745256019037451
0.281506877529049,0.864316752890997
0.359934434411639,0.754711771771181
0.0344010458076891,0.716049288721001
0.187490608527846,0.725125088744532
0.127775312999988,0.826979197428547
0.20605440750546,0.78317363090072
0,0.699203884428559
0.00166675337167039,0.817474604374064
0.0110228840490361,0.786839109611397
0.00402389859501774,0.72400026484742
-0.0238585988028564,0.730962055507338
-0.153880026906179,0.757252426584747
-0.0394847431785744,0.763091540928553
-0.0505076272276105,0.74971151165617
-0.114395283727605,0.678282940227598
-0.0730953248002418,0.888903175802635
0.00754091492857744,0.770632455857131
-0.136982981300236,0.87382134594548
-0.103372399678568,0.765918165410436
-0.20087063780023,0.87382134594548
-0.224618206483073,0.841222173056907
-0.095831484749991,0.893693478410424
-0.247896295907382,0.682158376445498
-0.182306838822616,0.773930915387371
-0.215410538182826,0.850726766111391
-0.215410538182826,0.707869623254248
-0.260734395705206,0.782780163803278
-0.361749650160427,0.878611648553269
-0.174110579255463,0.719285974400726
-0.53419347604422,0.765341188722776
-0.297861993660433,0.607979192696138
-0.499892502570875,0.71417821685659
-0.387854364066618,0.594599163423755
-0.45928293549519,0.737456306280898
-0.493400399378315,0.694454546768764
-0.518456301548489,0.653772529477054
-0.624185846450405,0.560298189950411
-0.598081132544214,0.53419347604422
-0.449384875343265,0.520813446771836
-0.742063099298468,0.646231614548477
-0.58470110327183,0.552757275021833
-0.571321073999447,0.499892502570875
-0.75950207437897,0.449384875343265
-0.65961164382086,0.531836330820872
-0.573678219222794,0.366933419865657
-0.746777389745163,0.476144933888032
-0.614546584126455,0.348506320296986
-0.737456306280898,0.387854364066618
-0.777596394098048,0.332162967133777
-0.600968444273944,0.368858971065303
-0.640316488043577,0.277482978934031
-0.853653471951757,0.288911872990228
-0.717502370861905,0.396362334661216
-0.834556229561779,0.423426693562064
-0.77144367095196,0.348137910324158
-0.711294492161061,0.294627825494395
-0.741837827995667,0.279982731147336
-0.768234623244374,0.170728963973868
-0.494612392071743,0.197579533773815
-0.737456306280898,0.286839109611397
-0.65369651731596,0.195031523456424
-0.695144938620441,0.106854368799027
-0.722951453111403,0.0505076272276105
-0.732272536575668,0.247354366432823
-0.643981966754254,0.153880026906179
-0.707869623254248,-0.0923495156295323
-0.49942302331234,0.236331482383787
-0.685823855156176,-0.0110228840490361
-0.758373694123845,-0.0787180420925681
-0.665830006095159,-0.0787180420925681
-0.926629110263335,-0.0500594000658692
-0.716049288721001,0.0344010458076891
-0.685398055812267,-0.12319492093742
-0.849706033340258,0.0500594000658692
-0.84736519496612,-0.09691486043743
-0.65353547409126,-0.208238983168196
-0.786062729148653,0.0887938751297312
-0.657361996026638,-0.236331482383786
-0.754376961782112,-0.154016726315121
-0.754711771771181,-0.322573353012838
-0.795851439186415,-0.122545678558612
-0.684122054571405,-0.135316227928565
-0.800035629293562,-0.333829720505448
-0.733716826379949,-0.37191342750496
-0.779782360088286,-0.363115693421619
-0.676562600774715,-0.457191306438575
-0.603182181923641,-0.514331808580938
-0.634773458895502,-0.505374591853832
-0.567050159713283,-0.37191342750496
-0.557487856884937,-0.594755656509933
-0.75262458909326,-0.539892388718256
-0.712867829091711,-0.621858815626803
-0.484536075208795,-0.386384336342101
-0.636916549876007,-0.553250106924519
-0.452977045584791,-0.402723736084787
-0.435738832105943,-0.632438828793257
-0.539696106380579,-0.684417465930575
-0.590652470787447,-0.448220366248597
-0.347505659270505,-0.430838992603839
-0.560237859645509,-0.439636726687179
-0.449746755317149,-0.570347888275479
-0.3807111615883,-0.535830091411054
-0.294627825494395,-0.57914562235882
-0.382097085852084,-0.604571049079353
-0.240101564889203,-0.60847497888919
-0.355028285770833,-0.506761895631601
-0.383994025105597,-0.612224791788146
-0.402363133539239,-0.752724687095025
-0.236653476736699,-0.502249787424941
-0.085437361577381,-0.615188963714568
-0.29327464253248,-0.578383802035273
-0.117213741259847,-0.644752069507031
0.0396836813922846,-0.750720550229478
-0.0930304133821259,-0.717441641521532
0.040481800343161,-0.439277299485259
-0.194080394796054,-0.810568787630253
0.133461164348872,-0.714044494921633
-0.0447213595499958,-0.489442719099992
0.0738799627442392,-0.681451014835125
0.234389965848886,-0.575847893796623
-0.00275000276057192,-0.556940131083312
0.0784054886442649,-0.749643657936116
0.153846153846154,-0.631005226490225
0.128777442158437,-0.80230469976405
0.0688020916153781,-0.774191930941998
0.157595966745109,-0.619134428283571
0.128777442158437,-0.603398050715827
0,-0.67910977882663
0.367470032522823,-0.581451419472009
0.132959082705218,-0.64982108109806
0.263561020187089,-0.541734390972797
0.202030508910442,-0.758377250481859
0.273459080339014,-0.601015254455221
0.153880026906179,-0.670742025299021
0.101015254455221,-0.702030508910442
0.373314463684022,-0.450433687079282
0.219434436777843,-0.646155602387383
0.366933419865657,-0.645106790651366
0.43136300584021,-0.65888028702119
0.337346736839008,-0.716535362079937
0.292529761578085,-0.811451980440039
0.344887651767585,-0.416316223196156
0.417441047093268,-0.742640075986128
0.451742020566612,-0.697971563102323
0.401234393339002,-0.576035364446141
0.366933419865657,-0.746122045106587
0.376831480017582,-0.623061022553293
0.330347751384989,-0.700722175423112
0.543943073819027,-0.666237692359549
0.337346736839008,-0.805402908589011
0.406554862453174,-0.633110383104069
0.355910535816621,-0.744997221209475
0.45576591916163,-0.611854628914038
0.398877248115654,-0.756020105258511
0.25656203473307,-0.690824115271187
0.440028744665899,-0.524688882989736
0.453328819287762,-0.751530281474116
0.410442061639249,-0.590933684713077
0.452090360956355,-0.605936514802509
0.564322088545428,-0.705328968440682
0.471972572915896,-0.755836595668292
0.425488844283303,-0.833497748538111
0.483822548225551,-0.5994647542693
0.582343958048483,-0.781547842477042
0.503439133144062,-0.717966393297895
0.540660856482655,-0.795897922379267
0.519710320420046,-0.822640674043003
0.519653575661624,-0.764032855235446
0.451878719975554,-0.821291383483592
0.470812701805684,-0.83179594795334
0.37374139129496,-0.794237472021836
0.447706359003418,-0.687493446549579
0.405258291934019,-0.75300997118641
0.393909975582787,-0.648966675969973
0.405258291934019,-0.72860705786499
0.530157814481026,-0.730460158848612
0.454099165789959,-0.732272536575668
0.348369620888044,-0.776941049459472
0.560434889359353,-0.676077095403102
0.499892502570875,-0.738581130178009
0.311242022932817,-0.732272536575668
0.435535366812346,-0.627198336312328
0.303045763365663,-0.66018862050852
0.656599153958937,-0.728027725387509
0.42969625246854,-0.636441051825677
0.462764904615648,-0.740938275401357
0.404061017820884,-0.68977530353517
0.385497218843271,-0.703155332807553
0.547573505316603,-0.650945904995171
0.472662964767573,-0.576035364446141
0.410442061639249,-0.590933684713077
0.467318969717049,-0.526614434189382
0.587156080100429,-0.767282294446574
0.366933419865657,-0.645106790651366
0.494708732865645,-0.804825931901351
0.380313449138041,-0.722374476423743
0.375129679432811,-0.57433356386137
0.481328703593262,-0.680532588021821
0.483822548225551,-0.717918983805024
0.524688882989736,-0.692158896675521
0.412257277388038,-0.643404990066594
0.370957318460675,-0.797678484070214
0.423977592134303,-0.784230020826591
0.43373366005152,-0.767932136328519
0.49150016256307,-0.833697889257715
0.325107883967409,-0.895977877354602
0.486638621512135,-0.833824627328474
0.483537386439491,-0.780632976087153
0.483822548225551,-0.838153381876434
0.498362204970698,-0.824213587855297
0.412106793927649,-0.711678116312258
0.595292393297165,-0.755973295077234
0.47923035619789,-0.698108262511265
0.527387934757565,-0.818185181424284
0.631269545246373,-0.703247487081949
0.525801136036415,-0.78902937637391
0.395360231782095,-0.543908026605925
0.517296430438277,-0.754134795083521
0.531836330820872,-0.706637301928012
0.401661320949939,-0.729956348424401
0.48016883248305,-0.756491940306869
0.459778054788472,-0.750221231939361
0.427982688915592,-0.848261399535581
0.442522589298188,-0.706712590165768
0.406493451281988,-0.792841371281148
0.463580232908091,-0.779524783319426
0.350863465520333,-0.816107613778362
0.506300676356292,-0.784776391509587
0.340199001355637,-0.70043044448043
0.429512742878321,-0.796186640992665
0.244367516605646,-0.794481760694734
0.426167473166804,-0.748764436074912
0.336323565137737,-0.76777362218388
0.414602659643209,-0.795396627084623
0.334645048797891,-0.838622137211631
0.263079777960377,-0.673460428428441
0.332151204165602,-0.75242991478559
0.313587405187988,-0.893585257057961
0.283322093277837,-0.695171386537444
0.510297444984258,-0.792311204774765
0.148005865349272,-0.860441316673097
0.402901146710672,-0.718708997713066
0.328127305570584,-0.814143935652456
0.365773548755445,-0.888326199114975
0.269942064005454,-0.768091801043565
0.356417418078079,-0.749344492475732
0.179949693599269,-0.781471830315948
0.251229802650722,-0.918699816336507
0.315265921527834,-0.62353285760165
0.25137826502784,-0.781471830315948
0.247354366432823,-0.771757279754242
0.141006879895254,-0.82718915493577
0.25129831037732,-0.692356915420817
0.228790567455209,-0.841484050598042
0.150363010572619,-0.966170861575013
0.0717869913129116,-0.814019083170608
0.0488103081010251,-0.844321137831785
0.12319492093742,-0.730458551014337
-0.149512724589981,-0.65770902078746
0.0931273043859041,-0.963568620157706
0.0396214425875164,-0.660447418336496
0.0195262145875635,-0.885654369679081
0.0546517294564696,-0.784531238594276
0.0541786393457755,-0.818987703012414
-0.00873238863220799,-0.883821603428235
0.0459832813690861,-0.843561604876339
0,-0.880204529624862
0.017326212379106,-0.973435598145764
0,-0.866666666666667
0.0942809041582063,-0.880204529624862
-0.0508960907677864,-0.842130991403351
-0.00155563648022569,-0.696309630749126
-0.0893041542146816,-0.906964891819172
-0.0997754286944885,-0.897976890880843
0.119904876234859,-0.762986599861219
-0.0938038986416592,-0.895105442686768
-0.0616383858530388,-0.683766792180091
-0.024325212770526,-0.911234607242426
-0.151853562964119,-0.660049859161598
-0.0993438346707868,-0.947312884030065
-0.0506052732705163,-0.740920374696174
-0.184833306790459,-0.875763804732889
-0.224443210631023,-0.803434189325915
-0.211256415798089,-0.931649701156052
-0.206038494535711,-0.838795761464547
-0.222218509612128,-0.839561329544217
-0.24611454067209,-0.854433201894149
-0.17682614436315,-0.895162205160886
-0.228642105078091,-0.835854893761459
-0.175654826329015,-0.822923797813674
-0.0400483701984541,-0.903235948823829
-0.1676869837895,-0.922196294612043
-0.285530776124067,-0.73117416059556
-0.150363010572619,-0.894742290146441
-0.150363010572619,-0.85290040174452
-0.286975809020339,-0.902618015064088
-0.311093560555699,-0.822474864489075
-0.0397581419964583,-0.640910095860621
-0.193249768221132,-0.626767458336052
-0.30689651759411,-0.748162576568276
-0.245466501755867,-0.745389145964423
-0.229297460086778,-0.586432075129861
-0.192317447005096,-0.78355234764066
-0.247107741346876,-0.82910445250731
-0.316412590863299,-0.618204772398872
-0.248190287716407,-0.707818767116402
-0.332794821758184,-0.68186602025817
-0.410693495021506,-0.712485676557079
-0.364197408670634,-0.653640127770626
-0.343104578832548,-0.566905860542298
-0.196211650579089,-0.72250679664575
-0.582573456687044,-0.635163748820366
-0.265516500095513,-0.761997406462177
-0.40913785854128,-0.535433004607941
-0.29533073979551,-0.798849833428846
-0.428664073128844,-0.594011648370632
-0.24599028550795,-0.40913785854128
-0.391811646162174,-0.386973461103959
-0.506483190278397,-0.654746822903534
-0.308903656504581,-0.531551901966113
-0.28448196438805,-0.42969625246854
-0.358747568616415,-0.420576050224867
-0.286839109611397,-0.540609567075686
-0.197579533773815,-0.248222550196902
-0.331433904105616,-0.450879012144081
-0.161345779644065,-0.400235995720994
-0.289196254834744,-0.232849513263328
-0.22530859833475,-0.286839109611397
-0.350726766111391,-0.358267681039968
-0.286839109611397,-0.296737169763322
-0.125418167776641,-0.310117199035705
-0.37191342750496,-0.3807111615883
-0.262860031390542,-0.0677232991822193
-0.0325732512641425,-0.505833636800846
-0.275720062781084,-0.330583330572761
-0.405818516942011,-0.100664673336385
-0.314856954383074,-0.492080901949749
-0.287242716891534,-0.21837604801641
-0.339372568558291,-0.457774267995786
-0.201049835637304,-0.460678315037298
-0.255228474983079,-0.160947570824873
-0.294280904158206,-0.413537862958195
-0.406015606810531,-0.624505613351372
-0.0295866830266496,-0.458158111598078
-0.305402908589011,-0.551632451124722
-0.305402908589011,-0.337346736839008
-0.197388668679771,-0.417365034932174
-0.235702260395516,-0.274754689570643
-0.364197408670634,-0.364197408670634
-0.255228474983079,-0.321895141649746
-0.233064077545759,-0.401049835637304
-0.2769546917791,-0.240102264812431
-0.403249837845761,-0.297530742003968
-0.42761423749154,-0.360947570824873
-0.332688967605102,-0.264295388840671
-0.294280904158206,-0.266666666666667
-0.416176045807952,-0.188561808316413
-0.521895141649746,-0.388561808316413
-0.240102264812431,-0.233064077545759
-0.418987703012414,-0.455840129979084
-0.255228474983079,-0.0666666666666667
-0.244940449870646,-0.391811646162174
-0.535433004607941,-0.416176045807952
-0.334383168970637,-0.194011648370632
-0.486042994039956,-0.318782937861394
-0.416316223196156,-0.172443825883792
-0.387854364066618,-0.28448196438805
-0.323966707566624,-0.151522881682832
-0.48020387969615,-0.132959082705218
-0.253376990366848,-0.242205643940694
-0.47889554620882,-0.245687613061152
-0.553989596348069,-0.0244029133214196
-0.369035593728849,-0.274754689570643
-0.571445098155453,-0.159790400114856
-0.573435598145764,-0.210288025112434
-0.58152362104974,-0.285042714683077
-0.533333333333333,-0.0666666666666667
-0.566397410879092,-0.180473785412436
-0.706768931479097,0.017326212379106
-0.506768931479098,0.0102880251124337
-0.6,-0.0942809041582063
-0.687242716891534,-0.0298142396999972
-0.724095143858204,-0.124095143858204
-0.596578886536701,0.0210818510677892
-0.685654369679081,-0.0541786393457755
-0.521895141649746,-0.160947570824873
-0.561997406462177,0.178273783203979
-0.779471819888304,-0.0528840177251701
-0.357745603092283,-0.0285196180793919
-0.712101850109502,0.0587262585782151
-0.538252421852338,-0.0923495156295323
-0.664902910955215,0.204387654133789
-0.619395543842616,0.0126896374207065
-0.606854368799027,-0.0209209442009609
-0.553989596348069,0.132959082705218
-0.641849288193207,0.237571308144519
-0.621752689065963,0.118419182322622
-0.611064615005996,0.167396755587504
-0.467872662159784,0.0598637579049762
-0.493583908968534,0.0800943102542602
-0.392568654513313,0.0505076272276105
-0.4443931094459,0.193246104517642
-0.623307974979771,0.0219466312438173
-0.627057787878726,0.13311087141461
-0.65770902078746,0.0326060806381979
-0.703980864801803,0.00753736895048131
-0.245178493062567,-0.09691486043743
-0.672118283080796,0.0444768788448522
-0.467872662159784,0.105039153050239
-0.572553395325683,0.0185637989776135
-0.657361996026638,0.0371275979552271
-0.519256958799989,-0.0666666666666667
-0.606854368799027,-0.0209209442009609
-0.783018672014317,-0.0569312934087239
-0.585933424598066,-0.101015254455221
-0.729915391352321,-0.0481504820042632
-0.726657888894161,-0.118339227672102
-0.657361996026638,0
-0.730964203088337,0.00920766830024783
-0.617877252848063,-0.172443825883793
-0.787049067118619,-0.121936198656182
-0.730964203088338,-0.170777072512122
-0.623716367191869,-0.24971151165617
-0.657361996026638,-0.0714285714285714
-0.620703877329946,-0.095831484749991
-0.676581139642827,-0.140499997633796
-0.737456306280898,-0.222951453111403
-0.482561024919498,-0.17480097110714
-0.58009431025426,-0.193364770084753
-0.450617196669501,-0.275816225562361
-0.408775308267579,-0.0244029133214196
-0.379188625240929,-0.246229542535711
-0.416316223196156,-0.0714285714285714
-0.211988796067151,-0.453417476230763
-0.0862554110430494,-0.0543928293220421
-0.4402195627497,-0.636587747711242
-0.09691486043743,-0.12319492093742
-0.339703882062355,-0.440719136517576
-0.0209209442009609,-0.294380024539974
-0.148696257200949,-0.45928293549519
0.114395283727605,-0.326323852789971
-0.031943828249997,-0.443076281740923
0.365808595968546,-0.294380024539974
-0.0730953248002418,-0.505000260115011
0.28448196438805,-0.516206653754266
0.271964146610211,-0.547793872581511
0.0769230769230769,-0.230769230769231
0.187503700736652,-0.358137698402851
0.153880026906179,-0.471538140870462
0.132959082705218,-0.236331482383786
0.254510827182539,-0.29145033707691
0.342093353499997,-0.48528005795177
0.169466764951764,-0.371417471134322
0.151522881682832,-0.222951453111403
0.104838220032585,-0.606680013719699
0.232564195938722,-0.188049573941299
0.347381496399874,-0.312215546431077
0.12319492093742,-0.160134430831791
0.173837937360507,-0.430887228629728
0.339357263700772,-0.557869705618674
0.3063651924179,-0.200117997860497
0.48528005795177,-0.196368184961542
0.240101564889203,-0.470870795658434
0.551543685480466,-0.405818516942011
0.472082144470708,-0.368879007047641
0.285162060091273,-0.439008213937427
0.217571317288168,-0.108785658644084
0.238268856567142,-0.262631812490238
0.600353993581492,0.0281127688220518
0.500473618645964,-0.046124629266252
0.619640021331224,-0.197579533773815
0.526753679145954,-0.0861081962949581
0.416477966336392,0.0450604952020696
0.681450617200768,-0.0619301982725234
0.448340548057399,-0.185708735567161
0.758373694123845,-0.0417785321981973
0.511983852249005,0.0468554603715608
0.584733382475882,-0.0887938751297312
0.41464525801433,0.150096340947198
0.728067301675747,0.0495946065018827
0.669777444706658,0.0543928293220421
0.670988793518931,0.143186704451773
0.799260642629715,-0.0887938751297312
0.665830006095159,0.155641119015645
0.552870800754874,0.165716952052808
0.734632097710537,0.221904746544341
0.766494679431544,0.23002573185204
0.82179089023075,0.180126214346144
0.957996763598865,0.133461164348872
0.802418788829096,0.175423512334723
0.67910977882663,0.286373408903547
0.911717135368606,0.218739043282487
0.912903225542903,0.234978811864581
0.837181536118613,0.339340176240817
0.94436113504421,0.190189379571425
0.905588916827778,0.313384300508846
0.922455563567135,0.246389841874841
0.742131723508448,0.293245302246401
0.852046871714397,0.275048483901539
0.932917387248972,0.250723271131013
0.89831871572874,0.363842359031271
0.94337921093081,0.255056700387186
0.86724043240859,0.372110559087061
0.924623941986716,0.311815443424055
0.876653846169223,0.439105017721066
0.84751234269962,0.466364305742376
0.90697883774657,0.363380306745313
0.837635062297146,0.484192731078067
0.84728787603732,0.486167930480722
0.817456904337773,0.514526550714815
0.76883670925946,0.613573060628194
0.779807840498358,0.596800323585805
0.759912172605796,0.624459245268289
0.641740025142973,0.706862840990936
0.710847548134982,0.691036826841223
0.59610561698248,0.785389392052679
0.584864932647824,0.79849123077104
0.587784114932858,0.790758648301317
0.499411260344164,0.801235741428429
0.559708400720891,0.813000453980201
0.550177696743367,0.821770797242134
0.53222561464865,0.830234284992098
0.408122031017212,0.880371436683878
0.580926181511251,0.742561604929842
0.513138108262789,0.835674550034343
0.423331074430677,0.882159075663073
0.526251142429397,0.825160045537476
0.41068515159095,0.889799162381782
0.464839205016409,0.847609213497851
0.520122748003733,0.790532891645086
0.373348296198854,0.900048985183048
0.350847024669445,0.92106534367503
0.314734316512252,0.93095462855652
0.377475061687982,0.893585257057961
0.359201490912364,0.913163536605917
0.248169694725266,0.744098985948971
0.212862378934763,0.813850082735467
0.267259671242594,0.846397864685577
0.339761181681444,0.915584358888799
0.283156801397356,0.809323898272293
0.336061762857972,0.907078970993256
0.302922941023292,0.935847060474328
0.410948943900707,0.88099524169362
0.302397766465193,0.831972976557151
0.302701220547894,0.875749735166859
0.41313205452914,0.886038777557699
0.390454592180014,0.884548723392221
0.440941867590033,0.879625931689443
0.387237984673824,0.909021241328136
0.407740373598133,0.885464285728565
0.43968420184813,0.877923370799987
0.395175672618192,0.893808765981409
0.436475631545555,0.882392414834931
0.381567468009597,0.891242620989692
0.400211221637731,0.895548935183868
0.43200658751061,0.882378863418707
0.322943535865354,0.82603212184729
0.30825517310564,0.779399930837579
0.355326054694464,0.813246658130804
0.392014962070578,0.799062105795301
0.276174645446701,0.806478168242031
0.403716475003115,0.804321163738287
0.309933689445486,0.922837130095542
0.374981217055693,0.878821606060492
0.29531383441237,0.928245366463072
0.305909790850469,0.913122579533836
0.250723271131013,0.932917387248972
0.367777129830888,0.883058669226743
0.367777129830888,0.883058669226743
0.244582208893468,0.921830887443176
0.41390175909714,0.865326644445868
0.305116100453056,0.833464062724861
0.29732728779411,0.904738132619118
0.416587437931913,0.881225960904682
0.355175500518925,0.877395068365066
0.309928917106073,0.910401733480795
0.375129679432811,0.813022191468504
0.283173630900719,0.91115890140793
0.25137826502784,0.924328973173091
0.388361246328076,0.884660720404298
0.214102204695495,0.945459874881274
0.126096796660142,0.897827712456299
0.275632715972142,0.824648500122203
0.136982981300236,0.888903175802635
0.304243037478798,0.75300997118641
0.114395283727605,0.808884877709469
0.191514507122864,0.949125353591952
0.150363010572619,0.837818571887365
0.063887656499994,0.770632455857131
0.210226768477595,0.854864079870426
0.0824514554776075,0.92969625246854
0.0864753540726253,0.887411332725086
0.031943828249997,0.950617196669501
-0.109063051645257,0.97758721272149
0.0730953248002418,0.888903175802635
-0.0981768670051624,0.90282797257131
-0.0300676165515161,0.912219847969999
-0.0588734733263064,0.844907810520099
-0.0974607336420771,0.945211919252871
-0.137444300670783,0.916393394666199
-0.372110559087061,0.89352049290858
-0.024325212770526,0.996052561388501
-0.153188759937216,0.934794203187121
-0.206246392286161,0.945211919252871
-0.233522686795377,0.872475208424055
-0.246674299040122,0.787835608158242
-0.286106166112122,0.895908071115633
-0.231426177912376,0.943327196320226
-0.313809125663386,0.926922523820664
-0.30299144874989,0.923789873844352
-0.268633730518124,0.934253481242019
-0.216447586950667,0.95459436904216
-0.285815937910127,0.931551709241983
-0.354887364115351,0.897250735768639
-0.25137826502784,0.924328973173091
-0.342174200758292,0.8999660591849
-0.347209749777831,0.901706228387359
-0.260734395705206,0.905371707098036
-0.365058823085159,0.90755889414739
-0.247354366432823,0.914614422611385
-0.523443990813067,0.826156974329137
-0.27929819468282,0.907073507682808
-0.288505862983067,0.897568914628324
-0.375129679432811,0.842608874495154
-0.402901146710672,0.790137569141637
-0.389521117438289,0.855727026226402
-0.482662677115339,0.84268416273291
-0.234789665452882,0.851530331435658
-0.539884128010908,0.821897887801415
-0.290999707615357,0.840903994197223
-0.505021957660332,0.840106097040508
-0.423958790320575,0.791521190866723
-0.398532705297885,0.894968878783048
-0.429364280501203,0.861986055584653
-0.44099253533546,0.854618833458676
-0.463870461110087,0.85715160502357
-0.495524061158088,0.843412439819421
-0.390855090960365,0.803592886651776
-0.507225574090625,0.848671497762407
-0.371921109130236,0.88891980693202
-0.570743047738103,0.785302160841701
-0.543537843753409,0.80772784462099
-0.430476533547882,0.838622137211632
-0.627263351514213,0.750612117445184
-0.56445878795437,0.757220217393379
-0.510742590424185,0.758207292307865
-0.59273713749369,0.772267000037433
-0.478120133290687,0.756430203485337
-0.601734848286715,0.704355444942421
-0.532514959704373,0.725276389143382
-0.56445878795437,0.690975415670038
-0.619497196038457,0.644491687037445
-0.522455866324898,0.675362369732816
-0.622780728928442,0.734929202883557
-0.638506140455997,0.669351508766967
-0.636605903640752,0.752248109684502
-0.707860698307805,0.675916870057808
-0.648943548490863,0.73048931895514
-0.737742275949214,0.660623052553955
-0.714588315083416,0.678188994214699
-0.724227577407365,0.67247302786361
-0.748417702062605,0.642538625538732
-0.747260420419923,0.655884428288652
-0.705554208987861,0.660544458801243
-0.754863072170032,0.625989299231017
-0.743364254414114,0.650918747893518
-0.746666812602878,0.649736867913861
-0.759031587420041,0.630157814481026
-0.760654001108532,0.641789673345982
-0.79594952638379,0.581224768321547
-0.733165665477254,0.66605588725846
-0.793055063416977,0.572805298346691
-0.830626018364082,0.520235420510493
-0.790682336637929,0.584689340303654
-0.786016886511987,0.579135387745908
-0.849930899094153,0.45020730019112
-0.799458652605902,0.562620287960657
-0.803654297822962,0.507657168114327
-0.833314238947892,0.498584169083545
-0.813716137389339,0.53059650506014
-0.849569733022911,0.442522589298188
-0.779006138089792,0.578703793722206
-0.80351759841402,0.384337347733058
-0.785423278694942,0.572987827371117
-0.813750468555015,0.483822548225551
-0.793768000639213,0.480020370105932
-0.755329713406835,0.554275566016386
-0.74729051093222,0.575285281893775
-0.787979833725547,0.581573558879412
-0.770605056934113,0.56102323434853
-0.773570571432211,0.601565342393765
-0.833054922760474,0.477600716888345
-0.70555277821769,0.581015017862883
-0.708942026513032,0.480165386625836
-0.808389290922964,0.5157935064426
-0.776894239278195,0.544784766069554
-0.741348373628182,0.637839274540672
-0.783928991086408,0.583456174711686
-0.751529565426691,0.570149439921058
-0.704935501343241,0.648588759771824
-0.665129499591822,0.644220318359037
-0.713860037996905,0.63770257513173
-0.70011625318575,0.639766641322968
-0.623459357811943,0.718402340130129
-0.736783311567573,0.620208290543441
-0.678052294805757,0.690322101170938
-0.687017539977299,0.676104225370153
-0.592515417018292,0.696024516105802
-0.686275684339962,0.668754269784621
-0.67634846408151,0.714871446729999
-0.664291547042473,0.704702400088131
-0.669373316316222,0.72034193436594
-0.673711209637344,0.705380673171206
-0.701004043863141,0.687937620987191
-0.656277676552679,0.73106094784563
-0.686947644841176,0.702332260225791
-0.672156302388875,0.725573778619637
-0.655972765548665,0.733043057219833
-0.689030971938968,0.702097394814917
-0.720218367672514,0.651182185172796
-0.607147863614782,0.752873032153238
-0.513409231252201,0.676077095403102
-0.495969206598015,0.734657834205149
-0.567597885514907,0.77153235180657
-0.508672320416028,0.712606786707691
-0.545940120041025,0.787142385957684
-0.403681221608812,0.728216820858805
-0.466499623249691,0.74729051093222
-0.386880840568357,0.509927262131742
-0.545216360093256,0.616644931521827
-0.373031332037438,0.651082604404113
-0.3353480115,0.613521382285709
-0.458309411996929,0.581355833560314
-0.377486824656158,0.616175452263292
-0.467948674320878,0.650290560356596
-0.355910535816621,0.688073502950399
-0.401234393339002,0.521468791410412
-0.388509708705194,0.67422399441948
-0.434844974960669,0.73379082757022
-0.449384875343265,0.735099161057551
-0.437202120184016,0.625234658186422
-0.600907757026096,0.743764899883239
-0.439635946392483,0.75146405762842
-0.437147766310627,0.716739885804049
-0.355175500518925,0.697268854018921
-0.552290240728754,0.741573182491919
-0.379500713289451,0.693321415407423
-0.589534661627138,0.721236558516931
-0.419934891725557,0.781806640305017
-0.363443700574715,0.827536350342837
-0.494906821567925,0.725823267085247
-0.486638621512135,0.833824627328474
-0.315191933490219,0.649164301682517
-0.593870277187362,0.739595445725817
-0.41642755537194,0.834408243685691
-0.401592813223342,0.847026240187613
-0.485069470541696,0.80731977653364
-0.494277138841943,0.797815183479156
-0.357701296793725,0.860952155422953
-0.486951174960438,0.737296528663715
-0.241591619054681,0.827520626199858
-0.387768913345241,0.714803253087254
-0.177587750259462,0.784851380336379
-0.246389841874841,0.880385748621149
-0.276218144993845,0.871961210755721
-0.28679503121511,0.777365144030189
-0.269067304223967,0.852605062030553
-0.251972363095858,0.893863147065164
-0.195784568604324,0.820887508753586
-0.230185614412013,0.841585048032559
-0.25630579235203,0.895977877354602
-0.0644686623592052,0.88847825155669
-0.177587750259462,0.853879580036458
-0.224443210631023,0.803434189325915
-0.141851507478677,0.865766003487042
-0.181461411319241,0.805084897179362
-0.00387366105977843,0.882007974102439
-0.172514026930385,0.831983461396774
0.068642209055405,0.884530812945192
0.018742691549509,0.926629110263335
0.165864166800899,0.855143526117235
0.167511917222299,0.897810585676663
0.0543928293220421,0.807381627937414
0.144981669621264,0.689571602508467
0.242056412618668,0.896203985439302
0.0543928293220421,0.693745149204667
0.25131229454663,0.8518129070028
0.181471243657491,0.77144367095196
0.305116100453056,0.89414516903254
0.234666258416278,0.855143526117235
0.171845346478472,0.722563673791339
0.254510827182539,0.707928303413302
0.186325274662111,0.843317103718764
0.179686180700974,0.860667621460352
0.472127496222677,0.742499888816636
0.228208065685226,0.854579837110962
0.310237859645509,0.718106792228835
0.443699023994381,0.759436889161033
0.531886388332334,0.719506923052847
0.474314006195369,0.73862878028808
0.470051337829117,0.755160497331909
0.690949021233809,0.636085753442132
0.636431883682075,0.758474035879702
0.642906342672716,0.719829419595792
0.671180949297595,0.7209666104899
0.693490925320614,0.60103601826483
0.746813049556352,0.629360532399922
0.759175902971733,0.626369942561136
0.781735367460361,0.605093753404584
0.790200458713258,0.581428270152297
0.802445314268142,0.581951497491472
0.839034147195193,0.535536580275943
0.841002344385184,0.520038172612071
0.841159651560527,0.534908815685207
0.866736635591556,0.485510776151797
0.892073114328952,0.437752408690028
0.89054323534598,0.438965278463286
0.884827097075332,0.459039168226691
0.90045038833101,0.416365427341375
0.908180263538761,0.40486242390477
0.924073138131727,0.367013430198416
0.901265890107478,0.419801282037935
0.789754458650019,0.418169575568899
0.8695791931226,0.423836580559157
0.90361597645004,0.412444541296175
0.901586101036006,0.424341327587186
0.874145439356106,0.469849939573306
0.889284684121749,0.436784330847623
0.890862454572575,0.425367795178275
0.85795542885307,0.488853916487581
0.880466305128896,0.443282228632486
0.859307327897711,0.46709429535864
0.740023409011467,0.506815475863799
0.823831799952947,0.537989319720818
0.863515100978786,0.428819625674914
0.756901550405397,0.486638621512135
0.737576067431404,0.487643191491009
0.806217129847462,0.541709103303
0.785966613804891,0.591900237574992
0.548849605445362,0.525896579913076
0.788833191692435,0.580305239579744
0.803676471497569,0.565914382298645
0.678624992889518,0.440708893536127
0.646026441881605,0.363302564568225
0.861058355485108,0.432509405367608
0.670514869451946,0.451143575115807
0.709131146560302,0.522197068496923
0.759897571615887,0.481724200830179
0.63770257513173,0.593625639925494
0.673778607288126,0.440570674140458
0.682234388606593,0.507433417499453
0.440401295432184,0.409181227129956
0.576166859084154,0.510588476561267
0.664252663681853,0.664252663681853
0.611374829905742,0.611374829905742
0.611875120929658,0.582793646376278
0.711867757302736,0.686654112019771
0.663027458775536,0.728896885467588
0.679401284389897,0.716669084014893
0.75043217916307,0.636117405070359
0.679432936018124,0.719212110860841
0.706272934571215,0.579464587646351
0.764967370659945,0.591661610032142
0.745629846131791,0.645436593680039
0.710668814305948,0.681110464620512
0.797053496309076,0.563488119049926
0.738479010488945,0.639396458470452
0.814231170800907,0.559126933267145
0.779503753503058,0.555420929496935
0.82558967199648,0.545271789179752
0.791203319140764,0.582445047983936
0.787290990822417,0.58690823247738
0.753120136411166,0.456136058611844
0.80868052114983,0.509733045381838
0.776825363791895,0.441714365782726
0.794061602663179,0.481184754808498
0.919373502997155,0.29158488401312
0.919114241865222,0.253162962397561
0.826799978535407,0.30653314819481
0.928505926201484,0.176092670726393
0.928505926201484,0.176092670726393
0.948578789356497,0.188854182598329
0.847847828440336,0.0140082953670131
0.939410803030246,0.187490608527846
0.97524457665322,0.0492678014668779
0.930168087516897,0.20087063780023
0.967872662159784,0.00402389859501774
0.973921734010812,-0.0412999589273627
0.93414827221884,0.0459521236170101
0.977739968099753,0.0287324195784195
0.961227781783568,-0.0543928293220421
0.989808392018951,-0.0673070120823084
0.938697534182533,-0.108785658644084
0.88687165131933,-0.20445142711667
0.945211919252871,-0.0887938751297312
0.783244780099018,-0.24064743809385
0.916050740509615,-0.317717729765019
0.910613247732638,-0.25056338857104
0.887006107838243,-0.343451917060362
0.899582661809517,-0.372270441647034
0.818872799962911,-0.445172642762241
0.829639274365686,-0.495059492456255
0.750303387454355,-0.378194733203948
0.791528704297787,-0.569690092860876
0.796841659980896,-0.552462380407074
0.755456679987076,-0.632136859605808
0.780389759814879,-0.599761437332109
0.693020483697099,-0.683190262030104
0.643023044245902,-0.746532143333412
0.679724881307193,-0.698670726626948
0.699246637824602,-0.691569023487083
0.634968095818784,-0.748336362122992
0.593371426694011,-0.791507585181295
0.605207850587441,-0.770301720885702
0.521239110957128,-0.836528742901682
0.530428827408318,-0.826973449312326
0.48712675351923,-0.861083907782171
0.497519935666982,-0.852370483792339
0.443028418293696,-0.876283126199633
0.462279864177431,-0.862756761519962
0.438485981855937,-0.866043745699167
0.43938626428781,-0.872448050646312
0.430494745412634,-0.879995700245585
0.438246989946348,-0.871442680743639
0.338098659601794,-0.917555480449528
0.386685370290574,-0.899601489727183
0.342584493020102,-0.922500581998052
0.339720230476469,-0.917699880281139
0.265461479818607,-0.943420081714496
0.293000774177939,-0.940800343817856
0.216161784374522,-0.936877425067945
0.165430345743293,-0.963930951400515
0.111176266956784,-0.974958729090603
0.100483649439638,-0.975147682484814
0.0924687016685626,-0.981153462789886
-0.0314666727548566,-0.977589045938914
-0.0186565865412564,-0.993109807725846
-0.0722089155948243,-0.976342527378252
-0.0965117783330264,-0.976430345711995
-0.182867397569788,-0.951451657487028
-0.15477965832461,-0.971861144845387
-0.280912693354699,-0.929360386786048
-0.270167209584578,-0.940555933549761
-0.359799246641153,-0.910224168348901
-0.392491264989696,-0.899327913912954
-0.403604551142689,-0.906384612652364
-0.403307863366876,-0.879323717106305
-0.418474244266797,-0.887389592640401
-0.465417426981188,-0.874360914571932
-0.504474235362946,-0.841341949652874
-0.63088832971797,-0.766012482637233
-0.603750913987198,-0.788660728098765
-0.625404431087249,-0.771528366336128
-0.629736544991006,-0.760224312892936
-0.657619020145252,-0.732585636211036
-0.674076853962484,-0.712410565194528
-0.677260763830809,-0.700472830352838
-0.679463046497895,-0.713559482077368
-0.645069491570231,-0.694105713042938
-0.724698362882038,-0.63990152514926
-0.721334067594128,-0.670396621674859
-0.754414295564804,-0.632163989572859
-0.755025085963375,-0.625126111183613
-0.710847548134982,-0.691036826841223
-0.784116975347088,-0.57922243895184
-0.7086898197079,-0.636987849461445
-0.656742470116665,-0.635407847184925
-0.770605056934113,-0.56102323434853
-0.751146478812525,-0.613542295581769
-0.737694065291902,-0.514898605082278
-0.746970745812274,-0.601245577273819
-0.698480202831195,-0.55275503429274
-0.675253307492085,-0.61225400867574
-0.694387735775656,-0.543569914920859
-0.66540000062994,-0.524063619154919
-0.659280934203347,-0.646067296579306
-0.52718072955737,-0.423977592134303
-0.627845402893756,-0.567164296586076
-0.717260637533275,-0.340766238225589
-0.715933522258867,-0.681532476451178
-0.729990679590077,-0.426315935543922
-0.662362256141649,-0.410442061639249
-0.771573770164023,-0.487709747411627
-0.808307901021809,-0.545216360093256
-0.797678484070214,-0.442385889889246
-0.880354406210121,-0.369717492699942
-0.846012475664696,-0.385497218843271
-0.886152563481847,-0.32980582191043
-0.866825198513195,-0.414602659643209
-0.750836335553281,-0.297861993660433
-0.73379082757022,-0.339013490210678
-0.76677670139892,-0.295200149975866
-0.899742550261452,-0.324473589828082
-0.775055739284482,-0.466788803210666
-0.841484050598042,-0.292678223955203
-0.847323164941848,-0.306058253227587
-0.82980582191043,-0.265918165410436
-0.811058513342598,-0.352393519483061
-0.789347555233595,-0.38799106347556
-0.793803047852314,-0.380313449138041
-0.801343962780892,-0.28448196438805
-0.823389730878964,-0.380313449138041
-0.756675449897087,-0.454099165789959
-0.765341188722776,-0.457581134910418
-0.817550616535158,-0.366933419865657
-0.714833561495166,-0.419798192316615
-0.686765169463068,-0.434844974960669
-0.738581130178009,-0.436004846070881
-0.647822355759053,-0.409133728151919
-0.558596389365639,-0.32980582191043
-0.697971563102323,-0.451742020566612
-0.613818307039945,-0.478502079111379
-0.691948939168298,-0.53586022941589
-0.610473037328428,-0.431079874193626
-0.648588759771824,-0.60910401659325
-0.658486819923749,-0.515629677066606
-0.483685848816609,-0.523170591995184
-0.598081132544214,-0.576035364446142
-0.677317869988236,-0.627710595674471
-0.578608044381314,-0.668597544180341
-0.583406267201474,-0.583406267201474
-0.421439128047621,-0.617807313009163
-0.632216575302499,-0.658496635802489
-0.42956011335532,-0.583406267201474
-0.706748402886985,-0.651159948895648
-0.560876019600439,-0.637799096523516
-0.625928298316862,-0.540884236086086
-0.532763250778387,-0.641548909422471
-0.452237575704446,-0.584896321366952
-0.538345771999404,-0.718471986345548
-0.417689315148666,-0.614057500110207
-0.340766238225589,-0.717260637533275
-0.320774454711236,-0.70538983932662
-0.496917415711875,-0.619212034252397
-0.522480200143507,-0.806344222895903
-0.305829836199948,-0.824007664638705
-0.325107883967409,-0.742131723508448
-0.306512407165991,-0.781264506328493
-0.498362204970698,-0.74729051093222
-0.319525362746392,-0.736549202287431
-0.512212926247505,-0.721794748833088
-0.308884877709469,-0.650945904995171
-0.221904746544341,-0.535725448662313
-0.320774454711236,-0.604103806480447
-0.310237859645509,-0.634773458895502
-0.177587750259462,-0.784851380336379
-0.467948674320878,-0.603264902249444
-0.443699023994381,-0.759436889161034
-0.387523461656074,-0.657195793114389
-0.245264563223861,-0.681603561348844
-0.561550154192139,-0.793954686025458
-0.314932408006363,-0.646107101217492
-0.320774454711236,-0.885516053672765
-0.383288269340977,-0.494612392071743
-0.369584762812261,-0.806760268427626
-0.472229359218799,-0.827536350342837
-0.380749805254295,-0.611519036023526
-0.478370421456345,-0.735419712725566
-0.472229359218799,-0.75061327341976
-0.610805817178021,-0.674693473678015
-0.496547232859359,-0.691158925260257
-0.430821076365651,-0.748479190329934
-0.616644931521827,-0.712476416271818
-0.489006317930781,-0.747505666831673
-0.566137304294217,-0.708994447151359
-0.563780159070869,-0.794927871749426
-0.494708732865645,-0.804825931901351
-0.466499623249691,-0.638504852288136
-0.498362204970698,-0.644087373509153
-0.472082144470708,-0.771653466855317
-0.528269938962241,-0.799568609964825
-0.433893542611493,-0.773994305229455
-0.506410245798182,-0.738656418415766
-0.546466757307103,-0.657790880037869
-0.510963834282661,-0.829877188716975
-0.43844302636903,-0.821200293297867
-0.484556680092179,-0.848159399042391
-0.379043562169754,-0.746988647777552
-0.445940056245743,-0.883096568541385
-0.466189686878086,-0.875621061491949
-0.513184719553448,-0.811946407913435
-0.427607882702554,-0.873893092975182
-0.412972171969167,-0.803053531733686
-0.403681328388583,-0.877282341270524
-0.546722313340595,-0.826583613895151
-0.402896338932004,-0.884150155352963
-0.449180850758229,-0.872480299473024
-0.340707745562448,-0.924215833433401
-0.310327575562629,-0.891063108462559
-0.317557847205046,-0.909988571608679
-0.431869888101668,-0.830487614466009
-0.30299144874989,-0.923789873844352
-0.315932787443159,-0.917801581076003
-0.377502191655034,-0.895764994354489
-0.262575325841568,-0.937332632957504
-0.319956686038177,-0.927516131637709
-0.344581635879248,-0.918571772973446
-0.330938508371921,-0.908714145650596
-0.376431261686231,-0.909761175801339
-0.370823049194381,-0.900736251082343
-0.406352085460282,-0.891082479603316
-0.397212924886632,-0.881198928606469
-0.463148638884389,-0.843942606325804
-0.469547181328534,-0.85411934311259
-0.418695065964824,-0.85715160502357
-0.351678793812776,-0.894388822382228
-0.388281291677556,-0.866974376937738
-0.364471670128928,-0.8785060156552
-0.453940970584142,-0.829044286058868
-0.334565094147371,-0.885033407752288
-0.285667475533009,-0.886437809226825
-0.336175102760619,-0.889919778347284
-0.330842870678271,-0.911260637562689
-0.355565992998852,-0.859543081412593
-0.277772891091774,-0.932540717695416
-0.304231274510622,-0.912542523133016
-0.25774754587803,-0.943178017895683
-0.344291407677252,-0.912373522697875
-0.168858301823635,-0.96058266181051
-0.240713800863144,-0.951508946732302
-0.227482233967879,-0.95129898922508
-0.216516094677264,-0.935206224990829
-0.199192121460383,-0.937338903551877
-0.223458335372861,-0.941584438663374
-0.19885408356775,-0.947989173577749
-0.207598654579012,-0.95824002574224
-0.18589204683852,-0.944920775552535
-0.156652336772288,-0.95225173297389
-0.149751450906516,-0.962861045927681
-0.10350909908751,-0.894162233745622
-0.117030894184772,-0.964248140521187
-0.119590500356757,-0.950909068320884
-0.0149100832351119,-0.969466241392093
0.0160081431709666,-0.950699110813662
0.0543928293220421,-0.95333290456057
0.0709418972455041,-0.897669376209964
0.0275833893143881,-0.908663920771443
-0.0830514713487411,-0.976089260246305
-0.000312553448303213,-0.964594651887194
0.00858075350409331,-0.985634845322751
0.0730953248002418,-0.975413577088362
0.0762174355271608,-0.884844303319343
0.192688571343901,-0.957450011834198
0.0859635986235648,-0.987511661260899
0.138280777486511,-0.955140526089844
0.216516094677264,-0.871108610983613
0.204814581744727,-0.937278124469198
0.273171282279666,-0.922209846028268
0.237998235755457,-0.831979457543559
0.346912825023595,-0.890447914714191
0.384785965950744,-0.886199431245669
0.319439257738139,-0.897628585208049
0.390619930880226,-0.835340878663009
0.457913844378006,-0.845482075679606
0.441244823351192,-0.810948408956684
0.445883163611378,-0.71622498584125
0.446347957175365,-0.80069809952669
0.530980239328881,-0.820888983563795
0.531263370975465,-0.797867661827986
0.490353842869083,-0.821516922546515
0.581629232378197,-0.773155502469237
0.661076655447102,-0.718356211998901
0.601644491565827,-0.750163340839956
0.659698453335366,-0.692530784017167
0.724670133379762,-0.650734885105885
0.723717389630951,-0.657677125801482
0.745938535516368,-0.636875483871111
0.698736450048188,-0.676773121424954
0.768559837573157,-0.596884450061355
0.78701406710888,-0.58676725102565
0.746987525949183,-0.628430945271949
0.763576589163705,-0.590154312383506
0.735967511951189,-0.624496174472332
0.783078206877748,-0.598168392766181
0.738083013368623,-0.600097524505435
0.77537275162036,-0.592498405924677
0.713636845305552,-0.634069974247178
0.805386347297088,-0.511391709626811
0.846794514094541,-0.462655179077507
0.825546807310147,-0.474841260501852
0.85211605600403,-0.46986955910776
0.847881483854365,-0.492315490855513
0.896555008262531,-0.392412274890146
0.84751234269962,-0.466364305742376
0.886254299636606,-0.422650456833245
0.864767808189903,-0.438444376087397
0.876539749074901,-0.418626558238227
0.932341723150026,-0.300726021145238
0.853486126312892,-0.486458158682718
0.857020481947349,-0.326753210543557
0.926712566313442,-0.300577558768121
0.896221051105478,-0.403498515023037
0.930048903202603,-0.342834611812804
0.927665310062252,-0.293635318072524
0.928468875386519,-0.31301444534258
0.914536195369171,-0.378722384007299
0.944920775552535,-0.265715388417545
0.925883611560194,-0.304206784845915
0.963923383048026,-0.230489549812625
0.979773697713728,-0.113859541386256
0.964248140521187,-0.180918550684766
0.938321726978717,-0.104780067724794
0.952062205532006,-0.0976871820821277
0.97314650658365,-0.0199180059626325
0.96153540555932,-0.0826731759530058
0.945669832388496,0.118270719945504
0.970256255300135,0
0.955127197776526,0.0739791608192824
0.951508946732302,0.195538405717882
0.959157159110217,0.15610088721204
0.94229051237086,0.223095345846045
0.918734233040337,0.284964434378729
0.903518294154428,0.346290266783465
0.893972709077982,0.400609318553787
0.848692676813333,0.45644033928824
0.820727122739373,0.534853470376795
0.789790163855892,0.587948020945577
0.737023623204636,0.645751673006265
0.738206580062049,0.648038693384483
0.671409285776217,0.721102904129911
0.635399689842486,0.755347110545186
0.61239397679698,0.770893325697872
0.570227961960207,0.807304681205112
0.527024179218793,0.834425392459346
0.439307815073515,0.874937424055574
0.438960009312059,0.87779914490632
0.343056809414424,0.913668101728912
0.344352206045526,0.925442179511215
0.291545812864483,0.932202308076723
0.199132619880968,0.971794618999396
0.244197310750722,0.952565657466077
0.133966682999526,0.953908994801534
0.103035472375443,0.980927903024344
0.0340363867676589,0.981899765607762
0.0257508013406574,0.986016184447524
0.0275446347845025,0.983794034820079
-0.0506042883066576,0.986520785793204
-0.0233332743670907,0.986568340624172
-0.0930885284603352,0.988455831301282
-0.0469818233129106,0.989138019236511
-0.11518233295995,0.972353152471915
-0.125102537676735,0.971122359438371
-0.104620185164821,0.985214930502848
-0.162869880027699,0.964087966079866
-0.154667321318317,0.977143363951458
-0.167485266245076,0.964948439706059
-0.181733121430174,0.968175640052639
-0.132694002025899,0.983075113420622
-0.139035199058178,0.980672987750278
-0.202972361654031,0.95940103164833
-0.216559513943099,0.946543106031106
-0.347687611362158,0.920107744981146
-0.27615297819499,0.93187279630511
-0.312201774424079,0.732605582653273
-0.30966268691814,0.928509612823124
-0.305306738126281,0.924407262489301
-0.289869910081805,0.924162312064208
-0.427687023222536,0.886261425996897
-0.383863359433218,0.886256862831664
-0.407888835975251,0.891093442565148
-0.415708216137648,0.887207043385417
-0.465925615163263,0.860087848908884
-0.534664370929228,0.812317544442176
-0.46890757078022,0.791105293862506
-0.563036587131768,0.742499888816636
-0.583806248115804,0.756374863974921
-0.397505659270505,0.775975724812162
-0.546613972055194,0.636750686602312
-0.516795690527801,0.729846856190336
-0.661540692936825,0.730342784552203
-0.547172513071723,0.769820758533255
-0.678488419316842,0.670367434009143
-0.605895446290675,0.74888928855676
-0.734915651467332,0.618311684893498
-0.757281628564565,0.60983229367976
-0.749604014227045,0.61428778629848
-0.77402047896469,0.618756830333424
-0.804642422311132,0.567804057665887
-0.789102308821845,0.55486917383343
-0.860457947802482,0.454372564607843
-0.727633534366729,0.534872104927721
-0.913716187350881,0.31205735122526
-0.790137569141637,0.402901146710672
-0.79964216219612,0.393693478410424
-0.811058513342598,0.352393519483061
-0.917259893292871,0.364613677645233
-0.905581664605259,0.337853619100466
-0.913122579533836,0.305909790850469
-0.75688540740431,0.324473589828082
-0.908667086915116,0.313587405187988
-0.943076281740923,0.164902910955215
-0.926502608806219,0.287345991872855
-0.954964467935758,0.204894536395248
-0.948915396084729,0.178282940227599
-0.941584438663374,0.223458335372861
-0.977377255214268,0.095831484749991
-0.90010956944189,0.0824514554776075
-0.935786281391649,0.199482349662379
-0.977377255214268,0.031943828249997
-0.919873480554371,0.213880484220097
-0.958409026177381,0.13289057497862
-0.817684561881286,0.0411514965502448
-0.955069216419801,0.0684431601105944
-0.953000789809851,0.136982981300236
-0.952790832302629,0.0598637579049763
-0.98958228393425,0.0157444592664327
-0.975637044076904,0.103203137423067
-0.902241490945423,0.0314889185328654
-0.975863152161605,-0.0688020916153781
-0.977513860015052,-0.0429817993117824
-0.969330405920855,-0.138155712709726
-0.986925874087536,-0.01091548579026
-0.945167588111493,-0.212518105853081
-0.877444288929274,-0.274193673712532
-0.903592540754202,-0.063620113459733
-0.892609611585393,-0.175227898718078
-0.875523146530252,-0.155546780277849
-0.935786281391649,-0.263370006162373
-0.905109829556901,-0.155546780277849
-0.872236280941293,-0.258844256438712
-0.922455563567135,-0.246389841874841
-0.928279818116783,-0.230645382608408
-0.847022540809536,-0.269067304223967
-0.975012367952944,-0.101395504441694
-0.902084153871625,-0.3826588281325
-0.640842374048103,-0.180113546534262
-0.919373502997155,-0.29158488401312
-0.762514564240893,-0.3246220522052
-0.822474864489075,-0.311093560555699
-0.742456566395909,-0.49053637189351
-0.829622312320211,-0.434844974960669
-0.737958176812248,-0.335183717004572
-0.857403284850713,-0.369584762812261
-0.625928298316862,-0.360758021739942
-0.68477669630248,-0.658496635802489
-0.830925598638179,-0.448302804904829
-0.486638621512135,-0.550495275559262
-0.577823745980457,-0.577823745980457
-0.549391212038459,-0.626314288961536
-0.53050349204491,-0.654894037651625
-0.596767119573606,-0.72927865048802
-0.521039667319824,-0.799423581520785
-0.466499623249691,-0.7660709456343
-0.419179369314144,-0.843141237305468
-0.341284721841099,-0.808497376055035
-0.474314006195369,-0.821962113621413
-0.392284212235086,-0.875101825170207
-0.507862594757973,-0.817567699517043
-0.344194207245437,-0.909054968885416
-0.297149277746759,-0.823441945826415
-0.232390808370447,-0.935448171135438
-0.218912249389125,-0.878511633050811
-0.260639221608203,-0.906439701036439
-0.12319492093742,-0.860167857022095
-0.0731355208715511,-0.94915935786437
-0.141538954030373,-0.854240144640071
-0.00935613067736571,-0.931869888101668
-0.0451753951452626,-0.928414366898213
-0.0133800292723835,-0.963997225941884
0.0265316415171288,-0.879439539820232
0.0505076272276105,-0.963997225941884
0.0412999589273627,-0.879660460289286
0.0981086753228181,-0.885068696656816
0.0295866830266496,-0.856565880455197
0.0863386546636834,-0.875204967670567
0.0864753540726253,-0.808231888860715
0.0782790945054719,-0.910948943900707
0.214102204695495,-0.834546560274128
0.123602952027852,-0.912650744485479
0.311093560555699,-0.878821606060492
0.174259041632581,-0.867982231601674
0.228790567455209,-0.856565880455197
0.363958333006657,-0.820773063904303
0.410578761048191,-0.857110647951489
0.423822090911633,-0.786655600021178
0.359934434411639,-0.826140343199753
0.524837345366854,-0.769216624940676
0.382670594361388,-0.828104021325659
0.453408773938283,-0.840645196369247
0.483685848816609,-0.786262132923737
0.574173338516076,-0.761244115988397
0.547710204725545,-0.79866863869786
0.530527997333542,-0.787928886295407
0.542092810857137,-0.741296695285697
0.544364935014028,-0.751246433780107
0.547903344177032,-0.75549257588058
0.656381905513052,-0.63401154047199
0.663946536108273,-0.642759127924624
0.663946536108273,-0.642759127924624
0.633998872660108,-0.49535894732003
0.744324996434123,-0.457820096925463
0.725968295529288,-0.502137093210342
0.808121311718431,-0.483674085848433
0.841463270848592,-0.439752709574727
0.808621459121845,-0.516945013960234
0.807625646469144,-0.390454592180014
0.85743176722287,-0.462552184638192
0.85240743631801,-0.456571004960619
0.896203985439302,-0.339357263700772
0.942959296110907,-0.244980867350023
0.943379210930809,-0.255056700387186
0.847679518282995,-0.326611036717415
0.975012367952944,-0.101395504441694
0.821370975410847,-0.130440477468417
0.969392874707353,-0.14618493673485
0.887108606961134,-0.21338976523153
0.968827714948533,-0.105489181019977
0.96232093867875,-0.0947469013363541
0.975640015016307,-0.121099215171091
0.938158120869388,0.0108355601092294
0.980161357270523,0.0170564975386354
0.934750095571034,0.0931273043859041
0.981687406711252,0.0643948848074847
0.908857222411741,0.305909790850469
0.960331747231207,0.136982981300236
0.938807451750409,0.234616796365893
0.926502608806219,0.223458335372861
0.843879797103649,0.402821192060152
0.767552701714826,0.321555247727503
0.752639872292812,0.210066543132302
0.8407847884788,0.496576857770491
0.714594969144716,0.228301346110833
0.733969993380549,0.308217123107845
0.76696522440241,0.308366139253847
0.742300465941367,0.531726905688568
0.791447624657126,0.56267098476993
0.768411784008438,0.428311021390476
0.722500504597708,0.521039667319824
0.773143521020795,0.494759606819834
0.659227466907798,0.514685255226756
0.722099659837101,0.508118272887915
0.652208358816852,0.617807313009163
0.642749645428018,0.642749645428018
0.60910401659325,0.648588759771824
0.540760867474536,0.76717968871649
0.70899444715136,0.566137304294217
0.579654032975542,0.742321897126443
0.511457316094471,0.691948939168299
0.645243490060308,0.657513296425488
0.48535260218828,0.793619538262096
0.511605778471588,0.737272796690679
0.622140742265336,0.662670182498689
0.597962744242901,0.722500504597708
0.456211064601557,0.722388027839968
0.517069374308447,0.812149056035575
0.55927501824914,0.752036447688149
0.567097144598439,0.734493900185943
0.540426057485467,0.623025975340192
0.539471393510794,0.680832342921877
0.423380176926985,0.709554337202482
0.229148987339549,0.817439557160963
0.551597403911621,0.660660455556877
0.493572146000358,0.596192742656064
0.444879734521536,0.662621053969624
0.504458330640452,0.705722435538123
0.329601195783555,0.841161314235315
0.448142922344856,0.624679206352017
0.417689315148666,0.690980577033284
0.301885892255451,0.689122314686416
0.419798192316615,0.72991539135232
0.515629677066606,0.587058248495178
0.472662964767573,0.529009706338989
0.477983433881745,0.633110383104069
0.339013490210678,0.73379082757022
0.520840576738888,0.547396097389783
0.285042714683077,0.314856954383074
0.295504848437086,0.645106790651366
0.398877248115654,0.541734390972797
0.491226763745186,0.587058248495178
0.430821076365651,0.576035364446141
0.508088762138029,0.619002076745175
0.355910535816621,0.45928293549519
0.398877248115654,0.642749645428018
0.672336328454668,0.499892502570875
0.448260051446153,0.337346736839008
0.494708732865645,0.67940776412471
0.606350324559302,0.443682460408401
0.36457627464231,0.610805817178021
0.523307291404125,0.368317041590744
0.496547232859359,0.548301782403114
0.387854364066618,0.451742020566612
0.572704695724533,0.520950146180778
0.387854364066618,0.427339107245193
0.600438277767561,0.401234393339002
0.337346736839008,0.32980582191043
0.571976418638023,0.555114420245181
0.526652561115642,0.605622047472791
0.510445907361376,0.486042994039956
0.587156080100429,0.637799096523516
0.552757275021833,0.488869618521839
0.451742020566612,0.387854364066618
0.531836330820872,0.610805817178021
0.488869618521839,0.599782933128985
0.598081132544214,0.605622047472791
0.525997216477066,0.454568645048495
0.572987827371117,0.517147968061159
0.543118012697884,0.58719494790412
0.552757275021833,0.340828705959466
0.550795627035403,0.511310883856829
0.499892502570875,0.613162962401368
0.507570116908395,0.561681811675497
0.593625639925494,0.440855835926518
0.578861988928024,0.396520102892307
0.644871671910011,0.506630405026488
0.714722173446593,0.407029865754285
0.663670589628979,0.377956303914693
0.498767678673764,0.42969625246854
0.625234658186422,0.294344977326873
0.53806891226212,0.278607802831143
0.566458540821456,0.457672882177372
0.514604175586096,0.254510827182539
0.444552992005873,0.307494681979764
0.383288269340977,0.494612392071743
0.628466762403543,0.360758021739942
0.480203129778406,0.4402195627497
0.470870795658434,0.470870795658434
0.425810300456364,0.191997012552798
0.393947718735357,0.240101564889203
0.291955930124564,0.549005221393785
0.404607168129738,0.277041074783574
0.348887223533287,0.534595959100449
0.292699429041754,0.390000280123858
0.294494394211245,0.509021654365079
0.508665738825689,0.437237167397117
0.168499881939295,0.437461634059417
0.544091536196144,0.408775308267579
0.284578443734055,0.501324402854624
0.25131229454663,0.6307111615883
0.262054574230252,0.648092535233059
0.196908071701967,0.477536777365828
0.142258898432212,0.642258898432212
0.192386729447751,0.571785596489421
0.256006842907484,0.587181536118613
0.234349077433601,0.629184772519748
0.107108850514135,0.740988171394738
0.0128600313905421,0.550127831015539
0.0400178023855684,0.537267799624996
0.0282968594350186,0.616110646607284
0.09691486043743,0.430887228629728
0.108785658644084,0.676065721692295
-0.00253846408668177,0.684186706999993
-0.103203137423067,0.591021659461519
-0.0488103081010251,0.772980582129725
-0.0850063190782053,0.655876312465398
-0.185708735567161,0.861774457259456
-0.227536777365828,0.696908071701967
-0.229654529072747,0.709309058145495
-0.0879090878975579,0.573512795761183
-0.327586160355605,0.565676240774922
-0.272970060020512,0.709309058145495
-0.610365690661047,0.406431224369384
-0.455073554731656,0.477149476737268
-0.687046206570373,0.49742651437142
-0.476904526312176,0.634773458895502
-0.627961158827728,0.461294492161061
-0.63202345613493,0.465356789468263
-0.509895934108048,0.516290077644092
-0.638071187457698,0.554737854124365
-0.790820827959937,0.267561341698758
-0.531288605391432,0.280756391857525
-0.662867808211232,0.286373408903547
-0.721434184229475,0.282039979647374
-0.798639283119927,0.335183717004572
-0.7660709456343,0.243851377788159
-0.585944731288156,0.286373408903547
-0.56654746874096,0.215490958309155
-0.623684766998604,0.246444540079138
-0.786389230897535,0.291187994942993
-0.919593186559231,0.120760615602095
-0.906693102142067,0.271523596632991
-0.84827022801551,0.245264563223861
-0.863574738368634,0.0263523138347365
-0.843491145214065,0.238950345368848
-0.920514869451946,0.0203045825119681
-0.769458236936394,0.234349077433601
-0.987931576080802,0.0587262585782151
-0.949385465949071,0.0185828089895359
-0.967742166853906,0.0830514713487411
-0.803434189325915,-0.0300676165515161
-0.980036698857804,-0.0100758330371631
-0.968125188614433,0.0392331952212305
-0.981687406711252,-0.0157444592664327
-0.991879014692301,-0.0344010458076891
-0.924558487589985,-0.103117032414815
-0.863574738368634,-0.144203444032494
-0.914209397581948,-0.19230680376672
-0.951477197206945,-0.195461608314446
-0.842814412746442,-0.20247427944127
-0.835655147050061,-0.239043625794455
-0.900961230174184,-0.327057784025771
-0.859603870337501,-0.249959111584715
-0.875172734099999,-0.438429302906158
-0.834954116890338,-0.404716639725259
-0.819054800431525,-0.325107883967409
-0.798319517999981,-0.506869180923071
-0.795036684969063,-0.456118879208514
-0.719601475907413,-0.456423790212528
-0.601956568762113,-0.596265916795425
-0.641671873762608,-0.666213216564244
-0.662506052106003,-0.585604198817631
-0.646231614548477,-0.693257272655629
-0.65369841298233,-0.531699116714205
-0.558616260866961,-0.502880592127533
-0.532763250778387,-0.75563760432462
-0.536977548878505,-0.713094350031559
-0.412257277388038,-0.720017331200396
-0.460716205423286,-0.804974152587042
-0.382288648540696,-0.793557801440564
-0.348369620888044,-0.801343962780892
-0.401371092747944,-0.800370439282631
-0.402901146710672,-0.819724252168286
-0.328127305570584,-0.885572507081027
-0.208548252137749,-0.827523964924839
-0.379598723467755,-0.869382484456146
-0.191514507122864,-0.87769678216338
-0.267172184281993,-0.927245395047807
-0.244515978982764,-0.942968060388461
-0.148974722434769,-0.900360484021193
-0.177043114466866,-0.960162746796065
-0.186182275040516,-0.883955811521631
-0.175654826329015,-0.965780940670817
-0.172802245768133,-0.941794396170596
-0.04322734863938,-0.979085755030271
-0.121123300506387,-0.976987334310072
-0.0858637944065223,-0.835085732927693
-0.0597952501783786,-0.98299544908902
-0.0691513808557443,-0.971789055449765
-0.00935613067736571,-0.988793606360745
-0.0399116707895122,-0.971789055449765
0.12236312626712,-0.961474626476641
0.063887656499994,-0.943076281740923
-0.0225876975726313,-0.917574992439396
-0.0411514965502448,-0.967872662159784
-0.0105959564380983,-0.973280898527314
0.105039153050239,-0.911368858915152
-0.0690714262052241,-0.93595528182679
0.0399116707895122,-0.873600425476426
0.0569454158043973,-0.955707254177346
-0.0877836875599555,-0.943286239248146
0.163224394615369,-0.927414395482949
0.089027273816008,-0.955263896509377
0.105039153050239,-0.896444090731213
0.0718554990395092,-0.8287219550854
0.028658642026699,-0.953559012645271
0.0410829888236472,-0.96058266181051
-0.0505076272276105,-0.971748098377684
-0.0185637989776135,-0.971538140870462
0.075879397634527,-0.954533589959481
-0.138222807060968,-0.93748808197642
-0.0412999589273627,-0.949518820689393
-0.0278514219283816,-0.900185573727072
-0.0181968183448619,-0.911008499157726
0.0429817993117824,-0.977513860015052
0.0129141827602663,-0.967278144417916
0.12060113295833,-0.907868932583326
-0.102511941319363,-0.943483704181056
0.0513380899629822,-0.981949624111758
0.0325732512641425,-0.922500303467513
-0.133461164348872,-0.949443979940617
-0.151714197372079,-0.87149857281002
0.0170291281648517,-0.954178287562398
-0.163436932375886,-0.962384408143879
-0.179274349568536,-0.935517668671676
-0.226716608173339,-0.927818849952185
-0.195363969148364,-0.938459670954517
-0.072975638311578,-0.943097188963434
-0.203136065404881,-0.936698068068378
-0.196170559248998,-0.906863434833683
-0.166102942697482,-0.967968274938607
-0.0931273043859041,-0.902887513850027
-0.212691311959719,-0.951734937754175
-0.175250306228085,-0.953965322194834
-0.263856195816064,-0.935669995881499
-0.195123008745451,-0.93569312156053
-0.131738853384104,-0.783718606939789
-0.200953661405663,-0.92491466833416
-0.0316227766016838,-0.936289686042361
-0.255021727023698,-0.934201105733792
-0.197409631853355,-0.958064816910078
-0.299743086573694,-0.923643824833783
-0.214997757609387,-0.939915604748801
0.00959752809091675,-0.836642540397539
-0.300770551983504,-0.895521566727138
-0.162434173520016,-0.901192193696417
-0.231837933657907,-0.940182823394357
-0.229654529072747,-0.92479126128107
-0.116324741129206,-0.895039757095955
-0.224880055030863,-0.922548086718274
-0.121778392110929,-0.910789721787334
-0.243934688454523,-0.936986195117287
-0.220017322629657,-0.92976968650626
-0.259822757604781,-0.924056234559189
-0.172649955135502,-0.899739998883315
-0.136109103697687,-0.957324450788156
-0.171272191805404,-0.961925326463516
-0.143420769877023,-0.895695033895252
-0.139618591757403,-0.975664491667665
-0.117030894184772,-0.979329970378342
-0.21293088666136,-0.873221467534062
-0.158182390735017,-0.939871675116771
-0.063059687834388,-0.828305275301088
-0.0310468621955905,-0.874908380690624
-0.241527142022783,-0.876941597956952
-0.0871461247083313,-0.924369351529858
-0.12736846763362,-0.949385465949071
-0.211988796067151,-0.904296488374844
-0.220565526118499,-0.854666064013269
-0.220405643558526,-0.933421849258407
-0.148897992393348,-0.940646245857277
-0.246389841874841,-0.906213592951738
-0.207996763598865,-0.940401295432184
-0.140100258310008,-0.77397957919061
-0.330542442157477,-0.902919401285266
-0.260701391268338,-0.931848511773937
-0.181921179515635,-0.872236280941293
-0.285124316938702,-0.924796401941274
-0.313384300508846,-0.828665839904701
-0.288613114154704,-0.898313523927982
-0.309449529709229,-0.920848963329775
-0.295023606210374,-0.9220471161875
-0.136982981300236,-0.960331747231207
-0.269558921366989,-0.938285585977875
-0.337709513279372,-0.901641478216279
-0.333848520031475,-0.903916862193686
-0.270555172085393,-0.9124459560547
-0.347785346316535,-0.897467931520079
-0.297566063690692,-0.879337338699945
-0.355175500518925,-0.723548914518912
-0.27144367095196,-0.87194428340813
-0.15610088721204,-0.823470080456355
-0.279149732305702,-0.788173891015731
-0.25905587936536,-0.904791650697217
-0.296553660173103,-0.845569444323164
-0.260734395705206,-0.84902496552662
-0.534723642550603,-0.722004377530146
-0.297861993660433,-0.822264906981853
-0.168926809550233,-0.92838791898121
-0.348369620888044,-0.705512478030901
-0.393693478410424,-0.775239248874701
-0.384337347733058,-0.874946169842592
-0.551078758681987,-0.679952531621002
-0.531836330820872,-0.778065873356584
-0.470305819544226,-0.566137304294217
-0.453408773938282,-0.816242283047828
-0.662980197777302,-0.604783193243996
-0.630889937289663,-0.638430852218241
-0.573678219222794,-0.630024960794211
-0.665474042409591,-0.595143930920047
-0.594735862832697,-0.678434240626449
-0.771066887902565,-0.498584169083545
-0.66533734300065,-0.639084166717341
-0.690430648173746,-0.483685848816609
-0.52900970633899,-0.711351592374707
-0.748479190329934,-0.502249647794223
-0.720017331200396,-0.58470110327183
-0.737272796690679,-0.556781173616851
-0.616644931521827,-0.520813446771836
-0.660005110918301,-0.471972572915896
-0.646231614548477,-0.550400129798486
-0.721066142936413,-0.365773548755445
-0.636592352224527,-0.552893974430775
-0.750789525372004,-0.494277138841944
-0.776439361009569,-0.487846446820569
-0.87357609953373,-0.3677487481581
-0.651749470319438,-0.500707830863318
-0.855090928848732,-0.42381770957433
-0.75563760432462,-0.555133615819449
-0.770686136574774,-0.464839205016409
-0.846401181299749,-0.515457146098807
-0.859824851437042,-0.44247027266284
-0.747305104765078,-0.503175021623715
-0.824614943460826,-0.489078312778682
-0.817542368074331,-0.460818329208539
-0.821292180973286,-0.515211158530582
-0.733690973080803,-0.462392302078219
-0.763036548522535,-0.41538844109649
-0.548777959078979,-0.479008554556223
-0.660493521676586,-0.39082119021827
-0.395949987069782,-0.427700746685408
-0.811550154192139,-0.487014554942146
-0.737102391219528,-0.404646161412868
-0.669291255759926,-0.5114223231766
-0.764117714059016,-0.502121062732274
-0.647410135996693,-0.626075513064953
-0.667411356577413,-0.504743492426512
-0.594599163423755,-0.555114420245181
-0.618422020344355,-0.482007332476763
-0.712079869461217,-0.51746817706032
-0.587600177969737,-0.410948943900707
-0.612038138504257,-0.286839109611397
-0.55921432312538,-0.390638436900903
-0.542092810857137,-0.318016533848623
-0.554082149567148,-0.408356981028693
-0.535830091411054,-0.590693359202732
-0.388969925043595,-0.458806367173172
-0.508396978241119,-0.27256043077931
-0.38836519751434,-0.311442120591263
-0.50329845953024,-0.155039898016391
-0.325015519302641,-0.266608557262113
-0.561667210685589,-0.241774049916992
-0.471674840279404,-0.348628418716019
-0.354602202329291,-0.180675132664047
-0.448260051446153,-0.236331482383786
-0.47462060855739,-0.328895440018934
-0.208238983168196,-0.208238983168196
-0.371417471134322,-0.198906649048223
-0.253299478370266,-0.0225302476010348
-0.287267799624996,-0.175464400750007
-0.195136732208323,-0.445136732208323
-0.212732294984342,-0.40815935531615
0.0994533245241117,-0.0543928293220421
-0.145725168538455,-0.477159072644071
-0.145725168538455,-0.297032858297927
0,-0.246389841874841
0.217619221029055,-0.364316752890997
-0.0820245278666698,-0.505224726777311
0.20245743652138,-0.474405722424425
0.136982981300236,-0.521862258507853
0.257389125993689,-0.688332300778374
0.266381625389194,-0.555293498379422
0.377852962868051,-0.65369841298233
0.430998475247604,-0.723783314881971
0.494906821567925,-0.511296006931414
0.630462409616675,-0.640990368405942
0.653929207615966,-0.626548625843928
0.735522810700601,-0.604525375981814
0.725276389143382,-0.596402616204367
0.782820163136507,-0.523974157319451
0.788420374423388,-0.580348028857919
0.822356826348994,-0.53931786471774
0.86806300191885,-0.422206818484814
0.841367885830224,-0.506477490099134
0.863467307989704,-0.316664557054382
0.9138419231219,-0.344280975061748
0.868878621386809,-0.407749277747699
0.884711938070423,-0.374481848746194
0.909243688797652,-0.292270055699135
0.939417502261477,-0.253402315818905
0.903323722134183,-0.258332426021688
0.925418845621982,-0.227652644273013
0.919659986663652,-0.285428802316452
0.931685957434098,-0.213358890706253
0.940997739485152,-0.274817781221894
0.944197500291897,-0.243573533454341
0.985371844178674,-0.114037415484643
0.989998929131474,-0.0792496384441283
0.971778563427753,-0.12038572889397
0.968702017110162,-0.157700063291775
0.965671544180555,-0.0471553460079822
0.946442712286416,-0.159013014486863
0.958931026990804,-0.150508694387471
0.870977270517568,-0.093696367568356
0.884741900871753,-0.0970528365560369
0.878574625592825,-0.0145956771701489
0.83609978659255,-0.153679187483906
0.883323874044778,0.0326507586432239
0.821299464033462,0.0033567243296007
0.816178145766597,0.101867851113993
0.88233700638485,0.187338683412844
0.913904368084458,0.179198399201977
0.821502957844605,0.171099215171091
0.87449602741276,0.130946852182911
0.88374443304391,0.196950260922539
0.909095375438144,0.241029761404453
0.887485895983968,0.311359736492743
0.895035868328515,0.336226848235605
0.908983818976043,0.301730901921904
0.916889718451688,0.28346935484566
0.880648441285703,0.416247033354633
0.91409811506052,0.310574985217917
0.919885920235084,0.316222223916541
0.900273044787672,0.386675891577869
0.887357150384912,0.414373857703571
0.877205951366326,0.447725119202259
0.822814518643801,0.416944743538913
0.854050016217449,0.482771617135662
0.750986596252552,0.619284699362759
0.716440522000823,0.620175413028041
0.685331822438829,0.691737919279012
0.621102212588596,0.731127024763937
0.640167196542394,0.702031259707487
0.549147410774284,0.805621158903224
0.628908406647817,0.719192335943026
0.523907233930521,0.81828317723323
0.545520139711477,0.797794403729706
0.42621771300009,0.884090742551284
0.527381429832429,0.823475097664526
0.40666427578308,0.886012377458253
0.352570287147029,0.920964405241465
0.31213794150528,0.941908676646513
0.337537304880765,0.929668563292967
0.221169718954985,0.968512382757908
0.214472856025431,0.964634505405569
0.187674314692224,0.974813175108093
0.162017936126205,0.981496288157851
0.123609515757044,0.988535791233604
-0.0211323944536445,0.99340082943288
-0.0252921518931319,0.997906757512637
-0.0602086802892484,0.98829561670824
-0.143440505086082,0.985539408643607
-0.169513662195775,0.975889547455312
-0.152232346601578,0.976336459444312
-0.190235527545351,0.977835283859539
-0.221341995005713,0.968675795641885
-0.228818158923904,0.967990397181484
-0.236839360849773,0.964535092323265
-0.292887355259793,0.947661509187496
-0.266486853829898,0.956396177845423
-0.293315354438476,0.942797961070631
-0.303736739995312,0.942897441739176
-0.322512587546376,0.940888306944459
-0.282304802831536,0.94884394552464
-0.267872372739798,0.954617387678896
-0.234082506463247,0.96306617096178
-0.293360335692275,0.946643923316174
-0.251313786689961,0.954824871838729
-0.271060795184685,0.953093421518387
-0.32819955086278,0.928384693990902
-0.31212059546032,0.938779756059757
-0.387964195026537,0.912511262583354
-0.333862125481024,0.925693202854809
-0.410629388464812,0.904834006054569
-0.419190838821372,0.902504921402524
-0.430453376730067,0.887379419288248
-0.497014744355773,0.858992045151112
-0.438123728748057,0.881859126879725
-0.42190509595009,0.89412160349879
-0.501365941105201,0.849657472465577
-0.461127711353678,0.875627793467197
-0.554834892629297,0.808155891438309
-0.513454603480297,0.84738452049165
-0.521414703301298,0.844337637034793
-0.505722650094949,0.855900335494698
-0.545237008064893,0.824037847184315
-0.530406879480301,0.840934176742832
-0.52823039301706,0.834548513317461
-0.550527862387695,0.824684784331212
-0.511196648002174,0.84287944215408
-0.495402728748022,0.839963020279364
-0.537559393727374,0.828493339803034
-0.503228805462659,0.841136684497228
-0.450449054078158,0.865549414606266
-0.507145619440105,0.830985154295847
-0.456569484485897,0.863963285126784
-0.583186416307978,0.79791117437022
-0.486343522824892,0.855096770170431
-0.57726079096541,0.785377449079458
-0.475281745840628,0.856212412690984
-0.589306846715717,0.796325044890738
-0.624459245268289,0.759912172605796
-0.534700358305678,0.816714118096185
-0.604931655621114,0.777882363766365
-0.543106249729708,0.800717096198795
-0.558447926988521,0.712686373779041
-0.573675530211547,0.754656970970924
-0.606421987582327,0.756774722677844
-0.638995238846469,0.736643346272513
-0.675657952370226,0.721882968722328
-0.468425757516366,0.709787506076792
-0.501790742477927,0.763514996453831
-0.613922006232281,0.744621167209279
-0.684936318579377,0.700289761833544
-0.71638862929778,0.659286479215867
-0.681004505211808,0.689038614383258
-0.713833736502659,0.644952751550671
-0.727634781330451,0.659967925366325
-0.769877273678149,0.590473817220377
-0.721172259013179,0.609700921534322
-0.801806044311324,0.575331047857082
-0.769648127965468,0.611762378379798
-0.775570464361212,0.609814671029204
-0.753824862609947,0.617820671415127
-0.779013009575003,0.607004627185362
-0.773205225391254,0.499912970672261
-0.765827847254614,0.623335727044193
-0.755927289522602,0.624326738043454
-0.713939194374439,0.623470747305509
-0.769717354505616,0.621526778710404
-0.733144962823947,0.6449757254126
-0.783725848149838,0.585395099154207
-0.728022604289902,0.66076254811134
-0.793467528678595,0.558858791224314
-0.758630969085517,0.61209908218222
-0.707645405146151,0.544811896036606
-0.760244228532051,0.522444103356722
-0.788449319973091,0.548525533017988
-0.735174449295307,0.455902618570572
-0.747580955069429,0.56695263258666
-0.792324756190991,0.539169402340622
-0.788732451619674,0.549907124603599
-0.813825756792771,0.465937378131439
-0.811482162985649,0.53193693344303
-0.802754032422982,0.551585640943445
-0.871111690696773,0.44698517847232
-0.859128834565701,0.491075665094781
-0.893585257057962,0.377475061687982
-0.851953326163262,0.491721883038469
-0.884674271820523,0.392830290363021
-0.852486154897628,0.458316508552341
-0.854250764704554,0.409432441354204
-0.856212412690984,0.411394089340634
-0.850583255854401,0.429957888318248
-0.903252579953214,0.346415069457026
-0.849036735357571,0.458195176142275
-0.896684230784045,0.312502496665186
-0.882751550766697,0.423385830475167
-0.898844315000948,0.389176574620519
-0.901688994831154,0.363880808498784
-0.850438581361955,0.404975560290608
-0.889354231101542,0.365349051287155
-0.904252551368478,0.374556719587403
-0.854894073980675,0.397297945953088
-0.902719751218848,0.379820443943153
-0.896152359788531,0.35357903062802
-0.885464285728565,0.407740373598133
-0.911583508789833,0.32938132444214
-0.894578957878853,0.423824521054281
-0.920867181375262,0.305405338731659
-0.922460760607571,0.339694549236827
-0.895328014714814,0.385442904227497
-0.921110646201739,0.331518964775912
-0.907921576272401,0.317397079866192
-0.902168386801747,0.337265476267871
-0.919577846052109,0.336782689131663
-0.897606398831986,0.376863502021879
-0.907904551987757,0.347993974808163
-0.873637909680088,0.345888530857379
-0.857172458097847,0.38871854374747
-0.88774437605188,0.214395179084393
-0.880998787886866,0.376377001752127
-0.927011994887061,0.312485609188869
-0.875380594012114,0.377765289889978
-0.87910685180547,0.394730527178265
-0.870700634731094,0.405246528965843
-0.90728346519003,0.292529761578085
-0.897460693275861,0.368118931010616
-0.788018441996814,0.323678909507276
-0.663733186252751,0.3072432382713
-0.707627219868382,0.402092070630324
-0.763758589632319,0.443809493088683
-0.501126777142081,0.335023834444599
-0.699185958595815,0.466499623249691
-0.555293498379422,0.446507839735338
-0.632216575302499,0.529013437879432
-0.560298189950411,0.528354361700414
-0.526652561115642,0.558596389365639
-0.493583908968534,0.222951453111403
-0.500941314306892,0.448225004233052
-0.573678219222794,0.374474334794235
-0.395395278995196,0.523170591995184
-0.341370635434025,0.457974602007859
-0.423271836369683,0.465793867485071
-0.240101564889203,0.271964146610211
-0.417689315148666,0.3063651924179
-0.34330470231227,0.266381625389194
-0.320774454711236,0.302615379518944
-0.217571317288168,0.371417471134322
-0.211988796067151,0.257049291269221
-0.239053154967999,0.117053858699874
-0.0662636275286964,0.177587750259462
-0.227182356761345,0.173985152108598
0.00253846408668177,0.19382972087486
-0.269704387876733,0.309050871252673
0,0.172443825883793
-0.0800943102542602,0.294380024539974
0,0.142857142857143
0.0505076272276105,0.463997225941884
0.0155887121186129,0.30797001131958
0.216089167066327,0.357687624639149
0.101151953864163,0.22433507483649
0.209375343398368,0.41908346664633
0.212065268471309,0.303304561193638
0.354738901738233,0.344456057743883
0.340069590487514,0.337751397978848
0.288720818299807,0.220138998262444
0.398117525419413,0.312849545952327
0.40275208161596,0.0470637848594908
0.585175026720156,0.359841102423851
0.455096666456368,0.144389971565358
0.730260925301793,0.110740506373549
0.657426575422112,0.0363267320282882
0.636167061763343,0.0565003479398365
0.717024909486037,-0.032598438193908
0.771140537012413,0.000522031795342177
0.818902360718206,0.00984404875525341
0.870386539721373,-0.135914360123542
0.831202001228292,-0.209093270720978
0.857991825181747,-0.271243105719853
0.831725053821152,-0.301493113695436
0.858347439769801,-0.308239701901316
0.830626573445298,-0.370494115287132
0.856076418695376,-0.395057118146977
0.822274161683238,-0.464867886671835
0.818787623544102,-0.492217658233792
0.804233226877865,-0.535379171200868
0.824920799404862,-0.507660418947612
0.839780192063103,-0.490622937869463
0.825649580802168,-0.522436850130777
0.860726314283911,-0.477213088806426
0.86878299935976,-0.469732806143038
0.85870535297304,-0.48950275922919
0.856570894086612,-0.49915890168587
0.854707235723332,-0.495142168570865
0.832608775408351,-0.53509643351258
0.836393564615606,-0.521334395217092
0.855284902656398,-0.505235923025675
0.824853201812435,-0.554848487487918
0.884773697070417,-0.448339323809846
0.840261085888233,-0.532178900503718
0.848419759504216,-0.505937440314292
0.838658457122152,-0.537227530749235
0.862295262514096,-0.47778260466427
0.839628129274571,-0.520500040710783
0.835595321440047,-0.522942491193754
0.827606487194173,-0.54423435184703
0.83123367124464,-0.519774758454418
0.835131483609689,-0.521275166201441
0.816192939688037,-0.555078102049782
0.789657274538805,-0.573941919921027
0.749646809997922,-0.624839897118198
0.760460822289535,-0.625044931286857
0.719003171550808,-0.682639535187171
0.596704657128995,-0.596545174485229
0.709635529687225,-0.684914170137229
0.782020227465771,-0.590045734568364
0.772004279736584,-0.53948215448916
0.758792931869768,-0.626837185912398
0.761523312367993,-0.62639915944873
0.713829361788766,-0.687176956581789
0.74827818199911,-0.651271928169553
0.685309789063273,-0.717148362623029
0.700632374613379,-0.681686529293624
0.6915195607013,-0.698812390892712
0.676641543113619,-0.728396092657374
0.672397121239909,-0.719725123714647
0.674124586061393,-0.727195812510323
0.676996331832658,-0.725378481697844
0.692882148710552,-0.712798124694551
0.644337777912375,-0.752152091658837
0.660196464823217,-0.737391997359016
0.666270157981032,-0.731256274420053
0.632667538608804,-0.759958567919681
0.605485181847458,-0.784880064859306
0.574118351556712,-0.786349105884123
0.554815360828095,-0.8025433954647
0.537201144163462,-0.824052738349555
0.561066648664597,-0.818928096409403
0.527679943995814,-0.835320112054772
0.496885438985688,-0.858200808061852
0.516598334878341,-0.843340296117563
0.472218569419781,-0.866140712585462
0.472439718994248,-0.872125974221439
0.407430871121395,-0.901695115578052
0.459742193624865,-0.877676218766229
0.337777704297281,-0.93085165685041
0.44036939457449,-0.885618862737796
0.361963905930225,-0.918771587708638
0.383709157651656,-0.909967687869667
0.397644096915114,-0.894524099189068
0.346791919679335,-0.918602911209932
0.361287902977308,-0.92230614860474
0.375609507582378,-0.916850613788968
0.36202719244491,-0.919258754692537
0.370140751174642,-0.919115846862367
0.416771436748127,-0.898336705381882
0.426810107455812,-0.890791646232804
0.34090104110841,-0.929932319597427
0.411143979783326,-0.89996709587089
0.38049280197753,-0.911767266258164
0.43699579113955,-0.892339236859285
0.409763378074078,-0.89660206699801
0.448410811933355,-0.884871580705078
0.449111590963027,-0.881747891556674
0.436792989714602,-0.89077040240703
0.400494177538244,-0.88745053187444
0.498731831581955,-0.855977320030911
0.515355697314022,-0.845033831191332
0.516698536731409,-0.838108470552928
0.537592830771291,-0.823718035096202
0.561625586085511,-0.813019299303791
0.582276422942644,-0.801700634066776
0.575055353740662,-0.802665585846157
0.600545019050035,-0.785454833161602
0.603320607695268,-0.783026623059351
0.555822270731117,-0.817985900998923
0.630859112830376,-0.763665073240973
0.594988703479827,-0.783561504760301
0.590431256345442,-0.784135099480555
0.555876474846201,-0.801424517731598
0.586613075920649,-0.770326820713277
0.599700821291734,-0.782526533778976
0.582276718751657,-0.790068869209096
0.601255564488714,-0.768274966250898
0.605325548690721,-0.748951992550114
0.607183049990096,-0.752329499585657
0.570978319629727,-0.773404325777086
0.653847817714811,-0.692234100954358
0.655823017117466,-0.726289828015953
0.602241730548173,-0.763059331737185
0.626816390491636,-0.698381661329149
0.703702130443321,-0.683891409149563
0.682507787424477,-0.682644486833418
0.613061511953972,-0.716514582330486
0.753034840734186,-0.641563503255329
0.768772348612051,-0.609833542449556
0.769571240845767,-0.62849708037938
0.784352671078915,-0.540945345825925
0.809309348125398,-0.546899615696856
0.841893216919766,-0.489679187873463
0.817684818926597,-0.493772724745241
0.842787110836787,-0.405339143785113
0.803950160221514,-0.490491804872564
0.777689780776744,-0.499570705677864
0.840120719185826,-0.472856242447749
0.847995975270521,-0.450742496171376
0.811998548611705,-0.510165388146052
0.806154298044905,-0.498731916781353
0.829869970362212,-0.498969724697401
0.796099967657795,-0.534641480420027
0.823392703228057,-0.508884676683594
0.840410004204359,-0.494668675270404
0.818068579584342,-0.421932936350546
0.849789157460548,-0.506303181945058
0.860683319776409,-0.498506680004596
0.840563847948592,-0.508292597961942
0.797506518775931,-0.568136483972275
0.787845658660094,-0.588561607977352
0.762005318380962,-0.601509919727491
0.739537847146146,-0.638077742829607
0.705626115477463,-0.591259643411411
0.777389221862936,-0.554915258635667
0.69141508813596,-0.69141508813596
0.721639266459579,-0.680983485050492
0.620721496705707,-0.505996800436049
0.597864439498317,-0.279033451407652
0.535289047053187,-0.595781878846033
0.522067465643393,-0.537503365016377
0.517838359912836,-0.640132978453358
0.467184300447583,-0.472601553596387
0.337346736839008,-0.544091536196144
0.331731373110076,-0.468009361568726
0.354602202329291,-0.409465700119256
0.186007364746395,-0.475562039465479
0.357142857142857,-0.260734395705206
0.193364770084753,-0.294380024539974
0.0265355918824673,-0.0489208285064604
-0.130860735309846,-0.132822383296276
0.171428571428571,-0.174004855535699
0.106107446040891,-0.111194331190039
-0.0857012715071638,-0.106124062249131
0.0155783876596365,-0.00138709459350569
-0.204387654133789,0.221826629214292
-0.184157101784506,0.313992635253605
-0.113618555255857,0.173772296397974
-0.226479916368885,0.253528998937211
-0.310912598295894,0.17666111983544
-0.240858407793734,0.597907010447368
-0.514149669678353,0.274594091649451
-0.389294801149718,0.506251793332577
-0.367306715421488,0.644740194792706
-0.421174907202057,0.625483384154982
-0.313824544187837,0.710927420716882
-0.33078486233916,0.805881420051607
-0.327879954758957,0.851085381032247
-0.335224807880723,0.825090569839041
-0.136909061228072,0.863332233428887
-0.0842500226693271,0.838773431592841
-0.0673099008081129,0.909893148156019
-0.0565171036205769,0.904610098764067
-0.036390981467828,0.927143386176358
-0.0433607989171666,0.92280231253602
-0.142295403542344,0.924898927989475
-0.0488385352974697,0.93907450400924
-0.313346115727078,0.874841307089147
-0.151792140267054,0.887263461865455
-0.0331996327389455,0.955933418587667
-0.226016683730998,0.875995349640199
-0.140669319629467,0.983474176043946
-0.136888237995725,0.975141382628967
-0.157346272634531,0.971551089375105
-0.101869562122256,0.969949765897722
-0.156793571602143,0.965809938757666
-0.0876221056819296,0.977867882525435
-0.100646704838074,0.975149268610368
-0.106432176771732,0.980209050392915
-0.133808120027093,0.974079576075182
-0.0960652931411306,0.976113895386969
-0.138785123667432,0.972847325841678
-0.0775614015354483,0.993056085430572
-0.0523152514483958,0.989100288664045
-0.0157134840263677,0.995859704591717
-0.0679600763428148,0.99474298166518
-0.0157134840263677,0.991544299189699
0.0177231503128335,0.986467978974021
0.00255307011867198,0.99737149083259
0.0576003380012622,0.988566442788026
0.109172694479604,0.978169079408793
0.0239598659924521,0.987525463013555
0.11704040781385,0.987151263318247
0.0900046304699881,0.985949291537787
0.16954145034432,0.981518342965831
0.181344726245393,0.980388584228498
0.21433315242804,0.975323566759227
0.254730751328368,0.961656934915103
0.229834083108726,0.969013253605151
0.270019292441042,0.959367022090314
0.218775653955812,0.970713896150065
0.267871686301441,0.955032710060148
0.273969822547508,0.952825340217814
0.322825824053674,0.938182972995584
0.29513032901614,0.943445396576645
0.28388111879372,0.936734870396907
0.302752465087451,0.940744937726951
0.365716966595879,0.925049721657719
0.332645134107746,0.923033982952654
0.41469046312857,0.844954796713653
0.448529017326156,0.857766650670692
0.405379167027334,0.901825749435988
0.459881029038079,0.857199149232996
0.438322669488699,0.862998626323116
0.456786382567674,0.85713059418105
0.409181470314325,0.890481402067376
0.510685144126137,0.838555948931369
0.442117167263337,0.813703945069035
0.518636526069823,0.83749210000775
0.49630889724166,0.835676735635317
0.609397965773163,0.763569721245948
0.612544296625017,0.774984252153592
0.572776034694687,0.789621487357187
0.64617630504069,0.7496854041282
0.542403507139158,0.806716428485296
0.691143515924354,0.704209938800304
0.704444804211177,0.689060188826562
0.655972765548665,0.626369942561136
0.70866989218195,0.693285276797335
0.586386375532429,0.655041252399716
0.653845627730421,0.619444581922732
0.749617565643271,0.618756830333424
0.494708732865645,0.590540217615636
0.594228655486924,0.615416063670573
0.506711484667149,0.543105121356873
0.415150851061984,0.712183709359911
0.453646550229263,0.649205101166184
0.45507046928731,0.600648423077674
0.263843161302512,0.563414483687121
0.432098577442002,0.569702760672758
0.231738846252874,0.399032728607409
0.256770585916017,0.580214995319047
0.238452263156088,0.609053396114418
0.229026882762706,0.502399278368198
0.248221938944539,0.66935426003851
-0.124704318680816,0.703720371769741
-0.157868932583326,0.580583330572761
0.0387941886935484,0.589340176240817
-0.157868932583326,0.655118929822755
0.0649732964216474,0.656431224369384
-0.0934433619633035,0.843443361963304
0.128263089627033,0.674186175179831
-0.079230147610847,0.812773767884159
0.0433155309477649,0.749326860531063
-0.157868932583326,0.850255662031077
-0.227696260009593,0.791965659011205
-0.170728963973868,0.817050159713283
-0.34330470231227,0.814881253735325
-0.38597394817575,0.741280939299787
-0.476415573726881,0.705192213614077
-0.438386854427639,0.867441374735306
-0.469185302084464,0.755690201593123
-0.567735245131412,0.735021144686307
-0.494906821567925,0.829026404508315
-0.588010276196562,0.724561663473096
-0.548240371231928,0.755331827505229
-0.710218380122616,0.654629926131279
-0.672428436719957,0.666300042294293
-0.631952463782153,0.658085309534052
-0.655369634201936,0.563014220688083
-0.683872184515195,0.425639936388561
-0.676392257841836,0.493569555322451
-0.740582685662836,0.345451278787465
-0.657982051760686,0.424637419204076
-0.865459632136431,0.195458451067362
-0.833290662081669,0.241873671973357
-0.873390467969204,0.127695358349468
-0.967669403883793,0.164350649145767
-0.950478190344608,0.0997754286944885
-0.963648262109769,0.123682906678373
-0.962021717324543,0.0268747982346346
-0.975858721026211,-0.00958275757155258
-0.974691819524804,-0.0882254008733882
-0.971043582560801,-0.103203137423067
-0.951822657779329,-0.107540590131986
-0.931729205110123,-0.220747527923946
-0.919633523076888,-0.279968378952469
-0.96753893571267,-0.17140294192497
-0.923010092836346,-0.284286498900864
-0.855803334600672,-0.291268051631675
-0.859318985926116,-0.2044583263184
-0.782003221642271,-0.304114376402497
-0.819014968740395,-0.402349321284784
-0.781426665609815,-0.294270562847893
-0.856496044095615,-0.361263625383398
-0.875704526464964,-0.332493615542235
-0.894289643349079,-0.359118074758524
-0.879444226913531,-0.399015298972501
-0.856962244571535,-0.509066917424995
-0.838233419235714,-0.536250264152739
-0.828532380803777,-0.549663087357308
-0.775674768101362,-0.618277543196169
-0.779403056190518,-0.615872597116518
-0.782321500902925,-0.617851075173817
-0.786247464807062,-0.608581765072622
-0.768495389528984,-0.63399597168914
-0.777382692938969,-0.618424426183355
-0.747980760294705,-0.647552944674793
-0.750623038813569,-0.628210794569135
-0.73065665059984,-0.649754951162345
-0.752704016497853,-0.608420242572687
-0.699734176357642,-0.673787080801951
-0.780710661946488,-0.564861382815525
-0.680125645038337,-0.67565951892696
-0.625186077637468,-0.645820980403784
-0.606909106199039,-0.659778782252687
-0.618810493634657,-0.602064564793881
-0.516916377266268,-0.71300296242639
-0.504051472806035,-0.721324473026254
-0.540657017456885,-0.80367716992899
-0.40439796310084,-0.804293229514364
-0.496661220273527,-0.705602253488019
-0.324571590443869,-0.835035029236949
-0.393906220976894,-0.896303966754354
-0.183878499105115,-0.750165139873356
-0.330336206064703,-0.838170049164422
-0.272269694754522,-0.880940198925162
-0.272733486862139,-0.861205305561298
-0.322443161345947,-0.904030935658878
-0.316222223916541,-0.919885920235084
-0.230944344982926,-0.865236746965329
-0.288799143477534,-0.923346715379739
-0.188568929170676,-0.923777025604117
-0.157201358052744,-0.952848689508818
-0.0798962892441936,-0.964582889064314
-0.0960687625778454,-0.964087966079866
-0.0580676558608735,-0.976020065837431
-0.0268954556799289,-0.975356466354276
-0.0963477680659921,-0.989522771060862
-0.0374658811673993,-0.977723339800728
-0.0809675431973041,-0.980516074074451
-0.0858355984670221,-0.978005479361361
-0.0827710633899533,-0.979408892611065
-0.10822218228209,-0.986404181239364
-0.204105116819006,-0.971152820225896
-0.116509143549977,-0.98595212256931
-0.170333781698946,-0.978572879716452
-0.155496474681064,-0.977798272229553
-0.224640124921914,-0.957656467042579
-0.227108417267813,-0.951096742369476
-0.269420588802456,-0.941494639533235
-0.30476249233404,-0.930817855030442
-0.260286392175685,-0.94426206533439
-0.320977818065149,-0.939322944657245
-0.264270363283259,-0.946489162206773
-0.250229933009392,-0.962050976031434
-0.225524306238796,-0.964780659449611
-0.216920976325224,-0.969573732571534
-0.194270494947424,-0.97079479372223
-0.148514677283666,-0.978349174545426
-0.129590847960008,-0.980196625100383
-0.109293200416832,-0.986486643517792
-0.121083518397088,-0.985971941210433
-0.160111347692364,-0.97923574006142
-0.109702141842789,-0.988086689611374
-0.177736594252852,-0.980245544922967
-0.102698867534275,-0.9879031311954
-0.109180100057601,-0.978077750232256
-0.169089165006039,-0.977215937639732
-0.106420065535057,-0.98918018413804
-0.212280149318132,-0.971895469594236
-0.125045064212558,-0.985348544326694
-0.208535264488679,-0.972068019808954
-0.200721747789624,-0.971801553524209
-0.232433778206684,-0.961700824309415
-0.257898790972782,-0.945568492757305
-0.244356094113779,-0.95285059012113
-0.26454407038341,-0.944110939633895
-0.274653875209174,-0.944953812285819
-0.29253670741824,-0.92166348080742
-0.24064743809385,-0.783244780099018
-0.304463142427472,-0.895239704047653
-0.298435945139289,-0.82836006233264
-0.274701336242394,-0.912895388470409
-0.336922239370718,-0.815752024039842
-0.329244625033199,-0.859692259837136
-0.259346107567356,-0.901668817508524
-0.330343084972225,-0.847632410979178
-0.260585933328088,-0.836064851268681
-0.275952924971303,-0.788222731336484
-0.227260513492481,-0.859467793174836
-0.315796088034217,-0.794481760694734
-0.193859889378035,-0.815402704895695
-0.288505862983067,-0.811058513342598
-0.227112051115363,-0.855985824054377
-0.255031980770342,-0.752219957278368
-0.272219254578281,-0.713277859621778
-0.263561020187089,-0.780423018579931
-0.191253513635608,-0.650799384292035
-0.104612111947884,-0.596020564325318
-0.217571317288168,-0.67910977882663
-0.2548952813614,-0.715410538182826
-0.363296485826624,-0.816713962057386
-0.0886466603816399,-0.579935159655722
-0.432098577442002,-0.774191930941998
-0.197579533773815,-0.650997010004578
-0.221599835540328,-0.770589332791134
-0.308903656504581,-0.614057500110207
-0.31702464181228,-0.494612392071743
-0.402368927062182,-0.485702260395516
-0.238452263156088,-0.764172325937172
-0.337395630640535,-0.538580094171626
-0.469038087336372,-0.288911872990228
-0.470870795658434,-0.208238983168196
-0.326356975932253,-0.294494394211245
-0.520264720116677,-0.0889915008422747
-0.390640621406456,-0.125915887170697
-0.392258898432212,0.0244077682344544
-0.240101564889203,-0.208238983168196
-0.260836847320747,-0.103400763135611
-0.454628825043036,-0.208238983168196
-0.310383051124827,0.310383051124827
-0.361501520657132,0.246813575672085
-0.545961164259449,0.0743846128363952
-0.359053396114418,0.12060113295833
-0.525720062781084,0.238452263156088
-0.723538390295081,0.460408645658725
-0.391694613943001,0.131564872318178
-0.514172325937172,0.396321195739414
-0.627020044726156,0.509567527569726
-0.251898585544137,0.238388450488369
-0.645536367907889,0.525944045121333
-0.458378637941992,0.492779683749681
-0.533041956131591,0.434784256276775
-0.630153023349158,0.584087489640821
-0.620937132734088,0.667002666442425
-0.696767992042484,0.501790742477927
-0.516636207884035,0.585973732412189
-0.488170710139499,0.622475264513373
-0.563703203043596,0.773145922143587
-0.541754737525875,0.79802663612701
-0.542583257232602,0.795271529535961
-0.597534837414817,0.753663237705557
-0.538184278397866,0.810340744198362
-0.561314618891968,0.808195162532231
-0.515311494393264,0.826836808780674
-0.551142922970993,0.822853284701413
-0.570699277609088,0.79823835513001
-0.498032563433889,0.861139478162938
-0.481559023259711,0.854624548664358
-0.546627722311425,0.825240737212635
-0.540946696874613,0.805527038508442
-0.624037021782834,0.751617702372441
-0.573643139845035,0.781323175374677
-0.587253200685263,0.789861952834684
-0.583935306839959,0.782319617485034
-0.521995397643994,0.820857342034453
-0.564746002616784,0.797710405396566
-0.516082313216309,0.833281059496408
-0.538491740265258,0.821581269376753
-0.4729949814461,0.87165873142386
-0.408926633251217,0.894767295262489
-0.363798600291504,0.902446539436302
-0.3943769971862,0.911492937486257
-0.281358911576754,0.932504047858297
-0.360877393399979,0.919797503740058
-0.255806365452636,0.929956493954369
-0.203771863976768,0.968595929641911
-0.224868387489758,0.946879134051858
-0.193878278450239,0.959397743840638
-0.132894226156609,0.968360879167828
-0.0938693888861233,0.941980238960735
-0.0373131730825128,0.963374813422504
-0.130395031467192,0.972696982306856
-0.0402253003573365,0.966450121044698
0.0245240472914731,0.892852819544803
0.039951788205985,0.901840892606345
0.105582461445584,0.940646245857277
0.0543928293220421,0.940392349652067
0.117030894184772,0.964248140521187
0.0624993683621435,0.904025962731871
0.139396871282005,0.950078097340762
0.189699291374076,0.866490388524125
0.227398543254094,0.844309624830151
0.220113065661344,0.886831276324267
0.216322225323324,0.837835235133604
0.200503988505171,0.842168664389777
0.191514507122864,0.814219223890212
0.345672802331148,0.818432310611616
0.338095844279395,0.895331854449998
0.419520843841029,0.862776257284106
0.456571004960619,0.85240743631801
0.269227338335168,0.816911179102629
0.356862563518006,0.882500636187394
0.351685890368188,0.864694550091623
0.30437973688774,0.9181716799696
0.349036486803369,0.866245142112375
0.380327642248865,0.878087058379608
0.212572150732767,0.879080403888467
0.292678223955203,0.841484050598042
0.283322093277837,0.773930915387371
0.250138439267108,0.935576323884427
0.272435908637743,0.854284023469606
0.301885892255451,0.90340802897213
0.288505862983067,0.68328320034261
0.272435908637743,0.854284023469606
0.28448196438805,0.673568649780904
0.210078306100478,0.822474864489075
0.25387210966013,0.729990679590077
0.183973592194287,0.695354896127663
0.269942064005454,0.768091801043565
0.368267393387734,0.59297265107674
0.382138989345805,0.68255145038768
0.388021543868834,0.86316347667238
0.299373696672065,0.821819372602907
0.316075435483858,0.866218219656444
0.309363424700976,0.901802131904249
0.356061188816615,0.897856879596801
0.489172060231225,0.848848945783233
0.443365009780868,0.818248123838951
0.446655054483429,0.836363091415156
0.601359329779767,0.741448761693514
0.607147863614782,0.752873032153237
0.537576067431404,0.786357158644835
0.600635755265792,0.732190437407494
0.571217890178924,0.611747330412278
0.593390629507443,0.641814946963794
0.69156943602565,0.576775336059253
0.624481580639474,0.606322505447183
0.764761132321957,0.47767498785076
0.643541689475536,0.601821899492648
0.797678484070214,0.365773548755445
0.535711767038772,0.596265916795425
0.701849029459699,0.288359430745426
0.680926055119262,0.350036374259714
0.774583904236125,0.353553390593274
0.839336862881917,0.273965962600472
0.698626907740899,0.317081137276623
0.627198336312328,0.393693478410424
0.829089573701946,0.111311454918884
0.906439701036439,0.260639221608203
0.834085422234648,0.0587262585782151
0.906439701036439,0.260639221608203
0.758373694123845,0.25630579235203
0.834085422234648,0.0587262585782151
0.952482120351909,0.155788333763736
0.860167857022095,0.171845346478472
0.933256301393412,0.186827106480897
0.792552450824175,0.0616383858530388
0.959621181546207,0.11745251715643
0.734051529202664,0.13138934344149
0.961118288270829,0.0591836905122757
0.953559012645271,0.0686422090554051
0.969231529896134,0.00841522625236219
0.96177635140909,0.0414826963259665
0.937009933269709,0.125374667943182
0.961234996340279,0.231489932641073
0.982674515081545,0.0837016921194262
0.956475579692176,0.245645160460691
0.967907022162944,0.164997151596484
0.8856221232342,0.241121168623459
0.96075452130067,0.247884716932506
0.948597155072797,0.247747080150541
0.85108000275792,0.288527035457896
0.855720578114915,0.349124593053822
0.894259048079637,0.335517209648128
0.784997385303467,0.378705847737719
0.846334929248442,0.325457974994423
0.84441224230371,0.404917669191203
0.82327142333274,0.407229768188177
0.772295703737448,0.432683167578809
0.794982454975748,0.412965464510847
0.854995547631829,0.475662418234593
0.818454605776716,0.537605284318998
0.859561091345165,0.443199671080656
0.811406874747892,0.525419190215723
0.796527552645133,0.562128772698075
0.778277861003282,0.565842409679457
0.826966641316803,0.506882521205161
0.796051646072854,0.537552297171962
0.783378724705746,0.583941256312163
0.77927208715485,0.590048702353054
0.794941423165651,0.568249203105814
0.812776945056754,0.478120133290687
0.780833116806757,0.573951618040678
0.76307288315341,0.439450718404555
0.762406017238085,0.550932326444345
0.838153381876434,0.483822548225551
0.801888730277184,0.429142560025805
0.663500631454985,0.526949244178451
0.850163340839956,0.448670149672979
0.82864878882195,0.493030216525799
0.778065873356584,0.531836330820872
0.779524783319427,0.463580232908091
0.747432734383738,0.459938280133766
0.78201659781224,0.433166458620823
0.841238804186292,0.459556334313073
0.846743108541029,0.240492080387746
0.749862812055021,0.523307291404126
0.904001636789175,0.308033452630242
0.692997750904316,0.292529761578085
0.884660720404298,0.343185851182814
0.894961429030222,0.294235407884983
0.932131765642803,0.223606797749979
0.900336158078497,0.330621150202873
0.936169931701471,0.192398343141905
0.956606561162383,0.120680873864009
0.938064665508821,0.254790603956755
0.95271214452128,0.0237617617936677
0.949481016655298,0.149602988529398
0.938603838162386,-0.0331669475822028
0.977942875784836,-0.0512158479727605
0.969615419816636,0.011991741134533
0.953771684883285,-0.013480523222273
0.967913619231865,-0.0785075115331101
0.948153491008533,-0.20325729193039
0.962715340371557,-0.031943828249997
0.964393846077311,-0.189663121696029
0.934253481242019,-0.20474607401813
0.922616209626488,-0.194150117580031
0.911199858480011,-0.235450076507394
0.864357709963077,-0.233783323135724
0.925402518850859,-0.30488539777341
0.897041148054322,-0.33221875137328
0.907447138968009,-0.34491778485222
0.890308677710019,-0.401630896057882
0.895400139856707,-0.379749373313103
0.857827286321714,-0.432122768962004
0.830972537264244,-0.504751927231897
0.83007201952969,-0.491029322406727
0.746030837404676,-0.61569712241114
0.751646201133608,-0.627891640538564
0.735133740777429,-0.5919742535527
0.724134290399678,-0.63376348496822
0.678185434333805,-0.700703014122958
0.727833242725612,-0.649679226774322
0.596025838138648,-0.778448298137322
0.533176503067801,-0.82381720612009
0.484808891532096,-0.839692691870476
0.439331466161117,-0.864282053502006
0.47334149595654,-0.809346308407364
0.32332946787363,-0.893107149110799
0.374100079844358,-0.897105448286171
0.303308467471683,-0.90186758630098
0.210493716534082,-0.936626911509182
0.261517267461604,-0.93795631198669
0.0643948848074847,-0.912490063670787
0.16433046169735,-0.940294933380303
0.0790569415042095,-0.969575356345948
0.0878924033108586,-0.876914420598098
0.0213761591913645,-0.931586719546885
-0.0134458101841074,-0.937894129150866
-0.0408020523060208,-0.949542379624897
-0.12319492093742,-0.948739443044467
-0.0344010458076891,-0.907061060546226
-0.137249529492687,-0.858475494161929
-0.138351349513894,-0.863536415298863
-0.0574791017113576,-0.89682802393719
-0.19118215224882,-0.858871260576182
-0.152146077366681,-0.850548395706931
-0.309583129955405,-0.853903104643339
-0.164841523276106,-0.959201266726304
-0.194835362275902,-0.961497997484356
-0.204837417761344,-0.925248618110675
-0.315762882035554,-0.851648303675138
-0.24064743809385,-0.937090933945172
-0.259230247083386,-0.94777886571171
-0.284964434378729,-0.918734233040337
-0.270715054645366,-0.873447629753567
-0.309449529709228,-0.920848963329775
-0.321413481902625,-0.823330349847254
-0.25137826502784,-0.882487084771169
-0.455902618570572,-0.855408847366717
-0.407073507682808,-0.805481276539927
-0.489376500783297,-0.771390260573804
-0.44099253533546,-0.854618833458676
-0.521240374382774,-0.674734430750096
-0.578998688336966,-0.73412563755929
-0.374698085409109,-0.80601144304631
-0.599150646933538,-0.759802603163905
-0.423958790320575,-0.791521190866723
-0.577460231898209,-0.77237903930133
-0.584919192581927,-0.674279276792665
-0.645380189469249,-0.709404545378185
-0.589258967510719,-0.722096100051764
-0.640073449089852,-0.70407731788507
-0.609607524782152,-0.713846404314541
-0.708238457052463,-0.673837411244774
-0.730862191822965,-0.612373932557213
-0.673306482573357,-0.651824644893526
-0.772095111099591,-0.583700696697656
-0.72850894592002,-0.561449154449826
-0.832560681247697,-0.478210538896372
-0.78029717604795,-0.481388272939871
-0.864333384020381,-0.445016433930478
-0.800445727520387,-0.413072605680481
-0.925712594898177,-0.272435908637743
-0.945249917374052,-0.20087063780023
-0.909667058330381,-0.341729055318365
-0.825056476374722,-0.158330853112134
-0.941584438663374,-0.114395283727605
-0.909224241592178,-0.063887656499994
-0.968082619667006,0.118270719945504
-0.922196294612043,0.0691513808557443
-0.922257073694722,0.30825517310564
-0.849903492762207,0.407656682884348
-0.795136779682964,0.367317154134398
-0.857395893696468,0.430328071170764
-0.730352619546198,0.525623728109595
-0.657353071080194,0.625409242830197
-0.71583523739956,0.671758302193324
-0.67742974143901,0.715997036636078
-0.607452630220455,0.746019925417523
-0.603401601658386,0.782931464202129
-0.556172171666329,0.723613239802411
-0.454514330432721,0.861027041241469
-0.556163505998477,0.811178877686295
-0.417553219647493,0.894475355760365
-0.395381433646983,0.90103926530403
-0.379699516968175,0.904599548643341
-0.342038919082799,0.914540493728375
-0.285770618510957,0.934183246442431
-0.295841048267928,0.935561603495416
-0.302430254339434,0.935703174759158
-0.192459932492159,0.95855547663401
-0.219941265848849,0.96536370834389
-0.106753987258102,0.97688008124011
-0.0979873822459221,0.967166926717016
-0.107685020524531,0.986221355353967
-0.0512499993675725,0.96972804883965
-0.0321392435578656,0.97147812308486
0,1
-0.0339424806672447,0.987808545939885
-0.0518067508449981,0.985629496269538
-0.0656627509640509,0.989068696364339
0.0677630927178939,0.984738206745872
-0.0778959518670071,0.983531075549339
0.04322734863938,0.990682069573721
-0.00967359473097076,0.975625550822458
0.010820423100398,0.961474626476641
0.011283520389383,0.975810197223789
0.0011468283694272,0.9680436788218
0.00526372435575036,0.967523698327669
-0.0425397846880953,0.961474626476641
-0.0412999589273627,0.90221181834254
0.0317953658728791,0.932263355199109
-0.0845273075667427,0.891028044439837
-0.0904192980171227,0.973280898527314
-0.194367087683747,0.862198583485027
-0.142193277814574,0.967953499180084
-0.0175545797513962,0.710532671837515
-0.236057418593806,0.953068296873848
-0.137442226432606,0.97402173799055
-0.228159791632422,0.905707378556307
-0.171841215036935,0.925211503546752
-0.280912693354699,0.929360386786048
-0.362620446375281,0.912457461072586
-0.339972447700085,0.919343205582698
-0.347010412224167,0.905645161004812
-0.468556600388792,0.868225484409388
-0.330701924801242,0.768322459521756
-0.436644239949642,0.881063351275057
-0.471694846307223,0.810983422526771
-0.395020491532786,0.885758735024574
-0.522414493719232,0.765820474113753
-0.45644033928824,0.848692676813333
-0.489652268584516,0.855730622432017
-0.496349062744527,0.84798235367688
-0.569750384236341,0.80839109934433
-0.534928384806996,0.831654133293528
-0.534850381910019,0.836464832768007
-0.519817405037618,0.84250675480609
-0.558529316889676,0.815057070418613
-0.547307070359049,0.832158384593196
-0.468879051987563,0.864502074646967
-0.469873787801166,0.871546302577723
-0.492723566343026,0.863427858231697
-0.409596963847902,0.890922209626553
-0.435148379007774,0.889010349722951
-0.514114990102753,0.832212147843564
-0.402351580769052,0.890076130159759
-0.46544566691919,0.851659215597213
-0.439814474063162,0.870066595140257
-0.501956135940284,0.841464540809882
-0.435950531455108,0.874407070513853
-0.440499530140573,0.892106965396637
-0.509207870048693,0.838738056871123
-0.442319812305297,0.868853201915025
-0.467604131503109,0.836264991988284
-0.545527236266889,0.802611062419667
-0.490218959042792,0.859182163895553
-0.495745781633486,0.837264963403548
-0.460741845458033,0.879306992525074
-0.46468578940253,0.87133519962022
-0.454717052743943,0.871015672671107
-0.478220735912845,0.861275064542974
-0.409864035377906,0.861261513126749
-0.443438446977239,0.88711566985106
-0.490202346200308,0.864998584122142
-0.427381434262503,0.8862648856424
-0.470050680125982,0.873345677514542
-0.487516667365535,0.772176190740251
-0.439105017721066,0.799730769246146
-0.511841880136061,0.845151829051829
-0.398722792235804,0.725904346725908
-0.382186392124224,0.812423869289304
-0.481934146144518,0.843516746442311
-0.505965954492199,0.806511942039468
-0.294225858873664,0.761597995731365
-0.372504790143327,0.87698524398226
-0.387848337762197,0.885066192571355
-0.366629982953865,0.850720484451574
-0.226398058360487,0.706095595091241
-0.364573190136579,0.857710472576074
-0.377693080308078,0.872822953629607
-0.40123682348165,0.873841523268111
-0.282082267517105,0.785178266098706
-0.268702238244721,0.779339151754901
-0.455174698247684,0.8276839157913
-0.361887511301806,0.84181115611726
-0.46052519139857,0.809729400105817
-0.420215111423466,0.804020862014229
-0.319128874154456,0.834693411130724
-0.398763823552457,0.728723649056581
-0.243013692164027,0.842771733450017
-0.30271298351607,0.824933745867182
-0.222070047235011,0.837929623385647
-0.350783510869813,0.862518884319018
-0.236468181792728,0.908457129407894
-0.198901893258388,0.847695852289839
-0.241227454029669,0.929750760956846
-0.28035092649379,0.896866916527842
-0.185570715374413,0.92489459374366
-0.237932474215761,0.938061867782867
-0.246781406587415,0.934416211082787
-0.151067280952431,0.937243866628349
-0.171272191805404,0.95765996934142
-0.170950860341297,0.972144718513111
-0.14427075644705,0.906724261863487
-0.0911275187622727,0.908047104505895
-0.0718554990395092,0.979329970378342
-0.028346857265917,0.7551197480237
-0.0787180420925681,0.880809482418394
-0.0361960109771803,0.811555174633614
-0.0587262585782151,0.789024927032579
-0.0186565865412564,0.875719697116802
-0.00179496516949118,0.803434189325915
0.0887938751297312,0.788601193235335
0.00812098530769878,0.710466767499984
0.210777447254878,0.539672887273812
0.0734511444445917,0.587733950368259
0.268275310633783,0.726433422231862
0.0625138146297409,0.685398055812267
0.0525978641525509,0.521316186368977
0.196846739205212,0.553989596348069
0.014409262293336,0.565952947773802
0.141391739282282,0.689571602508467
0.278836039953065,0.584535756763338
0.218314816205359,0.458802371739236
0.295237893128436,0.641467050172062
0.157595966745109,0.512771467264034
0.234519043668186,0.505271841466123
0.335183717004572,0.674738606417887
0.363296485826623,0.323312918797917
0.297032858297927,0.549005221393785
0.520892452571733,0.417689315148666
0.346271273492672,0.634220606011271
0.371647710312352,0.470305819544226
0.395531978404137,0.661572242233607
0.153880026906179,0.572553395325683
0.26015900571715,0.596341921080607
0.222951453111403,0.565012480397105
0.0505076272276105,0.722951453111403
0.307760053812358,0.713708737598054
0.0836912812383401,0.734408761329961
0.167260056178562,0.696846739205212
0.135316227928565,0.620444355578633
0.0237475686828436,0.907073507682808
0.20605440750546,0.768091801043565
0.0600122202820941,0.958839904153658
0.0505076272276105,0.907650484370468
0.127775312999988,0.891076811435764
0.168926809550233,0.877096903751962
0.00402389859501774,0.851775577847408
0.106676397515097,0.9013113424916
0.157812290837337,0.929510930924744
0.206086509726188,0.939149750351934
0.121387287956047,0.94436113504421
0.168776294075723,0.867018143301231
0.0357362427807857,0.975173021640914
0.265649245120131,0.925361424170414
0.068642209055405,0.807607736022115
0.131775674441514,0.946862627106319
0.190217658847974,0.875104535181195
0.211017488406281,0.918922757101283
0.196908071701967,0.93835528804372
0.281361836227865,0.851422195590437
0.383834142545624,0.883909453435404
0.309289647149255,0.914786794428838
0.325940252470317,0.912792603423664
0.280687264164723,0.939229478330406
0.333025958385804,0.832402453317167
0.311202155068972,0.927413895039859
0.237046450794508,0.846292195671104
0.238537219201589,0.93280335050307
0.287876561653553,0.845338679908856
0.139970096945583,0.926230542224076
0.230878702364752,0.806841348068287
0.0992556988115683,0.84181115611726
0.208932071120934,0.870990245307546
0.218194611017111,0.905622621677339
0.268263547665608,0.910368887499888
0.131719256944485,0.88252804184325
0.135452927337507,0.908457129407894
0.183466709932829,0.771757279754242
0.0905677603942406,0.79855829537109
0.244145796130248,0.91908346664633
0.317104421521548,0.771177223353423
0.203136065404881,0.882131495032649
0.385497218843271,0.830930645807541
0.403728237971291,0.763242841327404
0.449384875343265,0.830930645807541
0.431487942280976,0.743592103687513
0.455902618570572,0.831005934045298
0.47571333986433,0.739766641322968
0.611449398848421,0.753554738682701
0.603401601658386,0.687099979452138
0.651947580899566,0.735645958693318
0.774306406759717,0.554358986057017
0.764183106060613,0.576013868649266
0.846235843710562,0.484853368639238
0.810678460201555,0.529645614258766
0.877695887219075,0.446876118858499
0.907991505539755,0.358398820629818
0.929896496788061,0.294849987918103
0.931069132648179,0.266839844421835
0.849606745185595,0.123667787718343
0.97402173799055,0.0629066271826129
0.954195301537744,0.0518305553752609
0.979616784037901,-0.0373131730825128
0.971559979107934,-0.140543699651432
0.960030622250943,-0.212875349300025
0.945267640985802,-0.277165486241219
0.924366271567407,-0.355554516127571
0.901902391162288,-0.380336003680292
0.863160341756259,-0.466934478379091
0.834132446816867,-0.535864649322031
0.794934363768508,-0.576002409369896
0.769201378987055,-0.59439970306786
0.73301926756241,-0.64083873548827
0.655911446151194,-0.737955218958205
0.659465629308531,-0.749261913983883
0.635034265201976,-0.76411216951966
0.525960792736795,-0.844316000854251
0.485639470932268,-0.869766207545946
0.428982680915687,-0.782128699656024
0.41440940946558,-0.908532014805217
0.439164531312916,-0.896026015671982
0.400229390200842,-0.911587581518557
0.39190878678841,-0.915006372925987
0.373943280552692,-0.921476970412306
0.273639276393111,-0.948763498354609
0.127089714779628,-0.849518384988925
0.178057191098714,-0.96573415874515
0.153557410644074,-0.974282481922813
0.108035443744779,-0.988750263603131
0.145831859511668,-0.977918182707727
-0.0238386510025557,-0.99419661505922
0.111884144473331,-0.986319713171275
0.0242550793457563,-0.95927039069728
-0.0397371519277992,-0.974804384365602
-0.146485710130094,-0.981947391766739
-0.163941549271163,-0.976755134646362
-0.240481402165057,-0.967519019374675
-0.32770233977075,-0.943788220625396
-0.311153246673053,-0.938670209567283
-0.357462438682394,-0.930362508197545
-0.41406358964723,-0.904516917626747
-0.419586013095841,-0.903346272236442
-0.489649996810875,-0.868313458389241
-0.527617524137735,-0.847073381847916
-0.543705514288182,-0.835766754479069
-0.527593268367396,-0.845749403265241
-0.545867563788407,-0.83042967323822
-0.563550305579184,-0.819710553669659
-0.560838091038399,-0.817404602813242
-0.544645776258072,-0.829793038580926
-0.631588130773728,-0.756231000789047
-0.623107992091071,-0.753832551011764
-0.625667634607859,-0.756277808069658
-0.559099950347856,-0.554328724914546
-0.677647021812793,-0.695246437155571
-0.65568521292667,-0.733337315955294
-0.531174658397477,-0.802599859269345
-0.614601418072,-0.741310156187381
-0.566029473365432,-0.806192338821208
-0.624718043096264,-0.730243050104308
-0.604459535126803,-0.717302491554677
-0.635610027379714,-0.721911096132202
-0.683544826998757,-0.72067844824169
-0.605640397737228,-0.761896254834339
-0.687717349409175,-0.711370164849581
-0.633999653363439,-0.71768572179229
-0.658863454688021,-0.74235627066512
-0.668028890241722,-0.722537504996646
-0.707727677273383,-0.693572385824438
-0.650256854876673,-0.742706887580878
-0.667034976471641,-0.713458811015903
-0.563215344988001,-0.785380294324242
-0.56727963721404,-0.77188078306554
-0.581356788198781,-0.791498303295335
-0.597195845683454,-0.793862624461702
-0.569854298313781,-0.789043720886323
-0.514730777631029,-0.846695768947711
-0.534850381910019,-0.836464832768007
-0.470018985440172,-0.866024318227897
-0.468765663815224,-0.875927479128863
-0.470273105113287,-0.868004538193685
-0.41879802306428,-0.899863651586202
-0.472650253952503,-0.87019816254783
-0.376591751289555,-0.897298681078894
-0.419841099361795,-0.900766422610677
-0.377005188573643,-0.910162451579206
-0.322527474271518,-0.935145429575434
-0.359381107386964,-0.925566580113674
-0.329978954499701,-0.921136821752314
-0.334711858602187,-0.918551369640536
-0.390950509516644,-0.913113962385063
-0.400959822679674,-0.902460441883882
-0.398463029788301,-0.908110661942104
-0.426952933875567,-0.898530081911529
-0.454035622422493,-0.888507924927569
-0.447837313865871,-0.883421667590173
-0.418388327757795,-0.900993422436015
-0.501079244662591,-0.858956475641538
-0.423048632508368,-0.89457249572386
-0.485978676293168,-0.862691996299654
-0.483010674255572,-0.867849090608062
-0.526886308952636,-0.842647953567916
-0.551330420110861,-0.825042260360564
-0.52748728679957,-0.840497595284832
-0.538747238426466,-0.839003168390294
-0.549572489917747,-0.810315970507474
-0.534888491009395,-0.83624385942541
-0.516082026595037,-0.842635698645434
-0.519253296687241,-0.841200950001906
-0.50850146772138,-0.815264974352765
-0.56700597799032,-0.768150433243595
-0.49247455097441,-0.858734366305333
-0.50321339002769,-0.8498392752116
-0.431209437541536,-0.872198033946558
-0.498928887409469,-0.852977281280731
-0.44752897405853,-0.880796182814419
-0.456783897533117,-0.857316511927714
-0.490735320735482,-0.860125023017942
-0.479635594761382,-0.861782959699436
-0.433976396843108,-0.890332018483006
-0.440472449519656,-0.883298496690714
-0.378731008721451,-0.894159762865398
-0.391204990298934,-0.912518376882914
-0.304322808610589,-0.913440032345546
-0.293671705271295,-0.904207100163799
-0.269862133786989,-0.914525002005342
-0.219638205404183,-0.934992794615188
-0.228558438796362,-0.949131674646679
-0.0451753951452626,-0.970256255300135
-0.0846239686457897,-0.954679295515605
0.0292434461294963,-0.963906733611308
-0.0589103413281388,-0.98826687790707
0.0252158114712144,-0.959341947915593
0.105039153050239,-0.967872662159784
0.0187122613547314,-0.973321855599395
0.0931440729947529,-0.959300315701047
0.182158376445498,-0.924332519366336
0.20474607401813,-0.911490873375266
0.227333771590761,-0.900494437243234
0.277989861195489,-0.88157221838128
0.347061287400713,-0.871674158229355
0.307365148205717,-0.77798638832707
0.336383537799723,-0.844502558728819
0.414465960234267,-0.790531036239078
0.326818972083254,-0.884474131100919
0.364243494792716,-0.86897238622932
0.387854364066618,-0.737456306280898
0.405258291934019,-0.75300997118641
0.320166559586481,-0.721386351935574
0.466499623249691,-0.79235100613429
0.34330470231227,-0.634755039389181
0.264573992407821,-0.708514976101616
0.377705748119959,-0.642876024696879
0.356047235225563,-0.683618010331679
0.398877248115654,-0.780423018579931
0.515629677066606,-0.587058248495178
0.382670594361388,-0.660843965147096
0.460211346264053,-0.605936514802509
0.496104234914743,-0.510784840711849
0.519086217579286,-0.423186808317827
0.501064427067813,-0.682882608885995
0.509895934108048,-0.457191306438575
0.426776695296637,-0.343443361963303
0.501098200024708,-0.411125772730238
0.494612392071743,-0.53713442318713
0.477149476737268,-0.319035593728849
0.486466829140521,-0.440401295432184
0.593229267441381,-0.256006842907484
0.633964150686376,-0.454500849001508
0.44842162769806,-0.192727843658107
0.446507839735338,-0.019991783514353
0.718106792228835,-0.393571192978842
0.782777313273951,-0.142258898432212
0.678088989843267,-0.399618924301611
0.481190693879288,0.0165257680451388
0.781957633835133,0.0236266532442354
0.93674420448522,0.00977150915684284
0.650182732873598,0.0260137142657413
0.387982506603088,0.00194454560028212
0.701937070415121,0.129480701053864
0.670514869451946,0.256006842907484
0.773734628765518,0.207996763598865
0.705032666316371,0.321153345435769
0.670514869451946,0.339340176240817
0.694463592739386,0.462059060906067
0.544627825494395,0.461294492161061
0.585747105575612,0.545217665342259
0.638824357125007,0.576003445187202
0.685634051533262,0.609568329840967
0.512771467264034,0.6240955899948
0.459938280133766,0.506963938240917
0.365637324200762,0.624679206352018
0.472801340589689,0.766708234175822
0.383288269340977,0.57153546899482
0.397844746382404,0.864475860237208
0.232440347777899,0.747955978058095
0.29070683815972,0.827175785739223
0.25630579235203,0.758373694123845
0.283169469209238,0.809524840599009
0.0673070120823084,0.854121313365088
0.165581539838716,0.890286797527722
0.0209504531077733,0.880600355797862
0.0334298896420443,0.883881050028444
0.141538954030373,0.936466257821213
0.0331977314180208,0.980237345182957
0.0683873367422954,0.985472540525833
0.015223631463038,0.986044728279626
0.0629958068032924,0.963408717079438
0.0212268294506593,0.981600635723827
-0.0373131730825128,0.990813076967794
-0.0530576323489455,0.987489041446887
-0.0905012677383359,0.985575332449363
-0.0349774890266537,0.964295194362698
-0.0612965014876179,0.983477451661975
-0.0974787251804905,0.979239753792362
-0.101227329271042,0.988628425192981
-0.0509261958765429,0.989274448097585
-0.133031350927136,0.977286762883692
-0.091883590440155,0.980472849623776
-0.0278514219283816,0.986271006895502
-0.0771192233952596,0.985128127650067
-0.148974722434769,0.964458098028409
-0.0105959564380983,0.965949941105959
-0.063887656499994,0.970256255300135
0.00796784253951521,0.986660927799697
0.026132845751899,0.970838821256744
0.0668472438859138,0.911008499157726
0.0488103081010251,0.945211919252871
0.107376684119267,0.963794728242407
0.00402389859501774,0.952790832302629
0.0824514554776075,0.828680998013319
0.187490608527846,0.939410803030246
0.095831484749991,0.977377255214268
0.157595966745109,0.799260642629715
0.151853562964119,0.959847289630908
0.159719141249985,0.890866853928541
0.176894652089748,0.811676447102339
0.214102204695495,0.945459874881274
0.268782192895242,0.868454066650031
0.24998997688999,0.929947167047843
0.212572150732767,0.935427145459883
0.27499156444439,0.923358995868076
0.287197529495737,0.920873451969635
0.351085185995731,0.905791622112481
0.315117459150716,0.903617986479352
0.271196082877011,0.936959945609513
0.396260581140994,0.898460664691126
0.426304172575746,0.77106900200096
0.340547863002475,0.918153664532464
0.427381434262503,0.8862648856424
0.386519821380397,0.899808769894218
0.439105017721066,0.876653846169223
0.476468371465917,0.836249594232167
0.442919902117756,0.87563406406157
0.514336710578152,0.826064671427692
0.539826169589785,0.826803885473167
0.558184825737475,0.81189673146442
0.600293633977968,0.768788849504499
0.533163454889473,0.829809869494686
0.626377585005425,0.738083013368623
0.659607033556974,0.734415147432828
0.677904428769813,0.670388231282004
0.660146312244865,0.674316798641618
0.713231823325381,0.656088966182524
0.663055486015059,0.661957026076032
0.683386342470756,0.717482778050228
0.702455208127177,0.626434444670944
0.733670759290663,0.645516888878191
0.715303040753701,0.683359212503704
0.651674182081682,0.560434889359352
0.691036826841223,0.710847548134982
0.700602107143555,0.565422578623931
0.704220775672955,0.667821454804239
0.688285490597097,0.650651010380412
0.674693473678015,0.635208730499441
0.667152558749438,0.667152558749438
0.745817417663127,0.634630704238097
0.667411356577413,0.529146405747931
0.667227846987194,0.673670301976745
0.800717096198795,0.543106249729708
0.743687912781356,0.576775336059253
0.715097682583436,0.653380834166435
0.742988763041768,0.550364033011701
0.763916858479811,0.602181809309293
0.694387735775656,0.646773052343926
0.817300634745701,0.482145309695989
0.764545074337228,0.58323590313367
0.780833116806757,0.573951618040678
0.793986088743808,0.522687417741224
0.70555277821769,0.65793809478596
0.61232613831205,0.723239452919196
0.726275392837352,0.629200649839949
0.743241088690296,0.616643029059708
0.700696069444375,0.702408592711678
0.56055682493304,0.672519706451795
0.641299638149567,0.747904962302717
0.48995569197471,0.664650773868469
0.467006170738109,0.730135915374465
0.602863188101738,0.661700787692643
0.308391104173771,0.709104310229437
0.483225470819656,0.728138209542171
0.470673169945891,0.796750660915191
0.463961159163009,0.806054512663006
0.637799096523516,0.664079157023506
0.285124316938702,0.667747110672053
0.497027007997602,0.836326119390582
0.557765057804668,0.778083032272851
0.395159067547631,0.771653466855317
0.45216894817755,0.780463975652012
0.219434436777843,0.853110359251742
0.352393519483061,0.882487084771169
0.210226768477596,0.926292651298997
0.317901531985002,0.924579887752394
0.208548252137749,0.933463467333977
0.24619449532261,0.943548116789281
0.199192121460383,0.929588031116077
0.148684494232773,0.894162233745622
0.231574640289494,0.94895635315681
0.212572150732767,0.950508975317038
0.103799327289506,0.95670722559261
0.0864753540726253,0.973921734010812
0.0531432376847778,0.979329970378342
0,0.97758721272149
0.0132315668952656,0.970046297792912
-0.0100758330371631,0.980036698857804
0.024325212770526,0.991459099872398
0.00566862622926961,0.969618982792054
-0.0300676165515161,0.973522313787466
-0.156027109660319,0.972141821634806
-0.00566862622926961,0.99375583063045
-0.129027453179409,0.947605003467043
-0.0856510451752615,0.972941745279593
-0.00501002351192802,0.962300934064785
-0.0512499993675725,0.972715637194893
-0.104307631716518,0.954403043906144
-0.141465176478653,0.960647213275695
-0.120364644431254,0.963148705337803
-0.242837462642918,0.942388003987641
-0.126033270660523,0.815998937030601
-0.351958893012735,0.793081927656896
-0.247108005168268,0.931668035001053
-0.413889264325595,0.841264201853521
-0.218274565667631,0.918961693877642
-0.415510636055849,0.839993041628057
-0.396038860665596,0.880205227785578
-0.377765289889978,0.899783507333533
-0.396854188958038,0.869985909060809
-0.349555132033003,0.910840722548245
-0.352393519483061,0.882487084771169
-0.525942901861293,0.789598469812898
-0.388212783950958,0.879031563567714
-0.385633918252213,0.755046581760251
-0.350715003143215,0.739049885513207
-0.38280729377033,0.808566698849784
-0.318919637270336,0.853235211733589
-0.260734395705206,0.706167822669477
-0.448302804904829,0.857205659138169
-0.363756254023018,0.802348807380137
-0.462153526181636,0.831709897039036
-0.274332246629088,0.720811694409566
-0.546402808503723,0.760782853909465
-0.477495888950543,0.806511942039468
-0.477064008955941,0.695313249340315
-0.462712067198165,0.734010738200749
-0.474767823305481,0.684349645891063
-0.49742651437142,0.632182938778695
-0.341457927947737,0.709309058145495
-0.452090360956355,0.714722173446593
-0.415228958452725,0.417978961213297
-0.525046923312147,0.430838992603839
-0.302906845506945,0.501565203373647
-0.554584958224905,0.513661958170262
-0.473360587058764,0.164385010074091
-0.54126035362824,0.658742400689135
-0.451721723711011,0.0917761738203301
-0.841359822302868,0.339863344383883
-0.811980524462517,0.423590329594533
-0.699911737050846,0.365067957687233
-0.733907165223681,0.436497533370326
-0.804911783852447,0.425732405142352
-0.901711436199622,0.0507966719139246
-0.701942042692675,0.468567530945315
-0.841574913765775,0.23138176289602
-0.824616378980943,0.247376293415678
-0.841457927947737,0.312987862406081
-0.782532362848858,0.170728963973868
-0.85050061245617,0.207823557492227
-0.791330096932198,0.216794497682205
-0.650159203856676,0.238624410853623
-0.964809063666639,0.149071198499986
-0.791330096932198,-0.058925565098879
-0.911717135368606,0.175423512334723
-0.900383493046616,-0.0216577654738825
-0.769917281883408,0.0154368280444765
-0.877834900583188,0.0245672508782199
-0.909426177555049,0.0310468621955905
-0.92769432650953,0.0845449018232141
-0.854777004285294,-0.128766615988018
-0.831983461396774,0.0198727025173659
-0.877199338504182,-0.0263523138347365
-0.870387038436408,-0.0852778789336155
-0.895039757095955,-0.063620113459733
-0.938923642267234,0.0257341872953432
-0.895353201230642,-0.214514592341951
-0.873886988794741,-0.176252553286366
-0.855994310325895,-0.250723271131013
-0.911877193813415,-0.327793562802182
-0.831575440520124,-0.263017803134912
-0.892256546827804,-0.363682476471298
-0.85635869390685,-0.395014469876238
-0.82683313158264,-0.362194608609871
-0.796904561655374,-0.385012414390795
-0.872480299473023,-0.449180850758229
-0.920384940893785,-0.27929580814946
-0.784697862239922,-0.313696853957149
-0.920224287205815,-0.307641896727856
-0.894371277117241,-0.388167571801797
-0.910752258733796,-0.36989595564833
-0.915630825689712,-0.296304644269316
-0.889337326249844,-0.402903981376294
-0.895608061532321,-0.396184127936818
-0.893620226574892,-0.410452960836788
-0.89281598551744,-0.426067353728377
-0.870903460878174,-0.422850920383271
-0.86997465937816,-0.447386519633264
-0.816827632135931,-0.550658757702122
-0.855548185892444,-0.463335153353373
-0.846872658373821,-0.448631302419298
-0.752800261648025,-0.33149365849866
-0.807805042973571,-0.561074274674253
-0.78524042731215,-0.55528083056754
-0.834690005369992,-0.507508450879888
-0.753738410194756,-0.628017692982535
-0.763841504876658,-0.596781713406464
-0.747876053310414,-0.574982296910738
-0.682823774593991,-0.694707240612527
-0.714055843684354,-0.677336605367999
-0.647131430643489,-0.750334568066556
-0.685575588536195,-0.706910211467935
-0.61543065750343,-0.679434526298649
-0.71382097827348,-0.679419932465791
-0.628859814490022,-0.766715549683111
-0.618886040906203,-0.751544786568709
-0.617636948941359,-0.756424089029529
-0.632136859605808,-0.755456679987076
-0.619140564602166,-0.753568290098927
-0.557030418621171,-0.813800126249291
-0.566343630636138,-0.805349969609733
-0.567102883411827,-0.807163369775871
-0.53193693344303,-0.835885076307068
-0.554444676365141,-0.814533254129831
-0.451758002125485,-0.860611744820894
-0.461901716568245,-0.850373298347178
-0.528203263050008,-0.832368776020934
-0.544070040399269,-0.82052984763203
-0.407633183096003,-0.873604208365576
-0.403716475003115,-0.875749735166859
-0.429579987179273,-0.874495195085704
-0.332947367247663,-0.777335554837785
-0.24064743809385,-0.783244780099018
-0.326081265120211,-0.920441159187621
-0.299165726377906,-0.842862195997202
-0.288004921444258,-0.895304110505329
-0.291575047357291,-0.932338412624122
-0.399376440324645,-0.889861085358397
-0.287226911209712,-0.934139469587494
-0.323858792002565,-0.892962302592424
-0.227116221653914,-0.852912249755915
-0.276138219312814,-0.903623396657373
-0.21107164246556,-0.940694029108038
-0.184833306790459,-0.952686881655966
-0.137444300670783,-0.961453889868269
-0.151853562964119,-0.959847289630908
-0.0787180420925681,-0.973522313787466
-0.024325212770526,-0.975217129257001
-0.118787714129527,-0.959157159110217
0.000147214748091313,-0.902036729641366
-0.0300676165515161,-0.973522313787466
0.0730494158632985,-0.890355067494839
0.024325212770526,-0.996052561388501
0.0952199250838881,-0.981398396988292
0.11745251715643,-0.975863152161605
0.226479909129145,-0.9585552438217
0.15043226098277,-0.960807866963665
0.160121763019909,-0.962943944033746
0.283625213952887,-0.937877417921983
0.336613092202858,-0.81573508579333
0.32142179788499,-0.91580607321054
0.261517267461604,-0.937956311986691
0.456912775296516,-0.861429884472578
0.29843178208756,-0.862580485084685
0.356366099820628,-0.745498593612074
0.315823991775393,-0.774395660834983
0.458218755382019,-0.770046866617956
0.470515473689969,-0.774222599618207
0.447838011340843,-0.772732545452729
0.578283962666681,-0.725733297551485
0.567046298725579,-0.75443614314864
0.597802861682928,-0.742718396196762
0.652355573564943,-0.673690196496683
0.551585884743062,-0.786553489767444
0.618517450227864,-0.768870185323381
0.61072999859387,-0.723456633228465
0.698770460546277,-0.698770460546277
0.607775170544241,-0.779958877220278
0.599438849903971,-0.743152491038352
0.581715895957362,-0.779150194967592
0.625545661443908,-0.757284514828012
0.620235383843008,-0.768814413275632
0.596608730598773,-0.785843541440484
0.451485874939569,-0.862063827731707
0.554005607782576,-0.710958106449646
0.444417208047892,-0.856125982116872
0.490194314941547,-0.858892427468126
0.479951663972411,-0.834164480583784
0.514318085118066,-0.82382128939244
0.346736610993491,-0.905452393506771
0.267372389582426,-0.918221321861269
0.27519655733216,-0.918976822719325
0.332603233602034,-0.7978823280422
0.163939162675917,-0.933067335447696
0.248395920010465,-0.91721584961467
0.322747024566998,-0.849273732485265
0.181128453396016,-0.831977385674858
0.110059541546978,-0.846840585822728
0.0924811118974147,-0.940590362120561
-0.00178506295651653,-0.865188963714568
0.0502533095000038,-0.846240068488456
0,-0.689616948875173
-0.0643329730638142,-0.84527166306905
-0.0287479787288035,-0.784991297831943
-0.0961933647238754,-0.791575047357291
-0.0887938751297312,-0.807607736022115
-0.00212132247303504,-0.730039172623982
-0.250637166122761,-0.913870555823447
-0.0279199296549793,-0.817474604374064
-0.0812116297168749,-0.925861773322721
-0.116062037099275,-0.754711771771181
-0.167511917222299,-0.789024927032579
-0.185708735567161,-0.819252426144068
-0.187663583296625,-0.695859879494104
-0.0907487228591955,-0.787192218710517
-0.0376557783975541,-0.654824358579357
-0.229442115494823,-0.757244204561981
-0.108785658644084,-0.707928303413302
-0.231980579581504,-0.640337560610198
-0.254510827182539,-0.726087378605594
-0.356303393353846,-0.476904526312176
-0.192386729447751,-0.617177990728821
-0.170728963973868,-0.733716826379949
-0.215032853201487,-0.779774452163016
-0.337163640074724,-0.467283921650548
-0.058925565098879,-0.541330096932198
-0.310237859645509,-0.669291255759926
-0.325847893796623,-0.696449026754953
-0.217571317288168,-0.602186701903553
-0.469543680384026,-0.580867803114792
-0.340766238225589,-0.717260637533275
-0.555293498379422,-0.658496635802489
-0.480350344526498,-0.536086013265926
-0.405818516942011,-0.517142639672777
-0.468479546319844,-0.335968015405429
-0.474154523551604,-0.7614223231766
-0.514172325937172,-0.514172325937172
-0.428088989843267,-0.669291255759926
-0.431111365445211,-0.415495248253163
-0.585957922426593,-0.393571192978842
-0.534303702342502,-0.510069140214686
-0.691210899006492,-0.389374726830749
-0.595520225254939,-0.483716826379949
-0.689796209330945,-0.425640917881999
-0.738238168634166,-0.277664608381366
-0.681450617200768,-0.147520133707946
-0.452090360956355,-0.375167284033278
-0.390242013452489,-0.12886354716669
-0.641624821530907,-0.215410538182826
-0.523564059092625,-0.25841229769496
-0.551632451124722,-0.233974337160439
-0.445296490923064,-0.254510827182539
-0.359053396114418,-0.163916663906095
-0.441074434901121,0.0244077682344544
-0.451184463531091,0.0400178023855684
-0.321785596489421,0.126648864281098
-0.286132022210359,-0.151216115159318
-0.686383388203362,-0.0147188535754848
-0.530241405035301,-0.10968564716807
-0.43357168868644,0.200363755538772
-0.180323840058688,-0.155641119015645
-0.196368184961542,-0.0688020916153781
-0.367851130197758,0.157868932583326
-0.346193364723875,-0.0332055023177947
-0.300127831015539,0.346193364723875
-0.142258898432212,0.058925565098879
-0.29408009969277,0.325847893796623
-0.308925565098879,0.541330096932198
-0.123351135718902,0.218106792228835
-0.179526698057209,0.420728963973868
-0.345561113670223,0.700970369009169
-0.344248819123593,0.653592540754202
-0.297377828254967,0.50131229454663
-0.143472674998462,0.612503425459122
-0.268245951374788,0.712690395819233
-0.122689315255973,0.75685339390596
0.1,0.610043454047395
-0.150526370839733,0.676140737234226
0.15862837553396,0.876281479652914
0.0700041136126737,0.95275657446178
0.153626887124416,0.924836644806801
0.177669545013022,0.912954861588331
0.170416324109963,0.845758557234917
0.245156803107022,0.951697507769477
0.326654402245124,0.935781652057086
0.386981245075381,0.913010582392889
0.406234715903625,0.902245888969928
0.429285287261487,0.893144227892198
0.495169289721092,0.858866059354871
0.476023398851265,0.870998778878818
0.535825316775145,0.83628976178124
0.582575667108468,0.80542334761477
0.571406682903869,0.805020555015957
0.552407972726566,0.812844434321945
0.582793720841779,0.801878049500372
0.611179218415265,0.742138952912799
0.635464721008438,0.732081567967571
0.585768919756277,0.803015982302205
0.57880887146908,0.807904517867595
0.644346103696709,0.750921175389892
0.633469661485032,0.759566453414292
0.557944158482054,0.821630722812756
0.571839179323607,0.804193276355642
0.587978831331938,0.796847358992707
0.542636509863846,0.828032748832684
0.637366674852591,0.760319507317399
0.567695521017288,0.797631401884949
0.524506953024959,0.834570042573225
0.528879877467345,0.838626726383322
0.430271538525748,0.895367645393883
0.504493513316877,0.852140821724341
0.468217793751535,0.866102314229511
0.491164350659201,0.857854028657413
0.415514717783886,0.900716823682009
0.462611124341831,0.878306707517168
0.412039808320364,0.882186434532697
0.358094692046203,0.916295012103494
0.304471486338895,0.94151725622238
0.268823356208058,0.894944894316267
0.292133663505298,0.933724319724009
0.28017385400286,0.919417610613242
0.211996869284088,0.965251629360652
0.241739402707063,0.954204448137965
0.255160703854435,0.953812641955366
0.20474607401813,0.949335311099174
0.226093945830028,0.956917183099832
0.198242523901647,0.890686890531568
0.167538521412382,0.951078068756026
0.109063051645257,0.97758721272149
0.1676869837895,0.964038183013965
0.224681378555239,0.929837597605953
0.0344010458076891,0.938923642267234
0.11430968720196,0.849125464832386
0.038734475063862,0.957280343172069
0.0263523138347365,0.995723608170876
-0.00879773408334035,0.899071198499986
-0.063620113459733,0.969330405920855
0.0263523138347365,0.889818556695084
-0.0700997247771036,0.964377281624108
0.0433155309477649,0.933588995364411
-0.099009569702606,0.937236437976673
-0.206377094104706,0.946955854952728
-0.16910929447971,0.947200805377821
-0.198897992393348,0.936598797381513
-0.191057509001767,0.952376574792618
-0.167931276481569,0.949670435030612
-0.185629780703586,0.946591079163576
-0.139706207174922,0.94717563472148
-0.138900432840856,0.959035813747345
-0.119870707432519,0.966414702011144
-0.0399116707895122,0.976345823684108
-0.0507565835546179,0.964377524968657
0.037372721411392,0.981754060051638
0.0448981373085293,0.955785087139446
0.0706841810053742,0.971189177038347
0.0986247583772395,0.949661976397675
0.157719293446032,0.967669403883793
0.16480991356391,0.968474556798076
0.0773828451194714,0.97314650658365
0.171010063731439,0.959650519028527
0.0556817544279115,0.980067355367479
0.156940042241847,0.976224945072356
0.0185915196500275,0.967342562790904
0.148884553210662,0.969130829632139
0.162367567713102,0.961532542134135
0.0894516379572682,0.972573450780271
0.118128140063247,0.976574278408245
0.106508135495904,0.983859309851501
0.102639844671058,0.979752907837855
0.176620047819294,0.960440869425941
0.0461317091751543,0.958394909101494
0.170503135663761,0.953886309905397
0.195525924617324,0.957294968876225
0.209158519560985,0.917865921028374
0.250782831707099,0.946460319054916
0.256730964034035,0.946260672074364
0.245447443644652,0.945263498385054
0.336447273228999,0.919155161345236
0.373801218395565,0.902603464516234
0.404351506592773,0.888769560395281
0.423360243830928,0.884525779338571
0.461244859656666,0.852388746016951
0.531017670563746,0.832380569459402
0.634909080847356,0.748423847190422
0.649836997710587,0.741391672001739
0.671942458486389,0.710775298947149
0.732523962547807,0.63996084189368
0.745505164634196,0.515548297658974
0.764261527883638,0.590097399569301
0.830720922354117,0.503152924625049
0.838374691028002,0.521002554170301
0.871608132478946,0.448086671364495
0.886009295645769,0.4037467838334
0.895064706026773,0.392762612259335
0.898195220341879,0.344471178017052
0.920004075119979,0.305160835497205
0.955991223767726,0.153083938963288
0.92948628162399,0.220520885893603
0.971873777255268,0.0991378149805946
0.951419195563045,0.135346404433679
0.966727747892932,0.0230498252634825
0.951215837999103,-0.0168237303754802
0.934976994172145,-0.0505824664828518
0.953132652673042,-0.124155073616449
0.899776216805353,-0.195866526554874
0.914506494710793,-0.218532057439029
0.89074832562698,-0.237328302783173
0.904283102492037,-0.305566214303383
0.918738235508662,-0.323284826180809
0.917685945528039,-0.313885953404716
0.831561818926483,-0.417410028352147
0.860508613460876,-0.429116371703412
0.823717111264419,-0.467793811621329
0.814942816518755,-0.476991785523833
0.718803913649803,-0.624045152963446
0.696915848683426,-0.639253277066096
0.601008359648254,-0.752778276190885
0.5771279887017,-0.76510499841975
0.490988613888848,-0.767158908967039
0.474325051726479,-0.841216319947711
0.419361931880149,-0.848634086883572
0.30270628696383,-0.811702895019342
0.31279648371677,-0.884200833991171
0.229913002339346,-0.868671864090321
0.159589298874058,-0.933396411190943
-0.00490592696526196,-0.94371812507525
0.00566862622926962,-0.933219408334036
-0.169583544228649,-0.952161571923769
-0.173920996937568,-0.955592742259245
-0.216579093617846,-0.947125844768206
-0.264034631031199,-0.843709707063455
-0.415591069646671,-0.882266939974018
-0.510817018589848,-0.676225454634524
-0.520578953490346,-0.81612876680047
-0.651858884616799,-0.703838638172483
-0.670818072396798,-0.680800402410098
-0.669252771342188,-0.732457800775972
-0.697030521333974,-0.71122813605112
-0.718887050084312,-0.681047538483575
-0.749492703288557,-0.630937178470336
-0.799918831224251,-0.572803212354633
-0.832622620592197,-0.52670608945966
-0.839874705998303,-0.497469148578072
-0.840568101270394,-0.480131438791639
-0.895535998696448,-0.412601728595833
-0.933399593992591,-0.336060688199971
-0.949505854218793,-0.276997028158096
-0.956817006259674,-0.240696234406854
-0.966195460215556,-0.235910028911106
-0.96548950890549,-0.244643535669411
-0.982049986223078,-0.12255672120676
-0.968656113370395,-0.213917055521466
-0.974046339684771,-0.191163129977237
-0.947904484107524,-0.189920564873882
-0.98183595261724,-0.0969843359553959
-0.957093758655218,-0.0785674201318386
-0.97808940801872,-0.155531212494083
-0.973016348723718,-0.0682140334878263
-0.980030238874261,-0.105666184592171
-0.981638696810669,-0.0803395070462842
-0.968867564975157,-0.130935174173039
-0.965625609665006,-0.154437878213505
-0.965829948525909,-0.140763895775027
-0.948365042118022,-0.220108661341713
-0.952372292871515,-0.239623453346946
-0.957717787990054,-0.194212786868423
-0.955486505732558,-0.250978883209333
-0.935373065608436,-0.337466526096662
-0.951014246772158,-0.255914372315946
-0.940076695400953,-0.305030021756248
-0.927118681101037,-0.341812239855899
-0.935311873753254,-0.330398252413591
-0.955253828114805,-0.237817161587684
-0.929871411484343,-0.309791300045126
-0.956448420644931,-0.251902635308328
-0.955826719353992,-0.200504215443034
-0.948731959819337,-0.251872261856176
-0.942210838316622,-0.253043579890311
-0.948464450922619,-0.235616750749264
-0.931888253470722,-0.284576029194557
-0.920224287205815,-0.307641896727856
-0.974106356839906,-0.169192944070692
-0.964759301274793,-0.189331369918402
-0.935025949728672,-0.27478681369913
-0.971163814838896,-0.182126557980074
-0.973302838550466,-0.176780969599002
-0.891008304956154,-0.0914333903318873
-0.982429090516019,-0.145681962337886
-0.976047323951468,-0.151667306919076
-0.978081687471327,-0.0670263210402505
-0.982227342147605,-0.104620185164821
-0.99375583063045,0.00566862622926961
-0.990412478628717,-0.0256340362585527
-0.964352889005231,-0.000708220745149963
-0.984301970622773,0.0461044188649705
-0.916894540968226,-0.00031746405360505
-0.989894853391633,-0.0171588044112363
-0.969967610011564,-0.0170337450148851
-0.990536364017597,0.0173239732168809
-0.982005649773406,0.0519719196506428
-0.978730091966924,-0.0146198550331161
-0.958139361312013,0.0654139743994582
-0.982605528184824,0.0745596172232741
-0.965780940670817,0.0478795133290274
-0.982694999251222,0.0837635494602577
-0.956086212119709,0.112716767387758
-0.88698045474881,0.193791697695691
-0.845573277645973,-0.0784054886442649
-0.758857160781106,0.0416466023386857
-0.879184772519748,0.0698410508891389
-0.969618982792054,0.1231211433857
-0.904538221703474,0.0955796634643333
-0.823667706168898,-0.00245235907842917
-0.912885315095874,0.0582664903818205
-0.904538221703474,0.0186565865412564
-0.975012367952944,0.0160570127147359
-0.890592981846128,0.0688020916153781
-0.906834952461526,-0.00812098530769878
-0.914955937769224,-0.0344010458076891
-0.969618982792054,0.0429817993117824
-0.817474604374064,-0.00166675337167039
-0.920453536955191,-0.095831484749991
-0.74971151165617,-0.0133800292723835
-0.884447683183916,-0.216089167066327
-0.885237697091958,-0.230999250301439
-0.761503629863797,-0.265356968533205
-0.738505118016915,-0.17646772447881
-0.7829901213105,-0.345394534029043
-0.729335334951501,-0.418119675976769
-0.717190706718513,-0.382670594361388
-0.693666255868058,-0.330385494184412
-0.604263428757345,-0.539223817852804
-0.459309058145495,-0.53659466015606
-0.65204191783319,-0.704587062858897
-0.533620606009169,-0.663961159163009
-0.653840704252578,-0.705423277970285
-0.561550154192139,-0.765484620483802
-0.421034205798528,-0.874251051207283
-0.420082989457344,-0.774370190844524
-0.557187559082211,-0.766016502600946
-0.540818524845985,-0.796147857809012
-0.455500396185972,-0.862616541519378
-0.511873626778674,-0.848289427130611
-0.516525503627076,-0.773244673656503
-0.394272107177924,-0.89462832960231
-0.384218408325119,-0.877064764146347
-0.389339733809687,-0.889428737588518
-0.447895869933914,-0.840845280695688
-0.29897503821551,-0.894707178326038
-0.296335675760969,-0.881996499436747
-0.307069661960681,-0.884188885355941
-0.123602952027852,-0.901054429942028
-0.0185637989776135,-0.868785796925941
0.0132315668952656,-0.856775837962419
-0.146190649600484,-0.864316752890997
0.0477377475041495,-0.803345518265719
0.0532917000618957,-0.943117238813004
0.219324867335953,-0.810729805016927
0.178282940227599,-0.806058253227587
0.0569924031485626,-0.873262312670781
0.24891563814964,-0.932292711125013
0.24064743809385,-0.937090933945172
0.330690405188426,-0.875280338075628
0.333376084023199,-0.891179654534442
0.329470530111176,-0.882507049932708
0.369424880252288,-0.877621176449767
0.489078312778683,-0.824614943460826
0.401322366062325,-0.85032292510536
0.474755155493599,-0.837373497900714
0.452011558037042,-0.827775216656716
0.474915038053572,-0.843435666801651
0.501766047098898,-0.823045315248039
0.330621150202873,-0.900336158078497
0.625890555164291,-0.743343072320721
0.408638742712994,-0.869514784974926
0.580382310062053,-0.779586194490612
0.628483143863306,-0.745223809846082
0.653909228885996,-0.737607606679748
0.646245165964702,-0.749754265052212
0.66283376553966,-0.726721422039654
0.628396092657374,-0.743901599292181
0.671430643441337,-0.625201100905626
0.72298065509122,-0.678903719884985
0.732143209823409,-0.652682954541489
0.715075984623871,-0.669944902027186
0.726201586358755,-0.649918293387796
0.776062276439468,-0.561433513390052
0.767591145252048,-0.576898292197639
0.807212609045051,-0.501892293332951
0.83134663885567,-0.492365137513963
0.810164332742911,-0.444630906485886
0.842351316119605,-0.459546788209558
0.810968868518105,-0.516974230847828
0.902703594751118,-0.344106240844562
0.805510916179707,-0.365969496849515
0.89769403960478,-0.362034726049898
0.910788495253466,-0.247181782719988
0.926899325964123,-0.210653599094055
0.827841252865098,-0.0643948848074847
0.925861773322721,-0.182226884172096
0.928204409390991,-0.242022134350475
0.924288271889197,-0.0887938751297312
0.860167857022095,-0.171845346478472
0.862000565344157,-0.123035038377447
0.961453889868269,-0.0401434495886792
0.884304704860491,0.0225302476010348
0.952482120351909,0.070449842036778
0.959733987605946,-0.039306972772951
0.94498581116817,0.12319492093742
0.844321137831785,0.0887938751297312
0.975637044076904,0.0344010458076891
0.847635410666908,0.114454284873354
0.924332379505284,0.108871763652337
0.859101179365179,-0.0277987772222579
0.983984137469303,-0.0142493797333629
0.973566421403553,0.0874586781566345
0.975637044076904,-0.103203137423067
0.957280343172069,-0.038734475063862
0.908937876484375,-0.0916322248528344
0.976089260246305,-0.0830514713487411
0.976089260246305,-0.0830514713487411
0.941264480641372,-0.181921179515635
0.83013798362315,-0.00612839442566414
0.9835642226494,-0.110288811394091
0.924958209794125,-0.326294459816366
0.937090933945172,-0.131861779449766
0.883150320792532,-0.214753368238534
0.855800503590693,-0.292209990909726
0.916364288410674,-0.34874720112788
0.8898523939801,-0.352231859259586
0.827492975045728,-0.488397651277931
0.764163187102186,-0.459631035289913
0.761315799019156,-0.495624984861352
0.754414106279783,-0.609060627713945
0.62859908940279,-0.648802112174504
0.681776562282431,-0.646074639717807
0.694208575649996,-0.674208575649996
0.645449029125973,-0.743600767992667
0.590011205519389,-0.748187763042929
0.563713928317407,-0.758793347194323
0.507112650662485,-0.752271397973479
0.500791778446413,-0.822595401262162
0.408073250307897,-0.860915183398379
0.558095029508901,-0.746997100824946
0.440906908315894,-0.836061568689571
0.373024126489909,-0.876542009020841
0.386931793615137,-0.884837122790653
0.399934465746212,-0.89629157336756
0.298547542762571,-0.934239237148626
0.243832461937785,-0.94017542842235
0.201195397310626,-0.862650597839152
0.0970142500145332,-0.777793659668235
0.195466028460364,-0.96593028833473
-0.0474422586048027,-0.945486083632727
0.0406557814090871,-0.899493380999992
-0.00523482853133657,-0.974266688415642
-0.0574791017113576,-0.985477586877257
-0.072975638311578,-0.98517009581026
-0.0454215799143075,-0.986621953693044
-0.16436908726783,-0.954358936290058
-0.203068595283925,-0.94421226313111
-0.235274783629453,-0.952660669102852
-0.160662506354961,-0.969904888730611
-0.253285970958672,-0.943975896758728
-0.343285223305023,-0.912716694340961
-0.284386980030356,-0.945395068477889
-0.375803236029491,-0.912693313349265
-0.362793683386453,-0.919146382910421
-0.284743510230414,-0.937761063153151
-0.349426167197943,-0.917899737502664
-0.369440165140867,-0.91774555597915
-0.371958318971377,-0.892645494904525
-0.385411072847351,-0.899549508762284
-0.350846121026943,-0.908638978515408
-0.372726004807175,-0.904571801952696
-0.43634851876662,-0.855552017314277
-0.253092142277888,-0.936890374262184
-0.366430697733402,-0.896752555064825
-0.346843327420635,-0.916548387489394
-0.298394590309464,-0.933877111754049
-0.279454153618522,-0.944900953541937
-0.378787155670632,-0.837578901132246
-0.271254157988104,-0.926371159403563
-0.243485787816954,-0.953603120261358
-0.151853562964119,-0.922681671651836
-0.247892994624847,-0.934838310803208
-0.304956217893082,-0.904324970747001
-0.235450076507394,-0.911199858480011
-0.162354751707152,-0.920704451534494
-0.261839952199645,-0.82756492199692
-0.0695783084666821,-0.819858197514415
-0.149992827720103,-0.867367127987754
-0.0904371269105958,-0.710567922385865
-0.0921660060393134,-0.78168178782317
0.042681913675361,-0.756964719599028
0.143346587011746,-0.910810873445182
-0.103043254863094,-0.722563673791339
0.0225302476010348,-0.762321132735344
0.208238983168196,-0.714216580398939
0.0568087163954554,-0.706392289331776
0.234233134988414,-0.760871095114148
0.176894652089748,-0.700763132495193
0.168926809550233,-0.743688887722145
0.422006875162845,-0.743505378131926
0.337346736839008,-0.758377250481859
0.326323852789971,-0.715410538182826
0.325633460938294,-0.727951713226414
0.43719035721584,-0.80091236875719
0.567694488223997,-0.754930910654962
0.472799664176515,-0.770783756255982
0.444879734521536,-0.652722993817699
0.382039177376133,-0.525771755032553
0.577573734959485,-0.689228596923414
0.570347486769814,-0.605129838209935
0.478851241540682,-0.70301318309279
0.613038307076598,-0.585900891345825
0.514855486880853,-0.748049418861761
0.526396170873437,-0.776360218944282
0.618812905850178,-0.734362725033564
0.501091694525923,-0.646449376738271
0.613303519685186,-0.565836051001548
0.65769357279999,-0.691106597704518
0.674839947397524,-0.705661905513136
0.683860467381084,-0.667353283358183
0.638572943907293,-0.624383882650362
0.653337177891593,-0.697244071477725
0.664642093563316,-0.692829879322592
0.66428431531008,-0.583462357194468
0.673241532037186,-0.690067681347618
0.656559055384923,-0.619291255759926
0.649599537879901,-0.714509248503855
0.615139535741662,-0.747868454684364
0.722843767317481,-0.682187985908394
0.721343938433399,-0.676608052023587
0.712155208636343,-0.676151017441523
0.714605276674338,-0.693270653742598
0.719403499494497,-0.685002453686808
0.704224532633161,-0.695956332577371
0.736351225874515,-0.625027103143749
0.733072274107428,-0.658320174944925
0.748236617914027,-0.649831703311119
0.80189076041666,-0.550932326444345
0.790933245061421,-0.570229869275763
0.823641776673598,-0.537612926763288
0.787158236454504,-0.585366659943458
0.820880907781488,-0.532505538425173
0.877120917494107,-0.413334906079809
0.884150155352963,-0.402896338932004
0.892307225466012,-0.382368279900148
0.894385870950099,-0.392980388454814
0.91860514640027,-0.335311914713216
0.917052524240042,-0.354314404269943
0.919734474229479,-0.350870962078917
0.920494502906603,-0.379282338066337
0.93049230415245,-0.353462045762741
0.932841280750535,-0.275989072182271
0.938964009871177,-0.286991510496161
0.90694042303373,-0.336887004549311
0.954176935821444,-0.207510769139585
0.94347290187635,-0.240170748923639
0.872815814148105,-0.117786971204218
0.923732896312269,-0.0658570605306376
0.965403347427621,-0.125696124365863
0.92986307775837,-0.186338998124982
0.797932439703503,-0.194015144926925
0.969045488014772,-0.0706432088323044
0.958044546849626,-0.121099215171091
0.80999493250003,-0.0214079343515753
0.955442997698078,-0.0224180745331159
0.968441516665293,-0.0182212578629963
0.940553814893422,0.102371584912591
0.949890056828749,0.115432037668651
0.935669451121466,0.161844776970399
0.887278596776612,0.0594132230658921
0.949933880790803,0.217039448107298
0.943941220224308,0.168776294075723
0.935624397881588,0.217925529110121
0.924551618944131,0.295218131739071
0.892856976631199,0.368025999405546
0.878106821209328,0.369275374638885
0.870809354040549,0.417676277191702
0.806977201492874,0.546982941832628
0.785581275701573,0.43023950698798
0.809571920947425,0.511904891677045
0.75256650955132,0.535494553651256
0.715936555393052,0.638429546297625
0.679605958663756,0.596044280278946
0.676015684231916,0.662920816745593
0.633185671341825,0.679386268327834
0.5833927697845,0.68107451749638
0.471840813599403,0.778484343751687
0.389678670729289,0.807984830495388
0.331715388070538,0.773030132074039
0.0669169251659666,0.873579789911958
0.10579917509346,0.923376302749107
-0.0119080504207485,0.962804811437955
-0.0686921164376018,0.972105777667905
-0.119444784166541,0.954285901742991
-0.149139988047992,0.971116621439966
-0.207283860930555,0.945792946241593
-0.238492315538629,0.94908573760428
-0.311122215466425,0.931060877137444
-0.349522310235155,0.924001626841522
-0.384175455346517,0.903713066287424
-0.459789553317735,0.877785553148703
-0.493800384711053,0.865827830733986
-0.531596178611333,0.842968501190484
-0.537519237305084,0.837476233614119
-0.542559265039504,0.836534715632351
-0.571406900257384,0.816776570675231
-0.597146180232894,0.794276037730699
-0.595747926413235,0.788807047244191
-0.621326289349478,0.773520460991061
-0.6043332724454,0.788473888534662
-0.652217367553625,0.747445977431044
-0.670359887534425,0.733951390846272
-0.700100096376318,0.704034562667981
-0.711502361523268,0.690594086442462
-0.690775940421869,0.714891472203715
-0.707842805651967,0.697744777633299
-0.735633317298192,0.671961409955602
-0.75247093207213,0.653814417422273
-0.758771548434154,0.6409608432863
-0.768408713606546,0.631525846145419
-0.777410161314172,0.614761405962444
-0.819371736102521,0.55914885167508
-0.787003432094851,0.597337289234229
-0.812525828874646,0.569063397693423
-0.87194166108583,0.466770776664678
-0.874502226001173,0.468542505529569
-0.886910320137945,0.444704666188377
-0.861455360195228,0.490817343637194
-0.888824954130396,0.434013118802891
-0.838681563583593,0.359602346415688
-0.887748538540887,0.437190931680861
-0.907635990170038,0.386220199562644
-0.893950863382302,0.434084525970781
-0.891771832861015,0.436520193784583
-0.88092089912938,0.441953863545737
-0.887858811024721,0.416535579875533
-0.849579027364223,0.469416675991319
-0.868144378835282,0.45246066640534
-0.836046007154477,0.506249813727038
-0.839320356147419,0.515592229817234
-0.874757065693016,0.454556830234185
-0.833908295612436,0.505695200576417
-0.834578986865176,0.530938106370412
-0.803167691623082,0.569192339218115
-0.752131219904568,0.589714622668606
-0.736198942804745,0.618982188143024
-0.793708450645448,0.601317318037847
-0.763424826285363,0.626134879306383
-0.785091188386185,0.611455920248691
-0.790378401024989,0.590528562938942
-0.828750918131327,0.531013055705413
-0.812684960713228,0.570261357639225
-0.82578538646853,0.540302342443373
-0.820885978495175,0.519777763680587
-0.808312166418264,0.508927270032185
-0.809933448926826,0.559392247267017
-0.815707024838264,0.524961984571734
-0.83549071036414,0.487559407750442
-0.810200998825687,0.557440804264922
-0.831381836715311,0.538454113284805
-0.807906155341368,0.553201114541144
-0.824972387490027,0.510274212162439
-0.856434432647422,0.498287657845725
-0.850292422483888,0.49559130545904
-0.833018341962811,0.532619459471763
-0.862284694319286,0.48877432070839
-0.856435921614431,0.492982356770839
-0.878726936124254,0.459063329118186
-0.842520306222315,0.524286449072562
-0.839444700700075,0.495772911600538
-0.866491687176514,0.456955975348409
-0.867093485334255,0.469514404608479
-0.882223479583939,0.43719782709191
-0.894772632722769,0.378883679609781
-0.900824228918959,0.368726295541879
-0.924623941986716,0.311815443424055
-0.926166241992227,0.275676518733968
-0.931395334201144,0.310702671438263
-0.939419966052722,0.27772695106467
-0.920001998098456,0.256161194680637
-0.943360651716435,0.273010148240521
-0.802853620818042,0.280026639254769
-0.943605319015511,0.269306080120549
-0.963951641918233,0.185596006054467
-0.983984137469303,0.0830514713487411
-0.874908380690624,0.148897992393348
-0.964306372694316,0.0759820626375144
-0.980161357270523,0.0170564975386354
-0.845979270201953,0.0481832854152565
-0.920759819877039,-0.196908071701967
-0.878223036600411,-0.271523596632991
-0.738238168634166,-0.0852778789336155
-0.627961158827728,-0.211294492161061
-0.808834710078318,-0.190661815579702
-0.560106315032439,-0.125322058755664
-0.604987308474086,-0.280872738451187
-0.538739576815392,-0.403983152408117
-0.724780313247919,-0.403352839088447
-0.593727349654142,-0.50529005741324
-0.594795021351166,-0.498077778506614
-0.636519639272953,-0.531001541386308
-0.479320288244227,-0.446838413117464
-0.440401295432184,-0.561247378815607
-0.300577558768121,-0.714277114989617
-0.162003173553003,-0.815349095148656
-0.0416237484168554,-0.932960046147549
0.0307760169228711,-0.823361019154022
0.0113336423219902,-0.695167588111493
0.183919778251202,-0.829454294968713
0.172781911306458,-0.964234890019993
0.160508094019933,-0.940844565821469
0.214913250798507,-0.904833100799078
0.201391818526199,-0.926398999514542
0.316591101437236,-0.925156658966227
0.387259783538911,-0.912934618864651
0.342932026202107,-0.908368216289481
0.322880124961145,-0.906235383329668
0.379437750269424,-0.871510534761293
0.455450380143182,-0.883831943496255
0.526692116923835,-0.837254481013177
0.497234771085496,-0.840167847941793
0.564710139064599,-0.804866619103518
0.601352252973496,-0.785548444577777
0.601053457480063,-0.787461324161991
0.642416955917885,-0.72682195018472
0.709014837563604,-0.672531385196814
0.726874866311519,-0.64228515570698
0.738024672594619,-0.641795990653308
0.777328799549771,-0.572011969123257
0.792778781659757,-0.57503519840874
0.812903055771568,-0.522305909274561
0.796299168567733,-0.561850006339301
0.855878524851142,-0.498388137339695
0.892685856165026,-0.417503547783449
0.77109670013581,-0.320866848139494
0.929893683092255,-0.319052011351533
0.933013855883601,-0.294095674559673
0.954034647849774,-0.246099329729141
0.946441985209915,-0.235082908411247
0.968722433886326,-0.150203125703634
0.946433753691567,-0.175654826329015
0.963813789676492,-0.0789215537109257
0.970311468525683,-0.0923429516658758
0.976491529240233,-0.0140082953670131
0.963631522826895,0.0616180480885244
0.985573261779811,0.0977718448272708
0.961975995096112,0.187731781618673
0.970165762969559,0.146262917822401
0.962504361600157,0.208827057847878
0.960053135630881,0.219043524755939
0.956446689135884,0.268557439555345
0.956212870800918,0.280772277119973
0.939938554480141,0.305788408994601
0.905908087194701,0.399563722425701
0.893320808089785,0.407065181061941
0.903251145731203,0.400957034763405
0.899583124851149,0.423626158800284
0.8961046011351,0.43306993339198
0.891618764573122,0.440434292834123
0.865027202769877,0.487367602143586
0.870936467107544,0.482929245198018
0.833559396227084,0.541879143868358
0.829275600884224,0.552295391165419
0.795641026798278,0.595380811551064
0.768983440978142,0.630061229405984
0.758039542742093,0.644594967297346
0.757916421883978,0.64338875349908
0.715876817463799,0.683932989213802
0.680672449001479,0.725539369141173
0.711760168516288,0.694974638111674
0.686033626633529,0.722139839495553
0.64344402460002,0.756745769997842
0.641994714696428,0.756897874871958
0.664007216602071,0.742273580728666
0.639141429277016,0.750101950581895
0.614343970106716,0.781030187593673
0.583684968362242,0.803337157607888
0.598032426000432,0.78112770965465
0.52890528039787,0.820434006439623
0.547572624862236,0.831112470607876
0.546292895317785,0.819719141527243
0.510407487403018,0.849505098809381
0.528417616296841,0.840184843541977
0.498583378634769,0.859733790620781
0.439069128008074,0.888098590809072
0.479731624665191,0.866948009562754
0.453189550532558,0.880053681602311
0.436475631545555,0.882392414834932
0.451479341325594,0.859398036152821
0.429442603580762,0.839745585208623
0.425958862381629,0.86388110466271
0.372453871101201,0.865605719620802
0.458247972269613,0.849317352937293
0.433800432299248,0.837567383601114
0.472010983995685,0.848303162995883
0.347126743599193,0.875518331392115
0.3539942300015,0.918554620549985
0.237947822651972,0.950514185071965
0.16597753894547,0.908675920953
0.132108234732099,0.954230414745046
0.147451529005827,0.870434821687169
0.0991403023761909,0.959844494517326
0.217982789570514,0.951541324589929
0.0217510458994895,0.951232246781852
0.100174426807609,0.98281947207389
0.0186565865412564,0.936400803424482
0.024325212770526,0.934750095571034
-0.107137908222684,0.928345272513514
-0.0830514713487411,0.890819089930829
-0.221599835540328,0.902610994800874
-0.0905888402992224,0.820887508753586
-0.217571317288168,0.885742161757465
-0.29070683815972,0.87781880216231
-0.157595966745109,0.831123224350723
-0.197579533773815,0.84736519496612
-0.33591454810988,0.843301210282738
-0.224590425379114,0.764234920698066
-0.352200207631359,0.887309367134152
-0.271616877058598,0.843993836186387
-0.249785905478078,0.936369854028153
-0.330369236050839,0.878756583475904
-0.249959111584715,0.776270537004167
-0.15415692791722,0.8642045277352
-0.432783538204121,0.847291564748583
-0.533844657395488,0.775046923312148
-0.455392520019187,0.764895724293561
-0.577160188343253,0.772296920551576
-0.495393800098533,0.814621462270098
-0.503413368130336,0.544345802402734
-0.708270235234885,0.601745027133746
-0.666027461787069,0.519020453342769
-0.457403284850713,0.569584762812261
-0.710127940802493,0.609759764897835
-0.557979177214195,0.6987589081844
-0.640988952176683,0.555159214540814
-0.629993540705393,0.523547699196008
-0.570347888275479,0.598817953817135
-0.380238393178413,0.712694622985074
-0.573097891036051,0.489764557702718
-0.43672786888185,0.576655382227803
-0.503256840146912,0.667764866691374
-0.519603080449895,0.508118272887915
-0.45916293634285,0.660476558872642
-0.612730384835799,0.572746817807093
-0.506483190278397,0.583406267201474
-0.417836529896757,0.619297367174641
-0.667696349007228,0.723432017746657
-0.446507839735338,0.549710977158405
-0.542679201255577,0.625730672604318
-0.501047883805471,0.710629706391054
-0.626222727813044,0.703293019484213
-0.486491406764044,0.443969375648656
-0.523578131406506,0.733159953992089
-0.589694544187111,0.6240955899948
-0.592738601321446,0.7465847551676
-0.623537048978271,0.610470626102322
-0.518353988485051,0.629678111215817
-0.555114420245181,0.619002076745175
-0.419798192316615,0.690430648173746
-0.677929878300313,0.664863455424364
-0.444552992005873,0.525065999267933
-0.635806505641481,0.706827296223595
-0.579618711149948,0.628269136691
-0.692191925845558,0.615268848922481
-0.585063784411693,0.484134982911679
-0.579910191103825,0.505374591853832
-0.575847893796623,0.446449026754953
-0.584431533358041,0.522929171605228
-0.455246760838293,0.455246760838293
-0.606303393353846,0.226904526312175
-0.728216820858805,0.487014554942146
-0.417978961213297,0.3807111615883
-0.582157502892074,0.400922463674661
-0.749326860531063,0.266922328697744
-0.660493521676586,0.548690122801597
-0.812987862406081,0.229654529072747
-0.702496758077721,0.331895625119391
-0.748348197264136,0.537774637011337
-0.867177990728821,0.384773458895502
-0.782532362848858,0.254062297307202
-0.797163733733045,0.336590173480245
-0.591457927947737,0.396321195739414
-0.72033954516555,0.297033784537747
-0.658486819923749,0.183466709932829
-0.584535756763338,0.201912963029988
-0.849234923033842,0.281506877529049
-0.856976234439296,0.262779027238329
-0.787310944659754,0.301885892255451
-0.791929167119242,0.0996387292855465
-0.932066603040312,0.0970620751855213
-0.940574350120681,0.148855330681043
-0.790675634886026,0.238766367916107
-0.866174112040357,0.149898715234655
-0.955334597115676,0.184380729061828
-0.870387038436408,0.159813478183608
-0.77465977235533,0.215702574566957
-0.963568620157706,0.0931273043859041
-0.779791705818151,0.162623125636348
-0.887181534740469,0.0220486931851212
-0.97120741572725,0.121967344227261
-0.934565580115185,0.112173650072212
-0.794929756293699,0.105150581450981
-0.889596731949023,0.0571405021423624
-0.976139789095486,0.0525635840893707
-0.772627324389772,-0.10493821606241
-0.981072162463722,-0.0406557814090871
-0.944464446123689,-0.102333454720339
-0.870700796727242,-0.0813115628181742
-0.853938887207946,-0.203089954929104
-0.925367350486609,-0.250258477567027
-0.755256450206813,-0.301857834573216
-0.867924391392237,-0.247799065139431
-0.856660580188182,-0.261575786436189
-0.86762979490114,-0.372568634751626
-0.899177250893822,-0.312951429735035
-0.895623460375138,-0.390840898486492
-0.899709866544087,-0.421145955015902
-0.895371814786937,-0.413499103499283
-0.888180507752606,-0.441849215530424
-0.838144097818477,-0.498366966791092
-0.835471514385412,-0.49234051439319
-0.824553896270107,-0.500338303088687
-0.763414302750923,-0.604192772495646
-0.80083592641299,-0.567941828640662
-0.681807592827795,-0.713604803105091
-0.670194978830252,-0.715190156560164
-0.665500430469398,-0.73232657977983
-0.601672154813526,-0.780218162660737
-0.585412283147693,-0.776825729681459
-0.595603916880277,-0.793710054148381
-0.498604817055182,-0.849044185110398
-0.357964383949181,-0.867569056479316
-0.407498405264365,-0.901773004369637
-0.340494390235683,-0.928696389204023
-0.336984466583542,-0.918977882363735
-0.259635979181711,-0.947405519519593
-0.264914179877676,-0.95046781542086
-0.159531775120448,-0.974516663665763
-0.243271124409762,-0.961088321604135
-0.0694032068735827,-0.972295306540085
-0.049029033784546,-0.986592385264482
-0.00584650032765617,-0.988878488058533
-0.0110205341066184,-0.983094429901448
0.0519266829593053,-0.975356466354276
0.115542112097032,-0.978148150287702
0.18768011166784,-0.962499845040729
0.288794889237939,-0.94223227253084
0.280704808985722,-0.944024134012452
0.286391426753405,-0.938921815367771
0.338009765582587,-0.925021410203013
0.38482760849813,-0.905877620310459
0.424804430645456,-0.889501309994196
0.463010932577702,-0.858531355556785
0.477496513640627,-0.857134599903737
0.512145880754958,-0.828651451270455
0.523788633015644,-0.838438372201234
0.59927922777964,-0.780038299720549
0.540101863706204,-0.825944343938334
0.643305936115242,-0.727978285961909
0.584970693549292,-0.786861469668049
0.649817109478262,-0.739953824025379
0.670227536674451,-0.71069194123414
0.654150861252477,-0.739237801017103
0.713006582778201,-0.669983794962414
0.748145402779946,-0.63908235113469
0.736783311567573,-0.652001840833669
0.79780160492833,-0.557877817973227
0.744160397120156,-0.561818511084439
0.776555450510381,-0.594099220703721
0.79833472411756,-0.548015758830029
0.837307362793284,-0.455641417832646
0.741405775856163,-0.420118524907382
0.664505077124802,-0.44185683166327
0.820846796716869,-0.398833894086462
0.835099145334379,-0.260639221608203
0.877439175981153,-0.255130477938907
0.879230692163329,-0.140472671986929
0.898210656882255,-0.167642690656618
0.8915946656055,-0.0642824346533225
0.889895852909076,0
0.686886723926607,0.319035593728849
0.882464252835141,0.155191525562413
0.913288948493032,0.27928019226271
0.820347888275479,0.331895625119391
0.913576311139633,0.280574093785704
0.781553699581931,0.358247938954128
0.847536515173676,0.448220366248597
0.826112247205998,0.54084360505944
0.66210774702252,0.489924040346483
0.717909497671766,0.422379857583942
0.654860188914436,0.70511349841444
0.628425883296153,0.747990430084044
0.53640773058655,0.763454705054265
0.496070876034523,0.73857343588651
0.432783538204121,0.847291564748583
0.467467995730524,0.846809107927398
0.528378280247641,0.835555383411511
0.443917834374083,0.876668440002081
0.459445458950567,0.881576200887998
0.387326694629909,0.90988561104071
0.393285678293682,0.90014981665323
0.431583604406681,0.888242880172331
0.353483917422369,0.924909080034265
0.282944248428774,0.947141903915802
0.365203642219658,0.922735874368366
0.2310557913371,0.969913530160116
0.20759096815041,0.952141418632716
0.139948929368692,0.973181713592902
0.164988149542395,0.965738287192093
0.200335082419309,0.96208120411929
0.156942564974284,0.966200855685262
0.155159687274046,0.961661289104846
0.163510349755755,0.961174436120573
0.13902123097251,0.977093945195149
0.185409854263739,0.968027735335351
0.102180404562296,0.982674515081545
0.005010023511928,0.978542904680183
0.0450796955488867,0.964177750002934
0.132201445338171,0.891365957496828
0.129896949254431,0.909902149849654
0.0590383363577672,0.992487054119363
0.10968564716807,0.903837491179295
0.01091548579026,0.97697337413598
0.0710014524730249,0.841635157522309
-0.0845449018232142,0.976509862978439
0.0143191338323374,0.975494756105234
0.109976257945788,0.967702260858887
0.1237714684107,0.976568635462953
0.0616383858530388,0.970623667740898
0.168924941511307,0.953504443940552
0.197088886833384,0.969355981647977
0.102411039151656,0.980472849623776
0.166021437814916,0.962516166149383
0.130479431183753,0.961515583548722
0.149602988529398,0.960297489390358
0.212716662744546,0.931415788571201
0.178628474678817,0.87691346748657
0.111767169829021,0.89783788455595
0.17475345030055,0.963891081698527
0.0631334653861085,0.969932810143706
0.0214007843506148,0.947927465007864
-0.0384345758881943,0.907820825890018
0.150991276667249,0.88751608120913
0.127068581997199,0.878258161203484
0.0531127286737511,0.908283872823897
0.0894743450817087,0.901349366191406
-0.164297818422058,0.972929207957904
-0.121099215171091,0.975640015016307
-0.210019556619445,0.950773287380468
-0.167555499004584,0.957479170204764
-0.122545678558612,0.948989072219056
-0.232784847883184,0.939833127924839
-0.155328820297771,0.952341204040288
-0.170687867990911,0.958176476967132
-0.165396907783551,0.952397438530015
-0.137835714057165,0.976101608336037
-0.140066433683679,0.947365253562267
-0.168073790115707,0.976581092297222
-0.130327232743371,0.97401120507721
-0.196746055385304,0.967142675430119
-0.163448861277668,0.958161337960891
-0.154251417155782,0.969314294836373
-0.23850370047636,0.953487991336933
-0.196336132202297,0.9687009172872
-0.210407533582959,0.967557942587399
-0.199773169569657,0.968405664687864
-0.21494520269773,0.968609202131105
-0.18008549522014,0.977530166971411
-0.20590137445237,0.966378258392637
-0.22498690885494,0.959825911409375
-0.190763174871469,0.961022673778048
-0.155478076321351,0.972517268531011
-0.12020063416422,0.977007174207724
-0.1824976227346,0.968729275224199
-0.198237969212309,0.961173163087205
-0.172451120614554,0.958733504278171
-0.230700919731747,0.948853403269088
-0.191296547142786,0.927754781128649
-0.27344234527128,0.867701570330813
-0.370766304435959,0.866531345596206
-0.29171289199137,0.938563844383781
-0.243247011920371,0.926048541755463
-0.234818929304608,0.932679472897683
0.0282726513820249,0.814122121092453
-0.217657422296421,0.924332379505284
0.105655496501496,0.892469797784277
-0.0534723870932862,0.950252500355624
0.137839581467667,0.818096321022954
0.17118850109162,0.950767446818577
0.201896239644148,0.947945418779714
0.309519488163007,0.904279312110896
0.295815055369051,0.861447638305962
0.473739154655268,0.825934467567929
0.522070511382001,0.74953679750316
0.525832591211678,0.637823790342308
0.627520044735061,0.607604068751061
0.769869227170243,0.626324050382995
0.796391632541116,0.556448873144338
0.832638780464486,0.490305756286572
0.862708842027188,0.402212232765357
0.888842448799486,0.412311239574499
0.931607740487518,0.34156883653181
0.935778714326294,0.287463044340143
0.937763564983979,0.298290287079023
0.946113102682981,0.281417126096598
0.953517932067735,0.262590802281801
0.880700158934664,0.312168474115102
0.955002196067677,0.264429362451938
0.968387075332185,0.232386178304307
0.961130380259674,0.22276779771544
0.964534952647438,0.204703535221187
0.958990843192511,0.18168323535974
0.963471834972546,0.196936482306919
0.958565483232583,0.226309443492326
0.948976653564541,0.259218290380789
0.95676428315535,0.192616979106129
0.936585713823524,0.153034023787904
0.94941219526893,0.203387273210783
0.930072656222618,0.262925922887082
0.906052683292776,0.225756590225865
0.852866418981736,0.302873763118101
0.958688004691719,0.177816176850904
0.970214889789297,0.186346511607179
0.957105843286491,0.164512955424426
0.913727312501533,0.278752743690058
0.90628018518111,0.163808166949572
0.841964756145512,0.184719328630824
0.914536022949321,0.138561462776116
0.816955774351214,0.162375287577391
0.898089291029867,0.0160570127147359
0.79767743382044,0.182616615206273
0.83709274231384,0.114688465093672
0.828203606146234,-0.0552542120702064
0.903146632254262,-0.00706866689167697
0.867381663624662,0.0908145532244499
0.874619325559088,-0.000713486277120076
0.835764612460253,0.0629735828261354
0.670776747224629,0.0180935503794414
0.707844113430615,-0.214997757609387
0.738930711087384,-0.0579322358397803
0.703531740533242,-0.223963690820472
0.750988344123645,-0.329386390858076
0.653075859155092,-0.311977396574739
0.763741602946052,-0.392411957422848
0.764232223593959,-0.5198027037457
0.792140950851794,-0.39014837832482
0.731298327530756,-0.565255165932727
0.705182825752285,-0.614560468358494
0.712086402122032,-0.533510630959408
0.644131184229605,-0.69013781563536
0.687003961426473,-0.681615653827371
0.588343056046156,-0.776512293457503
0.619691244193853,-0.758761108374804
0.518922371118973,-0.687400122333201
0.550848960849567,-0.806340737684158
0.519290468113639,-0.829773784689336
0.456672638787699,-0.817103562612396
0.444905855277244,-0.821652799381637
0.279163819531968,-0.904866818264542
0.314761469409024,-0.862425172121633
0.218743121976829,-0.856903898342173
0.18450375870067,-0.843681054435014
0.145659044584901,-0.89377511056738
0.0329617522879264,-0.869330543354707
0.0825917031523465,-0.91473951122001
-0.127892391001045,-0.83297090980541
-0.114244717145595,-0.881190812427222
-0.113498016572322,-0.877855965156232
-0.274251193299872,-0.84933951852527
-0.336210410293556,-0.837799417273912
-0.397743389334569,-0.797214583911282
-0.403897782578862,-0.811294044704373
-0.557397589138557,-0.792586010815459
-0.533313272045109,-0.817605674027512
-0.628280124115259,-0.765707406384021
-0.654094804585801,-0.740009968449993
-0.666732387271347,-0.729624070290116
-0.643084135004442,-0.742212597218177
-0.701539856671394,-0.682278353196786
-0.755627420517628,-0.593976891118862
-0.750022504430795,-0.615073842857826
-0.765737577277723,-0.60267724464947
-0.782901784771915,-0.576170079365891
-0.78589605992586,-0.573560098181333
-0.82563677270549,-0.535085033185003
-0.827558372962083,-0.541682491066248
-0.819520480331133,-0.539039198509102
-0.867702209863951,-0.492786955049848
-0.86373290302923,-0.490452067921711
-0.865690464406787,-0.49357792465617
-0.854678050659094,-0.514965311282302
-0.861365254558098,-0.502113826085096
-0.887810268665755,-0.455732340844891
-0.733350733116225,-0.398287450800977
-0.885097768258843,-0.459023733547203
-0.826288058018103,-0.322810885021635
-0.901924959862933,-0.427444770549792
-0.882813115491896,-0.460655478677711
-0.909374807592875,-0.406864306223252
-0.916407779561005,-0.393128370012506
-0.91326284169085,-0.394062500349502
-0.920745974824373,-0.379798130901756
-0.907416330258568,-0.41045724713196
-0.89721450819188,-0.428142995902541
-0.888116671932096,-0.451046236661056
-0.898196458205545,-0.412173829994045
-0.879116873780632,-0.467537630771014
-0.873573019161084,-0.475637755324513
-0.883359488080753,-0.459477748170463
-0.855379352162946,-0.505937667060642
-0.878018348759896,-0.459700173157767
-0.863982020589351,-0.49098624819678
-0.86539993972767,-0.480918454008293
-0.822809819301547,-0.553227655343312
-0.856471007964449,-0.493527063930702
-0.840564938557848,-0.510449795042306
-0.872480299473024,-0.449180850758229
-0.806317860446037,-0.554845253891148
-0.873107763163253,-0.454146338299576
-0.838863552066192,-0.497432617842725
-0.849950051871989,-0.503573680080271
-0.840528853752497,-0.496576808266473
-0.835709168453626,-0.52603034829602
-0.867205646688068,-0.444855063946346
-0.829254698897066,-0.531528752646401
-0.831599921989275,-0.509185418188882
-0.840894153046456,-0.503665439395197
-0.83715377917384,-0.496470725360382
-0.841482744365065,-0.491600085600736
-0.841418444133215,-0.518520848745037
-0.842310731722032,-0.51701743089972
-0.865592530941843,-0.484457549820499
-0.86149657243115,-0.490845939073443
-0.840721103818691,-0.522430867120329
-0.855297439107799,-0.492555240245205
-0.856377746276313,-0.498764116487942
-0.859354041545572,-0.501062741462354
-0.872556455628293,-0.476421657320985
-0.858236617591542,-0.49944072562802
-0.867096165999622,-0.487429740326633
-0.875098059741659,-0.474276568863215
-0.85062940371154,-0.513400537666089
-0.848948235368384,-0.516641176650891
-0.852400226604023,-0.500840713753062
-0.826451022201796,-0.545423313865539
-0.872910734664202,-0.475253547872261
-0.810111715438092,-0.571349348648358
-0.825194257151174,-0.544719810947904
-0.835854690460449,-0.532323379031869
-0.819516541193611,-0.562182070358413
-0.812618052156458,-0.554330102297183
-0.825297604482373,-0.541684227699535
-0.786318822209572,-0.585415683592337
-0.794123099295855,-0.593126999897914
-0.78947470977385,-0.595433256565034
-0.784429587494364,-0.608293678334018
-0.794728245067687,-0.591918376995536
-0.754588157250537,-0.647609773928376
-0.78947067609171,-0.603482991559541
-0.734631575784458,-0.666438704625512
-0.749903493438297,-0.644241787021312
-0.719423696248749,-0.674248301103487
-0.703224193731566,-0.699851794052997
-0.660803256629218,-0.724690913129212
-0.675899687476282,-0.721046137071842
-0.637569479753488,-0.743231186170474
-0.631705265582106,-0.748445931564882
-0.569550385356062,-0.792870205737331
-0.564609038779537,-0.792399718778401
-0.561956540846053,-0.800063781023605
-0.509487265632012,-0.846648112278355
-0.414619922390567,-0.874539115879786
-0.364896325131379,-0.779255261717759
-0.187636869456206,-0.831836872973307
-0.350321892753301,-0.92536366970831
-0.223927799209027,-0.939706386231901
-0.206246392286161,-0.937317042029873
-0.335653740726981,-0.872690684071546
-0.103526553216348,-0.975767523606135
-0.133352604743241,-0.978744653048597
-0.0838879481644692,-0.977670773690878
-0.0186565865412564,-0.997703269241949
0.0701372885884748,-0.951262281887219
0.0251616895862542,-0.824696750834029
0,-0.846153846153846
0.180770088307648,-0.943537153827449
0.0624993683621435,-0.975454534160442
0.12762685062287,-0.814019083170608
0.161984568854636,-0.938661746194285
0.228790567455209,-0.849234923033842
0.347209749777831,-0.901706228387359
0.224618206483073,-0.826140343199752
0.378634932798194,-0.793222991451495
0.360589779050215,-0.745469056257832
0.61329966181031,-0.640651298032646
0.581862715821772,-0.684483312477477
0.61239939641033,-0.59237871760935
0.727114889137096,-0.578567094313264
0.681958396552473,-0.647557350744784
0.770605056934113,-0.56102323434853
0.843176405669717,-0.473806289520526
0.842618215353561,-0.474204947977082
0.798256340324598,-0.457774272074204
0.87222103834109,-0.448072102225183
0.708378614446142,-0.396557444088357
0.929576065547058,-0.294809564736247
0.931926487878961,-0.264343265034629
0.920381200881641,-0.248257035432299
0.91093570927346,-0.283539108944634
0.940775371412594,-0.252976795688496
0.862044672960244,-0.163264592974379
0.938726095519888,-0.125135892046599
0.929534970866614,-0.0981373278978321
0.964481664534905,-0.161005654927705
0.987095863903014,0.0738221129728729
0.958145721213587,0.0830514713487411
0.934976203655735,0.118861491681247
0.953150904091956,0.108871763652337
0.886629996955897,0.274960829729534
0.819427319538138,0.158182390735017
0.918975966368968,0.26363745389128
0.897026366241003,0.129604000652689
0.906035411460465,0.252300201432741
0.857710472576074,0.364573190136579
0.865103584210512,0.385024741847327
0.826595217231351,0.423213343706542
0.879308856327788,0.313384300508846
0.826333742966986,0.406429546108652
0.748968122987762,0.529035420726563
0.837176778665014,0.407370190745616
0.855632356290165,0.473603229500782
0.845189528641948,0.456717946863015
0.867037186159893,0.448608738501794
0.80345238872407,0.513186072267603
0.821317831400595,0.538205611671062
0.85068198606959,0.432600195327655
0.865272576352967,0.433605149199936
0.832019456876787,0.443337917590631
0.831944168639031,0.481995569508587
0.816664228201748,0.500646419692133
0.816058773457609,0.526504098738524
0.866825198513195,0.414602659643209
0.840524078516007,0.451163994305269
0.822640674043003,0.519710320420046
0.815924104188143,0.519790275070566
0.80877633003057,0.517064277347374
0.80681468204414,0.515102629360944
0.729573079984203,0.626222727813044
0.673995107500696,0.65384344142637
0.701957822511116,0.638335259348329
0.724774857164043,0.660770988368825
0.655252415951187,0.689653461758876
0.714751390334187,0.589503489496689
0.623219470162376,0.658803472827479
0.684218155285951,0.70555277821769
0.601579936226623,0.781853365320859
0.537111273867418,0.808557159618093
0.414939687510513,0.886663453681659
0.417244966652616,0.887218006347249
0.462340407147359,0.862200705459334
0.30437973688774,0.9181716799696
0.360886462113024,0.8922151867491
0.313587405187988,0.908667086915117
0.20087063780023,0.945249917374052
0.244657744807642,0.943537153827449
0.195538405717882,0.958839904153658
0.199482349662379,0.879439539820232
0.137131443677354,0.958629946646435
0.031943828249997,0.992459085071423
0.00402389859501774,0.881362260874058
0.0864753540726253,0.981252691432168
-0.131719256944485,0.819007404523694
-0.118419182322622,0.759426062217876
-0.181921179515635,0.840373699220286
-0.058925565098879,0.926776695296637
-0.260639221608203,0.922681671651836
-0.248768423401549,0.876409827637493
-0.0787180420925681,0.803434189325915
-0.264758294300224,0.905765174195477
-0.198513492576882,0.696663229614993
-0.203147828373057,0.848594087550343
-0.333829720505448,0.681581399757838
-0.274502610696892,0.725381622840973
-0.377852962868051,0.544912754338245
-0.457672882177372,0.457672882177372
-0.189458548466117,0.574073933081501
-0.286373408903547,0.662867808211232
-0.443076281740923,0.379188625240929
-0.523170591995184,0.483685848816609
-0.286839109611397,0.2548952813614
-0.525263624980476,0.217571317288168
-0.509021654365079,0.517142639672777
-0.611519036023526,0.457672882177372
-0.617807313009163,0.389576546326614
-0.518632693838255,0.128924656906529
-0.594065716595854,0.251972363095858
-0.669291255759926,0.27022005725994
-0.834645627879963,-0.0216577654738825
-0.652368927062183,0.117851130197758
-0.585944731288155,0.00812098530769879
-0.602186701903553,-0.217571317288168
-0.504307247732294,-0.080756536679399
-0.834645627879963,-0.179526698057209
-0.617851130197758,-0.201184463531091
-0.659265210060368,-0.15279774392495
-0.572553395325683,-0.2548952813614
-0.75137826502784,-0.232666003673109
-0.677050618901362,-0.430821076365651
-0.512147707946147,-0.376831480017582
-0.50460679301757,-0.615520107624716
-0.38282347577699,-0.632787523847834
-0.615420092724717,-0.532246242035149
-0.625371680377982,-0.660182853751863
-0.32970748282864,-0.776053449205575
-0.355470429596316,-0.577944392823585
-0.20540022951847,-0.676785860112445
-0.432783538204121,-0.818821499206927
-0.376657338198756,-0.628613977151635
-0.292661685889184,-0.626634054081482
-0.539171456809994,-0.681848511773937
-0.320799683159889,-0.714537459903507
-0.443379517493874,-0.678451011823592
-0.33319753005764,-0.885885802360999
-0.141804114582347,-0.686716853304861
-0.177948219131829,-0.488147528809712
-0.194249620872371,-0.791012055422398
-0.189322002493744,-0.912335603429082
-0.152688272303359,-0.958358757420189
-0.2117873102751,-0.931697366858618
-0.239006364790888,-0.883430796865963
-0.201294179360117,-0.962197009731023
-0.241205381311392,-0.951619568457648
-0.243660025822509,-0.942035416970777
-0.217380115146619,-0.965692396088553
-0.166737502749359,-0.978763001548165
-0.114450185637999,-0.974314266622402
-0.140499735753097,-0.976536447074398
-0.143989900772333,-0.837573367857457
-0.141507448543768,-0.973133843376183
-0.219509188044855,-0.920021845253063
-0.0726819603051208,-0.831609204646005
-0.0796676036935461,-0.994310949404014
0.0396502342947026,-0.863887959363689
-0.0168052696329225,-0.989663074032186
-0.0596963322323525,-0.986714839311388
-0.023485569615051,-0.998056274833163
0,-0.997128426760333
-0.0267680883390579,-0.994676763046493
0.0291943213178256,-0.985379743699822
0.0469711392301021,-0.992225099332654
0.0541068706294017,-0.968957803508198
-0.0249723442542183,-0.987345805625138
0.0105274487115007,-0.985532112216883
-0.0438179779314256,-0.973699550836134
-0.0453309069893734,-0.984024290193882
-0.0733141841173148,-0.709463856729742
-0.149080566593325,-0.955169227403868
-0.0205498734131697,-0.971906038228997
-0.0192178691811998,-0.981282698963146
-0.118125152776905,-0.972231035577194
0.00954941983812322,-0.940604262917097
-0.0388270342714061,-0.852873809353454
-0.0884196485105991,-0.946210208213287
-0.128766615988018,-0.938110337618627
-0.0574791017113576,-0.971608573612275
-0.0339564958654048,-0.892113908108706
0.0620803696466046,-0.961818247706427
0.0512581642819516,-0.903048961366596
0.195461608314446,-0.907325353195719
0.0913459378691042,-0.94029669566068
0.179274349568536,-0.858374997607206
0.152020634393779,-0.969972899157231
0.221813922149183,-0.92960533721114
0.287073195936356,-0.923832874920977
0.287490230653529,-0.928571380598215
0.38318118452004,-0.876656895058117
0.408363048596575,-0.870374326509759
0.385079817930393,-0.876260079662644
0.474493547515237,-0.844208555390861
0.50393704913753,-0.835454198330792
0.53712070314826,-0.816665932690879
0.585084837540571,-0.751593090696271
0.606623723377186,-0.761750672599509
0.647492088280847,-0.743323573030838
0.640556329580664,-0.758351142953889
0.740153214578738,-0.663898867157481
0.758617390534691,-0.617610510639437
0.765300480204898,-0.623239452919196
0.769195845191226,-0.600483259557807
0.794363396904307,-0.587345198729286
0.834697860672979,-0.519641812693448
0.81803600299974,-0.553709302723218
0.839166904707923,-0.516433242390873
0.869311814136168,-0.466947480943917
0.901329858899388,-0.376970609569172
0.910834451953872,-0.367762941268924
0.934476990165466,-0.286334341448334
0.911044409461094,-0.38099450816419
0.966733684419627,-0.168712585633419
0.95517442544298,-0.218126103290513
0.973467561155519,-0.117807622656519
0.982605528184824,-0.119735012368537
0.973077640251323,-0.0445638354791596
0.978130213555506,0.0025596061719855
0.962074504888059,0.0651274822607266
0.962074504888059,0.019952087115464
0.969656376888717,0.16629869565165
0.870365824742025,0.101163716832339
0.931479967197473,0.244726252534239
0.893364336588908,0.317531349132485
0.915777123867418,0.253643692632491
0.847891300641984,0.439535739471012
0.912542523133016,0.304231274510622
0.794147897324757,0.557103057381771
0.862869259999847,0.460904434216792
0.81407354573168,0.520110080191851
0.786663995669825,0.575752001478737
0.80169793408712,0.557567850945758
0.671936030810859,0.62926678494738
0.709095812283245,0.624909105283252
0.740720158956658,0.631822752270046
0.704062724052212,0.661540692936824
0.616619330784158,0.720203773839657
0.606941323928908,0.773926955883106
0.594959486592233,0.754934034864051
0.482246699592822,0.850191785200619
0.374981217055693,0.878821606060492
0.446694950270324,0.840510527099782
0.417096504275498,0.881588849510665
0.474034823524484,0.83501806967214
0.411097406277825,0.886624398530204
0.364095032415599,0.816317571285584
0.376045329886678,0.878260446406584
0.285124316938702,0.924796401941274
0.332126992058355,0.922339017495253
0.281509050975957,0.923547049693354
0.220655654579497,0.951500196238508
0.345977713335162,0.888948378173122
0.12572071721222,0.954822958726048
0.173768326049238,0.954979872401874
0.272935939916153,0.881796909450018
0.147133802707923,0.954403043906145
0.048724089063249,0.926439844250436
0.214514592341951,0.919578264301211
0.13311087141461,0.926855218348036
0.192208813244567,0.810208595204083
0.26605099839497,0.900833349835091
0.272849834907901,0.865288542111174
0.177122956695476,0.869845031602703
0.22948132296611,0.854562909763372
0.363692023054678,0.882788110425566
0.193027729294529,0.807027167514242
0.390767145628317,0.891223762150529
0.298517887095813,0.849764734789203
0.170657364253467,0.86748216573722
0.265119865612468,0.83518022497504
0.228217607609802,0.804939097498028
0.333774742479755,0.916901524718276
0.311975325984028,0.930686110887652
0.247108005168267,0.931668035001053
0.168628738972282,0.932744927294414
0.249154414046223,0.875029335484833
0.187359103065259,0.903760027483058
0.150572968079842,0.887831247739531
0.191231775479452,0.933283503937004
0.090499252667643,0.949125353591952
0.103799327289506,0.964038183013965
0.102652393035521,0.946296947524795
0.185812092188,0.923748916772271
0.146190649600484,0.872067625326796
0.180113546534262,0.94853468174041
0.111089912597869,0.89496479648634
0.0899724272944695,0.965054014091731
0.218848021598124,0.942980642891551
0.171919124030193,0.932453364812982
0.0671543411939783,0.859317072813435
0.208772188560961,0.878125989887672
0.170050381308981,0.841585048032559
0.135796550249383,0.966891382645245
0.150045929982746,0.890194413806869
0.0931273043859041,0.732799389388475
0.213636546488551,0.899300639842141
0.165864166800899,0.932066603040312
0.127528350193593,0.926629110263335
0.116117320183333,0.757206452927659
0.0832113539087142,0.868062734245093
0.0771192233952596,0.930561554614338
0.151853562964119,0.845758594728759
0.048650425541052,0.898940075238528
0.192559935554388,0.81764152235165
0.149071198499986,0.956256280008391
0.226238175800514,0.930802656959535
0.114696018201984,0.981041383806648
0.0773828451194715,0.908711768399674
0.11745251715643,0.959621181546207
0.12666096901164,0.977729580155427
0.105582461445584,0.940646245857277
0.110183729380831,0.971608573612275
0.105409255338946,0.982894432683505
0.150606333553553,0.975185107294745
-0.00542752547125534,0.985307597061779
0.0760948338964026,0.976224945072355
0.100174426807609,0.931777688389775
0.0305148909042495,0.967996834589667
0.055262288431329,0.978022758871883
-0.104383464112584,0.985911079848651
-0.147660126192967,0.831460616047204
0.0434310016855233,0.955119453280858
-0.106818368702058,0.923905673011518
-0.0415917114988069,0.901737116428424
-0.131518732603599,0.905903608736888
-0.171598253263355,0.961904595246728
-0.0346689156065365,0.960111713162881
-0.23084937014841,0.938684648920905
-0.143027473902886,0.913741610573655
-0.125281957856312,0.955579547540768
-0.228367548328992,0.831786294222442
-0.129184772519748,0.795423250142571
-0.291654973038321,0.834938361555817
-0.333278721455177,0.8302429778063
-0.173565969328317,0.722624082803229
-0.279018481578603,0.86259439191794
-0.444525416677927,0.76515111877189
-0.308028170991513,0.72680561195217
-0.384773458895502,0.66599352719773
-0.368010612841523,0.678390920642571
-0.465356789468263,0.660493521676586
-0.514172325937172,0.597505659270505
-0.473572198636186,0.717407852281366
-0.583541232161618,0.6531195406283
-0.665054211354066,0.541871090381739
-0.659986689967967,0.681174098151615
-0.493563982150539,0.70299858998803
-0.68415202017852,0.682969063321106
-0.617888392649823,0.685507527407788
-0.629825325963908,0.651159948895648
-0.641548909422471,0.641548909422472
-0.734780982197866,0.611597861225539
-0.705490982234025,0.516433242390873
-0.713735185515058,0.482377515329279
-0.737606556429974,0.450486695774439
-0.752260914350449,0.539471393510794
-0.848620535467347,0.414892887845205
-0.900176974430974,0.317901531985002
-0.908155863286617,0.366368155306071
-0.957550558872857,0.219160575046428
-0.913355441712305,0.348816063058265
-0.928560072454337,0.263998272257003
-0.936475630869464,0.249986240826726
-0.802168381179436,0.221168259366912
-0.954433314955825,0.264712617267613
-0.965077040039484,0.194849330361569
-0.964701959912169,0.22355950416198
-0.964919026540697,0.224068168952269
-0.960322714541046,0.220367458761661
-0.959521540350012,0.132701283893195
-0.946808926058153,0.175444988816962
-0.950410019511584,0.166376208476919
-0.974182221739226,0.12745016251778
-0.968694268230729,0.210436607864831
-0.979646692596482,0.099412825355393
-0.957643648232766,0.227578812092089
-0.980366965458133,-0.0167330703446433
-0.985346983163935,0.0781823610509023
-0.970918468481971,0.0370696196517119
-0.97637113479,-0.0111312251414226
-0.969532211804629,-0.00113094938964016
-0.972500483679047,-0.0643948848074847
-0.969941444332875,-0.124607945226428
-0.879299235637153,-0.140352404492861
-0.952227026320501,-0.193700300097538
-0.934005892310847,-0.262230119995598
-0.932098904389811,-0.290402357928353
-0.918953588177252,-0.270171798517417
-0.882424372412149,-0.393441589338701
-0.870936517000824,-0.396584419293171
-0.90604113299718,-0.341883059975572
-0.870209765884029,-0.37542134481844
-0.864369886090453,-0.426742164305686
-0.893056470472591,-0.341956837527292
-0.702370499833181,-0.372072910148725
-0.84818777930887,-0.232213243523335
-0.805510916179707,-0.365969496849515
-0.915296215166964,-0.341877517695483
-0.797832606527354,-0.339204592812441
-0.868649406933407,-0.387768913345241
-0.828968997821111,-0.447423227356835
-0.861724046295004,-0.389111752762627
-0.774778603630313,-0.550947401311367
-0.698906122932491,-0.561301939701734
-0.695353201230642,-0.611118773024487
-0.686995395269215,-0.618193303653837
-0.66446514766818,-0.672586132975879
-0.642561121845635,-0.704333674268437
-0.668276333072866,-0.702236069243396
-0.661552562019382,-0.714361258953586
-0.56630113367021,-0.787468346722003
-0.613924030759708,-0.765844225262107
-0.64315107892286,-0.719468352577489
-0.531236703305856,-0.744858121630955
-0.540595874157785,-0.806091752361336
-0.512306673700048,-0.822951828078571
-0.466741811656963,-0.854731532527426
-0.424010360506533,-0.882053805651007
-0.410832892463403,-0.844833938903428
-0.434637182974947,-0.862582292196677
-0.306617928640782,-0.900364266910343
-0.229040438303972,-0.937568390416663
-0.26749541277394,-0.905593783838172
-0.227990856525763,-0.958584749933818
-0.242167776279076,-0.949565260022366
-0.239924967301728,-0.934626068691401
-0.0964672633536722,-0.975757398392834
-0.163893773262924,-0.972455773557176
-0.139607131668946,-0.94751869539729
-0.0736237137649949,-0.968396510215414
-0.0377724043333756,-0.974539067091441
-0.0440973863702424,-0.892805000079272
0.0694037601378905,-0.808726132637615
0.0440973863702424,-0.888903326971123
0.141310517257452,-0.939705574510983
0.0830514713487411,-0.938923642267234
0.133424903251383,-0.949962426235473
0.163884805669881,-0.948586254263213
0.183991810023276,-0.926085282246168
0.12244308091764,-0.941584438663374
0.341358872465849,-0.885782464588249
0.332158300721014,-0.858261827930772
0.392014962070578,-0.870490677223872
0.61235145202036,-0.753187916322333
0.552319457616348,-0.770200652388169
0.585348447119056,-0.689734541399537
0.732256572514925,-0.619749492926745
0.746581015155456,-0.630501920219664
0.756426730616918,-0.513186072267603
0.880798835602623,-0.338298764540392
0.870175329475303,-0.270803988627211
0.913709902135477,-0.12154717051602
0.948739443044467,-0.100372860916901
0.858210040408484,-0.0866222013409064
0.944048738044446,0.11461960385372
0.941441268187092,0.14864818822077
0.889883048494653,0.30437683545875
0.884104182306433,0.383915716484136
0.84176814458765,0.498947107669256
0.76259053985014,0.545256266519097
0.707690579465023,0.562864672257897
0.720199683507592,0.66912981165695
0.629482232971017,0.761047228227879
0.63555903675315,0.765991542558357
0.546738142498891,0.826405169737666
0.49307258723537,0.846264753318047
0.489210127561389,0.8502129826616
0.487483391998024,0.855718407950869
0.483931391708046,0.840699318198942
0.48239188597394,0.853029225218485
0.431563560707766,0.877295989019489
0.469448524925415,0.869867572556752
0.493876321640297,0.849801939382645
0.483656107925213,0.850622492901982
0.468705425477027,0.862809375931376
0.483123894347378,0.861757557242104
0.473039428080703,0.864948509318501
0.497971295492459,0.851734188278728
0.491341496366167,0.855168917097452
0.460686918648091,0.879389604298356
0.479145982230137,0.872592693865527
0.498696994696149,0.847828568634765
0.514212347828402,0.829096140316232
0.523876656430693,0.821854154643692
0.45908001565807,0.875433494510688
0.467437418230696,0.864855573155924
0.440941867590033,0.879625931689443
0.39762637115929,0.911522733390244
0.483398050757261,0.86358432718442
0.479305644435646,0.86592696325269
0.399661045326442,0.897489456862651
0.449806550400564,0.883544217005304
0.392723539012311,0.874188256986801
0.411324421547767,0.885414101433739
0.420210086055874,0.859028747497694
0.405495912758524,0.881002640386251
0.356265347064093,0.8610956301589
0.336374316306275,0.842413454049504
0.345512919771175,0.844232723431687
0.28331668395733,0.879111230615244
0.224590425379114,0.885823241398126
0.276297575866384,0.873673737838268
0.107692194999618,0.884422590028298
0.10605956069209,0.778291587393788
0.203049083450343,0.869843459048801
0.154325517864604,0.732730800407845
0.141743425192387,0.750139459644554
0.072302002685125,0.877584006649553
0.0655783825228871,0.931140923403143
0.0928368795746624,0.916448520464922
0.00614101174837542,0.91827169488915
-0.0465636159210976,0.958044546849626
-0.1316005344518,0.958417005864547
0.0100758330371631,0.858053126732658
-0.133686194791213,0.767962169667091
-0.150526370839733,0.849273732485265
-0.210300367473702,0.944758386633801
-0.284401517747278,0.90645786575337
-0.235770640668065,0.930338788719947
-0.356877501498329,0.907670448706401
-0.365851972719319,0.893444934734303
-0.454781582109428,0.817705837219151
-0.404311949088412,0.86693842787447
-0.379744698210193,0.893794268070192
-0.515171662293167,0.827351290169438
-0.505767445821186,0.83597204843965
-0.448425223983462,0.856646891662305
-0.513877200455928,0.843165768170714
-0.498982816813843,0.821359775941632
-0.47329942280245,0.862949382150458
-0.510228622858451,0.735116957203962
-0.47674065279815,0.847989106624667
-0.489397148754935,0.830923743124662
-0.500032191669246,0.83571603709948
-0.501869041538213,0.8386881226197
-0.474755155493599,0.811535081644998
-0.549614234183991,0.798479095207151
-0.494681891963791,0.733390710828084
-0.590497443162461,0.785793658014549
-0.616764038899574,0.748833763802731
-0.620003752649569,0.743186873621896
-0.718871011506408,0.596923049882051
-0.706059275666669,0.646763811194336
-0.678023625752856,0.482691182900636
-0.727630990483917,0.435954545322306
-0.878929382820736,0.342034905672087
-0.822613731585932,0.377004350345701
-0.86704610803346,0.321621423728035
-0.873680715318782,0.276499751276363
-0.890896283437533,0.317655305808145
-0.896783877417577,0.257266162888727
-0.919682625767585,0.202965440683277
-0.932367834925305,0.25211009374932
-0.856107381331859,0.236826330014003
-0.912925142504247,0.239547045438302
-0.930388348035855,0.270030890888023
-0.920353181836058,0.272334548562547
-0.852101922920195,0.208104764959764
-0.868551560304781,0.318884976384448
-0.839676204394349,0.363402805976085
-0.797251469124131,0.309522434545559
0.453373902860958,-0.855549811496023
0.542543132371863,-0.808094395632114
0.526912095112311,-0.815622031490904
0.581945327121599,-0.790251256652092
0.59208382299459,-0.784845252433599
0.464592233271462,-0.850899991985142
0.569727793282882,-0.709636213239109
0.611297305306002,-0.752138540242611
0.566534617113784,-0.735058778190018
0.613090002818832,-0.756220544493859
0.639495030953133,-0.699092839793052
0.60155413484494,-0.760068850744707
0.681060938945554,-0.674618483956003
0.664015430962493,-0.715769980506248
0.655998609461635,-0.723137333230132
0.756730732270273,-0.62788590488096
0.716363588323293,-0.670162991337284
0.703224193731565,-0.699851794052997
0.730366170962423,-0.654495685465959
0.724459245268289,-0.668249203105814
0.735122619389026,-0.650032102408821
0.680114545414345,-0.673672090424794
0.755156151202141,-0.639513945158392
0.685045944605344,-0.690570951613388
0.673078482607749,-0.698369898360973
0.648739010596991,-0.644283517978272
0.644269966562047,-0.740101451312038
0.641061396259472,-0.744570495346982
0.641803251896809,-0.656088966182524
0.628200012216723,-0.743842218260472
0.699273767791653,-0.69374876078361
0.605922576257727,-0.772249817455907
0.653221633182762,-0.731395003968471
0.633734157869488,-0.75406544049698
0.615912214529212,-0.778017547073696
0.633694043535588,-0.75258731684784
0.67247302786361,-0.724227577407365
0.627198080904324,-0.769438649152412
0.628248472487032,-0.763164379538073
0.681142116248739,-0.70945269914663
0.679626537864422,-0.713968893167425
0.691206251521284,-0.644059860118804
0.74067277964818,-0.649075201967045
0.756592497854478,-0.633368360029464
0.770846341652789,-0.608171383237593
0.821311326328954,-0.543478118920417
0.821320460195575,-0.537330953770014
0.845124318951998,-0.489735186647568
0.874328823445542,-0.468765462444856
0.882588651994954,-0.427505366763834
0.85088268442802,-0.487041333884259
0.91474619321698,-0.388146999481541
0.862688646670137,-0.484372310424216
0.898184729231384,-0.426234674972786
0.897800909990587,-0.415585893851219
0.897167416825995,-0.420697419766587
0.912099080363304,-0.371998815400239
0.9345274620309,-0.333721913898495
0.941953511339101,-0.313610775260341
0.948941917326559,-0.265103828751442
0.946055259160094,-0.272984244513908
0.875484350985193,-0.268036383006832
0.936203256677136,-0.275494375477649
0.872938024230497,-0.256175162766305
0.846346167851236,-0.336949363373533
0.927311423460681,-0.324393659609618
0.93662588101854,-0.288215659213127
0.932420231254591,-0.297865754155753
0.912956167553088,-0.348902217537075
0.948551996422364,-0.290395644507838
0.950455605294646,-0.246085361643474
0.934093464008432,-0.278662398866966
0.945363111956325,-0.269509880108561
0.950080113567636,-0.198269759753256
0.945997517568468,-0.234738022891402
0.943780566536338,-0.148471957113067
0.956953041796143,-0.173782294134905
0.976615210057815,-0.102511090999884
0.97902227989683,-0.0960533997463952
0.9636105039759,-0.186082320812433
0.955846009391191,-0.212084614921476
0.950156600224879,-0.173253462825471
0.948827006421323,-0.182535525298029
0.94442548961798,-0.271420916793706
0.901771165161068,-0.307563434163893
0.958108962279432,-0.249236657807559
0.936290882294332,-0.279448741645246
0.938134523152636,-0.315022732089605
0.857259098452276,-0.387937358534826
0.930166950828486,-0.342920791878033
0.927921617681467,-0.338241509863733
0.837792664326125,-0.278895743316856
0.881218401135578,-0.424425080255878
0.817145985611026,-0.476107070042768
0.853748387400882,-0.472485326954801
0.890257910166038,-0.311242022932817
0.898326700834993,-0.281107621553898
0.927560101039073,-0.207840031392599
0.953445923939595,-0.0765632010904917
0.937648296687622,0.0379636242836296
0.943890019164841,0.0342892105051684
0.952812670540102,0.128483450790301
0.929699988232838,0.230056741832921
0.894136728470667,0.353350235995199
0.857607677983472,0.365850134551047
0.736821278358719,0.601819903526351
0.757703524177858,0.553416322790678
0.680950294142149,0.626096532955714
0.682119182215387,0.654133641091139
0.476943833736052,0.801709928315041
0.477649549273405,0.818166010570887
0.270991013659976,0.81544291548828
0.291757944962935,0.913373405512914
0.0844233117409549,0.953583752671508
-0.0707081542892756,0.97217685764238
-0.123181698284203,0.970620324276388
-0.172419341552141,0.963738542879695
-0.226753597754535,0.953252620868751
-0.291722560751077,0.937579338044167
-0.351285925421588,0.901910681114073
-0.402237820785396,0.893523001125685
-0.3556340751094,0.92235943880211
-0.376567306384609,0.913911877960023
-0.354386169445456,0.9213055504882
-0.387605867106654,0.913782116446859
-0.421518793873543,0.899200707766786
-0.44382736949868,0.890426891320837
-0.481100180900101,0.870162926847831
-0.480761266171634,0.856294477289179
-0.582385071561904,0.800569628617553
-0.641973072861686,0.762841537609139
-0.656861228377788,0.749966578535895
-0.693723841284202,0.714705877120415
-0.717046977647504,0.691502178206013
-0.756862643638613,0.644836993834065
-0.740687572699164,0.627269236459412
-0.843573250249702,0.512519456452405
-0.866345320267931,0.452693074309137
-0.934835312258427,0.287586976007308
-0.948807239457841,0.264848346270927
-0.957189742631506,0.238726072751586
-0.948505634407731,0.223378144574517
-0.98247326397929,0.0411379095523354
-0.975522183788056,0.026529816094859
-0.965266396585348,-0.158937598166187
-0.970831899987604,-0.169847686322245
-0.96647680327882,-0.207424974979133
-0.927608925312786,-0.279175560664759
-0.934117626360168,-0.262130581585957
-0.959302600423012,-0.213600464542445
-0.957182383820333,-0.190003454601501
-0.970738116804387,-0.172661345827223
-0.97907569339747,-0.162848798700214
-0.983628302616098,-0.15020712477616
-0.93877828240152,-0.242868205094824
-0.972880350614759,-0.209864979479084
-0.967021279134079,-0.156573287567462
-0.966472684401759,-0.203705864791814
-0.975535069830691,-0.100747558411544
-0.930548333049816,-0.199099404988188
-0.927687501953516,-0.157877039386444
-0.927523328301284,-0.146579313809445
-0.954959664891144,-0.166069840466598
-0.960692461670413,-0.153092640071847
-0.965932465489843,-0.176958647388289
-0.944996868083528,-0.177513757587496
-0.93323285087719,-0.192028668948589
-0.923999432683507,-0.259709527896523
-0.909353719518408,-0.312610651193553
-0.888020274262243,-0.350797186273501
-0.892721146285928,-0.362014096207478
-0.878553926535938,-0.3814318017658
-0.874511645400098,-0.420429302239345
-0.846636500793763,-0.473846502350639
-0.836904793122921,-0.492972141905717
-0.803298692896614,-0.534666568494192
-0.780236564978557,-0.589884826390273
-0.764720400007165,-0.613086128316117
-0.693520142208208,-0.706586565084158
-0.70155617683278,-0.697811010589447
-0.691230855330007,-0.706533291640196
-0.630202131352046,-0.763443168210048
-0.639833991791057,-0.741762067289371
-0.554305561613171,-0.807444051838511
-0.46979102903444,-0.806502836534163
-0.491664006383573,-0.838623825742565
-0.509264629344692,-0.831885225501648
-0.421489021163821,-0.879678058612251
-0.475918751920446,-0.864938223241963
-0.442948312222835,-0.874191649835868
-0.434126780359629,-0.893600927950741
-0.393772855509882,-0.905486975121569
-0.400320863689507,-0.911353648135464
-0.382846264669352,-0.915117905142414
-0.397033409752199,-0.908167326996695
-0.378945131322869,-0.915877224175805
-0.410027104091922,-0.904700796276487
-0.351171930019137,-0.931557388539408
-0.342276344879412,-0.921793617651261
-0.337551731174807,-0.926964016699013
-0.391812185077686,-0.914177059437406
-0.369537495305592,-0.901293654313608
-0.406790776039396,-0.902909886715472
-0.42616280675404,-0.871271758309558
-0.466889405832823,-0.831094773699279
-0.462345473563294,-0.810878549945624
-0.514823233777625,-0.826529661677128
-0.455754156193454,-0.778351119101562
-0.543106249729708,-0.800717096198795
-0.562396016136185,-0.801341828703067
-0.507056325127784,-0.700396177097969
-0.517584283917051,-0.697563283515104
-0.639289150688994,-0.686756619372632
-0.507361236131797,-0.707466566180412
-0.574183404677022,-0.575366361534436
-0.66620629484175,-0.674474494897541
-0.513927581330341,-0.630722781124877
-0.572514963633004,-0.688832245138182
-0.649774270916783,-0.656353425315276
-0.593764454398126,-0.705679344388218
-0.436891774894569,-0.744008539446596
-0.593616647174846,-0.761859395502455
-0.435096809725078,-0.82304634665911
-0.392377492660693,-0.812402559214526
-0.365582718742418,-0.83954868092155
-0.385442904227497,-0.895328014714814
-0.1715624200074,-0.953041746881932
-0.284803485798058,-0.92779560306503
-0.229076525523618,-0.94731484327572
-0.165131786531837,-0.965623696552325
-0.250723271131013,-0.848099433102897
-0.233023964135117,-0.765553546320058
-0.262717917498491,-0.730728766715125
-0.0980401675962205,-0.791763357565314
-0.167260056178562,-0.841694008105265
-0.0344010458076891,-0.752593547190285
-0.215618655862755,-0.898038880065415
0.00574240378099012,-0.924514379973898
-0.19949834710413,-0.778607210966829
0.0201516660743262,-0.975863152161605
-0.157436084185136,-0.930802656959535
-0.063620113459733,-0.805961467816385
-0.0588861411381882,-0.914758312056681
-0.0243378805824078,-0.867438058121134
-0.0440120852808657,-0.762694455568136
-0.00977150915684284,-0.921881004337351
0.0383358166073062,-0.835180224975039
0.176455961510634,-0.8561957815616
0.17646772447881,-0.738505118016915
0.149992827720103,-0.8484449091258
0.158040624910139,-0.919873480554372
0.187490608527846,-0.781471830315948
0.180491623073828,-0.792888181462425
0.283322093277837,-0.734446172208796
0.364095032415599,-0.848261399535581
0.414868608708267,-0.737163227248789
0.490512038074901,-0.709663343206161
0.432098577442002,-0.697268854018921
0.602928231784248,-0.631729403546797
0.575285281893775,-0.72101045043223
0.599636742667748,-0.67811828171963
0.669039188424615,-0.621424504992885
0.686126487108434,-0.561264967677161
0.771072898347444,-0.479015147553401
0.803931242834092,-0.420613520609058
0.805809533947417,-0.322623715801709
0.860167857022095,-0.24064743809385
0.801412072480454,-0.236296108764646
0.954559957581971,-0.23117737919277
0.904764329788175,-0.178631134813074
0.973518573775323,-0.116481360990785
0.977245130669146,-0.0584717337038616
0.967893183497488,-0.0731933945079359
0.969544789837245,-0.0157176777371754
0.976837514128225,-0.00558259703800247
0.946697719320637,0.0673029886295623
0.958966490875174,0.0813082078410855
0.960011503416335,0.0631071090101457
0.895453616273134,0.192551871934959
0.964393846077311,0.109839780117004
0.96387804162759,0.192471601240185
0.951164066954004,0.211808392626282
0.977552954880641,0.156331005308181
0.956852931148734,0.157719293446032
0.948941917326559,0.265103828751442
0.933183697493546,0.227849858380598
0.92737870118077,0.330195734795248
0.862734803480935,0.293631292891075
0.952909249728523,0.236846005422039
0.922565125579953,0.346376371791718
0.947552757627009,0.244980867350023
0.89769403960478,0.362034726049898
0.883540334384485,0.346819834842648
0.867057400528905,0.455641417832646
0.839830882346735,0.427752480373947
0.853032112441969,0.458378637941992
0.875163792003746,0.41642755537194
0.825174754327686,0.518234623244374
0.785917927688437,0.339499658884583
0.744591423754925,0.474919092296609
0.821962113621413,0.474314006195369
0.836005705677354,0.449840035742756
0.76395823141525,0.516116871537454
0.821962113621413,0.381863973491164
0.713371355452696,0.527032357327714
0.625975724812161,0.514172325937172
0.787142385957684,0.471404520791032
0.825174754327686,0.400383493046616
0.716071496446355,0.442765735818552
0.675426823360077,0.323889624733469
0.822296483278403,0.257554884316875
0.75146405762842,0.411363295010458
0.816092602547599,0.423977592134303
0.72518399712843,0.330850287748399
0.782312916249697,0.320774454711236
0.767560999799778,0.489177085598817
0.826993785270609,0.373458423872039
0.84158504803256,0.373918192068434
0.66938219328157,0.34330470231227
0.732215773031258,0.301168661841557
0.718185748434809,0.423060672818212
0.688953314251274,0.278058368922087
0.711904224396958,0.349433096737935
0.771895200183947,0.336518913977668
0.76264593686862,0.218739043282487
0.715444625745646,0.361157424358465
0.549652584856669,0.197968629444536
0.537288611414498,0.402723736084787
0.661421883658741,0.30078552303391
0.738238168634166,0.3609979417147
0.75131229454663,0.297377828254967
0.696449026754953,0.325847893796623
0.575991037658395,0.446507839735338
0.660190366374651,0.410190366374651
0.653681221608812,0.449746755317149
0.523129542664278,0.425640917881999
0.737651292671612,0.429782360088286
0.63401154047199,0.605738889089965
0.520892452571733,0.666617621110188
0.549240258688274,0.626359482083533
0.532651659113315,0.816652381274654
0.534045013667102,0.688283460457621
0.435092009820468,0.737878251434818
0.392236682545976,0.88874611412942
0.380930666850356,0.748566325494785
0.285957703735005,0.932120802680971
0.420156612200955,0.847087735317717
0.280631005122556,0.9082724093585
0.262506415165662,0.936849279581739
0.275140026821508,0.92898815270466
0.169779542307162,0.971334882594471
0.123299017484086,0.97682300241786
0.223567781854321,0.955027720030104
0.162274797056632,0.959941826327011
0.0140082953670131,0.987016590863044
0.0665232669571612,0.954143669055286
0.0206396510667487,0.994347548284399
0.0782905414293946,0.962325419467362
0.00526372435575036,0.98687088530692
0.0665917746837588,0.980862770527972
-0.0824514554776075,0.964207183449106
-0.048650425541052,0.992105122777002
0.0787180420925681,0.957280343172069
-0.048650425541052,0.907287168630927
-0.014409262293336,0.961227781783568
-0.103043254863094,0.95333290456057
-0.0812565061792499,0.872236280941293
-0.0944625013590008,0.809258443875562
-0.0229900157974293,0.946862627106319
-0.0527450789006422,0.929951872750874
-0.0330658488345924,0.805084897179362
-0.0997754286944885,0.885721685505571
-0.00402389859501774,0.881362260874058
-0.136982981300236,0.960331747231207
-0.168926809550233,0.937709002445475
0,0.913489598714274
-0.178282940227598,0.94891539608473
-0.105039153050239,0.967872662159784
-0.0266801038942466,0.986660927799697
-0.197007036064726,0.870742486763672
-0.072975638311578,0.926855218348036
-0.0887938751297312,0.956860428352166
-0.118288993972158,0.897220172976205
0,0.984918170142845
-0.0944431966121405,0.975664491667664
-0.0173239732168809,0.990536364017597
-0.156942564974284,0.973531813106617
-0.0492678014668779,0.990326406510375
-0.0717142188902018,0.979390675953201
-0.0694049083194127,0.98436715922983
-0.0835531489381572,0.970801928197368
-0.131775674441514,0.950616258982615
-0.094436232128246,0.97484873320063
-0.0658677185625457,0.964108555594059
-0.138254508255756,0.961977372701003
-0.101049455172656,0.965182434951778
-0.0620981540494333,0.900170868272072
-0.0591860267746096,0.896643344480476
-0.233518736430038,0.911139152722158
-0.189663121696029,0.939990932755892
-0.234278758473259,0.927828997641872
-0.245831809028678,0.927458898748275
-0.162206289330034,0.930157124555065
-0.351096132047914,0.900437264995519
-0.26450785730039,0.88053296336924
-0.412076989071422,0.879449125929123
-0.327571189305199,0.844029227320256
-0.461446336212744,0.863557582190807
-0.483703102917077,0.844629398265394
-0.523787107520804,0.832421856301449
-0.507319137454114,0.746362763248569
-0.557004627185362,0.824149741783326
-0.638652030517913,0.736046539485921
-0.649898675632931,0.731133714850344
-0.536149056698586,0.814778604884007
-0.641032574583912,0.72637106631087
-0.556753813101944,0.708759728420686
-0.618160176280534,0.765198967348781
-0.644249182090102,0.74265409669301
-0.584431527802965,0.757766928446915
-0.675899687476282,0.721046137071842
-0.643050174212954,0.74871188062994
-0.667193240132715,0.701426375121129
-0.706557348196564,0.691172732811948
-0.649221650241896,0.560367386094122
-0.712933275844983,0.677365822255593
-0.697210391021855,0.672391167799748
-0.674466793565298,0.708836667242539
-0.718192150682224,0.656653689143762
-0.697210391021855,0.672391167799748
-0.66707099670781,0.673134355459809
-0.608672320416028,0.762606786707691
-0.72572125562668,0.639876547075625
-0.588079146312582,0.661235306728164
-0.728753156648862,0.666954129157434
-0.722743585016428,0.677642795439408
-0.728506759615969,0.662153526181636
-0.720083141065154,0.635466495224288
-0.736392022401139,0.614003081667091
-0.766658431338719,0.606806190179316
-0.731115123155172,0.645481508138832
-0.707983545015508,0.63166627136088
-0.794249260125883,0.569767885744669
-0.789396108866741,0.559979802167879
-0.801739909203893,0.556217310196129
-0.805287103844817,0.538267702082634
-0.831414698279271,0.511562199394278
-0.821318154482055,0.509173433774975
-0.850445578866935,0.464841830216378
-0.863996906103816,0.447296910006378
-0.873916696417413,0.449462362054745
-0.915517625821246,0.381110358609301
-0.898415319674447,0.408460325550904
-0.91524721655887,0.385266733490122
-0.91379718186445,0.365869720530552
-0.920652120596338,0.350538979286526
-0.914674820984358,0.354640844658598
-0.886829645781489,0.384130541848436
-0.892616558300104,0.312865058521943
-0.82337620536866,0.348965958019265
-0.896919623164988,0.316510267979978
-0.660402116292078,0.36268816628908
-0.902456903832096,0.292493306380708
-0.854917912500699,0.365154747101125
-0.774530046718635,0.255295529574932
-0.773476888218288,0.274100393286925
-0.847210234192709,0.334546903306132
-0.880870644232066,0.283382019449787
-0.870587884155057,0.307997984299837
-0.893816143403935,0.170555757867231
-0.898140318483819,0.324228224302464
-0.902045501643311,0.165019832220095
-0.902189685186541,0.123272655664976
-0.93058529530344,0.272493715066994
-0.83867073214775,0.253517245495034
-0.903691420402116,0.238624410853623
-0.896527038973736,0.319747021555465
-0.923295728115689,0.238870419687818
-0.876220675237254,0.170555757867231
-0.890956809746413,0.193676545357929
-0.899951711004086,0.184207522955191
-0.810111601400969,0.248000842521561
-0.925036211706163,0.052704627669473
-0.837012933297101,0.167659131970391
-0.86541078846063,0.159813478183608
-0.705382380366436,-0.0223562187456933
-0.810539790444813,-0.00895721672710593
-0.750874068325934,-0.00433342925617295
-0.919593186559231,0.0283105828978906
-0.884304704860491,-0.0543928293220421
-0.926629110263335,-0.0987098256069212
-0.856391229631228,-0.206038494535711
-0.742759510888382,-0.266749122591106
-0.691287764758646,-0.25883158862683
-0.818079447340245,-0.351269946606902
-0.769196082409296,-0.365238665744206
-0.729087595797598,-0.636779903489906
-0.713065896760217,-0.667916620585244
-0.633229168092109,-0.738719325893393
-0.653874844618015,-0.724995128742059
-0.582739965507435,-0.789703590496512
-0.517762748511616,-0.736205241347741
-0.488324101412093,-0.861297118191212
-0.508270353795297,-0.846243623611328
-0.409251816592655,-0.893339360348631
-0.307919858838499,-0.935456733037264
-0.289645579844521,-0.861551416452318
-0.191078376238693,-0.890695425884028
-0.146738042728707,-0.972818401205364
-0.0523698769834299,-0.962525415839324
-0.0304671180529642,-0.972327655191433
0.080942472793291,-0.984815006983761
0.155834132840056,-0.984013944128451
0.222526775400856,-0.966678735609328
0.228091750007833,-0.955683120419003
0.255510985909642,-0.950098815051994
0.360338589601819,-0.905994823414706
0.290612376470728,-0.923565961024084
0.278187475348344,-0.947572360043349
0.305592532995221,-0.907940672095747
0.381205306787836,-0.882686178365217
0.391974862611363,-0.894734350288419
0.453424962805949,-0.863700639606176
0.486138950139902,-0.851506471605022
0.507768037568405,-0.829417383199728
0.416579133296111,-0.868130334991698
0.653973726257915,-0.741601903272422
0.74697378068143,-0.651772544726888
0.718049509284666,-0.66740532614547
0.790874954841768,-0.58599327910377
0.826782402761104,-0.526328026735564
0.809701656770741,-0.549472986692898
0.833329420644841,-0.498363411485273
0.824616068775964,-0.523370071788149
0.870933136129319,-0.453743654134629
0.871871400318086,-0.451603097835982
0.904217876936752,-0.376789901160009
0.931393604052375,-0.2902085096508
0.904778577056293,-0.370546521080173
0.915783569901261,-0.311866275124683
0.920755768197217,-0.279667910568665
0.944725470512069,-0.169282500586347
0.90141497965545,-0.179794432041766
0.86724043240859,-0.100517458588294
0.918109556916378,0.0684034331588223
0.904964240703819,0.0165364001115802
0.9082724093585,0.163178487966126
0.931441926916352,0.115406108278474
0.910387139647938,0.236314008837677
0.9082724093585,0.280631005122556
0.820742480309546,0.269067304223967
0.834211389101145,0.472541912667102
0.881568615061266,0.345099667481762
0.727379807058528,0.51979057535498
0.715427929211213,0.466499623249691
0.75619798021673,0.610142072445113
0.779153092653228,0.607147863614782
0.768492512948727,0.558910690363144
0.690975415670038,0.59404547098102
0.666069465809287,0.724432115301237
0.66283376553966,0.726721422039654
0.691407009693739,0.685926315234274
0.634913835884681,0.743976887529938
0.542145819552295,0.819874502317363
0.628017692982535,0.753738410194756
0.545278775082098,0.80270937198375
0.43639194083177,0.846831621868574
0.418638321206403,0.830277656958787
0.394940692324517,0.89562341693143
0.453993667411246,0.872494893305881
0.31879298247733,0.93399053953019
0.413444607977443,0.892713816316007
0.385411072847351,0.899549508762284
0.303192262704472,0.940161811914675
0.351495492110283,0.919036729113789
0.207546853280942,0.895663573780356
0.214827145790255,0.94708873519102
0.19944267039818,0.96750217159863
0.147948033745642,0.73420844287849
0.0606339062590832,0.992535625036333
0.118113007970441,0.981249765965104
0.0142493797333629,0.979390675953201
0.0637362820901431,0.990611328599381
0.0214130854957023,0.975443237341702
-0.048752430611009,0.953775124539641
-0.0287479787288034,0.970711152758274
0.00669928554368227,0.973959908217991
0.00977828573507602,0.973763267799186
-0.00929581629610108,0.967332181783151
0.0379827423865684,0.964928914474021
0.0621217490439413,0.97695102036852
0.0293671608903057,0.951993986670551
0.0481008055244724,0.975087609253369
0.0569590827726299,0.951148431411299
0.00962147284644768,0.970908274744914
-0.059639051375999,0.96042041630725
-0.00929581629610108,0.970908715465621
-0.0667749180074587,0.990747358195098
0.0071414599843306,0.983232027096449
-0.0918100989512209,0.988471511517155
-0.0280738168610778,0.986977717339534
-0.0883893137878336,0.977005679903209
-0.213550687011238,0.896734022034145
-0.0657420343962298,0.991383611093454
-0.199134491387727,0.956508955683653
-0.0592972136861022,0.855225714802271
-0.112220595535729,0.988183724849541
0.0251097460361774,0.983616921807268
-0.0117979497407208,0.990990494733268
-0.0836107764230077,0.970942042890246
-0.034446258496019,0.972205892208215
-0.0713410078977683,0.985249564365117
-0.0754411171163137,0.975920887257782
-0.104476720903561,0.982238745083159
-0.0701821088038397,0.971660077807873
-0.175039735014865,0.976870994557395
-0.120410646895363,0.981443049333857
-0.170107484856274,0.966673418193987
-0.23236193424016,0.953127362213225
-0.183593112833508,0.95571784360316
-0.160006051591543,0.960912563712923
-0.173916869230507,0.962258997769948
-0.199853987911635,0.952792739609891
-0.169853168027046,0.948981560449532
-0.234099405398947,0.943860876088551
-0.197268647221538,0.847402699870261
-0.274589758018736,0.828489435291358
-0.248273454552702,0.834851908233371
-0.323065524853644,0.917399233779924
-0.380723755252592,0.8544839111876
-0.381944105722927,0.893598808474187
-0.21979415780181,0.834547526040344
-0.410446375694367,0.793216384175808
-0.29732728779411,0.782754560493971
-0.306502806940486,0.682874578366221
-0.194436703819346,0.833014634121729
-0.121258697814856,0.619513138794453
-0.0439068935861326,0.789589613341724
-0.25404857384433,0.753171470317657
-0.00622093742940596,0.774224529615703
0.137564350071358,0.77144367095196
-0.0616755678594509,0.492759510888382
0.074535599249993,0.964809063666639
0.245091357117224,0.709554008570588
0.133270753974583,0.538263912748995
0.227869466116231,0.810325695922891
0.429782360088286,0.654317959338279
0.302231859259586,0.777120193605096
0.254480453838932,0.576266050328353
0.398425223983462,0.594843492787316
0.559496261963216,0.624488151661596
0.502904992432799,0.495364077504221
0.66341137326984,0.664436602546265
0.607587479988867,0.456461370343704
0.718180425012728,0.527213369921293
0.704988255249705,0.643180940779872
0.811288447128185,0.425125362761811
0.870062287164994,0.444795958729788
0.878476344019761,0.453095649241425
0.830200174505021,0.401687382758669
0.886996700696672,0.431541162638164
0.900719429346391,0.39455735497753
0.923064569914246,0.35829911522391
0.815259075828788,0.422607298891267
0.871705724130607,0.449149190076316
0.870474565513258,0.459994259018174
0.794273780253382,0.390937999158036
0.854718168146539,0.498005473514125
0.819101356194871,0.40320795413308
0.813703192308557,0.424272661695873
0.80733885499462,0.426665237251506
0.88387390106401,0.437802227123161
0.73584459274723,0.441867367799097
0.851590064967724,0.398580458728788
0.813074969797218,0.413406908685385
0.890526958091875,0.418664032857744
0.890232129670851,0.417196151013698
0.903700637744554,0.381619904165092
0.78723847247674,0.448163348475753
0.881208333486041,0.432212376928646
0.859707515737967,0.343513895807233
0.809535200164321,0.486593196575631
0.888512014287408,0.388179662120615
0.834205922340774,0.351419327252148
0.907214162237453,0.356666561745631
0.741608434609914,0.301007417795374
0.917154840318617,0.322397345223572
0.85874570831737,0.216702359216626
0.819319313848232,0.265608444608712
0.916712116194876,0.296817332512352
0.796811742318497,0.222684361550856
0.816792399240176,0.111126805194516
0.796660970212024,0.145886351372214
0.867388119116552,0.0840241124860128
0.888778769347503,0.0736402215026019
0.92793601292101,0.0205499016553562
0.801074991851972,0.0541225197815019
0.870102120530324,0.167897725989829
0.887254673079857,0.0937301210899387
0.904764329788175,-0.00440720680789346
0.813669904923051,0
0.855336913596044,0.112230393302675
0.909173872205369,0.111957705486148
0.853608153785834,0.12452736799459
0.870782982371102,-0.0056495902513955
0.820056961657808,-0.0453781965702097
0.862370736958154,-0.0914577852941634
0.868975932422565,-0.233840067894145
0.873337386517463,-0.19669454076483
0.833257689027298,-0.350627330206236
0.796326714712217,-0.33765929176189
0.722116907715763,-0.468515097489201
0.731651603644787,-0.434049031214217
0.791563270223416,-0.480966642669903
0.717331294486605,-0.457229631155897
0.667165292089088,-0.542891919510709
0.673341648618019,-0.556310382205165
0.669834384967151,-0.560545174766476
0.632759585244793,-0.634037654193511
0.635863201144159,-0.667184250761361
0.627989188392909,-0.67843569431044
0.603856893477605,-0.706216220050745
0.614403885603198,-0.726124495225738
0.602908409013762,-0.75735155126765
0.578383555072411,-0.800747158249589
0.676440440464166,-0.7246905848492
0.618656437717469,-0.759578836738424
0.621454487964416,-0.703542569866702
0.617114342252395,-0.701779639872026
0.607772626329687,-0.750442954137509
0.588136138215049,-0.698706558540188
0.546459822427305,-0.69959231856408
0.442070874588258,-0.726051597794032
0.510644251556361,-0.69436481427352
0.448621741154533,-0.725348410754625
0.471720441236115,-0.792333777010888
0.373934443631455,-0.764193910066801
0.30858759690537,-0.82626170871861
0.357394242431358,-0.75832839805693
0.381583807379963,-0.880853206222522
0.28054418922068,-0.834117470306903
0.19281474846428,-0.874556515784734
0.237809617957943,-0.91083538517203
0.138390686925509,-0.905095328461929
0.0662585875379988,-0.971307522990203
-0.00291251563390552,-0.978512714102002
-0.0518645816618699,-0.964966828334959
-0.176617394253015,-0.947393379220148
-0.258287613244377,-0.933196869504229
-0.371154979730039,-0.905824550146073
-0.467771277575986,-0.823265731404435
-0.526198652161251,-0.635141268193312
-0.519298012179004,-0.634907175904267
-0.582134969837728,-0.560987046651963
-0.71316302309256,-0.461374834231758
-0.739980833641619,-0.429595225211007
-0.810195798496177,-0.35647597915104
-0.870205079125619,-0.29493483148857
-0.87848623436102,-0.26474452318637
-0.756700914120121,-0.231154479590171
-0.961045465814557,-0.203637429645892
-0.953173359077749,-0.19916993009627
-0.877299186956123,-0.183262316877244
-0.975683457501644,-0.0922271338799078
-0.882037100492862,-0.0856603409415164
-0.872428231133369,0.00697879916816402
-0.82306066704141,-0.0128218616744222
-0.81944550630971,0.061102427664191
-0.75716891143732,0.154496300997801
-0.751458868613524,0.19386920487366
-0.713275197915425,0.210796882114479
-0.69677172856558,0.245796789940888
-0.821216517937958,0.379736936242125
-0.706992437613234,0.37969518227897
-0.523587595017799,0.35856335767567
-0.913886275422886,0.35178828094943
-0.877566035063371,0.34511936985585
-0.939223893896434,0.29614586913334
-0.935428949612273,0.340040236010436
-0.891088682768702,0.250416479226116
-0.93750076985786,0.312027958904591
-0.783688992450193,0.3893796782234
-0.794865579731985,0.379334850808979
-0.793367119634516,0.423293804097003
-0.731633120988307,0.535758107076511
-0.687999095647675,0.504408347860454
-0.616714284856833,0.536104151210464
-0.577114010023255,0.562833463247696
-0.522897644959976,0.657248848778864
-0.518915530374792,0.663356837829322
-0.508157671207748,0.667580655012467
-0.553197496967133,0.596726920946768
-0.490250765376318,0.724546955304364
-0.524473904541461,0.722516057698456
-0.449513508127241,0.786895415304905
-0.484254090891886,0.818259124608267
-0.583954423512935,0.79230788051367
-0.619657682661281,0.772488023166533
-0.562607284539185,0.77228575547359
-0.597527167566509,0.743577937731595
-0.647960892654364,0.659464979061444
-0.612911143060686,0.637035782041441
-0.608142777018559,0.589451948222116
-0.660800205256419,0.559768045593926
-0.555704795425981,0.568918433050022
-0.667057079050411,0.506935316030502
-0.526871677006451,0.590581116305487
-0.598828122284419,0.645749717763411
-0.547187106904581,0.568227300340138
-0.591171807134029,0.507678991156929
-0.549322373855249,0.544413730972473
-0.485331887114547,0.455571636944416
-0.696819514649576,0.408199471866944
-0.714796048807588,0.274062134051547
-0.677079444792025,0.213943643796616
-0.749351513643034,0.0423643348594658
-0.885794759025969,0.0949349373672771
-0.653133495807188,0.0528778337761105
-0.431630726301256,0.0275483826489406
-0.477918889607635,-0.299743086573694
-0.573097891036051,-0.179526698057209
-0.582342133137291,-0.240821914486681
-0.408356981028693,-0.29145033707691
-0.463072035093019,-0.462968551232719
-0.416649135918646,-0.540224929705004
-0.406834200916907,-0.696472880356973
-0.335674549247385,-0.613861409413282
-0.220117254651559,-0.680397248621078
-0.37634805384232,-0.676039594024885
-0.254593290191228,-0.736127193044117
-0.237708007553461,-0.807010996976397
-0.258381442811126,-0.81717883458657
-0.23974391812028,-0.879512689777976
-0.123162767527313,-0.941974438152053
-0.125388575914992,-0.939504343691623
-0.229546032116224,-0.908357048472745
-0.155206222413649,-0.937981212899679
0.00444932575457578,-0.96584645773405
0.0423567255272567,-0.815231122514508
-0.0406849342783809,-0.771075058793742
-0.0622488136715878,-0.874376955786676
-0.065881686648213,-0.985311283958968
-0.140534302043993,-0.858806313125484
-0.125430453956489,-0.812716046181782
-0.146367667999501,-0.972384419671363
-0.263474654927811,-0.947026719751308
-0.229756895874528,-0.952599000399362
-0.153802585353143,-0.930294674238413
-0.296100920944607,-0.943466817839107
-0.303769253472004,-0.858362055777084
-0.327445096908418,-0.930540589693982
-0.373674795147093,-0.913617600102535
-0.414429389567073,-0.848945721904533
-0.4473740123495,-0.828777218955014
-0.421776351022793,-0.784304259377427
-0.495711577954672,-0.772553840214057
-0.498373381178109,-0.781920384902248
-0.393978429418339,-0.795215279398416
-0.487660270363391,-0.789218157489649
-0.498612882626031,-0.813436925762155
-0.442799442118985,-0.808906177703751
-0.567519231721898,-0.773454741186702
-0.531490436175817,-0.814287765166182
-0.577816226916711,-0.787848291952016
-0.522551590199544,-0.83246886357819
-0.519309401402181,-0.818785982229081
-0.484543048798292,-0.841187598748824
-0.46150677093364,-0.852426835963763
-0.430046877447294,-0.866085021622732
-0.438969496296812,-0.863898571041412
-0.394825103138244,-0.896691709483713
-0.416613160980391,-0.887865827117533
-0.420503383277457,-0.893110705967735
-0.393654695593666,-0.905534550596965
-0.323477875345715,-0.940758916998552
-0.334030465845508,-0.931092304653312
-0.320645725159032,-0.925450961400219
-0.32471316124552,-0.918490348331076
-0.223232821783653,-0.965765147753484
-0.245622578002918,-0.953609265648635
-0.186707075286976,-0.973536729238377
-0.249386284736685,-0.958214706239943
-0.209348621613673,-0.966864237498635
-0.257999047154725,-0.958969360275637
-0.2268245636524,-0.960982270220854
-0.253578839153544,-0.960513025662443
-0.194485095963824,-0.972013114352543
-0.151339286385008,-0.972572366269722
-0.155007488833664,-0.977642425947038
-0.138308045648149,-0.968972212784029
-0.0766728325348013,-0.974137255067666
-0.0582301771278599,-0.966430305612418
0.0662743106301538,-0.978008008281208
-0.00793604931318336,-0.975898131993176
0.0342985338857952,-0.966869982044116
0.125436689924967,-0.881743543559617
0.0736635719460372,-0.953242393561001
0.118965710404477,-0.92067940354389
0.108528358800769,-0.875104047635967
0.103407573061576,-0.84115492251095
0.140587615852355,-0.804385479596449
0.181232621949212,-0.767357932860151
0.204515045760674,-0.790307297741106
0.216162454054039,-0.804214126190026
0.232771584273124,-0.792691341494819
0.237572303746757,-0.78276757515093
0.244108071342094,-0.799327748520167
0.214191949638074,-0.809689856083341
0.312593419498022,-0.77039623144314
0.177729623572008,-0.789800190832328
0.318913470090097,-0.74546540894251
0.217683569059278,-0.784012619841461
0.359661252141257,-0.716103124657546
0.316371478022273,-0.724524494285688
0.397271809869043,-0.68355878772654
0.395902161256654,-0.661053922654319
0.39533289497954,-0.627372718242363
0.467280970482955,-0.652375327013259
0.40402510682022,-0.633832428093863
0.45322632791154,-0.633838678209287
0.491304798169844,-0.521932796373927
0.464541993438176,-0.581897763034873
0.358541079857852,-0.691417723088232
0.466245824162423,-0.43135327301151
0.459494923141888,-0.562360440558998
0.368538762066142,-0.503718290585765
0.443545760999459,-0.610805817178021
0.310230372508295,-0.613534933701934
0.361681142433829,-0.542707198423632
0.457142444331304,-0.676901440476819
0.421181814041702,-0.6325188054265
0.441214255810858,-0.667769776461753
0.38280729377033,-0.616903729349802
0.451156897749856,-0.593796670500112
0.352393519483061,-0.63646749974268
0.404593214466743,-0.631148735117638
0.239238061516189,-0.621528222403663
0.187479261946881,-0.472995066740652
0.426445538397452,-0.564741203553529
0.457604419155343,-0.594019107022935
0.434844974960669,-0.474836600400701
0.361749650160427,-0.568494449517564
0.526967267106908,-0.546289894583397
0.514212588654842,-0.386190530490418
0.481580404865825,-0.513306863008934
0.55898985646308,-0.397210494743984
0.575851854855923,-0.498732631460663
0.702181809309293,-0.46808537372982
0.680188045204052,-0.36636715657249
0.669078109949083,-0.384325584764882
0.676302506932819,-0.443749372318136
0.544878077235767,-0.315894187622464
0.716329392058082,-0.450599422970191
0.774127303001911,-0.314865426874585
0.809073339419816,-0.29830713910036
0.830784297528818,-0.326597251607855
0.789915932625157,-0.268412010042725
0.799496529964823,-0.329096162656081
0.821545932361369,-0.254234374573159
0.775937490634735,-0.326763213911971
0.852926849661523,-0.305761328473351
0.765565655385076,-0.315185966877314
0.792045833102857,-0.267976403188869
0.844880286965021,-0.355911094302732
0.805849775447442,-0.295957016839436
0.799838611641643,-0.322992143004229
0.840791095302207,-0.306449677351877
0.774879249260061,-0.248005384508288
0.805401246394914,-0.314381755685865
0.836734006447571,-0.372240762469981
0.899024266800101,-0.261981047420637
0.869114715390311,-0.307580205551799
0.876117720405166,-0.307246798897436
0.90496803440633,-0.285109870048897
0.810812959489165,-0.277446985298144
0.888411112550731,-0.257766692428643
0.921430208876865,-0.192192129023222
0.890903160348854,-0.255116628087288
0.892848686032177,-0.244597460994002
0.914022507617811,-0.238086783395387
0.909638905226331,-0.273086368845276
0.88006970667769,-0.259929101687088
0.868577393494157,-0.235028331764296
0.897171431450053,-0.216974230766577
0.881728350189213,-0.204096312901185
0.903707398246834,-0.229421200606035
0.883219285114629,-0.22048900477321
0.894337130998838,-0.141260712581748
0.919974097066465,-0.169818080321623
0.89887051670295,-0.153018641229654
0.89622342841001,-0.149767561814579
0.892857778932355,-0.162751234604565
0.890297472235402,-0.184623707083137
0.847992707388069,-0.209934387551821
0.868991426719206,-0.228236437546304
0.831489685231862,-0.25277829330239
0.810322045472648,-0.297535936521932
0.828721060218525,-0.312775815075941
0.768575442418762,-0.346127374239437
0.797811886557289,-0.380382407299134
0.777881278509254,-0.364101091131732
0.738759147599476,-0.408112379268016
0.782027475198256,-0.48032619720946
0.727019489000386,-0.417156563831588
0.739692452855745,-0.401951325303753
0.795557522720798,-0.434625024380517
0.746446875734887,-0.370931753164391
0.839024546083086,-0.299046224700029
0.803504533390393,-0.201944599097485
0.807554210861817,-0.220664367324986
0.794135779943038,-0.172095681240393
0.783173398819141,-0.129380513299127
0.787891545306739,-0.139520731142706
0.793829430199939,0.00411218826280567
0.776764020310725,0.106488291992053
0.662152194987433,0.107426160411664
0.81277419276979,0.121808595394257
0.631558290266423,0.221134933003648
0.642597713221226,0.211442619158988
0.806915285292106,0.204253944621266
0.824882085026968,0.245799206933441
0.84678551467695,0.168985630094215
0.773787864256691,0.240666837114308
0.832193682214657,0.23359012943098
0.70965484314761,0.10069895137038
0.773244928095406,0.180654333301976
0.907429170746154,0.256098937444085
0.946202661122862,0.159280450670871
0.849750140956345,0.187589805744905
0.755916309677824,0.117053858699874
0.707077519204642,0.0761922458177681
0.614138579750868,0.0871461247083313
0.754062297307202,0.170728963973868
0.641467050172062,0.00433342925617295
0.570324120182546,0.116906643951783
0.814520689131712,0.10501077040444
0.807381627937414,0.0543928293220421
0.632382106017558,0.0563467415714165
0.713128681197235,-0.0170337450148851
0.813640125228245,-0.0905677603942406
0.624803780210145,-0.196766784554692
0.620315111152603,-0.159917986229868
0.628734342150749,-0.0961026916387545
0.636441051825677,-0.244997221209475
0.424598951644091,0.00558252122101702
0.504688225108906,-0.262434186777695
0.576612397168183,-0.12319492093742
0.470992935065837,-0.25056338857104
0.466966977146453,-0.301776322813561
0.399945541106306,-0.479739353523038
0.401924785190678,-0.388903175802635
0.348232921479102,-0.558199842555039
0.348621322160607,-0.733225280324478
0.0464837286325928,-0.690824115271187
0.0244029133214196,-0.731147712678556
-0.0505076272276105,-0.710226768477596
-0.233442732144856,-0.716197079222448
-0.223602952027852,-0.768778347173115
-0.236838364645245,-0.738321608426696
-0.489555343960752,-0.687336293041532
-0.347509793332788,-0.873318281595457
-0.50522244404048,-0.785509084709221
-0.523986885632011,-0.776335798490529
-0.586422177033718,-0.740880364997839
-0.6507568369184,-0.645821658671148
-0.704015590603679,-0.619447356703277
-0.73237311712308,-0.588957622754786
-0.743483878807862,-0.555566381926375
-0.721116396928953,-0.590536042359083
-0.730473429967349,-0.520965013963647
-0.719645403303128,-0.530058243902242
-0.74341529030769,-0.498704423554522
-0.738233231145447,-0.470702817574338
-0.736053403296567,-0.492967081175247
-0.75401155151435,-0.429281294331094
-0.738791153082474,-0.397347169889346
-0.750815418115244,-0.401398189943921
-0.781812859745036,-0.327636318295094
-0.793425616025559,-0.264389518727798
-0.82603591388531,-0.18731660225609
-0.797184385657053,-0.167419705636155
-0.81064587117476,-0.116727744713038
-0.81799364860734,0.0652618084791682
-0.887734109075705,0.170581794902958
-0.766631568072047,0.258170610845338
-0.741063690848156,0.298689022171506
-0.753135237630051,0.341294261289147
-0.774796955655371,0.453528816821644
-0.749579316940843,0.433357525196029
-0.825738438775305,0.445512302928443
-0.74992625331432,0.51972170207694
-0.783600887003315,0.521657823209359
-0.768525681565601,0.545391767400195
-0.762904622756936,0.553339082060906
-0.773184540882996,0.541104861368905
-0.835952618569325,0.503202701783475
-0.857906143224645,0.464972325205817
-0.799484643200055,0.488231994841239
-0.864749367730067,0.436302766274102
-0.857301855664443,0.454490834416757
-0.898978365668943,0.382572958808493
-0.897083180847275,0.419365505142606
-0.882860131575535,0.450959729852802
-0.867850373328341,0.437038700236782
-0.900954598811846,0.406253942445484
-0.904973132801523,0.413330288913774
-0.917818425291721,0.392503228761107
-0.913715437126591,0.383686254377926
-0.896834946543933,0.389593358099187
-0.890389199939538,0.38882799042592
-0.92522723986858,0.359011799676285
-0.926366207841601,0.338294472260043
-0.93880769877934,0.278629060933468
-0.941368326119678,0.286073248343474
-0.942072692737079,0.246571601794871
-0.934972730950864,0.291823639331166
-0.933419821804601,0.269011117130037
-0.912591093880974,0.291125482381702
-0.882743205498562,0.36147144559172
-0.876793208851177,0.339706601149402
-0.865313229249461,0.316587830863445
-0.854054375400369,0.350752486018058
-0.819050207205187,0.436001055325947
-0.727637437202378,0.460476334045924
-0.757908793662405,0.395021790627724
-0.82504825754227,0.459213964599206
-0.781945328287941,0.489418352073887
-0.773175249880312,0.440290002536451
-0.793337935672159,0.464787801427786
-0.707582481035789,0.548284163857127
-0.752549946752823,0.543143527725711
-0.74893287294945,0.535216781271079
-0.671434571406359,0.560840129977014
-0.666571594291648,0.58841174997214
-0.674748254417473,0.553568423179647
-0.587692135277866,0.64945730096705
-0.665785299916119,0.606156820516125
-0.531529717060495,0.602610015734658
-0.624672148359548,0.612477287885368
-0.524678842487451,0.678793470612217
-0.520256126506502,0.661893706080673
-0.55112038753942,0.666591500224027
-0.445578380445708,0.701175986183244
-0.502042494911531,0.684025672301403
-0.513993451914931,0.696375723154297
-0.335009003296253,0.742318676535702
-0.356484662379031,0.7562244751402
-0.213544859746207,0.762846558179227
-0.244927790533541,0.809128828087028
-0.226253064990533,0.817177243818044
-0.112323192133789,0.83428323932796
-0.196134364203402,0.813046352572538
-0.139779941544947,0.858026198331272
-0.0502829568425505,0.819490791119668
-0.192771063744179,0.837071009525973
-0.0866215292030858,0.855315897029442
-0.10681701179154,0.857471895384258
-0.0550848006277445,0.904214897627367
-0.117682563260168,0.861615095120748
-0.0528474347699972,0.897429339090477
-0.0317591961948318,0.911712583216572
-0.00465216468964743,0.938647086000473
0.0224910364935842,0.956957679632778
0.025174539596226,0.970960100696517
0.0868546638402475,0.945735640027333
0.106997876465847,0.963780701251438
0.141240547350517,0.895837834291502
0.0360606183517626,0.969211103422776
0.105102430768473,0.968987845232882
0.124848220119748,0.956676837991543
0.163420221294757,0.960161844059061
0.131775674441514,0.960117009366473
0.197691225833527,0.958538406778564
0.152167324542225,0.951454573156348
0.230153458144885,0.840057295306228
0.238363514980221,0.933975600070965
0.247484736242408,0.844972206414392
0.216015793246874,0.911073283823165
0.247528193115371,0.901690369839851
0.262441384056769,0.902519395421764
0.310189624686579,0.868899948544796
0.28014824443573,0.93585814949936
0.207185596437305,0.944094999260959
0.271858417105201,0.895886720636439
0.280485200604637,0.946676239071756
0.246373802689156,0.926264762941336
0.244805182371414,0.908246119222111
0.250308081051857,0.953464882552364
0.158555256214888,0.907189332320183
0.226493877214812,0.917073791174759
0.231655459892804,0.939472175876505
0.132620224474179,0.950999280743142
0.244772321112408,0.902649933367217
0.224886654229584,0.91369536264454
0.221141969337463,0.924878997796185
0.229053169310347,0.909230400843995
0.269875104152252,0.941841213758269
0.234312153325198,0.926172825227399
0.276873849410577,0.927061958782415
0.299985679872262,0.914745922474396
0.251979369403469,0.910613531484818
0.278068391938894,0.925161303189901
0.276017816506992,0.915533749172918
0.283683220161194,0.92506423756181
0.278305552889885,0.927799191637516
0.287167120677706,0.915014977635325
0.311733478226462,0.937271376107724
0.322165336569941,0.903443563670861
0.349941807699193,0.923860605233789
0.371838660825754,0.889239537100401
0.398951569640101,0.904742879059886
0.351269597180263,0.904737644955505
0.338440979592338,0.913750855796301
0.37281107574451,0.914193291324715
0.356208164600792,0.90142810894006
0.368867955109304,0.916309450537953
0.377898330492691,0.891917918338783
0.358081902686949,0.897651090055122
0.448551251075658,0.877608768256723
0.36409853400548,0.870674064649479
0.373695774989851,0.882025369070141
0.453964096684252,0.841353896077624
0.411332722513747,0.881834541221233
0.382855766666959,0.859456390805199
0.459724978256763,0.826487107007147
0.419129192306364,0.826137746451844
0.473816567746185,0.755768874949366
0.515903389325326,0.796030864896952
0.495927644760371,0.781565837901383
0.555245357099652,0.719527474849655
0.544660565797482,0.746216519219949
0.547066641263517,0.754912248235372
0.521780488274682,0.790614406318167
0.517637481992151,0.766025324409607
0.535063064270766,0.746210884760568
0.544578611552622,0.748267034671052
0.546503963792677,0.772263368872132
0.555695976069572,0.743540053897931
0.50758366832462,0.734275888384457
0.543796641581385,0.73621683371758
0.498383001119048,0.762079608530857
0.499746041021186,0.630177689324723
0.516972209265708,0.753487345572044
0.502635197645614,0.765522200680296
0.506144816793165,0.704748369576843
0.520291496027247,0.711998778075807
0.546249777695796,0.72990926255432
0.54771228948661,0.72416480409482
0.593587046471306,0.700992183908574
0.605847586535715,0.669365060183192
0.558637070748916,0.705745168330907
0.621052564385586,0.625274573560731
0.6061248247256,0.7078756478825
0.642664047427435,0.661154053968276
0.596522477089299,0.689766175238932
0.688991904226324,0.592356395898259
0.66429168061049,0.684871282865425
0.530678248158709,0.485366153604505
0.695337636449993,0.605008379109505
0.669276682401324,0.664863050393828
0.607689745432316,0.598323969842174
0.761354451439254,0.549836448096936
0.696125118727959,0.645332329714289
0.722661426657852,0.607019220614103
0.756170950764068,0.556669373013564
0.760572083278905,0.55493726165491
0.710746276840828,0.557833531314504
0.799938845258929,0.49537559878097
0.817045848372095,0.472787901208339
0.848989676622092,0.440844072958342
0.810555449668665,0.49276063629544
0.817625904772915,0.474466417548185
0.844925720967128,0.497592500402698
0.748074809333078,0.615416063670572
0.818790688911178,0.504822772045115
0.797590873198723,0.569849975420849
0.737399635795719,0.45916293634285
0.709992622738287,0.620003122939261
0.806054512663006,0.463961159163009
0.635991463542143,0.58653140397647
0.735419712725566,0.478370421456345
0.650961192872984,0.585921581968443
0.734713956960946,0.546466757307103
0.689653461758876,0.57832933902811
0.75061327341976,0.575432496641866
0.737252421047628,0.506483190278397
0.790596840448466,0.546613972055194
0.697416068767013,0.564904537852599
0.730966823619377,0.527032357327714
0.728208590107643,0.36535903770119
0.753764607363813,0.412020688919396
0.762123507022801,0.468454470979155
0.796247002590167,0.283630539308822
0.747911870442008,0.337016425326633
0.805429836539046,0.219378950269541
0.875280338075628,0.282039979647374
0.814645525688087,0.101547744557377
0.811915739237227,0.217424102540077
0.810469792687836,-0.151767457955867
0.827175785739223,0.044316996284879
0.828810868348742,-0.177427867699489
0.785679786353324,-0.177115314251186
0.712543494353776,-0.247267887728241
0.766855244035157,-0.371564685882414
0.563296485826623,-0.34428005540355
0.786452861340232,-0.429874132385878
0.686609404624541,-0.472082144470708
0.696367658845809,-0.516241444499665
0.622833830218074,-0.598056491695444
0.543154701114945,-0.63408043373391
0.388548666540302,-0.638515501793509
0.363646094728403,-0.716000921009563
0.24288247058117,-0.773779672007641
0.0969090274421985,-0.78728816159526
-0.0531804613569518,-0.830513671722268
-0.0960901031296318,-0.808507221629686
-0.23090629049122,-0.790885973363214
-0.266550504657947,-0.788414658945393
-0.364626026285002,-0.749304138355977
-0.408875244951473,-0.719267434152407
-0.588271648279448,-0.62156925132839
-0.564351436691881,-0.561840221850748
-0.732013541931448,-0.400485592576104
-0.759614339411314,-0.359179574998963
-0.742557997298344,-0.324428427284936
-0.813732219438061,-0.257435062356749
-0.810475854155457,-0.229426332335569
-0.821283436155524,-0.190096877053911
-0.777423607798601,-0.083876140011069
-0.834477324377939,-0.182048261343347
-0.816866363351911,-0.0491215139189577
-0.890914211341249,-0.115731016823214
-0.857951074377363,-0.0964356721034823
-0.856178778590364,-0.0996863559078745
-0.910395306061551,-0.100880051476675
-0.842119308420366,-0.0958944138276465
-0.888972456351725,-0.132079328900724
-0.837754474368904,-0.105597102195339
-0.874240565478679,-0.112749526087609
-0.92451473781736,-0.114961332495612
-0.835622407464107,-0.0979821462600346
-0.802046015338353,-0.0509340468700524
-0.927693728046651,-0.1514728079909
-0.867876463420699,-0.0656827514943497
-0.903045437279949,-0.122358601106157
-0.902098045687809,-0.147976689561684
-0.863815149069974,-0.173835091678717
-0.896745418941229,-0.136697704927533
-0.958580056382495,-0.0272287492576489
-0.947560384916708,0.010581454684557
-0.908408570863035,0.039951788205985
-0.963243934818992,0.0604033399167326
-0.947600188255215,0.124771851239147
-0.931889844592673,0.131313085848323
-0.912288501912452,0.170758705944911
-0.921348372672103,0.134278863116471
-0.866327285704039,0.275693209998596
-0.877280413342181,0.095831484749991
-0.915442313878348,0.0766922957843218
-0.80278624161435,0.141006879895254
-0.854643159401372,0.150283055922099
-0.768316267705864,0.0900723250567052
-0.822601535471929,0.286874138325336
-0.778635556259674,0.203751283370104
-0.839193642880721,0.146743610176516
-0.800187934330383,0.275423740021411
-0.614211774137386,0.293220153429762
-0.527829771526752,0.0246131868728951
-0.51361200036918,0.210464276639335
-0.411728876499911,-0.031098673648596
-0.159181227129956,0.133461164348872
-0.325587271364253,0.245178493062567
-0.187865387193534,0.243320017623579
-0.429838818708524,0.262779027238329
0.0263523138347365,0.228128140004195
-0.0960338820801099,0.294929756293699
-0.133301681705106,0.067352090512587
-0.132963082136111,0.210029980865192
-0.0716261138456555,0.23600419119482
0.117609481609456,-0.0117871451687084
0.139279195296896,0.0399174319212755
-0.0863723078153044,0.0214818376798309
-0.0771261193667993,0.114251470836257
0.362913543031294,0.0456674781465555
0.0650522787164227,0.165716952052808
0.256746658026105,0.328488469561577
0.161543405356608,0.067007126445887
0.257049291269221,0.180126214346144
0.236154126277704,-0.1388532751956
0.0336702147023803,0.102578461299108
0.0794615410097587,-0.288911872990228
0.222648245461532,-0.188247199653843
-0.0941647313783206,-0.322658374079294
-0.0711454397819876,-0.471217931871301
-0.12033950516952,-0.523923868240666
-0.206744799357137,-0.561530511276647
-0.29855238551211,-0.676974606740268
-0.332299666542719,-0.711610390202682
-0.312405162052451,-0.681000413531329
-0.289523299945391,-0.747801261601917
-0.311499781464599,-0.629069535687064
-0.288440753575859,-0.697043735719441
-0.341865580048017,-0.768849764786033
-0.313092775876582,-0.738693447911227
-0.285441180453285,-0.585732955416297
-0.242980850738898,-0.764593432077483
-0.351191407282089,-0.788304618168502
-0.343104578832548,-0.665782729457493
-0.32349164410428,-0.740164961217313
-0.342342386900359,-0.741232580352778
-0.185090296186361,-0.718931259223348
-0.195947767711905,-0.714759257567804
-0.195703574523526,-0.722785323727042
-0.191666705563246,-0.778289289769109
-0.133208039032226,-0.857730242626072
-0.15805465333924,-0.844763189749182
-0.0186898938104723,-0.888982677549875
-0.105489181019977,-0.762667001441664
0.0219871125329157,-0.852583062837317
0.0203707847301267,-0.88640874881448
-0.000713486277120072,-0.831303794611323
0.172274872379767,-0.887735577036911
0.042167568274063,-0.876719071846299
0.0373909951296323,-0.873001134078962
0.0870959376229683,-0.892484423488433
0.108483118175065,-0.8717452211683
0.0803395070462841,-0.826977095202509
-0.0529263485225225,-0.86958371316567
0.0267386947533129,-0.73031564933642
0.0516586073286305,-0.725989348352196
0.0365488545718503,-0.886664499451388
-0.0143918895864704,-0.944598044394575
-0.0975255221406057,-0.843573629069899
-0.0122540593758285,-0.884467973029234
-0.0443323726222707,-0.878036668730175
-0.120529332864166,-0.888210324061932
-0.0595262801171108,-0.881465293793618
0.0567669641374298,-0.916950259072702
0.0514809295393433,-0.88780620876662
-0.043087561968544,-0.93403035591246
0.0398455442963717,-0.961784599649607
2.16186769372082e-06,-0.989286161704184
-0.0217549698611231,-0.987844805093377
0.0565948143809542,-0.994563405510905
0.0218443102530476,-0.995536054919653
0.0329628438630889,-0.994725455072821
0.0454556168388736,-0.990185870654234
-0.00558118840935541,-0.996895458855534
-0.00558118840935541,-0.994121269668523
0.024414593334759,-0.976971013201418
0.008732388632208,-0.982970456048196
-0.0508960907677864,-0.989540699270029
-0.042716325457722,-0.902227414848184
-0.0197106273470407,-0.891847706509197
-0.112226434247164,-0.956480946976733
-0.0838170688019052,-0.963989869054819
-0.160993328865371,-0.897306686460542
-0.160422539843675,-0.95365004424962
-0.0832341741059641,-0.957406950222717
-0.120214187187646,-0.946210303178573
-0.111261635344883,-0.901200279990912
-0.0704113265850524,-0.799116062790826
-0.112511383150443,-0.837769213587045
-0.192317447005096,-0.910043454047395
-0.215599300281343,-0.812145476085816
-0.220910575450252,-0.882200545483554
-0.254480453838932,-0.850553539532711
-0.339694444139546,-0.784969419235576
-0.301413966807663,-0.78264372570895
-0.273595779747955,-0.753921757863139
-0.204524353542731,-0.635467528327416
-0.28349383989988,-0.645365588479341
-0.398849833428846,-0.628664073128844
-0.346871196291528,-0.737633006816399
-0.287242716891534,-0.613537862958195
-0.44599028550795,-0.58152362104974
-0.28879835337176,-0.523923868240666
-0.458339747943531,-0.609333818881354
-0.245539150684034,-0.261127862802647
-0.434113913183062,-0.507818767116402
-0.456784111463305,-0.498947813598884
-0.514856954383074,-0.346871196291528
-0.095836540638432,-0.33800024277401
-0.332392668980326,-0.315899785881514
-0.41941887951485,-0.334592671188784
-0.501124823897111,-0.498767678673764
-0.248174761141202,-0.523246596280365
-0.352752212848184,-0.525354481713654
-0.301996227706308,-0.340382510945856
-0.416440223183822,-0.184299761042344
-0.099600539272203,-0.341044943578793
-0.222648245461532,-0.228230766682549
-0.271964146610211,-0.285162060091273
-0.397697531634313,-0.397697531634313
-0.166666666666667,-0.284517796864425
-0.3807111615883,-0.0677232991822193
-0.356303393353846,-0.272970060020512
0.132148869802242,0.0488155364689088
-0.418138443857062,-0.259260372029041
-0.12319492093742,0.131315906245119
-0.165716952052808,0.0625138146297409
-0.221904746544341,0.103626871220312
-0.496632830005411,0.330412182301211
-0.120632492926876,0.38278681427425
-0.226905560289671,0.138996472392113
-0.20194222491516,0.608977059235459
-0.44568796125335,0.490075490455622
-0.315191933490219,0.736972936084675
-0.180974279306551,0.766931145044804
-0.122635137316217,0.805243601931124
-0.0787180420925681,0.860143193627279
-0.0351072108519044,0.848554189575466
-0.0824957911384305,0.852829463126469
-0.14739615700415,0.833166022501617
0.00296396818596884,0.744284445497183
-0.115419277374737,0.852164104480842
-0.0653118545518604,0.850506286055278
-0.0528814715919134,0.840125946794058
-0.0784644201542169,0.854013861421284
-0.0565023968802765,0.855809719630341
-0.109016441225633,0.852826730145164
-0.103372767929126,0.841088327524789
-0.109885343339184,0.837982955333748
-0.151698131257681,0.828800244664429
-0.202778871480666,0.804417933409021
-0.214635571571421,0.775815801319833
-0.208698418626214,0.783761654729876
-0.20753424006552,0.754539490279817
-0.215615618914304,0.814925738929989
-0.169874600411986,0.860955110183789
-0.0546583282693349,0.833968719200484
-0.121778392110929,0.830530500931187
-0.099939913769356,0.841277688199572
-0.174211943844842,0.788943023269757
-0.0871094765043929,0.799387296897959
-0.136479609900726,0.847048417985936
-0.121552757863101,0.818253769162815
-0.133290628557182,0.850406654119426
-0.0899928535801044,0.831500198300891
-0.15581396774644,0.868879188730599
-0.230241151535353,0.88629548102326
-0.223593912316857,0.895840739451376
-0.166975429623702,0.854090573853595
-0.183470470428149,0.923247610167444
-0.296460360588838,0.816349657441629
-0.411061224962232,0.840382748652578
-0.313050829715711,0.812950695235751
-0.249031444263469,0.869162239738738
-0.343051617058021,0.790824721848015
-0.128185307772271,0.703682343241183
-0.200443710189292,0.715635004845125
-0.240782308589742,0.697429625751852
-0.231887601682967,0.702487070624182
-0.193951860282263,0.787192218710517
-0.212864224843854,0.499269405425203
-0.337722181091253,0.706095595091241
-0.323153036237944,0.543808690817442
-0.288008491513065,0.464544775520226
-0.319563105898962,0.385826733427658
-0.391892721305936,0.385826733427658
-0.317056956591531,0.317056956591531
-0.306964891819172,0.450251725039555
-0.426214283348081,0.337346736839008
-0.504397653653102,0.409643659384202
-0.578920797752495,0.469261160013899
-0.401049835637304,0.171235595937307
-0.463997225941884,0.257252426584747
-0.365808595968546,0.422155337539962
-0.0943763963507482,0.282623596004591
-0.387982506603088,0.134093415402524
-0.319035593728849,0.235702260395516
-0.419181157991666,0.253735549442628
-0.414866107526437,0.235988578412709
-0.310986375847615,0.11428745165291
-0.139239265840274,0.252555979453075
-0.167985758091545,0.170185760300003
-0.120845306012442,0.0449404498706456
-0.178282940227599,0.129477113584759
-0.251413312240941,0.241515252089017
-0.277267182868275,-0.0543928293220421
-0.539898995358513,-0.0225302476010348
-0.0569810194985968,-0.0876097251624572
-0.14073250936366,0.0880278816941874
-0.22010978137485,-0.254510827182539
-0.327833327812189,-0.115101127437186
-0.0873956306405351,-0.288580094171626
-0.0616755678594509,-0.300127831015539
-0.0889410898778225,-0.184660325645957
-0.177587750259462,-0.143186704451773
0.119033470910903,-0.294873434195449
-0.177587750259462,-0.323312918797917
-0.0747325692650997,-0.177704544741621
-0.125418167776641,-0.662545765731868
0.137604183230756,-0.652208358816852
-0.0677232991822193,-0.575847893796623
0.0400178023855684,-0.68358899536441
-0.035534455924519,-0.877064764146347
-0.0249058504472151,-0.729702312323508
-0.157595966745109,-0.831123224350723
-0.0717142188902018,-0.841165133212657
-0.0885259639069481,-0.938403071294481
0.00692830862378821,-0.753435815664645
-0.132819058995126,-0.867868927509891
-0.0784243037773342,-0.934046961787505
0.0745995618092721,-0.851802429019251
-0.01913250564068,-0.939346189403718
0.0141813370433345,-0.794222793162259
-0.00708267616780283,-0.889899496317469
-0.076306151831607,-0.920709043904465
0.0319277639274353,-0.914506890747872
0.00997142640673284,-0.968317796289528
-0.0098089512400944,-0.943511486904496
0.0475487740587102,-0.935342103121833
0.0761323394388582,-0.911458730739596
0.110585453719042,-0.945225036352277
0.0440362318920294,-0.921748526314158
0.0578897817624869,-0.943815099182465
0.0913732750072549,-0.917703072657651
0.116962697806799,-0.919977438028038
0.195541786321772,-0.903869989151948
0.14098853252777,-0.936588243530506
0.246001717855985,-0.916054563319734
0.256091155833054,-0.923159297826846
0.230527069155183,-0.92127226621373
0.208269611382934,-0.950055512648517
0.231935995981292,-0.899690200750365
0.382530571952058,-0.886486608955749
0.261550124000821,-0.896549289120299
0.312676390280905,-0.884001827608645
0.298656034043726,-0.914111431586188
0.299153729999063,-0.894401856150787
0.370207753465014,-0.886882943356569
0.33549778155482,-0.904191845610625
0.318066691713667,-0.90945426898811
0.292025309459275,-0.899946237174302
0.397037309612741,-0.872460699268978
0.217378019299022,-0.916136942768023
0.192166708895053,-0.904092004806873
0.223766781403846,-0.74666608867954
0.287266037222335,-0.88441335201824
0.318393273754243,-0.881626011787456
0.416818439044851,-0.766637751366018
0.295161635971988,-0.866897322402782
0.386212724072332,-0.72018509226463
0.3388532751956,-0.738395617223127
0.487970755384123,-0.753033180963683
0.424274011457213,-0.704902717121073
0.544079773227969,-0.633468802988409
0.488816572110496,-0.661095599894904
0.590134208846558,-0.675577522722806
0.585035254577245,-0.638380564642726
0.690151120557862,-0.634995225785836
0.560796055430594,-0.688945576001263
0.653057803806769,-0.680546139438046
0.693878730651941,-0.656364872124373
0.637556322281284,-0.569905784716865
0.614993883446274,-0.627301987503182
0.678802318871837,-0.609450045632203
0.565559278032873,-0.728090442774832
0.618459944628897,-0.613276255575001
0.618127125729595,-0.526887833007265
0.624960968036319,-0.537111273867418
0.519805156839463,-0.566176169418752
0.664285225749677,-0.689484254642537
0.722873447064054,-0.60348404303139
0.691569023487082,-0.671621602784382
0.768782926309846,-0.557462012644873
0.660143840466719,-0.687495476689055
0.697134739013005,-0.633247082513011
0.805240968152676,-0.524538861443049
0.768119953449698,-0.58762833037587
0.714950965095136,-0.607544407299606
0.807973226620546,-0.559501051280963
0.679927806145803,-0.541480293981969
0.843868567837021,-0.47337669640511
0.853425295424667,-0.475507424780637
0.845392437660897,-0.473265619983848
0.855215069240948,-0.470982984245733
0.856727108958783,-0.500026222578574
0.825853568009435,-0.554965169995999
0.850226632618506,-0.512249886163046
0.808242925834915,-0.572910920187856
0.771021054251862,-0.594956654086907
0.745134138265417,-0.648682513003967
0.746804058056922,-0.618262977270929
0.723046146526032,-0.677304403403882
0.723017592061342,-0.657496589107333
0.692979368521123,-0.682958160634991
0.699227409213083,-0.675622364001675
0.700044563797949,-0.696803872299398
0.705851991210897,-0.673283460832516
0.675352633777585,-0.694932508790676
0.693563303688599,-0.645117937278749
0.674239995044565,-0.66874517582476
0.684525975669187,-0.62887835678613
0.702569155356163,-0.629435316749804
0.717466857421976,-0.588283612523838
0.734944804521764,-0.572382279867384
0.726295932480561,-0.566072388064251
0.780266498758129,-0.503049224042413
0.775744073453561,-0.48683988140844
0.814252918554967,-0.491946196075997
0.815583408029181,-0.425993255135627
0.849890678126553,-0.345620796484881
0.904910692528088,-0.270766526102933
0.88656824671272,-0.271025530181169
0.918640467556474,-0.179330278402401
0.944784092821088,-0.140294608824686
0.94948717274614,-0.0817158848654655
0.941262198973725,-0.0503731745926756
0.966372118618517,-0.00257545740774019
0.950749404975564,0.0338927210359004
0.948395508963571,0.0974738672932429
0.944955951221611,0.132316263050216
0.90779221121487,0.226025897223422
0.9323094772472,0.262510398147305
0.90339001305376,0.246604550202387
0.911391089296743,0.308240642025188
0.906064528315232,0.326443872800312
0.905098513683075,0.320795594819907
0.861051659455098,0.368780904326965
0.873365646798469,0.390111009582942
0.870929137670341,0.389791779681476
0.843094455776734,0.418541221080272
0.82328071756671,0.425250492182321
0.835280454677251,0.46427034089476
0.735669325944439,0.528456416621808
0.666077717112857,0.612681798852903
0.678783366688529,0.638986737873096
0.625942122937382,0.688668287264917
0.550303490041774,0.719141905780976
0.578339471134058,0.765672778121104
0.522637389020907,0.794297632715916
0.482606572427652,0.856299036953998
0.358244014505559,0.882801780454397
0.405242436108045,0.871824525503555
0.287568826454395,0.915123515369617
0.20307395017738,0.949161545305526
0.232607650538891,0.938460780726692
0.141459471434008,0.957750144127181
0.113601973358144,0.969307476004716
0.109650217008951,0.981488264751605
0.0859182308701702,0.966686311814215
0.100508461260751,0.984521828338822
-0.0225318345687911,0.981276163676645
0.0293855929097308,0.985217706708528
-0.0385881543149951,0.986960356373317
-0.0290011427380901,0.972839256911788
-0.0610105862744034,0.985089186804861
-0.0376591305952871,0.940599709173955
-0.164700723484381,0.967882118710577
-0.24693580654487,0.949327157232209
-0.284561763708211,0.943812105419638
-0.247318731206233,0.946169515724243
-0.382871449780715,0.904080952443766
-0.454393598442387,0.877690823131903
-0.42472566624568,0.891455219381425
-0.43711283926964,0.888544472673583
-0.53399386288887,0.830458090557184
-0.529075887178834,0.841463715685267
-0.525489964126374,0.845555103287652
-0.570824283401405,0.810523192692751
-0.587552260758769,0.788030214740023
-0.654748460773993,0.706999529223055
-0.552269547355996,0.814472577540668
-0.671621602784382,0.691569023487082
-0.631652440898638,0.757342238716269
-0.692706376361337,0.667507347468477
-0.733000531586183,0.646735816767145
-0.778672262322386,0.571429614364782
-0.775928231541304,0.584725965624644
-0.799438175353643,0.525852483972841
-0.809782001174983,0.502930499637745
-0.862589424336522,0.361331156589329
-0.875163792003745,0.41642755537194
-0.888960764004101,0.361325152692138
-0.876196995670476,0.384256129656892
-0.917105853569894,0.308282303072692
-0.911229622188262,0.29625200947924
-0.906630840746855,0.335290761208077
-0.941134810401033,0.209860346120399
-0.933050251550764,0.282644772072038
-0.924519538636945,0.225020794311166
-0.917555480449528,0.2742110031018
-0.928927101349399,0.244171540702511
-0.931609154883769,0.240675352087225
-0.943430218802849,0.155328820297771
-0.932890562072805,0.154251320348203
-0.937135338363388,0.133536760807246
-0.940878590044894,0.109065059093829
-0.931278581513268,0.0579751155002978
-0.938688795094606,-0.0210770392617645
-0.946589487712253,0.0519612427409169
-0.891130063572038,-0.0778520325165921
-0.906405756677366,-0.11229503878134
-0.919459909459127,-0.087103620167255
-0.892911838561058,-0.161594329660759
-0.855401002279399,-0.154295900348676
-0.924252579089265,-0.173578776927402
-0.861080536251661,-0.168015645295556
-0.860007189826634,-0.277883938089404
-0.870797706001627,-0.363363784415704
-0.820275035370763,-0.367454243304408
-0.850659393685793,-0.417260790914651
-0.782757916217304,-0.417972460949693
-0.765632644122408,-0.530049078257049
-0.702110186727085,-0.436839967276741
-0.782783959181422,-0.498042328126511
-0.785493305573698,-0.525534361292263
-0.69044886523477,-0.510665783873375
-0.61797777054475,-0.580997757463068
-0.695920437250919,-0.569752877299271
-0.705969480831684,-0.646010536550249
-0.658215344341213,-0.598969946623368
-0.658732208194598,-0.664085632144156
-0.548759016461562,-0.664611180012534
-0.485803405674419,-0.782187701711684
-0.440241604206122,-0.826816568336949
-0.360227092756283,-0.915859038011579
-0.291953065669413,-0.933613717483054
-0.247817391346285,-0.948597949995812
-0.229574792485541,-0.958595688805586
-0.243583087852554,-0.95720859421208
-0.250525245593314,-0.948119233167684
-0.16169090778497,-0.952208994219101
-0.199643879212338,-0.9252816814301
-0.166578917345261,-0.94420607826272
-0.120580231393414,-0.928369356251207
-0.134687801716337,-0.958737244290314
-0.112460485182916,-0.960544865819588
0.000220697090000491,-0.965935545616294
0.0352595060998648,-0.981608354495514
0.0784998251045073,-0.981162199101592
0.0398150097104652,-0.969906830928885
0.0683668691478157,-0.980036613500678
0.0623470731141831,-0.989814280331881
0.117196062990416,-0.974423102630283
0.117026978359093,-0.976100426233624
0.0816525307966888,-0.984629089854018
0.163675949675188,-0.955547885902324
0.187645491530255,-0.947153787665797
0.203158057853531,-0.943115802519728
0.339245120091574,-0.91699314941527
0.362441187260949,-0.777998474139571
0.42166064304813,-0.862071995972189
0.40801968536977,-0.867046157436426
0.479378805753445,-0.843070074777519
0.55589604396799,-0.791918999464599
0.574368362577684,-0.778147392364234
0.621121871749769,-0.742780835082658
0.61129446777678,-0.733740024518908
0.679193828377267,-0.651980218854807
0.660190366374651,-0.710190366374651
0.707710581027158,-0.64348182026928
0.689886318294597,-0.626161249755614
0.768765001308931,-0.602258373314423
0.737885029770383,-0.618509283002027
0.690355127414676,-0.67426471247481
0.63341057445131,-0.611982830893674
0.656572589906503,-0.588411509446308
0.848477968217317,-0.513077497596482
0.849434548265524,-0.487981151830841
0.866834737230156,-0.451778514893022
0.748242694210839,-0.592443374419089
0.735189843799139,-0.604644635689514
0.75563784664673,-0.62001812488788
0.720350690964015,-0.659795112722184
0.765622198731335,-0.627766463538245
0.645311300734545,-0.634940480621754
0.733954190418286,-0.65769984299703
0.633955051508084,-0.730824605928699
0.609290797526208,-0.728691530319956
0.633410911889004,-0.726802811940809
0.572639782790354,-0.775492602742594
0.525754896921013,-0.828046619906679
0.568324398760022,-0.801364072074349
0.515525944917553,-0.818519454021441
0.474226168376482,-0.839683933094442
0.580054816769953,-0.789420794489542
0.48009852021986,-0.841442057969611
0.484257779596397,-0.824729978774454
0.432817459549985,-0.879641590008881
0.386721847322337,-0.897756167912288
0.332594780610237,-0.925127671174118
0.268418387236311,-0.938912807817405
0.291945880255676,-0.931800049161265
0.287704828231931,-0.927439935448408
0.206552536519957,-0.951333875896753
0.160711307028561,-0.956661983021725
0.145377751450689,-0.869975903837829
0.201908002612324,-0.882336139684351
-0.0109133146071459,-0.913501651141613
0.0100070808530345,-0.851971797355128
-0.0810313514225576,-0.860314889116424
-0.00980322096449548,-0.807306991725467
-0.0913444995667819,-0.851776271179232
-0.126193153220497,-0.827643627152555
-0.108621752631365,-0.87630855538107
-0.111460022158535,-0.779034388667296
-0.283358022018163,-0.814382607638973
-0.0852672449521077,-0.824978681597217
-0.105150581450981,-0.800304348147531
-0.377852962868051,-0.722726612682409
-0.282770810752682,-0.648115891761313
-0.242934458472068,-0.625158593748862
-0.297430399636731,-0.758330440300582
-0.369774834839866,-0.764950277372233
-0.473628453698586,-0.646027843797628
-0.357286807518975,-0.642443480726482
-0.496214370075559,-0.674524355685419
-0.502463802444967,-0.636822365054726
-0.541809679210553,-0.548252134200104
-0.564531305437104,-0.591994322794507
-0.448078622113006,-0.53773738267887
-0.713878183650472,-0.59390055576078
-0.625805982399745,-0.592008047025878
-0.820773063904303,-0.45224890282807
-0.601920471299238,-0.389177904973191
-0.773287201263067,-0.479588186209039
-0.728946358914722,-0.417958170858866
-0.802879593076342,-0.40095166169559
-0.801299594855035,-0.339810685606272
-0.820376517093703,-0.236468181792728
-0.846209892592354,-0.235953283205673
-0.811207765091967,-0.175314235338148
-0.849979370190272,-0.183864128636954
-0.90370090579892,-0.145592832758019
-0.933192001161563,-0.0190066592630408
-0.782472386812277,-0.1519925406373
-0.777390124546919,0.01608622960233
-0.808570598557972,-0.0301537215597687
-0.674724075315988,0.10302406892422
-0.682241334909429,-0.0402766811724724
-0.58320751117881,0.0198214194465492
-0.59223462303764,0.130035836001413
-0.587000661605404,0.0835886818522139
-0.520971408845847,0.190069392143029
-0.335591750094847,0.238290818055405
-0.429113388740568,0.341925935419067
-0.465446172740627,0.390260809258503
-0.277321815482893,0.275484128214369
-0.435268565824638,0.521266142395614
-0.41780705602326,0.51670529967601
-0.475860096635671,0.72358036273127
-0.410584360860714,0.700777030144587
-0.419089151762341,0.813139175436268
-0.447186765028354,0.742019253277673
-0.358627813783169,0.89693444512588
-0.357161526730816,0.844905335316802
-0.367862857803534,0.877953989883527
-0.287716922827509,0.856254566957582
-0.32298387298766,0.864797369498942
-0.301441258459005,0.925026809180903
-0.327870573904494,0.871268747134878
-0.317485193884289,0.911921770806838
-0.192019004910943,0.891741162700848
-0.276045131239487,0.925185210768895
-0.241263083123883,0.927649088992992
-0.13465252479222,0.902248097040825
-0.224993857034679,0.940516817540842
-0.230989474984973,0.905310818141441
-0.221095796832736,0.9364829233434
-0.236631221307998,0.897455355075673
-0.186565692958333,0.888692418922216
-0.279920610105248,0.918241136117548
-0.252792357424205,0.928140840926712
-0.189329463956764,0.88446340882021
-0.25339951224603,0.945338435048768
-0.243082380096786,0.942930453306368
-0.153790948241822,0.884435842198576
-0.262008893583983,0.93511430327887
-0.268533543890664,0.88708114185213
-0.257739325069034,0.940176981210909
-0.206899171319347,0.954174763150349
-0.174090080523847,0.954392131639732
-0.209246381422164,0.937953589621519
-0.129620937525187,0.897786974915732
-0.236232699543121,0.938157687075882
-0.170069445643872,0.95197998715281
-0.176045591067156,0.953703854181343
-0.185654402197725,0.898764154517936
-0.148586199176942,0.957142300658313
-0.0769257671104842,0.907671801080601
-0.1067878355009,0.942144969841252
-0.0792496384441282,0.902130237075522
-0.192803576437044,0.899251676645575
-0.0810106421040714,0.900746422144747
-0.19387647809067,0.935352335452465
-0.173320892720609,0.900925765665158
-0.0509677152337763,0.897994305438336
-0.158025073535722,0.904209776577481
-0.111324122730766,0.902294057055273
-0.101106889119081,0.84297762791526
-0.0140082953670131,0.842215722839064
-0.110100416457351,0.885139187300011
0.0280998952973805,0.885913569154465
-0.0649553472355283,0.800142244468199
-0.105202316228574,0.843814292360247
-0.0881590891789095,0.847055362437598
-0.0920905381114601,0.904473843666261
-0.0347979864315338,0.8238674244516
-0.135287435583768,0.856245592537304
-0.0868512479093373,0.841963025566176
-0.0197826284800821,0.888120296678178
-0.130178370870357,0.804761863185119
-0.043287114479418,0.839041830132508
-0.0983710680722737,0.76881805815016
-0.13160642123557,0.732990782098258
-0.0882905698214135,0.669250182221472
-0.128053778233808,0.736582396963089
-0.13309578211416,0.716794159907912
-0.0615305112766466,0.664902910955215
-0.103936026698448,0.792322634216683
-0.313587405187988,0.566606059629414
-0.207171726968075,0.619620010504915
-0.156930402002936,0.70669798917586
-0.185133463304499,0.619395543842616
-0.392317447005096,0.597628722174005
-0.269916504512428,0.692692556945753
-0.176546871106216,0.587169421444033
-0.205888020695519,0.667716502303971
-0.271472140992654,0.708797658070017
-0.307818767116401,0.567447246516396
-0.173435598145764,0.579935273837287
-0.396649831220389,0.594011648370632
-0.208088022903976,0.557159221403962
-0.345650085036687,0.390729099792643
-0.528427528073496,0.385140694853114
-0.42040477460733,0.516412590863299
-0.472383411744648,0.42490843444016
-0.527206416818655,0.357020656518652
-0.448618471330494,0.12762685062287
-0.660843965147096,0.326323852789971
-0.764197408670634,0.297530742003968
-0.72860705786499,0.202720900762119
-0.77411442497759,0.217767683406173
-0.641700109768663,0.110234685723645
-0.650363010572619,0.0677630927178938
-0.865761785787269,0.0739720642638703
-0.695354896127663,-0.00768937730569533
-0.628900136897099,-0.0157371744957308
-0.813810829476426,-0.170768670036094
-0.862404994799003,-0.0772676857723774
-0.777944773846976,-0.196642827081525
-0.677288636979887,-0.189053073430388
-0.855530287889906,-0.220569549571245
-0.768091801043565,-0.341370635434025
-0.733697115372835,-0.457019938033187
-0.814368402314755,-0.308323680832238
-0.842422285191775,-0.414602659643209
-0.764181075921137,-0.530836443364527
-0.635464055458997,-0.475921774903434
-0.614363074536236,-0.58886170127579
-0.571352437115134,-0.476311344766508
-0.64779297292981,-0.670905481105861
-0.735076582540402,-0.622184899521633
-0.611534312549508,-0.671914620350555
-0.69047926468081,-0.66231023626133
-0.624696274739354,-0.699231873989347
-0.590557716365253,-0.632259519167511
-0.673325373617971,-0.678823656287546
-0.533239571294248,-0.630887678720292
-0.63202345613493,-0.660493521676586
-0.490885945760056,-0.748316542661708
-0.464839205016409,-0.667482999151706
-0.462184848214829,-0.824129854892569
-0.396785997275694,-0.830440386799556
-0.347625463756562,-0.66853140907291
-0.335023834444599,-0.885742161757465
-0.376888568715483,-0.724091293783564
-0.273314628471887,-0.761514456142771
-0.0506052732705163,-0.849706033340258
-0.332951219187736,-0.794720538840661
-0.192847303959967,-0.900924975050861
-0.147520133707946,-0.835296771046922
-0.00866685851234591,-0.853879580036458
-0.0318625817210073,-0.784851380336379
-0.0411514965502448,-0.768091801043565
0.026058601011314,-0.80149021501577
0.119256958799989,-0.852051780558173
0.153909383558201,-0.866128155091517
0.152688272303359,-0.821212389943408
0.30926006438505,-0.767694975335151
0.398581221906789,-0.700831454438815
0.298003832114662,-0.791030914285799
0.452915768743395,-0.840288890583302
0.386036512044542,-0.777985712575424
0.493755040571534,-0.716658679119871
0.612527930490531,-0.660959762846381
0.593647776175006,-0.731421757362225
0.628138209542171,-0.57970637718632
0.563269971294456,-0.618055683213966
0.730661778492631,-0.507349503305885
0.720792915004564,-0.556935609593845
0.775346775595299,-0.299447305909083
0.658641254458511,-0.447237142394152
0.799127292414869,-0.405678855513199
0.845350320985091,-0.278954424291545
0.849626712814215,-0.178066511206815
0.888861273317218,-0.213708774876519
0.882390995862966,-0.212269481356756
0.912668124691337,0.0416750852402296
0.890721636651747,0.0946141062266325
0.886225628414726,0.112243659123555
0.853917312342684,0.284608703094252
0.803529633052544,0.310364204055231
0.732511570794873,0.409925823622542
0.751850947285903,0.406074666541581
0.718247621046797,0.464243210187699
0.635796872100705,0.621515013210641
0.598496926031039,0.55936231889424
0.647556502486869,0.534175082001921
0.486510133847468,0.649943207389163
0.387567623851006,0.693458893436042
0.48156238985077,0.723008119812088
0.316985549642804,0.803113237435482
0.324143468471596,0.818066085180144
0.183332467884631,0.862638843946127
0.258667071146867,0.827847157103533
0.127567327583445,0.872192493373316
0.166128449767887,0.864509929008932
0.171120685559851,0.871093464901165
0.209234872161034,0.87576999428613
0.191556305421106,0.89544249720562
0.219446777283048,0.883648655616473
0.223868480725228,0.880784181075151
0.174447210371718,0.89069655806519
0.170415832380126,0.883176577641374
0.148311835129722,0.957432181985075
0.175303393904262,0.887077060849323
0.184527327517014,0.934502815870807
0.114279495174082,0.939197802074005
0.125599971244704,0.946273513445247
0.130145471274654,0.941600207648161
0.0667481116548701,0.966496269064412
0.0422337414682013,0.965230389238413
-0.00936254183888837,0.935413674290577
-0.00851317622483861,0.976379730523989
-0.127580277527414,0.950886587879579
-0.11911971663917,0.951313245378548
-0.170526264833553,0.961044182600306
-0.198308063321487,0.874037594125702
-0.248593583568939,0.928153584962197
-0.246226525803601,0.902679156151225
-0.352362991461461,0.909547342751865
-0.230571741615016,0.905408224654927
-0.394059075629309,0.863131669851488
-0.38055362168098,0.82614026614059
-0.438062933445379,0.848208731088902
-0.436334347123869,0.80000153889057
-0.458695880984226,0.698216472395087
-0.567337566948691,0.753471495287704
-0.621702804046393,0.752016150461408
-0.608562067291147,0.741066131688129
-0.609898277042514,0.720198373987329
-0.659416809439719,0.688828571991796
-0.695797909441701,0.646313831963036
-0.68248809791782,0.621516280133944
-0.700780811833651,0.596776651357473
-0.689889989384154,0.611238032733026
-0.753358849881747,0.532959326309722
-0.738240715407343,0.538697370681604
-0.750538708626904,0.482536818752283
-0.782462194897444,0.489910811869059
-0.794482475793978,0.392542339389476
-0.819498115277951,0.366609087635136
-0.819971884255746,0.340853882982702
-0.822130681032126,0.340915520192614
-0.840612677077967,0.251017550516719
-0.835656332058928,0.226983118666744
-0.837852425513539,0.182422995596681
-0.832694198542102,0.0625389838204785
-0.845985894794012,0.0748510062110864
-0.844910370051679,-0.0344875932846421
-0.800469964106869,-0.182021579581703
-0.815548185870585,-0.156505341595088
-0.775150605738533,-0.261282835695245
-0.779927962769299,-0.350378615852825
-0.744887649403855,-0.348165610679342
-0.685935817488164,-0.511208839065652
-0.680865886705661,-0.467377951410927
-0.618580577641272,-0.588766337941274
-0.558008215258623,-0.557024344360871
-0.512107590752141,-0.658271382576985
-0.449431712478772,-0.714876119417105
-0.42113435687934,-0.717204410866667
-0.33844178625029,-0.780170240931999
-0.337499826956148,-0.779781395949736
-0.23153262145387,-0.816092040460909
-0.245958909364037,-0.818966830121079
-0.13739700054833,-0.840333868249434
-0.138363477124926,-0.853248549968461
-0.085064435182772,-0.860982789879216
-0.130464625270017,-0.848620214821547
-0.149432217737779,-0.840593202423135
-0.15320452128303,-0.838668196871314
-0.0911030290975649,-0.849959621504501
-0.148463990688242,-0.804160144994972
-0.0677417311323069,-0.883764314587939
-0.149925508196286,-0.832584424645215
-0.0143317618420841,-0.883829015935298
-0.102645788108456,-0.867139691595232
-0.0688572852432465,-0.84297762791526
-0.106213217271275,-0.902825023806622
-0.0358877721944945,-0.855927916022479
-0.0505798954495281,-0.860117289969076
-0.0103817325212842,-0.870260689043673
-0.00539152993900295,-0.861350661545086
0.00440320836264001,-0.857647857612743
0.0117427848075255,-0.917785830491892
-0.0679152911582759,-0.82798995212886
-0.00387543621789985,-0.881365807067303
-0.115120210901281,-0.962721579063654
-0.0637887108068089,-0.849607724360637
-0.0948821087860177,-0.836320173140536
-0.0784350534411739,-0.71762867708128
-0.235804286806138,-0.877234331632805
-0.0106816071732453,-0.839486021952249
-0.169420806378569,-0.819254846234577
-0.102547738560598,-0.893772312841426
-0.175502627888633,-0.816492147377357
-0.17287075349473,-0.754936238433481
-0.210419938982361,-0.856446526495297
-0.195359285643327,-0.783014932002174
-0.255056700387186,-0.840176073507742
-0.225062861387391,-0.795131203549602
-0.186254608771808,-0.805775027700053
-0.152013445524092,-0.774897686706619
-0.038734475063862,-0.649588035479761
-0.236314008837677,-0.695859879494104
-0.12319492093742,-0.65353547409126
-0.0522065454567123,-0.56777108243298
-0.0607243515182674,-0.490509723463441
0.0268006373216945,-0.656585331684013
-0.190725981486932,-0.640294457120204
0.109870589430646,-0.667188332021528
-0.0863311278384437,-0.625483384154982
0.0310582533181703,-0.607571052090886
0.108785658644084,-0.614763255874828
0.13138934344149,-0.619962834300515
0.216162342763351,-0.66345142456845
0.157595966745109,-0.677277070504568
0.00460126793524705,-0.705508638610976
0.107108850514135,-0.545606488761322
0.133461164348872,-0.690401295432184
0.197579533773815,-0.693519041119966
0.0419384147581704,-0.7199967273325
0.134625836076888,-0.426030773757862
0.14142135623731,-0.697530742003968
0.0942809041582063,-0.546871196291528
0.183723623258198,-0.606499675691523
0.184880793968215,-0.502578429280329
0.132688967605101,-0.545038430040683
0.136583171179095,-0.430864075337301
0.132424711401623,-0.74374894456078
0.229814239699997,-0.326295146066661
0.371064320319769,-0.372791232417532
0.299800708662991,-0.464861643236038
0.26761423749154,-0.480947570824873
0.407549511328827,-0.554959219195505
0.609265444656293,-0.305860309547388
0.386361806107955,-0.411337860749738
0.542783202708814,-0.179949693599269
0.60449722357568,-0.247354366432823
0.644453801802611,-0.227123814083539
0.732666003673109,-0.0225876975726313
0.688556767440674,-0.104748924848243
0.768622097810086,0.0855485155259983
0.816316583851764,0.0441457864633667
0.701377520061688,0.20087063780023
0.73117416059556,0.07878597676693
0.812507703084231,0.30407488141068
0.729855641095977,0.202974160283806
0.575079788862283,0.163538016721152
0.659833009024856,0.318004527416404
0.628307308284456,0.266229170545665
0.797776977822064,0.279669112640213
0.545765816307803,0.445928318906125
0.521093558244197,0.345872901505399
0.538580094171626,0.480966823619377
0.536841202666977,0.449770425194656
0.62176934545352,0.424297096971174
0.448895994468119,0.454188717204735
0.497167065662705,0.53209193916872
0.421858293751884,0.7249916389042
0.449699111617764,0.651159948895648
0.528867832158982,0.549383489398236
0.484296203809801,0.572890915121428
0.434340624653967,0.711019809672206
0.438745711444722,0.618052960098381
0.339278370364162,0.666312710106175
0.452758847800766,0.67093447206877
0.430290944460629,0.672281221971866
0.257222958066802,0.739980224995639
0.419217491213784,0.599128575994737
0.339357263700772,0.742357831593148
0.408160450945114,0.71142899432721
0.340279870218298,0.742300400007154
0.302880618438977,0.776583417276272
0.297969190893334,0.756384111023929
0.342299333738084,0.736974526969409
0.178128140004195,0.718646554845934
0.195457249573971,0.792427071665503
0.24631606432312,0.781594072245571
0.184759529238738,0.811825390334401
0.212292930190715,0.785306401732915
0.153592540754202,0.802908689679281
0.155892430310402,0.817218775495291
0.198094061524529,0.813629162266413
0.087103620167255,0.826612571403369
0.0580676558608735,0.817266623123522
0.0968410828857095,0.601019460707366
0.0918075861549732,0.817474604374064
0.0346479464337619,0.849811899721502
-0.103662627880564,0.712943049632708
-0.0492678014668779,0.776040692224661
-0.134637599045064,0.801009152791822
-0.225445297743692,0.737715104108873
-0.104359085657538,0.762334318856714
-0.108324567959323,0.743450082828229
-0.228140289376761,0.746000800960427
-0.0451016752837648,0.770154976095505
-0.0313698761802229,0.770014484682465
-0.0877485177344559,0.717497335969998
-0.103151857675724,0.70673622074687
-0.124095143858204,0.742471191874614
-0.187404637606396,0.693340239805199
-0.0769546917791004,0.811949515745742
-0.150015179984207,0.674583413953105
-0.0964809063666639,0.675366344566647
-0.307069661960681,0.694306084391646
-0.293220153429762,0.569543261253581
-0.304662868534324,0.705267557269496
-0.328249248317095,0.580340736395507
-0.328105954776912,0.579096920927483
-0.320940181395227,0.693812661604963
-0.278776479259649,0.706162124040544
-0.44599028550795,0.498580577641272
-0.435195791241664,0.554655628808081
-0.445035325253431,0.661798419696508
-0.500631036194122,0.415601949101626
-0.387422770042916,0.444731272144418
-0.592317306438164,0.502928276677724
-0.581874478789947,0.439017335932805
-0.553546239356192,0.365513701353786
-0.540114531518086,0.386121162923841
-0.672604411973327,0.238960177069462
-0.678853558588272,0.400383493046616
-0.672282157265769,0.366584949829721
-0.764037294985523,0.17160657058189
-0.714438948471497,0.244009711184379
-0.77484616313913,0.199897482787335
-0.657239983366464,0.289869910081805
-0.596019323228575,0.204592031148189
-0.799643664390242,0.181262576798294
-0.799457233807584,0.107574269557516
-0.808156673947785,0.0599023577256716
-0.770696104129035,0.00898880252472664
-0.838849111136292,0.0890332745594854
-0.750921440578656,-0.00153005396272845
-0.776250649731883,-0.0173239732168809
-0.753698234502034,-0.0512822906261356
-0.824785384591424,-0.111210918900242
-0.731000282107947,-0.182427887662871
-0.720710553197893,-0.203284527781999
-0.641847058996946,-0.187432880616979
-0.700035612494355,-0.325533804068704
-0.774478909982673,-0.250720523524319
-0.700124393467258,-0.442749500571406
-0.60567714939709,-0.513585417528811
-0.642077648384113,-0.51107827945938
-0.61848906077282,-0.465977685555099
-0.620920724201042,-0.514281630239906
-0.444687538942083,-0.675830092544106
-0.533299003740528,-0.585247999795367
-0.419955355714199,-0.588848314460696
-0.383342373776823,-0.717271491353989
-0.377632830568517,-0.72908773462233
-0.288582160715808,-0.791776749104695
-0.274573399974342,-0.796761855023727
-0.184871728931262,-0.821327340072309
-0.192342168545602,-0.805082975670611
-0.078624410287448,-0.848754570756429
-0.0477071083289065,-0.851147760361766
-0.0473692302168604,-0.867285443240361
-0.0355459804823679,-0.835246960616339
0.122032936823597,-0.842067198988107
0.121635023658924,-0.863685806874224
0.0309970482441336,-0.692057953184607
0.158391954839143,-0.859216976846938
0.13388398633393,-0.850094381604559
0.171494795347688,-0.845828083787542
0.156762496027387,-0.879411954220372
0.215749338036192,-0.875293485895683
0.218522861382426,-0.858691327072847
0.274899584958018,-0.84891510729084
0.354411338851383,-0.810096590010635
0.363782445317612,-0.829173561757478
0.334579320798003,-0.818124047145881
0.389692411079908,-0.795785258804265
0.38868596106823,-0.811129517347566
0.431248342100148,-0.789438355850354
0.399379889253873,-0.809848473331041
0.374984071571479,-0.772493429802241
0.457578363148427,-0.773384554288245
0.410768608680282,-0.79557898858361
0.505289364321426,-0.754943572811487
0.369684913646163,-0.81879465378348
0.408498147260836,-0.791549976300628
0.35817217578908,-0.833291880856777
0.375916456739297,-0.799135016072254
0.383765820502384,-0.807627575667192
0.420293652086206,-0.804340922223559
0.472201838014332,-0.746028641868394
0.464559727046193,-0.655060084154198
0.546577463582384,-0.69268567370803
0.620576313167376,-0.600732333728313
0.648291760549937,-0.615227423154477
0.683754188531024,-0.600039596879135
0.696718810793128,-0.50266487936401
0.758102789986774,-0.518412586996695
0.708644491583015,-0.497279300986326
0.803493724189345,-0.410504809469555
0.805646177154593,-0.418667771692659
0.788107772247456,-0.371666206742457
0.880133522332589,-0.35358731067361
0.797486284328129,-0.364544171415419
0.892632815640544,-0.298171837826775
0.89365611557839,-0.31914231992596
0.892769714773692,-0.215263594362372
0.918523228407224,-0.243543224606213
0.924371157217218,-0.222914727897907
0.870604636920138,-0.305355146591331
0.877094085717837,-0.212870879318181
0.906624757413818,-0.194821690893394
0.894821154245693,-0.174866605258368
0.927479599127234,-0.113200192398497
0.940596483465432,-0.0931380051945266
0.92745106807561,-0.12565956837834
0.970695550331574,-0.0973147149134563
0.960043510868242,-0.0828276438907954
0.961506455978119,-0.0798931743085061
0.965370443321014,-0.155632386547386
0.959392849663613,-0.078631859141445
0.962679746043639,-0.0725809411071966
0.9626277326226,-0.0156843417928799
0.972091935546152,-0.0209101268410373
0.977729851494697,-0.0796831768756044
0.985558096167181,-0.0234238013921391
0.980648759932753,-0.0917262400898095
0.983316761911983,-0.0136310948669184
0.98706370554716,-0.0900987987391095
0.982945243254716,-0.108863187653642
0.990994162068798,-0.0974429751781887
0.988108882324202,-0.00803226464015692
0.987511362702751,-0.0531594934342388
0.991464240140427,0.0148749761751956
0.980473695640533,0.0429497223203495
0.987168537334787,-0.00797083591865109
0.991156536241643,0.0499952763389417
0.978447257785163,-0.0290562307943073
0.984145689445155,0.0408503551145215
0.96958495230217,0.0107761793662453
0.979720338388222,0.0387884767127671
0.938086302115004,0.0530924765148201
0.982731184928942,0.0510238936294075
0.948567457435833,-0.00867141586870827
0.963223272695693,0.0724409434378849
0.958431119085841,0.10448948484332
0.923827953896801,0.112932402400882
0.942775721627691,0.15649775975933
0.944338902346373,0.139590414223492
0.930994848814411,0.0757056023230883
0.868399195306457,0.0588322002351623
0.945377488558265,0.109799915468939
0.946678738015362,0.0533680058342092
0.944719479608739,0.0167448488470949
0.933026728651922,0.00455775899727772
0.937310108465815,-0.0906834830406003
0.891462459138192,-0.12261300799894
0.954124001316749,-0.153856705357372
0.928216233102391,-0.165234283993426
0.943940255383854,-0.208844488029593
0.844003807075652,-0.294987609347691
0.931610722519812,-0.199622270846339
0.901549416449957,-0.336014414144042
0.897052942855363,-0.348855431613573
0.89554972842108,-0.383490270879506
0.912585656965267,-0.34015420336237
0.807721173177335,-0.475003137549636
0.888954285760576,-0.436417730576165
0.80691244718619,-0.398073739564424
0.895888991908686,-0.405993206245275
0.808170122208825,-0.412184676443069
0.8617452155584,-0.49351018471885
0.881414824947375,-0.435314874302391
0.872460280005386,-0.424477770337746
0.847406894066085,-0.455741585867725
0.846051620965551,-0.483140998328635
0.865432411407608,-0.43167444506367
0.87865358824159,-0.394214881740369
0.879341833042122,-0.383977574422851
0.888034641873669,-0.245434111345625
0.930535075621629,-0.245996750167172
0.941366873581524,-0.183271820537261
0.946267630234535,-0.1043252697151
0.952696010360953,-0.0134710400787384
0.94987913434823,-0.0094237068553735
0.957353490587365,0.0275611982924987
0.898950724399834,0.210813762697237
0.955081261111238,0.116664809184238
0.826701280765964,0.294984923434843
0.804521338452234,0.271414425828368
0.785022081909032,0.144021800120043
0.641520251612157,0.348016859049916
0.730288678042243,0.334597093597913
0.82096514531754,0.342851486798941
0.822195198995577,0.428851558753264
0.764546944782552,0.432195683603013
0.787148378768187,0.492344107073289
0.648809610707206,0.625503850079403
0.56303193074107,0.685047358613081
0.546065769081522,0.693762617230738
0.538958656409499,0.807770341273201
0.544436227948347,0.789083126066833
0.436420061791168,0.842227296042986
0.388148431039909,0.895529174591956
0.324305331125298,0.890328141513074
0.234743264390891,0.863813285872678
0.289196228686737,0.904881824939604
0.238146615177738,0.895352190139105
0.126744863192338,0.914923638483708
0.0573286413976985,0.930718062121277
-0.00774588300903977,0.917766211636544
-0.0979926013401644,0.894484566940292
-0.217207334630386,0.873236012408768
-0.316120077517716,0.77621450285623
-0.430522133212917,0.788570339043744
-0.484486967098162,0.764004345429012
-0.629165062486724,0.659234462007161
-0.62341869091881,0.667678378451141
-0.675847694974415,0.606300279674831
-0.706263776491125,0.561296333468651
-0.703250410726333,0.45680405940385
-0.751419816397202,0.470200419040079
-0.834446974201129,0.361247682753177
-0.788002260662335,0.351304103004157
-0.806957141380585,0.299863421915238
-0.879528775065091,0.145319590074217
-0.819732652687282,0.201740613389477
-0.884406461068372,0.175624961286872
-0.851582627085682,0.147101955409103
-0.902324934906185,0.0567725087013731
-0.903264215276144,-0.00330093015453572
-0.905682705415469,0.0618298438450251
-0.83979215511387,0.0257880708458561
-0.899253517258932,0.0168756365741081
-0.816636665748151,-0.0256633838451186
-0.849113692283613,-0.181373041629525
-0.820155525550349,-0.0131328769605526
-0.819527366031131,-0.0487878808905687
-0.886871340552038,-0.0374066738443986
-0.82259692537701,-0.0253660478598364
-0.888360201675958,-0.122758597003272
-0.837143196948294,-0.00382231752984454
-0.886779545564888,-0.125480187768193
-0.826977340146486,-0.0606592942475057
-0.806251855037085,-0.0811883169256905
-0.880635980997602,-0.120453557194449
-0.797604587414971,-0.0719862816485482
-0.787542474992216,-0.144865786428908
-0.806555511069311,-0.056007887521248
-0.81559463675073,-0.0611263782690979
-0.805649437746565,-0.0316177578809405
-0.773127025605373,-0.146087666997462
-0.782582958363205,-0.101080610024648
-0.771639138711157,-0.219024923867371
-0.805584717800159,-0.191119926786628
-0.773354803250399,-0.256395233425556
-0.784138150641571,-0.2335514232377
-0.794098212547138,-0.270553473036826
-0.784217406360066,-0.284218473555021
-0.815203095673266,-0.224746142742931
-0.777356723342929,-0.353495339914236
-0.810739163562707,-0.343599967238487
-0.769352913737555,-0.339780221988248
-0.745246444505633,-0.451792383355483
-0.744044959849794,-0.502173772057594
-0.735417482418545,-0.516628092771016
-0.725274434450718,-0.560523519169318
-0.68582990296038,-0.6409829887058
-0.649518782943183,-0.645479140135943
-0.653327177695801,-0.650781577671642
-0.655044090625371,-0.681492745591349
-0.626667988569871,-0.673722302503556
-0.652867621355669,-0.717743199548847
-0.60527256561052,-0.723391051551355
-0.595178370868288,-0.699759854307385
-0.603108545017359,-0.757151675957355
-0.553240836499482,-0.802072298363811
-0.540809545989386,-0.733694235536898
-0.468639325415593,-0.836733874104289
-0.483332269329228,-0.843879655222247
-0.443250839330297,-0.878732876753407
-0.433870657058937,-0.877164550157779
-0.388615976690581,-0.82463095246565
-0.416561408324916,-0.892752402122374
-0.403468869835374,-0.879298901014944
-0.381167377251179,-0.892421671387903
-0.432850302244919,-0.83895868144037
-0.400973725246705,-0.869823010289066
-0.318037284012551,-0.847974112358315
-0.458315070043141,-0.830856828945581
-0.439992647879115,-0.816331122701809
-0.468577079414576,-0.793475778264914
-0.376674457221228,-0.835601253799884
-0.541516231620095,-0.744202951529828
-0.447362913576901,-0.747082679019028
-0.481381951377178,-0.640243478518025
-0.606045417748617,-0.673331556158852
-0.611144465013305,-0.655169675071297
-0.613806544071768,-0.692024227406055
-0.758330440300582,-0.558164795341938
-0.613794781103593,-0.608240828545846
-0.726277042608695,-0.564800025257184
-0.661899077139173,-0.410505902953083
-0.764662168831315,-0.541690156057916
-0.630555127300594,-0.477415140449101
-0.753921757863139,-0.416452922605098
-0.745679013765055,-0.455914381538748
-0.631985559206957,-0.294516723948916
-0.78555722404107,-0.35293544895762
-0.827883100856605,-0.367902276951154
-0.875564103602333,-0.245619105334555
-0.852510480840324,-0.313450705779046
-0.871898624891655,-0.257679354195685
-0.784012485129514,-0.0824514554776075
-0.834505833863211,-0.166258845993782
-0.885237697091958,-0.129983995846217
-0.826399141027728,-0.14786916594033
-0.819810969847961,-0.127695358349468
-0.886320868979246,-0.162134361584426
-0.771836114185244,-0.062704575497683
-0.850184193914233,-0.203554057948035
-0.823523676225092,-0.264609831923106
-0.913078636258304,-0.0843274042711568
-0.841054403634466,-0.170971713070122
-0.8152593905157,-0.250315370609743
-0.797705175375222,-0.249631584985056
-0.833577731155153,-0.274252398523353
-0.869159798655187,-0.207938197907872
-0.774657380520305,-0.321934557495126
-0.871318568490835,-0.22974766157253
-0.820376517093703,-0.217755920437997
-0.651345314511584,-0.341362969261397
-0.739529377012746,-0.291559547681614
-0.573395413250017,-0.329422259782387
-0.637998998957408,-0.473346180968782
-0.576561986203731,-0.419762985671361
-0.44013480889994,-0.550723340067924
-0.325193164106519,-0.504959737158892
-0.476736156275899,-0.496985629709283
-0.270801206297472,-0.640911787396388
-0.339305010919556,-0.33410552576257
-0.0485038027809048,-0.590018994442392
-0.258863456785529,-0.639669116118424
-0.063059687834388,-0.49433290710879
-0.0597915141151144,-0.603712785324269
-0.00123179505050269,-0.598047726610298
0.0828800830967668,-0.636306741391491
0.0771877311218572,-0.635357185000646
0.192142773217494,-0.682944917485121
0.202800855412639,-0.464221692604184
0.351567877000469,-0.57364057932172
0.583103633958358,-0.548598250936427
0.660718292201272,-0.514759032778477
0.693271709008431,-0.457226301437787
0.649188711508068,-0.405874795060473
0.734535004341677,-0.383821474733742
0.755250462893065,-0.364125378219584
0.786596562395361,-0.324858298182639
0.804223904623725,-0.387858276715771
0.867982814863414,-0.185917102108835
0.818907427750945,-0.208530871737511
0.903334805092255,-0.11678129435494
0.909356262616668,-0.184297029883743
0.862683883171595,-0.110236102987439
0.856422118706587,-0.12131435072061
0.842929662620079,-0.170957095062362
0.834530644773358,-0.18106254530704
0.833291611417214,-0.17257326162551
0.896363586338007,-0.21029821803246
0.824139394451964,-0.213551124454908
0.821137918828615,-0.220492239687032
0.817830132460423,-0.245381971139241
0.894496708192306,-0.226285127358871
0.82979335143253,-0.254209675751369
0.857236998635057,-0.230687586290354
0.909516108121578,-0.161598719534852
0.851434101168825,-0.195678782129385
0.900061806495358,-0.271339473932814
0.84930534047848,-0.223532395444915
0.897444129138086,-0.18574512770677
0.830447896576263,-0.180698515497272
0.821551145704012,-0.199758644561131
0.878243762048235,-0.233821896426825
0.870483048440139,-0.197961496323326
0.833885122930382,-0.20482755210999
0.886108760001265,-0.262961201337559
0.85825828159225,-0.257302563646218
0.892255500559468,-0.119399653174689
0.847973407134185,-0.255259199484474
0.873624116879012,-0.196609656509722
0.891859103410797,-0.24779184474945
0.870007720542123,-0.222349562266271
0.875659804094583,-0.248584398990782
0.904458780998883,-0.175693504309723
0.883764293247765,-0.317122046843555
0.843973315104156,-0.304089218376573
0.835281977217696,-0.397768413963262
0.730122675733639,-0.360149078819805
0.787700818998912,-0.494476873489079
0.782564532452563,-0.482853081552232
0.694858658285021,-0.517129102331817
0.711174184447887,-0.566164434261268
0.679726978420443,-0.638498079975613
0.68670006140402,-0.630577426167162
0.614945850579658,-0.567949021691658
0.628689626415347,-0.670454489444423
0.562582787205832,-0.718045022042981
0.586373529572812,-0.729979534137375
0.499953253705121,-0.789513090900066
0.454064792578607,-0.801929345969831
0.460764748140768,-0.746779089556068
0.377923210350194,-0.811602438362346
0.305733102745379,-0.83153149019606
0.280614058031665,-0.901302250401201
0.213466748413341,-0.881784870529995
0.225309484962806,-0.933374137450582
0.116729428154159,-0.965902685495783
0.0348812066506325,-0.973267002175622
0.0271518311765066,-0.955770144311946
-0.0399116707895122,-0.982605528184824
-0.0718554990395092,-0.971579097942543
-0.0428647453002845,-0.95103912791082
-0.0209054451695207,-0.956175683186107
-0.0593114960955283,-0.950623895900732
0.00556821804409285,-0.970475110814002
-0.00882826172504726,-0.956469892024309
-0.0132005419091296,-0.895054519562355
0.0475056773680836,-0.962788490329301
0.0213943851863767,-0.894179884032545
0.151792487630622,-0.931814626147808
0.105080424925227,-0.93031796911743
0.167554581589109,-0.931000282107947
0.126765848300211,-0.951173106219889
0.246907799024516,-0.918218597631712
0.207990323992974,-0.942389648148307
0.169007907107489,-0.953316763739139
0.268534113607013,-0.924625820453827
0.225376891098938,-0.872389309639641
0.256354420561773,-0.862922470085108
0.371616029546359,-0.908157282985185
0.293777371448423,-0.816806532971745
0.378751610960345,-0.857884142822593
0.321908265322788,-0.878767401060434
0.30027113862993,-0.83351544209978
0.482879405527627,-0.691213433748562
0.461792147126355,-0.729233215262437
0.496259434800011,-0.608761978270955
0.410187875542368,-0.497166266154325
0.300318602643263,-0.643218023689765
0.416776722033659,-0.595498988987453
0.315194042716232,-0.527250294619728
0.383177508629226,-0.398457322799425
0.1412031689454,-0.364387345104968
0.293924151980986,-0.46617952664054
0.202289306738417,-0.421167213051793
0.289924531921255,-0.390348208698907
0.057131975452364,-0.36617979037394
0.200117997860497,-0.165716952052808
0.273362302698264,-0.101792181535573
0.340264185527292,0.00504768727636108
0.254216865946384,-0.0741033197035475
0.524219403731201,0.242712526202152
0.43329322345262,0.266142632072736
0.494685448901667,0.278281640483442
0.567989646271924,0.566252833410224
0.492808378081913,0.55431009252743
0.628959085286026,0.608394941448819
0.644308673072245,0.555921218694749
0.662889779664691,0.61922499733333
0.63735736052521,0.676166369129992
0.608453410093086,0.632359434994144
0.675718233387284,0.702586107443154
0.648837154067534,0.622574408035048
0.680267838276655,0.713190934175672
0.704714020734954,0.688251548269712
0.700248145723019,0.698272946183688
0.613684520885026,0.591563925727194
0.695495739391978,0.705183802472646
0.693254353300046,0.69391661372993
0.722795905005643,0.649603291910991
0.714233697324433,0.655017336425509
0.704937473055274,0.664906648528355
0.725419083807897,0.648740389363443
0.715097248197122,0.653273073424532
0.732383052508945,0.631204146922928
0.707036725123181,0.621755003397254
0.70267649424054,0.608262600065369
0.63555594008533,0.682429738992038
0.616222316463141,0.723425931837725
0.522310797994993,0.734811184561178
0.476431686415718,0.762231376747444
0.473466808799645,0.74535300605146
0.438613987299329,0.777900897743698
0.378101603843196,0.767463522969038
0.407137368624883,0.838263898272141
0.366065738810889,0.788762266458535
0.49490988832068,0.718257123777778
0.525614168607922,0.755583951951322
0.40202714293645,0.75375263943099
0.397065159305248,0.808491903949355
0.478366914430531,0.757951527372635
0.359937582837671,0.805860682688666
0.364754355266956,0.829578388398474
0.286128130140252,0.877116889797541
0.28549196714595,0.840167019099289
0.14280476357129,0.811921743790522
0.0489931478435479,0.790713425867808
-0.119917520241794,0.839701003833178
-0.300799712356593,0.786833485387632
-0.426489443041486,0.724639344055664
-0.468938115479461,0.748285364577523
-0.581368930929713,0.650961451395718
-0.646880612601179,0.534409535122227
-0.6948492365178,0.562685499546474
-0.712526380146047,0.532881631040364
-0.709603123424151,0.453214801157332
-0.752727951345354,0.532489216528878
-0.751216638025223,0.461858138967728
-0.78739423323017,0.441456626705221
-0.796765879581305,0.416918897315942
-0.863108992441213,0.335085652460931
-0.811635984204373,0.390351627975669
-0.834374109810521,0.313755287421102
-0.875388409922972,0.319734518736585
-0.865360049465295,0.293203676068513
-0.884378988822117,0.277303559384697
-0.910090263319117,0.261933379144993
-0.883075408851303,0.272220628968069
-0.919085459567826,0.244712267785471
-0.920579322737781,0.212825495781744
-0.897852672592575,0.227442991429217
-0.942499540614024,0.210350382885912
-0.930744178840812,0.246953947035114
-0.949502308914843,0.239097125862095
-0.934046537683246,0.235731536851614
-0.974633606170415,0.191043841400786
-0.959526335047358,0.197667919034548
-0.979998272947497,0.159173417933671
-0.978779384204137,0.176574396497319
-0.985307537632175,0.109732346470983
-0.97207121355969,0.172491056301651
-0.8386474516833,0.0389523827254863
-0.988003792306822,0.124281632162521
-0.994221401027255,0.0627070295287554
-0.989653460629606,0.0266591031771627
-0.981683535471943,0.0328137496295978
-0.982006769092763,0.0291358710298155
-0.984947106557159,0.0755609615248728
-0.976783376238478,0.0356971267053094
-0.962077879324239,0.0694485175962607
-0.984667000956639,-0.0259647226961409
-0.962028284312859,0.0672144214709746
-0.984436405408836,-0.0542001878501364
-0.968934968345466,0.0214408692032041
-0.969887036951811,-0.0799612745330599
-0.978367005801569,-0.0807341839867067
-0.972335353552366,-0.142161918280818
-0.952453742665041,-0.154976048294277
-0.959342407264808,-0.157196646260283
-0.942158472479582,-0.21285734862125
-0.948265982414817,-0.216947098827775
-0.963564250943555,-0.205414815108345
-0.934829746686231,-0.23378071151471
-0.942283682493238,-0.23481180547768
-0.949943066253059,-0.199234941208768
-0.959843577932144,-0.156992307091223
-0.951174480149125,-0.196078915920696
-0.935284908903427,-0.268591213222604
-0.93284862610146,-0.261903066953176
-0.88763243015976,-0.379513588280534
-0.921590183420249,-0.268632890766254
-0.930088020174451,-0.284881862992807
-0.898485642421574,-0.381166423905549
-0.906071931851492,-0.322618385383146
-0.852005290340694,-0.430201132466223
-0.887853980532314,-0.42099907046045
-0.873650563925065,-0.37003485086899
-0.886353216287784,-0.382438033999123
-0.911043061371666,-0.304644270373319
-0.936341688938594,-0.212256788851328
-0.906385229929526,-0.277989861195489
-0.932822816261083,-0.0508960907677864
-0.92106452310644,-0.132531232707047
-0.863859542025432,-0.119878036243116
-0.954143570498883,-0.0843913448159812
-0.847893320780701,0.0524627060183096
-0.953266990988471,0.112506654495569
-0.862966751025462,0.0749607444583813
-0.781226654114035,0.161075156939885
-0.823174490790045,0.114400287297125
-0.826052165858144,0.244528544808404
-0.790871028439939,0.428579740189348
-0.748905803121437,0.383138842756211
-0.732336074179774,0.412463660294786
-0.666003932738491,0.486503039453509
-0.581207106058949,0.578059533025619
-0.650661046349667,0.538113460400093
-0.536380674739759,0.686343500973425
-0.542350498289017,0.680094714010826
-0.486155417334317,0.800332871034999
-0.454464302004295,0.783011299738203
-0.389814113023488,0.818618144520924
-0.281021120044799,0.880393461253495
-0.345674285048376,0.868021135794828
-0.256651971862591,0.884886491781311
-0.254286755121157,0.896788141815947
-0.268246701382633,0.878006725382783
-0.200352556714041,0.894032914913809
-0.264088381747956,0.919325151639607
-0.225124947352981,0.896551689030125
-0.236638327811451,0.898058432625321
-0.272020107400983,0.887244883191716
-0.253732053975528,0.92838118100711
-0.188033837152091,0.908850585856727
-0.162248897149436,0.902534352152378
-0.203219878509175,0.925450648916502
-0.156427153242475,0.90060050164942
-0.164983066509755,0.920179499126511
-0.0908476350047193,0.885107798724387
-0.152933354145085,0.887710401931004
-0.129431357108964,0.908091498757686
-0.120051943367977,0.957535389325424
-0.0951726194132965,0.887170846238928
-0.139767584991398,0.904097819704214
-0.199375167159846,0.934202907915317
-0.178017739582476,0.902864640993144
-0.162429172848401,0.904279273682012
-0.127843154522978,0.907779958707003
-0.145824966079198,0.943806628261608
-0.115181893387947,0.943327215741533
-0.146419030773636,0.941571714158783
-0.189649943625104,0.939737880278213
-0.127476293552892,0.968160162569108
-0.214793597830098,0.952872793348104
-0.194889363924807,0.957212710601199
-0.16030631631167,0.941727617615523
-0.0905151392945465,0.914114158011194
-0.151332831442563,0.97490074662167
-0.147635728465086,0.946024135802567
-0.0939694258933903,0.958926619890123
-0.047189089996465,0.99148892058061
-0.153253941185207,0.925661194788833
-0.0360641590605392,0.949621156502467
0.0158485558130987,0.875299055220398
-0.0798503534623601,0.954355757636892
-0.0298329436684489,0.948707090707394
-0.0341126777304376,0.961248347860765
-0.0447885058642197,0.957910423381588
-0.0571300478595624,0.894307939301746
0.0645340244449258,0.948058642404906
0.0519848900159054,0.831655430839538
0.0772933272686879,0.773514619890998
0.0767242424021298,0.940311348976604
-0.0182377068759712,0.91478721628899
0.0713806387823482,0.89238521824792
0.051395674890889,0.953372490606742
0.171862843599936,0.867194212254288
0.13146785635026,0.915860530059226
0.120241806258518,0.885986321871537
0.128771689460592,0.884387742561374
0.0748016948402561,0.926120629105266
0.0758250627154416,0.863062617519507
0.152763068388088,0.852564944874095
0.20856111301467,0.930674582531306
0.100687972600083,0.837241369491018
0.195232822090697,0.79275628478635
0.19423559078806,0.745459414986329
0.31724112093049,0.82306847230612
0.24373439361702,0.748846457563086
0.337109509826827,0.722184899521633
0.41392481100181,0.709877312728052
0.250874970403803,0.710580075162872
0.492221142733152,0.728309133903426
0.500591616506461,0.608740191497779
0.561754065453839,0.684936318579377
0.629137893613041,0.619291558609359
0.550379611156868,0.728872929157814
0.658773769481767,0.610934114110935
0.587337512300684,0.651178214287071
0.680566786733593,0.576006182220663
0.606657280657982,0.642823118083124
0.603794641236838,0.614322600026106
0.677943190108732,0.454865005806326
0.650962084530286,0.553121136960903
0.723975871297066,0.491778328080935
0.774828781221213,0.471234419903329
0.684756265323402,0.545523014973646
0.663255152330822,0.528284085901786
0.718347494022575,0.54783552413759
0.746665162711341,0.411492102304103
0.724051148694156,0.437420288607839
0.747175973554981,0.400355914296728
0.839220994358871,0.358461149639388
0.758156533722686,0.391177624479995
0.79092422968123,0.294744880024016
0.79968485350787,0.30520523379306
0.824909074411954,0.23738670052141
0.812863692331205,0.229297534648808
0.877647246904885,0.282006073361904
0.855915624091805,0.122518034816542
0.832859136786757,0.186570043142029
0.868655583344111,-0.0360383773606496
0.842162121683159,-0.0134537784984706
0.815803409084939,-0.190042528271229
0.867779230517344,-0.186634620109659
0.804332910214385,-0.27621829543188
0.851067581724321,-0.354550916591083
0.789773657090068,-0.374337536861763
0.778715986288097,-0.501185650424002
0.75883548962526,-0.578615360875451
0.69216186787581,-0.616667988597576
0.674033177191151,-0.623521771043281
0.610556637374104,-0.719740310708477
0.555005359932809,-0.786635747864228
0.497639003795152,-0.840447731278471
0.415467268826993,-0.858038513365644
0.345652751741854,-0.877691587846127
0.364604886915796,-0.910632372758747
0.25865768701569,-0.938356078823206
0.216950774153686,-0.965153021035328
0.251300261421215,-0.958757659530455
0.166589827895808,-0.981530766361256
0.0978822075075562,-0.919889681199954
0.120114685277873,-0.983219778908879
0.0733337790707437,-0.982692904406272
0.0562189306466,-0.984046329785821
-0.0597208507888857,-0.981897520402813
-0.0398834159919156,-0.977698031804915
-0.201559610380162,-0.958295480063258
-0.124333204211722,-0.934156829578792
-0.291621769787888,-0.884163115284279
-0.306961707468056,-0.879814859067001
-0.343898190962507,-0.825208916601543
-0.463428732211042,-0.76152698741839
-0.523129991092697,-0.714077651857495
-0.61803399987713,-0.652788844764744
-0.656466869206704,-0.569329294782278
-0.699838619617855,-0.493719246334262
-0.728145184783677,-0.357185467355516
-0.773216280731829,-0.377427688821473
-0.767999313352983,-0.264740716068221
-0.780369479006791,-0.261444214397331
-0.733215638696523,-0.258172086163832
-0.749112484429181,-0.252724954963813
-0.836197440246681,-0.23475884569818
-0.753663910593027,-0.12074068535376
-0.744797139751789,-0.108126771416371
-0.62435849499774,-0.057793947226025
-0.77975138798979,-0.0518237079051826
-0.765022524508503,0.0121203033165243
-0.801152341600131,-0.0557965535671365
-0.77863419197993,-0.0516451808856529
-0.765917030083697,-0.0167570041213843
-0.802550573360604,-0.0562377232299092
-0.795242845990708,-0.0134897437168083
-0.792668023610784,-0.000405998264360258
-0.809128119826884,0.0634483138746038
-0.772420492483078,0.0767975340884882
-0.867425516606932,0.0438956371424156
-0.760805985435915,0.157897468120455
-0.790653944044747,0.180957565238914
-0.77866808516973,0.258290043073871
-0.788773074489406,0.282955670920641
-0.79473062106466,0.281287481311741
-0.779556282650054,0.310543994614079
-0.793366014457044,0.306516960257614
-0.799547279158512,0.29125122447533
-0.812591550350121,0.25088870133814
-0.7845088876978,0.268810669857792
-0.789849817888047,0.251695623196888
-0.730574282184142,0.191514507122864
-0.763878081968176,0.24163899171201
-0.741925350315842,0.249329565835478
-0.729765628975033,0.17499123462599
-0.730262935793774,0.317583008476752
-0.696692389094164,0.357920194476909
-0.552516996685821,0.277623742229869
-0.595498988987453,0.433053098775461
-0.55380608675785,0.476896820869813
-0.460148237640988,0.305909790850469
-0.520777349985052,0.403284880979413
-0.641073243186567,0.493277251385598
-0.616202625327333,0.538913408322849
-0.54921241220558,0.500908165964742
-0.455530289476236,0.467879751911817
-0.510875286091521,0.293080043945664
-0.244159414053948,0.407306987087279
-0.477922022710559,0.523849220878685
-0.389521117438289,0.33886502783356
-0.492747084879215,0.364971771879227
-0.582267945887389,0.283322093277837
-0.416540689858456,0.253655455600667
-0.445902906222806,0.228790567455209
-0.350726766111391,0.222951453111403
-0.268275310633783,0.167260056178562
-0.33368125812833,0.185133463304499
-0.0562304405072116,0.130227950537024
-0.185195589061546,0.136703322522071
-0.326554601644796,0.0356501377725331
0.0348610051929813,-0.0559385225095662
-0.119448321055466,-0.49611421982479
-0.103002216826052,-0.32458392527894
-0.187009682345388,-0.433513739749581
0.0150467826440538,-0.449308863182171
0.00337189547121822,-0.728461705892707
0.00628827698563724,-0.603118565752874
0.0489161620936965,-0.756725182059016
0.252451727248012,-0.646797900844028
0.220806616094013,-0.686657641414911
0.448659022508522,-0.678676140974947
0.482443480726482,-0.661010430777173
0.526570962199975,-0.679437214675516
0.610404953361181,-0.686239436316934
0.596478310561437,-0.728704637665308
0.593375654594658,-0.781616045031601
0.692948325745192,-0.690832262291946
0.66245526291881,-0.731915584585578
0.696431515017886,-0.698416552911049
0.682760590153514,-0.695097478764042
0.66900149973039,-0.696660047367095
0.59690459745686,-0.750697829447179
0.6350112488426,-0.729071044917879
0.609352863127417,-0.746509066676706
0.626286350427857,-0.731680131463225
0.581731822855502,-0.758996546548304
0.587208059475092,-0.775162880626144
0.56630240666681,-0.742506897444224
0.600614877232997,-0.730647936243802
0.589912161595127,-0.799409623530342
0.516351607998459,-0.609197023467739
0.670959036038854,-0.679851267710534
0.594498637240002,-0.72042191974927
0.628769374718078,-0.736615762400011
0.638896394630794,-0.705250202463273
0.754687806436888,-0.597382723768351
0.655598665941083,-0.712237697047786
0.510394230951608,-0.593639784154975
0.516823726086111,-0.595844802664608
0.631076218830808,-0.715518337343871
0.655064786114772,-0.705694769074528
0.664128156583583,-0.698401653494906
0.642195934130327,-0.721205317451463
0.492211127878713,-0.642278370105657
0.550698661957028,-0.73955952593248
0.523337770842073,-0.842363625109518
0.521664217611427,-0.769879428335034
0.551361643548787,-0.757495424360275
0.500887806477725,-0.764755819455785
0.529724761476397,-0.740315017515547
0.540855771633492,-0.729686764040639
0.615901203207011,-0.711369953493077
0.629422538551102,-0.663783966185366
0.704566800201292,-0.648639410998177
0.713290950548302,-0.628825118987677
0.711967311392242,-0.615037122671437
0.707221150695949,-0.653212256688805
0.70374844109984,-0.666762706089374
0.682562360636197,-0.658136339898395
0.691618700111065,-0.686589613018569
0.696832906136656,-0.639066177505658
0.665929318281981,-0.708798831301655
0.646696395799306,-0.692553382422009
0.631857618135471,-0.727657141708793
0.596022298201106,-0.727201282593379
0.571264295901603,-0.73857719061414
0.561619698171153,-0.758585291618656
0.582746979307775,-0.744820458270562
0.53276271760323,-0.748396831615716
0.507997140613126,-0.746907941092608
0.497514169419881,-0.761407560422894
0.45857775135314,-0.78250606616449
0.483361732370055,-0.752523356062467
0.423517901426432,-0.750333035734309
0.529895079520131,-0.736625831831038
0.457823190867649,-0.781290760762361
0.498563180132492,-0.741966460661583
0.38273600026635,-0.784133519867753
0.468346601700444,-0.758336016633303
0.345969924017099,-0.753234437848709
0.302845732559673,-0.750874568224234
0.230709022099443,-0.699973118587151
0.216596049327785,-0.830091067655409
0.371631280931412,-0.799458319079643
0.211524002503165,-0.776385554568046
0.189958676891779,-0.868390312298901
0.20950336002162,-0.779633242696317
0.264972650864376,-0.835842644251569
0.254592677951197,-0.687665116634685
0.352786986580503,-0.700748623340115
0.290999707615357,-0.784557252625806
0.284012485129514,-0.74913453496851
0.215490492833346,-0.736372439455867
0.31329033913255,-0.840610714475637
0.133731799103542,-0.815164436771257
0.220576050224867,-0.866128155091517
0.195111478106944,-0.758811674651381
0.23318384669509,-0.888296251088077
-0.0106204461028061,-0.891875257163714
0.110551833732997,-0.825710410090893
-0.0360362345716124,-0.87571256597945
-0.102378563223894,-0.824927228998555
-0.106768931479098,-0.67177395548581
-0.333399298072885,-0.716612140544025
-0.344470583449781,-0.756922213030795
-0.39647266543871,-0.610580203443879
-0.427988579543036,-0.57625339116289
-0.432230453290828,-0.529041824538933
-0.566446350487638,-0.387169421444033
-0.737633006816399,-0.441152100449735
-0.637798682975414,-0.491477107221189
-0.641717191544265,-0.409506989295736
-0.733512773639536,-0.520832846322514
-0.764293030726007,-0.377141297216498
-0.636017616766745,-0.329608924457247
-0.760760843622209,-0.243688887722145
-0.834715916021302,-0.427631765589837
-0.80761750129422,-0.355177592317347
-0.752620050282214,-0.258106281806623
-0.703305909283066,-0.302701220547894
-0.788843744809384,-0.360509824399695
-0.802063632695392,-0.265715388417545
-0.800470053463083,-0.287266037222335
-0.734090582470276,-0.158467552521076
-0.896095126899098,-0.183622668868531
-0.78578169070337,-0.0944431966121405
-0.850187666782652,-0.158194153703193
-0.764294506434535,-0.0155348646108053
-0.839561329544217,0.0522543352498012
-0.918862787868702,-0.0211994094347808
-0.814783658935573,0.0893041542146816
-0.848226823160344,0.0439590218540082
-0.779926936536422,0.167693519810713
-0.894079480916216,0.223024601211632
-0.764727894236093,0.156305346106732
-0.800179440306202,0.210814076997655
-0.661798419696508,0.408182898286761
-0.830821076365651,0.36018862050852
-0.717660185977048,0.545216360093256
-0.555131300148528,0.514124865996714
-0.567425288975801,0.664033781457477
-0.588016551153456,0.731576636053781
-0.454985659696226,0.84438625200781
-0.473203970043839,0.84149447907261
-0.413547366858093,0.821069013987193
-0.36144771941375,0.882267782480128
-0.38203496092241,0.758644267154558
-0.33138558189673,0.869995535012992
-0.327447834421405,0.91071701427776
-0.170055821834364,0.802284031570742
-0.319461259028199,0.875898752934495
-0.293820121990303,0.879276322245021
-0.173447753201207,0.890005422119154
-0.227203469086721,0.893761934603509
-0.174865093864118,0.957071931893561
-0.209795713545982,0.896859086876553
-0.169029200708353,0.830288900189081
-0.0795668240150985,0.898150983106717
-0.0960837534880877,0.838203564404253
-0.141387211992092,0.888452889108811
-0.0540565733957371,0.879770927055734
-0.134724782098131,0.808786758567613
-0.164715549953483,0.812505563538812
-0.112415804388332,0.849845151424089
-0.180873829019133,0.80813283319836
-0.14429983158375,0.778128229563352
-0.22143879648093,0.809184956190088
-0.181179784708358,0.872666987630311
-0.221065663425384,0.855331748744445
-0.332466857546311,0.755044614680955
-0.281090791992553,0.745654211608646
-0.328492711676988,0.727563104412797
-0.34918677383718,0.827040069830605
-0.323535705496157,0.744194946133869
-0.289701168103099,0.83782256714209
-0.322808529291809,0.745859374895848
-0.238428545371229,0.778474916417197
-0.289944771094948,0.862700428068809
-0.330073398223448,0.755386460032719
-0.270833780104778,0.831094697246545
-0.344849143406062,0.748448543962101
-0.281717426067711,0.645146783803441
-0.342144135107149,0.734983778611584
-0.403954356426466,0.809587180870274
-0.355678905327879,0.753597616680735
-0.401417439384453,0.777220464062346
-0.46319705890316,0.722186710386057
-0.484356757011613,0.789941014782501
-0.497586909719426,0.731754502613397
-0.476732758178478,0.736677775807822
-0.506330016467865,0.713316769924185
-0.612868067786609,0.672329177217586
-0.567700546831267,0.649260221799926
-0.564943298312949,0.628175751277544
-0.53499417350648,0.549683887350499
-0.528335179926818,0.633572443557185
-0.645038156277041,0.567669271196933
-0.589442348057482,0.618636773678402
-0.62957723599085,0.630294059329356
-0.582027573958486,0.615078627509439
-0.514898819346452,0.621796224322744
-0.559041534805566,0.577827054258578
-0.584952178691584,0.63921732927736
-0.625114753078434,0.613798962824259
-0.618961797715783,0.407894567620345
-0.633556197496095,0.476777679894952
-0.540555833071586,0.40572373909632
-0.710989139956449,0.437219924090576
-0.576944868529928,0.303919283050021
-0.401087488418723,0.184221246418063
-0.714441638509999,0.0930304133821259
-0.519917281883408,0.293906893586133
-0.619281643031662,0.0673120374499003
-0.811702389381705,0.00913165207633235
-0.493401043259469,-0.0769230769230769
-0.602465407256757,-0.180273429094235
-0.582239026005287,-0.10112444153278
-0.663632910799669,-0.186227635496029
-0.521229576430038,-0.266749122591106
-0.688500949272541,-0.29478730813816
-0.537444316756989,-0.523129542664278
-0.532510390319876,-0.34360587330414
-0.494595527334226,-0.298427380241573
-0.389576546326614,-0.620571885180546
-0.305900398853913,-0.615070092899817
-0.33181989475029,-0.49515826527639
-0.294377356172648,-0.513740739876982
-0.200794651390142,-0.425014616671661
-0.0161441992388588,-0.559957790216227
0.00700143547635336,-0.696545505171108
0.167399798463749,-0.76286901195997
0.158360287248129,-0.792192652940722
0.187619022632499,-0.786822982528823
0.187416712857036,-0.796358836508547
0.296809492096577,-0.862100110981889
0.352991104852375,-0.746546363021465
0.304194493357987,-0.845923361305174
0.371721203509432,-0.759863937541506
0.383145169158704,-0.756500594879635
0.36281372745384,-0.755700868568221
0.373372287082809,-0.749069530483538
0.435505670185702,-0.714005408229416
0.406490048838532,-0.700161216236975
0.485475665236775,-0.762280396030172
0.524470390621151,-0.611789751875061
0.45490902448239,-0.653677766028733
0.576410995742655,-0.664367022917258
0.584008227099452,-0.652680565044731
0.606439792532031,-0.57698863413181
0.652040626628126,-0.601545573459754
0.607634372750134,-0.586883930708913
0.60104650462814,-0.592082735809442
0.628988422459861,-0.667398442832444
0.563703525698718,-0.654038777040784
0.544713907127881,-0.689849518739973
0.549340720278664,-0.687502172741967
0.601071149452766,-0.683603978655122
0.505005634684887,-0.719876661789291
0.491834733791317,-0.724599240752469
0.518962502186182,-0.71503767835983
0.566169643679457,-0.791194101905253
0.470861954784305,-0.742127223530128
0.467505709145045,-0.797660427771499
0.527041687753443,-0.738017439918887
0.505300593980171,-0.783784466594072
0.432208932735113,-0.834093493374903
0.499560724566978,-0.773431039450997
0.509401234488382,-0.758906297824449
0.485503108231038,-0.780863668967668
0.55833654196398,-0.779367055606832
0.516189777206023,-0.718337019225728
0.512502496665186,-0.704165466165168
0.509954392098794,-0.656320634043447
0.518271667916935,-0.68870648222346
0.611613527705455,-0.642065086706107
0.63788197046619,-0.58095733028948
0.62657757139363,-0.573558916952204
0.575087779226954,-0.675854731486102
0.605553059143127,-0.677248812902288
0.516288568132293,-0.590767595804492
0.493130737587053,-0.708868602753705
0.464514534571381,-0.620331264241566
0.494019296775012,-0.600891208008243
0.422646759820017,-0.726071765284075
0.370867017371109,-0.630689558375906
0.395367342528498,-0.707315607742912
0.404996706011188,-0.711195601127903
0.308723033729532,-0.731000282107947
0.161282096050257,-0.745674769759223
0.216487859469302,-0.672153839431899
0.171868982895241,-0.788632077338319
0.187490608527846,-0.64851274761073
0.0800943102542602,-0.75746238409197
-0.0039625777990549,-0.80954265278857
-0.162164326761135,-0.660232472756915
-0.113404297656982,-0.640058575309906
-0.363391766493058,-0.684826769960909
-0.309007882580718,-0.613869978698069
-0.357286807518975,-0.522648010351344
-0.400614972127218,-0.536304560488844
-0.6174674260847,-0.483581953585636
-0.590903024230464,-0.418503634131422
-0.523578364244984,-0.416246314829858
-0.623113226478993,-0.401038856867006
-0.697813830375234,-0.230600192470117
-0.723420708867176,-0.154180263213397
-0.851845588120389,-0.231768341950431
-0.764602871228855,-0.0410065314255613
-0.909250689509182,-0.235518584233992
-0.770448946266912,-0.112580067978816
-0.821181040156822,-0.0661648470728211
-0.839876035535483,0.0538233050774783
-0.862967817643618,0.116809173709374
-0.90881626533966,0.0771877311218572
-0.881019398705342,0.1769217820568
-0.883891559570533,0.0915544463732105
-0.83139655219964,0.331557054054461
-0.764553277602946,0.214660973187165
-0.790885931039856,0.279370462904737
-0.594807079498689,0.168032693324272
-0.553693469164183,0.476444790614475
-0.55142029546584,0.433665296945476
-0.641636560085254,0.506659621914082
-0.495963428559322,0.484267814354757
-0.617689315148666,0.614057500110207
-0.492379505060993,0.651977302406405
-0.469940312326208,0.692080300995786
-0.452781660952879,0.785455387543505
-0.420277490488522,0.720361282038236
-0.397246890354622,0.81681580516589
-0.429339290064375,0.715460459106997
-0.436040577122544,0.772583811543442
-0.32460052166848,0.770826377890964
-0.331189625508841,0.75665165833048
-0.295803745876867,0.859460531607825
-0.218250252065968,0.806407492848098
-0.221371011063878,0.801356664916912
-0.216149685784065,0.805069582016375
-0.18207345524895,0.888991548196175
-0.149424985631134,0.781973156289563
-0.161070267061457,0.782883506092166
-0.143799082481706,0.886038059281251
-0.0541910694395884,0.774433290466367
-0.06884109882614,0.657422534203685
0.180634336487903,0.796009069212181
0.00619796603249259,0.596766645666957
0.103047040811767,0.787751535694098
0.272496517671381,0.637467376582042
0.210963223202494,0.767123774230112
0.268432088541915,0.7511183765214
0.39961032621998,0.607259937377573
0.320264672592067,0.730229410932665
0.325311753461781,0.721574862057632
0.548741127851432,0.715283207503957
0.322107071182285,0.721369394313132
0.317892867621655,0.730534194330092
0.345741438093172,0.406293665341974
0.609113730903875,0.622321882540847
0.0850267035783526,0.850383493046616
0.49921400043071,0.489365727489675
0.091573709299126,0.653841315880274
0.424907042632459,0.653841315880274
0.291529824450829,0.587726558342336
0.177536766149001,0.716957082017143
0.118189778782843,0.582041449138267
0.401106376276897,0.759993228970023
0.185318435893815,0.675145720430214
0.124418280320295,0.652798282055456
0.152517414804298,0.445260171443862
0.115869209557666,0.700427956071133
-0.130973174943103,0.839139683113635
-0.106956052820139,0.842162094657347
-0.0212171732310165,0.759290717890546
-0.0929193603928812,0.765760146150164
-0.111149749066751,0.849117201445356
-0.114575854136106,0.718390139494037
-0.0176627796322578,0.852600879719508
-0.0981634916146919,0.817130492661359
-0.139564714309966,0.756160310557515
-0.15431586667547,0.789443014953019
-0.227981400631052,0.822113186169406
-0.0857107532135436,0.812948488516808
-0.0668268065603941,0.669205705484895
-0.0458570425611763,0.677260662680543
-0.0100847148270961,0.450555514314229
0.0219615015330879,0.738524462516122
0.124651763763869,0.538610841736679
0.177973740904136,0.628852753048217
0.223554683269792,0.761059372958618
0.163594577467885,0.648005865349272
0.0967642997303735,0.710268499434556
0.178282940227599,0.613818307039945
0.386546030579288,0.521628775064279
0.36925126102177,0.577951922040671
0.43038948234195,0.628197982077246
0.44793129007176,0.631577969820108
0.47314099572998,0.631951880265663
0.485480531050634,0.615301466058657
0.52992774225746,0.58803594472974
0.679272403352506,0.563018883644506
0.656134417593776,0.498524839474941
0.744393606399111,0.52314876109742
0.87190349709497,0.341511877124261
0.831056718591624,0.318696770525868
0.859514522992731,0.378471051479002
0.872724293425199,0.312186846112866
0.903941874090092,0.16084617228394
0.897291475616892,0.0843893115649496
0.85274983398512,0.0240438084178894
0.900839338918185,0.0159493678324759
0.875058720170445,-0.0523116726373588
0.820474500828698,-0.131238575631254
0.821117178421111,-0.234840408296902
0.757276878722185,-0.304667915617825
0.764922192181544,-0.300415116522998
0.698738821157987,-0.347460117586281
0.729999273448504,-0.355305264462266
0.655506897084667,-0.445486954912816
0.731668467174007,-0.397800759212057
0.67439942724911,-0.436852437764469
0.694357916362539,-0.443427456027806
0.712304336123517,-0.469093123750545
0.653314208003139,-0.518870563634242
0.673439794686659,-0.552651235142991
0.570807171779862,-0.630655904317944
0.520351674648507,-0.67095584689871
0.482189174711089,-0.685970454022161
0.393361178854728,-0.750734951298832
0.328409038876112,-0.777443042766752
0.220388466001271,-0.80505002708074
0.250678376054577,-0.863626463523728
-0.00302588452062358,-0.823535336937478
-0.0316740869805613,-0.858587931963331
-0.0585580614322228,-0.896067082638441
-0.00605340667929834,-0.889042615885568
-0.13366564635103,-0.900401707535143
-0.107693486036379,-0.883409237375925
-0.193623611376465,-0.832736962541353
-0.311320406133653,-0.877907819572563
-0.346127509647187,-0.872235590940488
-0.313392718048974,-0.932289350965321
-0.387922763805434,-0.911162360103033
-0.385141716903162,-0.829479820710024
-0.472548581232221,-0.872974252063091
-0.550275309070008,-0.777336957782712
-0.509208979790692,-0.833869291095092
-0.609278133002681,-0.77821530538505
-0.654952362369722,-0.742047470084984
-0.712306446701063,-0.685872931968699
-0.731026619225652,-0.523083445156112
-0.831205907775091,-0.502406363031085
-0.858433834562958,-0.47989099957322
-0.816557570890223,-0.458721290996108
-0.825784282751101,-0.448474927890432
-0.823686994680709,-0.361941850154947
-0.876057896840447,-0.425607877667705
-0.849322790094323,-0.3903694584377
-0.85655635947356,-0.259457038291427
-0.760930685264921,-0.431889316366346
-0.716032329304533,-0.270518119218446
-0.854519097130696,-0.223838688292138
-0.856902329175399,-0.264483317456792
-0.936025979421358,-0.201806685825
-0.873149485767662,-0.150317529514262
-0.941924933930494,-0.134870238611816
-0.855090476795292,-0.0865664117687038
-0.872502918755438,-0.0199500620310517
-0.878174328076211,-0.0673336707228972
-0.968472325238539,-0.0784281857424626
-0.957541068211094,-0.0309340909367023
-0.97057883304831,-0.0501455050741218
-0.95312841554699,-0.0773834289231065
-0.877153594954628,-0.170739431256096
-0.964659598372689,-0.130039805985047
-0.942943682110882,-0.187579228991021
-0.853968838619225,-0.21579082694118
-0.835996521911609,-0.298886414760761
-0.912365189816117,-0.242478459591848
-0.872418397001398,-0.356577453611969
-0.813755272555456,-0.524838373356763
-0.725356462223007,-0.497141548505761
-0.699235260234128,-0.553397862503812
-0.723321014513372,-0.658332983139441
-0.667645796955057,-0.563142832423968
-0.637102858587332,-0.645252502866769
-0.576839297685596,-0.691810210593101
-0.543150151177428,-0.732438570976127
-0.551485218034924,-0.772425567380084
-0.447216950992086,-0.736166120882604
-0.387464699959467,-0.871727951635531
-0.295770742820473,-0.793522746351551
-0.369214523087637,-0.900014432301635
-0.190274681362131,-0.852944905009846
-0.131667455646415,-0.93322204971186
-0.16305152552838,-0.864503415519202
-0.194995353778377,-0.94347290187635
-0.21288402506117,-0.940488836541022
0.0702454674965395,-0.944059059940569
0.01608622960233,-0.958137698402851
0.0827793296999789,-0.981897789181175
0.138265436119081,-0.9709318388485
0.152877486091907,-0.963780764149085
0.0797921899017362,-0.850917453745271
0.209313324767799,-0.9670044045165
0.236510336041135,-0.964114893453419
0.217286288093056,-0.938140664244772
0.22249212218121,-0.96337650004484
0.219357786470714,-0.968977130459975
0.257959850870242,-0.958154951196074
0.202320178538701,-0.892311017815334
0.293850269911132,-0.939892952745566
0.240269295593683,-0.958561782038873
0.208424528280897,-0.873771319108811
0.284701732385947,-0.907765696654646
0.315023032200886,-0.866884418968807
0.341307973076385,-0.918249115981688
0.402797383566143,-0.841422261498399
0.409046983741268,-0.805854071831855
0.500650267569265,-0.683967854506831
0.47013900009132,-0.75233202906268
0.499387956579133,-0.717240385272729
0.573824051011217,-0.677584912898887
0.58922757991897,-0.699195768611511
0.692121161258473,-0.638415864697223
0.717618447949736,-0.581173841655951
0.767884525796206,-0.58517530563345
0.720750913384819,-0.466462572168687
0.788488037569428,-0.532252539629959
0.7852874113583,-0.456928881609536
0.809749212727234,-0.425810578058637
0.849549636222943,-0.360089067431635
0.765027279615165,-0.348348202567061
0.776025107202808,-0.364022270542165
0.65230953098079,-0.39081942507861
0.781913910758048,-0.301409346264644
0.86457293408244,-0.212948520975816
0.85295540834684,-0.267773026704206
0.857793298189223,-0.103831825547015
0.850407356154914,-0.132582189887583
0.767783630953403,-0.163540899652536
0.861672793782083,-0.0991042587581473
0.873536965148726,-0.0972517684012046
0.888924547359764,-0.0534271580548178
0.83367436280694,0.0373535146532501
0.909427933992678,0.0400822505128627
0.863693297613356,0.0505076272276105
0.905784782682263,0.0139973324503233
0.877526010663509,0.0648722843368654
0.867928677372071,0.0888665260928176
0.87223866140275,0.0544810102055496
0.91584602138234,0.00854975451040762
0.86350188221209,0.0583408368674592
0.838448550338542,0.0129785956711127
0.917681363300666,-0.00917708795283423
0.851562513080429,0.0411497519647086
0.837925789286902,-0.0329582632110848
0.910483006945161,0.0125141769980648
0.84295292218313,0.00877802494184982
0.876673670266054,0.0768188089047522
0.915174545090143,0.0448260468778805
0.90476721091372,0.0512562117176695
0.864107676448967,0.139382605795658
0.906120294807075,0.11255696547361
0.8252011770022,0.131474842788863
0.908885564505187,0.134616382060637
0.907014614494399,0.14373894377822
0.859746866959835,0.1981403890128
0.899414437656746,0.206883312246105
0.893684316679665,0.228654823305416
0.812214305972391,0.245763833558906
0.809263685447776,0.377779577687156
0.884334854976839,0.245087990475192
0.87314151264321,0.284538968170279
0.866655134591768,0.296024718389585
0.844593722236111,0.30132004372555
0.752930602563964,0.347078184175866
0.860441186542167,0.288077075408778
0.821652307081625,0.45126201755001
0.748143155547792,0.389079565009361
0.793480007694197,0.409217602877393
0.751759751183381,0.516744372205767
0.773774508629602,0.461186990897959
0.747822854728171,0.496090713411309
0.714974324910064,0.544995709017902
0.711684955008136,0.526688264760319
0.707239231044244,0.593899910289738
0.649602964653362,0.647450357323886
0.571160973146091,0.718563044961508
0.585131875237514,0.690634345543158
0.554004959654678,0.718764452034084
0.572427715987681,0.707441300068538
0.509771265479854,0.757061221457285
0.43809629076149,0.779588711862696
0.306497200572503,0.791977494667505
0.319233042676662,0.801352031633067
0.222700752895978,0.798664454972012
0.253164487705742,0.859295290305664
0.201394588423491,0.868400554462747
0.131356661040682,0.823278236512907
0.0952299675979627,0.904705130809302
0.0523115458158265,0.899637087262605
0.0674404152334141,0.902686871230833
0.0793508203271421,0.897830687326076
-0.0389748696028014,0.905324617078922
0.0514359747087734,0.912621637350841
-0.0533942267177704,0.905833078428265
-0.198139818941106,0.867366142652596
0.0066950153817299,0.888563384979315
-0.192195898982791,0.887042073032492
-0.122726532365295,0.862677063223771
-0.395745211830044,0.828421962533034
-0.296855657575562,0.816145937378369
-0.345371571734513,0.791438172973361
-0.301040875718129,0.775218976076089
-0.539464274156373,0.723132207647067
-0.598677592123872,0.623398951673868
-0.691410312077335,0.508977868730195
-0.705997996918256,0.445776433111386
-0.754160848356752,0.371534211545076
-0.761990871222197,0.348847409226783
-0.817366261752925,0.262017212463585
-0.872713453145372,-0.0298927452342991
-0.796040783842014,-0.0473194070224975
-0.825081890494773,-0.280543613185582
-0.760795525162481,-0.211573491554074
-0.767096797280647,-0.327733827876832
-0.803555577094652,-0.456793770576957
-0.651969007794994,-0.524266907445026
-0.547794394536817,-0.696434360052669
-0.563653602285424,-0.703062585923377
-0.537882697154586,-0.728152208171153
-0.532535005406093,-0.728341263478584
-0.504657946343122,-0.750327013115055
-0.508857470027618,-0.750075444227056
-0.536578059433944,-0.729887563850057
-0.551114651481898,-0.718267062428192
-0.61946404966085,-0.532908423540591
-0.614441375052167,-0.642662160824621
-0.631984104110582,-0.62341667977844
-0.740365209046876,-0.612497059474756
-0.639332969681707,-0.489699126643746
-0.620710088380967,-0.603762702661926
-0.589070282046396,-0.63883504920549
-0.664267105277407,-0.660662356741544
-0.552424974967298,-0.628216928046255
-0.564514641062257,-0.649932980363966
-0.657359438731571,-0.675280042014189
-0.591001869049657,-0.612584156238521
-0.55604652332805,-0.672706623195837
-0.635291733181317,-0.687350359409317
-0.518885311555822,-0.691309255199111
-0.588380261425136,-0.7222711734597
-0.495244793125176,-0.742993735556578
-0.46115053509809,-0.761112740697151
-0.575913970872412,-0.809864637584608
-0.590724581494652,-0.737130492754381
-0.493708846247968,-0.842418576445127
-0.533626428972515,-0.824855223904568
-0.470786609480329,-0.839531169282135
-0.372711906420272,-0.68092809712657
-0.430444948788391,-0.8661172431416
-0.473693635104906,-0.850451561807952
-0.510822160964831,-0.813201109274202
-0.54199734152353,-0.803380282645077
-0.564007980455351,-0.782270921404313
-0.543528243772077,-0.730781525308139
-0.565909107831472,-0.792189168331462
-0.494587005231191,-0.783334795597126
-0.457271440346159,-0.816059287495474
-0.342609155274142,-0.800459278260522
-0.174247278664405,-0.785682076522917
-0.0450058516358475,-0.788738777047976
0.0797194474170151,-0.861164048027836
0.104748924848243,-0.893154379081685
0.201132682769224,-0.855589903246056
0.367210819061417,-0.820310472911757
0.404426821697766,-0.783838531073392
0.528163674282964,-0.740300679174242
0.457152874545374,-0.72717174722501
0.614618663439682,-0.670312690151448
0.692202842707938,-0.50453842733053
0.790177721629769,-0.53045321327992
0.790723526045275,-0.412464347140843
0.802165952263614,-0.42491699595652
0.907117650258046,-0.384078273311666
0.929294203557566,-0.349677254100042
0.830335973580289,-0.29688095465394
0.832935217218274,-0.369508203106542
0.823764110874258,-0.394390658477511
0.886060685072488,-0.376851129726038
0.812130563817434,-0.417080314251301
0.815585947524279,-0.411380108339769
0.869843862578688,-0.3615749999478
0.899554624888038,-0.404064177074273
0.867097646297332,-0.355374624991914
0.739052253732341,-0.363903274264856
0.892810657507135,-0.301155638495523
0.850712381463153,-0.277930878169641
0.909546532387784,-0.251541050371206
0.844889327244277,-0.308351631277703
0.907742804952975,-0.25442288592451
0.829031575726261,-0.350243382799545
0.798276253685092,-0.424259438581974
0.785254144936421,-0.355071739615108
0.827247525413803,-0.403704897825774
0.728228416514028,-0.439383207394374
0.651119385104398,-0.686638347465107
0.600788079945957,-0.613763835436749
0.589189669217393,-0.656897945238568
0.4700425158131,-0.760781430426805
0.466368134692471,-0.783449484553409
0.401060517564656,-0.761209788093405
0.287690898517027,-0.751776007783159
0.330010900507954,-0.773911714580313
0.28061492596955,-0.876175566905008
0.211446973049585,-0.842058623599509
0.131201709644662,-0.866866138923875
0.184176325312129,-0.785521994273872
0.17270959186125,-0.85039261501272
0.142294953750595,-0.856004210308751
0.145896472005783,-0.788193002093922
0.168615578250975,-0.822074010420014
0.270910921090951,-0.812474274421057
0.362995304611378,-0.744075379736332
0.325075559493998,-0.689767854634933
0.495233038683545,-0.609525006501741
0.560985115731794,-0.606373987478538
0.530271396856346,-0.533980779308155
0.65444819812626,-0.524492490460603
0.724623789464998,-0.393299448834806
0.849133598925119,-0.389674849368991
0.876081084330998,-0.229809625873836
0.849310834226289,-0.207890597644124
0.871062416675632,-0.0451807099041023
0.876241095672287,-0.0475871942455387
0.974355366068559,-0.0548336640352871
0.88317606336275,0.0441846675953241
0.930337786770821,0.122015075589944
0.85076963609054,0.231449071196834
0.871536260800879,0.289920686303115
0.784650675628829,0.306431175328114
0.77704001874269,0.430600063006408
0.795576781828048,0.322676146129005
0.789850231937852,0.430273031613103
0.839970854074543,0.392724125713004
0.786945176900254,0.458715492792584
0.800848262786121,0.344471800467568
0.811383250514089,0.419930424660503
0.86435386294965,0.37259481838715
0.828323890517053,0.373785034863392
0.824490518440146,0.390958827211831
0.83932245415465,0.355843736563953
0.858014764694781,0.32423085882831
0.852163861439072,0.331497436063908
0.835388059335388,0.355565257913302
0.887572334498544,0.305352963643281
0.822950190109363,0.38553195854766
0.872162355846414,0.353683896105759
0.802973611450967,0.426552766824443
0.840285076310583,0.381373780711464
0.85060504684875,0.36830445880544
0.789334483317788,0.435732166251583
0.831063250948841,0.330458745210234
0.860974586680865,0.353794653214476
0.859887871533065,0.453397667668933
0.76866852041382,0.466204516492384
0.853809191205137,0.407013422716668
0.844734506530749,0.367243238839092
0.770558341013715,0.452805311567036
0.764892240524532,0.404695722829424
0.766529426803203,0.488904824991487
0.728367989423884,0.610080896417488
0.706210802788896,0.531771377212988
0.681976704764027,0.649112051777407
0.649265314105994,0.611478849160311
0.620691579250271,0.698032543848473
0.597049584320774,0.65150321005514
0.568328143972134,0.708983808593176
0.561784443794025,0.682076340816614
0.552643697509829,0.769087562008834
0.529116998546384,0.772008483992246
0.521808814044334,0.777599355334783
0.47920708725576,0.75180730206388
0.597230824315912,0.710852552558913
0.62932434927918,0.675001332903401
0.704179192876497,0.556883560296618
0.719835762365405,0.599353885429276
0.735417138531368,0.526385245559353
0.756357355571596,0.555589932914194
0.733995585451084,0.466895706150614
0.794560521454324,0.406879831612367
0.824537700972789,0.422575588364107
0.807994580011979,0.382591894733246
0.873789979597829,0.352465167319882
0.816936314057152,0.381072122950784
0.887795712056956,0.290589669215709
0.923770539842653,0.304539335114583
0.910419024064564,0.238699363066605
0.939288350844786,0.253435430176601
0.912686770588491,0.250983940422147
0.886722681020463,0.234847404904661
0.943715401977769,0.182351582398185
0.961076673989301,0.202060971903554
0.882174641321028,0.228532594801493
0.919917135050224,0.204040441262449
0.935777702639661,0.185008428567329
0.866931076958828,0.332933148321622
0.821659791899654,0.201798555590705
0.937458655896155,0.164390290399515
0.941095755455482,0.171503913006358
0.800641741596906,0.229264034116977
0.778996451174845,0.121020869627865
0.776645064678292,0.209548117772099
0.74322345821098,0.193953195686102
0.824926335882256,0.136060551256121
0.842047074612388,0.00488731329505832
0.862651698082385,0.0983747491926384
0.806621076072201,0.0905559974260647
0.794571231761132,0.0254247791020739
0.800447043585836,-0.039939909744735
0.765879311126567,-0.141124527665161
0.860010438696821,-0.161847869445694
0.67731107764418,-0.253913381535118
0.410986821259629,-0.164193251700866
0.642093576866104,-0.270620692888955
0.501888463212976,-0.324472467363136
0.578750929553829,-0.33016424179477
0.501368510470711,-0.4837849784187
0.478794155253589,-0.464544775520226
0.424328623335369,-0.315132779065413
0.352400578690409,-0.403983152408117
0.210579821542334,-0.594027973443284
0.0769230769230769,-0.480203129778407
-0.00681230006777369,-0.25131229454663
-0.343272524352721,-0.31000673063536
-0.319195076372615,-0.112653055475919
-0.426496755337267,-0.385980292762862
-0.358276858147927,-0.354888191548561
-0.636106237727203,-0.310341975122026
-0.595768659268644,-0.270061611896764
-0.737486754315069,-0.126424443163977
-0.928217851869833,-0.222420369401602
-0.711322042261044,-0.272314173010269
-0.726784636075521,-0.212503141347258
-0.818303280667141,-0.347256081303147
-0.956934572804015,-0.0210857601947957
-0.971200515969874,-0.13343570955106
-0.986999114853194,-0.0654649387841336
-0.985899887949525,-0.0452054825315343
-0.869173812517713,-0.172926673710377
-0.940063646900915,-0.0476822288147173
-0.768835033020655,0.061125475641237
-0.925181100515454,-0.11338565589518
-0.935124422511715,-0.0818762144884652
-0.927122596819545,-0.0969746381052647
-0.969447617518986,-0.00383180046415427
-0.885066834468499,-0.143901369243183
-0.796587936415405,0.0162707014903235
-0.655658199841021,-0.213161625852153
-0.889842386015182,-0.113512140520335
-0.726022745091239,-0.0746548950027344
-0.718926541967218,-0.0579639636256138
-0.710709690210177,-0.0113252267071062
-0.719608450225197,-0.0445098238440115
-0.5711832343904,0.175395145817802
-0.479227463314991,-0.113190105818356
-0.399800934028373,-0.0345103765344547
-0.486431995923902,-0.0969505131389109
-0.477120591452677,-0.0750571063847865
-0.636352455525393,-0.144164396169237
-0.4021134460339,-0.0425872031258669
-0.393065398306621,-0.0161227397553661
-0.419357636389591,-0.121689145709739
-0.349379947241406,-0.00685143446942449
-0.325395686727984,0.0723101526062187
-0.656714166715111,0.0808452083454443
-0.368524269666695,-0.149071198499986
0.00386106164316613,0.0620173672946042
-0.853553390593274,0.353553390593274
-1,0
-0.329983164553722,0.0471404520791032
-0.451929195099155,-0.313456023926876
-0.466251495127468,0.00274630718100222
-0.428925651162357,-0.272512769087131
-0.664627911557873,-0.0368105086916155
-0.896980003173777,0.151751299624797
-0.660742456791611,-0.0884853636088393
-0.425816324080263,-0.318392083454988
-0.960196267462401,0.0709157782786343
-0.425040196396096,-0.324187624004355
-0.968823892571459,-0.197886355541575
-0.337348162238154,-0.0488151570415889
-0.381011315000918,-0.0167183754850973
-0.618491402529034,0.0849857532774802
-0.61025212285632,-0.266112345696117
-0.618491402529034,0.0849857532774802
-0.61437016301681,0.0788528794944014
-0.764945105467758,0.0430390720222148
-0.643888815928718,0.160914415688763
-0.963333546175361,-0.215370601417161
-0.742649062629439,0.00783307625261627
-0.893728690956681,-0.113829322584332
-0.753883195913904,-0.316387617378899
-0.92302910488791,-0.215040209519165
-0.780896015080762,-0.273460992995497
-0.910003052724481,-0.169514882065362
-0.952012501223259,-0.239214252668259
-0.925953771456897,-0.158599779807926
-0.962153501653575,-0.215124845485256
-0.85088560885627,-0.286759327177907
-0.931970816366025,-0.267019503174553
-0.827657901476574,-0.25091007651944
-0.944074944882817,-0.245548864686893
-0.913240422975985,-0.174017109985522
-0.954535984215196,-0.254915354915156
-0.9135682388961,-0.181525804975375
-0.954840590518755,-0.26368182574626
-0.84254713602173,-0.236587245566381
-0.936210036971008,-0.180555361530563
-0.843907344468649,-0.187494840764233
-0.810996331173761,-0.319563056653685
-0.907234013532681,-0.249504480134871
-0.939827557856309,-0.301704669333682
-0.908262931845175,-0.223035589725148
-0.867888374656234,-0.285956211182694
-0.891303551068181,-0.0801571249717797
-0.935546066933772,-0.137594140219354
-0.733320769488963,-0.112346736116258
-0.875749289902243,-0.00813039240527794
-0.898091204142549,-0.120873309221544
-0.905426638336379,0.0503295591361019
-0.905352875428128,-0.0166913924588457
-0.903345511260701,0.0703784041381913
-0.898917154937961,0.144520160165549
-0.902227414848184,0.142862653505959
-0.893389365237835,0.186223313416813
-0.858015254228263,0.32152341123723
-0.860384990748198,0.274785981848464
-0.845751115615893,0.419406879391979
-0.821946110914088,0.471891398690379
-0.827175391394367,0.465413174268536
-0.800443819213947,0.461621161667496
-0.77102453506847,0.569072614513646
-0.757280060443613,0.517519239676171
-0.751470568235957,0.485193111669068
-0.806976716676747,0.513141386868828
-0.643577791940172,0.476418219817215
-0.710624881701112,0.510716768134835
-0.741823095870313,0.563123855258836
-0.647202853709052,0.683774877277316
-0.525999698720933,0.568521729836321
-0.523552273227381,0.664662743430747
-0.44610415591119,0.578996992458036
-0.629078082033023,0.624929704416526
-0.463102296196335,0.69965368347287
-0.408036806106373,0.652894161459093
-0.459124740289372,0.619942341478383
-0.354738901738233,0.748764436074913
-0.492881754148681,0.650575806101574
-0.277646808310025,0.551530331435658
-0.357974602007859,0.780986060317062
-0.306793626869509,0.599948018759575
-0.268230827408238,0.922677931639693
-0.127068581997199,0.77465977235533
-0.236314008837677,0.884107079147947
-0.224902978827418,0.94291518849482
-0.0444768788448522,0.878750666011631
-0.0453238575223804,0.769350570286804
-0.0929789041891082,0.952610868905656
-0.0374977808077432,0.837448472993767
-0.0342046079552009,0.897239696059515
-0.0689472497205234,0.964738863081237
-0.00451434362849174,0.848805252492774
-0.135870330279709,0.826637309140255
-0.00212189087559202,0.874043922144833
-0.058267802848289,0.920754924211975
-0.151331869627094,0.933010485362679
-0.0581346292129547,0.845845216698873
-0.0851302114999975,0.780404067482449
-0.219778828569302,0.899093928783543
-0.145137797035623,0.909424416827882
-0.200515073114924,0.830627145325792
-0.291693022308204,0.884641097829464
-0.193928397104633,0.837856449246286
-0.250737113500088,0.872851368640465
-0.194926846051779,0.804922073213384
-0.262130180401641,0.843661232424416
-0.268729368211773,0.823360777453349
-0.255985338824399,0.788582938992782
-0.261981718024523,0.84038922081118
-0.191997012552798,0.786546195805913
-0.296963246986658,0.73049891861828
-0.272809053802695,0.854755128951551
-0.209158519560985,0.794893289198313
-0.290858341793651,0.783744754479183
-0.292146535984784,0.727279605543052
-0.324967586656418,0.758525786183803
-0.0747604466657526,0.828310406513719
-0.0710787705677616,0.966136603734164
-0.0580123724781407,0.833244465478894
-0.0378463481234595,0.836989335146911
0.084507201526833,0.915530248647735
0.02155440930011,0.907200856108126
-0.000494152158694948,0.826395190794138
0.0317337021851649,0.814007832983028
-0.012249907331483,0.813938510110856
0.0584717337038615,0.831501329645538
0.0941529684101446,0.834651382082998
0.101301538928327,0.881494112221805
0.100319889262641,0.820205062947681
0.209475980736373,0.848603072118326
0.189580936418469,0.843728158409459
0.190849583188091,0.826796843943602
0.204182850433712,0.856258268147573
0.247982252983349,0.838480007337581
0.209801326731769,0.862600577044539
0.274336230385128,0.889167671392941
0.279943191638032,0.840882193792775
0.142083084723737,0.8995160120852
0.228723607602007,0.870596151919917
0.141306259444411,0.902265862702186
0.162003478206994,0.853047244763506
0.181658169973368,0.909858215994747
0.154967807723266,0.915743902864206
0.191328752602753,0.909335689307453
0.149610932479474,0.909653054613268
0.128248200683146,0.785891651481863
0.206156633857523,0.901269617173092
0.08636367910674,0.9657666936434
0.0989641749811512,0.908591005866632
0.129681064959956,0.950539172305779
0.0622957799896752,0.974764606049637
0.0842264359178973,0.917705541029604
-0.0359714629082789,0.982653367036676
0.0367611617452891,0.918611987519186
-0.122070884343126,0.963831791336714
-0.0923987868745582,0.963504209948324
-0.0929694855425145,0.955543632044498
-0.16241640973988,0.892449389586143
-0.122873942249622,0.941834493468765
-0.17326686458583,0.909432310334079
-0.0774890354381974,0.91884616844849
1.81656995524452e-05,0.871050925975108
-0.0703139226486869,0.848941244345156
-0.0451161925640253,0.818875441473331
-0.0134728747794209,0.838845869792434
-0.06721938034255,0.84960826088995
0.0206833852975806,0.7664636319826
0.0104603483639212,0.81732915521456
0.0457124017138899,0.794081917392538
0.0905998898100087,0.794603908933815
0.132763591945587,0.810154976095505
0.0979077150693834,0.799601721897322
0.227869409721565,0.850969008609976
0.166333470334268,0.826260077219769
0.0645412887986947,0.674792916171251
0.204773309869739,0.941565319828766
0.241980862475486,0.50392017617913
0.166176720249203,0.461582569154548
0.191684459104495,0.695053202901531
0.306508465083449,0.786300010282658
0.186250782767114,0.807801010884439
0.272150746851683,0.754921729278403
0.257602037364153,0.615343903347898
0.325851382884599,0.625422705269208
0.210033948337687,0.664223405857798
0.203147828373057,0.747578833095122
0.243132956927483,0.542155461207624
0.149844365342985,0.793222991451495
0.127129691737037,0.876770392241106
0.0887938751297312,0.868288842329794
0.180113546534262,0.778446557278859
0.0411514965502448,0.851198601159748
0.0955796634643333,0.896643344480476
-0.167511917222299,0.817843451619251
-0.118702313969206,0.678271177259423
-0.248120762569681,0.68688017132669
-0.305313726165599,0.645640596868262
-0.67422399441948,0.396050623633771
-0.510049360550775,0.458021412189136
-0.457974602007859,0.409465700119256
-0.44964367317124,0.286702410202455
-0.740881725480763,-0.0145889268545584
-0.704020634953352,0.0238960310599615
-0.819054800431525,-0.0306134897561632
-0.783344766141962,-0.0197971974805478
-0.689891380529253,-0.127806416547623
-0.485941038871518,-0.294317137507728
-0.515539485245267,-0.402540059681576
-0.623886957898497,-0.534385341129559
-0.792207882475382,-0.501641229087391
-0.686690820085659,-0.561759909071191
-0.708102405819741,-0.524971446684446
-0.63256298406722,-0.572667200683581
-0.663523740171319,-0.726192299754502
-0.637949011251263,-0.722879722277163
-0.510129035173085,-0.748932255799807
-0.50490196781874,-0.657537109654844
-0.518383319386793,-0.831495125270425
-0.488105649526572,-0.756388276251736
-0.436578183032182,-0.850036922079168
-0.475229080394038,-0.661450137435331
-0.382598831825902,-0.80945233634516
-0.321863133523231,-0.828894087709847
-0.413198050754123,-0.789760465638436
-0.291526077922778,-0.822550967633315
-0.289026061757981,-0.817655881453631
-0.200911448099473,-0.845096712300105
-0.171124712849362,-0.928539193155936
-0.105760505844787,-0.855147788633393
-0.111415903462345,-0.801795419677887
-0.0765566763252258,-0.842577246829891
-0.0953846959289117,-0.875896409741891
0.0348974112935467,-0.867136215718883
0.150871641273118,-0.891871481953771
0.0387092857448401,-0.865331850607609
0.268072095303737,-0.862056584164837
0.222905303656687,-0.773739764870036
0.197195686899553,-0.803541727132936
0.21648094215819,-0.84169859708321
0.370697726607587,-0.752839201496335
0.212838117656021,-0.823887797302856
0.357147124613999,-0.676381029427997
0.286590560717454,-0.779302830652804
0.491766352182479,-0.756939279014314
0.343547458712349,-0.62865025956965
0.512588893719322,-0.598049019781503
0.569294881662768,-0.719566472535707
0.303097935251021,-0.679408284022196
0.593842944318514,-0.558996204971253
0.593522497552019,-0.559551020180043
0.534163424249733,-0.651527507203346
0.559369021213078,-0.596672430332738
0.604830717441932,-0.460448999267897
0.483225170485354,-0.664730134118313
0.542688685459193,-0.671236830918152
0.606026372314982,-0.537273518490853
0.604019304571116,-0.611521569794502
0.634340760149081,-0.589819039913006
0.573371441055736,-0.482926476562356
0.647785770258717,-0.556881892078184
0.660102057439898,-0.436451721888584
0.637241938478316,-0.58298731299127
0.601013975597702,-0.594269176240566
0.664787216875945,-0.372918594718632
0.632571339613167,-0.462067397589163
0.552212901293056,-0.496152382498888
0.48052493975835,-0.621973110477101
0.616643052884818,-0.609967883382579
0.501714817350422,-0.556468120201272
0.616055241862355,-0.736492478257077
0.492345637934906,-0.560431651288845
0.458957871410419,-0.753420555360076
0.484215441789888,-0.729522748363046
0.540731446753762,-0.789185106501593
0.537647992796989,-0.78428849901785
0.450210866550664,-0.730976950433212
0.376664468014928,-0.891653237757649
0.358973083119286,-0.899486550930428
0.361405919435402,-0.827602444047611
0.409358656417545,-0.752926973516759
0.194903732394419,-0.752861226544403
0.0431523260713848,-0.783964874056722
0.0222725609989664,-0.785365641442885
0.0618641928328098,-0.877237446279186
-0.00397714462978951,-0.871262029491917
-0.172030008434805,-0.835828295613401
-0.217243007528976,-0.809400233133482
-0.206083527659855,-0.741812573354122
-0.361044566975772,-0.708029358714215
-0.391296078439449,-0.76010456888684
-0.431980866023362,-0.687936620386866
-0.461843750813421,-0.634278668259574
-0.692625752469149,-0.627986292946292
-0.530314492619937,-0.572238820496698
-0.611971267776739,-0.557183021071369
-0.5599554349046,-0.59581415732752
-0.657213066156297,-0.476419098714883
-0.538736708105605,-0.453415385263716
-0.589960814778082,-0.399463783809343
-0.595851662072621,-0.478539556467128
-0.676856384556669,-0.370775362113964
-0.530109816558766,-0.325567782353435
-0.606236508364113,-0.168897217688584
-0.768709894152209,-0.244370708482899
-0.582623608950735,-0.288436232791524
-0.66522284294017,-0.191221653732129
-0.656988633737315,0.10550949595665
-0.798812142752482,0.0350232500564752
-0.786051453325049,0.253798317796457
-0.830962190997307,0.216305314037372
-0.84838026401599,0.348434266544646
-0.812324481332857,0.462969047285132
-0.758800342001328,0.519785192580124
-0.673370649846669,0.515014130992702
-0.687633878439183,0.604686162057709
-0.666109400784596,0.632767597461487
-0.60288411842241,0.690007360184706
-0.607478847046331,0.606143234503827
-0.556247685038885,0.732089803254225
-0.510090875938571,0.759500204993103
-0.49019686504378,0.705279070147017
-0.475825156519349,0.784025365241571
-0.453802512242831,0.725979065202338
-0.422307376019499,0.872712569959596
-0.444985585345603,0.792230643912774
-0.444531874023477,0.780150691609876
-0.395555525501988,0.808155544673471
-0.398458569009422,0.814169184825078
-0.325924492679416,0.845157039125378
-0.176151175624699,0.816038486413632
-0.316238409136479,0.935015944025126
-0.253030152542867,0.776946639687987
-0.289670987015267,0.86205980573117
-0.285405604310578,0.866633648903705
-0.285105123385795,0.857106908693811
-0.268225935848948,0.952759655928197
-0.252205837220818,0.766161223699641
-0.249676491459616,0.953110724348659
-0.155933813498735,0.791121827615877
-0.140081600190328,0.885490805971272
-0.220302262804311,0.931117348290943
-0.0401797848353513,0.808466661483513
-0.0469295708159953,0.907740215264438
-0.0581491505307321,0.892759709262722
-0.0283058020705783,0.987970739891867
-0.0247692003281006,0.908372553678507
0.0108785658644084,0.838694026278163
0.0209032515265897,0.985994329989589
0.0787097484772036,0.905507720056945
-0.00507630635846115,0.914915642995885
0.050315329935469,0.921245349279313
0.169617117720254,0.842058857851564
0.1202236327055,0.897462239988949
0.14373769232811,0.922302220852554
0.323064944130581,0.867044815730865
0.249171781377418,0.905237530360459
0.292175222648975,0.846234161170064
0.410795359171078,0.781717016911895
0.337198682014068,0.877071518809487
0.408511627611459,0.694477734261526
0.38951720256463,0.84733370111591
0.349548505327419,0.910573366094237
0.268759654628659,0.83065762239203
0.32785427711561,0.84590168513647
0.346598796779022,0.763377832412943
0.314851820319693,0.920261993554911
0.29790783402659,0.779574128210429
0.251611620174265,0.881496135453698
0.28571483249765,0.869780809607953
0.36344209498995,0.834575636986111
0.304059910859858,0.77704137559436
0.297768461961421,0.918513487441135
0.304324372402561,0.769263168797839
0.301110570448784,0.853261312537273
0.264007454901546,0.865766932398213
0.330811566566052,0.849845893959813
0.293868993529344,0.865429436680701
0.255593244852335,0.88186973134128
0.259022881157588,0.949153188692821
0.281354096073032,0.881093727013374
0.172141060184022,0.820706173818202
0.142839725755928,0.958416936539246
0.224159365662063,0.809927041770638
0.138201405595559,0.890894775951658
0.191817717906991,0.949721431822849
0.178040082515442,0.888774106888254
0.237665998807661,0.803606474760755
0.254528012660929,0.936175623935825
0.170848751351388,0.870911271170177
0.236015345592279,0.850638809472679
0.325241238130925,0.768753815638656
0.30807279288689,0.902971375533845
0.346713215572325,0.769310460812122
0.29061764426491,0.841011914245203
0.388242554189192,0.863151453079602
0.369427027509272,0.817898642452386
0.465433307128112,0.786215694981628
0.450507707590754,0.759872210442844
0.464894272510635,0.69210682286298
0.51673277293805,0.747476705409459
0.511689318605992,0.746942419589911
0.541117047866856,0.730177778346783
0.546982560010285,0.726896889677044
0.545940287168303,0.711582027218653
0.56551945240773,0.717486580625077
0.567744703446263,0.719499592999732
0.607789529429172,0.698328699670091
0.562806373433254,0.729516688038249
0.607301677592009,0.701010215176598
0.600511677144131,0.701258512612105
0.643724339486196,0.666231685635496
0.638961858508315,0.663982511377382
0.664770053794951,0.640674028680542
0.694218771946972,0.609702537371356
0.706751188055768,0.5991890382107
0.719572192669345,0.583235389621963
0.71340507645168,0.579992894286071
0.707237793380931,0.581174372461488
0.737354272229522,0.536989123207695
0.714097580394147,0.581390255425321
0.738481853619147,0.555914581273564
0.738555098993964,0.553844800051813
0.75802803840637,0.470196390454588
0.74384066168108,0.596954015709343
0.786935676135412,0.479004678738346
0.791844158065482,0.463214493321612
0.7832623862054,0.474705669863802
0.826063485556488,0.379316068549255
0.815430013148079,0.398304817431121
0.821478500415681,0.350343795937345
0.813567437298685,0.337257871552759
0.841325991033431,0.313019256684343
0.878237493115233,0.231157981149101
0.889367813477286,0.175734178679868
0.884623075114492,0.169192695902945
0.917020999377859,0.181690476835989
0.835889329947472,0.247892921031168
0.894202854149207,0.124329376715412
0.890512927153569,0.18578814673972
0.893006410049388,0.0935098479233246
0.882361894058905,0.147235897551511
0.884327045916222,0.208555253734712
0.853323019197229,0.156971456036313
0.871216275453264,0.19794295232818
0.866357927038902,0.363277182999535
0.801213437813764,0.281258232497658
0.821753242191257,0.369101002965712
0.819471673349342,0.438975747803304
0.707165815515227,0.569054614052497
0.708651676272448,0.540753031024428
0.666774986501498,0.615268691131666
0.616953385464045,0.652854091387539
0.580007497524411,0.704207338769406
0.562013294976612,0.704592225445294
0.414310125009498,0.817377091828081
0.384686771099713,0.821073449916979
0.403429677446585,0.832989215775108
0.330390152394438,0.854074567740055
0.312607907213352,0.865967282762568
0.240955806637477,0.87857818827071
0.261482809153784,0.879501115115881
0.226648242727144,0.887738625050107
0.232647058171217,0.849203788669259
0.161763583660325,0.899000522826711
0.148086017132014,0.902124455621341
0.118147749253999,0.90067064211433
0.0423962716797112,0.904830700639454
0.0565103819699482,0.966175244503013
0.0484924816237774,0.843217728637609
0.120722145738998,0.858893837663889
0.0545444961878908,0.920688431590507
0.0229051616262363,0.920560019678903
0.0427385042319053,0.855981905921343
0.0752267320473872,0.911588054297625
-0.00540049516476289,0.858644416575501
0.117616061400377,0.790663158000331
-0.00727793797528439,0.792113800904023
0.111654121806926,0.907989481037476
0.06736143222024,0.98349399777666
0.0670651324368752,0.94590852686338
0.0279881213373236,0.877157682834641
0.116045415602889,0.875219223824034
0.0910308576832256,0.81629746728778
0.0822383478771369,0.757757402958399
0.189435926146501,0.785734505603484
0.204181195344442,0.777321330800258
0.321668064412927,0.704978068911357
0.312782319641031,0.758143288513365
0.294553812369149,0.629331804245628
0.309361875537223,0.558333807019862
0.435023032173358,0.643421897901527
0.395093023602179,0.462808761803293
0.435892582518249,0.546870942617666
0.514859473858979,0.486509827392206
0.576603741837704,0.414614422611385
0.736526824095715,0.323147580097706
0.753802613889431,0.00534370193599165
0.79051366445046,0.0858966802964524
0.876814785233701,-0.149324302716297
0.868430721240708,-0.254818265287391
0.856686754958747,-0.22733842842279
0.836843514289801,-0.255828379733315
0.826901249635576,-0.47613515741737
0.822834202339568,-0.342063591044402
0.817493267762378,-0.496982965409214
0.817955140043256,-0.345137108629484
0.816385030678153,-0.482769109579169
0.82683333622059,-0.368375853076789
0.804430706226796,-0.375652782528593
0.80189526173258,-0.327977898351139
0.889694874808335,-0.306358833657234
0.822004647583559,-0.402872531338075
0.752323863048226,-0.249856734079014
0.823681200171398,-0.165227208999761
0.70578896058878,-0.310875278930417
0.818770519627493,-0.140413825775068
0.738849263365308,-0.113240741327376
0.791378980682808,-0.135095132606052
0.675489927952849,-0.0991662456840138
0.683134087642849,-0.063620113459733
0.668642069921963,-0.343150154871936
0.511771288509811,-0.515919627757972
0.456485360368938,-0.541809947341797
0.38185101933756,-0.613921138454733
0.18190990375259,-0.640907953344874
-0.0340430541849752,-0.718363056846824
-0.254900763668671,-0.607739315309852
-0.290058701192829,-0.51796206697819
-0.489126941362614,-0.686970088658152
-0.549250168491323,-0.731484875397531
-0.633935100683123,-0.521482296936365
-0.661978039975902,-0.483442709676886
-0.750209482507964,-0.476929208487872
-0.77899686837682,-0.432452053507479
-0.81231964940974,-0.374393936696957
-0.822120916635876,-0.462209033494973
-0.832761823686366,-0.333268350328383
-0.833727697990992,-0.22904639329672
-0.860647374411684,-0.355629457399359
-0.876310038639856,-0.0949907095716415
-0.883678556571001,-0.157064133200237
-0.887174260879032,-0.242267740047688
-0.856825055923097,-0.0939264427541806
-0.860919450804061,-0.255493656455761
-0.864569277205935,0.0306141547009909
-0.864065826005149,-0.102001734065824
-0.860534579873686,-0.0874392424358338
-0.864383053996136,-0.0822137768852979
-0.864103858332023,-0.0962429646996281
-0.858337404411524,-0.111923662016625
-0.658758876313769,-0.0360273272420902
-0.828402914697349,-0.165636467467721
-0.830560387232588,-0.129454394615327
-0.834554576954101,-0.0914900665825752
-0.838889425597006,-0.269789287814089
-0.94094936325949,-0.207547361964215
-0.945522555032547,-0.210626487955635
-0.857569462381834,-0.27414267389849
-0.848451587754018,-0.179013708585192
-0.846798542178183,-0.199078962085052
-0.844941806430796,-0.342988753578155
-0.866266145846334,-0.178358808194454
-0.857002960336912,-0.223151443451639
-0.944101017319652,-0.292334040284046
-0.85349313798848,-0.277708934425582
-0.845266849720002,-0.385095608902003
-0.839202013438333,-0.318971247726194
-0.927163073085431,-0.346347179502951
-0.803529314816237,-0.397366663567085
-0.878583720973117,-0.443006952820827
-0.758509221980442,-0.493621494589179
-0.860615967140121,-0.464393234100108
-0.839243519810815,-0.491299514661359
-0.760378935347602,-0.481033103919066
-0.794202138578986,-0.565343319617363
-0.805321323541071,-0.55087823833523
-0.703984222051762,-0.595252090960409
-0.792681681239761,-0.570340232720083
-0.735547917408849,-0.663596991419662
-0.773321178238622,-0.596335619502528
-0.681067085148598,-0.613325360267846
-0.684365410074305,-0.606305001564504
-0.712287451688158,-0.649684748440297
-0.708980383370554,-0.68610437740045
-0.648811174290133,-0.645447144745724
-0.722073920504206,-0.650645349075635
-0.667910374907112,-0.737661877070414
-0.601683169281712,-0.695934469322516
-0.641190228990828,-0.75258745179634
-0.552457086117098,-0.649817409462484
-0.64313397321822,-0.750354310639564
-0.554903400355894,-0.724670133379762
-0.635609011487276,-0.722171339758514
-0.633372736036731,-0.722441668065913
-0.613342028889998,-0.734874397416087
-0.514676379312821,-0.751599707428001
-0.571155328092438,-0.774070391744393
-0.561828460088679,-0.782418925212544
-0.56126185860622,-0.778327998359084
-0.461122547230288,-0.797039208170594
-0.529741583126083,-0.802635594171325
-0.484447081529492,-0.765998269280338
-0.455551715112311,-0.842710793909544
-0.466615909254739,-0.833233042491387
-0.422809302579918,-0.793803492711391
-0.410518074789313,-0.853766999642268
-0.418848727446136,-0.841369202830036
-0.323265178103339,-0.87193585238364
-0.32357278041982,-0.811575376160061
-0.289342787504314,-0.874499175754484
-0.186146480148093,-0.842528327135526
-0.194830891827405,-0.856742563162573
-0.124340205575303,-0.847496141422602
0.00638970644230861,-0.830540041721623
-0.0477757224550214,-0.909248498353382
0.0174450113724987,-0.856540946684521
0.0732462558327201,-0.839703140060063
0.106631840968908,-0.846286009003272
0.134100613692199,-0.841378884911068
0.216086283631223,-0.813577514498925
0.1210209878753,-0.857804013025059
0.210954737151812,-0.815226292245867
0.160613723246712,-0.83784049736284
0.190351734988064,-0.824267151196928
0.159921999712949,-0.831632919071677
0.0937566852748005,-0.855943368466192
0.199370999376684,-0.806804599799629
0.18727417432516,-0.806910011512984
0.181142065628817,-0.808946933970073
0.0893990078833128,-0.833646746924966
0.157074227088818,-0.812988663597902
0.118214954231598,-0.821883714571978
0.138680150580354,-0.818808510561976
0.10749925268413,-0.81460419587642
0.0841488727782247,-0.831032458034066
0.0647214672148524,-0.824269657374112
0.00910298778135537,-0.821297095041121
0.0541665397137614,-0.83525926498898
0.0188051297225253,-0.821822866826407
-0.0527536196790686,-0.845270186903332
0.0112564775396922,-0.832589827911772
0.0658225174120951,-0.840266693857706
0.0438518786707455,-0.918555753029459
0.0412688072500745,-0.851808743268937
0.0823956321093085,-0.915431063690767
0.10244438030382,-0.853076207340403
0.159049324879996,-0.849500009556142
0.24216963515696,-0.836378326095356
0.178928929749678,-0.887961703909044
0.260849478279553,-0.822562216363526
0.187767046805985,-0.809280283915878
0.0892465352351921,-0.872234102767154
0.144813734403346,-0.834471889301623
0.0589114870937493,-0.893060209713545
0.053121202105337,-0.83109558185189
0.0960726594597422,-0.850785582910686
0.0932016157781229,-0.860849387084155
0.112285142964724,-0.894872464234568
0.0536607906975333,-0.852212930165719
0.0394292109783039,-0.909676691122411
0.0931237334481892,-0.868507823581601
0.1490969949077,-0.70318769850975
0.230664261957038,-0.713945795493038
0.262583741727617,-0.875946633863627
0.259754960157215,-0.853524005337806
0.388245797329781,-0.842904477185111
0.483332902534942,-0.765857149250294
0.602597444228506,-0.709506799887868
0.635319468427805,-0.667521934294829
0.680354106440928,-0.653609281213413
0.700992002846269,-0.6442289924055
0.755465909216352,-0.602543581321124
0.758809165638931,-0.59293719861261
0.806490852047187,-0.528741132711754
0.812663915402984,-0.558974882182328
0.836207929044609,-0.511231673558625
0.856480867222409,-0.505089246219142
0.855025895377443,-0.509254608112123
0.868088368218618,-0.469678661407981
0.864043445597666,-0.494232166742844
0.789125532879975,-0.485965142295462
0.853326054128968,-0.513192727494007
0.834827870601281,-0.537301433024058
0.844516506221643,-0.519270566802371
0.809356087503872,-0.443484956640011
0.871876647321448,-0.437617793966902
0.875593998126461,-0.447765178549311
0.838887984884846,-0.457333364248306
0.853670793702427,-0.48535241751633
0.814178711054464,-0.499155162892514
0.845326153503632,-0.508621471061734
0.77811624560093,-0.566714666219848
0.791380077759861,-0.539777159284714
0.777678965965021,-0.564885996917316
0.769779257523789,-0.561178958779712
0.63104111918079,-0.568396813604739
0.680013865499193,-0.647048658032473
0.607074671485,-0.72817574622428
0.629500361865716,-0.65338512285013
0.54359933140203,-0.757102272568601
0.5901748795161,-0.770247194442688
0.592739512994993,-0.609361487269059
0.579869654820875,-0.731814452785684
0.584487557628073,-0.700410597479269
0.587870917320387,-0.694976966921319
0.593893887913077,-0.702334904971007
0.658023026647745,-0.598400562675483
0.648740308868379,-0.63349169998733
0.668919888122893,-0.510931389686156
0.66576837996997,-0.539433136906774
0.585494688826331,-0.414096955226564
0.626445663720827,-0.539709227208053
0.705489407016777,-0.500670425149386
0.705366129752178,-0.462123437043643
0.738192355806644,-0.460046771024787
0.775060028994304,-0.419471688552015
0.769639064287576,-0.395072025336937
0.836887366352377,-0.256047696338341
0.774517503418818,-0.268730873647998
0.811665954448323,-0.21923840179606
0.833244327470516,-0.159999776850491
0.724754262493326,-0.144335528110384
0.64498648173751,-0.115593449490369
0.609879043215865,-0.143312317975472
0.668927351153106,0.141432972211206
0.555714304917059,0.237627108812108
0.654271358955777,0.392365321275938
0.582331470528916,0.487598025477046
0.375553597195995,0.601550933603203
0.235560037011351,0.721158697944807
0.285304510364819,0.79344011477208
0.120082199631028,0.813715087139565
0.201687466604292,0.751645316088299
0.227223251075211,0.752060451916149
0.169583673952816,0.841039946227708
0.351502031303467,0.820937252293604
0.224181199972265,0.877264171111278
0.371978275564766,0.813740809441798
0.303961583293003,0.806435301335084
0.328434594169787,0.836545057022799
0.408378103661526,0.763834238927262
0.513175086817799,0.787766441631725
0.520044548432089,0.702427873220847
0.615281935895592,0.647355633640205
0.602618911502194,0.665427303997691
0.642894969119358,0.629436309998769
0.672330879358854,0.57616699463209
0.61311951227828,0.6477220713833
0.579931241713941,0.674346571180831
0.679322524831551,0.660906547920891
0.711165178037732,0.565195892367742
0.741747904046338,0.566115722256946
0.758402738546303,0.48523903665832
0.809129002285878,0.446545835998312
0.80853140837864,0.462646629310324
0.77396002206749,0.411928207273706
0.852505713918573,0.38227238381063
0.810829549237125,0.393240330819273
0.858787177032676,0.377244600172327
0.839565203847741,0.33943365612927
0.874284601225035,0.295771271662006
0.838486325997497,0.297842091592087
0.838555163974639,0.300892143221211
0.790256304118528,0.222841135714654
0.825055638446814,0.212165405826297
0.802681253738293,0.22549548162445
0.857283387275903,0.251272564433946
0.83762378716712,0.221940060341896
0.818392350835801,0.128384097474435
0.823256596828889,0.163388593507169
0.830183580764658,0.177395326093351
0.818160266612756,0.159140516169462
0.819266389833502,0.147083215816519
0.81183546973382,0.170324816952176
0.81729337457749,0.164074568847626
0.884817741940177,0.230734286048386
0.788622750003569,0.233815634918333
0.80412300355287,0.223741135884937
0.861518628003843,0.28588269881321
0.767635660144741,0.318931807836875
0.791607603663361,0.275604100837618
0.817491740573221,0.410647954401891
0.776828971381276,0.368285827141798
0.745504796510361,0.401434549883162
0.723691536831621,0.444062742441901
0.700353276648934,0.480592233213524
0.7417678681457,0.473007347473193
0.688694391722042,0.510773734611859
0.717535857989629,0.49791988409732
0.685892285309383,0.536623107106967
0.691264286914386,0.523965713425095
0.710601273942751,0.491571081832289
0.70143756004035,0.504326051520552
0.663886918352634,0.532055397725565
0.70369483535216,0.571608336206611
0.63246895689652,0.550586395066873
0.582448140800839,0.542050720275393
0.665113832780195,0.562596578938124
0.588182127679908,0.522137093215802
0.626113874933742,0.517515213115193
0.68155530544052,0.56268216976178
0.769947409151152,0.428698575156716
0.739873594451932,0.475227868877804
0.72587531598894,0.45997321242863
0.820907423365213,0.302651079648334
0.866225320101777,0.261759997549125
0.813507637756891,0.262770287591578
0.826571294500855,0.189224431116915
0.710056810303602,0.0834034831789924
0.789053702316606,0.0551069158106839
0.949095883222523,0.0459193408242616
0.850624476865547,-0.0273543366066411
0.878214029634551,-0.0781118624891175
0.862500849190434,-0.104170463500431
0.77814073418705,-0.172531331532634
0.909641301269538,-0.235638319850691
0.802505133832828,-0.261835485747315
0.690530781337904,-0.377083901761734
0.843376787380729,-0.258984113671763
0.734888377289985,-0.440299453002545
0.753000761626491,-0.401177421752316
0.667016839230198,-0.361184717219931
0.569222726604075,-0.534330175453161
0.547401425168302,-0.537149295500548
0.596772799056883,-0.519653575661624
0.571716571236364,-0.428586029561337
0.645331257313665,-0.455338991550692
0.449311060686547,-0.668531121778912
0.525342834632426,-0.56731057642793
0.526700615975733,-0.658307037211303
0.50646031882629,-0.595737967944821
0.44278831777536,-0.658233526845539
0.481328703593262,-0.791655860136189
0.368995670474245,-0.753874947681862
0.260215750475572,-0.717918983805024
0.346271273492672,-0.732829150999054
0.355910535816621,-0.722584433930965
0.258745178770866,-0.782293241769132
0.221311701995233,-0.722169940296514
0.127177081802902,-0.88166172261723
0.133843677274432,-0.755966838008124
0.0368524269666695,-0.747186174075782
0.0384224698137886,-0.624785613414691
-0.0220759220056126,-0.596856471680698
0.0437172875626099,-0.788332786323623
-0.195597979144365,-0.769735435231263
-0.240344776391165,-0.648079786202426
-0.16124464371252,-0.699667362065919
-0.446592899875609,-0.5945472917355
-0.337633265372192,-0.615522119135339
-0.384113701497923,-0.60213977278361
-0.503835227832144,-0.657074333239625
-0.402058189755381,-0.458168962869483
-0.595219894568667,-0.438901608981343
-0.657804129015381,-0.389460210043868
-0.786225075345604,-0.344048217345428
-0.797991267361098,-0.289644890050181
-0.830644396103319,-0.182678217177833
-0.834830511186808,-0.228161248793592
-0.850831332060599,-0.194595821741121
-0.829436720431965,-0.146386180321063
-0.854543008701909,-0.189816883223638
-0.83209499018327,-0.184919278787176
-0.809842639428786,-0.178988936476837
-0.804568738767682,-0.0915815845687031
-0.899578088882485,-0.194998473818646
-0.826784871134809,-0.180497999208238
-0.895603291066784,-0.0988956038271102
-0.897066568995462,-0.0980879079550497
-0.892838920487552,-0.0511785532662496
-0.888770399910565,-0.171112575575735
-0.882766591737151,-0.182127863165706
-0.872917985388727,-0.310945974683436
-0.856534123806433,-0.175259228075191
-0.846796697230159,-0.271633432140382
-0.770713299618985,-0.397784704381083
-0.892576699548118,-0.289476455168672
-0.777696698484309,-0.376309560990903
-0.93386851108946,-0.326961935090987
-0.755850559600217,-0.441599512377413
-0.812223023796628,-0.490248598011927
-0.75757821090546,-0.451536845355407
-0.7632061986677,-0.544844176912303
-0.777147293043088,-0.401891521684651
-0.819909022748144,-0.553271319321751
-0.741105949938545,-0.453383095570619
-0.688420412605484,-0.648048808307411
-0.764086466408961,-0.599581958226781
-0.655286001064963,-0.557369490761436
-0.599360047811178,-0.757045995720895
-0.549672057481485,-0.788229347947299
-0.559061110199607,-0.797371086074433
-0.515354585343551,-0.799965925364912
-0.396227798570992,-0.893625733057329
-0.500706660863817,-0.79328166717969
-0.416924528987168,-0.832939958269369
-0.371818238568857,-0.897940332781209
-0.432506907388988,-0.837916151975702
-0.407575830599509,-0.848928699207365
-0.422098311917881,-0.832203011856628
-0.445841355015583,-0.830943319230451
-0.455108057267572,-0.820674985107028
-0.534709370335407,-0.678790650849722
-0.615136056152258,-0.691433023535785
-0.699265431697888,-0.609299356276698
-0.783600633506642,-0.4761742778525
-0.801405410452833,-0.489220476479728
-0.802921629745834,-0.405367452149936
-0.901990440962019,-0.275524602520676
-0.883357000878732,-0.344841789941843
-0.870945530941366,-0.246463168950595
-0.935384491981159,-0.212432922657647
-0.970930623539398,-0.165713883462118
-0.97666416152579,-0.144895189670838
-0.952088081166474,-0.113419408078559
-0.957510125353062,-0.133913815273134
-0.980729341753636,-0.156843287697766
-0.962112014743446,-0.0823321846916219
-0.911079330625611,-0.142420972720763
-0.977980704767986,-0.155902702241443
-0.955341073697186,-0.0947384644565744
-0.909923435093251,-0.0775182120644412
-0.949918923669288,0.00653277061445547
-0.945348640346057,0.0494392008325124
-0.95518651995315,0.0898764810374426
-0.88924178660768,0.177542679425681
-0.908197739784157,0.204013650140046
-0.868367202166433,0.391705896823351
-0.752929832475516,0.492033921298448
-0.773621898566263,0.545174389105882
-0.681358261148658,0.57560501616416
-0.679963870196226,0.689718054811061
-0.63039362661576,0.664718991875118
-0.64879815148566,0.658931824139192
-0.668658223868472,0.707452091090589
-0.57850361794094,0.727294666230838
-0.649430945284533,0.656823920421444
-0.663070234929454,0.704315469424368
-0.584810083599164,0.692262781115687
-0.501934387783374,0.730746044335189
-0.482546659518467,0.74479364112329
-0.484364741707856,0.748231593430822
-0.465549149765861,0.743579620486706
-0.433509435408185,0.713340478214526
-0.517634708609712,0.716580373891461
-0.466543879420389,0.757901633548645
-0.478693202351897,0.680188262289058
-0.500398481926364,0.673001079866812
-0.43593469218163,0.672992513581298
-0.337782488044695,0.764612613200732
-0.492821998913421,0.669243546042587
-0.459423104672234,0.656045360245578
-0.507559200101532,0.657891086910429
-0.597463295696918,0.655122726322891
-0.610247455322098,0.573004071871833
-0.587940619326207,0.545652997467099
-0.652798666693868,0.501155746969877
-0.579177450479471,0.446182429210153
-0.746277055506247,0.375351358113253
-0.672900140554338,0.368963019426803
-0.677872579484253,0.305836505429263
-0.767196273662312,0.220050025360525
-0.792388057124062,0.236533451973736
-0.736018654665905,0.152121428342879
-0.739453184042778,-0.0397711536038152
-0.722358242907532,0.00805281335927583
-0.656392632910042,-0.0596644253706708
-0.681370227284506,-0.116062074580301
-0.714872256377717,-0.0796987067212293
-0.642115236572043,-0.0882661908539784
-0.608427757750748,0.0499098688687262
-0.686627386594565,-0.000343401350117669
-0.710328877388855,0.117491580424375
-0.779878324408466,0.0750951726041952
-0.761835219262126,-0.0464100023362266
-0.801895228524504,0.00897928930398056
-0.86687232750616,-0.0946820082239119
-0.788992996558754,-0.1351315958734
-0.810104706107502,-0.13681002925841
-0.808159580399458,-0.199172607815913
-0.866653118364893,-0.224193709014784
-0.848428465665841,-0.196569415871988
-0.660356250863455,-0.229760631937793
-0.74593121467222,-0.284400703816913
-0.74781515266783,-0.238802474390515
-0.731084251350406,-0.352341086530489
-0.6014452413398,-0.508618236201198
-0.571438430227752,-0.527133284346147
-0.502024536250613,-0.529546279836888
-0.421120218601258,-0.6129423506123
-0.363752073846512,-0.619701928770156
-0.243407871139252,-0.751471957245795
-0.248323223518319,-0.698405987271845
0.00906590247536987,-0.714871438854087
0.0344010458076891,-0.742997101549966
-0.00438263452361119,-0.763839995337694
0.251509944826604,-0.671183849259828
0.227174271429623,-0.680922870791663
0.408186130187026,-0.614828112843641
0.476677130533891,-0.663747908006212
0.601950636108092,-0.546027571314328
0.647947267404167,-0.498729427325839
0.693364700622404,-0.471469743292169
0.754558104972008,-0.39381919785023
0.746640567069386,-0.403998655447445
0.792300489951109,-0.317124859940115
0.788872289778914,-0.331526669628286
0.820488628208162,-0.2555295792132
0.814524718173684,-0.263025758596667
0.84897174990305,-0.162074653214634
0.835087893791062,-0.211357231524682
0.858858996134099,-0.148631741935289
0.901335863867797,-0.230559358568109
0.835709929735615,-0.219571083481406
0.828255123039466,-0.239528469169679
0.835524376694869,-0.21558446214472
0.806805526712837,-0.290518347025607
0.87033201571124,-0.303131498014705
0.769618519038297,-0.334637562948625
0.836366789830927,-0.371417600178205
0.77246205161437,-0.360736441863918
0.748964943752867,-0.407361857112121
0.81427706152705,-0.422756277164183
0.755607756843924,-0.396571465048658
0.791499281499276,-0.454081680156109
0.680619052485103,-0.514838267772758
0.783861884201056,-0.54145249106029
0.642675551618859,-0.528073666682714
0.703305780954311,-0.447524575438619
0.679127256883767,-0.494261334137027
0.74029884842539,-0.535065473374877
0.634720169682184,-0.562083021640297
0.599903949021306,-0.587227910210021
0.684229545160784,-0.559667553553681
0.658482418826854,-0.552870117073828
0.444747191316257,-0.42931036327178
0.177147088024711,-0.366484570663807
0.116232853172001,-0.616598673292593
-0.0215053307712004,-0.606503419436056
-0.190901228794483,-0.554435078747833
-0.0444768788448521,-0.433228067003866
-0.0625138146297409,-0.574073933081501
-0.184048040311425,-0.478849071912458
-0.306348768444945,-0.2605281851617
-0.466499623249691,-0.466499623249691
-0.420227779235347,-0.274502610696892
-0.374663430265532,-0.185574429379977
-0.46557457668724,-0.246100616471504
-0.692386729447751,-0.0372677996249965
-0.625298992344539,-0.118642863895176
-0.426776695296637,0.058925565098879
-0.571833379740182,0.0190010431389175
-0.268736925102728,0.126896183202246
-0.286635548571344,0.274193673712532
-0.087242716891534,0.183723623258198
-0.156109385766658,0.0140763745333446
-0.251298911856575,0.115879534839215
-0.0886960885593289,0.143049592863293
-0.163147573033331,0.00703818726667228
-0.0877485177344559,0.0356313157118279
-0.134383168970637,0.127883493279114
-0.0493404542875607,-0.0401022648124309
-0.063887656499994,0.116097084312376
-0.101015254455221,0.113270459830493
-0.0209209442009609,0.0209209442009609
0.0505076272276105,0.247931343120483
0,0.0714285714285714
0.0785760192597077,0.17646772447881
-0.132678066122325,0.108178268244823
0.17480097110714,-0.0714285714285714
0.103043357973541,0.103303167133497
0.245464201507924,-0.0538391973670658
0.233064077545759,0.11380711874577
0.179252674157595,-0.164230119402862
0.151950925989187,-0.390889396639883
0.342712736514057,0.0318866557934423
0.507818767116402,-0.287242716891534
0.333864767718549,-0.296737169763322
0.333864767718549,-0.114395283727605
0.338037128690685,-0.22918403455265
0.2828951656669,-0.199897830349394
0.442996802732965,0.0734404318755644
0.411651049184,-0.10582232972194
0.617728790470945,0.0152302922342728
0.507226689195587,-0.204291544556697
0.530927225842154,-0.0324588658901066
0.353638352740261,-0.0746149130645234
0.631231334574926,-0.0120306807666274
0.570126494470002,-0.0644686623592052
0.779818559779102,0.0512626671794543
0.483447349629709,-0.0913323392164129
0.558255696263348,-0.167511917222299
0.757522909915185,-0.0545400440701334
0.593474339526644,-0.132959082705218
0.670988793518931,0.0794615410097587
0.748698354418819,-0.203412066015804
0.713554932250406,-0.158055734941504
0.630001383927988,-0.0730953248002418
0.68122837896635,-0.111692036246036
0.649506448431621,0.0428300128900912
0.706579496617442,0.0346689156065366
0.840326287758552,0.141840373182187
0.714745618477379,0.27239473708401
0.792836896493101,0.296424341708187
0.755220791882056,0.207537713370638
0.81559214705309,0.257123152793791
0.749188492094598,0.464563605362227
0.861343517332708,0.326910974473324
0.818421334365483,0.419465991517342
0.838841822332299,0.406121105405947
0.824653508246694,0.449913601317622
0.807928714414843,0.4778493077133
0.766828815106399,0.544394913214588
0.751603289010765,0.567647799327423
0.722010629085175,0.613516719783549
0.652015686415352,0.628155170087043
0.726492777147984,0.616827582293421
0.702943943895521,0.645358800204421
0.729061513324779,0.610723829939606
0.678193752753821,0.596602078883177
0.734450648131618,0.598173635901135
0.644292288895292,0.581195235650172
0.707120640867468,0.635756551125278
0.609604186038853,0.632646708129256
0.624682849991475,0.65329577327392
0.547836605297777,0.658168673224257
0.553353514888783,0.649385582526289
0.450436743990717,0.690592823942536
0.455094755239452,0.601650140799205
0.411355238874052,0.593945505948261
0.397444303098681,0.55268167598559
0.457968379414572,0.576957705459077
0.461634325557062,0.632240398639348
0.500118001475368,0.54932849548853
0.472117452290182,0.628019151727677
0.453086424198326,0.592741369741251
0.510914388385923,0.579243309536159
0.489254353691148,0.598240956559833
0.600997735639909,0.648735687321391
0.548522405251364,0.552584195610057
0.524990055843793,0.563977422122403
0.596779526673475,0.650499701786579
0.537630373118768,0.548158607080436
0.568157525544642,0.675195796509381
0.503239752298643,0.58639354655759
0.561513682462088,0.693265540453519
0.48615650275617,0.62226678732476
0.490639655599177,0.622948668394097
0.519555792389321,0.800408674021921
0.588455090836399,0.632930411293244
0.587185296988023,0.62027272026592
0.636566978547168,0.725503421769368
0.699630354105251,0.655212409264575
0.656141921601549,0.545897970238744
0.603962817133829,0.500161535424079
0.629618597056355,0.566955788205758
0.623197759671525,0.358285020949011
0.680872839808299,0.364466923432943
0.632187730019268,0.220453722668686
0.656138723389334,0.351297206531323
0.726090211845676,0.193957365388591
0.738636582492551,0.117391481816915
0.751564972137183,0.165538051047092
0.929513342793873,0.160280487965985
0.393750093022814,-0.161383522796635
0.409924703530613,0.0152119951205814
0.311613209525787,-0.395481311521176
0.429995515218774,-0.189060829775785
0.418432814065856,-0.422568617609486
0.277494741902207,-0.425057250259602
0.173305760627803,-0.529609153981648
0.22845687476725,-0.705935712531267
0.196486182822039,-0.603749812898956
0.0037087531322134,-0.645241938411706
-0.0460655337083368,-0.712059060906067
-0.132651103218216,-0.559906404116796
-0.274502610696892,-0.353964151706651
-0.0708799597327062,-0.402126217028469
-0.160153397218646,-0.643624616347704
-0.332063315571705,-0.81032597633562
-0.563845548827701,-0.60034927690812
-0.53128602102643,-0.477127147855216
-0.583492349207369,-0.764813758961629
-0.546596338013963,-0.700889105141553
-0.52876471498467,-0.711695359901886
-0.554765112558316,-0.69652920746306
-0.578006204830166,-0.792224799181268
-0.672450946149231,-0.709452908558368
-0.55642185084959,-0.595069206584023
-0.746415182494311,-0.621749983088199
-0.784369194074884,-0.576409921597596
-0.842438890468363,-0.49859364005602
-0.856020457015994,-0.465275754312184
-0.876013481441051,-0.450677301665658
-0.837888141025139,-0.523805580694728
-0.901466049514283,-0.416721440341731
-0.820657586035592,-0.381414652131069
-0.904085180306126,-0.420755587377161
-0.904868700572289,-0.385486413489436
-0.902932527340339,-0.40242547494378
-0.819722898671648,-0.314495308565597
-0.945639281096268,-0.287611582218176
-0.943216126131421,-0.326977332771749
-0.933201762749456,-0.352548882870606
-0.757310976319039,-0.34092672070649
-0.770228801164704,-0.319371211766909
-0.762017593564616,-0.359332372838318
-0.954594883451022,-0.289357496054773
-0.958902425401895,-0.263299165584612
-0.973337920638952,-0.184307866043306
-0.923903182125107,-0.228975571070801
-0.957949610257872,-0.151446955452916
-0.93049059865733,-0.278838305300877
-0.929057877737353,-0.237015031016357
-0.891011782509933,-0.139092182506534
-0.728345657286169,-0.233963857581202
-0.880833959016471,-0.366292123491391
-0.925948041972318,-0.278696144817449
-0.931551735921903,-0.290667798376569
-0.887917206982885,-0.342695891178242
-0.875993407041861,-0.339517801511454
-0.843550406832544,-0.384929013682439
-0.819780522690456,-0.407673428929122
-0.824583130043054,-0.407696324430572
-0.851259093196792,-0.31684271501961
-0.843965831393101,-0.299726623193531
-0.844706954863612,-0.31293119408573
-0.853555859547669,-0.279917461175659
-0.846235451127316,-0.347545158329035
-0.857228405270248,-0.328918095396236
-0.845203213078732,-0.385554946846718
-0.846289722839588,-0.396429829839755
-0.826292554519207,-0.466447816640334
-0.829439858340629,-0.453481888273907
-0.827540371127642,-0.443112812007658
-0.821682725671058,-0.460471411125469
-0.844904768879028,-0.466103263332673
-0.74436508975984,-0.589332109346726
-0.722116389133747,-0.603615389190053
-0.648404740873401,-0.693071711569974
-0.685668502331695,-0.693019959170126
-0.630145286007469,-0.746877249949827
-0.574828342243021,-0.774283615779109
-0.521269943987265,-0.831137956664844
-0.532556831282454,-0.815910690648012
-0.416040059185163,-0.863425112964992
-0.43288281497645,-0.83377213264291
-0.384262177488066,-0.792181657917584
-0.206306004134811,-0.889059699336793
-0.40514114072915,-0.798178736003933
-0.133207933147668,-0.874376002989843
-0.115309198698832,-0.82228897356138
-0.0310523063438151,-0.842124238789278
-0.102489509038332,-0.865429035377954
-0.0504731140161703,-0.867777766615023
-0.0772255714342965,-0.903698533939539
0.097638077076681,-0.875346950133827
0.232597495946511,-0.77767239838323
0.391119069337752,-0.807992073481245
0.43501398791458,-0.748241697752456
0.537372416503617,-0.592201140115094
0.585455736440513,-0.628353541009776
0.683669651558802,-0.487850680366664
0.783917930050994,-0.288748854184806
0.7789426049443,-0.22587222535463
0.785817482730321,-0.239102083265024
0.860312697703378,-0.125736306024698
0.798983955354194,0.0245075183505419
0.858577333153587,0.0300188356460487
0.859927991336185,0.109288324311328
0.784729548358408,0.252045812462023
0.814690358888259,0.235314018068835
0.762659139297321,0.311074405186712
0.740524369169419,0.389862570921794
0.724256473624064,0.39538160673806
0.676719428486645,0.495402290919943
0.662524685831771,0.49799280634087
0.678811674189779,0.453431848338184
0.642728424982023,0.527179055656831
0.66664015251473,0.512179977122432
0.701826189709071,0.466093276785811
0.68365053761542,0.49110457952114
0.687572993674608,0.465630032419586
0.704569167745527,0.423214736101365
0.749053172643444,0.395572688069575
0.761895848091608,0.334239559551269
0.779229990471467,0.250952518925344
0.787606662440049,0.21279261306242
0.820432932853359,0.107071776988225
0.83467385385332,0.0610716828480608
0.802354173261537,0.0032360328973458
0.75938119502841,-0.0342372053500393
0.754476672570898,-0.126329362057727
0.715738941838432,-0.111371715154769
0.794410456534111,-0.137584407327941
0.662139568801449,-0.210923133556474
0.836722223849893,-0.338832638216082
0.799664793084354,-0.426546857067035
0.764951775129653,-0.488095102522264
0.730969999747453,-0.546769949379387
0.632288378919474,-0.642097072965059
0.688201969473919,-0.63087169675087
0.599108569042877,-0.754229631319456
0.582346203543659,-0.767616422994003
0.538235352260285,-0.798119003890304
0.444807670264957,-0.831341482855441
0.281643576937991,-0.844779430415122
0.255018938029557,-0.810386405659235
0.219051211184542,-0.95106991288325
0.152138105036676,-0.950682789705008
0.0329059662746193,-0.892275991049074
0.081100789859728,-0.806957973105367
0.00367482653883135,-0.892808711928716
0.00871223420405804,-0.915403373033142
0.0119080504207485,-0.866973326687964
0.162107009668028,-0.695069125061464
0.106630366593788,-0.762805021798255
0.0604857407435115,-0.755728676367479
-0.0527848178004376,-0.761195267791731
-0.0648611799982548,-0.782211954329553
-0.100714706978092,-0.831450499539392
-0.212876435136352,-0.617168580181803
-0.148681192135063,-0.442189002741985
-0.0902977322429591,-0.388440129242931
-0.291962347985851,-0.293101436425843
-0.0528778337761105,-0.300127831015539
-0.213257526048232,-0.198162336550476
-0.295087786581896,-0.270838678841831
-0.161611652351682,-0.338388347648318
-0.334164078649987,-0.734164078649987
-0.643206042444426,-0.333333333333333
-0.198847309983033,-0.44937952351694
-0.30897334834964,-0.0806766109983684
-0.680383382180296,-0.201755103628718
-0.675728754159382,-0.094394578304487
-0.454558350453362,-0.230151149192197
-0.478501722442533,0.0718365639580598
-0.648353196902903,-0.342735543969096
-0.772230374316243,-0.124677332658608
-0.597895918012221,-0.148585706882646
-0.638030289853849,-0.282493325583112
-0.817295110138375,-0.0244077682344544
-0.826318394589107,-0.0882801666007503
-0.725609917229725,-0.0767653806671549
-0.808819084834388,-0.108785658644084
-0.843417756354621,-0.044316996284879
-0.727673232282634,0.0899724272944695
-0.749259860161936,-0.0306149516889926
-0.790070180103164,-0.0451414582566669
-0.880925004869488,0.0640528162286595
-0.852869827342078,0.0315081598095812
-0.93847219556652,0.121776954703468
-0.861221508170833,0.257821533146384
-0.937799922240275,0.189077566296732
-0.83254781512638,0.27953692085521
-0.839990537751488,0.422011928902995
-0.763099022115295,0.410120001837037
-0.919197833090482,0.387931887264804
-0.905623480642185,0.403429261829547
-0.874768229253261,0.45463447314358
-0.814943572196174,0.470008002503512
-0.828709920860074,0.428636118610213
-0.893029252932616,0.37330397708695
-0.861075620565526,0.33199403635051
-0.935562070958852,0.294869680494328
-0.904560491208651,0.277216080708568
-0.874529347722505,0.281854589402118
-0.879902423191755,0.250359205341618
-0.954268531827231,0.221753327500917
-0.881189265391437,0.231644775147671
-0.887859622745346,0.209087124540479
-0.889258316552307,0.185702627264299
-0.812446295605513,0.202514093357802
-0.878647509009229,0.241636404849249
-0.957355643169353,0.132103330616881
-0.859455776271456,0.243236954374314
-0.847206938899335,0.152953561724689
-0.855130762476571,0.204931088184686
-0.842043268701558,0.197489479931252
-0.880236296528716,0.0278891504484046
-0.874172968008102,0.237736766290723
-0.849221579847841,0.123505532839246
-0.833830622565926,0.226464251727853
-0.854565446694395,0.0796125035980183
-0.924264488256039,0.227192120204144
-0.887798199469917,0.147329854210157
-0.882515565107622,0.182406052177818
-0.937302231603938,0.237616758508153
-0.868351641546985,0.262476766636445
-0.919286318781195,0.286071575471496
-0.947509112989554,0.209100595145503
-0.938684303081601,0.221091665208539
-0.881237076655638,0.229849647105903
-0.903387917792854,0.317224451076622
-0.902707442930966,0.332461335558801
-0.847739314419127,0.2915172190527
-0.900315647076849,0.37591575228142
-0.813945421011219,0.376411490671173
-0.840877599400333,0.504028351171337
-0.832406481564144,0.507858168488848
-0.789600923167562,0.488754857233581
-0.793280811693578,0.513143879378236
-0.672548974236039,0.592566631461783
-0.779665646294183,0.493895962644487
-0.786204780163956,0.473091378450561
-0.676997980340366,0.451582544908489
-0.62426707473237,0.529913926020445
-0.724476992799092,0.524822230114574
-0.753316196027945,0.528736944538422
-0.754629730394912,0.528945845311317
-0.683098964111464,0.513051664899039
-0.732383460821691,0.558696833220312
-0.661991975473066,0.548280393075139
-0.693743832953014,0.603240560235721
-0.634306965299519,0.581189459427776
-0.651295714021487,0.599246388235616
-0.634059557063022,0.644234783355902
-0.581940808325814,0.61100813239169
-0.547154489147723,0.639954089179071
-0.657199881094559,0.622278832296999
-0.567431309088646,0.614787841376433
-0.539223161741331,0.636019157831508
-0.569441518373921,0.651567401305333
-0.502645172639451,0.65881651677235
-0.480782534288794,0.657305762699624
-0.508113327598554,0.640441089926182
-0.514368116723046,0.576573524566322
-0.459929155490542,0.690739045908444
-0.464502198196561,0.682880586051452
-0.574749038005411,0.653889473890374
-0.394385233330972,0.680289557892828
-0.405337603225666,0.644084103197996
-0.291467003192034,0.819227920769844
-0.273688123811941,0.727740411878961
-0.226603253934383,0.838124083901251
-0.354706674226694,0.837405881970814
-0.132481303964966,0.763636309610037
-0.238076854678311,0.963039360529162
-0.335243979125661,0.844756466445835
-0.0163651137682411,0.877668377196494
-0.194984968519605,0.797917939367532
-0.137381249407487,0.860166353384555
-0.0891427304096577,0.593142934027273
-0.162213787472092,0.980749601263476
-0.149676831160934,0.73332531136135
-0.0748429306518656,0.881564386984473
-0.0339066079398942,0.798949574924112
-0.218867193041224,0.948016300618539
-0.0911200162769572,0.764145671085225
-0.0627327568876905,0.860031799963791
-0.00418100428729342,0.809015345715326
-0.0498079851947826,0.983116098964015
-0.0699859112639801,0.881799050651348
-0.0154367151023018,0.901359747199159
-0.0224840230098907,0.978088172523205
-0.0523180667015658,0.893987797389426
-0.0515625528158757,0.900374356542761
0.0433226020749395,0.90160771217048
-0.137650073153471,0.948311902616443
0.0426417087773427,0.88405218596206
-0.0714375616937654,0.940257938115518
-0.209930505736715,0.925461650205224
-0.0995006197114185,0.87791779944628
-0.221375444888883,0.888529052042017
-0.139371912444434,0.900312845308089
-0.264555634236205,0.8572501199128
-0.297227268220574,0.85483505684795
-0.221296641479919,0.830102502389929
-0.29050814740392,0.86638659691821
-0.287236500171715,0.82468138199155
-0.256993613681451,0.856333388879427
-0.278679944586626,0.727261404071683
-0.317519067931928,0.771330549681749
-0.268908452284188,0.829717855984094
-0.35024851930621,0.711663164814045
-0.389162484542119,0.68010352302923
-0.333482412153139,0.604336919850551
-0.337098244294018,0.59277114268297
-0.280193550854564,0.617663386424774
-0.357436125595917,0.351354793380608
-0.419104310357129,0.317439714936569
-0.378735894544376,0.342239646403363
-0.297865267229352,0.25397465299601
-0.349060219729688,0.310837059490912
-0.370326974005597,0.349636965256298
-0.325996284334111,0.39427590457411
-0.348991915007768,0.223870163591885
-0.366187908660946,0.281361700334879
-0.00971625952996013,0.246736916048612
-0.0678877779215082,0.236346626123748
-0.0894427190999916,0.344671194083071
-0.0874139925090717,0.355465020038426
0.0839928790457726,0.401049835637304
0.240102264812431,0.0769546917791004
0.219020413744642,0.301147815807341
0.255290778598317,0.0330540511571997
0.157892162533021,0.299377446633253
0.416971567834732,0.382670594361388
0.414034366210565,0.245675850092976
0.494968765761389,0.389167930341585
0.251590437850054,0.363393620147027
0.339009855986469,0.313147345049846
0.318998398376511,0.317723077743063
0.138697534182533,0.207263630076917
0.313384300508846,0.237644180443182
0.079230147610847,0.215268108613653
0.441349052311565,0.427099672578202
0.264386420459094,0.335277878933615
0.383461164348872,0.49251456046329
0.376494399307686,0.323312918797917
0.445296490923064,0.331433904105616
0.157903925501197,0.373166001306904
0.435023032173357,0.33181989475029
0.330583330572761,0.476904526312176
0.44964367317124,0.429832951877482
0.32017920832228,0.421867430501615
0.29533073979551,0.53218316676218
0.518106792228835,0.688292552528838
0.395567284850857,0.651268849944631
0.403078562228224,0.673133631625962
0.388529097584185,0.786802185486422
0.402846832094898,0.705777185717856
0.318919637270336,0.680791385849796
0.327168886678222,0.667495757380885
0.387179417938854,0.792889710399976
0.351988109900329,0.827291918774163
0.336374316306275,0.75990785590541
0.275836401293941,0.855305333970086
0.364184129367168,0.907341163883308
0.240725265409762,0.811965851406609
0.388117985698561,0.825969406700886
0.281930279641985,0.795511675416118
0.28807240790023,0.868397713219362
0.381209916261912,0.865541372787895
0.271787861509533,0.878076925249342
0.166272539103527,0.826406919084221
0.294202939455464,0.943552953846395
0.265668543295204,0.79685424983534
0.256084304999988,0.8766496854034
0.300999623850536,0.861397429441811
0.303999513500374,0.863794686632404
0.346772552400535,0.841465926269754
0.420407047913758,0.829195414357839
0.301576220788966,0.796364811870779
0.361985949934008,0.844298304644393
0.38403587909696,0.822173503771173
0.337563214205302,0.854498829383868
0.317922653192475,0.803622231316819
0.372251988226178,0.850809338592907
0.366490120201988,0.874542256861598
0.336048046929948,0.865944919930131
0.309882987857243,0.797580249385529
0.30357187861595,0.870468717588674
0.251818313560151,0.886755443258087
0.324691400402981,0.800917499411782
0.265699838431382,0.821308828107566
0.311358612368668,0.886789521807941
0.279742938929596,0.80977777710678
0.314471659738852,0.888142886449243
0.274520945341673,0.88137557959175
0.351266201246312,0.875946721282749
0.166510385560722,0.902622114392425
0.271245028951774,0.843285757095341
0.285256028068518,0.927366459607479
0.288077398750471,0.83395489782396
0.276862273672375,0.936548882638817
0.415211395206538,0.837164167851437
0.350704620532401,0.832031980277446
0.348914220700945,0.82821509086443
0.462613931928489,0.814859486390022
0.43988658196479,0.756672001156532
0.484764436425964,0.845833624332842
0.553419928457052,0.806414213902157
0.429336713676856,0.865809067822173
0.539117275279728,0.818374306757319
0.375418848968444,0.749357519348097
0.481790208945022,0.792523251841587
0.553215708171227,0.71525043501099
0.50657832022818,0.641317176623816
0.338944661551177,0.632784697373851
0.244727157141575,0.391210952760673
0.441250952033113,0.495424045867627
0.524320814235615,0.419873480554371
0.506752199148422,0.169862109354934
0.601226627123223,0.466388055976416
0.537934242992654,0.326460552198913
0.463830400399711,0.302072376615821
0.369073432945364,0.302732864441019
0.56637342724566,0.212086225858479
0.742329349220991,0.137604183230756
0.621616555089606,0.132538373705521
0.415197309158025,0.126387024862137
0.68795968675521,0.111968508312713
0.604182590909241,0.111630470420079
0.377118007948308,-0.0800798042117761
0.442631679872844,0
0.572047474262104,-0.341996898575782
0.393659029256225,-0.363907427119037
0.45236802419649,-0.287925364481523
0.511747342852406,-0.394043846343538
0.258785854611589,-0.580792532075954
0.251526727404958,-0.524219403731201
0.247324751641453,-0.735676711949759
0.311664058506509,-0.802926619391955
0.0309218795145062,-0.774004065345114
-0.124054709779807,-0.826457013567825
0.0536290060320334,-0.788988868786535
-0.181514168299519,-0.888966948878491
-0.165454897363312,-0.816648800771934
-0.296480040269962,-0.847371083045102
-0.318691940723903,-0.936245855167812
-0.308707125017936,-0.89087655696964
-0.394569019451368,-0.903398115755696
-0.399840994048832,-0.810530667321218
-0.445670242511007,-0.799828262923232
-0.541519227371816,-0.79334321753639
-0.551582007454302,-0.664337229098261
-0.551695425965142,-0.791595531976186
-0.520090898271648,-0.715367234799064
-0.418823892129635,-0.806655627822874
-0.504460158077253,-0.72827992583555
-0.540327802509337,-0.816355254253917
-0.431937671294763,-0.670468156840968
-0.593393181181851,-0.763166457673947
-0.585761700266007,-0.645204860224812
-0.597003919005597,-0.469641808849786
-0.562931606372622,-0.782584608519118
-0.573529723880043,-0.630318376827566
-0.509712944675993,-0.699156472479196
-0.561724797597987,-0.503898109952061
-0.558986081415156,-0.79071593381105
-0.547259280427241,-0.51417914310861
-0.573188903662733,-0.778756106230203
-0.501715443844612,-0.71288341485849
-0.52683131117061,-0.694365376454499
-0.510895005877857,-0.578483181787172
-0.480365853113366,-0.855008323631619
-0.440158359374688,-0.606663143746902
-0.542899151085505,-0.291498585142509
-0.366882403677734,-0.89917995825243
-0.241117587108417,-0.706523409696518
-0.270788324240771,-0.54261629361886
-0.285513961289946,-0.920059961730385
-0.32293481045606,-0.578801836442275
-0.178199325275459,-0.775117428572038
-0.104115841259071,-0.790338360137478
-0.0456239658587452,-0.770270256836829
0.122785304996453,-0.977310132636929
0.0331497014585873,-0.797404638254333
0.165377239306353,-0.583615118589828
0.567592890202265,-0.773552888207958
0.2206952850522,-0.561314972305238
0.478966023775397,-0.829506138889054
0.520964562637877,-0.636178049193658
0.597180412720325,-0.51076638370981
0.451372892420299,-0.847826724175785
0.333589088693045,-0.49059372482893
0.455400634153519,-0.841149926724773
0.508824003470306,-0.532512529884059
0.503210151949248,-0.290488775648903
0.483040455956426,-0.818982230553945
0.385158408446885,-0.643433592960523
0.406563348718887,-0.682693872217512
0.597043523964052,-0.557256523761234
0.312073611866023,-0.677482190560232
0.471096130077614,-0.852029186472977
0.576909605616283,-0.604622510037319
0.331321468212269,-0.70890051273659
0.601937884361489,-0.787176155415803
0.32111863796032,-0.716825942336827
0.498223576604724,-0.54641174278608
0.678590273026314,-0.664808748412821
0.439295826606194,-0.776048570109329
0.498416912619685,-0.701794999288507
0.496951498698341,-0.708441079859345
0.450912132409006,-0.727174965269281
0.417605650608919,-0.669521264074521
0.324504979480729,-0.881512162592047
0.400335710206331,-0.719741837266651
0.322508662706105,-0.657838223781913
0.539682843531482,-0.818522120188904
0.443283055204653,-0.737398452961334
0.371517671096386,-0.636895880563677
0.553061895235729,-0.815794334020696
0.430673251046248,-0.744410781129684
0.312170026037965,-0.679786926097143
0.406516985884677,-0.89040930830377
0.547081860242805,-0.764202639669696
0.272218968802313,-0.775213146094006
0.415736267099668,-0.640936561923394
0.473083048010826,-0.869373146851431
0.322020461683395,-0.68060621328152
0.487396969980214,-0.784608882265182
0.320403551328394,-0.866463976990833
0.422498859599399,-0.771420106198154
0.405901329268796,-0.663641566710602
0.524894399003671,-0.8336549213065
0.351904050568211,-0.744976479695882
0.538804755217754,-0.581090045030054
0.551081738427371,-0.688099397237712
0.50593629623369,-0.725638658627673
0.672801755466756,-0.686367632950606
0.458749904502607,-0.676519640958571
0.72099902263547,-0.640590302146473
0.500224513295733,-0.664262953666744
0.538316905863925,-0.808298322768467
0.61999496778623,-0.647729319742664
0.471873044742778,-0.759259594451183
0.496276727043675,-0.62667393829448
0.567768690924517,-0.667185587019633
0.431829863637366,-0.530684039398817
0.619242859623376,-0.508415700912541
0.65103920319238,-0.587132932463531
0.501391021516371,-0.507781751357679
0.6380060222327,-0.527680670083527
0.668704726683769,-0.233713172447815
0.676274404233325,-0.396381219698331
0.729804854718519,-0.206658677552899
0.726781447842545,-0.171499163938273
0.825739563818338,-0.0284895066303818
0.883605254794016,-0.131653222664621
0.856619203701357,-0.0645977673461194
0.812967389216075,-0.161129573864448
0.895399508157281,0.0254594433438958
0.903534524222973,0.0256131472205032
0.933735252464285,0.144560146996734
0.815076198653918,-0.0332499572571961
0.873754413488281,0.198230659560983
0.843295546169889,0.10344642930387
0.900233387128608,-0.0290392901995801
0.838628636304217,0.0886023758288581
0.836553394302539,-0.0568484454834629
0.745557561241348,-0.0296091499424782
0.848961514251577,0.0512247326493802
0.80904804759234,-0.149254069995872
0.852554717443389,0.0160533058116519
0.868167546221841,-0.0881807223088088
0.928586018135732,-0.190503830216177
0.794343878560186,-0.144366865418327
0.851020804071972,-0.170525932970165
0.889134353113293,-0.344781440153281
0.786844340188812,-0.219343891781364
0.827323600070644,-0.440840793069737
0.818308963708105,-0.255888354392375
0.764382658759175,-0.524061933361319
0.840788518284221,-0.376506988344564
0.768518851304017,-0.464213208042869
0.647915688332434,-0.468768687890198
0.621288557454721,-0.459259534050776
0.581604609535112,-0.449282127776989
0.651041951035151,-0.653212928795725
0.442857589487629,-0.601050232817865
0.492782888838053,-0.568978510810935
0.606161720724484,-0.672771643727682
0.289501850035616,-0.61211164515674
0.375200768751026,-0.377736391146033
0.342088501605293,-0.399130851996362
0.492929876839795,-0.702088508639719
0.460639221608203,-0.67652782549799
0.349083107807961,-0.705121677771454
0.392377492660693,-0.79273022775621
0.380542442157477,-0.607782669076943
0.280912693354699,-0.596027053452714
0.0559854630105113,-0.602281516033486
0.234925128321473,-0.676570768649537
0.380856920769194,-0.497973395595817
0.217292579894966,-0.280744096007623
0.348456875611689,-0.295017592571082
0.213050416202278,-0.438021022321367
0.274158866778142,-0.308217123107845
0.150842537993631,-0.0175545797513961
0.151454904507563,-0.0189433735931491
0.184517796864425,-0.0988155364689088
0.181535188870961,0.117490260309001
0.448500842978442,-0.00466515472268057
0.463961159163009,-0.0688020916153781
0.179369637198449,0.042471593005751
0.530223655653487,0.00403756707249759
0.526253420190295,-0.0260580479432941
0.27502691717777,-0.0925573630417986
0.408677700768971,-0.237085356731301
0.32195234147418,0.205176513661042
0.248766820414899,-0.230705174694369
0.37673668769944,-0.107362081242137
0.440203023095181,-0.248395158474067
0.397446907811458,-0.332545349665071
0.318234153543932,-0.199820068221247
0.636929567341042,-0.0156354734186107
0.466334094959824,-0.157062313646479
0.57927924412397,-0.248410891060871
0.562345522028071,0.0356409713784265
0.472133695756895,0.145191884627536
0.54878403735749,-0.0468634350978156
0.427012276561159,0.328823661581034
0.627809059985876,0.578118660485881
0.279275289527331,0.496047701422185
0.260153397218646,0.315432037668651
0.543981957887389,0.480467411328651
0.436688912542845,0.438226756457482
0.565023291971502,0.363957202282288
0.508481554518621,0.347060198281312
0.563989966482242,0.546824960011024
0.671203502130748,0.585487517129161
0.494397691550231,0.691880924214091
0.615137209626338,0.717581093538483
0.557654307579116,0.763405574267903
0.431523850348117,0.735976100119472
0.598131318674136,0.691961461465259
0.61584017357241,0.663193103495601
0.528542512815634,0.711259677812222
0.551419460277991,0.695300670707821
0.596614877121651,0.6466978971811
0.692033740918306,0.653071225652668
0.635965177832802,0.599057956837719
0.662801787218308,0.586259139270927
0.699600145102693,0.537407145612637
0.714463286909505,0.513735514023108
0.799532250822101,0.559482743972168
0.743475642376905,0.383268301947102
0.782585803366368,0.394957635286343
0.855315709958579,0.47031958542567
0.612081975116182,0.399192380585291
0.849270130689313,0.334729165590227
0.734266636387931,0.458033675359958
0.525234244803669,0.330888030895231
0.569728251060804,0.463693898454804
0.653748319452818,0.393789375171383
0.506282905427693,0.29988943639069
0.526383579846367,0.206705730579261
0.39949446582797,0.268770429927066
0.35863490129276,0.480839774937948
0.359500652082756,0.437556119463977
0.32182286463244,0.547941087329602
-0.0306512329087336,0.520892452571733
0.199831280569177,0.646107101217492
-0.195830826739659,0.775895354621673
-0.0182875568617975,0.705399823306181
-0.0778532984407762,0.678560529121711
-0.139747523214491,0.605644871024909
-0.24674267823961,0.795692246522552
-0.383949285246656,0.801425116006271
-0.397858172519206,0.758882774938588
-0.456294772745495,0.776377847580533
-0.650587385734674,0.697880044453389
-0.586401986774546,0.655077055517954
-0.685456838836307,0.572500069495705
-0.635118390807067,0.510224939027864
-0.837917952341896,0.504313854756104
-0.621118958300215,0.37643458758957
-0.798811676081966,0.304039758903378
-0.947686369137377,0.270705960612859
-0.667891794943517,0.258630600693337
-0.805031883738517,0.292457164989088
-0.944524361063961,0.300455404139273
-0.682099851806678,0.227604116517767
-0.968042133552025,0.222282266559063
-0.693352812212313,0.148405137425326
-0.740428778203074,0.245293268100623
-0.83885981604691,0.151574672268643
-0.94392058271892,0.0173805153460713
-0.845886422446675,0.0950744032127764
-0.846806317541147,0.0353809609764315
-0.708612643162382,-3.59762222691446e-05
-0.993524734367069,0.0065924541434018
-0.706376543124441,-0.0654659975217386
-0.851858666189907,0.0717849044393297
-0.850074250678944,-0.0635863067092493
-0.877970804738192,-0.0938465263141349
-0.83367399805767,-0.102580521319748
-0.93529148714453,-0.252317372187415
-0.729487172520072,-0.0578798670446358
-0.824715924157432,-0.284994670975897
-0.907769553017846,-0.199487508888295
-0.835660206475083,-0.343449666985538
-0.809897397455122,-0.193582352293843
-0.844277173897508,-0.407430416083586
-0.837627026188496,-0.313213623402135
-0.873957326385587,-0.377681255419296
-0.795583900964849,-0.416109107783413
-0.698762820677627,-0.40879874398281
-0.833112453867245,-0.536684699993727
-0.667016367870949,-0.474114652761646
-0.732801245399534,-0.521150947409809
-0.820331938267244,-0.522832524482533
-0.612467034283021,-0.638744245378741
-0.526125422019748,-0.61664326940197
-0.605975179239779,-0.62367088536782
-0.605254837988883,-0.542726593114383
-0.588330199815849,-0.687056958049489
-0.689876547075625,-0.709054588960013
-0.557284569355785,-0.715751058338615
-0.510194071345784,-0.709037770329265
-0.460212008097897,-0.76054594174737
-0.393692507950467,-0.778801231320104
-0.480913344083267,-0.679114651316696
-0.241418739481664,-0.745958911989171
-0.206345454024317,-0.679591475004441
-0.0210652613749125,-0.770974232508569
-0.0030872378925086,-0.745685115428453
0.2867594322198,-0.773248989254403
0.225444484862556,-0.702623829880967
0.3073203046669,-0.589954731113037
0.6224121802377,-0.622821954429126
0.523700653858355,-0.631333955647296
0.647645193521229,-0.557832248870525
0.681812897932477,-0.430013647375719
0.757588074232833,-0.33870012578576
0.747227661615877,-0.444406170824001
0.83075027883097,-0.37228319748798
0.858227180877818,-0.263549625349023
0.772077604698413,-0.296612163535843
0.957743244268332,-0.2468559465839
0.791107954420234,-0.241802172137928
0.861011521143546,-0.269997510202008
0.872553417107619,-0.208088958305139
0.714988092828135,-0.305245970126341
0.820999583478414,-0.224010210185696
0.820024598126895,-0.231335727586711
0.792256223189786,-0.246338072614683
0.675606411986809,-0.353521689763357
0.904207188788508,-0.153089220162899
0.772485645701096,-0.476601257212124
0.781688906903275,-0.116483789078583
0.773864518036635,-0.303066967422039
0.935937954306633,-0.303219698388608
0.614861663542862,-0.288103618964938
0.909865789395632,-0.372827664063913
0.758037522611049,-0.340541181979599
0.573154136915902,-0.379232553343692
0.890439213443167,-0.420449749187383
0.670940291688497,-0.136659587826787
0.916435674606577,-0.362173460725722
0.803820307957226,-0.292102695787495
0.691944052825723,-0.294245117626714
0.830611653963927,-0.334056547489563
0.763544022044583,-0.338140684413881
0.929976085699154,-0.149096594547102
0.823543757050681,-0.317778759635853
0.737593212345571,-0.386513451683933
0.781106707264647,-0.371490471008177
0.691844400405433,-0.388621989256268
0.659567699587652,-0.46027975473015
0.659871968226959,-0.278439700197765
0.328421720398325,-0.445176167194958
0.66075413216605,-0.235377587559332
0.782998936416811,-0.5282426610149
0.514090361459815,-0.611737435212703
0.714588315083415,-0.472936363585457
0.386971382934351,-0.529318539932559
0.388652772767952,-0.212644210572348
0.400383084879072,-0.208977540224918
0.38822748571791,-0.0240774748165086
0.163580094171626,-0.482678394734132
0.449860840854047,-0.116527507520713
0.530330085889911,-0.0517766952966369
0.413650479527345,0.111111111111111
0.342034905672087,0.379357062485899
0.587888407029908,-0.0876970278573891
0.351086699543646,-0.203236911532265
0.788580094171626,0
0.603792614558922,-0.168979583213878
0.866193178713836,0.0784091215123063
0.779734088334451,-0.0582163268035251
0.736841073113154,0.139099062884843
0.797272010716088,0.0763236529894245
0.610139364864632,0.388790423834863
0.750347063954217,0.204272850416239
0.595900419098541,0.310557032190753
0.742586380963857,0.390212520387296
0.662853142128576,0.336170656549322
0.615469401591334,0.439438525465323
0.689559711040998,0.441384373407481
0.734573890779307,0.518365680797103
0.692302222373813,0.501558443332764
0.732491437925799,0.591386105328963
0.659290385248016,0.535008804336663
0.739665784615121,0.439695695520088
0.7592759903852,0.569845833873944
0.686131943248673,0.560558440784544
0.707059078150958,0.561341188932681
0.700021584214808,0.589670801214079
0.726354034659491,0.550026156201035
0.724670133379761,0.554903400355894
0.707005642063276,0.561859192467716
0.735014388186442,0.530081628000937
0.704557429549767,0.579503446645478
0.630622373886487,0.58797281450609
0.720928767198864,0.579943803239027
0.787520137367774,0.539714695181846
0.744926598297018,0.525823938798323
0.672961767909723,0.520639702518626
0.782436831384604,0.564250496673376
0.698096799024129,0.56486523941866
0.642292593381957,0.537184653215385
0.709684158675738,0.575911237554529
0.733247082513011,0.629874682834442
0.678423459478119,0.616178233837739
0.692950750021194,0.607972348457635
0.719173408882358,0.561967571974772
0.726675396797372,0.550364932110021
0.624708395191778,0.590212730688638
0.79690926746521,0.565617582050744
0.708278197948382,0.663113153867822
0.74064727352325,0.481875078905995
0.769518714915896,0.58411362848991
0.733031080687829,0.502073739673186
0.758492522316687,0.607512415635098
0.685864340678311,0.520775327389533
0.785752305538931,0.605992413200562
0.695249544345464,0.496015913611695
0.792438315147902,0.590035640847369
0.759848387402612,0.523842829025771
0.801059927449597,0.453216131736124
0.810583711247072,0.441243594186088
0.818577359990897,0.405547969882933
0.818388184510233,0.393162635886775
0.846839111238054,0.314803075177564
0.855366367061665,0.32922846885965
0.79051435028144,0.279901075260956
0.76248656729464,0.192526850397655
0.871528525998057,0.141963974012574
0.86416693270915,0.0905044941671326
0.766966977146453,0.0864753540726253
0.820103289317926,-0.0121514834962586
0.967278144417916,0.0357362427807857
0.706434509235681,0.0537162350662871
0.917883448831677,-0.183568929937035
0.736972936084675,-0.151853562964119
0.772318933981191,-0.206160287277909
0.78364389722247,-0.00476075057901265
0.613037473662112,0.0435523170844712
0.717305603938922,0.00787505567597922
0.746884056711525,-0.0112918985301514
0.699423974434852,0.204729076853831
0.698626907740899,0.30021913888378
0.740305813976533,0.301655636715441
0.788860887753292,0.247640463477167
0.761689261428324,0.34363099662274
0.762528542680067,0.435513697823101
0.778698168777479,0.3228271027959
0.643691709862534,0.271106247467314
0.572405633619329,0.440175297181106
0.820496909629556,0.460150371636495
0.561945442662304,0.341363837747104
0.614443797953845,0.545106273425692
0.610237859645509,0.456303393353846
0.570168457238671,0.500797162902532
0.585454396065608,0.448379848892363
0.659235993172774,0.290862579172787
0.68490128991104,0.415228958452725
0.410286493134394,0.358193352002451
0.458098802278667,0.235450556817135
0.418620828297615,0.529944951028381
0.308006201343612,0.426623760366087
0.244673200585494,0.557906013416667
0.383288269340977,0.498202322410725
0.497292464854057,0.542443785407164
0.192480009873358,0.670776747224629
0.0449366470412467,0.774433664270629
0.0497564443047103,0.702154727501863
0.127142587753384,0.952281438264396
0.104156393515681,0.72288613533216
-0.00923935622143491,0.856333224470335
0.0211994094347808,0.813850082735467
-0.0239759857104818,0.924553439835391
-0.0834928159770989,0.72720645711148
-0.258663565242449,0.730161357270523
-0.217385860320573,0.8857829780656
-0.246085361643474,0.831010497256181
-0.288160136812859,0.807709207670623
-0.241517682231665,0.894107122830495
-0.269264742799655,0.863113523199742
-0.253470823545502,0.860197101325025
-0.231026486153048,0.727279605543052
-0.13394958631169,0.684878881148823
-0.14149237099466,0.810273123702253
-0.0483649827758369,0.915592677977079
-0.0695613619896431,0.870059886226813
-0.108189579836341,0.887502748446
-0.0639444012584156,0.696491149466692
-0.088925496687278,0.826718660971822
-0.0533589246096528,0.835509862944426
0.0679617154541255,0.914097559487671
0.0273887460446767,0.85697046904426
0.155084820345487,0.904873399562854
0.17371003654749,0.953153933695959
0.191901608276934,0.89942516840673
0.19435644644919,0.901445625245008
0.217076133173072,0.897784972783044
0.260016892948051,0.88842757985074
0.285476899370369,0.877036164512287
0.235143101044132,0.877182740956015
0.354098338272712,0.924197786591724
0.278225903003838,0.860270435493792
0.365859084038224,0.782863899015923
0.345731905133323,0.920856795751322
0.345716075584787,0.895993000519787
0.367918889868432,0.84022042706729
0.33404921697547,0.878404014587206
0.371212333468612,0.834417699313924
0.335672262540978,0.872063847227467
0.345262816040321,0.765129467437656
0.294678954398331,0.897214218834359
0.372992239910435,0.761387394166456
0.255619158891112,0.857987932342376
0.273800390663091,0.847614898952114
0.426906905831836,0.847758092131749
0.287668979100543,0.798814309373548
0.23032300426094,0.818657734980285
0.262990194638977,0.796927411024038
0.401898064858647,0.797519858111082
0.325327439179489,0.857985050878533
0.290939655954304,0.789913545531028
0.282025933618836,0.77004568674149
0.22973410156105,0.808915561637361
0.199900259250697,0.924872002040632
0.149755186969781,0.786595965987859
0.0944347459890258,0.880968160148465
-0.119435249603208,0.884598381445807
-0.155735744464639,0.871052698754649
-0.22082941588916,0.947785435244763
-0.176702894749823,0.877011680080793
-0.314251812074374,0.936786781410635
-0.439883072260073,0.841003996517748
-0.311072120627016,0.834165441440073
-0.373411934937119,0.842668039571967
-0.459679057094374,0.874437808486919
-0.433353382103106,0.81272575272354
-0.469899474274383,0.865921743928294
-0.450351752419786,0.816743398868689
-0.562450900297615,0.766560456451179
-0.539845981525543,0.7314950000877
-0.598615513347035,0.772863660560197
-0.622500778787641,0.660464637727867
-0.801656489962978,0.462418926204579
-0.800397681882655,0.563924989894221
-0.849519721631664,0.461606392553929
-0.860264920596568,0.433531420109388
-0.904702423540051,0.326005021685574
-0.878790942628591,0.345897777983209
-0.899072961576696,0.330771125197498
-0.906755493500183,0.261441948660667
-0.947570519924543,0.161668266746029
-0.951708129140845,0.111994815201907
-0.950218243667556,0.0236157147840189
-0.94921662228003,-0.0122605479657371
-0.947788133024348,-0.0763701685097152
-0.945376013808598,-0.128029439615719
-0.938752418248612,-0.279520243175382
-0.925206409726506,-0.338126031099047
-0.879445140307975,-0.442945722103802
-0.829360288116381,-0.527075130119844
-0.814644379730067,-0.565015982629644
-0.778641889973338,-0.616937459375894
-0.717896331936638,-0.686822060842724
-0.696447877850651,-0.704629544729337
-0.688804304633492,-0.718488544291384
-0.655188475367732,-0.750780932235582
-0.648096372780778,-0.749868099683834
-0.622635769119733,-0.769546145717128
-0.618953754774732,-0.760949581731142
-0.58526566238054,-0.788078640688054
-0.572858947939761,-0.793979652157955
-0.609919189487788,-0.774173535188143
-0.600006261366939,-0.793770540313581
-0.596586142365977,-0.787098415366744
-0.529345520641407,-0.705902731347291
-0.580419204181553,-0.802486773236052
-0.607154577584875,-0.782144255771832
-0.628737233136997,-0.770428902416853
-0.618422088014527,-0.774465263727929
-0.542278179068475,-0.80619965103533
-0.509011311971949,-0.606686836845843
-0.54117246183948,-0.80826238417148
-0.531934589363285,-0.561739381225304
-0.41920372492751,-0.67806606315521
-0.750936229416597,-0.564047269861253
-0.561986248294498,-0.658520797854639
-0.685788635801878,-0.405151089131607
-0.795739663542814,-0.547027692511223
-0.6749867633134,-0.541891125974049
-0.659914175718471,-0.567901488291148
-0.638245255724011,-0.467573494732708
-0.670430438958028,-0.577363941673921
-0.662471507109422,-0.682086341741553
-0.616369763075155,-0.608707777383928
-0.619395651071864,-0.597494765722688
-0.654338771804504,-0.582774936268131
-0.657422044629112,-0.47463361059041
-0.694917296744554,-0.653821090064151
-0.64132720699134,-0.590030067873367
-0.603412438760519,-0.515323943048673
-0.625551272376064,-0.715336510925663
-0.600347938127809,-0.627267257149889
-0.605524970820649,-0.641436254172207
-0.600841096680102,-0.646985159762128
-0.571575289091417,-0.683244484588908
-0.559302712893088,-0.685844397545578
-0.576385300629051,-0.674634160220067
-0.548028135461981,-0.694084375412175
-0.477776597754274,-0.707528199891462
-0.611178391620187,-0.647224716785543
-0.485163435978075,-0.727929518272646
-0.493227149261622,-0.820467376181088
-0.457706184787058,-0.781572412137824
-0.408154687032586,-0.71371738498103
-0.36247949082511,-0.819156157707942
-0.423720814767059,-0.797725382742754
-0.235202654608703,-0.768011987737613
-0.366619797180969,-0.828239056438944
-0.253960477477107,-0.848472573281928
-0.259413765873531,-0.861883328149024
-0.299815564795428,-0.801682288181242
-0.267381945193108,-0.868408713887808
-0.120074513202426,-0.821779897304061
-0.0859928073868616,-0.888209332192222
-0.0941529684101446,-0.825409341712114
-0.0852716979899399,-0.897090489764342
0.0317875953608832,-0.864695943106665
-0.0183440330929532,-0.776645654341074
0.00357706409194785,-0.850679619959066
0.0244715798580148,-0.794633459097629
0.0635868988749157,-0.887791171212724
0.0456073783694832,-0.677362362937194
-0.0528785551946088,-0.899507902694802
0.138104570328705,-0.823561211433643
0.195321677033868,-0.892128659841943
0.144792486660683,-0.808369684391009
0.272114577173636,-0.935931986947773
0.173175107781709,-0.80135518318093
0.179441646858284,-0.870074026106929
0.231434362147363,-0.797163625582427
0.260348738253306,-0.85175757295944
0.361573726197857,-0.776334359183253
0.257868904564902,-0.780699758415977
0.353868728166742,-0.649021561542145
0.457182131831575,-0.760096407734707
0.498556100188703,-0.590142760851829
0.465425265752942,-0.684484184023838
0.582512584572798,-0.683347592775783
0.544721515595081,-0.614793686615028
0.498118182086099,-0.671723535759212
0.437498728103083,-0.673364346869269
0.481056100291118,-0.621835831261322
0.51075385667743,-0.461570729256755
0.627789260747735,-0.604377326445021
0.502822257578931,-0.629236308186248
0.645029418297326,-0.60887725994446
0.664036992822701,-0.609727631158215
0.62054923344746,-0.571671106240835
0.702865804794632,-0.585070991421408
0.736975145254926,-0.519906992490973
0.676560359893377,-0.492507912583795
0.757913116293785,-0.469220316981763
0.750057692261376,-0.510627336375375
0.750618381545432,-0.512724599028575
0.751941049239123,-0.521855089482771
0.763466942240664,-0.483547066919493
0.76639009752294,-0.507736384470174
0.828182131028618,-0.499419833791327
0.822368569096832,-0.403118226063089
0.809285748242482,-0.399090780095071
0.840955183170827,-0.347517678552632
0.860371116003883,-0.261571602880131
0.933118587555679,-0.259466185479911
0.864537626014446,-0.276058415233576
0.882554996580926,-0.249417310159115
0.965741686868956,-0.175356162750269
0.832460583753821,-0.133490615345278
0.758190853817147,-0.303752586798717
0.877827355055075,-0.210139126486617
0.695681698002832,-0.242224368395577
0.723426070768513,-0.217753241150746
0.662106521731117,-0.327133350966327
0.878465207710641,-0.405090302913401
0.641368146821931,-0.239994480068267
0.678993232754747,-0.294641608959337
0.544464446123689,-0.19177617382033
-0.634233538681734,0.462012884954469
-0.451431782452239,0.387179417938854
-0.464311294086253,0.509214964492135
-0.563434092607509,0.547125726776768
-0.515802935374236,0.531437855249831
-0.471620416501922,0.800068779816366
-0.48811939771522,0.722278893252156
-0.402371762228605,0.66647611235448
-0.567245583172356,0.732511270140078
-0.404957671453309,0.646523929068148
-0.396706763986157,0.781645119762819
-0.512091437150426,0.826624481192751
-0.50211858062102,0.721491149361469
-0.415887757099942,0.646123379288708
-0.529716236339044,0.813161344326243
-0.532387014842537,0.692509212008214
-0.450025850668062,0.58186466620259
-0.606832283208823,0.646357909091452
-0.64759742895975,0.7191763647776
-0.689612463790997,0.574087994587055
-0.702656856954672,0.520820834846534
-0.716741067748572,0.493443499830966
-0.828276549206887,0.550905328904098
-0.692549083549227,0.391500411330396
-0.749769590897797,0.487746041581164
-0.828696249169935,0.543393343196599
-0.658896888803138,0.39400149905923
-0.816649445252678,0.335977638127065
-0.842020921185252,0.236953158341947
-0.798064322266918,0.346042900998583
-0.837788361055862,0.358031995401108
-0.86858251891511,0.239799894034462
-0.848240201100088,0.224730532036272
-0.946134469182747,0.213074008330721
-0.880753656114112,0.156240993869197
-0.903204488708934,0.147586434296918
-0.95801070963531,0.0790558474092752
-0.828859356994241,0.208508310615433
-0.886188015610758,0.00753350672374147
-0.902827821532576,0.0778959518670071
-0.900248896969721,0.0296228862137318
-0.889947431282782,0.0303642147661917
-0.882836401951485,-0.147797075601348
-0.920790732113614,0.0129391067508994
-0.873912267290025,-0.0126421066307555
-0.883758389799234,-0.120420752590131
-0.889493799670866,-0.0922355852065122
-0.913549692463023,0.00028659491257641
-0.899542140608672,-0.0373823789613583
-0.975515504115792,-0.136288406431306
-0.906725827186262,-0.208643128279383
-0.907146855797124,-0.138887005164665
-0.890184691311878,-0.154005375556243
-0.877809912898123,-0.174558183635184
-0.87992703504573,-0.146137859095087
-0.942312499792198,-0.168314045685861
-0.857259352943167,-0.336366391603512
-0.8583169505934,-0.228711966742383
-0.830967902630333,-0.380746107374109
-0.815825010035634,-0.350682289070524
-0.786475345774185,-0.537480700100912
-0.842001092264311,-0.484462718457534
-0.7661248247256,-0.445842636649186
-0.768843577131478,-0.400496352979759
-0.810504130719662,-0.403590482987376
-0.806732890380953,-0.419784035637872
-0.691397225935169,-0.272339247558696
-0.806827487386178,-0.276379852582241
-0.605266457734271,-0.271045190357245
-0.737399756360304,-0.131750185123043
-0.791369890467873,-0.137131443677354
-0.696983438614154,-0.22433507483649
-0.555374878987998,-0.116032528192462
-0.765968404567632,-0.0749056109414211
-0.638183809482529,-0.279725122293757
-0.690218564480921,-0.226518368830666
-0.526619222627042,-0.210033948337687
-0.533067382172652,-0.0304536071961901
-0.426939790018229,-0.167671799782272
-0.344887651767585,-0.214285714285714
-0.448260051446153,-0.275816225562361
-0.126847292340576,-0.246837336796812
0.22837798143064,-0.358498263006464
-0.0765370862784029,-0.297418848942601
0.10108828414378,-0.264474256736476
0.058925565098879,-0.176776695296637
0,-0.353553390593274
0.448340548057399,-0.307692307692308
0.254510827182539,-0.0743846128363952
0.441580592941248,-0.202134742697901
0.298045503250652,-0.0993485010835507
0.270912830682721,-0.285743877575935
0.462975918435436,-0.131315906245119
0.353370142223087,-0.0873737270074909
0.480276566030364,-0.0628134380594157
0.582258874472662,-0.239407985486341
0.570324120182546,-0.0769230769230769
0.779754988007893,-0.163550303631575
0.770053041480878,-0.125891302418313
0.831100163412494,-0.206655873639768
0.831820113533147,-0.0899342487461811
0.813181594293987,-0.0427427216649546
0.94994900436118,-0.182342108569457
0.886736169562493,-0.248425853601787
0.893376787097272,-0.164658072212423
0.850541593393378,-0.220188721863049
0.977524056730348,-0.13250987887522
0.849814771420609,-0.143574251936128
0.969359324649301,-0.191907646184146
0.846852753988367,-0.082540537924117
0.835717040079448,-0.254836865597583
0.952618534049562,-0.280230563927012
0.812610015203458,-0.323703633573948
0.785917827681264,-0.374772394211086
0.788947519158677,-0.360427446424921
0.630911803200306,-0.266542028839461
0.752403608955406,-0.432528571124582
0.738287516666652,-0.452296476344014
0.730009440212567,-0.589275953425508
0.72580739838749,-0.48129127155817
0.745046776922677,-0.455125034341075
0.862305314259336,-0.466168992891061
0.723027947264209,-0.487503683157578
0.764690582727596,-0.536697100498333
0.687302821436899,-0.289310328660454
0.837415461621324,-0.468526991285194
0.75603802602003,-0.38329595901951
0.785238122825137,-0.569280193146252
0.717780849196912,-0.424894518832544
0.725200425108771,-0.549358169864553
0.752900384215274,-0.425639936388561
0.705631420688729,-0.385368304966537
0.821627355105582,-0.41046436723278
0.805328564282623,-0.45410775111315
0.901759388786237,-0.300048827512372
0.84610328919821,-0.308095240874878
0.704987887857239,-0.27111612822649
0.882111566264221,-0.299136045943629
0.727339518419783,-0.290102472291932
0.830302711191742,-0.293277081069122
0.79827763581394,-0.285509602549471
0.42780005154676,-0.255208305254818
0.69225728134324,-0.150842896195486
0.514963906775223,-0.145615252376646
0.657511395074916,-8.5401771125012e-18
0.686273835165683,0.170184252069732
0.796878788569796,0.192290550060439
0.556203057263603,0.227793711694432
0.512132034355964,-0.0292893218813452
0.699632821025048,-0.0936222949451594
0.505058431730107,0.404787780708776
0.721919363184319,0.315899944423321
0.292398825049609,0.331131013783296
0.588588373486274,0.554404512824565
0.404767810218491,0.582414656359143
0.417290345832986,0.579320750806405
0.275135966555896,0.705190380174924
0.279243010410423,0.699042947629598
0.207168998803688,0.740283208016792
0.109063051645257,0.568704407024786
0.174789208138964,0.609572771928447
0.299441287947087,0.688522436274998
0.128664215434965,0.784957345629652
0.278451836019528,0.675970298269577
0.14640176279421,0.660388773306038
0.199832150523189,0.868768772641297
0.151251913007596,0.916975114027978
0.0868532552116005,0.752522543289539
0.0119964075472969,0.753907156873231
-0.0638635026864306,0.671948716081777
-0.0964597508446207,0.851696816741233
-0.28423931922421,0.52101929234341
-0.346422168419954,0.515577596336777
-0.437909012685324,0.444093111116789
-0.487233443429988,0.378454891728908
-0.5004213072388,0.432972725085683
-0.50213030911619,0.0365069461615854
-0.501868154923763,0.0731762223761289
-0.607579353557241,-0.174233458967391
-0.552085104566112,-0.285564710193336
-0.783649278961023,-0.280071189876201
-0.737310048212935,-0.251221900916224
-0.657499745157489,-0.506136331007662
-0.81900913734516,-0.388464591907144
-0.771888876389609,-0.336381953642685
-0.826366455034738,-0.221490181025816
-0.827981251260635,-0.341750109038251
-0.826637484807241,-0.359700316038822
-0.792474854916264,-0.375482029843941
-0.767894861768696,-0.104268375743038
-0.738636361251809,-0.336027023503624
-0.728600716893865,-0.311325325390493
-0.766722973820296,-0.335449754545894
-0.711900484384815,-0.464119492559229
-0.820372109256327,-0.330780970367102
-0.704857876104216,-0.384892345237128
-0.713288948493032,-0.424734737717255
-0.477893077160857,-0.304258404477674
-0.536306284843942,-0.227300354621842
-0.482261518573644,-0.505444639545971
-0.553326334463444,-0.521684850581033
-0.504880191835454,-0.480613977922976
-0.430848206332703,-0.464944641912175
-0.292678223955203,-0.393693478410424
-0.30271298351607,-0.226692220059837
-0.471354631280243,-0.448225004233052
-0.662720676025989,-0.341729055318365
-0.54835853690835,-0.319245980029691
-0.489482087020127,-0.363682476471298
-0.483961776805042,-0.102832458685012
-0.746384898056694,0.0516225110612716
-0.785931920993852,-0.120575614131138
-0.575356649914494,0.0640528162286595
-0.774852322516529,0.26615191415785
-0.684280902619757,0.258635112638378
-0.773641547258357,0.292515747713309
-0.66922523372804,0.390809908843149
-0.799174442246036,0.322558937136473
-0.733578849414789,0.352049156670337
-0.731567261658087,0.476055528289655
-0.694401750391362,0.548839412817152
-0.58722745688024,0.640907313598274
-0.553410849410527,0.687719324051997
-0.577434994868109,0.633735089901816
-0.524004685136462,0.675092153616049
-0.510825129048126,0.719340826401794
-0.49823541067908,0.765378090034274
-0.501288338135705,0.763017487432707
-0.501059697996156,0.755037739684416
-0.523012559770666,0.741684759155389
-0.471583150725551,0.771021201779827
-0.506450267714773,0.749486568881401
-0.471336547740512,0.773184134368823
-0.495853196595957,0.755727197778542
-0.478086572644064,0.700520453016322
-0.669697782705818,0.691554645013801
-0.594521584366222,0.676221346407121
-0.666417439803965,0.605599487567394
-0.587981624280712,0.581358751894002
-0.776568871827054,0.58410522563677
-0.698278059181522,0.555240963953336
-0.727102775217503,0.521494003413025
-0.722067986637526,0.507387973869102
-0.758528876618799,0.45642127749616
-0.797583715921464,0.378097954859981
-0.816267861820663,0.286217147908662
-0.838135609720206,0.189205090062806
-0.842253733056101,0.263783472841779
-0.847729237485962,0.0288198869261089
-0.851971236408314,0.150082310791522
-0.836299553182109,0.0388458688398952
-0.844374221681444,0.184072556337553
-0.752752992981843,-0.0758841893019271
-0.943039979608749,-0.118734603122933
-0.851473471863545,-0.198723076946973
-0.834961488595951,-0.22324383454801
-0.822217754057485,-0.193319120144792
-0.778094963870438,-0.424312381859754
-0.797053947231596,-0.383005185377739
-0.776227788329987,-0.410251130805869
-0.712907722763251,-0.379137904437645
-0.832583449137197,-0.426827846868504
-0.643609912133285,-0.526157394976855
-0.758697340507622,-0.417592007910786
-0.621434183879842,-0.478269926020477
-0.844706172316842,-0.327844173924
-0.728537702602359,-0.385110915228267
-0.637495447770328,-0.566811266764954
-0.659352122069547,-0.234481219421897
-0.69960969239306,-0.499105703887889
-0.553976033800818,-0.581854736704107
-0.626314288961536,-0.472468135115382
-0.524356103140143,-0.577960915645787
-0.629765113392552,-0.454964142285412
-0.643404990066594,-0.306058253227587
-0.660329344124551,-0.397697531634313
-0.54341365135243,-0.359071397127753
-0.727920086927655,-0.260799104168177
-0.65787195967853,-0.250324612674458
-0.742759510888382,-0.1307111615883
-0.694698192176541,-0.291086234478695
-0.515594328526966,0.0119078026802836
-0.891787112868798,-0.173313317625897
-0.399714181974804,0.105223900905336
-0.775213742747504,0.152477207393807
-0.568328157299975,0.144721359549996
-0.689442719099992,0.24083749468818
-0.57721635052905,0.207880884693563
-0.533114156502679,0.447299627782598
-0.442441436165076,0.686299264277995
-0.50437369859459,0.522997212996359
-0.399245928798204,0.769361599620318
-0.335392185335527,0.712971695929191
-0.273772221349179,0.840239525092868
-0.187630798677664,0.875895020568349
-0.198729924711064,0.872751039831398
-0.16873982599343,0.979942078033739
-0.127532514787358,0.804312277565089
-0.300180492796479,0.871685404470997
-0.220639414173858,0.877456883566863
-0.206594281232519,0.882485500617474
-0.200332788427343,0.884743662023588
-0.227549044620454,0.876728797103003
-0.229385750016744,0.878080223181724
-0.255690252243338,0.958950208146783
-0.290964993219669,0.763808021304973
-0.325778934255787,0.836797197646369
-0.3239236328123,0.833174240755429
-0.385650761406858,0.796168735123254
-0.394612371190368,0.905117897157144
-0.469140404235465,0.637845345515772
-0.534970774445697,0.682640070312725
-0.523674751598982,0.797215974130722
-0.474620398346605,0.568367527385724
-0.571363924050505,0.645607227248531
-0.615677529214466,0.637899751436688
-0.592226520253747,0.767254350857397
-0.586642386919232,0.668128833081252
-0.561937496537341,0.628387798983704
-0.567134290096796,0.688182273964913
-0.604528473385511,0.62286080848642
-0.576705059404917,0.688176396883774
-0.59864973540588,0.674584791425795
-0.51427611526237,0.655055846232574
-0.667796906428805,0.639225477857376
-0.593623155101176,0.60776030236656
-0.61643273486905,0.702252972194934
-0.602377405206855,0.589458155852494
-0.505928140574989,0.74870894826075
-0.550693055469224,0.732226496011191
-0.502046185942582,0.776560698318816
-0.437285649722778,0.79468125437743
-0.374757632123402,0.832258794386705
-0.403278720499151,0.810235936785175
-0.30892698910336,0.834844372317963
-0.253011318271383,0.861296509410125
-0.179284637898574,0.892563211113126
-0.09500589980574,0.904723201569837
-0.0470288751455852,0.914498427870173
-0.000975836271463733,0.908606524585583
-0.125981260749716,0.910063237690191
-0.0331781645315924,0.907024050962257
-0.00223009232438269,0.906533710940999
-0.0230421301900164,0.994874470768752
-0.00810111909960987,0.813845287748401
0.03385213052645,0.901828313019336
-0.137309657839474,0.906703186930447
-0.0548225036043196,0.895783826420481
-0.0121181610600062,0.903777074701997
-0.0464850745799775,0.893620734870269
-0.0169276848101286,0.997652268727197
0.037622801691215,0.886716551099449
-0.0385963085973999,0.766611165786864
-0.0922168853865641,0.795294715970256
0.0212396831526879,0.995320972015605
0.0378850213786516,0.774273881877513
0.0572339848330931,0.851511955049844
0.245455359920384,0.851380699955179
-0.0799624999134219,0.848708739252026
0.165657514431734,0.85149221756076
0.151447984223909,0.81457806843774
0.203615040318749,0.970182139311541
0.191904273742076,0.639103012450192
0.22327195804129,0.956800335364002
0.229556921967559,0.793880928170636
0.317086179748433,0.601815700675407
0.28839303663218,0.778667153351371
0.307771396045977,0.772186434561006
0.361752523823675,0.744823791566232
0.435986715061275,0.706008717735955
0.42670825508984,0.87605229494655
0.479574808098931,0.676885442608503
0.511416217215313,0.4849622250348
0.440366711521528,0.703575766381772
0.473874031207196,0.678152772301982
0.500071747030719,0.662882911649475
0.48924841828073,0.839884200118038
0.644600461021887,0.52547471144035
0.376580150259075,0.630812764713739
0.752522152400767,0.58744672209177
0.800216099342537,0.510443852326934
0.778653548483547,0.61492639239336
0.834153336190332,0.527228845595648
0.693517421342416,0.606490656522395
0.818307608983948,0.548172781403041
0.863921513721542,0.475190961713736
0.873624352906175,0.472197239835614
0.80846664207419,0.552328734278793
0.807699389858404,0.52377102013352
0.626166652396534,0.626166652396534
0.560818506982775,0.671349456606999
0.496113943167719,0.764577738846208
0.45422810283321,0.775199899052411
0.421283457992054,0.694120103530873
0.226219198315048,0.71539638433978
0.269057280605021,0.665921628563554
-0.0105673830372406,0.783202701552771
0.204598535215615,0.6957355340428
-0.0389898312388888,0.6921158872065
-0.264810926791397,0.689411676954925
-0.385015003534945,0.626153476394099
-0.440115663769148,0.549945842878239
-0.546419696159375,0.622775784905162
-0.646271351998869,0.549139505449921
-0.703439235478755,0.436434569154172
-0.714358350286018,0.507093836454408
-0.617693743257844,0.333829720505448
-0.805692716103541,0.301800601950499
-0.809050720292445,0.250235100346155
-0.701059457919792,0.0522853107042477
-0.746418857613747,-0.228851248430801
-0.791099236696773,-0.259663067334579
-0.668276874378988,-0.400887440126365
-0.679325613568534,-0.422557694511533
-0.68561161122719,-0.58251429787414
-0.558704802037602,-0.638747591743997
-0.472591145400989,-0.582855371361888
-0.40676930453591,-0.581307633001263
-0.266807622142427,-0.945383647866625
-0.319547979408726,-0.7910626972726
-0.0767484425691465,-0.794666994301647
-0.250902233817615,-0.794171669427191
-0.414955536356709,-0.793002234820192
-0.171498035286474,-0.689085121641537
-0.380593617055287,-0.79723552942084
-0.22619695332829,-0.792044866455896
-0.202138797221268,-0.795948627484712
-0.243629805233973,-0.794711007685777
-0.194377024391151,-0.808251772636931
-0.228004099200306,-0.799727179743308
-0.20003890900017,-0.807658460120966
-0.21598322429884,-0.799144591176603
-0.240090754999652,-0.795054974240859
-0.219994734619127,-0.767422090575318
-0.237724414504626,-0.762854352294579
-0.0434824165651619,-0.76045669195576
-0.438699084123216,-0.75778678587745
-0.278803466908525,-0.748863072748248
-0.292856902429804,-0.742974142035573
-0.306982917293334,-0.733199836123295
-0.122741862990055,-0.727537394831775
-0.484824172472235,-0.709670476713681
-0.220251738047768,-0.716074490733882
-0.207792826299789,-0.719320014747682
-0.265789290959669,-0.693217165559889
-0.188608605255677,-0.72152990738528
-0.288834626856975,-0.953676633011894
-0.159617831788684,-0.723538865697549
-0.364866520713747,-0.736582390082321
0.135133479286253,-0.736582390082321
-0.354913647187098,-0.741973935653644
0.115690686936013,-0.737501615986257
-0.119250471425097,-0.739076027883155
-0.374759076981844,-0.739182115626124
-0.130753051478466,-0.78384269348052
-0.13947391255663,-0.736162999270393
-0.244274276525659,-0.9555989940916
-0.118178983615462,-0.992900174420506
-0.104695623806337,-0.790130294109698
-0.0705934302222359,-0.79280524696379
-0.0918467081860586,-0.78906889938573
-0.0398014876083996,-0.796029752167991
-0.0248069469178417,-0.796009069212181
0.0264208197922973,-0.59280524696379
0.1131837169388,-0.92647137672784
0.0365912619358136,-0.848694266422851
-0.00660800662618364,-0.857852021595255
0.0617985634185611,-0.869246966060015
0.177764933835977,-0.845590803812219
0.221655851993818,-0.836693106844916
0.378401928281048,-0.779147995264419
0.398634867109588,-0.50030273726408
0.31634797821214,-0.813654399998497
0.538087105167466,-0.615363832269779
0.538857866900782,-0.648483845522139
0.580767536737314,-0.62390160734463
0.746917964260462,-0.599778625091304
0.57139927223572,-0.634504285805635
0.354054424969232,-0.638666605397033
0.522175941156797,-0.633206980796106
0.51890557984487,-0.638818557449534
0.499299325610405,-0.648534740289625
0.479063480318006,-0.431005636571988
0.65222421419345,-0.630810168085862
0.335204107956974,-0.590674127579497
0.514492281291809,-0.607083672500138
0.518179542560403,-0.541697564269993
0.493414955038602,-0.564810653938958
0.451372892420299,-0.597826724175785
0.480261848675367,-0.574114749640719
0.437469750864811,-0.608783995730226
0.461492545172496,-0.590585572737089
0.446682440850073,-0.601260091977469
0.423118831860343,-0.61886631160464
0.423933487286656,-0.36780659922982
0.425162140336798,-0.846708470602776
0.401830523227066,-0.53043563223438
0.743938351333185,-0.556241655372411
0.242996557101363,-0.564049217556738
0.515309402192998,-0.540284401687294
0.496868895128877,-0.560887335095325
0.484784087090403,-0.570024213689645
0.500394267188607,-0.620208453218769
0.497266904716993,-0.622641705328143
0.519528191246026,-0.606534709893091
0.566118301240406,-0.555446226599611
0.583660101419342,-0.515234956583535
0.593492875914435,-0.505087673835554
0.609525488171986,-0.510129573401539
0.643873445106547,-0.511687807406852
0.686667994474102,-0.453919471145704
0.694686847292669,-0.442196801485972
0.716634229435881,-0.403641504047998
0.720049931436558,-0.411255498123518
0.833130092923578,-0.535806333676288
0.75988323618691,-0.624307372877671
0.444009492206469,-0.572555088041543
0.578523512765396,-0.438873581360949
0.832926767425352,-0.541231601790427
0.859956233043612,-0.498404979567016
0.76308618650905,-0.509605668753684
0.897299820557659,-0.389880608645057
0.653429687028331,-0.291713698340112
0.799928821918392,-0.310480743715521
0.85429539411668,-0.217961579997473
0.867063155398499,-0.17290572538434
0.884354790043753,-0.137907263588774
0.962102906694525,-0.0250728268658853
0.818706604708599,-0.147810259476955
0.890050243491654,-0.111953365378875
0.890786220485621,-0.106686061441626
0.891455575936498,-0.00113397686855834
0.887743976056623,-0.231395483556758
0.881976250186185,-0.0549804250541109
0.876030422375517,-0.257586377996991
0.871846628359573,-0.123939628561255
0.860088763796233,-0.12168587884973
0.866880258094136,-0.16053663089184
0.864682972147277,-0.182480822755333
0.854660495397499,-0.234396031347043
0.833229774078868,-0.258545235529163
0.853103175195057,-0.227707169128186
0.944412737637374,-0.277312569623295
0.751804840398941,-0.245062680938793
0.833080436130078,-0.209109014661931
0.830293140813246,-0.30929312390187
0.683458945817219,-0.165288297941296
0.794340037385108,-0.276797217270961
0.7747385492329,-0.158008503951355
0.455881999226298,-0.168287930024562
0.67783164383965,-0.13756569870767
0.610654845167652,-0.137927104488602
0.573024059012879,-0.0951171525335762
0.450596172831144,0.0676727264051221
0.500023540209735,0.110852182533806
0.490963928353712,-0.000498082212760764
0.307185081508405,0.197295372330527
0.364425975388488,0.137641926383327
0.266419637725422,0.0502619998564301
0.0287428757124318,-0.11356844926403
0.140499997633796,0.221826629214292
0.14942453428746,0.151190101833238
0.0537274903770396,0.28336498496156
0.0501278310155386,0.145008901192784
0.163147573033331,0.326295146066661
0.18243224298145,0.249468040402573
0.226703766139158,0.283230816120669
-0.05588288348752,0.448487762805491
-0.182276700817781,0.0961933647238754
-0.280241405035301,0.342090179001389
-0.244275111585403,0.312025736948481
-0.0266266562557684,0.192847303959967
-0.264084894631142,0.343428550473093
-0.291130571956964,0.353804269146678
-0.327213121960676,0.42769432650953
-0.156645318891306,0.428721240896919
-0.22433507483649,0.236468181792728
-0.179944854588939,0.656849380901115
-0.107376684119267,0.384803749547515
0.0387722182164324,0.431328872874002
-0.151002020637396,0.480463297258392
-0.0912669837187308,0.560411226036453
-0.218914156705555,0.492499848086356
-0.297893633875401,0.378202632135197
-0.437471720836656,0.360402802964552
-0.3227293024407,0.579458828589975
-0.34720250396857,0.487475968385216
-0.415321267187236,0.402723736084787
-0.272077600266345,0.53176374242403
-0.480807340975612,0.438500949272542
-0.360810341690757,0.332770674462185
-0.54895200057428,0.525585893940193
-0.584896321366952,0.375314498781369
-0.537444316756989,0.551599608205934
-0.608192533523843,0.410244924096722
-0.50916886911317,0.464239864516213
-0.813583371458466,0.496310371238247
-0.463673286252001,0.245424045867627
-0.595017534282616,0.4510502946902
-0.734206727230135,0.236120416927246
-0.676110662722867,0.301787241175756
-0.621697578150837,0.317451394481965
-0.771987414584095,0.397064462509514
-0.731658149009173,0.356337463427559
-0.80069809952669,0.123035038377447
-0.775657588658319,0.22956182751021
-0.773410503911476,0.228562792612713
-0.851178943778867,0.218203707931676
-0.876006865858781,0.0734210384205315
-0.852890211852021,0.260690810538836
-0.874431818408119,0.31801238314029
-0.879209451714085,0.237990922897347
-0.879796399711124,0.251726539137711
-0.879458085792984,0.226776356707606
-0.890712595195574,0.186295227673362
-0.896015538233736,0.122840735426912
-0.87599423946601,0.239198313304194
-0.930922228844391,0.20152093533358
-0.886439032881633,0.177308995487916
-0.836958833759228,0.133319819865406
-0.814272991993044,0.335596254210817
-0.846865084588019,0.258045002952318
-0.887411586755683,0.160612190566599
-0.920364351379591,0.235815199344331
-0.818205883865585,0.079441700059624
-0.886320857895915,0.127204457366586
-0.96230189738532,0.114446494527725
-0.882356516339329,0.0456061332060681
-0.93694737254283,0.0679156443594862
-0.89287737583882,0.0793286186664754
-0.946207425889104,0.144316215291383
-0.858457736060655,0.166536937575687
-0.856343039892029,0.222516123024437
-0.944691040110197,0.139068011009503
-0.873210689420275,0.246499701612311
-0.878784687712556,0.26409430106277
-0.945283792839029,0.181106546411165
-0.883696727373104,0.252633115157142
-0.948118620926666,0.228455467100836
-0.900122985773642,0.228619131495021
-0.92759085317889,0.279888927684138
-0.925159559453685,0.281995089683771
-0.873426324958249,0.331791824278898
-0.943103190040153,0.204146695689673
-0.948558649480814,0.220752538253728
-0.949530264038271,0.195547862387833
-0.955136492467745,0.164512710591132
-0.889366035110853,0.0221632432690534
-0.96131556838379,0.0769333178353116
-0.885683360267018,-0.0210601296756243
-0.827968493292691,-0.0841714564074827
-0.780943615446642,-0.297269331298444
-0.836905339028743,-0.362255075962141
-0.751825637654479,-0.3575877651158
-0.775046923312148,-0.41599352719773
-0.693003836591528,-0.504756636937685
-0.780349844440569,-0.229679153845932
-0.759760872206945,-0.223088152520345
-0.706378171955034,-0.412106793927649
-0.652294145304808,-0.263095276991818
-0.718837567835002,-0.342343168527316
-0.758377250481859,-0.172443825883793
-0.552249441245087,-0.0806728898220324
-0.635132718338347,-0.35126869558595
-0.676150261666551,-0.104612225439301
-0.719285974400726,-0.170777072512122
-0.649169178670023,-0.238546628332205
-0.608189150203361,-0.307760053812358
-0.720635264960136,-0.299792211272843
-0.678168645715144,-0.0995271020758322
-0.531578530495235,-0.283588415946292
-0.58622343664136,-0.171858014290354
-0.396288557109495,-0.0581803853735679
-0.584890578305056,0.111630192768352
-0.413478850232629,0.0209963534932266
-0.740114531518086,0.0152666175241182
-0.524386061643358,0.280539963713087
-0.71588939394,0.2126173895298
-0.622957058374396,0.271691775924162
-0.471616877058598,0.171315839936422
-0.500601136683597,0.573372215203124
-0.611855780335051,0.552840744294888
-0.528360020123839,0.565898896793975
-0.575793953881412,0.702245377034242
-0.46967699967685,0.722481429168229
-0.386939768060483,0.684611826152927
-0.507630814281631,0.756089725606115
-0.277076914893696,0.738320814353364
-0.290992624307394,0.828138206624367
-0.121350275678628,0.894736379949309
-0.073997092788122,0.821492529706524
0.0254801350493833,0.890330258513683
-0.0427364753139134,0.848614923254739
-0.0248225393888317,0.794667795616566
-0.0775202430398204,0.818314901408991
-0.0362193083886424,0.769585511381836
-0.0782265420977547,0.768670220395065
-0.10516326523135,0.76657687775864
-0.094370930660492,0.768830548300949
-0.048609320915114,0.760231976700899
0.0218423916547448,0.796813720412967
-0.123745485845992,0.764936308867633
-0.0946338375918155,0.775522182962474
-0.0456091391976301,0.769879687454657
-0.0979014569078722,0.764824162565431
-0.134574908493804,0.752798243977127
-0.115660203486035,0.836562819960865
-0.222185136886543,0.751720535615507
-0.262033330329186,0.794718603810653
-0.322807427964723,0.726019633198036
-0.276313694458877,0.580802731794601
-0.42794461194145,0.697292804667406
-0.452934655580177,0.691348890868083
-0.684553124772746,0.560901536912696
-0.666712330737411,0.500639372795085
-0.800168401708628,0.349108119523352
-0.782300567837603,0.29765601903946
-0.819089026965342,0.23291484748329
-0.902924988374778,0.0856072259926487
-0.892378595661457,0.0321393786576573
-0.821930434492657,-0.110126318111753
-0.852624807922674,-0.243474698822458
-0.795126935126118,-0.271992352469508
-0.698191779608438,-0.332282227479425
-0.634997407795692,-0.53560619931118
-0.651910128226362,-0.531398022598661
-0.556343076336664,-0.704142091852375
-0.521388371876676,-0.561947438291961
-0.393529686046012,-0.71173755190627
-0.223112237671533,-0.82924397232011
-0.168844213463657,-0.802496006176239
0.0789800023172985,-0.863406225087573
0.0823192721210575,-0.881740072216013
0.151658514862819,-0.766656463067571
0.378032621973765,-0.77876859096352
0.439468194773043,-0.749795758166471
0.391734172494265,-0.634935551098401
0.470789649314996,-0.707615662246776
0.508706649618282,-0.688307066287621
0.389276111581592,-0.667727118705342
0.398645185030343,-0.658694794801433
0.52385490016452,-0.671645803392583
0.374526356768124,-0.676224416869418
0.391061284936168,-0.606363489968905
0.663390381625007,-0.666207672498999
0.400153046526473,-0.653758380604642
0.380758632162799,-0.659631520508566
0.414698766445173,-0.587696271539113
0.378964712017379,-0.666117252035499
0.434151752676905,-0.566424157163229
0.615353716902034,-0.57680399966727
0.515688141215438,-0.490769144690102
0.525818971177653,-0.479308331198039
0.643201459216369,-0.561567150426227
0.356045008087029,-0.442006822571073
0.514772083831923,-0.426302722495192
0.71063777414166,-0.410202758107821
0.613977459394914,-0.264441687872974
0.559796824456496,-0.356705651009722
0.725751328319838,-0.406229122607749
0.593053437113958,-0.285894583993446
0.590340360702007,-0.294277651182345
0.652112913036892,-0.185443808456649
0.609669172746244,-0.297303445825124
0.64483769002537,-0.208027722486589
0.544778262012495,-0.285609566537219
0.537151048301177,-0.0414824260112323
0.468003951881296,-0.195850562679404
0.508002437956031,-0.0395827836979274
0.474329257347038,-0.189557652502232
0.729406824167218,-0.162492252594863
0.516896149683284,0.0465505480193539
0.364299454319544,-0.0101446429503322
0.508434011746972,-0.187317352162732
0.562514888990589,-0.218023287301812
0.537476839660697,-0.240960506640426
0.816035303353868,-0.187624698295985
0.297137015055327,-0.0837381351204871
0.391721273129033,-0.173217652919033
0.642610094759092,-0.494156625404137
0.720020869857922,-0.370484892282793
0.72898002431901,-0.311103951343749
0.837808125646825,-0.236996970075181
0.747824410254352,-0.267144240374054
0.781627060347945,-0.131368666916424
0.756416954213728,-0.184714194915147
0.802869910397263,0.00736623670612855
0.788501311486274,0.0550472685914921
0.682609363878607,0.0584971907361087
0.758182878508268,0.187659385186516
0.854349605414022,0.138250136269226
0.733693621754012,0.124676893903461
0.695444369128089,0.231142305969902
0.566637408652967,0.413562356500586
0.827518452341931,0.252694479656277
0.749696739496859,0.305359738870672
0.557021405297375,0.355146804902135
0.679134347070004,0.330649589000953
0.682890045278337,0.396632599582978
0.640247240953524,0.315232339647501
0.682675628175453,0.43282205766195
0.777835320386454,0.344297981964002
0.641586791830682,0.430565076643399
0.626821092937798,0.352729688259496
0.652590221012595,0.495743925083259
0.591031146900751,0.516942106246052
0.753247697505073,0.405015658461818
0.593091511168328,0.520950360801484
0.619056801688607,0.563013985887556
0.576910714604984,0.517050065101981
0.558643858337339,0.52263281348657
0.591826527060913,0.629545123411528
0.708359308885163,0.509035601078161
0.560820544771139,0.612193377047774
0.563996623722547,0.59793859948894
0.701452156800997,0.5144857028587
0.626983263638414,0.487885482285095
0.639536372663933,0.543030742843244
0.720547021301239,0.442068728057506
0.566743291374695,0.567169638912914
0.551406542558423,0.415955762558781
0.652826377997596,0.496360771924625
0.617092652322017,0.495642087984646
0.663358588593471,0.538023585245502
0.526648878143258,0.678818531954014
0.521505570067414,0.699975345827967
0.443007713456725,0.712854540026997
0.427843666771243,0.798605370719447
0.426143111112491,0.821534501418902
0.425260189719448,0.833475938090672
0.415646214764819,0.837526434256116
0.434503522855086,0.81163032972214
0.415820985021485,0.793345366740776
0.441220250428552,0.816330786224087
0.465960023287221,0.776758375854652
0.489090758159356,0.758776357908307
0.499309037105916,0.712632166703005
0.532254885112877,0.75942946466494
0.494844329647457,0.73851695496452
0.497899145795785,0.707814233706936
0.477547328251958,0.758626682899114
0.494358697508978,0.74254649917129
0.484695985725786,0.744975574034164
0.477373758872444,0.700866245031937
0.505370319884469,0.707391395229811
0.493699862646689,0.718204080593574
0.460577563719858,0.711518863031603
0.470491761396136,0.754785151381009
0.496633204651334,0.74706282320157
0.45486183851825,0.713420025477917
0.458594003475047,0.797775863343451
0.425562384117022,0.759229854777138
0.402977620487506,0.741528103357952
0.385562633300419,0.789719111332298
0.363780487360478,0.779480684603742
0.411740686729935,0.762310928464489
0.310968970100672,0.840663861121166
0.326648329548563,0.82398452857606
0.221630049537084,0.841901273738118
0.209627065673099,0.868021300725296
0.261723884522927,0.827847401818772
0.220760046198626,0.831146979873994
0.162899211239209,0.882387270871014
0.198374353983063,0.820555308111417
0.0989197218537767,0.882109257324168
0.0782821166441699,0.827097126308184
0.0625441265755986,0.845696782914705
0.0256586353159778,0.840725383294982
-0.0330471296853412,0.835464603849456
-0.155372743374595,0.851211306649525
-0.121300267445358,0.855494058321603
-0.155328820297771,0.836268209110785
-0.153377930797409,0.856567614694866
-0.145562383505854,0.851489730284791
-0.0712402033101421,0.823327974871337
-0.108087022363505,0.856802404219721
-0.127568684039472,0.842287355741166
-0.118433124082062,0.823434525733033
-0.09640798979386,0.855474157907095
-0.108215322802689,0.843253157329064
-0.10441488588191,0.855399964242121
-0.144333340899396,0.82765040335193
-0.111803117249684,0.853103295861331
-0.0308729073581732,0.837252620601278
-0.073070835135534,0.844373712506004
-0.103377140086792,0.862270599375967
-0.0556045731790775,0.844539607406962
-0.0328955579059503,0.84114968143339
-0.0848007119319733,0.867560387188196
-0.0611721669004868,0.866403895468246
-0.0444323362097019,0.850348788854717
-0.00778565340976537,0.868690942169248
0.0773312367589543,0.851172802184091
0.013064437198591,0.858650228554412
-0.0166655379243999,0.857581370985271
0.0522277363670432,0.842380490557612
0.148716367035312,0.837721443001776
0.0143005469884265,0.829185239662291
0.0747988207418114,0.832466735852547
-0.0390393060210357,0.850645613111531
0.00234836988039351,0.822217032468619
-0.0565931088637156,0.837014232856132
-0.12400988308634,0.831354119759897
-0.0751518025611767,0.827611888943936
-0.176864470796147,0.824838893184772
-0.19960206043674,0.79918672318202
-0.2441116866598,0.82420643372858
-0.276786881283247,0.824099273399306
-0.303644969841713,0.795475563051018
-0.340743771083299,0.77555947101302
-0.394744518266638,0.786319596119964
-0.43828577955086,0.766872888241514
-0.416126892314536,0.760217723025552
-0.497173285517279,0.761924378483479
-0.475519961393118,0.723832234451373
-0.533840975197552,0.713903705893952
-0.590711753320088,0.646758055773106
-0.594989299489488,0.626307603987489
-0.666648000859622,0.619797356094342
-0.637580215156409,0.57515315957957
-0.707152681508512,0.530366210266714
-0.714260462044773,0.559742077575078
-0.789621917900267,0.410125389577834
-0.833198931397067,0.29625898165652
-0.915005684607352,0.173413769203731
-0.840586036168006,0.179822040479487
-0.932444992194412,0.116851114168651
-0.918362562665734,0.0860446126567211
-0.919699169635009,0.0112281014550919
-0.920868299578307,-0.0637141762382198
-0.938874977278334,-0.127159629444455
-0.89564771011117,-0.169740593140022
-0.827869872223578,-0.304429908486622
-0.862993593359702,-0.380613043561232
-0.797719490380744,-0.415729756914539
-0.719417054687842,-0.432615921768098
-0.707545962300135,-0.481945794773592
-0.683274834173281,-0.529625164688077
-0.612324040383741,-0.435287838162313
-0.615944947953744,-0.442899379328252
-0.48891567919921,-0.658972468483329
-0.563953132204903,-0.481451854065203
-0.437138570094827,-0.680084912162977
-0.570424778620188,-0.548161841370979
-0.490471936802777,-0.54885045022685
-0.500545328987706,-0.633838099693
-0.46800321915068,-0.663884245456007
-0.446890460815915,-0.655118496565235
-0.508176880131645,-0.784836100340477
-0.344914936031378,-0.70223428397509
-0.447503087058233,-0.733618749857669
-0.382222000943855,-0.704846831512383
-0.435389127604071,-0.743808439994778
-0.415847382859214,-0.75389547750706
-0.343858479610815,-0.825965070010145
-0.41175801943326,-0.756947369464698
-0.428367307501556,-0.745329979952812
-0.444722568686211,-0.818543307260687
-0.471423841558821,-0.806296759912446
-0.401442411474468,-0.798590521613571
-0.465063639274602,-0.814264129108761
-0.477941472178502,-0.805858906016932
-0.514550082049563,-0.790663170528483
-0.428503224348915,-0.772838211595076
-0.565671772605629,-0.759090552267096
-0.45247663214543,-0.761649700007297
-0.48812783773238,-0.861255614657046
-0.504825622236107,-0.792261718370887
-0.395954560297723,-0.790512551224371
-0.482542692473779,-0.847543588927788
-0.331402860921874,-0.822084557851553
-0.446272030914423,-0.883153256302192
-0.451297085898109,-0.819849993755075
-0.447854899958926,-0.884915203559106
-0.359153128568455,-0.811086713767336
-0.388475929220402,-0.797314379380036
-0.468860351710346,-0.87573859929869
-0.504413451373125,-0.856994821605676
-0.389758852335955,-0.794170826803547
-0.454190374491754,-0.879289415876454
-0.487811705191046,-0.864638945165531
-0.394543788336214,-0.79587908754888
-0.39238877968584,-0.901630229883086
-0.441759508057611,-0.882971138115253
-0.402596028410232,-0.785572938981478
-0.403027697873916,-0.892269931329063
-0.468207147821634,-0.872068446476384
-0.299665689258163,-0.829150188322033
-0.289648294673114,-0.944827285519158
-0.348310782922131,-0.912390220900878
-0.29085256080351,-0.824569780459886
-0.288171371250793,-0.81063901509521
-0.300917449845972,-0.934089842287894
-0.332121244549993,-0.913142317017906
-0.0626752996870551,-0.841750944599336
-0.262419325813691,-0.954009371205653
-0.221675638234764,-0.959034731196646
-0.322853750372904,-0.857147561294527
-0.226129353017233,-0.946784306151712
-0.25342029130696,-0.840704037111294
-0.214313208580838,-0.936162439275561
-0.303288919535547,-0.904960500687648
-0.37217617409897,-0.879866106169964
-0.35443765835717,-0.909297506302978
-0.455442004709032,-0.862531151134291
-0.343358024565612,-0.839101979725212
-0.371543752745111,-0.905409614357469
-0.399356713180817,-0.795896873557559
-0.418230093701454,-0.799320592415688
-0.328285878040895,-0.894033943247619
-0.398973064225279,-0.791436072903697
-0.369233448865768,-0.814981514072492
-0.543118206423129,-0.789567954451191
-0.36956164561407,-0.738350958697751
-0.530590464231147,-0.697525279102051
-0.594780844622943,-0.654663862054679
-0.582123998474065,-0.677118705940495
-0.756677237669046,-0.535505253982617
-0.570003931989266,-0.55884380129889
-0.595820457399518,-0.52000818032166
-0.76701238300631,-0.461664210129778
-0.82383181494039,-0.305701352267407
-0.705452693867613,-0.293499868341509
-0.84656731303639,-0.230593118257591
-0.904093802051263,-0.141205799847252
-0.894156938048093,0.0456382389886234
-0.910471194179191,0.106688077528436
-0.920144787668816,0.0227723296277964
-0.871283668112205,0.174165039896316
-0.908738015146469,0.146633202248535
-0.895306396636638,0.059774782583899
-0.911551548455574,0.108861592470793
-0.910229384325035,0.13870845022148
-0.859137952982664,0.0958419825475807
-0.925114694106032,0.0937956408227794
-0.924841841503356,0.0938717998496667
-0.854821022019939,0.101613313901161
-0.916034957394972,0.0962162241568507
-0.897634341749331,0.0977022368931952
-0.826739846590196,0.060045866824544
-0.894331801701637,0.0991260483235221
-0.884272449090314,-0.113837227970294
-0.906186183278066,0.0102247066375805
-0.825778089370715,-0.0557241670829067
-0.879709718360335,-0.168908583293584
-0.71308521225521,-0.125480720301503
-0.831960421263373,-0.0491644168354688
-0.813633011863675,-0.0346619794831365
-0.807253275598943,-0.00478052964068569
-0.755020125721758,0.0481131626229254
-0.798173252903143,-0.107108850514135
-0.825130272913715,0.00578905743480385
-0.719827583992114,-0.0704371742248962
-0.756885826262419,-0.147215222703933
-0.460211346264054,-0.171299473273825
-0.438810588224883,-0.0905888402992224
-0.612174837913199,0.101988777953482
-0.506963938240917,-0.0267600585447669
-0.435535366812346,-0.00754091492857744
-0.551707739362478,-0.0940280319693787
-0.484231648030566,0.0914795539645043
-0.299275272467877,-0.21394593693351
-0.663721464187708,-0.0373863912626752
-0.563605699836345,0.268664912774031
-0.578118660485881,-0.0577540412636866
-0.457044773078479,0.0572157108651254
-0.564216075026141,0.143771279113094
-0.685563101249563,0.252848968916239
-0.414063654202294,0.257459117667077
-0.426350389329022,0.467006170738109
-0.372160970051513,0.196170559248998
-0.345057587309238,0.118010612841523
-0.487475968385216,0.369624838187458
-0.423934999824568,0.452456763339565
-0.283382019449787,0.214203977565399
-0.665227712740141,0.399221620085889
-0.610390192257867,0.242404434166322
-0.722563673791339,0.176376401447189
-0.486925874087536,0.388400663134819
-0.678612745388632,0.24120226591666
-0.633461164348872,0.228342234526118
-0.651824355567824,0.250532213533906
-0.570453884837738,0.150404879399368
-0.492271625115865,0.210822696523675
-0.672041258520498,0.135446598364439
-0.597962744242901,-0.0935920979498906
-0.429442115494823,-0.106716954601028
-0.434225715260246,-0.131315906245119
-0.487965736786543,0.106525899910607
-0.343443361963303,-0.0244077682344544
-0.447377828254967,0.117723299182219
-0.335770677473718,0.00677150614530984
-0.377090277845557,0.0767490405427435
-0.238292780512322,-0.201486394330396
-0.252555979453075,-0.181535188870961
-0.0955058859126128,-0.212732294984342
-0.09691486043743,-0.165716952052808
0.00991595047718996,-0.313077203200781
-0.111324122730766,-0.145725168538455
-0.068642209055405,-0.485120175391797
0.145725168538455,-0.0925436880286867
0.0843005633135851,-0.424401325931547
0.290714545829297,-0.0941647313783206
0.142054743195244,-0.400508449663206
0.204197408670634,-0.172692556945753
0.211843661592659,-0.189540699270029
0.0688879166150052,-0.373314463684022
0.217767683406173,-0.461640080718537
0.326460552198913,-0.415342699697896
0.373955935221004,-0.469038087336372
0.290402698283703,-0.448266770505679
0.423660784446404,-0.431174015681621
0.37191342750496,-0.483716826379949
0.179686180700974,-0.47851875165811
0.49933181197259,-0.590504268629029
0.424248655043217,-0.464481597844843
0.535799226214034,-0.369120740376271
0.52279056815744,-0.506330434442233
0.584995524959733,-0.572163192968124
0.663243524437158,-0.341457927947737
0.594166760319693,-0.343762327250835
0.549785905478078,-0.410069140214686
0.569290752349533,-0.122369684939687
0.820241260183505,-0.353157006288056
0.696784414279395,-0.376968441819945
0.692417585350921,-0.23159907467303
0.763808235429493,-0.0991403023761909
0.865634677993512,-0.142214953130131
0.693521907442148,-0.146702534536514
0.994310949404014,0.0796676036935461
0.962064469165393,0.0933785058718462
0.884200696270662,0.075272359337201
0.853176147457725,0.139545084203145
0.91189722647464,0.249916550567097
0.849751233070296,0.169776852454662
0.859098528713429,0.246534792379779
0.940316718613234,0.183971974708067
0.826805651045542,0.192091059088303
0.912753916015297,0.225135255455715
0.764591528587297,-0.0755407098415635
0.844861539934233,0.22082748615694
0.925732041951824,0.222091389152758
0.836861208075265,0.12137909108418
0.854693417873927,0.221102761413604
0.936855584649339,0.0805844657612995
0.873897711487737,-0.0179114668072407
0.869413521633039,0.108022883986414
0.955858653546737,0.133452737953761
0.869171065419401,0.0165852299340663
0.93999775162644,0.156987875064218
0.863114083674687,0.067522152340487
0.993682308050656,-0.0173138504070136
0.950796733324803,0.026704092305373
0.949770903900898,-0.0782391104164857
0.832995025141194,-0.0714926153630015
0.927669475557474,-0.157803474342861
0.819859416827039,0
0.629269506501082,-0.126778396396491
0.643126256636882,-0.221421402063532
0.725053905348053,-0.310088983287285
0.737855704075967,-0.499735632469855
0.553256840146912,-0.418693668191388
0.519018684482929,-0.446495171923456
0.33131154205455,-0.535835895597281
0.342329145130825,-0.728470607010251
0.229333760159657,-0.722365900636588
0.32980582191043,-0.871070733624692
0.155546780277849,-0.822946699537432
0.170166635310965,-0.850767723183472
0.226975351706421,-0.690824115271187
-0.261276325179765,-0.702502343958799
-0.234516266634998,-0.646155602387383
-0.228493642700973,-0.645613672912823
-0.24971151165617,-0.510445907361376
-0.482409089673961,-0.472513063881256
-0.536511933367222,-0.406391651791398
-0.712700408029602,-0.436811332394206
-0.79394424639697,-0.0807194842272963
-0.728381559469634,-0.160269390198609
-0.829798962643175,-0.0119605504631932
-0.795722451231052,0.0470239371317685
-0.842210818920263,-0.0417667365967341
-0.916976512080797,0.15170743946207
-0.808718446415853,0.220292127945566
-0.676930133075302,0.29705810538014
-0.804721708490211,0.376827397517256
-0.6234329140935,0.291773723036181
-0.766560741812641,0.348174674935366
-0.631259133800251,0.287009685477783
-0.73127785673338,0.286403788138307
-0.80427169143681,0.298280833275484
-0.832825720320383,0.178925598732148
-0.613483514067077,0.0119529667546422
-0.877732316807094,-0.041751464635336
-0.723710843841248,0.0651612502015
-0.915772995365187,-0.128864191586251
-0.798776746934724,-0.177913694785031
-0.937155716346472,-0.199108100616223
-0.909182786606197,-0.253732066830257
-0.700004017765311,-0.338706269565148
-0.777556572229765,-0.482598971118334
-0.781591871817631,-0.528842236992817
-0.649431749922575,-0.63430156497727
-0.384010264361226,-0.838067205865435
-0.471675444145281,-0.745028693235219
-0.424842067254013,-0.786890004127379
-0.265817636809691,-0.865055009062418
-0.292734265581355,-0.821596979911217
-0.375927332026181,-0.747801895392247
-0.351946565556203,-0.344572467370389
-0.255002477069464,-0.315775090401916
-0.449277741996945,-0.629078462292338
-0.56995183247334,-0.308800142243002
-0.587526949864096,-0.420349461948981
-0.608168571147204,-0.372499557761167
-0.390687958192688,-0.454605868782335
-0.374981203254114,-0.641355821983522
-0.497992533315304,-0.394592816767933
-0.495884570006613,-0.338749729742936
-0.65191310288353,-0.208435646738061
-0.591017472555947,-0.312132034355964
-0.394142411735023,0.0346479464337619
-0.191660390350144,0.216934064995702
-0.614160170919325,0.265407142476473
-0.553197530057639,0.611721723711012
-0.585636596587466,0.71925664097177
-0.591680061905901,0.733406721454938
-0.497740784625623,0.785615184311542
-0.547077321772006,0.821487807083888
-0.492022642504546,0.836985925861086
-0.450679544884455,0.859398620338076
-0.410756519769461,0.774099291508634
-0.524268284969139,0.81921254140841
-0.566631413512589,0.753764984298397
-0.603090726458454,0.775002159534495
-0.605759137786516,0.736479538252507
-0.625035111726411,0.722029362791735
-0.633761689243594,0.715391136894023
-0.675201140565352,0.687052273121052
-0.717607076565132,0.645848392744382
-0.705495038878017,0.561844474856526
-0.713552706657471,0.590588971179886
-0.624376545695242,0.630974828156367
-0.726911830378365,0.527408606259639
-0.717505741811998,0.530701210563507
-0.667923776945607,0.460230275194885
-0.760723210604869,0.480392432151892
-0.706995574127839,0.424005059380769
-0.68672942336592,0.451349076517458
-0.773036738103562,0.410281286377839
-0.719463877954727,0.387748415552564
-0.653074992405628,0.417238077490372
-0.727733595843817,0.420178736928029
-0.72454458759751,0.421900091113658
-0.722958799973009,0.418653557467631
-0.632235525454423,0.478376034042872
-0.763173341833648,0.570689394054663
-0.562579000776082,0.479587559004929
-0.62828784520763,0.4587710931533
-0.655565539324692,0.45829767740693
-0.62373541385058,0.385688050519728
-0.477672040439288,0.40046511584249
-0.386161241238343,0.397261241013586
-0.538824354033066,0.51930263379699
-0.555648803308145,0.394500677603446
-0.512980007581307,0.485800059839329
-0.770115570221959,0.433630281052597
-0.732938542680869,0.473096582538712
-0.61781929475464,0.499027940815709
-0.675357605483372,0.487865540216195
-0.492830257949389,0.680988675034677
-0.508273279712733,0.766655888804263
-0.331152648478689,0.895078940610047
-0.180770221032847,0.811951062981433
-0.111247852571859,0.829203183135656
-0.0634805263305187,0.897162461716834
-0.0868966098567161,0.898146260188421
-0.120905816369658,0.897852202057444
0.0499457811613402,0.745419228650718
-0.110287502665689,0.891148647702016
-0.0709067601315884,0.810295596588539
-0.198255212968213,0.861240144912492
-0.0442621026910183,0.86579663981773
-0.155327495463155,0.86856644404154
-0.174249844915268,0.86293487933105
-0.0690430138062823,0.817494133508589
-0.253983208124695,0.872024530508657
0.0235281457886319,0.88092300793811
-0.0909041661973047,0.763708285772187
-0.0703458597408684,0.877110841393458
0.0113371437975881,0.80200840565236
-0.0567315092849081,0.771267682430141
0.00341506870849078,0.80503044556834
-0.0792694564752065,0.88296014160006
-0.109619054411808,0.791193931122335
-0.144808253629038,0.79168640465306
-0.200111042715005,0.872935885387642
-0.137085597228545,0.803822072957687
-0.163595657309162,0.884285549354377
-0.168664297872406,0.775308614112341
-0.239543981806132,0.884314263079061
-0.0659356266812278,0.989788526794841
0.00746512491528716,0.81429466499011
-0.0815559290085228,0.954022358329326
0.0522473523787661,0.871790944180995
0.0254262460468541,0.931446253929066
0.151472033234694,0.784451282820822
0.0729575062478072,0.947680256820597
0.262699742150472,0.790765131781955
0.0742457891395247,0.87250231816192
0.246047654653321,0.873480860928562
0.018257542320182,0.880799645423072
0.178749920693418,0.869182639483253
0.176007622586987,0.867516405673737
0.246961337905078,0.792879519770719
0.146439994711552,0.869183058700982
0.145482668805292,0.871512283786453
0.0573619437543978,0.755374943817769
0.0731407900082411,0.988713193537019
0.0942945806689549,0.760225867107085
0.142345728920957,0.851347530331263
0.186942877680289,0.835546670916958
0.210736882311086,0.83228195005482
0.120689581797605,0.67893604402346
0.159700033242106,0.89603682789387
0.376285821818338,0.668155195207598
0.253225745417048,0.940038507064332
0.155190509654943,0.761437413845602
0.330018703269247,0.758041536485449
0.356270896504069,0.748041974576826
0.360197270851713,0.705260293271414
0.401132864944438,0.690117231442331
0.360077228277906,0.713060860026234
0.384115315288476,0.700869137484813
0.396739132252131,0.893775580716751
0.396670200311317,0.491247408725052
0.599968493114632,0.687327470618382
0.299782539720301,0.618852432143205
0.699122065811649,0.621536355979703
0.329196037676805,0.599225207017635
0.436486968394094,0.693722304882134
0.717169037644469,0.409520315454188
0.601402021242001,0.51743947389262
0.649271752851309,0.464888387563205
0.632347523777212,0.48987801902177
0.651756853033252,0.659769547054476
0.641799858479453,0.362986578279829
0.68493153838198,0.495475137103186
0.65667900202817,0.666003892874448
0.608616135164243,0.31378150998614
0.618911996260593,0.704150705042871
0.585631998058811,0.340004621667669
0.630318252246159,0.688313721736618
0.595190236251831,0.532720731496389
0.740437830600534,0.386360365748194
0.467932126646177,0.650940652686071
0.555264113107044,0.570528416226851
0.64604895176891,0.509324407035971
0.664112260185369,0.490562817459926
0.698022301672868,0.438145646335113
0.730742867063567,0.480582154102883
0.730099952377336,0.495538720475789
0.852881896439877,0.35795938450623
0.716160403770245,0.386923325918567
0.736884372664123,0.379209569478168
0.618496229865213,0.374514518514553
0.671918121588488,0.347322805990282
0.758793633590584,0.28914532397702
0.734158244651021,0.385050013098295
0.694306443389003,0.255266386044784
0.795790714264453,0.487431948164809
0.671989022368526,0.398966313139611
0.65332241668533,0.481471186122289
0.546270196847013,0.581825886802777
0.449267088163874,0.706898444121839
0.359132983185767,0.687455561314745
0.1521441665752,0.690418646704984
0.253706428350863,0.673420172784677
0.117053858699874,0.655025528256738
-0.104452229387911,0.777521829021051
0.0189671847467051,0.603477112827144
-0.121399955767929,0.46861817251647
-0.20034445578087,0.739214753384941
-0.0722491281122502,0.444325050117863
0.00735127069581896,0.709330122718538
-0.0680712605100694,0.654668019984221
0.147689273189192,0.456520552330313
0.0607188494602497,0.550134710955649
0.103626871220312,0.498176116759916
0.046124629266252,0.391066600492092
0.242640028975885,0.509727410129699
0.238934323693016,0.46965773809274
0.117535747164859,0.590541923926034
0.375122475212546,0.468739043282487
0.316666666666667,0.501184463531091
0.442190382645408,0.414027996029041
0.319563105898962,0.420227779235347
0.294750116295564,0.25945316601557
0.512927249901642,0.194738334613173
0.57619248234828,0.175419121901829
0.599307833018603,0.176670572667048
0.565608811150531,0.00537678749834032
0.495688045901565,-0.125877636587692
0.900728774702683,-0.110573748181762
0.786086340470448,-0.189526753401338
0.927341507089094,-0.276925799547388
0.713182659289356,-0.365596484922481
0.886149054759177,-0.399272549551243
0.782534923666147,-0.455414371433252
0.780827817454098,-0.454002938426703
0.785650566747468,-0.451667738207909
0.781754299731688,-0.456543688022276
0.797603386858939,-0.418241277177472
0.859063846319594,-0.48469887967451
0.854255218618254,-0.495232094813239
0.787961283819476,-0.433706497004157
0.797713823384743,-0.326268459028903
0.79603089963559,-0.508465987525594
0.801193076891386,-0.413414670839262
0.784525246773665,-0.435626249401286
0.911157997845728,-0.396962364960193
0.89806083877762,-0.427139476015566
0.811393970952404,-0.378877449978706
0.80192578904417,-0.31097568425841
0.72188411229384,-0.421174401541952
0.863030234100593,-0.46518052143168
0.744258787023654,-0.359462763100112
0.863214130366255,-0.474104960605441
0.723151499106576,-0.444285616782585
0.83845448041184,-0.366081740485632
0.783206122841945,-0.476604826209349
0.825181026282498,-0.393792202200168
0.828908540228076,-0.287272245896777
0.825502174519796,-0.362520368231847
0.83706826936287,-0.355653611050603
0.836840911782761,-0.354958128010226
0.875268797403138,-0.415791233244107
0.707987526644478,-0.424444718921063
0.845249052522638,-0.389735802473498
0.648247916730776,-0.488808419425171
0.646235498101564,-0.598556980710454
0.6331749890667,-0.686182753318651
0.528373696667218,-0.638915567902427
0.379267696682994,-0.839912993718641
0.237324753738178,-0.814581944178616
0.224179698048049,-0.847149961653468
0.155601952278865,-0.870571624582221
-0.00709899178647419,-0.893210175466209
-0.165722016528748,-0.742405849613212
-0.322299657565925,-0.833257711208502
-0.473606291666262,-0.763360293560558
-0.644464327237365,-0.700988232861763
-0.614098000184346,-0.578196401333069
-0.619848757185867,-0.666651037161586
-0.821629622279927,-0.536119268016933
-0.74326855865143,-0.445663995133939
-0.806323192192661,-0.43304116458825
-0.822683074764735,-0.484909130089749
-0.743013909038839,-0.35521001834627
-0.903865483931037,-0.266767260144474
-0.823304659725364,-0.329737037305281
-0.830751152710167,-0.29498505796111
-0.834154878845917,-0.3004701331783
-0.828702611953247,-0.277700020278173
-0.732405933569374,-0.384768092912413
-0.903610560371795,-0.216047093629612
-0.816269823809823,-0.30228714618497
-0.803947239790359,-0.286945960094937
-0.699677413453922,-0.400943640014195
-0.782417850315317,-0.341192562835471
-0.839335885662848,-0.211953456847128
-0.770386192280678,-0.50894448224094
-0.619475058717546,-0.379919850499817
-0.85252135198748,-0.260658642188893
-0.606336981105351,-0.516035040926858
-0.737921528127392,-0.354189901526628
-0.864866415793581,-0.204190384576376
-0.630978641262711,-0.448685464436469
-0.860021207331566,-0.185609627029285
-0.61790233698328,-0.445653499745143
-0.727042385202105,-0.177450141631813
-0.871031791936814,-0.410128582530021
-0.586591956543532,-0.550863810087025
-0.689068745568543,-0.454912978164128
-0.687865991339417,-0.467061939097018
-0.778939734532224,-0.386145974209019
-0.672287905080927,-0.48649766071044
-0.539537177107035,-0.626492246605786
-0.790211007737137,-0.365069556599481
-0.581226688016677,-0.660668393270776
-0.649797475023852,-0.354389830003158
-0.616172898049229,-0.724175045818965
-0.600817006724885,-0.395346931153387
-0.642715099940023,-0.360057052671522
-0.717110062261591,-0.672801543150818
-0.734064643909899,-0.59943992243094
-0.733991112893213,-0.570098446483591
-0.721034824286489,-0.664573784173624
-0.691167960776379,-0.683421503405599
-0.674297598515117,-0.705434403978122
-0.633977165521914,-0.733305763328501
-0.646266351543906,-0.737212472160062
-0.621274574398287,-0.761172646373059
-0.489994867764641,-0.804001699831547
-0.5487157297461,-0.810904450525781
-0.579941024818143,-0.792411337970156
-0.554471980159492,-0.815319657957116
-0.470319485545629,-0.845030468198554
-0.473421433039069,-0.863844607921729
-0.419429906989825,-0.889671745380252
-0.436381105829038,-0.888737074813586
-0.367081479566828,-0.916582145820239
-0.259358541184457,-0.952539208302947
-0.307521456736815,-0.936661614244994
-0.253694009078782,-0.94085602825424
-0.162852230158259,-0.969217408859685
-0.130225032782125,-0.976677879978285
0.0347534953301577,-0.991087779357066
0.122581307911489,-0.973733798814552
0.173680516793156,-0.971247973729054
0.274077593120265,-0.946938107824628
0.358694010279018,-0.912394974432277
0.393428606254964,-0.896629760523706
0.444627674634143,-0.88567072872191
0.493320143656519,-0.861672495395504
0.507437253148384,-0.852237290864545
0.528990428141226,-0.844539547654669
0.541736152923849,-0.832141579465977
0.545610112392479,-0.830721277178582
0.568806229369518,-0.815882374833991
0.582170925403794,-0.805437685288746
0.606504082574642,-0.789286239072981
0.612315824873821,-0.783979213449545
0.597090038455951,-0.79545077282197
0.605854595950094,-0.784816905619551
0.652944596784042,-0.709539803288708
0.606276113355291,-0.78893519880975
0.620669947068759,-0.77760575531654
0.609740157189359,-0.78045648355382
0.616574749248329,-0.774549171594072
0.607475168038899,-0.773744499755775
0.58418939297014,-0.806468009931943
0.570705096945859,-0.816571694226365
0.559263957278321,-0.826210632185724
0.523407368338194,-0.848847039617454
0.531715155243936,-0.843266386216022
0.48514243583586,-0.868290625346982
0.492153060304772,-0.861994126769943
0.441873597503936,-0.892592931830999
0.462335960869516,-0.875128441282291
0.470433393854699,-0.87791458677127
0.485247993755969,-0.869827604853091
0.458282174046418,-0.887261767826294
0.452282778591777,-0.880966113766098
0.326622154982043,-0.94135252328899
0.435422392736285,-0.898356675423334
0.396334840097478,-0.910591335927798
0.204181645892128,-0.927086432804051
0.314803283171291,-0.932191996086349
0.228983889613303,-0.956957004490312
0.292863908077096,-0.938658867685228
0.22119999164795,-0.962861378932858
0.220933644377281,-0.964435166156673
0.260314373339119,-0.94818763676346
0.322056637839647,-0.904195295794551
0.257990395953644,-0.908732574023228
0.371807741640142,-0.896898571851846
0.31695905980611,-0.911276010615253
0.448083554746489,-0.872239203095645
0.479614840667493,-0.866359476840447
0.492348925139244,-0.848821788505118
0.491982670381251,-0.854641432442869
0.498970128637406,-0.837465104995276
0.573280710491813,-0.792880079555479
0.651696827649872,-0.733078810497411
0.723802995722156,-0.676067985910895
0.65487346345527,-0.726188421687337
0.622473080928655,-0.738773376296501
0.599050946343545,-0.717597648804672
0.511842399847767,-0.595835168642382
0.582651333315947,-0.773670968378954
0.708808854890392,-0.691093027961438
0.489800243118285,-0.717857436964253
0.404404853604171,-0.519545987897193
0.414513678836201,-0.399798219269266
0.426039089601513,-0.487937535660531
0.344481793609121,-0.344481793609121
0.284933934939218,-0.358873442179278
0.438130528742926,-0.434463858395497
0.438130528742926,0.020813378868152
0.0924500327042049,-0.440990417622036
0.357810149150205,-0.507281046506929
0.236803398874989,-0.357678394734132
0.367626750374779,0.260182309611097
0.431789996478041,0.46823988991401
0.499049106028422,0.479495689654019
0.402231010925232,0.367602053978487
0.611187569452759,0.307907495360072
0.571025817656091,0.496515711483913
0.468371366318192,0.487571688816909
0.457267405204126,0.549736031544821
0.404953322857016,0.83077230417792
0.586167304239629,0.575469024909072
0.577249700251132,0.653147730964769
0.478179996807356,0.72765651887918
0.522891630646906,0.795910430574387
0.612684018661994,0.683437177513114
0.665717173913679,0.55238029854779
0.652172317699676,0.693002080174689
0.743543659174171,0.653482204549073
0.523842171486729,0.676331857500954
0.653599733281328,0.559153685839074
0.606581476226571,0.734671043889529
0.577175868090167,0.768535955650268
0.614118320836735,0.771404947977092
0.531389809487083,0.777919523602462
0.559333442229261,0.713789680348036
0.457611410150275,0.742354970525182
0.500983860116308,0.720668703766811
0.650144853015402,0.736257007650009
0.648555845136761,0.745598752101685
0.561521865033448,0.717119031900959
0.506217540317193,0.689646632487051
0.457874590822518,0.727682029736736
0.583849760713225,0.792195546572292
0.586526951401569,0.788205011073229
0.522628955727423,0.745699597603241
0.620362807727871,0.765517155938489
0.553027991827859,0.803402129638113
0.588782779707841,0.682020797432458
0.689496049219819,0.628889298820219
0.619343735729428,0.597416343132256
0.679992183202952,0.564395064472845
0.715945313814213,0.519275583258422
0.788078468618537,0.449057560163081
0.783310065786746,0.437561879578599
0.846176373147977,0.362032654124044
0.888968780300651,0.251628053934667
0.891772607860222,0.194893324712149
0.913009232665254,0.0957096409205927
0.831245545951626,0.0994953644097417
0.983216573566576,-0.001012652714485
0.915862325230073,-0.0443674191691881
0.884273739698037,-0.155953667320217
0.822521483213988,-0.270175065283653
0.78458648674077,-0.333905972111803
0.782410130709812,-0.358516546892565
0.698556448544965,-0.432757967140314
0.685180011336742,-0.536842514850243
0.647681098018972,-0.624695301739604
0.586378242027581,-0.683858524363534
0.644191999079568,-0.697150848607204
0.455426598163135,-0.693098980338777
0.489322591070247,-0.854144243457212
0.345768825274937,-0.805066635651028
0.456473921601829,-0.828277972254273
0.344332487454128,-0.851241219588946
0.236293299204029,-0.888000868718155
0.219368087292761,-0.891668970960032
0.0940638564954741,-0.892686001611612
0.0424842473267603,-0.890344808479224
-0.143855032404378,-0.89949833943725
-0.0715733367700619,-0.877514279788019
-0.237575489349716,-0.843344972571548
-0.394208145885367,-0.804830549819129
-0.478222934466774,-0.754084319015634
-0.618380148394987,-0.708797894694321
-0.599231489733146,-0.59762017604605
-0.768834564672278,-0.50030842973858
-0.684939309636094,-0.571387373956569
-0.766295277559611,-0.485718248187469
-0.857908309917422,-0.472796875551899
-0.698162208825015,-0.289836799970244
-0.711721284289118,-0.347832901503232
-0.689116716288371,-0.14633593434042
-0.860879314576805,-0.112208294964629
-0.949525760271044,0.0220171792819561
-0.863729545340477,-0.120975341287319
-0.736423033473597,0.0883236608927457
-0.862523210974005,0.0111201597327382
-0.989795691957924,0.0975580760190502
-0.708793932378935,0.0605019810801727
-0.852701038423529,0.0482828876002308
-0.848432155259775,0.0603300610299145
-0.840830837162345,0.124651689856762
-0.835607580352434,0.229669185994647
-0.815079847474336,0.280192097091148
-0.828378801632206,0.251907449439601
-0.7822610147723,0.353278409957809
-0.782292793103713,0.340199423348162
-0.789350891810455,0.335409765494924
-0.913696139634024,0.305773228871184
-0.79146783137691,0.385464340092918
-0.696985699757716,0.0826088883800334
-0.887331379253652,0.213133103725377
-0.78895506665307,-0.00766047686359705
-0.588832666930854,-0.14636535785653
-0.753985707948802,-0.108992551198767
-0.901665085500237,-0.0963338959090441
-0.674997514326078,-0.203894352407221
-0.399706760578993,-0.379589205588606
-0.390131909938235,-0.423516941244909
-0.501447549463257,-0.405680404146359
-0.450553581855616,-0.770636204213976
-0.405005152152257,-0.757599490351996
-0.264417728839391,-0.759731126645992
-0.222408814713364,-0.895280476251758
-0.246640971115209,-0.768452008699863
-0.204487543205994,-0.861666395322376
-0.249536127755745,-0.797302767469419
-0.281238554760099,-0.84384094281978
-0.306206058000783,-0.831509918666253
-0.229481624932844,-0.868706359284814
-0.201460909126804,-0.846532999597767
-0.082378431511548,-0.847372829373752
-0.0785318753835028,-0.803010534493868
-0.0769670249548775,-0.606763201325986
-0.0686547466813358,-0.96452102142572
0.0128600313905421,-0.725837182190638
0.114834339013338,-0.662593257938239
0.276618876730018,-0.554626763378167
-0.138142852410448,-0.631021852496315
-0.0854633630255584,-0.871185894700932
-0.0268418352071074,-0.518098492321941
-0.164902910955215,-0.514504853169495
0.264818349429732,-0.147898985650841
0.109063051645257,-0.465332007346218
0.795953781761685,-0.0710815984681539
0.501574753455956,-0.204874756768642
0.68035317812048,-0.13872457461322
0.767468014706881,-0.134052142139259
0.556905332042081,0.0140854737206438
0.633095086262534,-0.0817862150121857
0.809036952171524,-0.0222836794371496
0.930682014495735,0.0182908493906947
0.931938466424322,0.121408552403535
0.941975108315727,0.167391917607718
0.928792357596743,0.172003390591576
0.983478556645836,0.0664993328107509
0.977872158381319,0.166040324281348
0.730136557031031,0.143625654449167
0.77159763280535,0.195753250845349
0.971743534833503,0.0637043963335882
0.957608062200686,0.0736725370341493
0.951784180967345,0.279102128156994
0.949059034732851,0.301751493367501
0.961829754557114,0.2729881310166
0.964308189776979,0.260556852939425
0.332125951972848,0.163881758278902
0.972224148263354,0.221531343736668
0.681546352998486,0.0288527667949966
0.989145899496489,0.0846164579561525
0.994447324792203,0.0135116229948941
0.9924840753718,0.0733140719251083
0.996116135138184,0.0392232270276368
0.998776746934724,-0.0220863052149693
0.985248557352711,-0.0242240766579773
0.98279913806798,0.0524284916010226
0.97709618603525,0.0609666484209973
0.971684153662625,-0.0349973835409814
0.76610543970775,0.189917168976486
0.987312369339821,0.108427625247271
0.867083340399651,0.0869861631789324
0.765682621205874,0.241386155796688
0.85014703580128,0.0133109663231357
0.854554474167869,0.166657211155478
0.856471349011442,0.128010129911136
0.971385552245217,0.175805737204979
0.968845538333016,0.242891598185149
0.926128619726583,0.125367051822932
0.968237244750945,0.208117118696424
0.95029262900239,0.304733049631958
0.944211889258705,0.306918010154449
0.964908872730033,0.253855195491783
0.941568403720565,0.314801469368526
0.965738478338191,0.235250873587736
0.941325291228232,0.320008047628218
0.936191240840115,0.315940778318209
0.935818744980873,0.347153361415761
0.937525640055824,0.345120819916425
0.916632199853139,0.394669269518786
0.925783975634614,0.365498831880484
0.900177549851076,0.405524801079757
0.902847261145849,0.405164980792335
0.87858461798922,0.45707328249796
0.850718674260688,0.506439148576322
0.829499068613863,0.549186876477429
0.775362422347215,0.621170298041978
0.735098133817459,0.666170659551055
0.685677274705488,0.716684469094302
0.673627615623132,0.73137347503692
0.669465026409807,0.72825480711056
0.658557981517946,0.737609262215256
0.658337935111785,0.743844056633088
0.66283968671233,0.735934959891699
0.636914456423754,0.765310224091953
0.662070179594195,0.745720390478417
0.647819338542595,0.758174321427061
0.731428057408383,0.586986749953853
0.617280310122883,0.550154205075978
0.627186653055539,0.506701929381793
0.733244667357171,0.638114430225864
0.729505427038062,0.599261281033922
0.536608515699704,0.777818736469952
0.587678569326324,0.672794023294694
0.433804624252354,0.774713351236491
0.398318586024283,0.796878679496018
0.415853854068656,0.799654018639512
0.292107616482679,0.776100814263358
0.244896984752145,0.816382898263939
0.231761463111477,0.651696420494535
0.207443615545778,0.832630403373604
0.0166475862413858,0.883366460464174
0.104145636450377,0.817888502956165
0.17541440032923,0.750415141711109
-0.0275552366630737,0.885816229453716
0.0777813858740464,0.724711559306349
0.0993031525895663,0.714476355552719
0.00933051239631622,0.729142635881296
0.0907402195993387,0.87355836295867
0.0732526756614851,0.830905918939461
0.0176024516779516,0.873383762374575
-0.0337952136768325,0.864713373026424
0.0401942471025648,0.917815612865909
-0.0246958572708756,0.948700581371387
-0.0249424901730418,0.870615953162175
0.0461859129276755,0.957431185037632
-0.00846227353209144,0.963780701251438
-0.110780413041788,0.924105161457492
-0.0885878981629612,0.953549159919135
-0.242056383802659,0.7842433253727
-0.224555478571339,0.904071337563883
-0.309656107898783,0.869314915169444
-0.288342064536559,0.890118356127424
-0.35642699738637,0.861463470188876
-0.398330159430917,0.829834025229227
-0.429783566150425,0.806157832589521
-0.443821482277551,0.811369073376663
-0.462759435429857,0.795039431482786
-0.463775575598764,0.798035805490375
-0.550109735066025,0.723292199704671
-0.528676853917286,0.720704008122712
-0.505372333607867,0.78289819852646
-0.574700348198293,0.739214972605361
-0.597462801519963,0.691995997903778
-0.686827956234656,0.605075752588009
-0.656520607567506,0.532972793645807
-0.765009388580428,0.462499255031631
-0.852226193115847,0.30735867419667
-0.868532860861525,0.356053546372325
-0.896367861628181,0.335583120758275
-0.955332604992375,0.165266361627439
-0.962054236465891,0.108242491852113
-0.939968694820021,-0.0347470950767275
-0.928229595073287,-0.173702379135549
-0.893649943187584,-0.230901045849247
-0.905829167243989,-0.307365475023031
-0.863348313952678,-0.387555890534537
-0.84349687353659,-0.4976639809937
-0.820787760837374,-0.520582408305108
-0.804429691987552,-0.553999116119766
-0.783371757130314,-0.613764450336315
-0.764924530102898,-0.634065462693166
-0.746307825922087,-0.650736581561818
-0.74605923193434,-0.652476819395128
-0.710296264852223,-0.693028089962001
-0.695764882890827,-0.710500669055982
-0.681665794462803,-0.7268663917026
-0.681352416613299,-0.718872798393737
-0.672868319180493,-0.724003466302028
-0.686405858156193,-0.717502020269218
-0.686231965630336,-0.72163221609288
-0.667498807420004,-0.737134363437723
-0.693266707946537,-0.71154606989763
-0.702718616266035,-0.696613374578078
-0.700404646895982,-0.700916876152675
-0.685638451788327,-0.710744089722502
-0.655761945753025,-0.727516488581578
-0.665958193455078,-0.727123144261857
-0.646366045728742,-0.747335504320488
-0.624112446758977,-0.773718002686188
-0.607713915162996,-0.787052821835316
-0.632068747753689,-0.7578145561509
-0.651876664408803,-0.718251443949325
-0.651095116594832,-0.739787436278671
-0.65462634636689,-0.718722426263227
-0.631565720351079,-0.740630888444052
-0.58901350510237,-0.796190643273913
-0.584797472214059,-0.796595087365477
-0.517580487710202,-0.839169158425048
-0.480789788280453,-0.853209925537382
-0.522316180276734,-0.826285804507972
-0.473781109964758,-0.865282269873835
-0.515424317829283,-0.836341591636167
-0.568832932650494,-0.801809575369827
-0.573257938453419,-0.797875406268069
-0.569979906143038,-0.787611207199183
-0.597458165999647,-0.768059298957977
-0.555130199702993,-0.779999776708708
-0.54005069200886,-0.72215364660773
-0.544769040487539,-0.69723001716879
-0.495187482163984,-0.774932740100898
-0.603073888224728,-0.666217154301525
-0.578234314463671,-0.675164259152689
-0.426674355428262,-0.70615614366022
-0.428798733255461,-0.654111681958722
-0.471222000582585,-0.742286580700829
-0.396864594121486,-0.680278184814412
-0.50848222923547,-0.519653575661624
-0.405051880620043,-0.54325268196735
-0.511518566699428,-0.646087609234645
-0.635925328434712,-0.468865536964518
-0.434238473489425,-0.487382120429326
-0.403602865824621,-0.414332704566027
-0.531546876598522,-0.52924250339618
-0.317395843267888,-0.356984070306763
-0.518301528281219,-0.454727431884589
-0.575754347863248,-0.310208777155265
-0.406158641292919,-0.172443825883793
-0.307760053812358,-0.0244029133214196
-0.368165741191893,-0.242170596727593
-0.505428381270294,-0.259809204856341
-0.475413577088362,-0.242712526202152
-0.159719141249985,0.00754091492857744
-0.228642105078091,-0.143215562741483
-0.428590497871677,-0.0807967379828553
-0.377734442452192,-0.0172253764673891
-0.445136732208323,-0.111803398874989
-0.514437496682882,0.0376161041501259
-0.4855217912804,-0.16184329099303
-0.60533726471961,0.119831098683139
-0.468209760284626,0.0744695090362441
-0.508594943201935,0.275087435862513
-0.534815270841909,0.213530900778132
-0.46976112537276,0.0853402057165375
-0.602195262592285,0.121307932561552
-0.406514304356265,0.0946278286673056
-0.401252448687325,0.0331836540107296
-0.619844477167215,-0.0940162690012027
-0.741704671538215,0.0823829477510099
-0.476946377237991,-0.109673488846413
-0.548805826642839,-0.0394847431785744
-0.717502370861905,0.101867940449971
-0.77929819468282,-0.0284618591295383
-0.715889190942007,0.00579805262851341
-0.674870289809074,0.0930732055658488
-0.692496057239823,0.190428155468008
-0.632382106017558,0.063887656499994
-0.719922837088089,0.148997139695096
-0.636272124138201,0.229050378760761
-0.845277788645524,0.23793763880708
-0.716753609266921,0.482190437311397
-0.883758110619239,0.39911124296653
-0.804823576455908,0.409866053719538
-0.862534862687194,0.43678199241449
-0.859025743720545,0.397840489761072
-0.712956500757757,0.195029728319844
-0.770093537570264,0.284458071777071
-0.744174200563929,0.273393660700467
-0.623456556417813,0.3347222928593
-0.79382083097147,0.308217123107845
-0.572021625115961,0.398576912532225
-0.326682485579254,0.340560211177821
-0.300118028126839,0.596990777153931
0.0649399967988558,0.740412029031548
-0.0468129827960693,0.837946913202729
0.0553372566434197,0.933333506147033
0.201734707196877,0.951654241357556
0.263225744686239,0.930585205877632
0.33089765112973,0.910552966793259
0.292423462099892,0.923560429114146
0.30914064459364,0.922956781774331
0.401428309620483,0.906209334060271
0.383827764064317,0.899637077724167
0.343156354197766,0.931041304734348
0.311728174873476,0.929673734114923
0.389118814452404,0.901690545294122
0.472117872762359,0.87082741823455
0.501470651847614,0.834580110019854
0.512501238068197,0.831803955162484
0.550106129673338,0.815238971228686
0.53939080981808,0.836240029383899
0.615386640646789,0.739345988169982
0.609068064051301,0.74218344649376
0.678665308318874,0.657038301150387
0.758770388234564,0.60270224248736
0.837077981729374,0.478306758978687
0.891372534042382,0.395852859762312
0.963946894183084,0.22255911916398
0.980507286357595,0.0928758559020272
0.985576189284229,0.0511652720568811
0.99135289451294,-0.0197021860905308
0.985466736384047,-0.0881530824416688
0.975694201700229,-0.164462398181151
0.975862294345696,-0.204963752503983
0.952903720777983,-0.283937478103904
0.934143713961733,-0.343172727085368
0.919611430345603,-0.384246324853909
0.904628440237565,-0.407347822370766
0.872377385518901,-0.478262329148747
0.846433872147421,-0.511695367014046
0.849751589324362,-0.519088964668597
0.855102509910008,-0.508560343246691
0.833006040399061,-0.543070079755669
0.79811571732788,-0.588580673379064
0.692378012486431,-0.659979577141335
0.557317194723636,-0.575173459040033
0.523287145465671,-0.792322915629547
0.370245466906183,-0.762659889952537
0.339223203041867,-0.857528093257958
0.265231341069376,-0.920363385877804
0.135524278532065,-0.863852294489517
0.228480705844746,-0.827411840012796
0.092008933472168,-0.783809802328159
0.0964930817138053,-0.873394486575665
-0.0971363017504115,-0.756254997217295
0.0930304133821259,-0.839408985748793
-0.0151918776193838,-0.740427664659541
-0.124338554159408,-0.606524382711244
-0.198474513797141,-0.537293113427871
-0.0719450791331867,-0.336259853225898
-0.331654824235749,-0.324679394923701
-0.430685243640941,-0.210566160546985
-0.612740228193295,-0.243866747468376
-0.760788849058402,-0.242039690908041
-0.795846074895119,-0.102497711618241
-0.882346490884177,-0.204411890223531
-0.883962228236945,-0.174186509637032
-0.942682837035388,-0.0847044408191233
-0.962005309736819,-0.045839097083134
-0.972266849853935,-0.0222427372211733
-0.974034468789973,0.0309576086451788
-0.957407079101524,0.123685951802927
-0.966300026576051,0.140627911327868
-0.972742713220944,0.173810781750848
-0.976733696868136,0.15274532246354
-0.98050537868685,0.11650446591023
-0.982200674210227,0.10737937702449
-0.985383934901014,0.0909838469532731
-0.983203259976234,0.0973908592655474
-0.9767636589188,0.0951112226352176
-0.979607418454241,0.113939483991474
-0.991182285987107,0.0815511749112713
-0.977598646347556,0.096582187660817
-0.989845139109689,0.0623188533751501
-0.988060036901681,-0.011881770346719
-0.990776370510899,-0.0915532163383267
-0.977396607315054,-0.0747200826281347
-0.96547695777227,-0.181974488877362
-0.939051190054031,-0.297079688134858
-0.892694636791233,-0.386943216475048
-0.875255796770775,-0.448673894618698
-0.858457902021847,-0.46203598815259
-0.883481191284012,-0.43806220210992
-0.831268780279637,-0.495408869507294
-0.867007234469715,-0.394250054150357
-0.874609644104967,-0.416178020103169
-0.85280321074958,-0.390863848716345
-0.835378721805376,-0.400443169149375
-0.79082171952229,-0.484854467204594
-0.840602630821623,-0.452387154195031
-0.836298012590635,-0.440022637390537
-0.811507594943713,-0.495059012274356
-0.830507064029107,-0.430736999894711
-0.736496407324261,-0.378450310802103
-0.648551822269786,-0.448934426997281
-0.67765826907445,-0.44133054552795
-0.74145513893955,-0.625102488934439
-0.661426895320873,-0.659493311500578
-0.648600073271151,-0.544964335237449
-0.633267216967221,-0.67258135624301
-0.514402120128579,-0.684762369285311
-0.256754418194505,-0.586977648379384
-0.373890805448516,-0.569553004271109
-0.342640249157631,-0.690607161910995
-0.206447996567461,-0.470975781126214
-0.206825239763673,-0.294475726652543
0.204372968930566,-0.281769746856739
0.252169695081282,-0.571459559041474
-0.0237284137085339,-0.43900004761412
-0.131622776601684,-0.573753768005035
-0.0763441361516796,-0.615469064752455
0.0485306206169625,-0.470300367473702
0.0278232685759322,-0.603165313222127
0.141162400409095,-0.354038835545447
-0.160153397218646,-0.349596116318638
-0.0154320376686505,-0.0187320409813368
-0.269290047085813,0.101584948773329
0.25,-0.125
0.338627571613967,0.0805912355655594
0.327631477561168,-0.0351364184463153
0.195912953764872,0.216323304073166
0.148415051226671,0.311995145398297
0.458414920130595,0.0653914529533776
0.714465489076303,-0.00513167019494862
0.840356789468263,-0.120874995859142
0.598606797749979,0.0131966011250105
0.438130528742926,0.300789642354061
0.617898913448519,-0.0928023557360719
0.725378137243624,-0.0203045825119681
0.578230077666511,0.217896000156622
0.610405092544205,0.0694037601378905
0.62626341721422,0.200581902218719
0.704939161025022,0.294551687297227
0.780485046267977,0.403587445572879
0.718762417544786,0.38509403621696
0.5109960931026,0.370450419317338
0.551776695296637,0.275383493046616
0.379097082840551,0.351038832533914
0.368067960698766,0.198847309983033
0.165521368183583,0.284542856017819
0.408723742107853,0.296353925971508
0.0374272822687621,0.169114738627934
0.0425220311153879,-0.0344010458076891
0.228230766682549,0.228230766682549
0.0425220311153879,-0.161967139153853
-0.0490163934847442,0.115451981482313
-0.276207010124191,-0.0445396419593821
-0.466499623249691,0.0606811063076794
-0.174037394953485,0.0528299284416025
-0.343202277547653,-0.135822488314654
-0.182823654064781,-0.339305010919556
0.0702110661401953,-0.233269951703342
0.113862586817448,-0.143186704451773
-0.0464694697268868,-0.392698626770513
0.226826889329303,-0.378498233389252
0.27955770855822,-0.297670979635718
0.153073037973936,-0.373736818750976
0.0107101946490095,-0.312750486230217
0,-0.401292142033918
0.393067666617857,-0.459927585736275
0.403983152408117,-0.389668378315406
0.40005311212704,-0.55965765167379
0.307000364161016,-0.343754810957648
0.349658855244485,-0.475489836636628
0.407190573246992,-0.0588527827036884
0.260093348403556,0.0531814805097684
0.491837827995667,0.00976267388739573
0.199897482787335,-0.0101500816565918
0.562987862406081,0.37060113295833
0.358470432607849,0.0362241843466852
0.10493821606241,0.215042363153334
0.293399993374627,0.3
0.102333454720339,0.465579007923706
0.0423209331202347,0.33913102985363
0.178175803033942,0.119597159271251
0.200278904033902,0.222473963227269
0.0909090909090909,0.476006179772708
0.182183420392174,0.543363314198526
0.295171404882002,0.165006108757223
-0.283150890439638,0.382957637987887
-0.0154320376686505,0.301574753455956
-0.20792638898378,0.104912738722514
-0.057307005341275,-0.0434668323042882
-0.0330055947252793,-0.0243649068452785
-0.379264698200779,-0.00905961185602325
-0.687738894186406,0.0850063190782054
-0.498298199415229,0.0453238575223805
-0.454396970868948,0.0907906075586714
-0.510692875584685,0.0903151014256577
-0.570135030956343,0.136560933640779
-0.769918219304604,0.0569271001283358
-0.695476936698775,0.109976257945788
-0.873639437000757,0.179133729145737
-0.830539149143204,0.120171523179535
-0.856047629467055,0.267024409163378
-0.836636874898102,0.207908937451755
-0.679375917894221,0.422656425601076
-0.678326773741521,0.199756343965441
-0.706860894589332,0.217005164420661
-0.711338213056465,0.405272153532774
-0.776300822679578,0.371031573613248
-0.733791790852613,0.338851482282536
-0.718772047400314,0.365526863211349
-0.842156559718941,0.323856611670211
-0.827071859888093,0.298702092659629
-0.851888828424891,0.299357219180525
-0.85674559090258,0.29547164856075
-0.753346675911958,0.401076431702523
-0.863842716208545,0.373217419440389
-0.880971789511742,0.433767362444933
-0.876278572016318,0.437034377173082
-0.826249983691542,0.548546324703574
-0.741225824917915,0.42698433319484
-0.84051128133416,0.495648844571486
-0.805019819142506,0.587900985585216
-0.762557715317526,0.618972160210607
-0.657202540796009,0.535662613115833
-0.782400632055521,0.613154999693224
-0.661161761982809,0.531866925108287
-0.760280924592368,0.630720479008178
-0.667217781264111,0.54934102641472
-0.641299638149567,0.744145820297451
-0.593780376867681,0.576031199960549
-0.546614266511057,0.617147763303046
-0.616963611213849,0.776718358998367
-0.676688654796765,0.728574469997957
-0.600980408069862,0.782744474684039
-0.280513061447019,0.690633726202202
-0.450429618313068,0.853867890634835
-0.461537008277836,0.843064944118355
-0.525027936688333,0.823937311864981
-0.485825635697543,0.838031091195679
-0.414720816234947,0.88189672783179
-0.30010176786984,0.832604608233879
-0.433967923719525,0.874436480274599
-0.404896448577384,0.889482093100016
-0.394287270275836,0.898329337558181
-0.455577407578751,0.839694758289637
-0.409287537001422,0.814583741777218
-0.345100500441167,0.752881931948371
-0.197932404064877,0.882642227756487
-0.212506656919213,0.927751434489963
-0.13952219862709,0.901009361383562
-0.299497106945053,0.787067368963565
-0.276367116337519,0.73157857118557
-0.360748948752357,0.804506889284989
-0.400823845637004,0.665848752102235
-0.352131782042941,0.721177868013037
-0.502293845814148,0.699392498032064
-0.469385821855245,0.645510898645316
-0.291377013079424,0.769790655606185
-0.284935285474508,0.739403652773019
-0.350590132442597,0.739449173494806
-0.41393212448229,0.747496536484721
-0.274448084083714,0.824262493079273
-0.195805329980719,0.834074016290727
-0.244298781928876,0.811700341879054
0.00983902565114841,0.878641158420629
-0.0353518260243251,0.847273463866636
0.10875588044549,0.840263602034352
0.120791397352079,0.843523393009887
0.0456545853669944,0.841801217170257
0.186199330648788,0.83797678501776
0.2063162670926,0.888764233252248
0.0596996757051459,0.852280571617896
0.222119004547821,0.852709467277788
0.230981408205362,0.849351049837298
0.245831128960745,0.848873112591264
0.288706925345128,0.843297300141953
0.2318327066407,0.941016291679137
0.148473691757474,0.842426386005867
0.273225691771164,0.796620818664617
0.174675335877163,0.809246490893493
0.313109022025682,0.808221664815854
0.345316190368792,0.788040807001974
0.21261290805308,0.797533253397677
0.239710962559048,0.640507846628171
0.412230697470609,0.783931571392049
0.21648277843003,0.801997523837561
0.378717546601706,0.654477180242405
0.225040324553517,0.834241458590014
0.0887067532946955,0.799309651479933
0.305607708674475,0.776048374624377
0.193649012324615,0.798192255695371
0.347753668504802,0.739547896477086
0.206177958015015,0.681178517968498
0.358720372643086,0.658222772502216
0.185823692544467,0.692806633771531
0.180069260566653,0.61968974043811
0.426217858952455,0.724583651379705
0.173634461717088,0.541525025497716
0.576828117776874,0.784691475892816
0.519786667192023,0.842419794082099
0.240386439766028,0.718201713878936
0.539240459713013,0.830976908960099
0.37293943321571,0.7782446704046
0.487644359676932,0.711044966765951
0.491818530388704,0.71413137940498
0.445834682313174,0.591120220862683
0.577082438178119,0.763485691377879
0.505816889290958,0.692257656885276
0.622108961823053,0.590681568043598
0.500889180033711,0.585893072295013
0.535273730629103,0.675523277778677
0.406171203370426,0.522175813362038
0.48885090251239,0.615940644846048
0.555018565018334,0.500455801413056
0.429128849926366,0.496005030554456
0.434344767691703,0.686045256012576
0.454787447012972,0.433572839223134
0.535164927452169,0.582279836941272
0.528009235333897,0.25486357624094
0.390710405936898,0.204454348918813
0.484480858462283,0.198530656524465
0.465021294222665,0.1612654093542
0.545286698040616,0.497590882624672
0.408872013692805,0.408659370167784
0.529569489943837,0.431439862470416
0.59544223089777,0.524089920525927
0.504460667816141,0.497232195810578
0.509902335537716,0.600337527705787
0.551598707043312,0.590157890052456
0.53095598021107,0.62889328499822
0.564281304116714,0.577220899577312
0.559631799868751,0.60347572587534
0.576549644589668,0.567632883085356
0.575834832818303,0.551481283677718
0.520341982734989,0.563985381715857
0.543836487071591,0.649184043215678
0.594786085312228,0.581337544531456
0.581507413989052,0.489596387368689
0.503206223944176,0.555433759570371
0.581383294737501,0.534295699372194
0.57651700623646,0.50569076722408
0.617460793140479,0.475997274648325
0.604188574955287,0.506034247090385
0.60843485700544,0.469526902748404
0.623060434792993,0.479235415682527
0.489562183692426,0.389115212949005
0.451265276196057,0.381604767721689
0.536637634305296,0.418285755116073
0.377390595589637,0.196921831778716
0.375682498783081,0.349419752750594
0.386744792279245,0.354115918539091
0.302241096046644,0.206175562338307
0.185484909918828,-0.0115768165342781
0.233279375663298,0.0546028843793392
0.271968088560831,-0.0167805609781561
0.279068071731393,-0.0932262544170702
0.177438666385453,-0.345138532349511
0.249951380258963,-0.481015040524376
0.130054146468393,-0.471111757859068
0.00691771819411368,-0.775871121167603
-0.0894482236074775,-0.806855471725188
-0.116829253592851,-0.875246058379304
-0.0612639478683452,-0.904464589956234
-0.165137015785182,-0.941009668834961
-0.165915039142012,-0.961610885121518
-0.133044798015754,-0.974072615222511
-0.188471242016014,-0.960346965956157
-0.114374287850984,-0.978110831884988
-0.0260673606985144,-0.955274185082016
0.0188026833943194,-0.887554107763435
-0.00349349525643879,-0.946967798929691
0.150257348595424,-0.866281435738656
0.107315693801722,-0.937675419325277
0.0500298032557573,-0.933428250350399
0.0884512100567816,-0.950094044607323
-0.119963236392626,-0.953405352122308
-0.154674176524656,-0.871655402056357
-0.0944186259326223,-0.844196721908938
-0.203771774242225,-0.856088300798608
-0.200567972238053,-0.863889348547206
-0.102236225421455,-0.861883642171143
-0.363652408081222,-0.869896687831226
-0.391329731548717,-0.808762347150487
-0.474679523817368,-0.827102028933952
-0.539983037627465,-0.80309661782221
-0.475800774297774,-0.727953944847673
-0.597197960147591,-0.75297502430003
-0.53963172954035,-0.668527938110673
-0.587937049674333,-0.710131856234524
-0.638785196280161,-0.568989619515386
-0.644455663516366,-0.704220897633963
-0.553979834922901,-0.648478292891489
-0.670010724089756,-0.661383119377945
-0.665980837572617,-0.667372335522891
-0.550851632465388,-0.655506181797421
-0.621564556773464,-0.728672292669612
-0.61376265877669,-0.737855849888514
-0.56620642554665,-0.70750808496756
-0.642212562159091,-0.559999355334426
-0.652759806794961,-0.693045611937546
-0.669757042402087,-0.556566034683833
-0.642032470118385,-0.586900412822972
-0.683424693195816,-0.413512233510754
-0.682135514514375,-0.534839374520643
-0.676285391503829,-0.545562481654419
-0.660686738351224,-0.555951456409581
-0.591307996528441,-0.631756129707006
-0.545439814476049,-0.657744067270362
-0.53618459588331,-0.692886993935754
-0.451854526433437,-0.745084586240182
-0.435108347528949,-0.756540573330251
-0.419289050758222,-0.773262946662893
-0.396179918900952,-0.762495300646975
-0.406252984092754,-0.758333562382153
-0.369895317195485,-0.772540223407374
-0.360459706852924,-0.787674866510101
-0.299951777336584,-0.811498259253543
-0.333222127533122,-0.799986672322656
-0.320054913266378,-0.798639878118157
-0.249377158080598,-0.824933067961457
-0.173159341633371,-0.806864414078361
-0.399987027075423,-0.813473455280606
-0.280373357490394,-0.941943972920326
-0.301440935573134,-0.596489913554191
-0.11152730060455,-0.987986123741653
-0.0708911202827436,-0.847249578559628
-0.0308121966243782,-0.701661512067332
0.0255550625999976,-0.850793615765378
0.0109196405803127,-0.994292555050356
0.166449460796602,-0.744721711485051
-0.00902431172918217,-0.845811856005098
0.238830145398648,-0.740612710394224
0.0732333335826569,-0.933892943140301
0.391655340887436,-0.814620582690254
0.256995293884846,-0.811418287606737
0.10728853238867,-0.809818170968981
0.199268102404384,-0.815943275710627
0.181677573565983,-0.810188464810118
0.248252806017098,-0.814772742801456
0.262274630712714,-0.953584701137194
0.394322094304191,-0.66293334353699
0.139233051779289,-0.767804538529071
0.352083475459014,-0.752174777127505
0.369453612083499,-0.737915531888833
0.324131572480782,-0.583795109312479
0.380270351339958,-0.900673205031498
0.335727367037884,-0.75276882351075
0.351315034628051,-0.746785743131767
0.488158178094335,-0.617072276046223
0.252559917242828,-0.87673017121493
0.467831649131233,-0.801688491896779
0.393121521221352,-0.677517314809933
0.269753046128865,-0.879157649491717
0.454414175870651,-0.762947629122168
0.453264808272833,-0.755496955683404
0.587894965866559,-0.741303388085539
0.52365964976948,-0.716160707734282
0.462411356667989,-0.707364133331068
0.604436628700358,-0.654561804232684
0.622409051353879,-0.641127599319935
0.77653324036916,-0.581821446871094
0.592393723556901,-0.579281685307145
0.675007450292763,-0.6021051447051
0.74333196352019,-0.514870516475917
0.669183652567322,-0.588851749369074
0.630816596721713,-0.625803851286934
0.688999894733472,-0.569036363364297
0.67685109487368,-0.582425627790756
0.784779997972649,-0.572770975729926
0.574466552191102,-0.589301142384357
0.762287232929734,-0.599200890733115
0.665936826034232,-0.601842404433372
0.598200828670298,-0.671205281627953
0.630883641856698,-0.513548307738501
0.75188642329319,-0.612725620865906
0.526495679328666,-0.617927060807321
0.630765848492126,-0.623592176147378
0.749329565911903,-0.609653602175655
0.537043594785962,-0.602794629185983
0.770898011874445,-0.587029932613133
0.519169308420964,-0.57558722079814
0.677735669244646,-0.545880509253927
0.746602741869969,-0.482555690223438
0.577304945357139,-0.65166424227588
0.685356817636191,-0.540370761274986
0.64506023232089,-0.581200987556661
0.733787465713719,-0.617782855722107
0.599791011419938,-0.626782316654816
0.575843021636917,-0.667264242257795
0.443176835054818,-0.700917370342956
0.578281995266755,-0.748407877903214
0.457221910000608,-0.750371626221403
0.293598684004757,-0.78454972865989
0.389338956807449,-0.829520028170243
0.174440896852247,-0.792487423515824
0.306644420326466,-0.885662358690592
0.038998202908074,-0.897357218492352
0.0661441956205197,-0.816203853115606
0.0344010458076891,-0.976403087597958
0.0725158701151835,-0.823247791348995
-0.0225302476010348,-0.884756921029892
0.0854368667955846,-0.629873733720187
0.065640569064042,-0.601609073546068
0.104119536288667,-0.634987086107049
0.108615587380914,-0.650658109512348
0.113006995589754,-0.55790598963805
-0.0626672188578168,-0.556589667190215
0.201912963029988,-0.616398338484346
0.019991783514353,-0.38836519751434
0.343031570130978,-0.421572407330257
0.157061212188591,-0.429393434452106
0.183901102585788,-0.248303629837563
0.299876233388622,-0.184152546294253
0.137060823710373,-0.0154505515073484
-0.194284707111338,-0.139178575417293
-0.216520366450057,0.257358640668538
-0.160801510611106,-0.168865152374798
-0.0447213595499958,0.189442719099992
0.12644354683361,0.0553746349845718
0.0460655337083368,0.275720062781084
-0.367724928133188,0.494964240622288
0.0134949672535293,0.28963409827251
-0.21840872302814,0.537427282268762
-0.435941126587026,0.380103530007654
-0.303783860413661,0.442967908483243
-0.168205459789203,0.650405167649053
-0.11603767165143,0.489991889710807
-0.168174760081328,0.649902910755931
-0.239876979344803,0.692351313804282
-0.127916453806203,0.376919276135631
-0.113139037671548,0.897228885178615
0.0393077866626518,0.627699882393378
-0.0133930911999954,0.782878493088802
-0.112077579176429,0.714613753572253
-0.0200525810653536,0.588653488642329
0.0128859494892111,0.827802527796853
-0.0400837057090889,0.898764809549877
0.0206326374661732,0.684598771077504
-0.0193051830508083,0.806909408122642
0.0148023687409254,0.930598129330089
0.0954105332218651,0.760274686021032
0.0629001266321999,0.881658136663715
0.131267540691606,0.892417990282908
0.245686982744311,0.689180960068176
0.318133431697603,0.803227202069083
0.274221269656849,0.798273163689593
0.366933419865657,0.754111893359763
0.224730154683759,0.780536696735582
0.214082159812966,0.856856049072372
0.306412462585086,0.806747276141758
0.265902588928432,0.821996674647618
0.272545123539724,0.928900340619837
0.267420474492615,0.796394153788636
0.120940538835087,0.912209203926413
0.173695576455177,0.798747135676543
0.139802514464456,0.884735237727093
0.107724901102332,0.834234360080606
0.0131373734624246,0.853418541798291
-0.124433864429698,0.80134337098513
-0.0201323944818519,0.82459457211904
-0.196908315462366,0.813296083779047
-0.27729719467919,0.819875141469214
-0.226009581195715,0.726767865966652
-0.4489441045921,0.806293305861222
-0.46999349421842,0.628060869923426
-0.591953761339657,0.624340616910202
-0.608575877907404,0.610247694414427
-0.574431309176376,0.562586348489725
-0.742742199033435,0.634370320958892
-0.698156385470668,0.468308055090478
-0.763561407991863,0.498668055703743
-0.882170772989156,0.356065942137394
-0.785551180004554,0.298386794239851
-0.874028108074062,0.347285446960494
-0.895114868677804,0.182606218371774
-0.970283225875204,0.168733028876968
-0.865709498010754,0.0326504997927461
-0.916076656790335,-0.0089964983492827
-0.958491647372865,-0.00238054125211416
-0.892046067720162,-0.155473113435328
-0.870300701349711,-0.324215795881528
-0.829185046017967,-0.280643043856906
-0.746662571323628,-0.477698228498889
-0.742185075485831,-0.537825002462141
-0.70646828844068,-0.502629729873219
-0.71480709107722,-0.641263050011971
-0.618242615924245,-0.552615503044147
-0.770519157946343,-0.526564841760763
-0.620142188661783,-0.539935056466694
-0.586030449344909,-0.514547698026612
-0.668714031715724,-0.650532213533906
-0.649080333465006,-0.450571816279043
-0.582835149298535,-0.601924163852294
-0.595250548500189,-0.667423889201059
-0.599209047550405,-0.670814928553743
-0.545825533868767,-0.616637313756818
-0.615350149450722,-0.611757844879406
-0.646361538745939,-0.542329999389835
-0.815162244226993,-0.304189472424048
-0.81203965587763,-0.262678095375043
-0.807786459895506,-0.135854706622073
-0.741300716506391,-0.0193105630175468
-0.898385268908912,0.212424825427474
-0.849532099267239,0.192505949215024
-0.853456802223328,0.394622396268501
-0.788810536685387,0.488233686579519
-0.748157074760639,0.580315642988183
-0.761063839564237,0.538228828163875
-0.511823760301027,0.824382704058953
-0.385968746656874,0.90379683388828
-0.322165234017149,0.818954520659877
-0.364642949582613,0.924419632022539
-0.38152312550217,0.9184830931755
-0.317110202535018,0.932026954049402
-0.437963008688225,0.874395081381483
-0.345506289323998,0.931292110574097
-0.37409748335392,0.924991227989945
-0.329886894119986,0.940114886661546
-0.105994346794496,0.863585094567857
-0.228619920796683,0.965771344523745
-0.175069162794868,0.976089467670104
-0.299531306202638,0.833098164000985
-0.143493144495672,0.986066017556519
-0.176567141218737,0.982411682277145
-0.115162166252482,0.986586428192498
-0.130356676990979,0.99111198295569
-0.203938805248392,0.972276027537435
-0.164037188743947,0.980664994614548
-0.268214853013557,0.958833880223075
-0.223563044129316,0.824289277886688
-0.181671520895845,0.927288540261004
-0.20855967297432,0.893198957975667
-0.274837250127969,0.883716291960743
-0.322736253672704,0.853113404159623
-0.404756661147652,0.796748563773411
-0.553383914198573,0.712708252051502
-0.599939144739969,0.607548820071109
-0.696973058743586,0.346621306208296
-0.704483893579056,0.343433555284281
-0.730644544719251,0.220462045721555
-0.738313286113647,0.174980246595735
-0.790141631870178,0.100709604835058
-0.771246866786911,-0.00115597396498026
-0.765790088614372,0.00828584702050938
-0.803815977413956,-0.0146306876517923
-0.751985999430954,-0.0622828664565138
-0.791769025732867,0.0298886741968214
-0.860075029690542,-0.206908121765227
-0.711803688854892,-0.162126156801354
-0.680756090348889,-0.178912607288434
-0.3593152738871,-0.249865831159108
-0.616283852713921,-0.217212654213935
-0.535857017363629,-0.169220650715732
-0.362518105853081,-0.207063475423037
-0.285653574279062,-0.260269511273736
-0.247016517929998,-0.329438665765613
-0.132548866049095,-0.371371480302995
0.0597489021030085,-0.344572467370389
-0.143845267345312,-0.383188913940676
0.0273883246393966,-0.396365329625037
0.163264476754861,-0.352417138784599
0.154542770516135,-0.433572527208964
0.302397384824102,-0.395735170749763
0.163594577467885,-0.612151553668274
0.445152685467253,-0.326963225246116
0.40987644372201,-0.475051273542285
0.50919237081114,-0.665421566403
0.651769021097392,-0.610413539332981
0.686665348804412,-0.616803944831015
0.730480002607584,-0.652654525084946
0.773935698980659,-0.587293253542311
0.767813775229652,-0.596957250455047
0.746312428664771,-0.644706541759226
0.709624024778404,-0.689557218008327
0.756922452108133,-0.643800729972208
0.763000600935659,-0.63001139698154
0.766008006420637,-0.636043035053985
0.766327487866776,-0.631578974921719
0.741734016745759,-0.66007439166884
0.716706958503253,-0.688415215593123
0.695717536747473,-0.712563155573846
0.693566939297063,-0.71547784454695
0.673833622190949,-0.727574404540264
0.617914715925728,-0.779326021089729
0.613034676316575,-0.785643749233156
0.610224792218887,-0.785420923083056
0.617682265342778,-0.77979264815404
0.603708628496725,-0.789914758960979
0.649888885648601,-0.754696291513486
0.634982004060842,-0.756138120629246
0.650885901533803,-0.745911466164313
0.643866677185571,-0.750422835715017
0.648935075475941,-0.749581605971661
0.650522918019119,-0.749049655256497
0.666723551977001,-0.738592719521831
0.655417147169661,-0.747242839584268
0.603956873959715,-0.727670723435156
0.616850369084301,-0.777515964851739
0.658967629669356,-0.744317382783826
0.699695997935195,-0.666774620034194
0.710313247877606,-0.656526932139704
0.766252139936158,-0.622511982237571
0.764068631174506,-0.479980681619136
0.8231815247831,-0.495345504277905
0.871216364993838,-0.444024339155238
0.893490082505111,-0.346536864135188
0.903367638779021,-0.320143867935881
0.791914436772866,-0.277148334414387
0.938886489204857,-0.239925587721029
0.956466612209555,-0.269696771699707
0.965807827223562,-0.177851000499536
0.872609879068615,-0.245173841255917
0.953897378420687,-0.22104177388946
0.940257098191005,-0.238842723718803
0.952566325085747,-0.257419948844639
0.912665703278374,-0.290079190129955
0.922363141883304,-0.337086064467361
0.867289965867356,-0.296395138306242
0.874249682967526,-0.278938368503266
0.877396808076043,-0.45356903128707
0.879127475942906,-0.452097542871604
0.897700040883504,-0.370140129455611
0.911147012244808,-0.328533495444649
0.914225985074089,-0.310914779401436
0.931542502866841,-0.220777836836216
0.904465434988663,-0.217884766999003
0.881203648979404,-0.0609375624187622
0.968981002294426,0.00615720138698224
0.966945446204254,-0.0188733356553627
0.863508973679421,0.0132139100589631
0.976286506649444,0.0778706480455323
0.836682815146979,0.0713489740566245
0.965066395737473,0.123308885555038
0.966541092879377,0.173174552084518
0.885927214251721,0.228143538263512
0.959947499897934,0.240249849210317
0.935918470979872,0.18442657286548
0.937418345181948,0.277775133146224
0.92239407536653,0.216122017987461
0.932889500623374,0.270139476717832
0.917357889743795,0.207649733479557
0.918254715343808,0.24483603180658
0.924729424325083,0.271588219374584
0.917298421179277,0.233298207082817
0.916168291718435,0.238625839229324
0.89168721443264,0.246508379179175
0.92428354039004,0.2215347405633
0.903780542864969,0.26929759228274
0.90961527875899,0.257135186869238
0.855325205505878,0.309066302037022
0.803128072587131,0.412526635170969
0.778391218647875,0.469190372424049
0.790230766035251,0.455845803779564
0.788229962734865,0.538384877902954
0.77471563530086,0.485191925130485
0.749356462218322,0.525207491471644
0.757379341963603,0.511646712938039
0.730813146193534,0.534571694417619
0.756021840579852,0.418479328012823
0.743322542969907,0.594523607809939
0.743231015948203,0.508264193797487
0.750157542928314,0.514925516824381
0.733766396322863,0.525720365093476
0.71759476519159,0.556408002475231
0.765005419433869,0.460453014745457
0.698141699396458,0.582783880509985
0.637330330545385,0.527894269462984
0.626140253532174,0.45270270358248
0.692063944645465,0.667698067386143
0.730669193460624,0.46675581850667
0.700856860937421,0.586804358865817
0.715468127335601,0.628333056848565
0.702638572555333,0.521984393985205
0.671139439678972,0.618686493248274
0.678622235801876,0.695103021795212
0.622518174697937,0.606522676426483
0.632251227323112,0.675870211298419
0.612623391519582,0.681294175690735
0.540506220488268,0.81224453362163
0.536087774562758,0.67456643972486
0.551935142273953,0.733239148303062
0.497297411122671,0.763119706190069
0.488744659806728,0.777654930757728
0.483270275918793,0.784102773960288
0.48858252337729,0.853038870130067
0.443866742951336,0.727990358125225
0.405660024755385,0.89354500845102
0.441566926330044,0.837340548977529
0.240597347391751,0.867146399596141
0.373498652352603,0.77562320402372
0.292677981748457,0.86566739511967
0.304370345598876,0.870069207409858
0.323873161576726,0.864757509256741
0.316164555872222,0.919106456810563
0.351438232678647,0.753449387501025
0.348337670188373,0.817518905197875
0.314035247114264,0.922209737211641
0.317956464554292,0.839405613940877
0.308169728599073,0.727187663421632
0.344487033433062,0.619288004540201
0.325323296244303,0.457903443694678
0.32017920832228,0.398170108148103
0.216866169576683,0.219373103727826
0.339308097111729,0.355676550297641
0.241304554986015,0.294181487788078
0.31218077691663,0.356275920774834
0.0794782404426445,0.337735986570532
0.203289278153682,0.407466974780249
0.1838760272451,0.41464525801433
0.230571605056687,0.258844256438712
0.386272117684076,0.316495262304616
0.0571176790250769,0.19956874607305
0.0111815007075837,0.182762005388777
-0.137594612045737,0.105667419144868
-0.224918677430555,0.131516795995847
-0.0209209442009609,0.321140083084741
-0.0344321698743911,0.0462138824223033
-0.282466519671667,0.15445313679064
-0.235345164482031,0.200265212608588
-0.24067546127586,0.0229461265339506
-0.372265644072093,0.0105959564380983
-0.335155867486469,0.15571091999645
-0.465372045046061,-0.0797410756758789
-0.360408079016601,0.0381516495543765
-0.533686585906849,0.0954045571390532
-0.30454350842628,0.115555154837817
-0.761127862802647,-0.00166675337167039
-0.617154936761568,0.0157705758988803
-0.696309630749126,-0.166903211722014
-0.619115289127427,-0.23722253732323
-0.65648781283853,-0.281685541764602
-0.78088122848001,-0.291114962924932
-0.639911594762073,-0.188165610679342
-0.834303343325764,-0.16600473138639
-0.82054867056683,-0.319111765884085
-0.826377283372273,-0.124605275635817
-0.857985453989565,-0.352436596056513
-0.871512036180424,-0.181256251190176
-0.859578294224659,-0.326244192210367
-0.849298084942415,-0.347756185495973
-0.871955459232013,-0.31983602935834
-0.860752558330373,-0.329301709527398
-0.838469535776027,-0.462786252083877
-0.830627477820195,-0.335135403470243
-0.818051547059013,-0.414409677877178
-0.797628375413965,-0.544579443362468
-0.811565451504876,-0.388517877301303
-0.798331883341368,-0.465907316380909
-0.758291423786871,-0.531681909374341
-0.75828353670398,-0.602302772615367
-0.739911119610574,-0.555311529078486
-0.726390009935295,-0.495359076088389
-0.724393115707933,-0.638803369904919
-0.726985914899693,-0.498192272248702
-0.704643877585288,-0.599313488292523
-0.68970380246301,-0.61820976238225
-0.620418783768987,-0.615440110318193
-0.763615659487266,-0.613449856466877
-0.671566120939091,-0.635440945202547
-0.628979715930732,-0.661705085520736
-0.633944094156179,-0.740018305500526
-0.591129767001221,-0.608556925302173
-0.613464357161653,-0.7534343873973
-0.619947639001885,-0.655846190949206
-0.592768191070165,-0.610219013727407
-0.588774369078813,-0.691235358015376
-0.583142511322638,-0.710698628548083
-0.610737316664859,-0.757356553456628
-0.582633623340115,-0.640227139803559
-0.572353544800728,-0.719712724425829
-0.567249738747312,-0.726084035088274
-0.584212115356315,-0.787542544688812
-0.58688934357897,-0.649964781081241
-0.546412622878547,-0.747383851247594
-0.595144801382022,-0.699783109515948
-0.609143294609788,-0.691470734391978
-0.552328033568485,-0.738000144678626
-0.570784436894822,-0.720966179337572
-0.562663659553605,-0.719373285703654
-0.611781606413414,-0.755148336471128
-0.585714905446552,-0.628043052987083
-0.596682127526364,-0.661931586410805
-0.564605646284284,-0.771050172776297
-0.548933277382389,-0.670841909699637
-0.499679328397875,-0.811563143639613
-0.508901011292628,-0.752390515620045
-0.536879909353928,-0.64994668145308
-0.498863106207717,-0.744032808378883
-0.489727744932091,-0.760111923845774
-0.549412899608477,-0.738657495194475
-0.481351972217873,-0.75987866951473
-0.51483858618313,-0.751271518404875
-0.559764693521492,-0.668791022663811
-0.50955432686061,-0.636077629310907
-0.401863651416707,-0.709264542121759
-0.434199193048183,-0.681557519322581
-0.37399638495794,-0.673907052434348
-0.268722271656361,-0.754671063253303
-0.334293083098273,-0.712147471270371
-0.272150746851683,-0.772770802585731
-0.307494681979764,-0.633572172949064
-0.222066311171746,-0.537674394914904
-0.281705797252251,-0.876251319002323
-0.152346637163966,-0.767844533089335
-0.245875946296373,-0.825294728144225
-0.246815509756307,-0.831888071976272
-0.327472567818977,-0.798748826833215
-0.386293440741409,-0.859311617725246
-0.274054911305607,-0.494392370570446
-0.297357214475335,-0.668948591901554
-0.430325966563636,-0.782756009989715
-0.359087765918165,-0.459160347365601
-0.530153839363371,-0.471200738512062
-0.55237761844048,-0.6269986854718
-0.595002975431081,-0.46992138863382
-0.67825675180168,-0.437308084343056
-0.389137687002008,-0.403292978450953
-0.596117454418308,-0.309426807184028
-0.592637515437325,-0.322005059580194
-0.73435010422159,-0.386751237714827
-0.5453923942394,-0.387523461656074
-0.808592976749688,-0.243851377788159
-0.629877314972967,-0.129717832329201
-0.502926519892564,-0.238611745799853
-0.564770081333686,-0.0705970567848693
-0.511707333199852,0.0316996428299375
-0.560153397218646,0.0845679623313495
-0.596443083261007,-0.0838092610669667
-0.517557645061024,-0.125230617304276
-0.312446287683184,-0.129128319272275
-0.597313430071344,-0.218234930308859
-0.592240736622459,0
-0.46557457668724,0.192847303959967
0,0.310383051124827
-0.0546849065624057,-0.10493821606241
-0.654936354555546,-0.0496903994999953
-0.437450532498595,-0.00809928081152948
-0.680967717296506,-0.0347764707523892
-0.58477978288974,-0.0400379819538724
-0.499900051662499,0.1958473069715
-0.346193364723875,-0.265610034151114
-0.147360251147973,0.323896535155135
-0.103987435823925,-0.0686548768672868
-0.383461164348872,0.0128600313905421
-0.202798688877026,0.0678827818259849
-0.194489593981865,0.162545765731868
-0.114709725219252,0.0490142795931265
0.0575109285080126,0.0992675890931303
-0.598637067102435,0.115623416841169
-0.097273058328196,0.312504373597862
-0.353160155006949,0.633130075691825
-0.150033577832668,0.482810910682869
-0.16084617228394,0.438459670954517
-0.0299842166191055,0.61130958860015
-0.135796550249383,0.751742762981624
0.0786387849724793,0.861589304353067
-0.0201313764053305,0.743309985111465
0.0987224934188029,0.859317072813435
0.102743369226673,0.764903704438113
0.0055159337880134,0.782837051856271
0.112430670343413,0.814840749177636
0.224178767129622,0.802075426109305
0.14654799506014,0.766351903978269
0.284276836461511,0.690073896300451
0.450359553376047,0.647273611542236
0.426222379412854,0.675703431806254
0.493174410484684,0.786739109314088
0.609123938749082,0.699260653296199
0.559327330582905,0.594648478070362
0.70703042480284,0.547340712778881
0.612014394097912,0.630626248929799
0.689974642559202,0.551844622783109
0.633153663042711,0.459090485495623
0.79787579295477,0.426537840031009
0.800410346104938,0.327852600832084
0.826061243798238,0.273914676862263
0.800470551924247,0.322239067930877
0.884430872614224,0.225718182923164
0.893684288224469,0.161451355240664
0.897344424625676,0.14587108507022
0.91550744637472,0.0595011545658808
0.914796790784368,0.0508672238411358
0.912148644497926,-0.0010481297100422
0.89741859064049,-0.0780508985968001
0.896631913289203,-0.0635941938513191
0.894942925118285,-0.12502270226807
0.860351730659772,-0.17208206719971
0.872310460479335,-0.235267528442074
0.88075367104382,-0.235832331989631
0.862998205258934,-0.321344883491456
0.804471803193739,-0.264224244355528
0.845779968334027,-0.284317659496942
0.94330619376326,-0.218361957301162
0.856896779549039,-0.195351573004674
0.851447840083288,-0.150347442866994
0.831327056716216,-0.0929853773622946
0.735609075697765,-0.119178564929003
0.787780762050688,-0.0380660802046237
0.806533208390669,-0.101807501152715
0.742510982373293,0.0231668236239511
0.872198053465275,0.0784313173779097
0.786796916671808,0.0491118669632316
0.876533717158933,0.204236589458877
0.844617660211329,0.229623951837841
0.812407418085042,0.30642190662292
0.838375557310088,0.509127576416469
0.699884355734023,0.417582614624531
0.701130796853213,0.412615136781465
0.767021373749938,0.466794495035956
0.77948288183677,0.445255744248838
0.759215688711094,0.49496579106658
0.739583231434229,0.513563036346225
0.740163070458882,0.522534851815415
0.749093184584761,0.513028824245643
0.635605272217845,0.543061140815779
0.818006452108627,0.541479871452711
0.731657333656639,0.531813483114824
0.753129177072064,0.497196500784359
0.760444317911153,0.48864252033511
0.765152838951433,0.479788475282341
0.816777255355845,0.56173429958872
0.805820226346812,0.565098342290255
0.641325396446417,0.491228553820159
0.808978710121348,0.536129398987087
0.690448479245693,0.543979248424388
0.693501598281018,0.546415217667299
0.675112426430062,0.549748263280386
0.570008781371217,0.562109276740596
0.633358213249007,0.586541350410827
0.702717717069726,0.605399803413426
0.54354421246061,0.664803152116121
0.341328545587221,0.734439979466981
0.51765872248219,0.744874858240919
0.400820914815111,0.776594697207732
0.328909923959632,0.820141540027674
0.250014201280417,0.841920890083901
0.327571308798169,0.822198728455369
0.249351455176553,0.857074340466052
0.293459082036709,0.837332291780327
0.195300331522515,0.839226898782407
0.308134890990377,0.874799355085124
0.205215418929605,0.884854172773894
0.134520971052507,0.886489210988044
0.175169215806256,0.971834182375871
0.166271001372629,0.774514893524251
0.0429830202899806,0.759158983635182
0.059809181824421,0.762008642527641
-0.0368713049591497,0.747709373679103
0.0363989050375264,0.733931656155581
-0.137593418501393,0.693405727156834
-0.194148351443182,0.643825421153096
-0.0635441005988242,0.643688706570845
-0.253779732268925,0.594845847649184
-0.132277807915431,0.468696038184466
-0.22793204582057,0.516248264389613
-0.105763200646599,0.502758020840406
-0.422082837613869,0.575991413459831
-0.0718554990395092,0.400150526513971
-0.228034490435763,0.411134776357488
-0.226836049999684,0.516488947296436
-0.232071359396043,0.517647063104171
-0.266690396321104,0.435769109221544
-0.380065842966938,0.598506478882111
-0.255928040105072,0.445665585796786
-0.402798586467621,0.474577306120924
-0.254981119479637,0.659047711139293
-0.529786745920594,0.441821151455221
-0.458851046997158,0.537589130550802
-0.394160234214875,0.456151371537949
-0.362164186925977,0.393347547032952
-0.339369846242956,0.415171171335286
-0.425710120893179,0.47148631028809
-0.373775103315285,0.457154936761568
-0.397891036030861,0.47422226658547
-0.439257308212685,0.621862910335744
-0.244209527413026,0.454006845422774
-0.32712830463803,0.52188087645406
-0.306316433277278,0.571653021785165
-0.234249170065893,0.561528059351427
-0.196805467330224,0.629705363136209
-0.139602125591376,0.587865135649129
-0.131179875865804,0.694854877669392
-0.357420122300088,0.75504583387471
-0.0741502134632345,0.74459661038224
-0.0903847245971994,0.682825889129523
-0.0198153729727142,0.754690295166173
-0.00502981626769209,0.665786768245892
-0.0331046602673845,0.772053023905264
0.130870286169193,0.576370745098859
0.0598128994684677,0.393727630694085
0.0188217195705002,0.512577858539286
0.0691688553376392,0.492566816561013
0.0835536666031115,0.423802680572194
0.0206550271258368,0.510554052785591
-0.0429906172298805,0.499245392724201
0.0651924777934322,0.490009250202377
0.174607010076386,0.639717400460381
-0.038740796206535,0.744392432377586
-0.036127081543052,0.637376326921484
-0.0654006876794429,0.734480971753596
0.0667612231568087,0.605036352807035
0.0339371076508467,0.544819268935345
0.076278261490043,0.615185038337451
0.00402763465828195,0.47788664129511
0.0238960310599615,0.586143382105288
0.137775872461378,0.505555555221772
0.249853259269346,0.491261943472765
0.1569350684157,0.567538626055594
0.173968813430585,0.611289081668296
0.359917986229868,0.48654359717797
0.282175749940899,0.543450082828229
0.424707257283345,0.52451883230482
0.392843383683868,0.69778700326233
0.501541552922676,0.550871028439939
0.421650885421153,0.486246680952806
0.623041342339068,0.464513047888474
0.59491454556166,0.553575471303686
0.498959804492214,0.642618332484336
0.583553481949565,0.562366073765917
0.700684546618393,0.578434240626449
0.725856445544202,0.622484045865633
0.752969262668531,0.590135753558986
0.799858221366741,0.370984448427727
0.888263688408564,0.293928397104633
0.807399136295319,0.33904062017773
0.703435158939182,0.22589225876627
0.872391875436256,0.306494527625838
0.895185418324776,0.223001711648739
0.812238939289493,0.43237430517021
0.883301971685009,0.260812968577595
0.878142448546087,0.300139490754356
0.885548100842239,0.271797400935161
0.851569410338528,0.406046811330763
0.868722463763332,0.351269946606902
0.819775400905737,0.44259953821662
0.840495578344614,0.364560522324698
0.803258839913495,0.484082392368645
0.793702968186895,0.541732317190188
0.778659498632679,0.54627751877565
0.742500847705014,0.561338891249548
0.644324600241982,0.685651596015273
0.563377933162149,0.66752254559493
0.547251125223017,0.695175485215326
0.482624707315755,0.745635812156858
0.408568951199208,0.76307244663085
0.406067007839973,0.89088325811408
0.404881130362042,0.894720750413161
0.308376013586802,0.924413529831752
0.258512983900535,0.95094626452978
0.158874276538556,0.964462623241476
0.133510983778562,0.964097218561688
0.0387700804454595,0.975661168658776
-0.0343197655592429,0.98091542366505
-0.0740583227570504,0.984636885198463
-0.131622182549832,0.974554046228619
-0.201304642597374,0.966492716285225
-0.223827299711464,0.967828556619934
-0.25107074893065,0.954811195697981
-0.261953647886622,0.948826346738154
-0.357622197022156,0.928370979321315
-0.397092755949633,0.901754983644875
-0.437134126495863,0.889593484958755
-0.47786591140099,0.870504451763324
-0.524296349774472,0.846212113764634
-0.522482704228317,0.843848640286496
-0.543199798200698,0.829538973726817
-0.611732668478917,0.781143960441371
-0.691508535621188,0.703372510331091
-0.733719094480065,0.651602820616607
-0.698446085338527,0.703116286000756
-0.774775210098492,0.62219460719753
-0.797887471294532,0.585496018949018
-0.79159633615227,0.573773952578428
-0.823563735866253,0.534773195322373
-0.837848185232809,0.474130355381863
-0.849993273203068,0.47098620591586
-0.851703160539033,0.468727852790043
-0.87465991509904,0.389243612503828
-0.844907013462892,0.269183479723025
-0.927169760203465,0.293753332999457
-0.963615080586386,0.110006164533718
-0.924681635215576,0.220837403243623
-0.983982841378085,0.0324933255831119
-0.962342872882906,0.0713127903869049
-0.952329221515157,0.0216534067334076
-0.928438703893332,-0.0184262391298446
-0.895039757095955,-0.063620113459733
-0.798467273106095,-0.107370728286818
-0.800470053463084,-0.159143751261929
-0.789059803980005,-0.13824993702802
-0.735964463203349,-0.220742770265174
-0.730744949143484,-0.36459089865881
-0.743310240947107,-0.423007215727643
-0.788986009839344,-0.451472151311776
-0.713149382511934,-0.429785121281135
-0.720418248050663,-0.499944946922328
-0.683160590074214,-0.512248488504419
-0.652958812678573,-0.524347037145976
-0.621482888026664,-0.545768458021103
-0.626816108481309,-0.52231538469132
-0.593323963795348,-0.552738117686608
-0.556126929752722,-0.509836784782787
-0.561846932369509,-0.547439111411933
-0.483517978255896,-0.598358671588071
-0.540985847385807,-0.532659309667247
-0.602013277456511,-0.623202695384884
-0.50824619416126,-0.619515300400258
-0.612364693258843,-0.632053696903235
-0.573187716478986,-0.679003848988185
-0.486951247035697,-0.694975555186649
-0.487646728339202,-0.638520429657409
-0.403690566709763,-0.640107410254526
-0.346499390637868,-0.731489447518985
-0.404385544098652,-0.797778839929875
-0.27562375959195,-0.754929532838852
-0.13820837277557,-0.823637605222905
-0.181382261316922,-0.731619847610185
-0.198353122974039,-0.819629965999965
-0.0473220691563507,-0.821162997249616
0.0420564085664078,-0.947265091501612
-0.155329414225451,-0.78393982525175
-0.0156888851964055,-0.808793833833101
0.0274677080383056,-0.782059566924427
0.00402789831582677,-0.815513059224787
0.0140165596996099,-0.927019966998441
-0.103350451934142,-0.867607093384772
-0.0716997396741395,-0.967364863872015
-0.172258720615337,-0.95922099671763
-0.208021876912105,-0.861105890387024
-0.157259214164487,-0.917829620521747
-0.167993161428059,-0.864310862918188
-0.186711945748276,-0.896288650542333
-0.123993023119145,-0.903803142862935
-0.135091409949931,-0.852920911559436
-0.0463043508788183,-0.856918907446079
0.0183454492506423,-0.81501333783867
0.0655654732979612,-0.888005617988886
0.0328237580903696,-0.893587139109686
0.027323855576228,-0.944226073396425
0.000904766688700098,-0.94209841891146
0.095891638596965,-0.97946730790305
0.0673322295872535,-0.97730185822267
0.0429290731915651,-0.984610276095681
0.0314050054911345,-0.97923745665598
-0.0177420260250002,-0.957505745091046
-0.00200326367475797,-0.955892026976946
0.0135545073033916,-0.961755376488242
-0.0094909614168883,-0.974266418021488
-0.0750522685930899,-0.96786602796698
-0.0965074709428116,-0.9744040471336
-0.124520049034187,-0.961043844350852
-0.123099764747806,-0.974115277643966
-0.115838508842943,-0.970954513139813
-0.136051613443287,-0.969788393131999
-0.208850710825941,-0.961105310908232
-0.275022175284106,-0.938148529176066
-0.293987334644459,-0.947266718113731
-0.299912673316703,-0.938028303212078
-0.304340826639052,-0.939472093041553
-0.33661016198772,-0.924228446215521
-0.315981982929653,-0.911336732638237
-0.345743954981801,-0.882148435589014
-0.354290617358932,-0.86210674076515
-0.368243089861109,-0.857722565080451
-0.424646176988157,-0.858177245672638
-0.466099083527291,-0.846384402795544
-0.498824480599396,-0.843499676787729
-0.524283551739186,-0.830965855894078
-0.537929707983351,-0.820569603510565
-0.564640252857191,-0.791064351751418
-0.514071551969391,-0.818296357146945
-0.515929454151934,-0.820967275161753
-0.437740841023242,-0.862909807591901
-0.329900617570963,-0.881656324897944
-0.395720318025038,-0.842941879818818
-0.330603258294641,-0.882446380599157
-0.360347949373085,-0.873004876620105
-0.265334498760774,-0.898135944378287
-0.267693524816832,-0.877133191762354
-0.334966145245611,-0.877072699545466
-0.254808769963524,-0.880834930598593
-0.296377433910215,-0.88929045942352
-0.190474640199648,-0.867611385380227
-0.138315789234907,-0.925545399514764
-0.19636343279101,-0.75354099501475
-0.286956065936993,-0.831221260359051
-0.225919411103058,-0.737320321596468
-0.263686381226034,-0.755627210409705
-0.144479266662486,-0.679652752723429
-0.201078387422457,-0.767037653328343
-0.129811766021828,-0.748590222831464
-0.0793946363483232,-0.74500910173957
-0.351720117116152,-0.805284808095006
-0.239292865850552,-0.773887379068588
-0.184268091584658,-0.76795886426878
-0.410845034150923,-0.792658193859652
-0.465881228957787,-0.718503802472533
-0.328866039704654,-0.797583395972709
-0.367023721904875,-0.735901952496938
-0.412382979837771,-0.756596614452948
-0.352156882867683,-0.569312360295806
-0.547766465659527,-0.726653512238154
-0.369127033663283,-0.661205548183216
-0.451769150533664,-0.585865586113136
-0.486206833872513,-0.589450352403038
-0.590698096662375,-0.488303535233717
-0.595223831854192,-0.588382147940974
-0.484516851096404,-0.399232591773884
-0.576232170511192,-0.482168508944568
-0.482704675645252,-0.393703196749387
-0.687981041622383,-0.374454026702798
-0.568475068784378,-0.515018292484057
-0.662372334689455,-0.235691330365396
-0.600472215730136,-0.423588037160117
-0.67749512161869,-0.296523945355869
-0.669588538403787,-0.282532479372968
-0.79379148250847,-0.125610466549337
-0.775459853717806,-0.262768755341823
-0.630291647218137,-0.266533887060978
-0.797639971106188,-0.109868156634229
-0.804052244453719,-0.137722167717712
-0.688991034000595,-0.0917794396009257
-0.754733214218144,-0.139754886821812
-0.870078887280517,-0.0557319718050144
-0.79628206088555,-0.182875989325672
-0.856036313358448,-0.137508498745025
-0.894626255798711,-0.0429141760281948
-0.944027949305505,-0.195242939371477
-0.873729021018646,0.0104923423218297
-0.860683465973188,0.0021780318679883
-0.919795970011863,-0.0228543977390966
-0.925493310746673,0.117855650115854
-0.951175510899794,0.0130143337970567
-0.945792917365972,0.0254623918614493
-0.952848948878278,-0.0304752457288038
-0.937751235213728,0.0240379059131301
-0.949046614377195,0.0608132641954241
-0.955864668219862,0.0686473403540235
-0.899585381645176,0.0656620277894385
-0.939393321892276,0.0959352264740609
-0.950711956860509,0.0371434462602544
-0.904045578197254,0.0103891434653278
-0.869660769386353,0.0704257923477298
-0.906037837780741,-0.0337312228698703
-0.856697315056676,-0.139107014817275
-0.955529474683547,-0.137359736918666
-0.882045388694134,-0.166857971061673
-0.926798195962877,-0.196943317329423
-0.688654683192376,-0.0328878423224987
-0.541576195766979,-0.370230829822213
-0.610924442728635,-0.279211735107164
-0.538785822207836,-0.351836967464756
-0.488494100014892,-0.204971314565309
-0.65790676352293,-0.3147472762982
-0.646613394507398,-0.451902445645389
-0.610815817263329,-0.373918192068434
-0.414614422611385,-0.454099165789959
-0.379188625240929,-0.233974337160439
-0.0545527118820152,-0.33756229853128
-0.163916663906095,-0.157868932583326
-0.236154126277704,-0.292699429041754
-0.201900295218107,-0.202857143990819
0.18693950730275,-0.16012389893065
0.013098582948312,-0.20542561070506
0.36180339887499,-0.12939886704167
-0.0271577709950263,-0.0989433674844474
0.117851130197758,0.201184463531091
0.104199365109798,-0.0686449820749348
0.115101127437186,0.0257200627810842
0.163916663906095,0.0257200627810842
0.286389979408869,0.415768309794946
0.324960669219317,0.222793273905572
0.318782937861394,0.0989033556436238
0.336590173480245,0.193610343139771
0.317171856560372,0.274339671805822
0.327486465494117,0.235262542585377
0.376607975865814,0.45845580854588
0.26011002862997,0.357741101567788
0.485861743039281,0.178390920642571
0.452496758077721,0.374663430265532
0.555039784923669,0.296225016352102
0.552072376615821,0.242973605410304
0.696607205870388,0.203408042563058
0.62969625246854,0.339594312620465
0.641983241415247,0.26043747095097
0.643373536045844,0.237804834131152
0.586890007203369,0.238484958836671
0.682230695174862,0.333825646808164
0.628268176679182,0.0821799110011955
0.618092028943028,0.17419822038197
0.57960193932831,0.251755834860994
0.599823836038071,0.238448789100212
0.794850633370841,0.270384427651143
0.802256075107967,0.292246629931501
0.69076717259084,0.179859522295609
0.571963927781168,0.250207449518299
0.667439684186604,0.436060050163802
0.627334650240511,0.413190812162463
0.649292395588776,0.341942244703564
0.589643686375014,0.387532223721408
0.448328852601717,0.517391481816916
0.527828583305043,0.369723631846578
0.288719000376401,0.421464609412827
0.358465398874605,0.454728361829045
0.162089298598287,0.348797348209144
0.20583295785787,0.554028119246597
0.297794087976171,0.471845071990004
0.183728553191168,0.488061453435809
0.323449960238588,0.612702407691253
0.272547480319327,0.495747299308234
0.17499123462599,0.410116749494896
0.177061679325304,0.567824166258441
0.303738173023273,0.60147848358616
0.232020132072596,0.567179752907487
0.150018866991857,0.481895043982748
0.325650780338429,0.422800737155861
0.233818427166987,0.572989755865381
0.206930852193959,0.671175842367878
0.460805901152311,0.577976816268273
0.384268372994283,0.680903881322348
0.34739007417672,0.68203527745522
0.345959460703732,0.68694808685392
0.244923493460166,0.631756459305602
0.309395879005471,0.689759710686657
0.254323687649669,0.675474354788333
0.193410036841806,0.77058257911525
0.12886354716669,0.677596400362261
-0.0692785510764005,0.697987906080754
-0.0487242030927725,0.632038393811226
-0.143035114141073,0.752615085290652
-0.295981016371949,0.63917751030342
-0.22587222535463,0.647973648281991
-0.400679072652761,0.679073960966938
-0.383370283967607,0.702401794922488
-0.346894632651253,0.563640591771822
-0.476405486627004,0.673894111409283
-0.567320482364873,0.619329228136883
-0.532405956798437,0.545365296708202
-0.599289139642897,0.60793659092199
-0.549723062543806,0.606451183835571
-0.555894116706273,0.592321990622224
-0.517261486216393,0.46707572591639
-0.52255839352739,0.473808073022246
-0.549476668409058,0.566664315902854
-0.476814420395494,0.426790180483247
-0.649148131228391,0.417687406766922
-0.472257720426479,0.436302936621223
-0.52159817471404,0.478132113531417
-0.502866783272727,0.491423278540356
-0.538913408322849,0.603853162891752
-0.357439714936569,0.53379303518822
-0.702141924577042,0.490403464634132
-0.401371092747943,0.460666557220276
-0.506116681536094,0.486613075244559
-0.628197982077246,0.602833308225742
-0.660683739801803,0.328065894399398
-0.601599936649732,0.494698300250141
-0.792112768544292,0.407370190745616
-0.622760720318045,0.458744734543269
-0.818443442533788,0.430673869873553
-0.799258342955324,0.311616125860286
-0.816147469930798,0.228678916385935
-0.839989127807333,0.0117015129325371
-0.890739322380004,0.100304659942586
-0.955351683913124,0.0378152979493777
-0.874320804224381,-0.105337207749561
-0.905449246322228,-0.0237351544396501
-0.9039869633025,-0.237366101786596
-0.901916350157724,-0.161303973446466
-0.907418576940875,-0.158318854275661
-0.891405292061469,-0.20182162134936
-0.89935964079815,-0.269941012504217
-0.694630366100105,-0.322902037779769
-0.792159615160022,-0.347643707163797
-0.878174414773572,-0.408344950195101
-0.73063871444851,-0.432074230625097
-0.857313155291887,-0.470510467096228
-0.777180084648411,-0.486190744331638
-0.732395259482061,-0.553331971603738
-0.878416425778886,-0.414643192415016
-0.706375369733979,-0.476192906409797
-0.784013479081814,-0.516094880350228
-0.776867448119633,-0.355275863730582
-0.776121036460492,-0.473572188911723
-0.78011941029401,-0.320271895032688
-0.812967617832825,-0.322858778658368
-0.811516393953198,-0.264926121308765
-0.801419130348217,-0.291768799104303
-0.805951824917543,-0.334156300274054
-0.850419044353127,-0.27723235489769
-0.80964939475461,-0.360277565424235
-0.762868132754276,-0.320801839281686
-0.869514053226166,-0.277480743664321
-0.865113474217735,-0.218673678544284
-0.927962878203388,-0.157583116747856
-0.838218264716622,-0.13569331570738
-0.965220597463968,-0.20110150962279
-0.907705022453551,-0.103200737988666
-0.930608372202011,-0.238079738279373
-0.862992887785569,-0.282640740033465
-0.863015656495469,-0.25782902396989
-0.674734804440773,-0.304284386450293
-0.863344507257753,-0.315306475841686
-0.70540537273738,-0.410691228528314
-0.703145891852133,-0.491300782120607
-0.671843822900396,-0.468414061790652
-0.591746939639421,-0.593628453698586
-0.430031054306854,-0.703291602942925
-0.452756827141498,-0.725914600214899
-0.450268489089474,-0.770837317834629
-0.392355921222622,-0.673472555043035
-0.497372114374907,-0.720471713263318
-0.452100440450952,-0.773302018665798
-0.490345357868794,-0.661488346823841
-0.374955950860835,-0.575943371352292
-0.398195222217893,-0.505321123674582
-0.557702275965222,-0.604890612600968
-0.494181487788078,-0.523709086819335
-0.707597651462705,-0.246309587424532
-0.458673594932832,-0.376932642161246
-0.685785895903855,-0.136017882936255
-0.898406951146106,-0.215650856982059
-0.659311238322293,-0.114818342686695
-0.872653106865842,0.0366645974738204
-0.849949206037755,0.0116521472782565
-0.884741717948648,0.198482263531742
-0.747517531972943,0.2973549317601
-0.926899618561238,0.278630882384553
-0.793870498148631,0.417276377861033
-0.813247592066555,0.435990153326822
-0.754321448189548,0.51558957304804
-0.675503489098051,0.52432110558379
-0.77842269751667,0.559760872721685
-0.542636437950272,0.636513279021763
-0.633876633264244,0.649507456695108
-0.590315491823721,0.689020678664113
-0.676801583109723,0.688968870856828
-0.530602862511331,0.724697356007432
-0.406933116051979,0.742243394747961
-0.565404476918651,0.769369069091825
-0.380809639062047,0.757196604915646
-0.571999958440976,0.763396077827179
-0.422159772753593,0.78643628180906
-0.424899907675388,0.784144280947398
-0.282352759452297,0.804097734097352
-0.371519431346752,0.808845933229478
-0.51159598134334,0.842668715973173
-0.42074598055753,0.68697324366025
-0.480651440412708,0.749802967838435
-0.410146482707593,0.733616717517924
-0.544832329233924,0.705363494719288
-0.603632049708017,0.67035034419047
-0.590841792829207,0.672020179814353
-0.61076112647537,0.646616679489175
-0.641508481958772,0.502994119844058
-0.565424789406418,0.593876097608278
-0.690971785469525,0.499497004927004
-0.456448803497865,0.500805646481325
-0.544467353218836,0.350773108799445
-0.60315877257462,0.499971817951058
-0.511378117983146,0.392734661169663
-0.371346428084883,0.528017967725352
-0.358999915902335,0.498199533753385
-0.0512530219957669,0.412588195814138
-0.246107078275694,0.528315872972157
-0.0970697176298111,0.6513859580813
-0.134402677092291,0.659135611980746
0.0277832302460373,0.763846265932067
-0.106802567500956,0.656971399979977
-0.189466074929543,0.745076656641291
-0.138299104506561,0.768741936573506
-0.0719899571560809,0.87773604520129
-0.0464119281593524,0.935276889492167
0.031805677078937,0.872537844983238
-0.127485593839205,0.893491736307232
0.0957972231630619,0.868007319037884
0.02805712559645,0.855804901802496
0.114018533178886,0.889726052328668
0.153628531857827,0.896860280413445
0.108762550931536,0.893276256690501
0.273469838486207,0.936558332179146
0.270032712732555,0.814337748730934
0.263702755612316,0.876928260242742
0.294577370729494,0.868031666723056
0.350240423118274,0.921868799690696
0.348427607257396,0.849582916945239
0.380632296802199,0.770771640447913
0.35344697928541,0.856527286058135
0.379955088992137,0.908999348256243
0.409533281228902,0.79635098676076
0.290047984162654,0.843446432466387
0.337698483162323,0.854196568877288
0.403181538887287,0.853484149415927
0.288968937040716,0.873010069324069
0.290190381240986,0.863501561498529
0.17601602862528,0.879464035795135
0.197973537969226,0.887985302965816
0.145761483385341,0.896930468424654
0.137773885840266,0.895002191259371
0.0630319957079609,0.912640960875272
0.0172372620543772,0.912559534002481
0.0972695840111595,0.882568263699044
0.169443100628347,0.858052753880013
0.00294391794051817,0.886355787093646
0.0545578796090873,0.964650086353749
0.170885249635897,0.793654530795343
0.156940662555199,0.880330165418421
0.0507498540130751,0.893111657103991
-0.10287383153355,0.909072170346189
-0.0263646472892143,0.916019691914604
-0.0667707490713028,0.895525229911312
-0.158347559540661,0.893279980640006
-0.0846007358239701,0.886325223775647
-0.222312839482253,0.826813200171763
-0.420051126423101,0.795550270552011
-0.322919066858397,0.796272927702691
-0.417688116867641,0.740050921716395
-0.48891451729243,0.650402841729129
-0.50510210714868,0.695234680473057
-0.592519504384004,0.559907351955208
-0.752425092163468,0.49535880922532
-0.770329658900482,0.459908781670362
-0.768570660955968,0.291449783124953
-0.923598168664025,0.295476301468832
-0.837917853427904,0.245566468800007
-0.885622395694288,0.116233263472948
-0.909686885568907,0.104045145518557
-0.907873845375445,0.0385466283322052
-0.890198897581952,0.094626408153888
-0.885554677135799,-0.0107094979026708
-0.841132007052768,-0.196632515288398
-0.94300762764782,-0.0447084788381768
-0.827203137073162,-0.224739072814699
-0.862719751250624,-0.311282170626908
-0.839578124308513,-0.354320039007873
-0.895152862743006,-0.366240795571727
-0.774407080267227,-0.432712788474049
-0.66834190614061,-0.500136363186825
-0.769199462306979,-0.566134772305767
-0.678681624111749,-0.587843369949641
-0.671878926520461,-0.608247556358421
-0.588753978903539,-0.617937567810691
-0.729974954790044,-0.62431811551362
-0.521972338822796,-0.682482921702938
-0.613234019683555,-0.679417880229982
-0.587224454246436,-0.694722178726533
-0.544889336958836,-0.726823977282568
-0.539529640418375,-0.766403012657048
-0.53188150154911,-0.762191935089049
-0.508235144270383,-0.800157414331686
-0.460276068294079,-0.834222308144746
-0.413794578575704,-0.862937161039875
-0.464894479252745,-0.807493010005364
-0.407094139392825,-0.885976392296649
-0.415186116265752,-0.866427214780164
-0.37013330953863,-0.906775920037047
-0.310080480580399,-0.925629967065107
-0.233139789718586,-0.956645776621765
-0.163100803362887,-0.97179265388434
-0.111805572830456,-0.973987306999825
-0.00300270750531218,-0.984234680769564
0.0963889297753892,-0.98384943777948
0.163871011496963,-0.97817224719163
0.245938231635867,-0.963849144221411
0.329921611007935,-0.939439474188456
0.36528272354683,-0.927650624341744
0.397539999037259,-0.913747396491188
0.408717324860812,-0.910541428355678
0.487303765197002,-0.866784726985914
0.286620962103565,-0.696753950166742
0.530845122945868,-0.842558469510425
0.596405174412373,-0.793475033545041
0.621651117701745,-0.777447556286189
0.688018527128871,-0.717943212623919
0.680361848186746,-0.721457500888869
0.671057631467404,-0.725051910125759
0.662525330598166,-0.728072747745098
0.675658093147076,-0.731925996551685
0.679265334680735,-0.725694077342794
0.402156597167707,-0.560391605864363
0.682866035796731,-0.722068152014644
0.677577423513076,-0.721594616534997
0.685499799052336,-0.712192406090823
0.772051694921078,-0.630822987385353
0.790554375155177,-0.564073381116259
0.811143120185634,-0.514367753631487
0.799163994812071,-0.579097179819942
0.814497927678227,-0.5536990115082
0.811043553110335,-0.570465069128486
0.828992910696002,-0.549517719039313
0.795357196067502,-0.593253012993361
0.8315456766444,-0.554247002745727
0.767563054680762,-0.631045768324509
0.726738361148025,-0.678797265624494
0.647815743934616,-0.755706098567188
0.569558565980465,-0.800781382030532
0.531334651881254,-0.828499445219513
0.545360926624066,-0.829684621805447
0.539521038335854,-0.83783143200276
0.530640523722404,-0.844676093506262
0.53926473290229,-0.825224730907983
0.391754784868202,-0.876984975103952
0.481170225562814,-0.845156918857732
0.538487826889681,-0.836615453492833
0.521950289851876,-0.852188567889494
0.509138683274437,-0.85726619905053
0.539966028421105,-0.818424378985302
0.538141751618967,-0.826677702521954
0.550524173294764,-0.811259694512044
0.586060974775233,-0.768773765128496
0.582969606498955,-0.747822706803009
0.623933346749977,-0.721055015726386
0.664305784065122,-0.678528985058708
0.598861974086122,-0.722814011457153
0.508733101964346,-0.548011394616721
0.546920596434217,-0.52695806323121
0.778388805793611,-0.57932345218819
0.778616596778357,-0.351800404940634
0.67782519118701,-0.217862357377925
0.627417508439413,-0.290527162930446
0.809658327272698,-0.583518849717915
0.87009920189943,-0.483275006820397
0.851132267868869,-0.524546865626952
0.793541618022671,-0.59965087824223
0.806987849187692,-0.576979827136114
0.795424383500082,-0.575280747657773
0.850035934438808,-0.508229370866929
0.736685710896735,-0.296652641225276
0.829267997177592,-0.451715612558272
0.598430744236056,-0.234767233308625
0.557575580211015,-0.304201013360278
0.799543126137448,-0.496920136162976
0.790874003860319,-0.518748738613081
0.857409022576321,-0.460931563777007
0.784870205555635,-0.598262859253008
0.661044453967159,-0.534799239267255
0.79077591480872,-0.584700927918489
0.732081977623106,-0.611161879377245
0.769174484618741,-0.536610470141656
0.779655721129571,-0.559926125957505
0.694359882373565,-0.65942048141676
0.773428646286391,-0.447182003865354
0.565592468190183,-0.492067115874975
0.739620291153847,-0.463317209573529
0.710873228397207,-0.334623797771387
0.783169862661848,-0.337430057698483
0.632506732750976,-0.401384337904425
0.481060246986272,-0.0945644427197547
0.582618418278381,-0.0803728630978757
0.750401051889042,-0.18270690550839
0.765053863063029,-0.213648813018591
0.750329569648925,-0.100592468166743
0.875585055870267,0.0397544095516235
0.924977666082118,-0.0263956380514531
0.959019598094544,-0.025446017675523
0.958434982291684,0.0235315403927138
0.886638177461309,0.213957574563729
0.700827276771655,0.13253986885753
0.82054738049991,0.126699867022498
0.972339675416664,0.131340244269915
0.972832291865401,0.125513665749263
0.976475252552627,0.136008212794373
0.963725395305369,0.194618879010721
0.976297685513721,0.108266388842433
0.955399912884855,0.148631557273518
0.881039786695314,0.0236095691131156
0.785443959912566,0.080533214152225
0.79587453261428,-0.0372614888408491
0.678625401117779,-0.166757780706308
0.752392553268208,-0.0442464028874194
0.673726925551051,-0.210719604546574
0.534053714921634,-0.441746584090146
0.560325695922891,-0.265137265741227
0.403805764381188,-0.504858288613196
0.514301053259605,-0.391986906676044
0.262675920106325,-0.46320957854713
0.559996211057206,-0.520156690208205
0.459394695954264,-0.630607161910995
0.421364526052875,-0.6242624061741
0.429838818708524,-0.699954532853695
0.173344449464288,-0.390786764100669
0.337222424533898,-0.59170287837283
0.25137826502784,-0.456849778110748
0.20445142711667,-0.370008496609505
0.0683423234189836,-0.386492200553533
0.0598637579049762,-0.438285979133134
0.115566592560078,-0.155002250332227
0.0236023110741646,-0.153592540754202
-0.0763441361516796,-0.184311048905043
-0.354146712201485,-0.362210353965177
-0.213388347648318,-0.0366116523516816
0,0.063887656499994
-0.0494047371461192,0.323051632215138
0.0701588798508612,-0.0101355536921816
-0.0437759002028094,0.238697562261631
-0.230388811131304,0.210471529247895
-0.265165042944955,-0.0619951453982974
-0.0300592326721887,0.224706263415581
-0.452613084542209,0.167465874346836
-0.58541720951108,0.0938598315405813
-0.40388884703307,0.204846096276592
-0.563310679812334,0.514504853169495
-0.529639680532284,0.529102229278395
-0.451196147262246,0.339685600172284
-0.646182070845735,0.287843460367866
-0.806797780879845,0.324148298621433
-0.847253353358035,0.332339764996436
-0.750732517844977,0.427242205696331
-0.798990188593744,0.41354004317652
-0.611648175072344,0.422038328623366
-0.819091571542933,0.449819517470285
-0.794208289397668,0.520197231569607
-0.754389409690449,0.590730922471891
-0.647166354687683,0.453336948915995
-0.7976322590325,0.487006368425929
-0.653934322617203,0.635985992959297
-0.502188864863866,0.726153828062986
-0.67240693319129,0.572573529968461
-0.772330090644527,0.515090202047429
-0.776088830560586,0.407535350474282
-0.722020909208788,0.440141619297446
-0.774788916863386,0.294803469051047
-0.739247933548233,0.254537770932038
-0.748002358082693,0.167640558036186
-0.789237211906825,0.199630812039497
-0.658758084068893,0.200526051885221
-0.624369915514159,0.16012492534024
-0.659535631659766,0.272299209228801
-0.651339372092613,0.219434436777843
-0.619395543842616,0.163087695206427
-0.519868659596525,-0.0326121326745216
-0.482561024919498,-0.0394847431785744
-0.425861773322721,0.0616455131402679
-0.220743812639035,-0.148349102246425
-0.251637062855816,0.0652692480856046
-0.109527577818369,0.268290876592249
0.107097386905622,0.0302784443497316
-0.00478017010871911,0.218651035600773
0.26774894711769,0.207798564178577
0.129780326153603,0.258211131119375
0.275816225562361,0.212338667289193
0.248577134935404,0.356525648921809
0.385756016671246,0.36097148317948
0.0913196714045312,0.535806528302974
0.201912963029988,0.486915140561288
0.096273290404906,0.66743538182569
0.159420148802195,0.764470916419061
0.310008652032897,0.788236282752709
0.265918165410436,0.728213590767549
0.302103981565548,0.719996601412487
0.457918379347049,0.722236663403221
0.485979094713087,0.821379803275009
0.560214654054129,0.755791816574844
0.561753035546998,0.74376322878326
0.611213789979419,0.733400729835373
0.595373465673994,0.704275056340742
0.643682078908391,0.687913216060983
0.627765369296092,0.641722408899589
0.678462633627518,0.636213745241806
0.670034626764796,0.619936928563734
0.77265742380049,0.548465269010716
0.736165090761634,0.462636940318208
0.785416977900579,0.44495465352897
0.736787611256262,0.382421348413491
0.769524938516403,0.34893866746312
0.784598850657649,0.350988011473563
0.809049990556069,0.288656471432957
0.814556506101336,0.23106870322184
0.797289886505353,0.124463280756073
0.847497112447658,0.0626810447465534
0.810510857082027,-0.00283450559039315
0.821811716855647,-0.0589247571231885
0.754700114721428,-0.205917916694799
0.732648078278765,-0.223980929735342
0.724843840761058,-0.324633581865122
0.744643577734974,-0.367656991267248
0.729384365573277,-0.375506728562966
0.733864716608014,-0.467957049604259
0.72862492107672,-0.4852251328891
0.698976099509643,-0.548240695170116
0.684936652993821,-0.5085331081132
0.700530694594556,-0.536686037524112
0.720937666785744,-0.476446611589535
0.738091616443445,-0.431851408822627
0.70905508740776,-0.305531062735161
0.749862862306788,-0.401973615673736
0.678896735823836,-0.371568702380707
0.666762505315914,-0.275780423964827
0.790382888878213,-0.109384383109364
0.789693844384719,-0.113651132347973
0.786985879887036,-0.0746022394167569
0.816802149180645,-0.0358529103827264
0.79529984059692,-0.00391255266490304
0.780240629690872,0.0548256005634622
0.815083686230402,0.172367900058842
0.76051115102062,0.289052817764891
0.709366010645834,0.0990099730536648
0.721674158770105,0.244711240717649
0.738839668803215,0.327385014499148
0.70301996038953,0.364931309251622
0.535468753084272,0.401206490236307
0.55538917185294,0.42140025458493
0.618397249015586,0.526927158082485
0.706714784259148,0.463961588576187
0.655859684439426,0.535401633442973
0.650224551750777,0.519224935158542
0.541681081498688,0.662735986927553
0.579561251390684,0.610033325597627
0.488941643803203,0.697436569339132
0.426190143658906,0.726893468796808
0.39297458845125,0.74024566660399
0.36527507144213,0.764524269313114
0.39221755048719,0.739601054536344
0.363548846396357,0.750109039664434
0.398747347468313,0.740424522392928
0.461227502750316,0.703273707146662
0.391575846427949,0.732811087701269
0.503391766454239,0.674052798693339
0.484584005569816,0.687426559140956
0.49486039027539,0.659742365440834
0.597709721899104,0.637036431742131
0.439109791686129,0.611557536191741
0.568076498885346,0.621279776589912
0.645214097087874,0.607816086064296
0.643867688722699,0.622830701249322
0.64761954640957,0.635701021485239
0.658699886102022,0.666212499799441
0.64451303169569,0.666523878927222
0.610049518844298,0.699096516831441
0.634048633284097,0.710885535498388
0.620045419357252,0.721991021472573
0.646618351398861,0.703238123400544
0.64444285988308,0.682788163891159
0.638927498869203,0.731741574031717
0.625446193407813,0.759049548295948
0.648654647376023,0.732986010031862
0.596806362715687,0.767324079532956
0.41761304998809,0.852635352005357
0.425558574803642,0.853801168330621
0.312065181950206,0.809972055140303
0.249203849321655,0.915950984521008
0.229082849298987,0.9160175895276
0.25107352068139,0.921197272022447
0.175983221209622,0.955694406507494
0.222353874909335,0.94953644934831
0.249196605854987,0.92900050409207
0.140979099083991,0.976968831994371
0.0836117624210582,0.980734961773635
0.154821152735773,0.956001598928102
0.0844265084812934,0.985382968720553
0.0515648097729404,0.98378869280394
0.0534546965150724,0.897827063090883
0.0921657622388857,0.982451880077121
0.0679519121729724,0.967903630283109
0.0120094635419533,0.994902292921935
0.112552375283404,0.964418901533119
0.102513145640236,0.968164074231937
0.0739777176479686,0.961725329488734
0.0189423716859898,0.965684760574115
-0.0404018928251756,0.897648023451923
-0.0302966282592977,0.956017158868713
-0.0503709864597283,0.925144215612018
-0.081069518719183,0.942373960757224
-0.1866601997145,0.905891966407028
-0.225669748533413,0.854390448939737
-0.254633682567537,0.842841989420901
-0.266588796119238,0.797096862500526
-0.301218027391939,0.857283302419714
-0.304656534185525,0.841503959023643
-0.327115621983959,0.78432105588274
-0.332394203156285,0.81482983882706
-0.355735333199955,0.769682791079423
-0.417172370771361,0.774898194153362
-0.433804053449203,0.760332759846691
-0.484432189166823,0.684736517524514
-0.519633054245299,0.69514295305037
-0.594619406302908,0.543340961929173
-0.605487216989959,0.588502428297032
-0.610465356014388,0.574839408833875
-0.582030914251689,0.535563924506893
-0.613862292940023,0.53251261361618
-0.666078279261257,0.497238745816258
-0.713047667297014,0.441274939069695
-0.681086422389975,0.533929540858886
-0.688297553046313,0.464593870740252
-0.666952339193595,0.471765500640783
-0.574839229195681,0.401011234354404
-0.589489730198375,0.369410648289706
-0.531408119780758,0.462096707666548
-0.513608461026742,0.43888491241856
-0.522800179160893,0.464946679937595
-0.481243695016561,0.512042666464473
-0.367040836086956,0.444835775572705
-0.407966530593278,0.403926627841025
-0.319213269297464,0.294260841414456
-0.262511909969064,0.327288568752052
-0.290245523113717,0.316372027346801
-0.101633475544854,0.330618446308501
-0.172825837946604,0.27241801727372
-0.10456892927064,0.260678315037298
-0.153212335571079,0.0391642496221749
-0.145038430040683,0.102874727905104
-0.265313725229466,0.0598147789436343
-0.194756794285868,-0.0330676018973342
-0.181630956122454,-0.191167273083091
-0.137041966752403,-0.281789635493457
-0.195734205149815,-0.168322846424704
-0.197590397906398,-0.298483285422125
-0.27190331749509,-0.578312009804588
-0.151058011482648,-0.294319130758815
-0.222190797648951,-0.431909689397625
0.0882556611859639,-0.694473623154423
-0.056766128554144,-0.661592227258724
-0.0213370232978141,-0.626775884581736
-0.0932513195632017,-0.643510168022221
-0.138697570276769,-0.767115362760444
-0.217620519197911,-0.7097127976783
-0.328979086956917,-0.752535161443622
-0.415481214689488,-0.734403433551442
-0.310154646551181,-0.854684304184881
-0.383298108583591,-0.780340420873381
-0.382834341988136,-0.827485802072772
-0.371031613331708,-0.799915164306902
-0.349626943718663,-0.80488428751895
-0.351768801150856,-0.814365072048098
-0.384140166083108,-0.792383706962063
-0.403790904478505,-0.781681722033262
-0.38444828168742,-0.784614073135861
-0.415010165142294,-0.763241164613742
-0.378038817374477,-0.814732189716702
-0.39940183785566,-0.772119896545257
-0.399402731812978,-0.772998254160047
-0.366262065592765,-0.793445021326113
-0.350713263912374,-0.802350456542606
-0.376918871158503,-0.81982590142484
-0.391649998221156,-0.749687401931297
-0.399076568696233,-0.817943998995372
-0.37949967454825,-0.746044996559307
-0.360207644316227,-0.79427646716975
-0.374340193002734,-0.777198655005097
-0.375376039841127,-0.773074162187094
-0.372247187643508,-0.782021329751879
-0.357452855612071,-0.783659533069873
-0.350000064696174,-0.778290099284416
-0.324179010913693,-0.792339062765495
-0.376575337403136,-0.76623056006175
-0.375406719525384,-0.76876942499709
-0.391294343430493,-0.759712726524771
-0.319201463575446,-0.804620636679233
-0.273942518192227,-0.810694084861253
-0.208911234034757,-0.815290938259115
-0.185325575863126,-0.859646963932296
-0.168751427086721,-0.843161102388117
-0.223599983136942,-0.846956960322819
-0.018175437573067,-0.88080285110497
0.0384427331372918,-0.875679843613026
0.0399021868194817,-0.895026019345159
0.108862653607648,-0.894201299861804
0.0400929707726049,-0.897651320090249
0.137578173145368,-0.921627048351912
0.191263826183374,-0.889809253029178
0.207254575118751,-0.957899290411179
0.230855979866015,-0.886324516107663
0.207652762155286,-0.884750693771802
0.267932447248461,-0.939154906383471
0.272006309750418,-0.87887865757776
0.314982799724289,-0.901647704534818
0.304701082436119,-0.867066816282107
0.330296569878945,-0.894391783746905
0.339510849307901,-0.851465960536383
0.481579774379851,-0.787037739982854
0.245264611357441,-0.734670879179811
0.356226502753494,-0.88746925870802
0.376611865073595,-0.839350661476889
0.400985964236985,-0.704989074930552
0.51683508345681,-0.794400031965286
0.620857651975554,-0.614569833944158
0.490116145613596,-0.673348876357013
0.639566388833754,-0.609838235763526
0.677503413053706,-0.636220978920746
0.740874328292359,-0.495347697317605
0.771254455499055,-0.461595633129303
0.834247791996861,-0.48734369668658
0.805709541484481,-0.509010207531395
0.712815770976094,-0.484982614468662
0.825106390883897,-0.43256533467023
0.767515459173822,-0.474107398499812
0.837549134750757,-0.378052532863428
0.726601011808835,-0.337694305563256
0.794315728158808,-0.193613942044416
0.811851146130887,-0.217005281426789
0.789946412380834,-0.0428300128900911
0.870046206989136,0.100388853706743
0.874131111699217,0.0750433379812667
0.839091522133755,0.15519792017339
0.809428863343355,0.239841758239326
0.790056684939845,0.221035477934728
0.823748538481853,0.309297125277857
0.781605112118306,0.373145913312818
0.78276165344271,0.406341828118011
0.763201623818364,0.390554929302756
0.748459261624759,0.491781206837557
0.716060665107979,0.516983555942746
0.683383300515023,0.536487341323168
0.722929278668373,0.58043241357136
0.728323875007525,0.606739362465948
0.718261465971605,0.629861523006202
0.638066529301623,0.622646899145826
0.687718282071353,0.66807459872691
0.623048064262886,0.734990013570591
0.55566718168479,0.794606645961286
0.500592370504649,0.83423892758299
0.462551566559519,0.763825139126444
0.428659559672022,0.872148731249626
0.431726491972012,0.877582143020472
0.370609576663492,0.893348797834248
0.347481339600545,0.919477052703357
0.264492829471713,0.928353532641527
0.212719919676877,0.905404329684441
0.268351773967619,0.937929038272713
0.215951298948489,0.852339537043543
0.252028685344201,0.940259945780799
0.202521432326027,0.902878268834529
0.339489709006155,0.910295824881755
0.315263044185745,0.898485039955487
0.40874253248046,0.892547337540036
0.393450682205284,0.77196212164635
0.343280080426207,0.879831417069307
0.401450905355061,0.892026260966623
0.342812337790914,0.916181832245978
0.299601396597355,0.892007271446862
0.285326488271962,0.937656802771793
0.155353380912524,0.911546366205435
0.198535334907295,0.961989896705283
0.253799522041944,0.918218427042859
0.154707266723257,0.845339080967567
0.0208319466938673,0.971812419043908
0.00536601533830263,0.949432153357652
-0.168572135301685,0.949718666587766
-0.204278622086064,0.933747226040489
-0.188146385246895,0.927413078257837
-0.280256954818312,0.866287121332855
-0.369495910197313,0.843802219889634
-0.348007771303839,0.831671793976244
-0.314941922469247,0.880240368748639
-0.360773306628521,0.793618771192408
-0.50681574116764,0.612995095813251
-0.363797659617928,0.6487867728264
-0.283945681937668,0.641911892061656
-0.333018120735643,0.639764730659487
-0.335727656508063,0.552941082451706
-0.443969375648656,0.584112022966094
-0.321294316116661,0.545654077172749
-0.382738836350993,0.527018891754543
-0.514535773978681,0.598798480484041
-0.302389281655608,0.532057391579477
-0.586820510641572,0.423406189454305
-0.551858282093899,0.597923815802236
-0.592307584548666,0.264012843293406
-0.590360011312986,0.183256376488732
-0.767479999124315,0.221080937540495
-0.872236280941293,0.00433342925617295
-0.747346927178065,0.0886466603816399
-0.893834521322243,0.0431497287772476
-0.826122153339188,0.0222702770288044
-0.868598392011916,0.0240933564133577
-0.842031061300416,0.01170699454779
-0.86540281893341,-0.0982360772610367
-0.787246915404445,-0.188311925189634
-0.852373725337481,-0.320175649323913
-0.831134524721292,-0.353625395787739
-0.831331138634713,-0.432441532725529
-0.811854659336973,-0.451604978736585
-0.701709088696905,-0.499957999839788
-0.731811875818665,-0.556881351759334
-0.695098643474415,-0.632708173815999
-0.679411783047873,-0.611795747315114
-0.628609534937786,-0.654999891300433
-0.620170239385432,-0.660533615024712
-0.623071488066605,-0.733572925840349
-0.55791457314694,-0.704936331379582
-0.576488367202081,-0.768023296016662
-0.513414061319971,-0.704085095977632
-0.498390171046862,-0.740644888425751
-0.490697415997333,-0.746908184766197
-0.500970433627532,-0.740244171003414
-0.429124967529886,-0.718587994538615
-0.46474704384484,-0.726517138403226
-0.486973991445516,-0.736174744455552
-0.467803589494012,-0.722116510532459
-0.420782808681567,-0.704267316513135
-0.470260469595252,-0.737214570122555
-0.440767928625918,-0.72912990563456
-0.511376635176416,-0.716550830957267
-0.493558127540014,-0.726947217019024
-0.516872211672738,-0.700173153169691
-0.511661166852454,-0.708391846985461
-0.499067772084755,-0.718241716870013
-0.489049319274214,-0.712480903420835
-0.522875218340932,-0.700942172605832
-0.525513346053423,-0.707722569210239
-0.539460058828838,-0.700532733528342
-0.590064914536813,-0.666934216534917
-0.59295474455165,-0.742677859402395
-0.616104667999863,-0.657586771392024
-0.629077291755907,-0.61812846819587
-0.581029385286565,-0.662294083187064
-0.667755283831123,-0.603721812306319
-0.646262606480541,-0.626248284212237
-0.656015945063908,-0.616225714874194
-0.71631915155696,-0.557144127459171
-0.736048457424131,-0.533384462360325
-0.695934018237813,-0.548092658360018
-0.742057264843775,-0.540590521530304
-0.699467708961992,-0.547480058323289
-0.762330545122063,-0.525596235232605
-0.614918684543491,-0.572594364675066
-0.665756324619997,-0.635240650938232
-0.676119028618073,-0.591512204423019
-0.705986913326832,-0.558050472652852
-0.684129374313047,-0.642611913176533
-0.660258881714438,-0.597134617160627
-0.608860329643426,-0.591230686833938
-0.628848927761905,-0.609547839601472
-0.623292004436939,-0.668641354172695
-0.513436361428346,-0.560024372027317
-0.562814498136988,-0.763636556979048
-0.52421462256054,-0.762807707324158
-0.502067604807897,-0.690372153708843
-0.429294799312005,-0.828248914397159
-0.436573816276419,-0.760643246190406
-0.450219014307327,-0.822262225580712
-0.464960005611203,-0.730703315172241
-0.465989590206207,-0.766054859644017
-0.423181522342397,-0.717935516611298
-0.36133032916991,-0.772909734559092
-0.374613019898081,-0.808840891605574
-0.223986184917869,-0.758475286403246
-0.207269732737923,-0.712451986222746
-0.123487078202851,-0.742066265240638
-0.00239152886829443,-0.667042067312943
-0.0158981620138928,-0.854567581870124
0.00361707380337321,-0.764604851738208
-0.0212204159530992,-0.712485676557079
-0.0478274349833697,-0.662757753378566
0.216516094677264,-0.718353407974545
0.109939791108885,-0.835781635663178
0.189847753751194,-0.564828970806886
0.299862506771399,-0.657083032754458
0.39011420345278,-0.671704992675602
0.491363463154128,-0.590143670805036
0.305275983013029,-0.553884523854605
0.5402635349437,-0.442632109403181
0.697071228306378,-0.396448439669469
0.780628067381654,-0.34401051345562
0.752129524754295,-0.344348086865882
0.814800253059862,-0.150735192050383
0.890355067494839,0.0074635913987608
0.873449586308633,0.107338301263551
0.834437605038893,0.190104840406418
0.862554245170023,0.264374818702965
0.820657638502564,0.283781340667196
0.812992887540012,0.405456818198554
0.791847072630244,0.288611231977797
0.808697726417022,0.377332303496229
0.539439420245636,0.284260824858871
0.793802286936008,0.417611737125107
0.745478824350545,0.485077455762675
0.73723911438336,0.47100492900059
0.720889849520179,0.487677135332758
0.668137150795361,0.533272708853016
0.701634536388908,0.638313646292624
0.598472849081548,0.527315292698754
0.59342108149434,0.546628910848746
0.559815519601498,0.576140660042861
0.608458818945038,0.540069511380297
0.489449241428573,0.544288380011749
0.538714537354544,0.587365713460866
0.537210663601759,0.575060525838638
0.464766593503048,0.621561390043701
0.582923972079652,0.611708168267972
0.487990173570848,0.629984156990684
0.57891258801645,0.581841691901951
0.719828730208228,0.524931613545226
0.733108657461283,0.50632685826586
0.68978775890487,0.485845052530729
0.707784414456611,0.434503237790255
0.785546102652668,0.227378125503795
0.729488984269166,0.144009207821142
0.84476593290925,0.0645136697278224
0.858652548841312,-0.0543830634455104
0.872641411133243,-0.138969943671067
0.839164782733616,-0.165650047565314
0.813131992242651,-0.177569676713542
0.729823428473854,-0.391557955005595
0.742504857632681,-0.23158996964834
0.724870520078641,-0.278623368789609
0.686050443792783,-0.527467889408085
0.572208720048684,-0.603546993080016
0.504392056672029,-0.726440591467191
0.48815022643879,-0.72506926178198
0.473937686292437,-0.604195127762296
0.346988409446648,-0.640650352607688
0.195459347344139,-0.774169552750283
0.0844604458735582,-0.84760921349785
-0.0674046728335537,-0.824858457629426
-0.110261815690697,-0.840316488043577
-0.162638918601199,-0.811752509224975
-0.0578945454576218,-0.751838203302977
-0.0863311278384437,-0.76964578757561
-0.241126825490695,-0.833478656557719
-0.356444548045131,-0.894381372629402
-0.374233133064201,-0.81695142109258
-0.450837071721975,-0.823395663854089
-0.390072399438304,-0.766034232847247
-0.324955643851725,-0.767206448959309
-0.401861349021375,-0.731501516193452
-0.44700965626159,-0.5949092506587
-0.565997238610587,-0.633724719684855
-0.567421899888186,-0.617875505732319
-0.608588323849871,-0.629731019003009
-0.645673666198855,-0.627164864533403
-0.635054348137281,-0.553205978342133
-0.669410765340162,-0.457127227855907
-0.760656451173231,-0.430378269396091
-0.679672967608373,-0.466145323709659
-0.697098397714653,-0.434418864472004
-0.799291772311743,-0.220300450309672
-0.787484143788777,-0.317445353541849
-0.811330892181575,-0.234561259004558
-0.817346557481161,-0.24368410005036
-0.829725393911868,-0.220880888530062
-0.834197867931498,-0.209187144984206
-0.821452606250235,-0.23821545936347
-0.816231321328383,-0.230386950504081
-0.826639175458075,-0.226391520938806
-0.814565325586253,-0.2607559465655
-0.843878411384147,-0.19463727917061
-0.823879213825848,-0.232133681301172
-0.827248854592243,-0.241484240984161
-0.804295605509115,-0.295135667894538
-0.805307096941738,-0.313317071352801
-0.804633195347517,-0.321080964695161
-0.781824659507879,-0.374251544469283
-0.783115743099856,-0.365482577069883
-0.760693858883905,-0.39639101500373
-0.823832288551162,-0.403932868288212
-0.754246931929167,-0.36638913579813
-0.757040892728366,-0.340721306270994
-0.776926019124484,-0.303381278205677
-0.756541699996961,-0.364781170142991
-0.809329109594481,-0.250482532119169
-0.877878099604492,-0.273117021920186
-0.836986673035667,-0.206328049805388
-0.838930439143406,-0.199140040141341
-0.856474945276801,-0.127227558022543
-0.852488106076891,-0.138266223870107
-0.898525474614575,-0.202451989015836
-0.85736460816012,-0.0387705493606324
-0.856614885862253,0.0153081292185285
-0.906433534717962,0.0380723093234967
-0.868281115326324,0.132923703799205
-0.912011707623414,0.0902720256826952
-0.848099950311873,0.173500727364413
-0.852988567578547,0.248288687588728
-0.824246944100805,0.253214769549339
-0.865522788791669,0.303034752366078
-0.827794415215052,0.256228188660279
-0.871907107590476,0.295590807277199
-0.798290705940772,0.265733086290602
-0.832578185620313,0.336615291410205
-0.882719324515524,0.285576754657253
-0.83116701001138,0.286280802336075
-0.845627444453308,0.35655081731056
-0.837850442974626,0.44456383546761
-0.775580198656289,0.452471388859132
-0.766882171488537,0.40993855122839
-0.770146947131215,0.476145922818951
-0.760100658870365,0.491150262032771
-0.77348562061816,0.567528443607108
-0.732833214659563,0.535426754267951
-0.702683026946852,0.617379561466501
-0.663981796058955,0.603885942450438
-0.715248878364998,0.643595185595113
-0.65040420980238,0.669237949868755
-0.668976294924018,0.64846010823267
-0.660966939405443,0.659363692799524
-0.613579325680879,0.660664008251903
-0.636188019451491,0.663874844295531
-0.646211722291989,0.623398153628425
-0.644240548391076,0.658170242078517
-0.673477674122152,0.688812488730696
-0.525784735170846,0.722346189178447
-0.52436697134719,0.771065717235071
-0.605186420852852,0.763470755677599
-0.574989100290019,0.782371950387382
-0.511508551878357,0.76254288966322
-0.593668096196481,0.770205736880656
-0.457349856629778,0.73796798969672
-0.50359466586892,0.767657974182712
-0.583267612227962,0.771181041319093
-0.577833754193563,0.70733271358958
-0.628273180309378,0.7298723756439
-0.573713026364025,0.694254259369002
-0.542169678013388,0.652167602557962
-0.574452607347974,0.614774403484195
-0.616327557329935,0.69474227012248
-0.663358099530292,0.632100984750057
-0.714674468391493,0.547873740335342
-0.651400266883312,0.544277338473052
-0.687389975861044,0.508830382861616
-0.743031571352363,0.459883375030268
-0.67454837000067,0.537740181285445
-0.679205041033796,0.560481848423144
-0.665334193062192,0.610683370356485
-0.624377620744673,0.651480902877529
-0.612409847158527,0.66670808418033
-0.551404832074761,0.728333265085574
-0.543432927946518,0.74412970769278
-0.493290641908797,0.791706943544162
-0.499976101576036,0.755619917582196
-0.47487186002445,0.811163441022169
-0.463091643683451,0.809871270359858
-0.41412292281434,0.817010622712058
-0.486996417038131,0.777642442180625
-0.409242026505995,0.846716175249846
-0.411154132649415,0.820242247139573
-0.377914493887559,0.866527643224967
-0.366100577718554,0.819621182221457
-0.327485992794582,0.838920191762723
-0.348372144414351,0.885709585621324
-0.267195855933458,0.885461452109946
-0.237152587800059,0.878335507008444
-0.209456523883436,0.900110980650257
-0.147246276599227,0.880069535910974
-0.241615866688555,0.872104136703801
-0.125696442141587,0.919815315906078
-0.0884961880445053,0.927709644180791
-0.0343832278731689,0.900341308969008
-0.0830025213297158,0.957741842530045
-0.00562808620663575,0.932174366613171
-0.0306822489480374,0.939640569092762
-0.0329244920561519,0.894806724598074
0.0383239684964155,0.933796900484567
0.0517228826535416,0.908471114032935
0.0564752768573771,0.896751382303048
0.0360782154055397,0.945614300397399
0.0253986924633678,0.862411524176152
0.00591885325373527,0.918193851024724
0.0312601974348857,0.892609529318503
-0.012286008851113,0.870618982740828
-0.0541303749997199,0.891590038024715
-0.0469060935356013,0.874456489404601
-0.0169182568290842,0.895056546737705
-0.0650470976736312,0.870265802119154
-0.0742487528024254,0.871126271928793
-0.0495723493531417,0.870029161306925
-0.0433652298985154,0.879824233926223
-0.0426638820604779,0.857969464847648
-0.0287621223674596,0.866556634973972
0.0230527677909743,0.88538233385361
-0.0519025927956155,0.852376171820816
-0.0740313944849687,0.846729857420452
-0.107968292380227,0.85664885021361
-0.0282683523072196,0.86264372753429
-0.0382497708521684,0.850844010136316
-0.0180883389738759,0.874907309749403
-0.00651649418958363,0.849652192360462
0.046063191685002,0.910621188544693
0.00604266400479748,0.848290979276153
0.118841459600486,0.879796417505765
0.0989515285085319,0.859126338233714
0.12314075755773,0.879938070858192
0.166264800990984,0.914820445507098
0.186135186938392,0.911259179896442
0.210226035774399,0.908794624278645
0.266233069185138,0.899151453327607
0.283150641792707,0.895653279768077
0.294171500909312,0.939785035901971
0.331550848262669,0.912581953895761
0.354485431313903,0.903872794272616
0.411514160120289,0.882795912691291
0.428594551768077,0.893955818297484
0.381261102974561,0.835236141952345
0.422602054492746,0.901449572086821
0.386556196336884,0.920975256780377
0.413500989727617,0.898143024543064
0.389859386418216,0.898076046372288
0.379599226526103,0.913288190753611
0.289158093712755,0.899519958965322
0.313513326939431,0.93193200540467
0.336113238277921,0.917622744936838
0.348523934786453,0.917991773230974
0.333265665363091,0.930733301185285
0.398751710779594,0.816905316773692
0.342767263695378,0.9267928865207
0.392875311298852,0.88318366713229
0.343752433776989,0.879800802564367
0.481957085764173,0.859102342766469
0.438072608921952,0.859780319253514
0.473903063641261,0.835113905590345
0.548427733993281,0.812505622556338
0.511644719489221,0.780336583373796
0.608468586617244,0.763812125355782
0.581956356210192,0.719707577322009
0.625681184850745,0.676140689942377
0.629444131121367,0.642994713432241
0.644041599639976,0.586654886789058
0.644456074420624,0.586547141484107
0.634183056560779,0.594026441742064
0.667559601674996,0.559126853740043
0.689231891315017,0.530055266933811
0.698665545346028,0.49397027502658
0.563551485320778,0.480982316308864
0.708947853578899,0.458005879431816
0.736444150843886,0.406739925203321
0.714312088690436,0.43099543352917
0.745048198451253,0.357269975477512
0.801795931699825,0.326550952547984
0.743178422081527,0.350529919508928
0.778233843234053,0.298936840419622
0.657214341976497,0.334224106500443
0.786152276819481,0.349756419585263
0.752464177911867,0.428867145318407
0.753490502443999,0.420875612902336
0.740577026292827,0.39868434410361
0.716816048336298,0.469701549783364
0.735696533816001,0.416444751283105
0.78198066587373,0.44121903403458
0.728615993016536,0.370851464562642
0.76253528050137,0.320194890275083
0.746261348501738,0.354697354066018
0.806123148606118,0.317713124958
0.78938418166083,0.262679144154019
0.80051363968943,0.286684489664329
0.739711502250915,0.2478041573879
0.752448584889446,0.177960142171348
0.873986818228136,0.167414777034284
0.85157361931682,0.136468756454852
0.893389495545799,0.156024727076232
0.891324165866648,0.10475343744271
0.829238635328016,0.139794505706258
0.857801226958441,0.0970210603448028
0.872280464154703,-0.00108404169739788
0.845155294055482,-0.0088793881449502
0.816971246776887,0.03618683775502
0.832879216199502,-0.0359056396256368
0.878080924717143,-0.0162026319864815
0.802452203336884,-0.0703617882993456
0.834018007792591,-0.107481628708743
0.881578513816536,-0.143342175801453
0.827060900650488,-0.164227125888521
0.6812401830999,-0.121655138272186
0.832990875644707,-0.164307776846469
0.755967534879853,-0.253420460474575
0.830053991148472,-0.305463459085539
0.762612545330957,-0.335244686109443
0.821886751262216,-0.330655738484634
0.744386315267577,-0.301092780362931
0.812000553198392,-0.405715550888626
0.746976621729137,-0.360766881480839
0.839035168904005,-0.347071863696123
0.784657310283315,-0.496527342346086
0.697486913165072,-0.518954787636669
0.707467745156951,-0.589728400706338
0.763785714940611,-0.534065475387327
0.673094423660089,-0.550060508575978
0.700969176605198,-0.605426882579739
0.667635799395109,-0.661195360614929
0.60729412945315,-0.619533484648261
0.511672073988581,-0.719676421656737
0.534916923096551,-0.794659683630997
0.450798498998785,-0.789309925083597
0.447691034020756,-0.835895978344592
0.301717018972301,-0.915637574459698
0.222903536156513,-0.95877899105617
0.108521601594575,-0.983259977766443
0.0646144784629933,-0.95432874338385
0.0483513724018356,-0.956644727212734
-0.0167958112949611,-0.969966467892265
-0.0603426993524194,-0.982689354697597
-0.0722324462785458,-0.966031046136612
-0.174163331687764,-0.969600797354628
-0.217990902607505,-0.964144875951835
-0.296614073049339,-0.946154282636063
-0.289742165899345,-0.905032481190587
-0.392965700881691,-0.908723104978651
-0.399692176097862,-0.878568382932907
-0.456249301723245,-0.875824326900643
-0.481574769329992,-0.825558795375858
-0.54018096334506,-0.817631362887265
-0.512814512174468,-0.771223618332304
-0.584701961126477,-0.781424290300454
-0.618561019731711,-0.751234917615384
-0.669159869752841,-0.699996440848536
-0.697018090093773,-0.664112647742657
-0.733022401741877,-0.620749772125351
-0.738331044730237,-0.607125700415432
-0.717772990469284,-0.572247368466768
-0.7593281467071,-0.580736979523852
-0.771460986287233,-0.562761948135328
-0.701030973741535,-0.540479440476192
-0.761284793520797,-0.56762745752466
-0.728105529423798,-0.613818789743526
-0.688436082392205,-0.591815890334282
-0.712397484704293,-0.497453087984921
-0.690773407901581,-0.55029033004705
-0.662951428980393,-0.537135249561945
-0.70771877008334,-0.523121109947946
-0.766921368425319,-0.406899922132906
-0.734691467052809,-0.455907869700924
-0.733083663461122,-0.395380650573415
-0.723016946110603,-0.429731317882201
-0.725864652811286,-0.463667135049527
-0.780517196732108,-0.420918423609026
-0.692026314760022,-0.478876871267791
-0.698812089921771,-0.52053509930597
-0.65667617976637,-0.469411107453753
-0.691175644091653,-0.450401566690115
-0.683727293187351,-0.415243976346543
-0.678825544070473,-0.440267221430515
-0.676588427592333,-0.433823020210675
-0.777409865470912,-0.439372772215111
-0.723152652362533,-0.398913018749271
-0.720518458259291,-0.399314174903858
-0.797811473291462,-0.350284114274148
-0.744416743262678,-0.369107536795391
-0.768373614816654,-0.351428879945931
-0.805175000545929,-0.425145020396589
-0.760024467595926,-0.360261870224341
-0.804880963862365,-0.361737704625565
-0.744383016468358,-0.41391813752298
-0.784899314950484,-0.40331631449131
-0.735340405907289,-0.434407615464341
-0.74672755196851,-0.455665930286955
-0.720835121744582,-0.478968455601171
-0.714803736136253,-0.554900069896726
-0.723332403231973,-0.477143627155112
-0.760969748009005,-0.436944217983197
-0.755903907871409,-0.445658756302669
-0.769646977547211,-0.484576174946042
-0.715287258334672,-0.498558810642313
-0.722978260527358,-0.520411431943507
-0.662503233202868,-0.633275174478549
-0.738529551073324,-0.502348273914269
-0.721700712863692,-0.570184984010482
-0.745210148956651,-0.54200973695597
-0.727707465722821,-0.478388290768815
-0.703051781608974,-0.555326892790146
-0.681658293342629,-0.608323209485119
-0.609583482084751,-0.594727142520712
-0.611772957318478,-0.736021474226381
-0.649908439280984,-0.720805193733417
-0.521590571950687,-0.728534180194549
-0.650582132046615,-0.743662508222573
-0.555743263824495,-0.695457716217838
-0.580959878957557,-0.780261397734832
-0.534498254544186,-0.803815341331145
-0.454286105032188,-0.749007914107374
-0.459029686016643,-0.807052046841176
-0.46724199373887,-0.840491540203023
-0.373264322528227,-0.720331479159829
-0.386570640015171,-0.685355507946531
-0.269398696021695,-0.578240574423952
-0.262411473535853,-0.818077635823468
-0.397407166814912,-0.790772484132063
0.0288887867404761,-0.765959122482517
0.147831643355857,-0.717819024254848
-0.00491280939870033,-0.835740486996125
0.173431242827185,-0.818909096689643
0.101995805397807,-0.678348310280615
0.31701393685815,-0.784218264118872
0.435440374772876,-0.810529612000554
0.610378570377033,-0.727586602054104
0.637713236985578,-0.714004462308665
0.624402409491063,-0.595385587115855
0.725422900879629,-0.63196463090383
0.714633588888466,-0.577694743481804
0.748646171532195,-0.619944791993257
0.72966584951599,-0.565064549565173
0.723370574012656,-0.609786877659832
0.688984347896163,-0.610116818203612
0.621488502725566,-0.670999282670271
0.666242492187919,-0.630234271217934
0.644915251261267,-0.648465962936563
0.628408629528846,-0.632138507260683
0.571188726793926,-0.639905248704779
0.563788561954574,-0.727205374968646
0.528586549280025,-0.675882675215741
0.465445633274059,-0.788687004013583
0.472705038335538,-0.712577088737462
0.426787650889067,-0.79521588742574
0.410885554887748,-0.726100724682777
0.384682334591997,-0.741523581837107
0.341101614873527,-0.759258698283969
0.348330987113877,-0.758789212598175
0.325265192714201,-0.855231137954877
0.324714115487495,-0.780466695718535
0.301410272367983,-0.789434681522015
0.273709100350307,-0.794962379120214
0.229952201957255,-0.811774706417489
0.225432672148938,-0.807977019001864
0.222071076694057,-0.85172348138363
0.238606386418363,-0.80122461948256
0.366859531270228,-0.906386177942602
0.318294181807667,-0.826934950376032
0.303542310547372,-0.75326361475505
0.331146581153916,-0.794975878633532
0.42059096148317,-0.801746136122631
0.448801184885342,-0.819934019272867
0.583828712118156,-0.784337012102536
0.556021603774021,-0.765710033661222
0.617609581184946,-0.750330979254511
0.685187969797844,-0.613312143306274
0.685072425681169,-0.656113162194915
0.726914400360928,-0.637344737855501
0.800236238327701,-0.575574490905715
0.742956375470675,-0.581096038622959
0.774343391551899,-0.51530376783954
0.78029604475847,-0.516103168773289
0.774789235013601,-0.503921607197243
0.783597763098336,-0.387875764084908
0.853045551979739,-0.452142656771639
0.792646374430049,-0.487403203177651
0.815586880839687,-0.33810578962928
0.85512864356328,-0.398462366407241
0.83803143425387,-0.253655857842205
0.898136533987592,-0.331490874455923
0.84158229595504,-0.351106375811313
0.940224191632193,-0.273655259586543
0.898395284302242,-0.319450084632067
0.848882075168296,-0.3116222319322
0.906011211318725,-0.279583681608646
0.932298543036038,-0.282660150134918
0.938180002485396,-0.254512193908595
0.865836114575821,-0.189176539293877
0.9547544887801,-0.119469298354754
0.952079007098543,-0.131008996699301
0.948103105633075,-0.0605822701450403
0.952918437120811,-0.0275268824312059
0.922808943685303,-0.16946915533686
0.977368420586938,0.0645193675984895
0.947692928497167,-0.0877989558913558
0.972964343053277,0.0219781292712204
0.963290527067003,-0.0574978679519462
0.9619187738949,0.0335135424294433
0.967533353968658,0.179488896217695
0.941206050077489,0.115638155498003
0.937055502743414,0.263915648018937
0.809728157048002,0.344146046477004
0.902223009521338,0.334149392494771
0.86834489269633,0.451084603370084
0.848318979295013,0.483167749318687
0.734142746878528,0.528187633113419
0.670337041632374,0.673084408731057
0.65577564547029,0.647913239807025
0.632778094055896,0.700928197802789
0.675424109301777,0.686512243122289
0.719301884872207,0.52105070469112
0.62978140774409,0.639293053836891
0.686156060728508,0.600681485374287
0.624546155853247,0.592317298893041
0.637109286753221,0.585208352259893
0.778258246006139,0.433884539946369
0.675822811872495,0.485265527302041
0.727583461581428,0.400165833660702
0.71674009680762,0.384673330013539
0.748867880486303,0.342508241821495
0.785173194654719,0.357945583142393
0.76214996217392,0.308127904301701
0.804374242881413,0.358325666679105
0.722702560290306,0.294568831725164
0.799488249325754,0.247114086565234
0.718523945031437,0.235759140224612
0.784126349347014,0.229311168083539
0.709164051031862,0.179180559274156
0.813409087151177,0.0694857965217108
0.78871858413771,0.128326693156595
0.801280403352682,0.0560177601793356
0.837054166945417,-0.0314352285793253
0.85702690303625,0.00275795304861599
0.788281751466303,-0.0912011016836518
0.892338987450203,-0.063278172199368
0.84462493293968,-0.123000926260196
0.865043499496799,-0.177203185137789
0.807936398198757,-0.192227794393528
0.876621470486736,-0.221926061586213
0.865764748291541,-0.20656192833822
0.852756466025727,-0.221543837658678
0.778785276402238,-0.188036906419181
0.96211546196014,-0.107891733611122
0.956179598304232,-0.139559220269131
0.986695091252008,-0.0335073527854
0.968757664263042,-0.145320826929852
0.895089595101723,-0.166038053969739
0.97685520976495,-0.0662744074377321
0.810289352508833,-0.0284796880230113
0.918251230002282,-0.101453300991609
0.942686360836728,-0.110371385132587
0.911566877660448,-0.0597952501783786
0.958944652637701,0.087103620167255
0.712726605198659,-0.0790767591734882
0.53241708252177,-0.165844532189103
0.705474309858492,-0.0117630807472602
0.644767422765724,-0.0597548121418431
0.622584462897317,0.0600971024348466
0.518281613761571,-0.0606098398661441
0.396002148360943,-0.0562713064815197
0.369660565024261,0.131069390580051
0.311647252998434,0.116172372550132
0.39303911366155,0.208032967400263
0.279811178607676,0.333708388095382
0.447209082102211,0.332150257359265
0.305003620648966,0.450343763587228
0.296376979415701,0.46876847403877
0.239127428972185,0.557949969541648
0.0117814046394292,0.690168386197562
0.0710254899027308,0.772532433804821
0.0437357086149871,0.714853908431551
0.0416280621304288,0.771428834099379
-0.0411753562855323,0.784024932386942
-0.0101453708868423,0.798464791259895
-0.0676885586994311,0.898080581749113
-0.168561963828957,0.807282675845177
-0.149667136518512,0.83090144264068
-0.402207819321585,0.800893870954044
-0.412551448369927,0.759092521546216
-0.457566104305235,0.754525923664226
-0.527692743022536,0.682426061264619
-0.660799644319333,0.580053518981643
-0.711354781774732,0.618585387358998
-0.714807315462751,0.461008402287663
-0.630308178383401,0.51272550995066
-0.818661194730161,0.350311775442029
-0.788304430711223,0.238418208457218
-0.788306905506096,0.22398145650897
-0.596478714016189,0.247342526467543
-0.719130840670156,0.158969917157931
-0.645082289013173,0.281019647800669
-0.678280908297098,0.201861794415664
-0.796115434604529,0.270445071251969
-0.704069113986089,0.172775674657653
-0.805402130739373,0.354480069072554
-0.694578615726199,0.152855192378542
-0.66890918712673,0.262259616175973
-0.704807223222472,0.134015974277294
-0.621891868664323,0.215035172150617
-0.608981030671038,0.188291585948909
-0.678085702113509,0.0608769240290225
-0.653283740927385,0.127320432893964
-0.646251759643371,0.015273321488588
-0.932223838286357,0.0571371435900463
-0.590307192667019,0.00207481776229638
-0.771447027222943,-0.00218835918369903
-0.804351300580974,-0.021338706077974
-0.632807117482825,-0.0295184692597269
-0.773074345567391,-0.0773677355696706
-0.980990114608777,-0.131608511506961
-0.788548138704949,0.077986881605559
-0.791666864092889,-0.0970866198826027
-0.779829264256629,-0.171597880683376
-0.800533747142821,-0.19123305713174
-0.813569178571564,-0.203598500087629
-0.704177648912838,-0.357050708754838
-0.926149574365227,-0.329607385877411
-0.878099739783389,-0.234940930874497
-0.589079717502441,-0.445712174081488
-0.698383571354651,-0.591508789662449
-0.678423259680065,-0.507760813572022
-0.695931253106778,-0.459127854231788
-0.684076114030558,-0.497328609711785
-0.668549188452717,-0.51681768189972
-0.675142667191536,-0.523325767284489
-0.73298203650953,-0.479721575426992
-0.458138083252372,-0.510644255541503
-0.629877152370337,-0.561951490078809
-0.402219338235685,-0.561417502830633
-0.427194830369616,-0.704763562414464
-0.486863124972072,-0.561425926915242
-0.463143540666553,-0.675122407176027
-0.454263660421768,-0.710345235382478
-0.49016816955099,-0.695691730453392
-0.341080955074618,-0.725047222661393
-0.232806301513513,-0.674947978224717
-0.18080075760143,-0.852828169819383
-0.1747910818743,-0.692411897506666
-0.164399728433667,-0.828930160145674
-0.158736741047185,-0.929864813130843
-0.138240501412672,-0.846726638931486
0.00260508472271544,-0.848109885606519
-0.0424239868106248,-0.8516977985913
-0.295142595724417,-0.624799684613125
-0.324968627482138,-0.687327517847559
-0.404903474734341,-0.616588620180198
-0.464597963275192,-0.635844350677959
-0.462729614969419,-0.612678563582381
-0.481149672663574,-0.53522927750766
-0.536419548586296,-0.572673620083831
-0.434708841427126,-0.657990317742827
-0.469566785819809,-0.586581775574813
-0.326325763817639,-0.708348926285233
-0.480999909442718,-0.659269002416923
-0.389174144477871,-0.716145441175741
-0.417429406958687,-0.575906169361046
-0.387688815793563,-0.485650474379618
-0.471212951931299,-0.239180436710514
-0.226723907401611,-0.419128013270423
-0.455906663488646,-0.16588790617973
-0.432291170196381,-0.0247147914035911
-0.346680697745657,-0.122218313702589
-0.424768378125837,0.0644013248714552
-0.31134718029201,0.0822424669609781
-0.31482669210602,0.110584298546303
-0.280404037303626,0.11655131529504
-0.267399623449511,0.160753777114482
-0.39713560425692,0.086534045780723
-0.402491584465613,-0.054757017302629
-0.322887275431126,-0.142941340849566
-0.509549705439565,-0.112370581317349
-0.47980897408951,-0.189285720278831
-0.286484011951726,-0.252087801070763
-0.402305267776393,-0.253218542950554
-0.204940352203648,-0.280521366915721
-0.547537310898732,-0.340995290002036
-0.413436091980757,-0.366243020138068
-0.523940938497381,-0.379413091903229
-0.411565835286587,-0.204471344847574
-0.460891023882576,-0.494960434138209
-0.520195505136183,-0.345394534029043
-0.345542996406161,-0.323497228308089
-0.391495120023171,-0.391181559919807
-0.458806367173172,-0.599356924445181
-0.281146477324752,-0.382964564069247
-0.582961175760798,-0.48155042406866
-0.669382193281571,-0.354510024911298
-0.441935724999879,-0.577811078168575
-0.397935421085348,-0.616025178825957
-0.413243156379798,-0.580745231827665
-0.217657422296421,-0.738623643938123
-0.267743705618201,-0.58323799651723
-0.117992254711685,-0.812591313492228
-0.245687613061152,-0.764609831923106
-0.191557694431338,-0.728015146129455
-0.210116749494896,-0.748761357997138
-0.345449169832056,-0.645842367237946
-0.137582626271625,-0.658742847015996
-0.163609684373727,-0.783484051777256
-0.197503699166767,-0.692952457830652
-0.141927157080231,-0.73335801805587
-0.184218445330822,-0.690620219213965
-0.140484764182734,-0.575906809660338
-0.180873851905795,-0.599816837623993
-0.228016390269398,-0.628314517754905
-0.321895141649746,-0.521895141649746
-0.249563049279052,-0.637516311478697
-0.286839109611397,-0.599523411377672
-0.226975351706421,-0.722767943521184
-0.375129679432811,-0.5795173335666
-0.419798192316615,-0.592242018200408
-0.233191663660771,-0.545962574359818
-0.510146355439872,-0.461969695314046
-0.490562823759201,-0.494375779540991
-0.574648269852636,-0.530083240829131
-0.513333219091106,-0.379881855114339
-0.516861998392842,-0.334520112357125
-0.50037576706115,-0.300470840156344
-0.516213052544805,-0.25144143442444
-0.47827793845847,-0.132713154233161
-0.553420501418615,-0.159888443263565
-0.706743450734709,0.0447213595499958
-0.515072016999427,-0.0186565865412564
-0.571847644050035,-0.05518568286824
-0.398387960415893,-0.173870834388007
-0.646395719230612,0.121967344227261
-0.4713927377686,0.232584402536349
-0.681798976966978,0.256220087760199
-0.323398950422014,0.446590053516063
-0.265866297913462,0.30325193968074
-0.258092626826357,0.524025997753047
-0.218002754650965,0.632650989535668
-0.151348986713592,0.679777247699477
-0.256947298032322,0.818283454082358
-0.290120969099786,0.790103560437773
-0.333972333171647,0.762081139247423
-0.380306765636867,0.747717572867483
-0.373668543837153,0.752751894987754
-0.415505905742686,0.720287790702001
-0.410701095555897,0.75465628089398
-0.374392358784904,0.765827634321011
-0.408887184789596,0.741209634496839
-0.345859878909163,0.51916001304405
-0.510870480700476,0.821499556784757
-0.514415035281369,0.537559991244404
-0.568966322028868,0.63548794028046
-0.577185068791795,0.63093406261728
-0.610538915848331,0.593678889175657
-0.621370581960414,0.581098201202671
-0.614644082998739,0.588029564228475
-0.605543298227535,0.556868130947405
-0.620670173644246,0.541171526621271
-0.524988515041762,0.395985769650126
-0.782115810943793,0.615122970829811
-0.665067525200595,0.494725114152896
-0.495586992049093,0.493900336903134
-0.652338674015875,0.338230574467734
-0.750603237051096,0.649340184531799
-0.669007373367551,0.484235361274324
-0.635063912073945,0.526256821093067
-0.63217235626057,0.536040397835182
-0.592864895829709,0.57955618811478
-0.475013765631951,0.461705057917022
-0.664108508697235,0.745401696637005
-0.545308124094236,0.624336978409322
-0.532258692692145,0.635983701441244
-0.502687892349714,0.656781841285142
-0.333396027595151,0.665263078439727
-0.646188516296062,0.673358145734235
-0.340040360716183,0.566862976372615
-0.535812164638866,0.822818436955902
-0.353228353277556,0.73941372346435
-0.129965011929666,0.767619084860386
-0.364525954709817,0.788236148406479
-0.151277891222735,0.799346088192799
-0.126637153994976,0.825568103942926
-0.0582374185731506,0.847793772024434
0.103433533512744,0.824596694862286
0.146751092987706,0.811423619084448
0.157029832011007,0.814941113704816
0.337771283900765,0.798056274833163
-0.0194127821218324,0.827130805501612
0.0843737438686429,0.780046551615375
0.0392232270276368,0.77558945435839
0.178895899177123,0.628039141578912
-0.154059160040675,0.915524603007766
-0.231125081760512,0.731125081760512
-0.245896670829331,0.738284677152678
-0.242941520375691,0.656438798618613
-0.215758742351835,0.718910853927016
-0.308389528253785,0.749249352815551
-0.214221337187922,0.604466956431976
-0.181218892920322,0.723349884323673
-0.138272157417947,0.778688904884135
-0.174530928316632,0.938016895377375
-0.324720381911696,0.658237964083302
-0.234438986275493,0.830271885491916
-0.247689985886872,0.769116808685704
-0.259771702997999,0.774900759188609
-0.275391860706496,0.74783844597298
-0.396482285620067,0.761514099994367
-0.3563767384532,0.819996894899731
-0.270213863931211,0.829496280423949
-0.228921551962346,0.887986185147405
-0.0951261467849539,0.931691102457681
-0.0902180842297041,0.928092522497288
-0.0463842716111004,0.958769951666308
-0.0544607524776949,0.937461129150421
-0.00326818517967997,0.973758498290234
0.185401279193491,0.968441126689574
0.160860561195546,0.965952057061879
0.255876863535491,0.951920856853298
0.296242167895398,0.940823066074928
0.320166354438299,0.93252256273832
0.360166246885692,0.909864389940717
0.417948342615349,0.885778116562457
0.504445419275352,0.854436012181687
0.557825930275429,0.822864282776655
0.551921815453373,0.829266510979822
0.590317911881822,0.800688563938217
0.563929847256231,0.81792343274152
0.589727010696638,0.797487276804742
0.59911415133236,0.780583320121226
0.624330718373766,0.76824311650752
0.616967018738925,0.774543936518513
0.571710919192311,0.810556956392539
0.636737909793867,0.74932547447824
0.553527790442379,0.818097550678164
0.594349696610714,0.7888973053481
0.576633017019836,0.792879590924645
0.54767623203408,0.807528665915867
0.500172220526849,0.822908112110267
0.478914015545571,0.842200588759645
0.364477722616077,0.774099767802775
0.408536303900235,0.86308146753466
0.410323440048563,0.862565876273819
0.236611261475123,0.833056597685276
0.269942939814844,0.93972219214249
0.264813126479461,0.939972549691903
0.223166356324615,0.961626034405213
0.195712662208227,0.955912157988654
0.150567793738376,0.928328764029849
0.139279797409183,0.892928535132217
0.19173054014457,0.865430234914007
0.0798534882054533,0.916740353597091
0.152990688083339,0.898123438892951
0.171949618520195,0.882445432671907
0.235935165839281,0.897928604300858
0.276942415777195,0.901593547213929
0.285488985092886,0.902440713300853
0.334421449590835,0.896851628719644
0.362656267688378,0.893166253046511
0.401970013963249,0.872106103199405
0.397730015532676,0.884278201561533
0.429652809937535,0.868629120180146
0.470970002642481,0.849262361914865
0.498551779955315,0.839206219274812
0.545171767113148,0.815836734094336
0.589474023704861,0.784644905437871
0.600351268717972,0.78203904474392
0.664158429889332,0.718888298086738
0.675220498770845,0.709679807014055
0.649721925727711,0.716034595214205
0.681211072016018,0.708663094271762
0.706599150749518,0.681855284886815
0.722277545213108,0.680670998060246
0.770705340151543,0.625873369358892
0.803874589505881,0.587046373035647
0.809518225236964,0.57934213115543
0.839849855953612,0.529840619454919
0.863253866285625,0.477182134831679
0.858337234668354,0.464994234158103
0.88278924882732,0.412620068392185
0.916039179539092,0.315170578611006
0.954315468529876,0.204725472792463
0.986384359611057,0.0553306059445165
0.991544092995782,-0.0562709257069655
0.955156028112884,-0.195823188708951
0.946881798679333,-0.247349037960068
0.889319460940171,-0.356160274228893
0.856184659564256,-0.417186073810722
0.824963164302148,-0.436197614249941
0.745374020879971,-0.576081726489252
0.703432919819668,-0.629206871226131
0.646019202003331,-0.717380751516771
0.55482996426574,-0.756377694250103
0.502094433629534,-0.78746830473686
0.466645868777249,-0.776633072596321
0.523395529943029,-0.664995626722724
0.373308190555487,-0.792809528382326
0.373489109175475,-0.762451672626625
0.28780483186424,-0.819375812030335
0.434709763336244,-0.71306170791378
0.361286223059766,-0.833343762104481
0.261214052145791,-0.891419116537188
0.235231612705303,-0.863154436785207
0.21299736576585,-0.890551662895995
0.197781505524209,-0.910107966978161
0.196852903606915,-0.911408922700794
0.0293180519673033,-0.977121525325324
-0.0326301462117221,-0.981612262090383
0.0203073663813311,-0.9514832326472
-0.068059624164476,-0.946240617940527
-0.0715656868024431,-0.964330267164356
-0.166260532477828,-0.964357071662235
-0.231360015443309,-0.957068110695874
-0.267081080411447,-0.958079956015047
-0.250371997439222,-0.959634097974889
-0.283380461694678,-0.957648379947346
-0.241491143845763,-0.952737781756156
-0.21389794651446,-0.95324994684612
-0.297789495647625,-0.948883830649655
-0.337061983810573,-0.937547358312339
-0.352496168610307,-0.934913708901636
-0.397599887154877,-0.914568086091189
-0.437179068367957,-0.893195484233686
-0.459428042257841,-0.884205777507456
-0.38863923612525,-0.906114900405695
-0.429395340216423,-0.88515400819043
-0.384508008032105,-0.906772008637242
-0.419706320249296,-0.892092031705827
-0.434446229626065,-0.876343666630266
-0.454691827398642,-0.866483227648889
-0.460377723367912,-0.856274218383718
-0.424443195408577,-0.876281548826363
-0.414946179599117,-0.859523694326743
-0.414561590038688,-0.856803006869545
-0.355582756061503,-0.88130458863649
-0.22143278109631,-0.651380095612091
-0.259573011218832,-0.921863432722167
-0.277147872832769,-0.937939040439095
-0.226732680511153,-0.94914516452563
-0.236856297211594,-0.941712581772989
-0.164666350259536,-0.965443954099099
-0.163438717771717,-0.965381720062343
-0.179809809379225,-0.961132749765429
-0.177802596220169,-0.956082718787381
-0.180587850810149,-0.953334792323459
-0.153073434235733,-0.958999615428042
-0.0777659714196642,-0.968561455189676
-0.0749710303324641,-0.971459246297878
-0.0497613969375464,-0.962534963071636
-0.0242322491954984,-0.963926835172757
-0.000170336123235697,-0.977641450029922
-0.0186160694182874,-0.979549998113274
0.0287548078796317,-0.987276950722772
0.0428465635318476,-0.992421456341729
0.109111875036219,-0.989340320804923
0.12787977241715,-0.985258517340214
0.187071054683011,-0.97499167108505
0.181745633067264,-0.977654239560954
0.117418051005794,-0.974881008621613
0.110280352994591,-0.988856855656151
0.076450127557249,-0.990582081526488
0.0886420982185271,-0.991316024153143
0.115194876015512,-0.987689437592365
0.0497930097503468,-0.985959657705649
0.102478685880062,-0.986846798778083
0.16300872013634,-0.983594614243204
0.174417263050854,-0.97122176850251
0.0895616964435448,-0.983646820151021
0.0365466609748863,-0.97500801912209
0.203008621485028,-0.926237345908434
0.161563034664411,-0.948106650740178
0.238298018770306,-0.920506027498051
0.243486650560666,-0.944510775135436
0.297383879653732,-0.939183752498235
0.336354069288349,-0.913103238306484
0.412897494813048,-0.84296940507299
0.465640038377789,-0.827363156633626
0.525076790848949,-0.751832676035608
0.560470991887406,-0.75677262998551
0.632982348725228,-0.72755046458896
0.680423394961371,-0.652154890699418
0.664784580593695,-0.639923121043019
0.644244960217538,-0.656877445032124
0.705805836699257,-0.579927785220461
0.712115769907673,-0.589821871500308
0.744299461185202,-0.563196959457846
0.753905907764527,-0.549540383325382
0.779949626664711,-0.517542595472303
0.795268156288482,-0.500653175545078
0.809689148364776,-0.521565274028107
0.860315155566737,-0.443256758677608
0.750751705193528,-0.504848593950482
0.688074060745974,-0.54035208376541
0.624194799081098,-0.638321518235734
0.726284727003444,-0.417668366844299
0.597079112413525,-0.542010713642541
0.657899342458055,-0.577022081661644
0.663000399904587,-0.671268599960378
0.708321325370647,-0.605549414011322
0.781139528944172,-0.530313591679613
0.766382118623957,-0.397728445170725
0.779820054959904,-0.461971024227929
0.805026701127954,-0.47468031192118
0.79608299360621,-0.340744141226923
0.768148330127396,-0.295872631442897
0.739994407974827,-0.26986186589422
0.738069456765578,-0.22295809253146
0.78172848986391,-0.198618097606005
0.802959558231927,-0.181127887673169
0.875763804732889,-0.136182881249407
0.801287503597835,-0.278515184118875
0.780214965369071,-0.158224001577538
0.783022263699043,-0.284935953396155
0.886468195157842,-0.128532920172467
0.837439983708517,-0.190588038027981
0.724032381176173,-0.14051631050558
0.709870573748182,0.0425346989272696
0.806115002789473,-0.149925037917137
0.877996210737,0.0141966634854425
0.865218995699525,-0.0212542845379929
0.86810684186118,0.102743369226673
0.743433025336631,-0.118438764596226
0.862785717637527,0.0908569785570256
0.92856005152933,0.276439240893921
0.843147989848015,0.273214044275941
0.866780239522856,0.282037158341024
0.893758683672107,0.408713550796515
0.87934895224664,0.429112908066888
0.865370342030934,0.473888531978461
0.868785954137182,0.475275984997782
0.865834505815674,0.48238124621088
0.875914487017665,0.471894621784655
0.892972339890639,0.437642282462959
0.891012348262849,0.444799292779497
0.88847756410034,0.448957731482718
0.906761731176245,0.409035081471055
0.911003624992591,0.388027345843502
0.945373286352496,0.307225107194339
0.94054230423485,0.325519038389142
0.95991856288627,0.258790642349869
0.967648741472125,0.228249738458039
0.979842808622507,0.181209648941205
0.986676435156563,0.117460283047174
0.991726059194033,0.0761341102252777
0.988473820371748,0.0218170987144822
0.988878171190272,0.00422872469571004
0.993973451084688,-0.0223397597943763
0.995125123277684,-0.0074169920001725
0.995305641010209,-0.0351243171025894
0.986756290813956,-0.0562086586630629
0.984786931290943,-0.0832266895170171
0.983635840370991,-0.0716092814249416
0.986507896241822,-0.0625167685025255
0.976781009002965,-0.0819851428944142
0.963082270720887,-0.0732120821427388
0.971692761325847,-0.0781562059310806
0.981411042805813,-0.0538322765164402
0.943223270789373,-0.105222564871948
0.944320163562909,-0.104725967162574
0.938063449574002,-0.0821869256258253
0.944388664890291,-0.0173502320499545
0.963904576326918,0.118494000557656
0.969170009712859,0.130490172581306
0.962559000846737,0.121093244026603
0.952401801968063,0.140107722895544
0.939719248794307,0.157183757273224
0.957134640112237,0.216967717754035
0.943387546395026,0.244283307596074
0.916399585968808,0.285180554072789
0.930337949546156,0.327550889781463
0.909330294327701,0.367690950319875
0.906452877582041,0.375002594032652
0.900744655459901,0.39529685696256
0.880414061894245,0.45008631575993
0.774668801376072,0.558307032915784
0.809820329913202,0.504819136733794
0.794470102429528,0.582608808881478
0.802982877658975,0.562458169717374
0.791698242668207,0.579754367803292
0.718017043570287,0.645245161884864
0.698223122521803,0.647657898856493
0.70681543861408,0.660955872375736
0.68222679075982,0.666807456128381
0.713471395376492,0.633257653680296
0.701909811722461,0.627443132515847
0.73183808409073,0.623341734018954
0.722491206306384,0.635597494088931
0.76633695752496,0.564946626942747
0.720160049943957,0.654816589701939
0.627505259604266,0.615831277613088
0.607399209345749,0.749357182152874
0.588492767588511,0.768020413353319
0.537850131964188,0.805849702673535
0.436611519385845,0.856095769689158
0.375549953519441,0.882241149629909
0.345174574017459,0.923209049707378
0.302383641471507,0.922510733901
0.221225411731395,0.955553273090186
0.167456289936903,0.97917612172653
0.141685540879601,0.962069348904125
0.00524717198384209,0.98032757557209
0.0384539014079039,0.978031630256522
-0.00703279271383992,0.895953298846009
0.0610346468274282,0.866506818972191
-0.0234890875998705,0.981977523880448
-0.0751637377110804,0.868720390314565
-0.020279787992641,0.941533381090367
-0.0640808339552124,0.944591669064412
-0.0084399072542089,0.784598703087545
0.0852899132784073,0.969084859919079
0.117162872249794,0.881279464002529
-0.0707859923744631,0.882694400564237
0.136536043215567,0.975884965441399
0.245396879319937,0.900526243381381
0.286951048635522,0.840656246317464
0.394292136593952,0.563386638033
0.355869124493262,0.533876850320326
0.378815381398604,0.544396616823157
0.46254174563105,0.327048657008063
0.524240106384508,0.18448196438805
0.555136883799468,0.0657696690359412
0.544792985921403,-0.0894183939606011
0.416324842219687,-0.275553946990054
0.5264022785305,-0.332815033099604
0.465655952408643,-0.412667041412515
0.387681948457659,-0.534710324686269
0.33873160980304,-0.640642330536823
0.159604908536422,-0.610408151536204
0.319217545820502,-0.680819168761598
0.189853298706569,-0.802462979005514
0.00701870316013418,-0.866707412515878
-0.0557421892756609,-0.883659896121681
-0.0278949956939414,-0.962921672431992
-0.16786922442953,-0.964656954739921
-0.23787075561909,-0.961524948798894
-0.300289367186229,-0.849090137500514
-0.194728128004751,-0.966882924457582
-0.256853780372989,-0.947178671288785
-0.279391049648959,-0.938895281746688
-0.243881589577081,-0.951504622545331
-0.271365217862558,-0.952876546319391
-0.310320677297097,-0.942170805440606
-0.347438328403449,-0.926697881586218
-0.291107014769404,-0.855588493829742
-0.206951457327045,-0.829223129665901
-0.338766835730106,-0.866202463346113
-0.222526767752179,-0.581400521792356
-0.183206461673889,-0.688054255866686
-0.0987049972117383,-0.74833931275182
-0.306627295044372,-0.471987476427777
-0.325533417628152,-0.619778883601084
-0.299918407951111,-0.508922142906393
-0.169205670633385,-0.471243069628861
-0.572992113470876,-0.55689215403707
-0.560612522761003,-0.411141322598684
-0.492220125116094,-0.312308198172109
-0.640386712999626,-0.459439393470855
-0.717872008365818,-0.171790983255512
-0.487038275048963,-0.136980736101681
-0.90802966921534,-0.326109132775322
-0.834179396810399,-0.352083408341
-0.721580470054861,-0.265588809610412
-0.696847531506972,-0.289205167720741
-0.858739920664213,-0.482052419555478
-0.856164771481389,-0.4873860736055
-0.861450402855025,-0.493784893245691
-0.564549999139168,-0.48127666189239
-0.694660089421148,-0.640611606408047
-0.695278608068064,-0.637082346258092
-0.838488523727381,-0.505276680289153
-0.813634239813999,-0.321620673262098
-0.800808621251953,-0.342377870231602
-0.846589036534442,-0.454299533375127
-0.732483453142191,-0.442007192229328
-0.875479532040798,-0.414252273507513
-0.655025580501228,-0.412350352294374
-0.864056322379018,-0.436495367741906
-0.693395812737599,-0.390766777353979
-0.679440674089767,-0.367642038278298
-0.781445179464125,-0.283489880844821
-0.598596861273848,-0.379699224044066
-0.853561982425887,-0.101854554662022
-0.661657976609684,-0.0930012297733424
-0.736483598275842,-0.242491054538664
-0.780379853367721,0.0400721971709752
-0.904960015687302,-0.126867375183629
-0.815637892565031,-0.215955565543451
-0.785722173269081,0.111388105920125
-0.788727972768124,0.0141148267980993
-0.978740380319721,-0.0632391054993663
-0.980720145332536,0.0566699954420082
-0.967902222460838,0.0107105761329172
-0.986073817621298,0.0233635329181483
-0.982802811469395,0.0254138496617259
-0.987034099003444,0.101966158664278
-0.901731041168916,0.124577615705389
-0.813563815445264,0.0270157489690313
-0.90219355903699,-0.00831221405897463
-0.810147486068809,-0.00213107807546374
-0.942585097465864,0.0311546078787644
-0.806955255439218,-0.15115050217014
-0.795773934201851,-0.168319063787859
-0.938007380689482,-0.168257947831379
-0.799490575139705,-0.241934780242724
-0.870129695251739,-0.194287168665095
-0.836372836033973,-0.353492920253057
-0.838602173932317,-0.341749932632466
-0.740963858365255,-0.392373044992332
-0.914409657018997,-0.3787277325879
-0.812887973937317,-0.308101144646263
-0.702877175617978,-0.532725451352811
-0.743390742757974,-0.395490822852078
-0.757301836119633,-0.446087764531346
-0.618966585359518,-0.595264474013307
-0.710652357337332,-0.437839805736228
-0.650039416618225,-0.571799743794598
-0.649491374614275,-0.5412735565093
-0.583677748121341,-0.640917682026561
-0.542623778717174,-0.516490932965275
-0.569879203569357,-0.46994297801754
-0.638168510049662,-0.635298833996015
-0.614057387417518,-0.583288156648287
-0.614966958596295,-0.471666398563715
-0.566818325815321,-0.398575577487713
-0.636936171118959,-0.325857211553169
-0.549050032847235,-0.294649251403627
-0.591505711198498,-0.4553400412639
-0.784912915689152,-0.287316400011206
-0.690248599893006,-0.229306058601856
-0.712031472575236,-0.392309754552621
-0.707327145391236,-0.44381807449523
-0.671832097703304,-0.252703194201166
-0.844841378841476,-0.106363589076805
-0.742522513692781,-0.169966431096839
-0.66822179769255,-0.0829207606464056
-0.532881696184748,-0.150103892600317
-0.638062449060061,0.0444422555932697
-0.641423210229732,0.250485320167165
-0.669291255759926,0.362351124676614
-0.514474256736477,0.353165147435415
-0.411427703529543,0.429472086179052
-0.250475688851119,0.284200783356397
-0.626307610467701,0.591773089957131
-0.606622358641377,0.652847374993479
-0.50468737661017,0.43738307020519
-0.654262064669026,0.484734244939291
-0.605199727100845,0.51416006767349
-0.58009106043367,0.5723216138813
-0.608925192561402,0.586428360749117
-0.609090568063886,0.638320189843466
-0.564938903819916,0.628139882548804
-0.462385367403255,0.665121529541364
-0.456645165749224,0.622570227502927
-0.546931665456025,0.722457477407914
-0.519432430272951,0.6404691768246
-0.422702435096776,0.767673775181443
-0.533409257312719,0.778318273473648
-0.41485157435291,0.761339475561139
-0.510436615577162,0.71958708475602
-0.490396056952658,0.740024377364836
-0.494177851244065,0.822009954500922
-0.533122430708601,0.635219020487601
-0.523063503254406,0.803792274574082
-0.616307099478944,0.629005370822758
-0.632419361977346,0.571062989379458
-0.71655998857982,0.468050202356959
-0.68931786916856,0.404799865727688
-0.879226787072586,0.337338897899414
-0.766813986331468,0.213732993959371
-0.881577403610208,0.136026036949043
-0.87377185343681,-0.00182330696893085
-0.859061962854315,-0.108819232621552
-0.876169749105795,-0.186854335560565
-0.924021933281849,-0.228629258656869
-0.815782721783828,-0.375667069985487
-0.800031900352127,-0.354473143496837
-0.760973419205363,-0.598079240874451
-0.715696933767423,-0.597804271652492
-0.542874060428743,-0.599557845561835
-0.597341207469498,-0.705258927238494
-0.470218015065262,-0.731026325703083
-0.333846182658365,-0.795466657411504
-0.432610059280094,-0.812037055635853
-0.096170181641183,-0.722053844451358
0.120659834438219,-0.567390446313726
0.0191831765881178,-0.721196864478067
0.0543904993817905,-0.714132331199016
0.256705296179295,-0.754959737158892
0.260528897032184,-0.578594969853186
0.405389359573422,-0.799440344860671
0.52896247333187,-0.662380261860204
0.734965362354608,-0.550039287317845
0.78548353411839,-0.456205966843467
0.795623552021783,-0.352914756430425
0.729349057251428,-0.324791228517014
0.736933061154584,-0.302895684366501
0.796481982091824,-0.251358601828466
0.809819317961442,-0.0944406678205032
0.864955991817364,-0.116215090530437
0.518880237428296,-0.254031812683107
0.738935928096131,-0.0762898192161888
0.709230643614692,0.0201453888952149
0.849545353124973,-0.045058059609094
0.828374922469042,-0.0766779555472897
0.660321485513457,-0.070601186186895
0.71059778867646,0.104620843667927
0.831255513375119,-0.0212933980090147
0.831364632422144,0.00288958809106638
0.66368922121339,0.0320660768720598
0.517940332104242,-0.0875385304004301
0.499263621375395,-0.0191741247211843
0.572196606320289,0.154142758786007
0.747732599169423,0.24775800675538
0.570957859747163,0.16834293849911
0.569821785661399,0.217876442122976
0.747946603233852,0.0452678730212593
0.74514516892273,0.299029033784546
0.492565958483013,0.0858211063763351
0.776181264266088,0.373772206947662
0.585167343612151,0.139138499178392
0.768592841127648,0.417664897916668
0.773586920677507,0.401939766457749
0.643126847980721,0.540712564848374
0.548487659307968,0.364298865710174
0.718388414071245,0.462346497463083
0.720019605944775,0.456703578289843
0.704619332352835,0.504375620151396
0.560440625387428,0.554543004489779
0.674945291304515,0.323006224458769
0.66297505683807,0.597556888436641
0.644148871869584,0.629117599350939
0.624671893324169,0.661803367731554
0.621111966593285,0.669936846523359
0.626940519101949,0.661568971160904
0.802308015532578,0.588595938600889
0.735693345833916,0.637177732979674
0.613023801590577,0.430107249175262
0.618824000110737,0.667977160763596
0.699586431856702,0.652593219381708
0.602083937964125,0.446792858748154
0.65579868477895,0.697393670835362
0.577548117442402,0.475571397105141
0.583009076932095,0.719392160730917
0.545608710492618,0.263599490509394
0.537694346711627,0.770531262265933
0.542584476235173,0.765468169007841
0.476016040890518,0.83081933536048
0.492828829865423,0.812075298458478
0.602120868628569,0.784241153170296
0.670551673226982,0.740912459822528
0.446984397416862,0.665190400507151
0.367241286049414,0.546088043851741
0.395621041644342,0.495592824904238
0.343211599114513,0.570184813459062
0.347877562984258,0.553088522837311
0.439765384154171,0.679679067833394
0.273719773099362,0.684868380545603
0.257430386242535,0.621981387833764
0.373397519813321,0.736772158021326
0.175516785317546,0.75080581094537
0.203817907395298,0.631573341563286
0.253048710193377,0.620262977693543
0.14473003242035,0.801380104274311
0.20014892850169,0.802738466942332
0.228231880100287,0.671888099118953
0.238783123117845,0.815089355466312
0.181168924254279,0.680435875525694
0.184237955765194,0.823461130243235
0.258909529196239,0.825441113079545
0.0668016342228104,0.691138689744843
0.116087340864576,0.747041795614508
0.0100470302746555,0.846471801635036
-0.00391655451689334,0.744631256811271
-0.00702905979678446,0.846771377834647
-0.22770445976673,0.824345245301293
-0.13040363417364,0.841502377793446
-0.211974725017017,0.830268262337668
-0.293794046150362,0.935778072421411
-0.371049412118474,0.856395352632768
-0.304726847407605,0.776965284572926
-0.366439581425485,0.807460645686947
-0.492109849094675,0.825823393110831
-0.513632436373054,0.761134273856513
-0.574486436516571,0.75864409528413
-0.69378505126134,0.536451656098561
-0.746126043456387,0.468423498640207
-0.83067726191095,0.402751728466801
-0.850163070650402,0.314129092298113
-0.863212986599476,0.23849459763487
-0.948968747457768,0.0694340856519657
-0.98721913529354,-0.05566192885349
-0.908695863212913,-0.347903979067052
-0.911593306304014,-0.361655194691895
-0.855173721313489,-0.475376079761369
-0.823134754493755,-0.540715955743322
-0.813213456342606,-0.559611181292067
-0.705524160066099,-0.653358771692306
-0.694288808052088,-0.671775145665187
-0.646488642972332,-0.723656301111915
-0.588257553467368,-0.781791457320986
-0.524123187382539,-0.791937167046124
-0.49195331391591,-0.768073544156506
-0.456267718469501,-0.754280102949696
-0.42650801610463,-0.757345855433315
-0.512686406059965,-0.629908654757155
-0.368070001483097,-0.764549233854619
-0.331039506624215,-0.784251186538163
-0.388792902075329,-0.705650967577126
-0.276747678680518,-0.752098106223749
-0.262001275455777,-0.745134199286324
-0.283990960319871,-0.73629699389764
-0.314497437945304,-0.731341263972184
-0.24464392442382,-0.756980467981432
-0.318638350679209,-0.732829728032563
-0.233505429433265,-0.75599645748091
-0.334278735577388,-0.854917299337421
-0.239668677220491,-0.756758213056453
-0.15966740741767,-0.566151273713792
-0.234935781440611,-0.595702625920638
-0.106302472703397,-0.784183984402306
-0.106302472703397,-0.784183984402306
-0.156476780407384,-0.620165909426588
-0.134966102676041,-0.756055531701153
0.156173761888606,-0.712996009569018
-0.141807140589628,-0.731716044497707
-0.0706652241313144,-0.863568426669132
0.0109389557801749,-0.765496710224521
-0.0697045440199005,-0.871605562250285
-0.0894427190999915,-0.85396042095097
-0.0619530960156405,-0.867237377366956
0.162842712474619,-0.814233388828723
0.0499489151746972,-0.916790611660363
-0.00466782480305545,-0.937710880718859
0.0232751305882606,-0.690044971297789
-0.101365358493633,-0.877706629488198
-0.15191408975659,-0.872810493028457
-0.123854264007909,-0.85685905290867
-0.205287923399521,-0.853485861261674
-0.18984701196276,-0.566293153934169
-0.368849553604766,-0.634265639622925
-0.324057094146627,-0.720718118375365
-0.46081201385379,-0.444599277949776
-0.214327294363052,-0.541126902738326
-0.361949067442493,-0.505138684452461
-0.294206861044678,-0.586484482410252
-0.330208878045461,-0.525507756757976
-0.326112891678826,-0.540202893802752
-0.231640064041543,-0.487236197677803
-0.262579744319843,-0.354782009654475
-0.450515056632915,-0.416721048579666
-0.27377365481267,-0.189428224730669
-0.213241131711782,-0.347855020340126
-0.328914848416302,-0.257553817976663
-0.183773879399003,-0.396810105203781
-0.416393172348755,-0.353261882618669
-0.367350840010987,-0.367464159866801
-0.522385110052765,-0.323378274837783
-0.482142560183201,-0.287580768316289
-0.58159551187759,-0.165966048610858
-0.625422705269208,-0.111324122730766
-0.575280410843413,-0.217786869385188
-0.660210737119559,0.0479094263519537
-0.660735757240346,-0.14700106937351
-0.802385779404711,-0.228045808781887
-0.715932742649118,-0.212136010815243
-0.620117854291878,-0.290762375283059
-0.6672152171521,-0.23227644176518
-0.529663220451045,-0.11893017755448
-0.472628134483052,-0.336590173480245
-0.509568081428006,0.0192723352114626
-0.494034724601671,-0.0437897741765786
-0.526259489272712,-0.209876432124819
-0.295237893128436,-0.15364852813361
-0.431140923403143,-0.221689417102109
-0.373758309508461,-0.371539610541725
-0.335757162253575,-0.286123742895712
-0.365834949913305,-0.275208366461513
-0.348582312529274,-0.432669525987337
-0.236314008837677,-0.361887511301806
-0.448487762805491,-0.477943371044929
-0.263019514034308,-0.588723735172761
-0.156573672524923,-0.31561122699671
-0.116840006429661,-0.555625885292349
0.0571758153946944,-0.583369348981637
-0.158471746098526,-0.7136069522425
-0.129495759256385,-0.680980174175784
-0.305860309547388,-0.724605488318253
-0.165261330839555,-0.665261330839555
-0.0168292071210132,-0.709415044215852
-0.038734475063862,-0.753017280987529
0.149737876611586,-0.639139624735991
0.109451975459247,-0.694243223973184
0.0233444635482741,-0.764145646525291
-0.0419760714487225,-0.60165579285509
-0.0295921194934218,-0.623642654080689
-0.196167060071937,-0.463149969237061
-0.27317776427508,-0.574549623031991
-0.390890138173466,-0.559458611798278
-0.510665812254124,-0.378629597143763
-0.638549626200431,-0.538329797550381
-0.718266274872601,-0.419593186559231
-0.719236168754659,-0.558011083040708
-0.786546998542325,-0.352238404287132
-0.806496860016545,-0.46341128881706
-0.883941453528102,-0.356333309623575
-0.790890202399599,-0.428984103901385
-0.810047343582815,-0.415073533684554
-0.88086233697979,-0.430674047049236
-0.772937265026834,-0.337399769966221
-0.914756485157218,-0.310876522083904
-0.850701532674738,-0.32370478878366
-0.89515231326086,-0.210348176742823
-0.8488702234163,-0.225841297969348
-0.874847357699356,-0.129482319631646
-0.820626583547691,-0.0664295583223586
-0.801340570704093,-0.0566429495383938
-0.563018960127973,-0.110737146933749
-0.658000678419334,-0.0541668798739075
-0.748521385397671,0.0268213100789659
-0.746956882700181,0.0329851166619197
-0.74746925395453,0.00624465346424361
-0.710791580506924,0.0134247552725125
-0.723907469469754,0.0726238841421551
-0.711599828799611,0.0122715015009481
-0.748450153407854,0.0852393221588144
-0.744046233815021,0.096856374576471
-0.743948159367655,0.0173770730299218
-0.674829329085511,0.223405169277215
-0.842012743875146,0.0187582789533206
-0.648648947237964,0.194690408536604
-0.779544777858632,0.182766561313292
-0.896178540706806,0.255284639987329
-0.757313109981192,0.196817002881443
-0.691471676180909,0.213376056284689
-0.928668378404854,0.321596593207177
-0.94708730476129,0.257300981336409
-0.964248253738892,0.178494533515134
-0.950393736652567,0.213494084221555
-0.819842815417784,0.207798370229244
-0.935407323449285,0.290198572433738
-0.938006013578244,0.30018033827489
-0.924585482038005,0.343834016373315
-0.716662807711996,0.200450206543623
-0.890053683493281,0.224271369807444
-0.935824670130984,0.160745058072278
-0.876545338977991,0.249924306357702
-0.729250359293859,-0.0671298733173595
-0.775327067264504,0.201867987768169
-0.719570919593921,0.0263459955793706
-0.72675043718875,0.131289877831715
-0.814417768327012,0.137067444099827
-0.79900817012952,0.284319215427918
-0.702987061712576,0.298945330981524
-0.675363709500179,0.330879430264098
-0.581719368107026,0.405280638530006
-0.562590172209874,0.437101056158391
-0.557179655332251,0.445393291798307
-0.48564805447715,0.579056766570069
-0.466344284539865,0.595400084170429
-0.504920674047437,0.498020315378488
-0.487773315046178,0.57737754209525
-0.514262992577533,0.502354335408872
-0.557897302227589,0.442673244891112
-0.521103547060185,0.484129564148392
-0.517390706686248,0.542791721060896
-0.543827914655363,0.450354184434127
-0.592585369696867,0.521879824766983
-0.637316332054932,0.410191011533495
-0.621528602327729,0.436613479808592
-0.75157869061795,0.439973902666668
-0.759681410019204,0.300931707805657
-0.737506172865168,0.330039928697959
-0.787083949525694,0.268867044019934
-0.786500060903029,0.167242857549633
-0.818085589731395,-0.00615592312976144
-0.75801619495115,0.14141528654058
-0.819433743909536,0.0627372763950878
-0.820195728989477,0.0695983660759178
-0.816892750397027,-0.100769076320569
-0.923282591467572,-0.0216793118371265
-0.760851784567635,0.0223293790994756
-0.737927696850023,-0.148736957671466
-0.745991991825322,0.0108887915979315
-0.623060908484105,0.0857060197410622
-0.570798477592577,-0.05626286662152
-0.65850540529785,-0.39498920107315
-0.365591564950043,-0.245628328557417
-0.542044558213088,-0.165795907155277
-0.351599887478373,0.220710435981349
-0.501889006783175,-0.187706963034966
-0.439038835418629,0.0154320376686505
-0.361803398874989,-0.125
-0.494708732865645,0.382015249722812
-0.130631267558474,0.169082999014966
-0.0728565983281366,0.314834339013338
-0.114515112933744,0.411561040028149
-0.110212365963085,0.525950579908426
-0.223942938322411,0.389749759874166
-0.0401151683870508,0.443586430745963
-0.204619777694197,0.644405212558656
-0.258957148600959,0.650089454866312
-0.33681114481438,0.73250414965197
-0.267762592984727,0.728659908937877
-0.423294636969149,0.751617363558436
-0.261292286200246,0.630815381088106
-0.406195589614825,0.593527807971068
-0.392236981731014,0.603211597540327
-0.358464465251707,0.659439125009397
-0.271627487785072,0.65972870790175
-0.376774948612437,0.737568240303684
-0.50776523813633,0.699278109284491
-0.408877858055292,0.62568468017155
-0.572216831067304,0.612595917954479
-0.64274525188103,0.56903875123154
-0.725784953040131,0.468467390761906
-0.737866208794236,0.470602827987859
-0.578360547449831,0.63618940913531
-0.515812489165117,0.633828647888676
-0.622016706767018,0.592422571627414
-0.589737057910625,0.610328003807292
-0.453385987203456,0.594090427839063
-0.591261411257904,0.584307054425602
-0.539759939516529,0.66650194483823
-0.609508427335315,0.589691671532667
-0.521212748843816,0.490742069834247
-0.687326063341576,0.51797315080599
-0.593655264161356,0.311266748104852
-0.554685347474723,0.281910503095062
-0.731250172756654,0.385348756466153
-0.574516442499843,0.430847607181855
-0.558160727727314,0.374933139622169
-0.416374364476748,0.273620595637329
-0.75617790305404,0.257722425857168
-0.352679189920981,0.410298454995419
-0.385118351590833,0.421673693883065
-0.198894139232652,0.495553564363082
-0.247432633169618,0.410056977642022
-0.0145398494315134,0.713331846003309
0.0320876087900384,0.737169485105617
-0.0168729869990554,0.758112164041418
0.00832707720240455,0.803028015071335
0.0211285775601671,0.797111583673197
0.0700833926068187,0.828947011997198
0.0619974613559365,0.853660227300883
-0.0114280635625213,0.82009470885531
-0.0435897636512162,0.891071145908407
0.0811101980134612,0.812227744130719
-0.024518659746309,0.890976533955475
-0.081100531284537,0.882372975544562
-0.134367880474083,0.978227133136876
-0.0811001738294802,0.78320414706921
-0.084065464198695,0.881024981281162
-0.0348971332947473,0.994541636673437
-0.0820439062135797,0.880274547873828
-0.0764025701688535,0.882428425478079
-0.0319400766343374,0.876173023660674
-0.192765774601747,0.86447509436402
0.0017790504042715,0.771563885350962
-0.0792844716157241,0.856680704053923
-0.0497486589212026,0.857928399351331
-0.0547621586903807,0.850477085759242
-0.00270907161082998,0.859761744638196
0.0566813301734326,0.862139980171358
0.071266821404218,0.980859246111068
0.164335872677087,0.71837637549455
0.212568646812643,0.838217042295229
0.268400774506975,0.817980664730598
0.279910172534381,0.838118947403874
0.317383435964946,0.812352064641878
0.384459273119838,0.796277599797402
0.4011189435415,0.787265503300316
0.455654853612707,0.864279925417052
0.453152936349233,0.649628287070641
0.511392416953355,0.719275552651816
0.486738722626072,0.734016381237254
0.493577368402705,0.710771885766502
0.471393382956354,0.740371481469288
0.501751325386591,0.71856518267156
0.47038636741246,0.760584126204053
0.646171371120541,0.679189719808117
0.528862675775279,0.60314399226654
0.545024757449472,0.705562963652577
0.509385661090115,0.726705784245812
0.511988722973992,0.713753527711788
0.523946190130167,0.819648112694792
0.545736852054239,0.587601522926274
0.616124283874766,0.580042269256514
0.563946670559659,0.669540849905664
0.504231519763945,0.720048549800501
0.530210985333078,0.690331347608468
0.49068024142509,0.744802881038294
0.508458746693715,0.742128355146385
0.5053010360436,0.614139718994391
0.59736839506013,0.731417071654537
0.567537475998618,0.7002460703039
0.518211834784522,0.657952894427692
0.473649846401196,0.751753474728037
0.524954196034965,0.747376822108328
0.52511090265093,0.735886571814526
0.512390670568385,0.753957157908529
0.516951267135337,0.816799038129369
0.491276195154562,0.696489850280875
0.485937225604775,0.780816565969938
0.454912167343239,0.793280685474542
0.413655568505219,0.832252798459584
0.363283991405541,0.915929851426289
0.314538139213768,0.736509321399712
0.225528526526596,0.86704173926912
0.298320091672648,0.894764278218074
0.0707906962155284,0.914362387549474
0.134810470840026,0.857968353218261
0.0745615093212169,0.917652222809744
0.00864923024805792,0.896210808549118
-0.134171286929284,0.835417269200961
-0.232811895584051,0.849222864458454
-0.372000096709774,0.813318161527033
-0.501442948240019,0.730684110826402
-0.614084859089384,0.65430311706584
-0.596027368028465,0.638137598970097
-0.690386814145957,0.596963469375451
-0.530178343019435,0.479549664263989
-0.600044207451994,0.599073009868346
-0.509799304644139,0.439317476901637
-0.393286701797001,0.48455570839855
-0.465109323688145,0.46025609951569
-0.490096525104934,0.437073592475411
-0.581874478789947,0.416971567834732
-0.339840581471297,0.298120791488408
-0.4402195627497,0.00253846408668177
-0.482424015049193,0.142973354596251
-0.474620608557389,0.0425220311153879
-0.35674845313172,-0.176236707095142
-0.527676625728129,-0.339995745001332
-0.207582683093259,-0.480867565459126
-0.568923114663727,-0.367311955900455
-0.463358426652431,-0.60648749217847
-0.384373150769022,-0.698835240866524
-0.430012762475788,-0.767652621684197
-0.414837150538537,-0.747176769729077
-0.397796368257201,-0.796173173570284
-0.471455245429622,-0.743355041137442
-0.43975674685641,-0.633554554547966
-0.218319921008502,-0.88534059655289
-0.441573710051761,-0.799186102336386
-0.225534367749338,-0.587483853538144
-0.279390607118978,-0.803725267102152
-0.250329326764845,-0.847521048225839
-0.32425190377126,-0.770333554340802
-0.117347924764839,-0.913653550324513
-0.161070150023628,-0.829308262746885
-0.129490426865963,-0.819454692037309
-0.133325752351278,-0.821095525658879
-0.282237359486612,-0.697372628651827
-0.135182075036964,-0.787451800337078
0.0650044977978873,-0.787436680843932
-0.366916690506497,-0.775592033517769
0.0742617549523931,-0.788330714502789
-0.102112374590241,-0.989540700662951
-0.120794052422211,-0.789119071740022
-0.277914911677178,-0.645884814251187
-0.122541121949568,-0.790005390099932
-0.114278180981435,-0.791410550356522
-0.0249896747880674,-0.922595568231064
-0.273315595347062,-0.566101072795516
-0.0392645091922002,-0.780097644827075
-0.0318701702765934,-0.895460729916916
-0.508537803941135,-0.508033354550017
-0.205971674480566,-0.83497418219873
-0.41082033963366,-0.654352593236526
-0.354261966392182,-0.580157911176204
-0.227938979764273,-0.804707023293162
-0.311796335992312,-0.796821747341705
-0.468643150151686,-0.709021480175084
-0.348088434037845,-0.808576908152689
-0.135233341667364,-0.684385938325896
-0.344496889808126,-0.518567720288549
0.0338467299188518,-0.724766617981556
-0.215031424337812,-0.651266865613664
-0.0924927665948684,-0.59080968566722
0.0458110856275453,-0.601875051036203
0.10946799019589,-0.649448569980752
0.144806963175813,-0.72740807653344
0.437505063005543,-0.811098652670161
0.333761381504101,-0.711317386649549
0.323084656999905,-0.796542726317854
0.37261380338123,-0.863930106558282
0.462488131297988,-0.732667228660719
0.474524561256085,-0.727051491815597
0.454285145625524,-0.733044230147284
0.30517898561457,-0.538838780224142
0.523901168985005,-0.757485405245219
0.481605173817046,-0.710300481854999
0.407656286050145,-0.61277105940905
0.584262540622631,-0.792631462159096
0.465313807996835,-0.72823350211766
0.443206161498028,-0.740980057409572
0.41680406263299,-0.756792788911828
0.370762103626398,-0.572683554057305
0.523535003306783,-0.728774174003147
0.138902926385086,-0.799386884856478
0.441474958749787,-0.883424061357901
0.206398799075521,-0.693531703867878
0.424494081255569,-0.890188282158775
0.309280182306493,-0.798052406703908
0.317597779019619,-0.793701680868692
0.272182215588124,-0.810442334557764
0.344927013088918,-0.771609275050035
0.245227105245434,-0.791812476277661
0.199350940627276,-0.640025126214065
-0.00152203044922715,-0.840795440753436
0.162787139298117,-0.812999334685907
0.284359295478223,-0.910787820878171
0.0617170647969497,-0.651841891158634
0.165363177887091,-0.958021381198026
0.220576126882651,-0.808104396884611
0.481211293087047,-0.716156574138019
0.405072282560936,-0.759544900945437
0.603775317423367,-0.625048333555121
0.652692380483105,-0.732646112933617
0.675312951901689,-0.491452581816888
0.705980337554232,-0.621269499394848
0.734365437947558,-0.338701526936964
0.878686127058022,-0.351793173064059
0.84175106591103,-0.274446995227131
0.841676265107444,-0.195794190470762
0.875829664335078,-0.0642717957830077
0.764274252512239,-0.125485792292889
0.871667412398934,-0.144252074867156
0.943712269707727,-0.242660108488416
0.846134947498023,-0.186011345584183
0.77085133777245,-0.149010723985277
0.941260039059676,-0.29261770476292
0.818667645203529,-0.414160608829948
0.784619592273411,-0.390405299045178
0.763967516888774,-0.432010347023641
0.755648579788791,-0.449515341801934
0.713664150154221,-0.5121184825585
0.733539317774221,-0.379973055523838
0.693427401504585,-0.538355886052947
0.52844132409483,-0.556829120476466
0.691169178055872,-0.705057422227857
0.424024592917852,-0.674266419619555
0.67169390752813,-0.624436660431064
0.611242290517303,-0.710161520435129
0.566778908821261,-0.796229403235892
0.348723969483809,-0.876415919444683
0.421024270968951,-0.835799250203136
0.373323874120948,-0.854508081280925
0.335465250775419,-0.864465875742029
0.283569046971368,-0.861116633895253
0.231557447423337,-0.789027259355676
0.40421929057682,-0.849825309316106
0.459128165722524,-0.593390368998454
0.460406418878669,-0.546290617377504
0.39560924631553,-0.574191306038817
0.621692047523019,-0.638872726214579
0.614526748497842,-0.598713077123077
0.57682389491323,-0.575423120645382
0.675049958963245,-0.603912450863517
0.622069257720516,-0.650396665178866
0.747868281396616,-0.481601082339853
0.786217776308064,-0.437937493825939
0.679171436979525,-0.48289285837737
0.740876216739353,-0.313671395282954
0.762383042858278,-0.328239323586608
0.803994291690183,-0.249202615228065
0.862949488605634,-0.0766970091113713
0.910617885477726,0.018821689438735
0.875875239770891,0.039957419646307
0.96021605754351,0.172850112356503
0.937669497714771,0.130472797622402
0.969450329147938,0.159033261938941
0.959493515354084,0.174426385021271
0.972441015036885,0.189903047464101
0.96737200395413,0.194114092087544
0.970497217473134,0.187055355927949
0.941801154505766,0.224239058257785
0.967736848891382,0.167481303239471
0.964353944716661,0.124906487231106
0.956103963843871,0.0805511520581244
0.951038753747115,0.0474533526383544
0.967551562404495,0.0762014244003329
0.962479273724993,-0.0688619772778129
0.824523457223259,-0.249090316496894
0.877659904425241,-0.263526110655446
0.802861499902349,-0.395098115913312
0.775451835176903,-0.477478958833214
0.719609235302354,-0.532368042236753
0.570353880339858,-0.674447319394831
0.419726013646787,-0.669455970833291
0.534097517911897,-0.73470584363131
0.349564169217512,-0.654439604574869
0.33688081164963,-0.494640225139048
0.483186978121506,-0.552661923980495
0.299781849564336,-0.468588909266981
0.199266950553443,-0.36956396263191
0.0877516113178653,-0.463816644394573
-0.0487443668451815,-0.396207487690199
0.00791643343552516,-0.529674756671664
-0.110164257771185,-0.614416981272925
-0.0408341383811973,-0.678281158642325
-0.148141343359542,-0.514265567543562
-0.317206522916838,-0.538102327546892
-0.324915131237309,-0.542025980072601
-0.480798094886801,-0.433195120270121
-0.508063613460439,-0.430538440904327
-0.692686810220647,-0.376816626239511
-0.820131065955555,-0.291986083397894
-0.969036228982884,-0.0600636158512938
-0.972016289136717,-0.0510258219199984
-0.96709579940346,0.0840308450396133
-0.971451720802128,0.0916033972433872
-0.950916268183853,0.176869137747181
-0.952166584178002,0.178432451676257
-0.964903184723473,0.212588633635807
-0.945804730192928,0.272232469959766
-0.9430931495905,0.279432963483577
-0.929990738685281,0.331076297746736
-0.901956613437156,0.384379877056944
-0.901838131826747,0.38320280817211
-0.91408885853805,0.385833560409503
-0.90836971623927,0.379444090001739
-0.931503103166452,0.336735585050601
-0.930167504707287,0.33698807195515
-0.891288572393826,0.377610574185877
-0.949214136145019,0.280967404110006
-0.957855217707919,0.247558807547937
-0.962696240590481,0.216570998812134
-0.972905561952707,0.208517646891319
-0.951804595281721,0.275682513868816
-0.925850253245133,0.16213720987828
-0.943084098896701,0.0871300169713019
-0.854108019841844,0.0711849579947752
-0.940298845055525,0.110297405568827
-0.91503553478103,0.161934850796147
-0.842513125860301,0.220614295056228
-0.833411185129735,0.203580302413976
-0.910375471829779,0.232554829192297
-0.848847162969139,0.301905135326486
-0.862640841405583,0.21521109245096
-0.9092396107352,0.270228185616158
-0.85410582253633,0.262628702159533
-0.914410265500131,0.110670569199485
-0.85686222462709,0.258252300059605
-0.944582156035032,0.239630139154276
-0.843142116252727,0.200751502673009
-0.819269834222354,0.212304291892838
-0.873047157899519,0.27763687004352
-0.859235126451591,0.183201269539137
-0.915991991156258,0.315044743558286
-0.869406479410546,0.371651406683596
-0.886233458809749,0.265725796965532
-0.856891296682164,0.391855075252805
-0.863805875330778,0.403584634269449
-0.878537386932395,0.369923131247095
-0.887606507136379,0.384432632472494
-0.879529017421561,0.317345277895069
-0.889603538853493,0.319539668693723
-0.852859936849046,0.427295322215076
-0.906587608474916,0.339629922258803
-0.873300963146926,0.394969920893267
-0.797659083755051,0.497824897320326
-0.738992695564044,0.424933665326023
-0.747582468382349,0.577006978203531
-0.73177696157558,0.573521422876491
-0.589656320685445,0.620566682618353
-0.551467764635902,0.657366462423488
-0.568982635893244,0.81324242770528
-0.526763669658981,0.84043152807019
-0.422780741520553,0.889851285711758
-0.370332730238369,0.921593369308355
-0.337633741225248,0.938288780116307
-0.327219813315809,0.941301511033857
-0.362147205232144,0.928234510817617
-0.43603170282376,0.886128187522684
-0.392431540422522,0.891029470596509
-0.396621928569138,0.882755971585532
-0.465585854304332,0.840226094741208
-0.463131142064587,0.837612099148297
-0.5028614810152,0.828301309933784
-0.536248741712115,0.81966324796892
-0.547338176595129,0.815501309131591
-0.575699637122501,0.711310866669251
-0.609677425166104,0.716429179876297
-0.588049601431751,0.582676936168406
-0.625275511905214,0.655573573466581
-0.486755075186027,0.695226539430628
-0.487997516848753,0.74634244025006
-0.619518240038069,0.599129375512663
-0.643123625374085,0.521097880669486
-0.621653992065134,0.4374548718734
-0.529867377644647,0.415408866118659
-0.511575306957276,0.478042504250371
-0.595847005747785,0.484162071517211
-0.570128811257616,0.247564711660332
-0.245145169514678,0.296927277923835
-0.184131353545471,0.301753061145934
-0.235001086675249,0.33743997106784
0.0496903994999953,0.399788946935773
0.109367356523039,0.300765148156127
0.20656532893204,0.09179492848639
0.36923379830429,0.190922500682265
0.437491976141632,0.378295068650163
0.193539547164904,0.395718576086302
0.570113834233794,0.321126638796762
0.445949202926896,0.376507214501388
0.581159358257127,0.313385044976181
0.585992571240771,0.174818191063306
0.693244199688248,0.014176683425665
0.670305508839488,-0.0237523526651491
0.617467620808745,-0.237762449618408
0.585619820464042,-0.228307171313657
0.724777651175041,-0.179476761010009
0.524632307819149,-0.387084459504745
0.630390031899432,-0.359293392456478
0.633064160556921,-0.468354239870214
0.747463311407995,-0.561003036782732
0.78228923702584,-0.461776381741407
0.774588278397015,-0.491864860718631
0.76855486256641,-0.42694210287301
0.801405539030727,-0.450296006537331
0.815629111747769,-0.43796838172107
0.854669680597163,-0.379171937195102
0.855398207758712,-0.404979773688036
0.824572742481519,-0.523792614105631
0.823520753106051,-0.542515878956643
0.786919806921492,-0.600477270016169
0.762185914300227,-0.637321607990304
0.738362306293623,-0.669378954513634
0.730308280393308,-0.681666865541466
0.706177970368528,-0.703681531250025
0.670446007486835,-0.736383885490252
0.6480106840465,-0.75115401034798
0.638884502246184,-0.764322819156246
0.577946684370734,-0.809192948004147
0.50004150306144,-0.856652736672939
0.468658629644359,-0.876024675439465
0.417212561904372,-0.897159519893889
0.364157493242381,-0.916409826860951
0.342958158568564,-0.916879027094263
0.25880325526972,-0.946433950293895
0.239188345826224,-0.92721372523578
0.160630597938042,-0.931829476048937
0.240142486263901,-0.873781032257693
0.145706082297279,-0.885230490676991
0.290858749894731,-0.860692469021285
-0.0725593243082388,-0.902085429038733
-0.00594774749100964,-0.757509096475467
-0.0216387735321257,-0.913428588837827
0.00320658416787321,-0.8262966527907
-0.0226679279075299,-0.815044971297789
0.0493196961916072,-0.774803615349626
-0.0663788489176472,-0.855186712816137
-0.132903395856458,-0.695958464339805
-0.0584648686424726,-0.759291030846075
-0.0395361885593925,-0.73939004522553
-0.119838504206369,-0.91432642035696
-0.0773981928722909,-0.851568679072016
-0.138894844233272,-0.926226802211933
-0.167046437405271,-0.921334909568544
0.546388290677701,0.151517202283736
0.758843931244445,0.103496039835154
0.738473431498858,0.365794894778821
0.729760031709605,0.163704093540699
0.74075648448609,0.268300690000885
0.846387628271876,0.169698186700354
0.727727726946412,0.32298614062704
0.710422519056184,0.34687386084044
0.576248820952091,0.52145155296677
0.676353015129152,0.295722908962884
0.818485255475955,0.504298106398613
0.461360914441419,0.541626118750348
0.610382945518516,0.71538977545952
0.56572233683335,0.459115154518766
0.535295610304881,0.746219165862168
0.578839968421604,0.614771536758982
0.587205350554167,0.623978233413607
0.628578592717581,0.61195046397064
0.594605419224074,0.675488300468754
0.641301357984763,0.403278200371213
0.322512220636467,0.608542859179942
0.528522814461268,0.438530682733463
0.340564827835762,0.5444457424041
0.308083831302635,0.405326561454146
0.196316349240632,0.421396220596362
0.355230015719026,0.505200842103456
0.532581832102817,0.314732091786522
0.487162423357947,0.467632453139519
0.557155171743127,0.578218578602313
0.468615062074206,0.328873779516647
0.704844110419082,0.434471717825123
0.708987390127402,0.297424051496835
0.611929074193417,0.534550911148306
0.456675935434909,0.545402933907828
0.660248582324638,0.504801997628404
0.523744304976574,0.518713636354556
0.603387685921042,0.405380367914488
0.705218721086288,0.492494441106051
0.580831056762403,0.533252980475968
0.57930883717273,0.469461681062248
0.545301201865078,0.432295223876384
0.666189825510291,0.545134424215819
0.515241760548135,0.697081299216294
0.364823233308803,0.567695393235173
0.530999277053292,0.710073318697293
0.381744116928913,0.597286404703762
0.466789198189937,0.67120651544342
0.44227281864561,0.705315283801954
0.392860989300168,0.637167172149774
0.464386533731499,0.779153095920131
0.421402281524106,0.614188538312693
0.373499305096697,0.710200816797144
0.520603622348363,0.671493376826306
0.47625355517295,0.672841546167163
0.435799233517172,0.711971941549035
0.535676873461553,0.666828495380183
0.467027007910378,0.704855098579102
0.440965769963591,0.729534513245102
0.369759975094664,0.760255025985651
0.33884078045989,0.889726311503289
0.287833881775912,0.737492656489655
0.14184049671417,0.812606836823635
0.186332409776275,0.843784325511529
0.161307352292049,0.830380673819099
0.0727322385031377,0.834246111112421
0.0156561070053365,0.840450878145318
0.0487069899051124,0.903626573760961
-0.10070243836276,0.723643448392054
-0.130067420070459,0.861404619106752
-0.205773681483942,0.783188421463411
-0.0995349640028472,0.813773937587538
-0.190238720351011,0.829198047103786
-0.181615168915218,0.804558885934173
-0.292196200195339,0.795887821957278
-0.293380428417296,0.741586352564331
-0.283938143134285,0.780145614221801
-0.202574420049615,0.84261982067276
-0.252991293759749,0.774206238921233
-0.228722852471053,0.761165845162714
-0.264060039757742,0.888929489885683
-0.219138958489213,0.789997953495505
-0.273235878172657,0.836983103755579
-0.155793331784714,0.91506403497605
-0.0943127162631192,0.789430909758419
0.065446973380869,0.857969803863452
0.0519004058374083,0.93112965271835
0.0799843314915235,0.829443579133529
0.0577305196692268,0.892916697973149
0.0822979848297403,0.819269523634805
0.0740605083159592,0.94843793411735
0.094251697416812,0.857679709574041
0.0764653812321783,0.880470182024721
-0.0172389319314323,0.894320435397264
0.0376494888573548,0.828483104902089
0.0798291176206599,0.903525202919252
-0.0375244843591369,0.908373956994198
-0.0570752080863961,0.962379727670487
-0.00236991180337083,0.861231540618009
-0.102173970081032,0.910906983543773
-0.0904887848167397,0.906317993773796
-0.102526290301333,0.906473295276175
-0.046497047094723,0.954161984005374
-0.123485285400922,0.888196991555822
-0.106947766697266,0.895411110148084
-0.157922409762155,0.875799241114389
-0.18538455976659,0.866376779009277
-0.265580353327151,0.808010091043601
-0.25678143510174,0.833441605634518
-0.256743381620944,0.893049209422364
-0.26210708561294,0.797905733052059
-0.323334709962174,0.770298195460918
-0.345231179298343,0.778980337958758
-0.288166952719148,0.796556873072971
-0.383431796043319,0.784752297008077
-0.410695960051577,0.718195491268267
-0.400249700997795,0.872720451060267
-0.417681087284774,0.796628082860864
-0.379272010573082,0.749532863618988
-0.421758880963678,0.790851942562608
-0.439581140151281,0.818961279348722
-0.329555103108711,0.680057608123561
-0.334954847231656,0.7562454325184
-0.359423035255017,0.82166660735903
-0.336307720086315,0.846860189513304
-0.365987529234518,0.826733431110893
-0.34569135748344,0.831242280650638
-0.383255385748518,0.807104199989871
-0.387578182159254,0.885091082785308
-0.391531379269103,0.725913280576087
-0.406946560201299,0.806343452635582
-0.383612995750761,0.795894790830042
-0.436771292235421,0.842968921564214
-0.398341776051769,0.768444986059783
-0.375740297513717,0.733028334195468
-0.417278403759498,0.77876148347957
-0.296864364895379,0.807371469367298
-0.46078953890257,0.813070207704065
-0.351798550366694,0.904028549967928
-0.366599789461911,0.74755169859487
-0.376142269968238,0.899294671489659
-0.366394814461631,0.730763326514121
-0.33312978075154,0.790202578964541
-0.442523421664658,0.853940703626535
-0.552748499140013,0.693571965348227
-0.559910806431246,0.703248760559689
-0.597017646570493,0.670177661121236
-0.650345734142388,0.700426853638431
-0.694653553780397,0.578805213494998
-0.748186002086379,0.422667103476883
-0.769810118018143,0.478852026788189
-0.78097247741265,0.451425802491733
-0.809843368890061,0.496144988526117
-0.820656825684951,0.315338602686589
-0.80115475496671,0.512994600820847
-0.791264237268797,0.36025328178853
-0.800055089427233,0.492950147757597
-0.79887594524288,0.316635764721613
-0.792010256749652,0.387971702780525
-0.788735712401363,0.373163399447371
-0.738508258530296,0.415050419959419
-0.883210686757383,0.31878827841884
-0.830372791863642,0.208117562660624
-0.835561095178023,0.299498191225653
-0.836919160242369,0.271975503579356
-0.895374032162227,0.319172064799618
-0.848869786040132,0.249005688348198
-0.892857001327042,0.24795279868816
-0.858995472295728,0.221665781760828
-0.956948883379492,0.128958952677259
-0.947188873517669,0.0196748192235634
-0.951995631079183,-0.101895613323068
-0.966053725759396,0.0311738214199565
-0.89800492781263,-0.0854022773493765
-0.959265756695999,-0.0509500994864194
-0.960343117451174,-0.0600614555513117
-0.952912989740667,-0.113119087900257
-0.978373090429288,-0.116324741129206
-0.749316360420553,-0.319120607309825
-0.940042107323316,-0.263986965867542
-0.763890789443792,-0.242140737783545
-0.884784531795824,-0.32962850192457
-0.788414964321799,-0.263752040802147
-0.767252168105655,-0.424969770692067
-0.803858003806508,-0.377784312607075
-0.794358923791663,-0.360949640759681
-0.789638423853268,-0.46818402794507
-0.706675518409304,-0.412273024672099
-0.658574364448196,-0.553177244900992
-0.573129820070643,-0.588659445748253
-0.610214168212467,-0.553739997988315
-0.67363500883744,-0.568501917023069
-0.622717962054125,-0.590311474796911
-0.435685717021306,-0.722072897963959
-0.49900775625649,-0.651601230018932
-0.318089940582486,-0.696214994737484
-0.261532862953409,-0.744150730564055
-0.186025799519842,-0.717744199777619
-0.189353874467773,-0.732818152814337
-0.120691616450704,-0.733499512936929
-0.110985369566597,-0.820998308641633
-0.144919541593677,-0.719299089728458
0.0342128830069059,-0.820530158049323
-0.0165546973000639,-0.768586301294928
-0.0156184388183825,-0.782191556140551
-0.00718762678206131,-0.787317978258675
0.0956519930041888,-0.82351880606532
0.0606148494129998,-0.829141342610688
0.0280138570585518,-0.829901398742887
0.0422290838422726,-0.900992480248829
0.0270038630559363,-0.834957804242212
0.0356346913507771,-0.834032322241262
0.0886805960295101,-0.843196420912775
0.00175645247959558,-0.880888036878596
0.0427437153744588,-0.772238507819742
0.109784814811522,-0.776252701865765
0.0765682816198817,-0.847513027378776
0.210188530642311,-0.803303796402928
0.175984748537676,-0.861502021213573
0.395077846740739,-0.796348187293135
0.473366671997838,-0.72988393236119
0.57752907497546,-0.70571192662129
0.684926004389474,-0.627680433561504
0.634532430531794,-0.585710613873571
0.847501049016121,-0.445281446452656
0.877827291267774,-0.445944419299188
0.878999764656713,-0.343932187004864
0.899109698106608,-0.424809786135512
0.902463634791903,-0.418942379324589
0.837065131149106,-0.385235082201105
0.84774023749009,-0.349721591090785
0.919032958270766,-0.355835858973293
0.909578617251724,-0.346112918775329
0.927676915319199,-0.316909366777797
0.90929527010398,-0.323732022065271
0.902554087919722,-0.326704787149424
0.895939904643752,-0.329224723034134
0.739086541200426,-0.299254947706997
0.8820900232313,-0.372205030806216
0.911689652770825,-0.306680411529817
0.895005100041231,-0.351290978042199
0.847456950293977,-0.309566693001388
0.90251812339524,-0.374988933965922
0.846216935465745,-0.297843517578263
0.897268869181958,-0.377337159781114
0.738429795442294,-0.369925665708039
0.776724608199,-0.464144028132639
0.75819636977509,-0.466784381791494
0.753485410760449,-0.471818200278813
0.743643785739927,-0.44126501436547
0.806835332996371,-0.427489685273184
0.739304021232142,-0.42931635504228
0.768179273563321,-0.424519161556992
0.799000415109143,-0.37084819225259
0.726093316860233,-0.363303486121291
0.869498393959598,-0.375109657010565
0.759616184452345,-0.383179595167469
0.810265707218528,-0.265776970242858
0.815164615788083,-0.401685632983506
0.801291634906904,-0.270329011568923
0.713155032066905,-0.390591707793159
0.889904994399248,-0.394571882567227
0.678152948865116,-0.470126347935965
0.808150649235151,-0.522723154514062
0.731814038319296,-0.414814242772839
0.681697800896511,-0.636460159600821
0.635042363765883,-0.526029415533078
0.761554329793019,-0.602173844957599
0.592896571246591,-0.471889092552304
0.678166940548054,-0.491395076254415
0.698356572536964,-0.657827132303611
0.663613023599691,-0.410612135929066
0.568115177546454,-0.525640514895185
0.63214621845223,-0.617594388066425
0.526440573727592,-0.634887663147772
0.548582709654925,-0.662200122623058
0.549373785847456,-0.626023204031568
0.667215410172833,-0.649938635666413
0.354057471418932,-0.521303591684212
0.601744781617602,-0.56514343014316
0.537455873974169,-0.612570458358774
0.596048238819874,-0.643440697912796
0.641582083901423,-0.68541163014298
0.496063890670646,-0.681259633655474
0.535891390482252,-0.711016545249413
0.522619273154144,-0.720459692021741
0.474007899130618,-0.767238051658394
0.463905373149702,-0.764944547973275
0.347262939933807,-0.645502691193738
0.458323293880498,-0.767116964815773
0.342614748284513,-0.732982816725498
0.257057470070606,-0.800954041876696
0.196950336460521,-0.676846964064753
0.213001136135829,-0.762486179614154
0.257292783663849,-0.658905855345785
0.300794408927478,-0.623436347216295
0.204668804237521,-0.496311525545971
0.400305073936839,-0.595284207566122
0.417164649464566,-0.633899518648081
0.398811642422057,-0.406360442927365
0.583849762151522,-0.363390039574013
0.420381183506467,-0.426509426517043
0.341449512055792,-0.3208323531827
0.303404943273149,-0.269293141012077
0.288412094758297,-0.0995143513824838
0.206478681833802,-0.0466454011893283
0.351492795365075,0.0254904639201902
0.180981440759377,0.143554158490615
0.259572075211037,-0.0073410536471887
0.166044798388006,0.268353754904847
0.284403979019435,0.204404877150915
0.172653159619154,0.176245691300586
0.322919916624844,0.306814017527072
0.19819271309917,0.300471218584558
0.185863101474663,0.354489710973367
0.223842969208618,0.527795994112512
0.191234126977831,0.531888809799689
0.190465127041711,0.702134223976174
0.126617838551835,0.816803036261186
0.0919329682584915,0.82658301795828
-0.0539688256151738,0.858644092392266
-0.00359505933429468,0.864071241627734
-0.0691548652615533,0.875818781948999
-0.0309586255252054,0.876531551850055
-0.0595321848510512,0.878070898229405
0.0249757207437537,0.800836046847156
-0.0937728616321835,0.868122274119976
-0.113810921865376,0.844450879067844
-0.067063586099802,0.840723352879609
-0.102003211132098,0.9450607321585
-0.021003418802455,0.821449538516657
-0.0623714641666141,0.734105342404656
-0.0316357778428014,0.863573370242722
0.0242486943343807,0.849885935387288
0.0719971868233328,0.836776784569194
-0.259573789006274,0.78141031012473
-0.208385309841891,0.755264886131289
-0.221190263209283,0.715698624530814
-0.220120954414009,0.658878619101329
-0.232174242028076,0.659295040534465
-0.315058902805067,0.649517620533601
-0.34654523415688,0.678609135933748
-0.301774233245017,0.589100620967334
-0.502191649823626,0.802538018715576
-0.372338667166891,0.728476608585724
-0.302302004653106,0.708936024282385
-0.382788677853059,0.871892337719342
-0.365040758470999,0.6594520199684
-0.54175420519402,0.804472347647552
-0.415966729334067,0.622263589916996
-0.680108487062179,0.718570384598657
-0.607737969624402,0.635521887945155
-0.61634627991248,0.583832573473124
-0.625037624079894,0.550669270204236
-0.711083494272446,0.477607079304801
-0.708307894705686,0.520557469897369
-0.725551114042115,0.510576885092854
-0.755198168312996,0.453549990357132
-0.747283116271945,0.460261894953835
-0.78337248127845,0.402733738285657
-0.800445639134698,0.411551103298324
-0.824815228200357,0.252796569908494
-0.757277185048187,0.338980631628483
-0.75345049701933,0.192371213174853
-0.798506375337177,0.133927939790715
-0.768384459388209,0.146052029965679
-0.717013775776183,0.170581172076516
-0.624540187905621,-0.0474248990258483
-0.40202872659092,0.0726223075638074
-0.371235595937307,0.136583171179095
-0.62873434215075,0.117690343549466
-0.495832507189073,0.0277617344491614
-0.430506481483474,0.144504104503182
-0.601626808492911,0.080395650396464
-0.541809679210553,0.0361044262539567
-0.66792798503147,0.0601342802429162
-0.755951492888702,0.0837840681018761
-0.561178877563483,-0.155831473719845
-0.469753189059713,-0.0639609717304569
-0.611954263202197,-0.0711691447791987
-0.536552944134129,-0.0215285588432893
-0.457729163333104,0.0743558020132758
-0.590171096721343,-0.131872526825469
-0.428768569852262,-0.123778522389299
-0.610129926605509,-0.114048310767187
-0.545768695860302,-0.264282647549826
-0.604438501310085,-0.243170019623655
-0.517728635803137,-0.365554973228775
-0.671078428835607,-0.214164923544383
-0.592285093712729,-0.43413109770774
-0.46134960226026,-0.619944965362108
-0.638068075319595,-0.588663307150915
-0.593131946307379,-0.492178936504781
-0.580168851533199,-0.59911441230349
-0.553997638980979,-0.66949505285371
-0.564402906384426,-0.428927697095993
-0.551134010972744,-0.547431827605649
-0.522214193081881,-0.518816874115475
-0.518535290457226,-0.538401128545112
-0.541190013254731,-0.482910257456978
-0.502231152860084,-0.558179374110602
-0.507379725319016,-0.623362022570116
-0.415328797457971,-0.760807285795792
-0.437142333919051,-0.745232717704542
-0.418688026932337,-0.736405345154738
-0.358518839179383,-0.757574221909355
-0.362123920305131,-0.810186280110784
-0.263396438082764,-0.697883226266144
-0.338324957578752,-0.670578202711175
-0.300888522299092,-0.784115561130717
-0.315692612615293,-0.782755618612575
-0.17346180353448,-0.860523509592492
-0.213315799627054,-0.819710488062748
-0.223879618192902,-0.791010170257583
-0.161201026171495,-0.844093038152941
-0.214640680154459,-0.771157103191884
-0.110859152940143,-0.86043617087947
-0.142388249693367,-0.726215608877329
-0.213096737748256,-0.690599218848442
-0.0252521751655467,-0.746606811807565
-0.212278970231139,-0.696617890751891
-0.105232838492818,-0.538014699972018
-0.167028648189991,-0.616560703110652
-0.18452854877012,-0.70219600720329
-0.0223829322912696,-0.530782109234362
4.21500770846855e-05,-0.48769412573136
-0.020386184844759,-0.787859790734908
-0.0544136755743659,-0.581403688808539
0.116393815479121,-0.535739066766623
0.101970727406563,-0.793298463498519
0.188272181188695,-0.550311705647972
0.192523834630238,-0.604329158916808
0.256667174214579,-0.800183383621515
0.0695786193511213,-0.484533071305161
0.327369389573879,-0.617781923327898
0.0656402820556421,-0.691415115317029
0.404751352541943,-0.714053508856446
0.380304780424449,-0.690525965714884
0.410685635247109,-0.684017513602097
0.425718811392614,-0.720502975689526
0.500104435657153,-0.509065338144727
0.438020651300041,-0.636711595254388
0.353001030853005,-0.728721527049935
0.480318134061952,-0.633999149623135
0.455121934877477,-0.642512105108375
0.331540485079683,-0.651000338130844
0.558428837930037,-0.690520723759922
0.443667917547807,-0.840978960399142
0.49930587486142,-0.843945479829175
0.567106811875853,-0.789954374516836
0.589956970910606,-0.783299957281484
0.563048634119012,-0.775870632276795
0.655527705327423,-0.736999407228056
0.689810789614013,-0.708937693349035
0.671743753294357,-0.724560473011653
0.647474071534269,-0.717922627522754
0.660103268628461,-0.737628316171746
0.67046733922601,-0.679893810182813
0.662184285835353,-0.723693412829877
0.732373645466822,-0.648023801782839
0.71111483382778,-0.671934207213342
0.72135705193897,-0.655322007774012
0.806729118229563,-0.544655504801765
0.77570284809212,-0.513443124319884
0.83931564500112,-0.368679141051705
0.876288233419824,-0.281418959368505
0.882471520209375,-0.340533059582256
0.897261214259464,-0.25138030367448
0.897804378709383,-0.283688739902854
0.914539887161771,-0.248840375169815
0.925557561654421,-0.226434858432889
0.934272589025371,-0.208063740265554
0.962307616932284,-0.123183038315986
0.944797451602433,-0.14309831637104
0.952871328801348,-0.13309693469309
0.956408309237177,-0.0846208340169032
0.954971349572077,-0.0355357585809283
0.978401933585691,-0.0460981130826532
0.958964336351717,0.0693822686221467
0.930805760082339,0.0825008777953659
0.886755392183483,0.0664138676082715
0.882110759344321,0.183328334576135
0.856057518698481,0.171535896064129
0.692719889437553,0.26862074450451
0.769484210875692,0.307698028574875
0.647456809729762,0.421966937785163
0.64462763066933,0.356418500839062
0.641715427177102,0.378386458289091
0.440429415039906,0.51340371305177
0.517593111864784,0.416224148809316
0.458654027863659,0.576219961436145
0.558969081932264,0.451874677737683
0.440353405155993,0.57122878270302
0.453899401645743,0.663789489917219
0.499007432358879,0.706875347281863
0.481074055781989,0.766294969029921
0.381861802116911,0.906728350557097
0.365393169256961,0.788440677028771
0.125030261300897,0.944316187733914
0.22023579255265,0.868074093044156
0.159759283869627,0.878024045068627
-0.0489978260877501,0.89252334707715
0.118624762260879,0.830835929294059
-0.132100189221369,0.942847676549993
-0.0807583095054583,0.826542079372789
-0.168063205088742,0.812965322216621
-0.413238537435609,0.789858402329617
-0.0813420292152339,0.786426785724831
-0.275477831541609,0.780746519320394
-0.431808959315621,0.784390239723844
-0.0909897318304742,0.719705500577972
-0.307171601148591,0.921974214303782
-0.0711990600420652,0.623595740187921
-0.328750760769716,0.91593041421425
-0.327452169718764,0.910881854053531
-0.162081749137663,0.980913562164243
-0.154384299593625,0.98364827148404
-0.242026637086073,0.934194171773012
-0.139194894062032,0.584212060371249
-0.258277093861917,0.923408540964063
0.106336287580274,0.728501829938654
-0.135677583801017,0.73239259115744
0.045235942518466,0.557624360436894
-0.355303995903841,0.866471414752029
-0.0118316794416644,0.769353674880191
-0.286651124679079,0.73545747679493
-0.272510212760427,0.685286204504267
-0.261167239017546,0.690895587761617
-0.37865021598649,0.91234385020949
-0.456435168231749,0.859870442463179
-0.444703265667852,0.85821543844737
-0.453469433336161,0.66714476624034
-0.668854640720491,0.619776468576965
-0.694449263093457,0.604712702807376
-0.716538347146141,0.562405008517959
-0.719163500897402,0.554946029325182
-0.721998445245467,0.543619258619309
-0.749837639040082,0.385362071688447
-0.803232829552545,0.294922718535767
-0.509361839690511,0.2001074566626
-0.853586586328747,0.331498363990121
-0.909483820346351,0.341339522894848
-0.901133564804237,0.315094203299024
-0.860823913959804,0.460655008737407
-0.859028225116876,0.436604091971491
-0.903871833731555,0.358874792714568
-0.879076232890575,0.39969322294232
-0.87763579707841,0.413463399946805
-0.878599433124446,0.397680453687664
-0.905754277074903,0.403145710440987
-0.926666159935219,0.257635409474558
-0.818839960979989,0.417982789570514
-0.921996201091836,0.272772991654948
-0.895812908640261,0.346237354684742
-0.961517623441947,0.163263898119126
-0.897315200212356,0.276879327865944
-0.961424523495728,0.17304026784446
-0.965466265730173,-0.0047444478129225
-0.930194344671802,0.223079596131761
-0.901679613033487,-0.0227116449464167
-0.833679170015984,0.104823925995838
-0.808282822482178,0.0610002730411718
-0.830255472759892,-0.0749148446985928
-0.77946711998604,-0.139823801949582
-0.744388200575684,-0.156452729012096
-0.859288658344442,-0.0851388867911661
-0.739764557702718,-0.297377828254967
-0.635538027640507,-0.188324432140549
-0.688289294934142,-0.326120600668606
-0.535723250271568,-0.288252241491584
-0.494511507532375,-0.528191859629415
-0.362103786390469,-0.394260213903157
-0.400253543851318,-0.435288688491672
-0.525183380918054,-0.43050969471372
-0.394457491257267,-0.552631501993965
-0.296000890975964,-0.692015396713812
-0.29858808720241,-0.591003020226175
-0.0307935052448023,-0.764705756786799
-0.075254727616063,-0.709746965220009
0.0597828605254646,-0.770922335483776
0.120779734954201,-0.790842306492943
0.192567924762432,-0.79966386170728
0.29552742445209,-0.88145403889472
0.312036133920622,-0.899340255990438
0.345582500273768,-0.916137639512735
0.327347661816424,-0.930164832821945
0.344645355595062,-0.916408904070094
0.357236992845467,-0.905354998191256
0.35992953738278,-0.876792443858831
0.331872994598223,-0.910295115917051
0.316168035145667,-0.921623914624853
0.172525967608007,-0.893694561747493
0.175496691707006,-0.899517849566135
0.193568356200715,-0.929666171172983
0.202798375932028,-0.927408076302222
0.271149754423101,-0.950717692390775
0.342547042558116,-0.920008371850697
0.275717815598786,-0.896491711322109
0.343505235521087,-0.924618662074771
0.409395664716128,-0.894241055699479
0.442829071516733,-0.877849181817237
0.42617476873906,-0.893965382868749
0.464812046372488,-0.869768453372629
0.46472891328854,-0.850534140702302
0.436291706868722,-0.824805430227277
0.487095869195348,-0.78988281180475
0.41251859959901,-0.797336519966361
0.42203307107447,-0.838233752588418
0.3461872377062,-0.866609728138356
0.378977102502337,-0.847124005074295
0.321120108718642,-0.900848045220161
0.255956377395078,-0.881793838318061
0.255179477837367,-0.901470374224873
0.194867074241843,-0.915779284311393
0.0727297754566952,-0.962767249694823
-0.0157879537365185,-0.829223682957639
0.0480669080636687,-0.860040056781746
-0.02207541608403,-0.713002842321523
0.147810422624521,-0.757123471045377
0.167453738540286,-0.6092476456167
0.0501200259945797,-0.650434631245883
0.07192439310698,-0.749254320532034
-0.0139201603137607,-0.728508532636223
0.159767356512467,-0.681911405258809
0.182200391348434,-0.603842718310465
0.104344451768878,-0.692058519405258
0.110976325825702,-0.850165327589236
0.127723048911122,-0.756583444846722
0.151590958481225,-0.833716125580859
0.088789074941891,-0.791727263041242
0.128754849098326,-0.871493014834281
0.100457252457521,-0.85346658959481
0.132206307436635,-0.904055466082441
0.0425286033991632,-0.970778789827262
0.0744457351069382,-0.96747039571371
0.0140786706749973,-0.948204292029218
0.0231064787896265,-0.934603272193577
0.045786854649563,-0.926920657940137
0.108723122254605,-0.95011418259586
0.273988238064093,-0.897255071786591
0.27438013839039,-0.897967795794296
0.310678578888017,-0.910402258349698
0.256769541205773,-0.928486608998615
0.387075754788879,-0.74578497248874
0.212736392617147,-0.731935103512013
0.486601250928333,-0.836380583377384
0.493975994765996,-0.648577140617496
0.548168651886542,-0.588484830355651
0.591522656363233,-0.104895156253477
0.875207670903168,-0.33749469471387
0.535200157286629,-0.230629487191001
0.317780081670439,-0.10313557426232
0.889646111973517,-0.178552972991182
0.78738272869715,-0.0791955944473962
0.406683392043887,0.0504325723783876
0.471631583198956,-0.0732462458133922
0.608069735487069,-0.0162016117703859
0.663763901101768,-0.0584175637753489
0.526699295264733,-0.0854715292478953
0.535153436581544,-0.0910625977807143
0.579275289527331,-0.0500405642558011
0.649596116318638,0.160153397218646
0.753915707552439,-0.126180697741178
0.514069104771085,-0.0521700163098366
0.553110654907568,0.202121322473035
0.630710678118655,-0.150710678118655
0.273415051226671,-0.0192900470858132
0.642280166169483,-0.101015254455221
0.503803862357975,0.0620564780212242
-0.0430262400953673,-0.127916818400423
0.269290047085813,-0.0751917465233079
0.200191746523308,-0.0883883476483184
-0.197133062224627,-0.1863866458875
0.393906893586133,0.0242906488249004
0.0190983005625052,-0.21180339887499
0.325,-0.225
-0.206612596238652,-0.15753741466275
0.0210260223931728,-0.285795234294584
0.402368927062182,-0.235702260395516
0.0591733660532993,-0.344887651767585
0.0488155364689088,-0.52022005725994
0.13417231892902,-0.308412857111955
0.0976991685981195,-0.248296333878044
-0.082842712474619,-0.082842712474619
-0.0187122613547314,-0.406158641292919
0.222680484436167,-0.416975114027978
-0.254817838093861,-0.877324893917431
-0.147684922820681,-0.722788120843814
-0.449277741996945,-0.752345172564611
-0.160663275771203,-0.611482257092106
-0.352688272303359,-0.322897162583938
-0.165683423593704,-0.234664403318824
-0.311524131610162,-0.435004024302642
-0.488796275019149,-0.38227106691801
-0.275720062781084,-0.238452263156088
-0.501574753455956,-0.074010681431341
-0.538790464321081,-0.170748660072527
-0.0954320376686505,-0.420153397218646
0.2,-0.241421356237309
-0.170981623820388,0.0264526751898423
-0.359053396114418,-0.198434460770519
-0.373862824908759,0.00149379417762152
-0.170728963973868,-0.0216577654738825
-0.612929547263393,-0.377839469855608
-0.700960083708112,-0.309872709111092
-0.441164442811003,-0.235787898204285
-0.593505396907486,-0.236306154197807
-0.756407943502401,-0.142147459558797
-0.786650802136587,-0.23983884915255
-0.748636664401138,-0.0349307047271555
-0.673531626905143,-0.102553745926079
-0.945768094718288,-0.0109916405999812
-0.950336629821934,0.0240531853885742
-0.713680850486884,0.0921522518153006
-0.954097782990799,0.115042268422315
-0.870842220488492,0.162646450202996
-0.946561071924816,0.00420842135179487
-0.874275377948943,0.00419749931476782
-0.945879833037073,0.0439431369961142
-0.941383655726961,0.0353384779293516
-0.94859401928926,-0.0788083742757054
-0.883501260489833,-0.143471372861588
-0.94939720010384,-0.207462676525655
-0.917412915415589,-0.175531825031302
-0.92054261161984,-0.183486749161197
-0.932978623512843,-0.31904859163539
-0.911352626768769,-0.259512517970872
-0.827412023781034,-0.298480765266183
-0.864013728125358,-0.364390548970024
-0.847451554798717,-0.391936383930023
-0.76112119131873,-0.417539597020361
-0.782669726061832,-0.479651256163633
-0.720722015966794,-0.478783875425868
-0.710237318470772,-0.522750633274081
-0.688525402904373,-0.597529036675874
-0.700896503200894,-0.546709256603746
-0.584635308167583,-0.576937950888493
-0.633597386505195,-0.563278533329246
-0.583632290924004,-0.582037739888288
-0.602558159426714,-0.753991314614968
-0.510944528689079,-0.664215786063953
-0.520774640372782,-0.65628486735247
-0.487307038099231,-0.65996207759329
-0.488930065955823,-0.660774234723698
-0.442199809447467,-0.70532976884364
-0.371424766977458,-0.77650230960003
-0.343897128744955,-0.801326173224952
-0.277906634953587,-0.827318999794157
-0.233142135468502,-0.810233075945137
-0.144436024332244,-0.713572286743315
-0.126925258288146,-0.708001551601206
-0.176558695759696,-0.716028720496769
-0.116746904179515,-0.629209217729465
0.0243761166062274,-0.851058205286552
0.0116791368239601,-0.933703474327353
-0.0849453001098968,-0.698440318437521
0.149992827720103,-0.880388737375797
0.0140291251533187,-0.640795233426038
0.153070203089378,-0.650159203856676
0.155641119015645,-0.758373694123845
0.277482978934031,-0.60837265979358
0.197081277808605,-0.565523770644731
0.43904374182498,-0.56921057422076
0.449271101991375,-0.494422422544482
0.406413467518486,-0.322747024566998
0.625751714409311,-0.246528171654038
0.441421356237309,-0.178885438199983
0.437795230414505,-0.250392761516955
0.549883525036793,-0.0334544589147947
0.544051517781811,-0.0803551781365319
0.455294221663344,0.121550889520743
0.473185185107282,0.0627455774875656
0.515108155609515,0.0712125659943314
0.490618803492436,0.433063985734344
0.511883073712287,0.286312405707721
0.625219769708335,0.299492361220842
0.688119028996924,0.411949158055883
0.475625492723676,0.375006291723666
0.520866386171136,0.593122793466698
0.477627140131919,0.49382214612163
0.542652677776251,0.313565439056755
0.367324612618076,0.429624312299947
0.413939145557636,0.516476397884691
0.477808733845619,0.819870955726968
0.50749991081252,0.578335794394436
0.579507230572105,0.699793254921603
0.500354426547605,0.802816415352194
0.643602268142767,0.53081251323521
0.584136973997327,0.608162395748275
0.571716546361562,0.619845636652507
0.751659046139193,0.640900865999733
0.640569734357048,0.555198106971925
0.806401815918189,0.571418666875435
0.842713482009932,0.530673336574446
0.886675109933452,0.441481390816904
0.895832918338873,0.423956184573543
0.910682969174214,0.398382115088427
0.891777358051683,0.406389007365826
0.847179030480649,0.423671453433899
0.862172156665834,0.408155495525156
0.835416906110868,0.456655326326368
0.790756574260835,0.505388190147509
0.76804280896904,0.440878696663452
0.690503710455825,0.445501070221767
0.831843411697882,0.259800610264866
0.844083472666805,0.273733005312159
0.678331755356073,0.246780553660485
0.701894897908667,0.233153461156418
0.729303216595774,0.484862291739169
0.571526171969652,0.299734862104067
0.689743764404375,0.368735391527218
0.512516997650807,0.494739676336042
0.670098798654168,0.479961322975524
0.407845061569355,0.502996797424516
0.374486388220274,0.402579864053484
0.474648247023889,0.475006547859816
0.391894216279918,0.505867270752512
0.274158866778142,0.264561338687225
0.398769267700681,0.375816242168396
0.186334094959824,0.26934774522109
0.246104733833433,0.266391086884854
0.132364483711343,0.253932751443414
0.0675269227798565,0.228705971647178
0.0333981624010783,0.284085773922845
0.263129744636356,0.0909090909090909
0.0895542707627393,0.182521651242873
0.265906584597476,0.136798043071997
-0.0865077175558056,0.0791847725197481
0.224595285700304,-0.0593500612850863
0.241696634466783,0.257744802510003
0.467083239606908,0.216162342763351
0.090145633401107,0.29408009969277
0.317509204660297,0.218739043282487
0.449596116318638,0.394317475868634
0.339038835418629,0.480460191655939
0.434355457822506,0.072647748533776
0.347026015031648,0.760866425433045
0.49827475014327,0.442996109693265
0.353160155006949,0.724039166600916
0.306197660373004,0.68015374519453
0.28235915674222,0.731976342789475
0.411579166506667,0.815170262226557
0.306080829584404,0.733231739779506
0.237503881981327,0.807797517908381
0.288054187584192,0.835389033216222
0.238050821699378,0.837233319845087
0.246966285093805,0.865102404003888
0.136878841018212,0.879059518194042
-0.0429107291606112,0.660403396143167
-0.138856665189068,0.858709393076423
-0.0123430165035909,0.786367011726924
0.145370043499223,0.90259838957935
0.18739637871257,0.720560362782274
0.238216526257358,0.717838840378133
0.158333083158025,0.868912401485514
0.101613919813839,0.85094677470865
0.231379123042851,0.831375058070976
0.223069342388306,0.837195214170917
0.194063947813792,0.841563455308857
-0.0064796365576451,0.695805853267736
0.0836560797801418,0.826154015530705
0.019318649097992,0.740318320556485
-0.00576632181659269,0.854095971506544
0.00248380309258586,0.997461052910691
-0.0240685779309681,0.871393536907305
-0.023311328622858,0.8289514984593
-0.0509700572571111,0.829390569582218
-0.0924361883985746,0.659836693965313
-0.19661987692637,0.81703276952304
0.0903918129576421,0.82310546528528
0.0844935210323972,0.843990824898178
-0.121983649187218,0.979291648563346
-0.134298976596741,0.983058111744563
-0.188719011796712,0.943675138888163
-0.0936300750491338,0.684340260959098
-0.404026812048777,0.790712518037284
-0.342428107170834,0.748528384948301
-0.44617018426881,0.69194079001753
-0.613763226422806,0.771805379579802
-0.629661800475596,0.771836592098363
-0.61382651644861,0.559672578947578
-0.624201100769094,0.553391583269246
-0.779202904459881,0.569001659123661
-0.728881428584585,0.581433885550714
-0.748748851829279,0.556849851150564
-0.749258470102625,0.540876820465671
-0.773532234498945,0.316498129523557
-0.779680979333175,0.384435652647403
-0.821373260613947,0.368089683279191
-0.703202372957655,0.167076863101269
-0.790300355221433,-0.09462876706451
-0.589958687092674,-0.230440604137886
-0.770327968599792,-0.36352129447546
-0.658539346287217,-0.518272050904841
-0.621080763183473,-0.584761245715701
-0.599770299144647,-0.732209669966609
-0.568296694123851,-0.768890407525081
-0.423111993127998,-0.789429705430279
-0.384971187547581,-0.912680998697131
-0.354232412104847,-0.923180437784728
-0.287594810241728,-0.846064177298252
-0.335534510882547,-0.865448515187154
-0.263986863433196,-0.882303870694887
-0.0968730335675615,-0.989685545290649
-0.0908997832707205,-0.992624346648827
-0.0442655289054275,-0.997376456116454
0.176709359586408,-0.871334390497522
0.272778302448266,-0.855568468765998
0.0296581665151228,-0.914849390400166
0.148355230420047,-0.732064623278098
0.316155534973748,-0.849288212760823
0.0626873054780378,-0.850040636558521
0.319298047142809,-0.849211164650404
0.180480763080601,-0.853433635722158
0.223979666119834,-0.947593225940485
0.108861325200481,-0.758143194176156
0.363175329262495,-0.832378702138826
0.151489389754381,-0.826076933182345
0.274943138002763,-0.819325055718556
0.4574488216896,-0.798867461717591
0.217665901471124,-0.792672828544285
0.348906495188117,-0.784271389008141
0.552951962732295,-0.752215880394921
0.399825078338667,-0.716330781544466
0.477676320429096,-0.609052339056059
0.440488131498154,-0.744242183708025
0.421092760464434,-0.640668817986884
0.469653634821657,-0.61819398449528
0.26909959317401,-0.610329569648925
0.508224073443235,-0.368833486544172
0.244672293451654,-0.694060562442327
0.259969666086076,-0.171398947254321
0.223575723932827,-0.565133100663137
-0.0242157321832276,-0.31656254302427
0.155106823635261,-0.335890355287164
0.0518321524994386,-0.198181486160887
0.206027959588457,0.132192678692447
-0.25879773408334,-0.0175954681666807
0.186729540169507,0.358158111598078
0.0783833282929305,0.211967461997595
-0.0830883829082407,-0.201775826169459
-0.300191746523308,-0.219290047085813
-0.296353925971508,-0.0206266502327024
-0.0788854381999831,-0.0894427190999916
-0.166550026757986,-0.0666223437362304
-0.407515455613682,-0.0818849201156906
-0.0924500327042049,0.0955014851275406
-0.28905933024294,0.18601186089552
-0.109289321881345,-0.110710678118655
-0.176776695296637,0.343443361963303
-0.337016425326633,0.254510827182539
-0.212598031534112,0.126910742053781
-0.0484879163809966,-0.00823121146709999
-0.197800984425464,-0.142579415797861
-0.0851208343244586,-0.19454343850802
-0.0411130565905707,-0.024325212770526
-0.0313434126419523,-0.0613336423219902
-0.0554700196225229,-0.124626385671094
-0.215623416841169,0.0427842891348746
-0.0952769917458382,-0.118586906658619
-0.0414213562373095,0.0552786404500042
-0.386492935003054,-0.0927525757548247
-0.0616333551361366,-0.0924500327042049
0.1958473069715,-0.549886142516947
0.0677232991822193,-0.343443361963303
-0.263196601125011,-0.0559016994374947
-0.125989318568659,-0.460153397218646
0.0707106781186548,-0.412132034355964
-0.338388347648318,-0.0366116523516816
0.111111111111111,-0.111111111111111
-0.171017452836043,-0.350267398329035
-0.270632455857131,-0.206744799357137
-0.394290047085813,-0.273415051226671
-0.305341715722974,-0.0924500327042049
-0.425842093113148,-0.283391671544159
-0.520757611933372,-0.222953883254051
-0.48246960598664,-0.185569004430194
-0.818488127205553,-0.312450818322701
-0.692822263885676,-0.364144910274392
-0.798459506410972,-0.285136670142614
-0.962989432780393,-0.267099672029835
-0.988844041810659,-0.0903493745743405
-0.788221447746208,-0.248027954944812
-0.981226690773469,-0.137555410783917
-0.80064022431567,-0.380806943962889
-0.962931589907828,-0.209105943373618
-0.567210976655604,-0.188231775061149
-0.950021320286187,-0.272081210110415
-0.912156728606361,-0.331011761932849
-0.544054095597241,-0.290211960777548
-0.873099715122677,-0.452495039747751
-0.814567212797055,-0.564296200189524
-0.575628600968824,-0.725367390004912
-0.618286346630166,-0.41874963315357
-0.75536711718587,-0.648750968958061
-0.553553390593274,-0.503553390593274
-0.528489199647631,-0.770710416948453
-0.573000987165813,-0.554694032947678
-0.522086243726411,-0.780210063098321
-0.583169956876698,-0.525833669260814
-0.550419431830562,-0.605352026413316
-0.45160291856343,-0.733856390321603
-0.600345091625792,-0.629719769833867
-0.59122713967832,-0.709703840683232
-0.6667787804224,-0.531675397991398
-0.652891783798421,-0.691988911782587
-0.667235520207968,-0.356412894723928
-0.688772674009379,-0.389197341049827
-0.795122033090827,-0.471216375762708
-0.691113335412917,-0.318526779045911
-0.81528184959313,-0.446441306285289
-0.743277800722634,-0.402325394645353
-0.794449412675959,-0.444648897551743
-0.796816923624631,-0.0918012898524382
-0.714628291383693,-0.36668694425704
-0.749771439235144,-0.375191826153103
-0.798606739620005,-0.42753255785753
-0.640359308141739,-0.399165801642985
-0.784479784500539,-0.472701354885278
-0.7334750640567,-0.447896079331613
-0.655897230037203,-0.521701007442112
-0.564344777966858,-0.342811704364331
-0.626479288996324,-0.436189796278782
-0.634707502226961,-0.534775928424569
-0.527409911817512,-0.377330170665105
-0.550854774973016,-0.44900651383971
-0.614433009247051,-0.406990992291594
-0.693707406052097,-0.375750900390495
-0.691714815170062,-0.325107883967409
-0.800283687707995,-0.272334548562547
-0.817549433968922,-0.133982736928963
-0.813468549233926,-0.25143358539137
-0.847749789320607,-0.101667460133878
-0.881142541074803,-0.0410681926621172
-0.780655496531784,-0.039001612212998
-0.876447153509468,0.0255177694273155
-0.705530367945598,0.0461165646887885
-0.853476099224094,0.0287096103024807
-0.843251257537225,0.289636268548015
-0.844281589384185,0.114503479505705
-0.690777708068605,0.110757221906965
-0.733862765061916,0.0238871648486885
-0.832433088292996,-0.140601257993146
-0.672094572663542,-0.123358631444646
-0.59517276599694,-0.301879232370743
-0.607603752559303,-0.232638848384059
-0.895909158459248,-0.162094837345062
-0.564222636957942,-0.2334616580948
-0.732898744241659,-0.403056381340554
-0.659576815591132,-0.248252658219514
-0.684920786972987,-0.387041409690027
-0.764430152030033,-0.387488937817483
-0.693519308793723,-0.293800422437821
-0.611094171188063,-0.226148047339516
-0.573809100839359,-0.350953138919003
-0.357231402700971,-0.391868595008927
-0.320500106166139,-0.351780372838896
-0.423651030671116,-0.114925171717877
-0.289583988890903,-0.0702774775531785
-0.54274658669743,-0.111451924988755
-0.493178016100563,0.0583298812564894
-0.632124603445226,-0.0238006343101615
-0.725732405142352,-0.0978414562967338
-0.727669475557474,-0.136306154197807
-0.627878325351834,-0.0724464341836804
-0.613804358564962,-0.110790088678836
-0.683156965801838,-0.113696281603625
-0.717559635643932,-0.0954301701895995
-0.495839341470232,0.295345618791234
-0.676083363175982,0.0375381085118773
-0.471297751717447,0.0846208041320914
-0.233972699477469,0.26934774522109
-0.54844485642932,0.118949793633705
-0.527691083323581,0.314814648187229
-0.465090648724874,0.1593909319146
-0.55934684567418,0.0886414024278106
-0.266579564014431,-0.0595533094655888
-0.710450223130874,0.193997062723578
-0.699908605312022,0.141797104876862
-0.95985801190863,0.234988802622461
-0.799740441257424,0.199852381386613
-0.773127351995325,0.226007526598781
-0.735190650412562,0.232739305515371
-0.760592161385548,0.228501109896858
-0.698732781831926,0.274889998349139
-0.876348431480139,0.154081964338417
-0.610508988016695,0.176918040843473
-0.81719466376044,0.158036676842245
-0.79973566380091,0.111135542341002
-0.792843040822052,0.0308088730905378
-0.756225856843067,0.116451649420285
-0.797283453695574,0.173027401751084
-0.709436606836395,0.167600644141783
-0.830708348847333,0.172394634793191
-0.705264684630604,0.149071198499986
-0.576338246297224,0.241489559601337
-0.851487367670544,0.112143201650641
-0.733563849457692,0.128609968510675
-0.687982473368508,-0.0169135450200995
-0.434567074989946,-0.0628079270595597
-0.80790621735132,0.29193263724098
-0.821972397495796,0.237693092970172
-0.816062616626895,0.322093147956695
-0.905056037603556,0.366521709121602
-0.734630851104332,0.463675345015111
-0.746413958300225,0.447780268302214
-0.567217199639322,0.451471629246002
-0.733294357155816,0.397326999195945
-0.865609487356178,0.455474027172442
-0.539692764369635,0.426047158809493
-0.736182273065886,0.430975729716198
-0.717972747543303,0.304611248265848
-0.920703660856205,0.291299380637994
-0.700752530034685,0.304526141723823
-0.841807486752674,0.192168463726397
-0.70647514083077,0.310175756804584
-0.746782982053384,0.151834798344869
-0.853418009493569,0.208996460402571
-0.435622212630738,0.000498082212760736
-0.714960881013204,0.153613565503299
-0.627154857090211,-0.109845129811835
-0.118732040981337,0.174010681431341
-0.229289321881345,-0.0707106781186548
-0.15396611791989,-0.138659239070711
-0.191492591432851,0.176055763388375
-0.116527507520713,-0.0785674201318386
-0.28459046986361,-0.131564872318178
-0.143654802090384,-0.18967853124295
0.0480213628626821,-0.186142715787305
-0.368585412256314,0.216305166048742
0.049487111693809,-0.401331869627094
-0.101584948773329,0.0192900470858132
0.391694613943001,0.0406557814090871
-0.2,0.182842712474619
-0.138196601125011,0.0690983005625053
-0.246646586499375,-0.129031845189247
0.671921864219367,0.377747661512091
0.344887651767585,0.285714285714286
0.204661740116018,0.371080004644059
0.504399706561128,-0.115033874281211
0.204128132382476,-0.0187122613547314
0.489537484995816,0.0892570826439932
0.649703380080198,-0.0831494302796869
0.77139127890241,0.00544207886050613
0.834444288379264,-0.280508514354874
0.719846048328001,0.0108373091320521
0.843552980604834,-0.062752828253552
0.823360996768312,0.00710333070281598
0.783786063729719,-0.179279121392828
0.790037647015734,-0.122048768081637
0.858445733453533,-0.115560946321871
0.880365044996401,0.0191807054294447
0.852005479498078,-0.0411976861480926
0.754977519094777,0.00596246460740212
0.782749244695799,-0.00486806527292432
0.876708227220248,-0.0437712228765542
0.808315225826202,-0.0795296229544936
0.971562093985714,-0.126652625811457
0.909434488338708,-0.0608512844611663
0.904725288416267,-0.132041151802264
0.908401818539019,-0.106093303952302
0.895651795247636,-0.156948156590668
0.897819756794189,-0.155038058829169
0.899391028795759,-0.134882126735232
0.901784512287885,-0.153373530118044
0.979350955907256,-0.170358930189131
0.81864606993431,-0.146073861864538
0.898280644706747,-0.142179722800034
0.890097665034876,-0.141617381459897
0.893592698677756,-0.123409233865423
0.880536224375327,-0.136210548226079
0.884666993552992,-0.100583782289096
0.978269049367257,-0.11567960338075
0.767531917340046,-0.12994240346557
0.875550337366633,-0.124515380895825
0.881084127213864,-0.0831221696559573
0.876325446702077,-0.0736128685704436
0.885255033719696,-0.033318963495345
0.779155314265847,-0.0387539601956789
0.950699656387592,0.0462049777286349
0.792413154042663,-0.100390740000803
0.869941749337014,-0.00839617278156239
0.870643883200964,0.0712650367235996
0.863868062416502,-0.185127437000468
0.961458987463238,-0.120098845073364
0.700676698855149,-0.229655612070936
0.689190105399975,-0.314987470489273
0.719289997233943,-0.171904610592735
0.716853354024464,-0.152453938304763
0.856737877509813,-0.0508668265427113
0.797232581556849,0.0394264397472007
0.405883746250675,-0.0267524298998217
0.714504985307702,-0.14971278564158
0.439202685736116,-0.192630719228206
0.520180709063396,-0.254928332773395
0.207952229932669,-0.19966809709712
0.612670089964145,0.187490585525216
0.310527297262531,-0.0304370585321936
0.43486643279457,0.0206007353431312
0.413489598714274,0.206744799357137
0.700191746523308,0.217513351789176
0.308891880479605,0.192298002475256
0.509593915933552,0.307476396656064
0.567042610475083,0.216475340039409
0.51940229985531,0.425544752753169
0.52608979234051,0.29621940647298
0.7127567419935,0.299031038225214
0.440044971297789,0.279108767389107
0.5365268011365,0.463029533293702
0.533415929561001,0.769857775947336
0.815390378325497,0.291699257017825
0.624002760212803,0.51490158365332
0.42274884692137,0.727972561749197
0.552215710625155,0.629116620281774
0.61913243658274,0.538472814500025
0.697386346522942,0.433358051415995
0.352871545204848,0.571782636120562
0.770167838479293,0.547268655782146
0.538244050854823,0.597872918222485
0.36774084922966,0.725743616721565
0.569844947247305,0.523823055410963
0.584584295164521,0.534446938800465
0.673771208211335,0.42554822451366
0.660293352891458,0.440684048705834
0.541370670338586,0.42260272250637
0.901028482349399,0.233503933805031
0.639434520437809,0.458080876607944
0.621568910859473,0.237029987239541
0.599715646262159,0.374072570393063
0.705829025466196,0.218249451479154
0.743689235709223,0.19927890522688
0.751612839877489,0.344422698234231
0.656811377605644,0.421094717355615
0.885192241598867,0.376354978639839
0.669622075457511,0.248689881667074
0.663433236459873,0.61692708715589
0.582720977452679,0.510002658286206
0.581404741379129,0.592082164297501
0.591770282891272,0.593283815845777
0.622519823031032,0.595040557468221
0.384644351103274,0.793315824661803
0.461157455297407,0.72107630011853
0.392139304411982,0.757279623873193
0.264977112703793,0.764453151195779
0.351728459889772,0.577882642206578
0.264219496290757,0.771182646985975
0.195871263672876,0.803357194887518
0.214337619738697,0.811091690528233
-0.0829766540915841,0.790712849422653
0.0554668710417468,0.790884332377137
0.253991927335504,0.725615299648665
0.197100969724757,0.831830822480662
0.155871892414062,0.838995477214024
0.216428746353772,0.733077614033194
0.106502178709537,0.706551036845969
0.153214598653365,0.967359711664942
0.166892043142706,0.74712161142119
0.181644781361032,0.846178953826267
0.0523672908959756,0.98662047991768
0.0894319580999478,0.576318888217584
-0.00419749931476782,0.670186693205445
0.0166816108305105,0.691952013087393
-0.0674511859644049,0.361713461510808
0.0480582298294388,0.501314232280613
-0.0768331100233478,0.0894497190378186
-0.105039153050239,0.167653523276004
0.0411632595184208,0.0303766969346915
0.0545429400179078,0.147535743794504
0.107080085116056,0.127231642936513
0.103495957891608,-0.0151301844543711
-0.0788224024475393,0.146869525242344
0.0970713105107236,-0.176150261666551
0.169376512364882,-0.405115639965138
0.197187797039754,-0.390428155468008
0.165081105597179,-0.405063414773401
0.238939474972943,-0.560293070786551
0.181511505467021,-0.750981436012673
0.142481190411788,-0.699584337016156
0.0962305163798862,-0.847643621908106
0.00284729410601227,-0.778005063083418
-0.0533720964245482,-0.869544782564117
-0.059585984341223,-0.865764044208103
-0.123215176637625,-0.874673491953851
-0.168234509680627,-0.852596685247755
-0.165319143524807,-0.947558351301254
-0.235381247780496,-0.944335186954585
-0.229038360372787,-0.95587743327748
-0.278888402695254,-0.945045091239603
-0.268608056290613,-0.953311319824931
-0.310043711682844,-0.926020298656668
-0.218877596422035,-0.959273982294525
-0.303338884981839,-0.792537220817347
-0.291779338551373,-0.410778029139535
-0.400231228321443,-0.654908526380938
-0.377421270476711,-0.677370050903579
-0.1113410523706,-0.868691287231249
-0.58721965840832,-0.804418526522327
-0.57966721630198,-0.450493441271275
-0.640515878082588,-0.667057298855874
-0.650196658466424,-0.486796153200021
-0.684150338467425,-0.624028088852441
-0.707275570411218,-0.654371012397211
-0.916911127409548,-0.267236707254861
-0.754709526920048,-0.324623714553934
-0.620245315374361,-0.418507734478648
-0.878617404573293,-0.465490255398785
-0.766590845887961,-0.285921148067355
-0.466914744720003,-0.373916633724948
-0.791472761588202,-0.247935238521458
-0.783153083380293,-0.170872141041515
-0.818922812077,-0.206437436373011
-0.83729481896941,-0.167056565093063
-0.887368792560073,-0.224257909005291
-0.785643962768659,-0.256467590668357
-0.803328587911482,-0.233309086554328
-0.826756300476024,-0.196150377436029
-0.85921317150123,-0.282499735000795
-0.79820579549004,-0.227485470664505
-0.854711900883269,-0.276933567920123
-0.842801842465559,-0.454126793409251
-0.756986758394958,-0.295309548429774
-0.827914912305716,-0.0671027576067155
-0.91730670557082,-0.320569783642495
-0.811194755508102,-0.0982690035128799
-0.90331324729894,-0.177887448888303
-0.572385805012597,-0.217298987913189
-0.641475335102977,-0.430060347025014
-0.430278334427782,-0.489566606218784
-0.576159572404853,-0.437846840307711
-0.521310370113445,-0.163539493713479
-0.566922328697744,-0.354826866052207
-0.631475730333305,-0.24120226591666
-0.687237307607785,-0.138017512703846
-0.497067188802356,-0.199943244972538
-0.770762417910067,-0.193540983037373
-0.599827365065709,0.0534437915870317
-0.52530590488538,-0.00796987384252984
-0.765778158845463,-0.270734820799034
-0.767617047176203,-0.200994486577077
-0.687600306811715,-0.280492039511027
-0.838842795998454,-0.239740520029873
-0.717145938652108,-0.178518086298845
-0.746823991594553,-0.137599044036932
-0.82805512967454,-0.103473553422263
-0.810542968772325,-0.20396811112934
-0.819502224784075,-0.167435073986251
-0.804269824010167,-0.108061192101368
-0.785289181999662,0.157421593670562
-0.72929193607468,0.102238373787427
-0.396417192035305,0.0139078414178723
-0.221826629214292,-0.0150818298571549
-0.424071212483925,-0.142011815988285
-0.513278187922272,-0.04366194316104
-0.341564975208698,-0.137508033704488
-0.47039861027198,-0.352325533981758
-0.292434816627862,-0.263217321581482
-0.494309406360608,-0.416908375456277
-0.529725979424917,-0.423936424789685
-0.493026921467406,-0.449528595587412
-0.489276680818958,-0.356932000341486
-0.395979270201953,-0.603256840146912
-0.433911847249968,-0.495592910995709
-0.366191387554096,-0.362453145211548
-0.656098234401536,-0.322915610377663
-0.479626275941278,-0.239361671878646
-0.469066332993132,-0.321417770562566
-0.452875806814216,-0.176440046968916
-0.357351073700148,-0.331298583108269
-0.151394624265887,-0.20434439990091
-0.549317901479114,-0.213315466134888
-0.252004333789498,-0.32979684854068
-0.411615294102609,-0.0525140684425548
-0.490035304926027,-0.10493821606241
-0.536609017786086,0.031488046049382
-0.490531884598025,0.0126253632036515
-0.748529449211964,0.0208163359041729
-0.338382270128585,-0.0379503419829319
-0.544750427027966,0.0533602077884933
-0.58239958735184,0.355478734149165
-0.518364862006385,0.20905433261381
-0.700925491146023,0.385977734419661
-0.584375033987779,0.0867005091864384
-0.67253081737639,-0.00661660324876329
-0.835563259092856,-0.145109627249533
-0.605676381870967,-0.124362516675339
-0.779701761774543,-0.0774907937817116
-0.787891059435616,-0.156636259833798
-0.799256277045603,-0.0524857901188862
-0.713105715457519,-0.227139609367846
-0.783868254083007,-0.180816385973868
-0.761410489580943,-0.0418199135817551
-0.741999890581368,-0.313234242624395
-0.564874716887146,-0.282245048024184
-0.768508093647135,-0.31770039125323
-0.172983301999322,-0.230834299016518
-0.594003325196171,-0.202427351624696
-0.487552610896734,-0.212198229711092
-0.628803862357975,-0.239720217275413
-0.397278784766429,0.0328797974610715
-0.256610959012742,0.0273263218379345
-0.0870172835471844,0.236541439891009
-0.160706216164471,-0.105456146084032
-0.635446598364439,-0.0433155309477649
-0.60772208145647,0.299905578780417
-0.754426272718831,0.166375059736848
-0.774251696293719,0.0885865355674475
-0.681124839110695,0.385761685183825
-0.736292691632251,0.272382369933566
-0.74394432854693,0.369800725248179
-0.864272105029122,0.200713693355744
-0.765528923094068,0.321840338396351
-0.772545650199797,0.305557768571794
-0.826160537304482,0.20568147760632
-0.815944673499744,0.381987720521186
-0.822023119428891,0.231259285767309
-0.771491717981505,0.403282502661464
-0.774987322922399,0.386924851806518
-0.773290504993778,0.182715222918892
-0.84478345440355,0.417748888992237
-0.763158836084377,0.405369482547724
-0.780472976836416,0.136838962533449
-0.859167056397207,0.258877102623042
-0.774147128360897,0.103168534891586
-0.717654617830012,0.202515445678464
-0.881145466867027,0.425940658120315
-0.760999554154733,0.269047240186267
-0.972109348475983,0.178986295761176
-0.830827540092493,0.163609652089298
-0.990438877937567,0.0959312168481539
-0.939027430516232,0.250234808491042
-0.669051225887888,0.403895361769082
-0.950931164517841,0.200161760529301
-0.914560290298968,0.195573599576838
-0.774933761011439,0.302098009663603
-0.783588327793627,0.31843240037681
-0.785965790302055,0.308289733570537
-0.712637569652824,0.31681827688592
-0.667978647128839,0.360519657704549
-0.598827170838026,0.442350536243623
-0.636685770056373,0.392449731524589
-0.542417367881736,0.510169618389859
-0.612743571928819,0.429067760069142
-0.532804407571181,0.577120245834342
-0.525512246426286,0.531214078673323
-0.568281863088539,0.589514800261957
-0.511751728534887,0.500140515846223
-0.710061098521652,0.684892592052789
-0.167625234779051,0.547697921621599
-0.363325466351928,0.718634058399403
-0.406725240122185,0.819884898417079
-0.284730382223095,0.515881168706972
-0.497793983535532,0.828139869985783
-0.485936750350929,0.842045186857644
-0.582041094380287,0.806285386510604
-0.515705664492617,0.814909548921176
-0.651179327599422,0.748096546766837
-0.645564447912857,0.756415365285332
-0.695268171038341,0.693825236066697
-0.707394311602291,0.689107636717948
-0.7538051960658,0.623546455313551
-0.770278301480848,0.53723698244335
-0.782408861852913,0.557373079648219
-0.808066920594596,0.538124403470737
-0.801321044861622,0.361404536514906
-0.846161069510671,0.48260236065207
-0.732188461331086,0.398727998722764
-0.741033058533488,0.318445130554756
-0.646522196849688,0.435142860222606
-0.64514353126362,0.472495782729844
-0.589762904280408,0.483006817890649
-0.46518034096174,0.630672301258389
-0.433396028898512,0.657594438607135
-0.376881170211099,0.71519151712963
-0.395774006187086,0.738496276985111
-0.338454730562541,0.732400971297948
-0.218366646062654,0.813992402996833
-0.199479078000107,0.829373525794405
-0.178718371215022,0.832570790051195
-0.146053989083845,0.846683185977461
-0.336479779900441,0.857441421877769
-0.355580654962263,0.845382515865622
-0.283227479750968,0.949121476045428
-0.159028543237233,0.81883105203756
-0.166849658104123,0.873357216161254
-0.27226837853917,0.820692005035361
-0.267851322765293,0.821239540974126
-0.177670343302442,0.870699642789175
-0.21257681356094,0.902098735630583
-0.244201413492811,0.890883213850854
-0.361079339545641,0.787403570384243
-0.315729190385351,0.807344017537395
-0.245730401154912,0.877754069696235
-0.459997528399094,0.780604828607266
-0.25884132539364,0.883265350687874
-0.367130037858794,0.774207518575975
-0.382860921356243,0.905886405280027
-0.342678805932791,0.834609085736861
-0.445451646215748,0.731007209065214
-0.30855434482742,0.872916699793897
-0.390499250767303,0.89982178284905
-0.512725078196056,0.71929697302381
-0.508675360875029,0.714673528430182
-0.457155797531314,0.600856249590507
-0.5632148451877,0.429022260419116
-0.50277199059498,0.594049573433109
-0.506992841958121,0.38829553806653
-0.574988152333663,0.528876486392394
-0.541361659141454,0.533597543299268
-0.673039270823206,0.385382000610043
-0.556352067121837,0.412819258236604
-0.559390288778531,0.556281985182033
-0.510908561311033,0.382746801657382
-0.468695122705522,0.397166149090725
-0.335522153784995,0.434691640029315
-0.400509915088443,0.385050596844116
-0.446203699859321,0.27355340436847
-0.481961126029258,0.451117492077829
-0.372814877097635,0.552001525919192
-0.487042622840638,0.271711385104715
-0.0343554578225061,0.406811827183763
-0.26771191831664,0.610329326454865
-0.0447213595499958,0.251978637137318
-0.0658918019275192,0.452314191877754
0.0376557783975541,0.492201232943009
0.0379600873888749,0.739246771663777
-0.0387813474329636,0.788972910830651
0.204929087706177,0.577206139222542
0.241961658209988,0.806369339047058
0.278876220243668,0.840899062187933
0.134102678362794,0.828038075193588
0.279023150802227,0.901917744790134
0.163906464019733,0.647330405598193
0.245402652295248,0.679210829411602
0.243048694128085,0.886377277098341
0.220429024828706,0.844478393386144
0.318096781175252,0.860005862497323
0.469724700497387,0.783008043870054
0.404862143167324,0.895645937234014
0.495597938724269,0.800478015149561
0.395061432278071,0.790261858925664
0.479692141995847,0.848345967709522
0.494616354692477,0.796040836423452
0.427736462312877,0.819075033525946
0.418108970204532,0.809049069156868
0.54964822453718,0.749430510877125
0.413390335097185,0.745186631645026
0.649527264929606,0.679605448857297
0.30380719829673,0.724080831351114
0.45518091880459,0.715563579931381
0.489975257653371,0.642243596076338
0.540406471280144,0.601100821718958
0.554956041806555,0.577903143963407
0.589688707540432,0.514612620936326
0.643960716179338,0.461782829262936
0.622542713698227,0.482769386828468
0.650325344112122,0.450207808882238
0.684829708893814,0.401740618691642
0.67770821918032,0.415149977095043
0.703927227569299,0.364697058324595
0.683316554225308,0.412571093336354
0.676814568967709,0.422398668719388
0.645048675713216,0.471000484999895
0.656626857385199,0.455975588692485
0.647030736706913,0.464360971483627
0.389018887962023,0.535452443089603
0.777389374432511,0.542974246993775
0.551670160947003,0.562491128900147
0.367544412108584,0.556127677383338
0.609503548222689,0.559709961217838
0.574203214342014,0.58402675149149
0.767390418081118,0.564652117087948
0.474765013154389,0.698473420205388
0.750864889248924,0.590281907389295
0.595297625991635,0.610792658692967
0.586088147790872,0.59901192537989
0.512650145164343,0.524618807592572
0.343849833957538,0.826749525036888
0.593049897969634,0.71712921533912
0.449539756808594,0.733435377447275
0.416905494447062,0.756415022304362
0.411249853130614,0.74832350314562
0.443868891718064,0.68343027402848
0.449093873312831,0.700092284729906
0.566533871539668,0.634772193497985
0.56758125932388,0.682485718691555
0.534245276573091,0.702007002949044
0.549737847803562,0.692590220026069
0.566105678025634,0.688433653161464
0.559499825342637,0.696047500981476
0.582856359705161,0.64965061248684
0.552382312787583,0.576868157309972
0.611122496049135,0.715473930919171
0.662176246640893,0.499964423456955
0.708052217756871,0.558104389210298
0.802523270272508,0.520970404766615
0.705326601761174,0.46770453263722
0.825732369865135,0.485929265420614
0.780608022999238,0.353598266777463
0.802816770750614,0.466933922965613
0.843856227918558,0.321708352390042
0.857774941363031,0.217865461608602
0.879014023322284,0.119984701975622
0.872903509385437,0.0286588201933624
0.876970535485449,-0.121447550675471
0.876539288464384,-0.236333177312677
0.851565670250704,-0.300937630506883
0.832612949483434,-0.381893632181889
0.826049028082052,-0.403298681568901
0.86911558376886,-0.452977847458747
0.703180443387453,-0.503634675420761
0.790750165895161,-0.578969140322379
0.611263636342513,-0.622727700509703
0.700658466029887,-0.678456875765608
0.539838676147669,-0.695900389410986
0.567485269046346,-0.661251107194295
0.518000180876773,-0.836862777759737
0.488650232385695,-0.783387631351964
0.422501772989886,-0.749906595369641
0.363717739868306,-0.848860201266639
0.325377471319094,-0.86296257487426
0.253510141986408,-0.886221597029034
0.294543890481183,-0.89673905223769
0.104228452237326,-0.90713025136606
0.123296385897344,-0.910194490001784
0.0204361733836776,-0.911356631768052
-0.0653809643029479,-0.982578604102784
-0.171431355792123,-0.900205296311718
-0.291107333704499,-0.867647444651237
-0.308819397496748,-0.889640833441862
-0.505947408575151,-0.736213875278099
-0.537986708683684,-0.734363235895014
-0.651675684666888,-0.630157566827394
-0.668201033410569,-0.608871543079968
-0.731015369493892,-0.606855814838427
-0.731056359433336,-0.455959313565307
-0.763808247337346,-0.555301011496743
-0.835637653100868,-0.396195500477691
-0.800968635202567,-0.322107897300001
-0.845697888334377,-0.428743401033986
-0.871197023663516,-0.429316022409137
-0.90982547170237,-0.335706901951331
-0.918637102187782,-0.332399768154897
-0.900495527610197,-0.378963213092903
-0.845572181508206,-0.305318476134374
-0.931898705892669,-0.286182147176862
-0.916444413355777,-0.296737249965902
-0.807878256908769,-0.199595808648396
-0.764760727494393,-0.383588153457133
-0.84272983319894,-0.429697587873986
-0.834724971189175,-0.472516467490358
-0.840372049958097,-0.397551017640753
-0.781142298732154,-0.496445013854176
-0.731614601980296,-0.469903421770951
-0.721882552946255,-0.512475106750423
-0.663009982027305,-0.55328483700215
-0.678001447616593,-0.568651799491114
-0.555440486006355,-0.598345142793114
-0.557498950778265,-0.639639042153698
-0.567599665045062,-0.686285807632208
-0.54619613828666,-0.660414225658366
-0.541744050838096,-0.667915836136036
-0.432340135962566,-0.768877127064959
-0.508468440149828,-0.705535841098022
-0.463387025825707,-0.722486561163365
-0.516618738191971,-0.699378545032555
-0.45180946419947,-0.729553935816326
-0.46895532779112,-0.696414670938832
-0.406592942128562,-0.726316351496419
-0.488009567675378,-0.67340160098057
-0.353550866535008,-0.772402203062758
-0.383995080205236,-0.763398079869449
-0.339810482478128,-0.763719766500697
-0.261702344232185,-0.847468100269825
-0.302132663265871,-0.790387285305002
-0.21132821588811,-0.848491637247195
-0.238924066001147,-0.813355931327197
-0.182646551933404,-0.831507258667734
-0.198556599438164,-0.839263137977765
-0.156151494864494,-0.819060746769637
-0.136364125487664,-0.799592315190443
-0.0925797519333895,-0.767154572670179
-0.0753517089052102,-0.858299461664729
-0.0719782388124288,-0.859550851316928
-0.0236847297300095,-0.857345575796194
-0.0524339581398318,-0.842867359829636
0.0690567228820328,-0.768530667879494
-0.112395978965367,-0.76593741967611
-0.0907932416705147,-0.865446776948389
-0.00257998735470852,-0.882894377800081
-0.0229800872369145,-0.872658587461108
-0.0103386496322544,-0.899762959454517
-0.00797775516600967,-0.896994517981665
-0.068800639302806,-0.878899395122409
-0.000828580926690891,-0.820873358461611
0.154174449707722,-0.879603550424302
0.00228904338477396,-0.80654285671213
0.00331234554746303,-0.851159605444451
0.19409079674728,-0.834278049724258
0.147322114679534,-0.853818456445228
0.279124541414557,-0.828991579219798
0.351866035537276,-0.787823791884898
0.312690463088346,-0.680753131604884
0.37407527784291,-0.708727432906528
0.380253332864954,-0.759538531347868
0.485968894324873,-0.675494295076274
0.521893281839061,-0.650652656715221
0.407800520474181,-0.586988801083631
0.838200466000093,-0.468481717561916
0.629240791614567,-0.47839230477097
0.694364919503127,-0.374107906799088
0.706749112041277,-0.371593371695071
0.71498723372157,-0.340710432967495
0.694066411028615,-0.371161813385964
0.706325150563916,-0.357535183107816
0.682676935834994,-0.4111995461495
0.674975995764575,-0.418235648949331
0.494364021996843,-0.388011024828144
0.683316554225308,-0.412571093336354
0.691892517234573,-0.381043119436355
0.861894774520455,-0.424267903231862
0.682854204134055,-0.390401211302824
0.476453512914964,-0.405049667785714
0.733980367650143,-0.309864143532534
0.939792635045907,-0.298947440374113
0.537067084168565,-0.304847385853151
0.949986986988246,-0.263917077063947
0.756796886965315,-0.248752493234776
0.801369745686332,-0.19838451073855
0.563849596504302,-0.221229379462141
0.974808037078764,-0.168555005460885
0.786544696832286,-0.124773014032069
0.784974071646893,-0.106631644767099
0.77984699109312,-0.153274542722682
0.795543392601681,-0.0724568816774005
0.790795145696023,-0.0988777014696978
0.790294688260398,-0.0832284968269375
0.782041449138267,-0.118189778782843
0.656983822370081,0.101873927014403
0.511135162035992,-0.0475240024789495
0.452357295737727,-0.179442050919477
0.466002789700273,-0.281079166573091
0.319569319175464,-0.121360041185826
0.532430418276783,-0.365401067227812
0.643737389810311,-0.2078146922601
0.594242645868237,-0.321800417643762
0.676051594914879,-0.231149736435769
0.475554340243939,-0.341071108183448
0.512043387423433,-0.354477765249887
0.541677306935634,-0.452258934905313
0.480267229725548,-0.466258448759443
0.497250121177846,-0.519165234210907
0.401801615153068,-0.492244536840713
0.522146210155643,-0.341702722793451
0.71176891010274,-0.492215551223251
0.640522521592149,-0.475330643972766
0.5301850479296,-0.559430814084769
0.503535135125904,-0.562063309713849
0.531649959703393,-0.625824751422305
0.497884888634799,-0.589219691812525
0.508505639719493,-0.618108057100271
0.401332123542806,-0.643778743856604
0.285278659715561,-0.745421967351474
0.0472856401916645,-0.57603117722069
-0.0749918644596423,-0.658774229550829
-0.118006946310739,-0.729090080911866
-0.168500233217837,-0.601420985327017
-0.329532481635267,-0.694780788099036
-0.326201483141743,-0.652430891508408
-0.459161453087672,-0.676417116804024
-0.506190365129778,-0.682515945328791
-0.522224441397308,-0.643677722365231
-0.69931142531957,-0.56014637799552
-0.742653582640432,-0.489162740222836
-0.641881743455059,-0.483541464394752
-0.596106048402377,-0.515562100368425
-0.636951016277183,-0.401112391762746
-0.705451742367166,-0.437064541732624
-0.531278268090444,-0.44772973549951
-0.665641922551478,-0.498883128004392
-0.83506349617298,-0.515235974730648
-0.714267099256024,-0.539061881031237
-0.611970964803069,-0.412437309528329
-0.579742362482603,-0.44287289239795
-0.69146114946186,-0.42058055367875
-0.699800523703036,-0.407024251011083
-0.803248998493271,-0.374558143175526
-0.566412612433153,-0.33023067923981
-0.58716842182465,-0.525610908660904
-0.623928280276758,-0.527026198423711
-0.70729527254953,-0.46697118712361
-0.713954299605004,-0.494545795136371
-0.615146068571313,-0.462810646007908
-0.70584802154649,-0.555084453493531
-0.546086418140193,-0.618439325365467
-0.61209575047686,-0.607506936965185
-0.401796588596095,-0.644461591553586
-0.576128250243404,-0.570178062913495
-0.506445188368071,-0.612541634998833
-0.441813713461844,-0.624217414271575
-0.703224698072731,-0.584736438806979
-0.477695235468884,-0.626361860862447
-0.683075236263351,-0.199804621557048
-0.789350385379415,-0.257530891818567
-0.766198283011182,-0.0579552873743195
-0.841178312066765,0.0927842735327251
-0.853355476596131,0.18387703444633
-0.780982971351752,0.252279676520305
-0.901425245648699,0.364230923749376
-0.704898315199832,0.51493986772161
-0.780921475846295,0.429251772953436
-0.774735454148109,0.432041792585415
-0.741700292334005,0.478658388047662
-0.737329990677627,0.438751219847243
-0.715630340595099,0.484245914641124
-0.715342027875759,0.473650230625366
-0.759394513734561,0.42009397770597
-0.742648228082403,0.43529732048955
-0.758068524096189,0.384483753013383
-0.751151843738764,0.426075419025197
-0.764429208337788,0.409846295026766
-0.79061083231232,0.369049365426904
-0.789897184687256,0.369916935700205
-0.784675777877055,0.38440090512236
-0.771789131066574,0.409659404417933
-0.761788698850691,0.425289647886639
-0.764546807510444,0.422055409497012
-0.757652624297194,0.434359467204721
-0.771504703723151,0.405571584451515
-0.763457325572117,0.425099973513909
-0.766633081484054,0.409151305559932
-0.75119948948682,0.464223144108814
-0.7801661366618,0.422485435570265
-0.773414126932928,0.434084693850307
-0.868783031698449,0.452040594469367
-0.661685114822541,0.435094654843558
-0.77457471675844,0.430563185370642
-0.817306409539835,0.38471375601841
-0.846180599764903,0.267596724731813
-0.840360224418637,0.252951483378135
-0.883595373335692,0.233767595681615
-0.883980416420207,0.204925163398732
-0.676658398933904,0.224739072814699
-0.837603692767251,0.302036523047532
-0.716800327791319,0.311802918231583
-0.759498979552407,0.400388727389523
-0.780633415135123,0.356010527386441
-0.720891429801788,0.517948893548951
-0.641981398169272,0.50637892533891
-0.669340265572877,0.582657819821787
-0.612438414291247,0.61514941215002
-0.618328370660133,0.617357273611851
-0.636032019098096,0.641507433352826
-0.706169270775619,0.649756342195888
-0.521362474981552,0.582359027211199
-0.561689374112535,0.637912740055244
-0.50082939293413,0.699491959394613
-0.518798617556033,0.654635244133698
-0.469785267282703,0.763431834635612
-0.471420363478915,0.702846127293844
-0.558405739022447,0.703930627716049
-0.422214993141899,0.793776978452904
-0.361990829284475,0.79008879381015
-0.533687844954599,0.783862372877886
-0.227260891020903,0.845005007376985
-0.254288925124139,0.882780570368371
-0.0804658110291377,0.887605266311184
-0.0679423815544076,0.878385396123356
0.0459748426788418,0.882847968651979
0.16216036393615,0.882048926785575
-0.0486289522151812,0.874014351253843
0.130377380126451,0.852796826144172
0.10642865378248,0.846390523601887
0.163881866893143,0.848528435323338
0.169347368017453,0.848384667183862
0.110006131760528,0.864175685990781
0.152261016160985,0.854631863985084
0.182265365462449,0.851010622132877
0.303273049128918,0.852165594114302
0.209393884403471,0.842970195751742
0.295756548215375,0.798306071983704
0.406334322179263,0.904516294459806
0.500586796699363,0.848572118232409
0.635533326371802,0.704000577721808
0.69384253804424,0.666869314512345
0.659862194670123,0.713733316133924
0.64647771836571,0.725956215816089
0.697200873239318,0.659104282692537
0.737780119075742,0.649072929196754
0.740429544622993,0.619509648371941
0.794699004902736,0.514349971021703
0.887936330289376,0.363651603836461
0.965424626452069,0.123125736873114
0.955170336450536,-0.104107732038122
0.970914384362289,-0.163858660566636
0.933997058011412,-0.213973269842037
0.946143412102355,-0.25438081064333
0.928869028711058,-0.280949621214592
0.896689404005782,-0.391509533094411
0.860431458543416,-0.405903658904278
0.809302117889652,-0.49775019861423
0.826681556113362,-0.483733879301014
0.786564578228527,-0.594244935165275
0.784741566436514,-0.600868389501787
0.791834817648861,-0.590856589696005
0.752003871364126,-0.628074880202728
0.733906625180023,-0.654511450301694
0.709734961938422,-0.681234885066481
0.700075277051681,-0.688844650951024
0.690000459467804,-0.695522923327111
0.701302371058968,-0.686888003000851
0.63094553622365,-0.75894782881256
0.61843402581214,-0.767213205093169
0.605972849966988,-0.772092518709291
0.559977030800143,-0.805485881000288
0.534471690247276,-0.820038098318104
0.486695366615403,-0.855747720997722
0.495890170871322,-0.854182104932087
0.471359357171917,-0.869048737181769
0.470603407392442,-0.865810385974947
0.467530811934971,-0.875238885246291
0.464420867374206,-0.873148136375288
0.470320362368566,-0.866542684446822
0.451574058164368,-0.876693821641199
0.491507827797146,-0.857658617406905
0.416560966291516,-0.898611396034666
0.433738996078374,-0.886425025969948
0.448301909511836,-0.881215944837912
0.477777482152966,-0.86616052406088
0.477103530084425,-0.859859035558077
0.505696633680264,-0.836302589185391
0.49145757197663,-0.850095941537881
0.458340999758306,-0.879790649281018
0.430749238949045,-0.896061648198552
0.355765097686785,-0.926134335266733
0.391072303979494,-0.903586304757671
0.379656691344897,-0.909999631386216
0.393055023758772,-0.912164467965675
0.389253764900575,-0.917293716504181
0.299831853445009,-0.939034368600975
0.260958041222582,-0.942098043175813
0.265696481428481,-0.920401947882329
0.278757322514653,-0.935885194937119
0.270062119463657,-0.932898188157297
0.255598295500596,-0.92222521943878
0.293311940807756,-0.919314644169292
0.30970983425423,-0.921146602941149
0.373365402101814,-0.894267894748074
0.435751149650386,-0.807040352571765
0.496984552992338,-0.794143514648415
0.559063083107243,-0.734633820346608
0.577520419780072,-0.690775247055383
0.632235825882523,-0.669649095418585
0.586118220625748,-0.613945376585946
0.68730093218421,-0.577292280889646
0.733350292474163,-0.531243663499987
0.772425768415377,-0.441999346304903
0.805778910958053,-0.33928222503768
0.847864683101469,-0.208022638180273
0.843217289874988,-0.169226328947367
0.824312653228207,-0.15808441617295
0.895968983406676,-0.0887442143205684
0.89837858010378,-0.0554165656901362
0.928642556051564,0.0222849995869292
0.922314495260992,-0.0692548386891877
0.862018167119894,-0.0819353652071212
0.772686385706864,-0.0820950213532176
0.676431037995996,-0.0933547648607204
0.534839281709416,-0.267069466309163
0.444977686814511,-0.157543671451631
0.663053470353359,-0.351151802761955
0.596136805316767,-0.323063263400269
0.504141848822285,-0.280311577275945
0.53897051860681,-0.268101604198561
0.709422245373763,-0.221200982540541
0.841500963118495,-0.166488123554495
0.767043306131019,-0.280378055154415
0.744270589056903,-0.387295584142877
0.73146758563598,-0.42652692233437
0.696133618367669,-0.506751183062574
0.531620313794892,-0.646471960317254
0.580762735660054,-0.494070411483714
0.568456322591303,-0.526022856511813
0.539877692821251,-0.568231751285792
0.222484734120297,-0.42547681975564
0.238511059415542,-0.594056438162751
0.0600572013117164,-0.516193433344355
0.00607938391498096,-0.400576931363108
-0.441689187147418,-0.259724183789884
-0.705093198639691,-0.317642635739437
-0.528636914391905,-0.528830239897474
-0.675047128592882,-0.403075892453563
-0.867357668237512,-0.291038531653818
-0.945791595542619,-0.159265554217026
-0.983314905658458,-0.0921168578244727
-0.97517770643542,-0.0766682948890249
-0.964363188985899,-0.0909151163983815
-0.956994344734166,-0.091708277526408
-0.93787804520915,-0.104997657877273
-0.993031914597343,-0.0800208850891156
-0.933116674640112,-0.206974493301334
-0.974775351638989,-0.13330716782623
-0.984749857644015,-0.118143223094223
-0.756364359652408,-0.128778088146807
-0.987645323687768,-0.0816450464996649
-0.993278165671794,-0.0111187351620513
-0.987364520288085,-0.0267599218707918
-0.993236162934389,-0.00598823388804437
-0.992321943599112,-0.0213558172299411
-0.985693899798366,0.004847626601366
-0.987805471753221,-0.0511124954056774
-0.984267898539124,-0.0815610450144957
-0.950458033360137,-0.187949629827565
-0.84941845472154,-0.335427762172501
-0.765502394514467,-0.324288559754496
-0.7788375148418,-0.542008738299065
-0.65696425153844,-0.675837973470367
-0.536616113872056,-0.758757874752567
-0.50697005536429,-0.783473179003683
-0.46905904013739,-0.828886938965358
-0.468021370739578,-0.800609394637084
-0.343231778858924,-0.722695080543792
-0.273743007004991,-0.625109458552944
-0.432806566113976,-0.736859310804974
-0.292044700602855,-0.488857789300198
-0.337935046913895,-0.473449335456505
-0.325430970488956,-0.777804831065517
-0.300597698655313,-0.781325298919576
-0.0882407888114963,-0.181773591518401
0.170710678118655,-0.360153397218646
-0.364141059577128,-0.19902129104896
-0.103300003312686,-0.320306794437293
-0.00563871300789988,-0.517825604929505
-0.910043454047395,-0.115224190340686
-0.406158641292919,-0.1927468284491
-0.731158015847412,0.0781758030339419
-0.0809239726846514,0.274022253907402
-0.257515015250673,0.146834974987719
-0.479339023911322,0.232678394734132
-0.0762731306028543,0.23193127141499
-0.491749991718284,-0.129946592843295
-0.490529126447723,0.341457927947737
-0.110557280900008,0.178885438199983
-0.183360526006187,0.536453431942528
-0.275052208638279,0.533541796334731
-0.352063396704626,0.244624225936142
-0.157803474342861,0.54878403735749
0.158795215024863,0.291318089169802
-0.0457651843747821,0.485524348810322
0.127916818400423,0.280197064607996
-0.209804907282594,0.355405767653558
-0.0482434788655877,0.558883112919204
-0.0234154185774602,0.548233183421073
-0.0713833198524191,0.605984060052157
-0.0668723913471578,0.547377556316235
-0.163503578696315,0.444445907184937
-0.339852908947449,0.314562503076639
-0.453173776706051,0.452314052579555
-0.472891535272642,0.528575726064272
-0.641071561687702,0.344686358228664
-0.646848983941279,0.307375001187939
-0.802860158381731,0.382968435995794
-0.76953281616099,0.30117455426827
-0.85159594833196,0.10489261456511
-0.906175037497444,-0.155355029535746
-0.964823995600658,-0.165174039241808
-0.840221074711995,-0.173246677454927
-0.947123912643487,-0.255754431157049
-0.819397739414201,-0.291161014421496
-0.938866305934079,-0.0110920436698434
-0.897833568339564,-0.290501922830635
-0.815237771688335,-0.00310710750214692
-0.922873276200055,-0.244779035818408
-0.806275266065282,0.0245640469935017
-0.804647194128671,-0.0598001745878679
-0.8583048720527,-0.0106950419081847
-0.799165969910926,0.279248688027517
-0.891140750681287,0.288858643149373
-0.695249356718625,0.417337040527576
-0.740478828335165,0.192821711502731
-0.765847357753016,0.277078498756226
-0.694215707854268,0.513864290437962
-0.816179865924053,0.520338391415151
-0.697546692933603,0.514071449230987
-0.70059016357584,0.385729183552264
-0.829500581912886,0.544959147719673
-0.674871130941909,0.379936049252554
-0.659860061496299,0.402586267049065
-0.729778690519541,0.409184114400833
-0.705290548640692,0.160915763284174
-0.743788891086726,0.215767231967799
-0.796788932064726,-0.0215120062929888
-0.776164222966412,0.122322516561063
-0.828743958798699,0.134900929457954
-0.702918791055697,0.16423714001167
-0.621635926127336,0.181103370404591
-0.258735252391537,0.27784091900421
-0.596679387794033,0.129554832329964
-0.575264817184346,0.490360385123988
-0.476853354024464,0.398945044711498
-0.576776695296637,0.726776695296637
-0.504508331256776,0.608343674370189
-0.422531531021589,0.740073763685664
-0.372321398609611,0.752877918554916
-0.476934498841343,0.62739826546243
-0.447534594395663,0.716570188124512
-0.361350393923939,0.706129590986312
-0.595109416400572,0.538450467456081
-0.667792907938379,0.338202808602297
-0.611977213266907,0.589855810465158
-0.528459193463217,0.586667160185487
-0.704144753231641,0.601685075987261
-0.327998366492601,0.800309447294585
-0.51782963174356,0.838970718823648
-0.37331408649545,0.727181168252935
-0.37696492599575,0.618482999868167
-0.544311076454495,0.688369241628259
-0.0787838597158335,0.183829006003612
-0.55154798853414,0.825281911904887
-0.67712084774544,0.628538050651671
-0.637946918252586,0.659463049456726
-0.395694802996132,0.683185253137982
-0.621606736686359,0.667167735515999
-0.666251233957266,0.389814150591324
-0.513599490509394,0.545608710492618
-0.706500182745582,0.231165914891525
-0.64515981737756,0.0559281676113766
-0.698767650186981,0.271690286392005
-0.367728315166532,0.425769744163892
-0.55222652869776,0.264158096873615
-0.379062017999951,0.265860525677175
-0.795953781761685,0.0566937145318341
-0.39055785960398,0.225776492831261
-0.36104515444257,0.187962556917942
-0.155117952789437,0.326117107674985
-0.320489100807238,0.481174961531449
-0.32575483831178,0.618319700914644
-0.451008397762367,0.696034075462006
-0.313236688128115,0.542005893319826
-0.305825073972587,0.834800018923383
-0.270446962752854,0.766805424872134
-0.185026229119058,0.813308786027661
-0.197432116110752,0.89374803323357
-0.229409279674266,0.780909909608321
-0.186322447170956,0.803790645140225
-0.108482595241265,0.956659997926156
-0.0462449404316336,0.827253392961324
-0.0743302058812177,0.981463966896445
-0.0901157670179812,0.822529758326093
-0.090047767367787,0.993750838146766
-0.270871378083127,0.699791536242666
-0.15513354355399,0.783313749464519
-0.209094699688526,0.966639047039993
-0.24247781948298,0.506839240106282
-0.264311326274839,0.235408814534985
-0.238344510695006,0.957680350470056
-0.231472132019193,0.552451103813697
-0.515317626546099,0.701039376409404
-0.0817156149502996,0.668604841471879
-0.403450769156511,0.874987021851024
-0.414467138129178,0.322581021137597
-0.437595884104908,0.569695903453198
-0.541229876493318,0.736871035007646
-0.516053944085242,0.721020609089986
-0.0906581980437401,0.683822414207711
-0.098491482319036,0.81836787428189
-0.20823558889345,0.84695816744738
0.114243736766636,0.816342021721326
0.0382705901498325,0.583796302941962
-0.108471691568287,0.693578615674069
0.339985091288768,0.775111481834263
0.191942362105373,0.566628088390894
0.299231302049931,0.582773921344106
0.265655942110605,0.942868098714292
0.461017399305699,0.512972525239654
0.571815211911255,0.674534757548597
0.550196713519477,0.683461677888781
0.273971921647435,0.944595309941376
0.571338955420435,0.671815003869457
0.523971921647435,0.694595309941376
0.260218165531171,0.950224717178573
0.519458717178835,0.394209756889161
0.217269368689192,0.961938021075193
0.223723700210855,0.705511241619738
0.238901255302956,0.953643175613436
0.197044696976956,0.965723031974384
0.256636434647199,0.955438912177716
0.239120350138709,0.793239412408942
-0.0170743854222022,0.811013485636564
0.121267812518166,0.651737916739333
0.0902793436965422,0.792469734314248
-0.0395620014284577,0.934709210215919
0.293442797652377,0.723019943391243
0.0573055731709871,0.90672678556565
0.237034926295921,0.557064851748835
0.256284588201915,0.744501752612749
0.321933613507363,0.727958418221206
0.129619480643098,0.723904435245531
0.364170605541666,0.510038937978536
0.149391306378549,0.716390338584972
0.411269795550676,0.673538941818726
0.465144225464028,0.441424124129527
0.235931536181973,0.447500868596508
0.245072803494473,0.438885422352686
0.454126793409251,0.342801842465559
0.438660886556338,0.605204959207834
0.466902389593325,0.330689810498667
0.478149587716936,0.574603419472422
0.716711374882138,0.589053276679276
0.536423011086726,0.573787692766008
0.594441185006769,0.397213561975069
0.500949498282903,0.582871000504321
0.690256163014441,0.360588173032481
0.824603419472422,0.478149587716936
0.745608710492618,0.31004609991612
0.564920868973356,0.741402847263766
0.830964077316097,0.468098477517511
0.60721677836203,0.438673496889401
0.853235098932627,0.437199085602974
0.637798831088975,0.637154873701099
0.904889515108244,0.349646254822156
0.652172062517111,0.365778812557981
0.6810485701913,0.554518415438542
0.8492675285772,0.466785620889362
0.50760772471595,0.125887043957552
0.853541235553807,0.47628417701248
0.515215516661722,0.0947668977219095
0.770238985374958,0.37205203769136
0.72638473846255,0.0573800778184526
0.72573527531245,0.0714265168226915
0.466957082017143,0.0194228831405824
0.747481046684101,0.206325931979223
0.761829133708828,0.20800622056613
0.779160328213454,0.401462093973756
0.645834378664114,0.16204354008655
0.798892351579986,0.296941435195744
0.779274314663035,0.367247102665888
0.762130586307943,0.514304522798937
0.773924406791393,0.295047091630736
0.775341614536885,0.407316936954327
0.734916032464507,0.470048716876188
0.713045450677043,0.47093276599115
0.707896654123843,0.533369372957374
0.638409812732017,0.547201181308558
0.663674619318414,0.497707072745324
0.626701174496587,0.633327939292633
0.635518722086065,0.64088343186265
0.587097817664787,0.771731444933447
0.656601624133842,0.619260928281452
0.499721541301843,0.633450406869976
0.396273607438426,0.746253149242282
0.410586143414208,0.676543445330413
0.426446585643243,0.613526540408433
0.440226326050025,0.70317583049362
0.408011946437267,0.752124887644533
0.375581128230448,0.573061766874701
0.527025201019585,0.596247221238399
0.449614389494939,0.672181404929322
0.524819670389791,0.475773194365712
0.569305702866289,0.611154190572429
0.647140434357947,0.322991023494084
0.642310123134803,0.528134000967798
0.735211130329273,0.300335577840309
0.667978046308868,0.391969472772037
0.694926823647666,0.28530182178393
0.741040441943535,0.257725771960782
0.841203462609505,0.0739906811184691
0.797972535418712,0.0471948350047974
0.746045418209583,0.0137540690890394
0.902170692355529,-0.138505781209828
0.904336057807128,-0.109235955800693
0.875914276885859,-0.200955687136148
0.877058341590423,-0.225947198130915
0.873461710344018,-0.244383190858346
0.864492119572309,-0.262883917465902
0.808212928242156,-0.389712169455779
0.822351578902389,-0.37032746252528
0.767743896878322,-0.419959698939288
0.784578928642538,-0.419023681881001
0.789532850994785,-0.430300603194682
0.751864820524797,-0.478825776991553
0.796757793632597,-0.383685776058624
0.813557492193684,-0.285515600183129
0.848321121917468,-0.284060020367378
0.864757948308468,-0.0955943903209087
0.882664041292354,-0.207122514095085
0.937173422374763,-0.0756737669569555
0.82668917805905,0.0509986938252686
0.780041492271062,0.0375995801643463
0.750466061001059,0.0982713774401216
0.830211992555851,0.34736224132073
0.831784389782738,0.305464470421558
0.720630463903077,0.275543669669757
0.671999863825043,0.278186783955145
0.741582338778289,0.339848628351724
0.862248376036251,0.242092371610298
0.82407078849659,0.33227288425108
0.854449161327374,0.226904112261518
0.860264793396526,0.223223221806811
0.890759577057441,0.069570196217037
0.847742783994569,0.160544104130425
0.895623531009364,-0.0162324767776811
0.817660812558072,-0.110614289607029
0.824088425914172,-0.0596207908762605
0.955308767291096,-0.136950316954695
0.786841219423379,-0.18567803302169
0.862138602149266,-0.191871940358967
0.859658873261239,-0.283756422433093
0.793078044111354,-0.215773323586485
0.839195549571442,-0.32973331189179
0.817281729245515,-0.36670821465132
0.699483145233934,-0.410457070630863
0.661128602099251,-0.486666167523031
0.841250899191696,-0.523052372865449
0.835438652645516,-0.531689625760564
0.819183347083269,-0.569279851642178
0.817506910864161,-0.565907599198764
0.744901117397516,-0.486316382628536
0.829762723295848,-0.536539969850903
0.826221847060118,-0.543317220647984
0.761090922316071,-0.474966337447139
0.816074803483139,-0.406840059893958
0.748317078201709,-0.388761718135658
0.782246980916504,-0.457873740920139
0.786215842824783,-0.468587168568697
0.681724194825729,-0.523196302700719
0.74616868127123,-0.460988383939243
0.734568019034271,-0.544998173525094
0.699470518891386,-0.503989704128434
0.672357414483018,-0.625547079192859
0.703422758941588,-0.519290221948422
0.689739699818155,-0.542962128024224
0.692105939031977,-0.515963716249173
0.641187355117726,-0.518223647190468
0.693730166447544,-0.479021608128271
0.666374322610689,-0.522482615315263
0.698522456246004,-0.465651069098352
0.662426916353357,-0.445224262987725
0.594770474465278,-0.518652826452963
0.561226526938673,-0.445563745479382
0.625761490302871,-0.429221866099882
0.626908602315057,-0.410095008836863
0.704102663730198,-0.497713703351567
0.561150383897547,-0.490751146205346
0.588494334997129,-0.509742627824097
0.436127120802071,-0.434788881789777
0.410670679065263,-0.531478377124982
0.477516844142036,-0.63662339882996
0.35348310109071,-0.716847487966085
0.339481208307736,-0.824898079141973
0.163432357901269,-0.822726011855004
0.0380686826977508,-0.811239274205628
-0.174079854614055,-0.845843912010725
-0.085231120027861,-0.791180378183978
-0.217942161053544,-0.738116205124397
-0.201514316984229,-0.757697911345105
-0.326969684483783,-0.774487945556357
-0.244934794171911,-0.699979231623632
-0.2151459855742,-0.769449446407166
-0.311141104479674,-0.727440289879462
-0.157787918420034,-0.637053023300397
-0.116202949771395,-0.722071569953814
-0.135720864303287,-0.6149410357338
-0.325634820425699,-0.815965355461417
-0.256017834705005,-0.717076623753292
-0.17463678254665,-0.763751789439708
-0.152769232032003,-0.771885024766499
-0.147792774699971,-0.780196718692965
-0.181441468193705,-0.631003936891285
-0.141660229355233,-0.793477941517162
-0.0735479085864073,-0.672309241660455
-0.250060293966056,-0.888506919244507
-0.111562016205427,-0.821057493943957
-0.150167810789301,-0.828269059745055
-0.141846935125161,-0.961486312885814
-0.179532767467171,-0.712050913470573
-0.151581819920166,-0.84946791028115
-0.159104194919966,-0.851353672577311
-0.148088137543327,-0.870192260488753
-0.297960522678441,-0.930892081080138
-0.292131766323027,-0.836183289343138
-0.237696877727725,-0.712595045899867
-0.299719610879416,-0.803710986959738
-0.463832738503027,-0.862426739271118
-0.421726825870436,-0.747877117859823
-0.321671796269317,-0.668477493534641
-0.432176675826986,-0.72188355064232
-0.459061564698817,-0.727829678526948
-0.410284614031018,-0.735439909129521
-0.502219224049458,-0.80491771883912
-0.442861217655388,-0.716651600575176
-0.401189595776416,-0.635932525706775
-0.544306029108186,-0.693341032857129
-0.519809268312783,-0.743186801872699
-0.441792538928934,-0.568545112547824
-0.533326594496055,-0.593031304983709
-0.639094454383644,-0.696103692171344
-0.576158730432745,-0.577845275086621
-0.718087029295661,-0.596332461769066
-0.728825546433691,-0.58567033499883
-0.737611019418116,-0.512251761311154
-0.760362487955976,-0.381149263042739
-0.802702076011435,-0.482746787909052
-0.821428412583885,-0.386959365260123
-0.902019793350567,-0.366951181190521
-0.854722972264356,-0.311859918785517
-0.867453406365961,-0.364774095734512
-0.882206380879698,-0.160452269235851
-0.891980857984103,-0.199778255929579
-0.910137708578405,-0.126523277370529
-0.904092456018295,-0.148662101668836
-0.90764380554928,-0.106797458425748
-0.829255288328083,-0.0811988448473856
-0.989878596955815,-0.0404604975341795
-0.913033180982744,-0.0407699477922774
-0.913517445080841,-0.0183169825930857
-0.836335578982956,-0.00626422539043965
-0.982882426081162,0.0267542043147131
-0.907892590913689,-0.0574180272706623
-0.903667872138187,0.137604791690298
-0.823235037912899,0.0663089727283638
-0.893217805547287,0.111957913874003
-0.968857819720673,0.102008728333194
-0.884122980692779,0.183473937857697
-0.869458059571069,0.233535679044237
-0.864148196398107,0.132531883399078
-0.868444062049649,0.304258411616434
-0.799140410021559,0.206611896009151
-0.960236502227598,0.156763463253247
-0.805509561494698,0.220541773205834
-0.944257572931739,0.251763960516588
-0.8600990721145,0.298321302782417
-0.854017752546176,0.284420806735871
-0.847522027509463,0.306200495809211
-0.88186354187969,0.307639274596538
-0.787432155485232,0.39170520711
-0.836064081491076,0.330675562615356
-0.842363312195868,0.337558682991813
-0.846987429361284,0.336870019633342
-0.866043251133535,0.272491165615863
-0.860662974704443,0.303945128387606
-0.872079130037493,0.228588530854148
-0.87795311880158,0.293655978725748
-0.799341034445295,0.112129983964829
-0.8176128397589,0.00336956926095643
-0.880454417317637,-0.0467179596360063
-0.882810220425469,-0.117992172756589
-0.878017341875845,-0.215004482189643
-0.826286829269586,-0.178871191798645
-0.868593275023003,-0.0917880447590139
-0.814172393816309,-0.233541779830328
-0.842269295148365,-0.220947520689894
-0.805286854721699,-0.301402992426405
-0.804161439514964,-0.261544100352421
-0.783805739844205,-0.440418690322637
-0.818859744528328,-0.249298681081906
-0.746579751866878,-0.327489648354463
-0.905306888499137,-0.35962373281834
-0.850372963001117,-0.145980541828517
-0.851550289595233,-0.258958592135924
-0.855378611505177,-0.173048504099981
-0.852532817953165,-0.241057387053524
-0.721625971725038,-0.0692879973098498
-0.892495369311685,-0.062925178849699
-0.871794114060026,0.00287446944932114
-0.816300471557837,-0.0225787028136203
-0.752989791079993,0.116995256704216
-0.737956981292997,0.189154008807532
-0.790804978666065,0.099376520845247
-0.821595666063712,0.0897183033127748
-0.816045954027406,0.266413591647216
-0.829965017000011,0.120358239792681
-0.769461511834674,0.42379405386548
-0.751081355506433,0.351490533901175
-0.782901405926366,0.373585927319657
-0.715063101044902,0.31908857445778
-0.760288877893229,0.45779556352835
-0.654824769441488,0.599228908429838
-0.499024897999348,0.524683245745515
-0.586880197490437,0.645570964169635
-0.460391227383427,0.609496347880243
-0.484776425892868,0.560335430074494
-0.374557293439476,0.741506941982602
-0.360184397699426,0.774200826603602
-0.325201772884419,0.774659945468547
-0.267836525243216,0.892186940236877
-0.217402563623751,0.743397567685283
-0.158568592239052,0.900140201543423
-0.140187759282501,0.791620814457353
0.0779694860444699,0.734443250788771
0.0404327806519341,0.826927616530423
0.0602076298311646,0.664638512153438
0.0320325913765011,0.762268026056643
0.157355770458854,0.871850287913668
0.195700318035504,0.946310429124931
0.146484371070992,0.79102837856294
0.166171416070608,0.87088093385532
0.202364631326045,0.860091210243886
0.213511922152554,0.939539229124157
0.127827487476677,0.766452520333464
0.36888781692472,0.822466283605934
0.302191155801251,0.798361080407114
0.334297440312097,0.795869873736843
0.393843260250928,0.876944340080071
0.427952785684334,0.660847361018942
0.493101691711898,0.739057037621077
0.504918103512251,0.73348971908693
0.564939345120374,0.686521111249135
0.473586813770111,0.685449428273065
0.622112565277576,0.644872173386854
0.683182290988118,0.721932273723318
0.616957808029702,0.539299765908462
0.651747662916095,0.699939237569335
0.673391653977296,0.482716593520299
0.689673822827816,0.660734809776398
0.696777234111509,0.555505452881387
0.713541828228576,0.432309218224255
0.703046260360452,0.651531825867161
0.695256824461715,0.556461672231778
0.723714843753786,0.511034298180273
0.72639568911748,0.503776650041281
0.634154970787159,0.403671216243711
0.821100846520934,0.551475842827369
0.634517549096842,0.390320298151036
0.784946308190318,0.589635554412821
0.672375697642746,0.538039677163255
0.627523281635022,0.597657981232898
0.608333587000307,0.622636326242618
0.55586046572271,0.655161235947586
0.525110114806552,0.678905265517564
0.532621014864634,0.549992906630263
0.544570938627276,0.782084102822024
0.627831234931835,0.444701826999259
0.665770165832603,0.501629092623968
0.709846924101007,0.409663098953092
0.686902701398118,0.198962656983934
0.916556092674082,0.235573754814842
0.817782594672875,0.146226726450525
0.845051402587873,0.0600335598942956
0.865361634787377,-0.00354094444649132
0.849495923192325,-0.0140663992746601
0.82628451827112,-0.079212958355018
0.596143032263305,0.0027678494315563
0.936427627795028,0.160390698328133
0.798418335142314,-0.204561444027252
0.795043511758138,0.158922351591835
0.792114398612766,-0.287202526192984
0.79280524696379,-0.0705934302222359
0.798186079335539,-0.00179359459569608
0.795720115219974,0.195781305059372
0.794071523366449,-0.27941668145111
0.797784184976722,0.158012950980831
0.793692987379524,-0.0681930384815729
0.788513406544826,-0.0853318584183369
0.766513128305669,-0.209945643192758
0.748913306418168,-0.224550819126455
0.739438304280833,-0.281602940571238
0.776621215909732,-0.292858202097798
0.766584873362163,-0.137293564672474
0.770363605374323,-0.463628251196542
0.767799242349166,-0.302089196979163
0.771777659746596,-0.135288788063149
0.752104765646579,-0.353344655965186
0.745313436066332,-0.36427852874216
0.0751930722629983,-0.610801268307037
0.120788258431983,-0.511667273601693
0.948683298050514,-0.316227766016838
0.8,-0.6
0.707106781186547,-0.707106781186547
0.6,-0.8
0.707106781186548,-0.707106781186548
0.447213595499958,-0.894427190999916
0.707106781186547,0
0,-0.5
0.426421296612601,-0.483042462408382
0.329040609059536,-0.359694212780872
0.300775116126197,-0.574513918775191
0.546011261594915,-0.292022523189831
0.33526823381239,-0.552280345926208
0.207216803226905,-0.486414418068833
0.267351363110069,-0.512724628530534
0.148570581515937,-0.582995889943808
0.404210641821502,-0.63858326543036
0.296565873963276,-0.637855444358995
0.461980467040328,-0.644024312271212
0.615426172378485,-0.56024620106801
0.534438105279416,-0.818268885888328
0.633828083488953,-0.731114790605113
0.591734611984663,-0.602360605170248
0.580236498397059,-0.748642787769772
0.537214822832194,-0.792077063700733
0.463507690459387,-0.836950745082673
0.451242845445128,-0.857009864463495
0.395750427163546,-0.874235981597349
0.408150747657003,-0.854642194271181
0.357947185614443,-0.885842555767659
0.393994348468945,-0.883652150333157
0.410912869658155,-0.868393380102836
0.319379113892083,-0.907569958342177
0.277178277577774,-0.813030312613557
0.300364350636887,-0.888924231385815
0.205631413955337,-0.816510709983504
0.158594620960137,-0.806448718351277
0.0457786087700299,-0.847078530721983
0.0631570930683255,-0.919835543900584
0.0525613904951919,-0.940690859372329
-0.0159642579988414,-0.913160898408211
0.0644910175604898,-0.954226797463372
-0.0175198046884341,-0.968946227660364
-0.0343425618596648,-0.952579956681436
-0.0653968877875522,-0.964213538291134
-0.145478773549311,-0.930381501120107
-0.105109746036177,-0.931265946308253
-0.0615971749140906,-0.929064510848232
0.000338498409617643,-0.946413191307317
-0.0648062533976081,-0.93749111579768
-0.0524382538205717,-0.95420943562317
-0.03886942523928,-0.825422968177359
0.0640149102119608,-0.782826761730964
-0.0114490205154766,-0.952493943961974
-0.0510522291020145,-0.956545215309551
-0.059724886835658,-0.95856468158181
-0.0234063447534565,-0.879099050903299
-0.11773835893887,-0.752597082749333
0.0374621700721419,-0.867826950280706
-0.00567489049470427,-0.927187825317844
0.252178720414534,-0.830347352722417
0.126189409821796,-0.846069540856947
0.303311732187046,-0.883162101998744
0.431592864216171,-0.758512300318468
0.322100640994509,-0.795376959014222
0.344215758389451,-0.913956563049927
0.428852782727095,-0.851249300743611
0.460354519559134,-0.855502431109166
0.464828818208359,-0.850880775605116
0.469642328307442,-0.841159317010457
0.454672054622248,-0.827723728812973
0.458930726376329,-0.844270306634604
0.378058586710573,-0.906860441455648
0.419742754961777,-0.87633954026136
0.392233524905979,-0.901064202996384
0.449343738945497,-0.854558197650996
0.501562563682195,-0.827993365935105
0.572355093570522,-0.757035153276319
0.546924387357397,-0.775925224498784
0.592967203863861,-0.709925298440108
0.63220057743386,-0.698874880434712
0.58927593029275,-0.615262935067344
0.696313206454699,-0.621148159112371
0.574054950847928,-0.619318621513405
0.669552467017655,-0.350771659397423
0.686563986494492,-0.564821737696495
0.821426800376805,-0.464589055706964
0.796744040386106,-0.430488548311853
0.650478632038074,-0.268746008267696
0.636438507662216,-0.275946364438057
0.589979069618006,-0.119456038138976
0.605319929019767,-0.161866337491739
0.581395308043375,-0.00940397639335151
0.501124173632248,-0.0936390324303007
0.470616446189975,-0.0617807596729993
0.552578938279807,0.0225913538060461
0.57235354581984,0.0468144398827335
0.407915779795411,0.285729182915305
0.400362589857712,0.315191077235053
0.484239847663227,0.33261235704025
0.297074996641713,0.335318711916602
0.215692450653397,0.535152273593582
0.283838046800184,0.329009005488586
0.139393155512471,0.552380862228978
0.305352042624572,0.361509962588652
0.456222890982684,0.213976155043015
0.620880877335401,0.25906246398678
0.612917569881972,0.25983313924752
0.50021414583917,0.266036015049174
0.665403025854644,0.0657420343962298
0.515826049126292,-0.184911560063107
0.528287622647961,-0.109651877360084
0.496838735543174,0.100794632659122
0.521594334550031,0.0287479787288034
0.445330738690679,0.0520079858139782
0.317081214150592,0.00349277175912104
0.328351873485612,-0.0702143688711454
0.245076495171751,-0.0661073341216395
0.239894839928445,-0.240451522471561
0.0793497489002964,-0.330472059948544
-0.0590081876225825,-0.182298794885812
-0.0566464870983627,-0.261548942352322
-0.0436027312710892,-0.282118318089246
-0.102908367203211,-0.403865524914683
0.168695832191518,-0.318082784675745
0.0109360281762154,-0.494277662814348
0.22784301938396,-0.54325680213555
0.323702084856594,-0.535734408277107
0.192575792222451,-0.659007301302812
0.305578615500828,-0.618186949493403
0.456228839499519,-0.582132032628065
0.40424377225807,-0.636859273274225
0.452561319028269,-0.729930748585825
0.507577634669195,-0.597730918557184
0.495035021760524,-0.697444706848425
0.462231207649917,-0.862824491386857
0.41821272878308,-0.873898427158904
0.430241444700654,-0.849568764946026
0.276345328743859,-0.803246517756702
0.431470149584291,-0.789642066162815
0.440203813886971,-0.867684483775114
0.293818855272121,-0.729173908167951
0.305032743248153,-0.70891622770314
0.346498606548535,-0.843030982905055
0.18370245661636,-0.809984127565034
0.399156602370237,-0.862737271257155
0.147663491962257,-0.728800143297858
0.283648110219516,-0.649093157075563
0.34375839460559,-0.697210606293016
0.140633153626185,-0.635529467987735
0.200465272336356,-0.732571645850881
0.0340373892635819,-0.641887015094052
-0.116856077279723,-0.695777821583338
-0.023415051226671,-0.654079315966911
0.0792428851750327,-0.581159753119662
-0.0204137562149123,-0.78214017984262
-0.177948219131829,-0.794026967006585
-0.233815340568279,-0.824941797161159
-0.389573004710836,-0.730049747864976
-0.472936363585457,-0.847077918530098
-0.524219607478883,-0.772903952188874
-0.609588408584767,-0.679861245477398
-0.502143094836542,-0.733919200729506
-0.67414879028317,-0.615695992614647
-0.557370237152495,-0.708695020357625
-0.579739894977215,-0.688830804068124
-0.606096529155634,-0.679672839927912
-0.400383493046616,-0.873990290796595
-0.617864693873479,-0.768644607834173
-0.630798541083513,-0.729452076341395
-0.619983243104664,-0.676081160639873
-0.706431224369384,-0.58490128991104
-0.70005315544399,-0.628327068051497
-0.69896869091514,-0.678386253522505
-0.629489844357506,-0.511814645175696
-0.711866420621205,-0.505785362014165
-0.706593117670877,-0.493941777963789
-0.856707726348563,-0.332159488541032
-0.83851793128212,-0.416241154934874
-0.876237569350265,-0.422210006455386
-0.847853294804418,-0.296287892601795
-0.859604858748825,-0.440762369835972
-0.879972500760313,-0.277410321737942
-0.722323550406661,-0.38395675545729
-0.718321343049679,-0.404622330970072
-0.73559562180589,-0.330107844097041
-0.588109336193043,-0.329217901559756
-0.68993980955637,-0.374639312793908
-0.657340500229762,-0.362948712721611
-0.361051753874254,-0.443117238813004
-0.6539017244515,-0.338954825226394
-0.407603674189191,-0.493869154713512
-0.601633787721151,-0.254693697912853
-0.469071168871697,-0.333327329304652
-0.552439492424172,-0.448914846435799
-0.541479026040727,-0.424550815365174
-0.435313635784438,-0.415689927923391
-0.401410121641674,-0.31798112527508
-0.172005229038445,-0.222874353546233
-0.118184897425492,-0.597451224879053
-0.0437796104488279,-0.563497735595798
-0.063179435754844,-0.614750946790951
0.00687189334285473,-0.491148420117504
0.202647485547907,-0.432715095722456
0.122812980056937,-0.65156120487403
0.176733373370703,-0.488727656267587
0.224065842696994,-0.336114191997076
0.136709249322205,-0.600303445281838
0.25404857384433,-0.58650480365099
0.248962467891711,-0.525754542833677
0.184207616946301,-0.763114760950006
0.0698454804050996,-0.635259008098343
-0.00347151213005131,-0.562650597839152
-0.0703043586358606,-0.487219643609333
-0.0757198098094918,-0.61706380561022
0.0814152506552954,-0.573384992876673
0.135006477279333,-0.486772596605796
0.0608701106991611,-0.429312603535287
0.165530889252029,-0.0618350505032165
0.14373257765642,-0.230769230769231
0.209955032662019,-0.103162778939359
0.248765190696831,-0.186238513982825
0.277105335520603,-0.00852125286843358
0.0838368596943186,0.0751541268407733
0.021542887561689,0.0448927004358797
0.0083584981840394,0.196021288037427
0.10493821606241,0.0576849095739387
0.172031701610933,-0.117802965810415
0.0173239732168809,0.201336562989607
-0.0449366470412467,0.0976049909581207
-0.0339923819330199,0.26020455657846
0.165284311898929,0.321957408493287
0.271092909120515,0.247813364034457
0.160017562218928,0.290683552224651
0.144701867512744,0.169114818077027
0.259547446051047,0.289327451235791
0.345780244962403,0.192732365821294
0.386149246587514,0.288148236301562
0.478721240896919,0.145723608170876
0.321586154332539,0.187176676990688
0.236241164453742,0.254303327913263
0.494967678294263,0.370378235288132
0.49013071099498,0.307921655537606
0.55685339390596,0.260153397218646
0.548784037357491,0.499224830580171
0.553435655128424,0.540058951242576
0.32124280416595,0.560761530987948
0.529195021134459,0.422843794099246
0.43319753005764,0.451721723711011
0.348212810588307,0.595900419098541
0.330853410466288,0.593445069297618
0.609833542449555,0.588646134265907
0.416267672811967,0.631977889823213
0.320264687980997,0.710407801360128
0.39361935688967,0.805709646713965
0.284647738676713,0.8022280663492
0.185617082231068,0.853259637827922
0.206122415582365,0.854739595439137
0.0144112870650556,0.892305704448474
0.0172654899438008,0.889263234092479
0.0594871997624771,0.893438250004541
0.00221923305338004,0.894975050510889
-0.091210000308427,0.890909242843578
0.0540759789677162,0.892644366369964
0.0703840301249956,0.786796766738471
0.0480128887109289,0.896690337507712
-0.0875965265410792,0.898004534606091
-0.0155557550851556,0.89306427879214
0.0230231727318574,0.744677144263566
0.0648069223910013,0.851041511736499
-0.158341995493532,0.873498110272409
-0.0103806849817175,0.87456821978061
0.0853755670581496,0.741705578406618
0.0552134819547365,0.865123895590893
0.000285729737116276,0.771174171957408
0.0954336832246018,0.864372026150624
0.117855974823151,0.874248793119179
0.125381009443425,0.765239843015118
0.187134224830515,0.835652898845498
0.236483850948909,0.845491446305535
0.314533036687426,0.7145919540074
0.317829542091151,0.778389958320415
0.302162918980071,0.741946203390119
0.292996390027065,0.726032318615431
0.306709299361201,0.643678324344605
0.326965010602652,0.694628839696017
0.350419484144829,0.600083208748156
0.305678635029718,0.669084740896433
0.413202702853561,0.482133505453128
0.540460284007931,0.454948001401657
0.4258043868697,0.5868393581656
0.386969327024924,0.559971760318418
0.447995323779768,0.445128884445025
0.564360658278481,0.237592422101126
0.498949708395728,0.340640320420612
0.576041070263294,0.307990042733939
0.607416253976965,0.242740027660391
0.636577751234619,0.210955045564106
0.718734312097466,-0.182021677036556
0.735964463203349,-0.0901408327833029
0.605437487632798,-0.0560720124008608
0.597625480830147,0.0563316362846197
0.66435786237671,-0.0779872109872593
0.522045768098072,0.00235714522334736
0.48731648574145,0.151216115159318
0.573399821835355,0.191233917544887
0.212600245343487,0.418045330608454
0.260009302573221,0.549447046868093
0.169948130494145,0.61799017275363
0.0992365025295066,0.917012475695277
-0.0783273394586772,0.908722035746507
-0.119331225110753,0.924933958427425
-0.16951464328371,0.936716115411922
-0.344399526170909,0.880588669837244
-0.375830709374301,0.909972246992019
-0.449062540130571,0.876253456283148
-0.393279577651001,0.90478928580122
-0.458823850997925,0.874929212713295
-0.437257489012256,0.877030836300142
-0.430806297880002,0.886649701566242
-0.455439964561563,0.806995999598631
-0.449313788130558,0.881248612791494
-0.48154277403452,0.782944112787535
-0.506216923408867,0.773982968284306
-0.532435488173802,0.685849397484823
-0.491247936103559,0.680074246089429
-0.442391967082778,0.665010225536205
-0.333650211878868,0.670149601930964
-0.411295002511928,0.698456492773158
-0.281435956890836,0.6431595158604
-0.248117346925334,0.817113328103875
-0.280149130970657,0.695565350490051
-0.252941481184974,0.714995694245052
-0.133720489963547,0.856612550002887
-0.213088115789759,0.739487310541158
-0.24472248032304,0.754253998356676
-0.180646992757194,0.772934509183841
-0.152521173838614,0.776818437969974
-0.192969999680031,0.770426116532268
-0.0890484856549413,0.802454488485065
-0.122705077246391,0.776183908075657
-0.138917306996675,0.854040725619552
-0.165989185959271,0.787896482098446
-0.163210229668415,0.844835928637967
-0.18888052526475,0.768748062837985
-0.1993330629991,0.821511091888508
-0.304215598070088,0.716625370957836
-0.317280411603832,0.765926522395712
-0.434364789461333,0.626753821308326
-0.486492461600805,0.733830101377766
-0.46216766663207,0.640685081290067
-0.557788542879446,0.679656350520518
-0.516373430885697,0.678329331509957
-0.567821859721443,0.609964625097838
-0.621745646683029,0.572448858409239
-0.639928008767018,0.555031275872448
-0.623806465694115,0.562302993150024
-0.688337578592747,0.577352736563926
-0.605910239779348,0.363970385703024
-0.641462041477654,0.407526582945232
-0.757351827323981,0.466354563211143
-0.653920156903693,0.530947027167376
-0.65896440572064,0.600372747734637
-0.663331381910548,0.575928654347059
-0.710565201139759,0.481534611729265
-0.731112170332086,0.444576604610125
-0.704543996390243,0.48883032500919
-0.724455021676138,0.483014414054445
-0.786017961417694,0.519359698471748
-0.760668694438523,0.472760039966762
-0.717146201098536,0.514065279864723
-0.795571377177483,0.411923487260675
-0.657300227934751,0.529214515389178
-0.770336202290831,0.442320178003955
-0.748448266072222,0.533159054706806
-0.752711858427305,0.558286991579809
-0.739555045264255,0.592502060892151
-0.716052043107704,0.575202494104906
-0.791616107202463,0.545169394586281
-0.787061548512579,0.478113987662656
-0.765048633509004,0.576811341045462
-0.825879849559858,0.520179245721641
-0.79427499016441,0.530142945051693
-0.804218075126672,0.496901155101459
-0.826328137076897,0.462200339118959
-0.868135718890368,0.396856068271882
-0.90101276314047,0.373295551854672
-0.850140937009214,0.391496358473609
-0.86107129135699,0.294007019670752
-0.923877381391224,0.286257979198528
-0.946886114524755,0.264287447194698
-0.888508605324763,0.181837178169531
-0.971809605768999,0.189372434853879
-0.951365975567842,0.156506899616776
-0.961522029573422,0.146727252884702
-0.902690526279796,0.0544804381160276
-0.99039154069064,0.0282766110074464
-0.965400608187361,0.0975668766520294
-0.989831906105809,-0.0366197028146874
-0.988490512341553,-0.054863244611675
-0.910158680416094,-0.0387499939164228
-0.912209219292665,-0.0429705169296405
-0.960135038909911,-0.0412559675052205
-0.977939389564524,-0.104671715243485
-0.972011974810844,-0.172509229995353
-0.930682620237493,-0.2288415004062
-0.939330955509186,-0.206311982610286
-0.931023423339819,-0.254900401405848
-0.923048696801024,-0.135473738967226
-0.898910251935928,-0.112026820729012
-0.918592471746704,-0.189138463255666
-0.96425940740845,-0.213419771612968
-0.944971937107921,-0.215343259434541
-0.882470378907972,-0.167729779391249
-0.963832128342392,-0.167076929559623
-0.964979877744926,-0.114510541328873
-0.962247901101808,-0.112261600821598
-0.962365522150659,-0.0434210903438655
-0.964894642672439,-0.0174215406049502
-0.962183176129778,0.0725669643123488
-0.919917399864987,0.206660446477104
-0.821196986575804,0.290875920048897
-0.829976086117952,0.317369791466687
-0.76710085653191,0.409517172458005
-0.728602141469398,0.432801922903987
-0.721140446036971,0.455346050981127
-0.709445317041082,0.442721377032191
-0.695611541707621,0.467105708710934
-0.592383971523273,0.489275143354469
-0.643966483501599,0.398166867934125
-0.579682579640464,0.51567301549163
-0.568252447816871,0.526249743197487
-0.585078212632602,0.52880092625252
-0.588599282365724,0.440298543118659
-0.572477605202821,0.302433954726158
-0.631281918961417,0.447047775288982
-0.627719131971752,0.306499491123913
-0.700970934048066,0.177916648929855
-0.689890777891724,0.0829040412773976
-0.678441977212036,-0.00438615015418004
-0.698278272932438,-0.0307087339108102
-0.727314070456042,-0.11284179628424
-0.719964763698109,-0.244854797566038
-0.764606371923046,-0.245925347402563
-0.759637241369698,-0.326209167318331
-0.763352623173863,-0.367223167371686
-0.772917478608368,-0.32652010628055
-0.764002769575898,-0.341201216744716
-0.718881586629797,-0.414679191859174
-0.742107921632131,-0.37593647898288
-0.711708404910525,-0.424465566532086
-0.712620318000856,-0.41980584148665
-0.700033950507067,-0.416328611969026
-0.705497490114146,-0.408790994828759
-0.712123393064896,-0.399441841116085
-0.733849419696632,-0.367665855152256
-0.742780129382589,-0.334910227932148
-0.744411082697514,-0.34188257459889
-0.763330476013288,-0.294690479696668
-0.77106192669161,-0.299632913801123
-0.762244137517151,-0.289728140330981
-0.75580826788662,-0.32818210729016
-0.67100429066026,-0.439611579710314
-0.707623141128329,-0.441471965031246
-0.654454434777481,-0.488883204665574
-0.65992951302956,-0.484065790808726
-0.659130393390492,-0.504990803209573
-0.673740546497111,-0.528551042103093
-0.628849369835385,-0.559561428381953
-0.616228561214374,-0.591135709233071
-0.64892245341562,-0.576207192308818
-0.632654253634654,-0.602020971651849
-0.612084016860852,-0.619690115332305
-0.580218883202897,-0.625002757010157
-0.625257230600748,-0.574735553317225
-0.649858545181843,-0.728485710868266
-0.646643512757125,-0.570365814289076
-0.591850873969528,-0.58902307223785
-0.642473210735945,-0.564606954952459
-0.663353556995452,-0.588528001896017
-0.6579071580848,-0.57014551973128
-0.747289311458946,-0.499399001123975
-0.681663363926744,-0.616823618871182
-0.700147212196889,-0.556527553906829
-0.697094423893978,-0.56478659935185
-0.730711354384084,-0.555707322112989
-0.622623626347233,-0.558473440332513
-0.745781528015989,-0.529200376657558
-0.680657723422177,-0.566507786627772
-0.765094425533325,-0.521614144234097
-0.751576900962604,-0.435115388717058
-0.816383633099223,-0.424747658769147
-0.851375354707499,-0.324985312751432
-0.867962443246912,-0.318251410972943
-0.838612646430225,-0.265400313801459
-0.9124810283975,-0.234706898987485
-0.856843385167683,-0.291042603855252
-0.832877644504925,-0.335109347431755
-0.849215128692251,-0.356870817576992
-0.828458750238446,-0.373274521063226
-0.788514648603738,-0.470179940438037
-0.825634645736508,-0.375782618571014
-0.765163273525268,-0.5077444680222
-0.697366657967846,-0.384153253043989
-0.721913717484863,-0.370122920400219
-0.701374802078027,-0.362438960953996
-0.834764320060516,-0.195123008745451
-0.717477843011973,-0.178066511206815
-0.746757486374049,-0.21436737759386
-0.670646139362348,0.140501025617
-0.556891509067708,0.0280566290639212
-0.758417801739932,0.158931163718206
-0.743782431361895,0.396362334661216
-0.648765733643258,0.230332829160105
-0.74404551147117,0.28331668395733
-0.625648813353909,0.263177685694885
-0.653155847910103,0.425180859247888
-0.570126494470002,0.367629915082796
-0.404736465264556,0.355358982330723
-0.446646739150962,0.472817224644843
-0.58782287277612,0.462678231111504
-0.227878325351834,0.310396278290939
-0.423576547689246,0.505579696692998
-0.538207066304099,0.564993720690257
-0.314814648187229,0.487035301914494
-0.170710678118655,0.294317475868634
-0.202541302048304,0.481011045592357
-0.226905560289671,0.236503088380588
-0.0909090909090909,0.438947920431472
0.0252481743319399,0.271748563776232
0.0275089488219261,0.366576790053544
0.309676294131996,0.588650386545208
0.256990286596339,0.389847300948435
0.335425424778327,0.425798535347308
0.449255155515707,0.595023366984439
0.537878451751108,0.464035234679092
0.653036382553911,0.394012002510785
0.62782859592948,0.410866236103102
0.642613034725411,0.321799316378322
0.758529592057034,0.247871637762223
0.630477841261533,0.232288777187621
0.764319015471259,0.146121860052713
0.67228336708592,0.203248100508369
0.735304746672159,0.213663130105607
0.711812934147919,0.261748914362504
0.676157446032116,0.423280667697018
0.646777805898682,0.266123785477748
0.642494663625987,0.273976028152646
0.662189146352911,0.447567352278581
0.720233103955075,0.308223191825816
0.646525058609962,0.268640748819385
0.613272676710369,0.511579630928503
0.625381158340473,0.323723372699338
0.512283311972682,0.405127307456065
0.502599337826389,0.352059222712732
0.39796476324229,0.440956821312714
0.394830904174179,0.446957336062849
0.253545947189913,0.580959107676022
0.363259509166175,0.607099071971911
0.347823399114029,0.665685214632356
0.531723699358847,0.532394691608679
0.564810263142138,0.456432231469471
0.660467120188616,0.380408677340946
0.722753381100128,0.294477713661019
0.749703963832229,0.256516675176384
0.778961524711857,0.136598209442397
0.833544083035144,0.0623007931257569
0.87574533196604,0.0613397788850745
0.874439627436145,-0.0218988880325846
0.839791480513339,-0.0720310007447006
0.94211714330123,-0.0638470384945226
0.889504020529355,-0.0424150637946784
0.957743567470457,0.00309025014401344
0.94618360348477,-0.120748900472441
0.977738583752679,-0.0381432836224153
0.974733819913339,-0.0392779667710147
0.99574406839409,0.0510912768688384
0.986046003913322,-0.102598215827542
0.981608688734417,-0.0461684087015356
0.973851748175072,-0.02183097158052
0.989289530791975,0.0888640156513578
0.938674880216676,0.06869144278079
0.966009612840986,0.21956376192629
0.948838724811698,0.232314187155678
0.918186009992605,0.341014067669134
0.91495030316733,0.245290662077642
0.953259368371585,0.0880727524826392
0.913824547989261,0.110754294443785
0.884469609626067,0.0809324576478328
0.886044174330786,0.0421167925914849
0.842149524933445,0.0482129485165016
0.853771156814172,-0.00880122055046365
0.818645394698831,-0.0437469398079366
0.803762832052843,-0.118245239731739
0.759569972184216,-0.133220080769625
0.832329641767118,-0.0394614216010632
0.76517105331697,0.0101965162774152
0.823515362900802,0.0574993197466488
0.781086608056525,0.121757591851541
0.732488806905795,0.13204991523119
0.703815863130904,0.146005640738912
0.631041753050835,0.192986460227717
0.746642166304934,0.126932629061344
0.712245649084062,0.0851651076747272
0.697347120709234,0.178885438199983
0.700856723715088,0.236746611543074
0.815737865166653,0.0921310674166737
0.799098075631343,0.153040851434137
0.81405659787326,0.322047815195766
0.810303844330826,0.297420924759335
0.783432869628024,0.395958326378052
0.774681865131604,0.302913326784646
0.640324082699866,0.367526223611774
0.728409095400851,0.536255070364455
0.554261872641195,0.719999737807848
0.603493721087238,0.700977257332442
0.479719454287495,0.758171162588685
0.335923443345015,0.621371382470971
0.443634496235296,0.631306728929151
0.532277893663376,0.646433185112322
0.374250364717187,0.639793964126899
0.487701625266197,0.481987613440067
0.243274594525897,0.632124603445226
0.362099949321351,0.404777004285294
0.405118929822754,0.384773458895502
0.272575396686776,0.139061895926765
0.246267812518166,0.405316953129542
0.108953408410102,0.0832113932931363
0.2,0.241421356237309
-0.021675816690161,0.290299763306045
-0.22224040556699,-0.0385344589360521
-0.134478331977207,0.109910516146354
-0.13821452458021,0.192949064424266
-0.36257342868703,-0.100183826422117
-0.306980207092585,0.0127794344653234
-0.517874544134826,-0.341761651517169
-0.467621234634823,-0.369819901823806
-0.480032632577856,-0.357420003157387
-0.415908992757138,-0.32955502371697
-0.40164010416577,-0.330100050504439
-0.477938550129411,-0.288877720353626
-0.67426595727994,-0.370568648205399
-0.53069716886474,-0.537362844237645
-0.584506289462915,-0.641740232884189
-0.499973891368601,-0.689607968419766
-0.390878533299712,-0.790292589011123
-0.403553181815943,-0.75804535997024
-0.442821777054946,-0.751079971662556
-0.360701391268338,-0.780664048242845
-0.269866276684551,-0.825159673447057
-0.227502552653938,-0.827994426528781
-0.174463001179384,-0.842524146117524
-0.134330871304873,-0.857083016211023
-0.039427749289638,-0.833796056824665
0.0161503143215966,-0.899031231018995
-0.0900328621422188,-0.825820387452696
-0.0149419365324899,-0.781789928799188
0.102278420333334,-0.765096028961592
0.124141476238651,-0.768943802360452
0.186968199217011,-0.781545023993065
0.183970723365641,-0.788520629233068
0.22721083221033,-0.773171957610514
0.229726998924081,-0.784691042157801
0.234758966145552,-0.78736730347034
0.278209347360031,-0.742576210808075
0.338697027617996,-0.73868187929406
0.347963503613301,-0.728704034911014
0.426633069316576,-0.677977477595846
0.474946333509799,-0.619302871159754
0.50653230041044,-0.577979473454925
0.526819687859343,-0.590959813953636
0.550712131226742,-0.555556341359075
0.587507667435358,-0.486078881311895
0.593827611515854,-0.458547517491866
0.628472157818843,-0.378575673527945
0.648205788801858,-0.304547691433227
0.6742208292989,-0.261011270078189
0.683456255944189,-0.259611309829408
0.734433503557569,-0.124959595535937
0.690864284449621,-0.22254318497496
0.602301579454817,-0.25709078600056
0.688605715677081,-0.0756194801741687
0.700950671435594,-0.1425103236581
0.68375834799654,-0.171984139173726
0.653790332152837,-0.174342366710332
0.664881319771356,-0.153109281304735
0.662149752334493,-0.203089611955527
0.676765644495772,-0.193472842119885
0.763098396530622,-0.212042244385706
0.59062333261555,-0.182940380757045
0.774068250856656,-0.2001561566753
0.752516996685822,-0.108968933687555
0.664192669296835,-0.225713686263629
0.689977732493611,-0.0479164507162345
0.616943531756258,-0.00616346553720371
0.572616415248705,0.0659093479837405
0.571067438740764,0.154266880745597
0.464625038765364,0.343353073625828
0.440480900950697,0.454915587244344
0.370421465494356,0.522573342159119
0.258711470576957,0.538155712709726
0.263524635018471,0.483073685589811
0.309609412269202,0.479697536730753
0.263819818015064,0.525594724722438
0.24933666239089,0.539723810830783
0.135016555928572,0.572894212171666
0.0586121691760677,0.60414163383716
0.187490608527846,0.61557912004512
0.365136471358739,0.494936095810228
0.361938938060316,0.444302130412182
0.433312626324066,0.497867830337127
0.370743762169869,0.53478853059769
0.397257799208744,0.575150797226187
0.39541425420287,0.451684007099704
0.323417087164622,0.635032350584234
0.246830611576255,0.617954726384397
0.291786947724036,0.661080536251661
0.243320872845596,0.645345912428866
0.102589101992248,0.788623056645695
0.112406687451429,0.789701375844948
0.0821830032109256,0.811337929186242
0.0716324378398939,0.817192269472582
-0.0419282250219924,0.842847568325325
-0.1676869837895,0.809912909696036
-0.124624803955765,0.767091227810662
-0.302191672033144,0.706498784844252
-0.462276053165808,0.717811095111017
-0.64085263578412,0.627643940953988
-0.73840939164414,0.567542001893269
-0.827345709059581,0.454229483788138
-0.865405795852826,0.351313746045444
-0.899878376175119,0.343985825548889
-0.922474596485245,0.28591284875246
-0.944859367087738,0.219781331955964
-0.857486553571522,0.2654772189124
-0.929567346878177,0.268547415412726
-0.942975728057649,0.2230203174157
-0.960216071653824,0.251592931472072
-0.941763578016219,0.234792202723452
-0.956707585165698,0.249261589566505
-0.930537185126594,0.171682614952854
-0.953453448146865,0.265909103045927
-0.94931115050175,0.279532276206171
-0.963752982131699,0.229401473657998
-0.944691958817031,0.217042751091375
-0.965153058732084,0.240342131619533
-0.962732584562577,0.239959146311864
-0.970068491074392,0.213500481227435
-0.97223177385525,0.20569411651034
-0.972195409560534,0.181000081341583
-0.969997074702944,0.179492997520724
-0.980876474827463,0.149532210897252
-0.949305102450191,0.219064555428437
-0.979957878708093,0.149426199187763
-0.973843542125355,0.181005691160338
-0.975844108780488,0.16806629853524
-0.955465119027836,0.184245665532086
-0.979136289007579,0.127087589828118
-0.95691665636485,0.134826191896268
-0.949742548347291,0.158062060125151
-0.963005679396643,0.116889396436161
-0.980945185984463,0.124533330151861
-0.86825412623403,0.134875256549293
-0.934741590858285,0.265899211329815
-0.969218802040081,0.172945200687966
-0.922467326974937,0.309150668385681
-0.915910887344712,0.339427665890812
-0.883065783108706,0.406777103973425
-0.893666208755791,0.422976876217649
-0.905360121237612,0.405293014321033
-0.895754844850593,0.393163886029175
-0.926276491353323,0.254276106326758
-0.912950705909753,0.242793629439929
-0.750974323390128,0.236214995804684
-0.703864740834164,0.146109027627088
-0.945325041930847,0.165508418721801
-0.970701647060883,0.0465012777841194
-0.944456023603978,0.10415986739646
-0.97229481810625,0.045279800521855
-0.979549348829163,-0.0313734527636632
-0.944478393386144,0.0104350505085946
-0.954697079897291,-0.071093115094258
-0.965370755330613,-0.125412950134095
-0.974981464813254,-0.168429895067138
-0.864231582637211,-0.166107256505173
-0.972628905086843,-0.191756559562793
-0.953828069191179,-0.221691957474239
-0.925819944127179,-0.30025860624276
-0.95756464371088,-0.246907088237853
-0.928049977759514,-0.348637074877493
-0.904944373173295,-0.400290961097595
-0.914321071056466,-0.372390048990556
-0.828054380173185,-0.429011320557436
-0.863956509023619,-0.439337782959729
-0.861547671904001,-0.445685535191023
-0.886195834580676,-0.406288275779748
-0.819283551242734,-0.425879235917698
-0.807732267924679,-0.442407205914545
-0.78069515383601,-0.50411682196467
-0.705125966252766,-0.515132343050712
-0.7056796293211,-0.526269591656606
-0.752402562618209,-0.544810320116963
-0.641343044213941,-0.541236181712428
-0.632952458574852,-0.479363233361256
-0.632163366154677,-0.547565244769318
-0.651818686298482,-0.54119936080627
-0.590588948285829,-0.596551269387807
-0.595680434224336,-0.626422390728344
-0.545907259745287,-0.558636903395393
-0.56376370951376,-0.606809388827982
-0.537983781720978,-0.633359939602805
-0.515176114887001,-0.588984348000428
-0.544443569063045,-0.62826941109829
-0.456905768090199,-0.644924257472087
-0.490561966896925,-0.678642434419216
-0.467750512974749,-0.635094058798578
-0.498094788142257,-0.678857186149084
-0.51188455685075,-0.71686559386973
-0.465781614408827,-0.641454986664516
-0.456725914453063,-0.717724448320856
-0.44128320455025,-0.728938688809153
-0.497548988458413,-0.734852013982738
-0.406164500432271,-0.68097473046335
-0.414868960110927,-0.741066909940759
-0.372331574257799,-0.779438650654947
-0.381942395168675,-0.814711645181673
-0.409103844579112,-0.814550150220545
-0.410321785483043,-0.817579001056626
-0.380714556139738,-0.835919089073092
-0.364256327697981,-0.884978026944607
-0.2942407134562,-0.858412030195933
-0.280661502029577,-0.86552527365408
-0.290928083069112,-0.861001566888235
-0.318244617380357,-0.844616266048478
-0.30396569750126,-0.853552353611968
-0.288360013211445,-0.862709318008202
-0.304277277375359,-0.854889060627211
-0.257373356033733,-0.878622201978936
-0.291041011117881,-0.854944147136194
-0.322754151326992,-0.889087701379786
-0.314659704917443,-0.854568918818449
-0.248064187800235,-0.892981672649438
-0.264138926984752,-0.881858193298665
-0.3098018278947,-0.84742792920752
-0.252799141893752,-0.779671439595646
-0.28973624555067,-0.86639463262653
-0.331645412987351,-0.883643881976195
-0.167984160044645,-0.882288414289881
-0.311753057533034,-0.846986635066409
-0.174661758751716,-0.928771461570799
-0.151237530738221,-0.930146357403788
-0.124342749009028,-0.941214133564203
-0.103288256383813,-0.874986281610432
-0.0566005738104768,-0.949925668096287
-0.012640056667422,-0.904734210521815
-0.050910455794484,-0.948283824233786
0.0386346698029901,-0.965740039440549
0.062273462536344,-0.939183451392308
0.0277428591291576,-0.960970775173818
0.106474199236653,-0.96211643506237
0.101881318625195,-0.951329787006333
0.0871799313447055,-0.962176337903136
0.148977428179253,-0.954807969653945
0.119279035459266,-0.959477419377377
0.150844460241684,-0.955903612436457
0.0920008271705637,-0.956778872548191
0.123067245660044,-0.954479564157383
0.123294006311875,-0.960526870430647
0.0400630050541944,-0.849502562462791
0.178508371708376,-0.94871319549
0.2423327267524,-0.912160023689454
0.243891690135134,-0.940609706288383
0.355991906731141,-0.842225714174274
0.280427243221895,-0.863215695173807
0.301928891222351,-0.936670846884468
0.323645522732495,-0.919320134492773
0.366559582725692,-0.89699821872891
0.414383720764499,-0.835974535226678
0.416581841016451,-0.896867358151843
0.495356071888009,-0.836389407824695
0.475977482012605,-0.814433851652787
0.511350028395244,-0.837854299742615
0.544513559657656,-0.833404615495948
0.573311864867404,-0.801611562336132
0.585781568728968,-0.755578541700642
0.609786945725083,-0.77531987049897
0.634065967218037,-0.722650732857491
0.677261095455808,-0.688388652143856
0.680080731735516,-0.716751619676232
0.723319580615452,-0.63997249509799
0.808556825552266,-0.545457397728018
0.809619665884719,-0.547413594732024
0.861034672201064,-0.473853147323324
0.868186368615266,-0.395138267881046
0.867575073296473,-0.386234186226082
0.872842256363596,-0.311291079749267
0.907502404160677,-0.287003389227607
0.876691145660285,-0.259472618939565
0.883646677709281,-0.250737455630085
0.891916597697641,-0.266139480023609
0.879076250617296,-0.285045930520194
0.837190900926416,-0.344225582814738
0.855571114523056,-0.322556390066906
0.835856939382604,-0.174865532863952
0.85137183056874,-0.329566896643079
0.851110526421441,-0.332460624274175
0.809946067308976,-0.319012282496664
0.820782117530176,-0.368721751178687
0.779895438318036,-0.341443966549493
0.800028162185342,-0.38271956785164
0.802475491887103,-0.363027137228726
0.740344469520581,-0.330867463690885
0.836745365660167,-0.344225052530615
0.824149791091215,-0.302028643377258
0.790247186664962,-0.38884093537623
0.837639388235411,-0.32386131753518
0.751024738033545,-0.45686182659924
0.793491265013919,-0.406366682712272
0.727197343019336,-0.397982873682515
0.780654183880256,-0.379833854069382
0.820581680295432,-0.335114752289388
0.856191679403542,-0.264167926370158
0.872741605452644,-0.212794193243975
0.890785032683196,-0.318459375435918
0.92203879067479,-0.124791622332243
0.910676842135465,-0.222179055009474
0.928640059172663,-0.142987459577603
0.902618048118726,-0.102673440537795
0.951234446434139,-0.0321388579658117
0.960948830956368,0.042248266342507
0.960637083386725,0.0473092455159393
0.956957625048423,0.0786759146702158
0.956616046228197,0.0697305893852602
0.873063765940115,0.000139709722010018
0.949556998202684,0.0263631550827073
0.95535958790002,0.0551671327948597
0.875709686591155,0.0648991513958875
0.9577849036533,0.0807802998243328
0.928308156209383,0.0876495822308082
0.95128788881158,0.134249679286573
0.910416886124993,0.096046406500213
0.872982202289204,0.153781105634198
0.912550481818453,0.184543977612817
0.861901438897868,0.194063405931634
0.865418745280064,0.180603607206289
0.871216438203095,0.206002301200387
0.86487415409806,0.147421677226926
0.855779609562048,0.0839691746385978
0.761698877520399,0.207763383547165
0.772825359715103,0.243825214347036
0.733704961308034,0.33585271845537
0.825793174335029,0.275011816536106
0.803544443545035,0.215224143568755
0.765840970060718,0.123941691118997
0.69998594854749,-0.00630094119196669
0.68478408057601,-0.0612137323876391
0.664817400328366,-0.0541214899740674
0.600203517398054,-0.114832208418521
0.576555761910545,-0.152162542704221
0.582199849247629,-0.154452952924973
0.543482339485333,-0.178959500588553
0.58275588530721,-0.227862486740885
0.545088310642842,-0.367082270077563
0.472002009990469,-0.333941991404557
0.510037123354728,-0.426483902415594
0.360211692829394,-0.597771893312538
0.413583958033945,-0.688045750026291
0.277141789038282,-0.783701711996239
0.258568743020584,-0.831991309235888
0.156830342381305,-0.859199939434286
0.114937574930989,-0.887705153918519
0.0211593783390649,-0.928962558579977
-0.156775812894409,-0.878744195224221
-0.22373059836664,-0.773561607371327
-0.380401829829132,-0.803148379817825
-0.354703683363323,-0.794213205244715
-0.430656486727939,-0.845900414141509
-0.362696854922412,-0.805589121199719
-0.465352043616232,-0.778530667486213
-0.436583053284366,-0.755435984147502
-0.528958884857475,-0.710249946155137
-0.534901069340585,-0.69020882508731
-0.540297295856436,-0.614743613594853
-0.584691645404573,-0.591602874824687
-0.635630177831033,-0.59762936854414
-0.60975747790765,-0.569613661018027
-0.657546170479572,-0.504262691556702
-0.735050434994425,-0.503074070148409
-0.724732773141951,-0.442715500807378
-0.728118503219077,-0.44292698454679
-0.71924026319179,-0.407060306580821
-0.692524478311826,-0.443135988514711
-0.700654021194547,-0.431953461462553
-0.726884604378343,-0.400746416184992
-0.795436252633443,-0.259649545841282
-0.780360427062209,-0.282852734254921
-0.814601467527679,-0.121613970765778
-0.79864368861716,-0.067616339183245
-0.889797543386508,-0.0745199421387548
-0.806679300976014,0.0144231226150548
-0.82323233751386,0.0779256339434297
-0.896940431064947,-0.00109640793047644
-0.784972673421208,0.0101243825533197
-0.806169856928818,0.0452057434990537
-0.821131156445724,0.0226383002524361
-0.81002010857726,0.0295690324532536
-0.805835669054541,0.0621548636237879
-0.818188276175904,0.120785781539276
-0.792680607671793,0.215265426900588
-0.803338284044787,0.27616305605749
-0.767013048136375,0.311419102766002
-0.726049908652985,0.424440991837326
-0.703892721257494,0.477051318485656
-0.676807454590382,0.533403326396954
-0.654631560475713,0.571858581989214
-0.650344424114707,0.573283745227146
-0.622650914612197,0.605567481622306
-0.677228665411593,0.668177380736549
-0.61517324175751,0.625108493521591
-0.661869821507368,0.613853007068427
-0.731439182126936,0.593675051552962
-0.66492371553471,0.547347955240997
-0.672515700636099,0.584885234996063
-0.735032033099888,0.602538961975611
-0.626505231720541,0.609195524333139
-0.727220509574677,0.616054184780442
-0.67811998965151,0.618365192502639
-0.795122236799234,0.593845432798633
-0.742385647176652,0.567832531379124
-0.736181396439786,0.57337741441266
-0.779298492401961,0.575742767677972
-0.777269685661788,0.507596636307447
-0.884047963662519,0.420290497710229
-0.896392823538697,0.134047692941665
-0.866487128255079,0.195321167423709
-0.724106219788731,-0.0465909307027536
-0.840835213809666,0.0412116728307007
-0.760816296978249,-0.195824608320012
-0.720957182942878,-0.26199237300151
-0.600525350552353,-0.446653679288279
-0.498228465117468,-0.591985459740588
-0.317612991339642,-0.731913724497247
-0.266861813009495,-0.769767650143647
-0.104235571868272,-0.713020362086587
0.0480399900373599,-0.868123945371545
0.274339732451795,-0.83990817417181
0.353183153059088,-0.796833409208588
0.41496194597855,-0.836430612037684
0.483996897592769,-0.820897864277065
0.649148123974832,-0.712398413086977
0.767337914218957,-0.604843849941112
0.845574398442091,-0.497451182801891
0.794991358676515,-0.398036185581823
0.919378141094905,-0.3843776489511
0.829084680865318,-0.271789892167396
0.949142939516696,-0.284375368295904
0.95563199877143,-0.266741942897415
0.825807155633082,-0.285016516250631
0.956094021971302,-0.260341960448455
0.947755124696072,-0.281844467031052
0.939361229824847,-0.291861877288196
0.92773398664805,-0.340128055923042
0.904939191770788,-0.221583625012213
0.941234688271698,-0.311156578579456
0.922036328753655,-0.170747008277333
0.822975143900995,-0.225411838615298
0.92730762960259,-0.122797671686323
0.830504845687637,-0.210055330207963
0.927932011924414,-0.121342719436516
0.830931725650198,-0.207782012858288
0.918334755210673,-0.152911891507382
0.815879856551355,-0.103590985869628
0.828042622127722,-0.219580416629228
0.833832033094379,-0.195792376324573
0.906408179744068,-0.0116350243823643
0.846270149191504,-0.108897105225491
0.71139473093823,0.104368402251071
0.946167990996624,0.102761839190671
0.946897180514413,0.0738558409734789
0.827435971458097,0.174924415217842
0.945377450319041,0.175557908263934
0.844596814927755,0.219924956428366
0.944711355428065,0.183223175243819
0.943421176860811,0.202042620679434
0.826676890550608,0.0860604208097737
0.942383479406066,0.212221821207302
0.956270635359096,0.248699281981489
0.910723436587908,0.34642180082087
0.76337655136212,0.229555902187681
0.893670274304947,0.395384917224998
0.942701649604128,0.285978555346766
0.866948189797928,0.459316526936149
0.908037683154196,0.38830618290719
0.939165637708327,0.291636442066278
0.942478964315226,0.236309748534927
0.92380707210706,0.196775702822103
0.911772950053777,0.274807407710408
0.902426800110088,0.310348006576679
0.90623334505376,0.274905575213551
0.896460982185017,0.333103461911744
0.889653975588062,0.344976707178578
0.878116092067179,0.402676271465669
0.836011027260188,0.462821553153875
0.765049266137558,0.548703596256767
0.777493630719506,0.544317710000922
0.798122376795642,0.591844699650656
0.651775153564025,0.44370267088748
0.869596863479125,0.370573477340324
0.870099001453344,0.371908529212787
0.810597156406604,0.569034723762573
0.84560323182732,0.468473509181624
0.852270367055261,0.46023258077692
0.826636834804109,0.550891812658533
0.770150451425057,0.619714159073765
0.882944428095332,0.397788287254515
0.614398839875197,0.677519887967939
0.920914463938701,0.289452475989045
0.688409168083774,0.406725240122185
0.833226735817111,0.475184582660116
0.687301669990695,0.699379707411404
0.696783663091675,0.70252394869044
0.62145533856336,0.770463208796153
0.520689757446165,0.838309388624144
0.48387031484076,0.858555055752391
0.426119489017307,0.90350043749762
0.251474689625079,0.705429300752063
0.346627571347225,0.93327727446366
0.389636330287854,0.894133588373373
0.349487360915752,0.934087750293355
0.214194118104208,0.967808874738027
0.345501073507827,0.928348377240157
0.246947631018217,0.951488537487309
0.216882403677734,0.94917995825243
0.0812427966139887,0.969799966680378
0.204651067963515,0.955725970471294
0.356799132985014,0.55654762333469
0.178885438199983,0.757770876399966
0.125222794614251,0.824410444138475
-0.0176196776277642,0.769524399350586
0.0587393643516929,0.804217294507629
0.234017609625291,0.766832279173239
0.299364362207324,0.831264226857497
0.481782844809365,0.758526559481436
0.617931546971285,0.662190280610596
0.470479907365729,0.61530419095031
0.445826666703047,0.679521263599995
0.49079652239098,0.493947837971677
0.494188658957548,0.507601794356011
0.502614564807575,0.4856557609402
0.5647521872011,0.247047377388042
0.595369763709447,0.173159392958084
0.484836652330692,0.0751903298385342
0.518330315631792,-0.011032109210568
0.4602272925339,-0.0273874194763431
0.355331099945263,-0.214697714080877
0.333151433522787,-0.25170112548421
0.308586094757961,-0.190979426249791
0.228639562529624,-0.349928618544055
0.0423294002777071,-0.612112334348948
0.291904348822682,-0.674826420520009
0.0673508863749561,-0.661614601342901
0.0935643736897959,-0.695677501716405
0.12069950089533,-0.816128540330616
0.0168701039976231,-0.808100429380296
-0.0630140157574419,-0.719650061510537
-0.125036503729628,-0.814313390849
-0.197711868832764,-0.822557922855686
-0.270417172013687,-0.862124749122944
-0.394463624040197,-0.824905557759024
-0.409807126881058,-0.819681324860668
-0.506560711221088,-0.71538071762164
-0.546516903145006,-0.679106685380076
-0.514364618028946,-0.777037666555857
-0.527852427256328,-0.662399113901812
-0.617820836393739,-0.717543369110851
-0.615243427054301,-0.634823528986335
-0.582438463195656,-0.620767700032242
-0.602483041735778,-0.608137917242754
-0.641561383543954,-0.65308216333499
-0.628836040908836,-0.454582263572319
-0.6324716417799,-0.641057593463499
-0.587754767080781,-0.673386026438693
-0.430003196874315,-0.722711906361179
-0.50853760467133,-0.697364714994106
-0.545484887718219,-0.752306120673795
-0.517164369268022,-0.765452204821021
-0.377157673663558,-0.752729568313271
-0.518364577533895,-0.655865827720743
-0.410931658402292,-0.860481870732736
-0.544851411802361,-0.742586119374289
-0.506502629992761,-0.845411250610851
-0.465753403410573,-0.847338309554372
-0.426406283668942,-0.892070744800885
-0.407537566448358,-0.639373101951357
-0.479088964542257,-0.843600939629626
-0.377431848775003,-0.68537476124004
-0.542968461684421,-0.639121334207402
-0.433300084006474,-0.663490075844706
-0.622975522830875,-0.678336203602543
-0.458308285425303,-0.817020372565297
-0.52992811926918,-0.830633589460214
-0.478516753599732,-0.846959162147981
-0.567251494428619,-0.741362587652131
-0.756554638779813,-0.61394734627283
-0.498518403384194,-0.802330509149786
-0.513599490509394,-0.795608710492618
-0.50917227017913,-0.701138728345633
-0.499094867483877,-0.648452962225033
-0.390001473524213,-0.692902514143198
-0.568152325260176,-0.501459646340417
-0.513890887984457,-0.412614828760835
-0.695513672686179,-0.47556935110257
-0.504553618148642,-0.48293740030252
-0.462855249622264,-0.565930192284241
-0.482436476204593,-0.532883228047411
-0.277350098112615,-0.483042462408382
-0.197102298901047,-0.401830523227066
-0.330736758673042,-0.598486431991168
-0.389866907443194,-0.641558652881585
0.0171505707566886,-0.528896390934156
-0.395404106040632,-0.351075994013812
-0.402630988431359,-0.440069303827355
-0.0743035797167452,-0.580997169633446
-0.0558527779675603,-0.289825477445029
-0.235138057277043,-0.573163573470804
-0.398052953003478,-0.53660488120167
-0.459372361401949,-0.464395111837392
-0.441416978122079,-0.520717754396517
-0.545082882820643,-0.290591297500893
-0.267661790476192,-0.277808532426975
-0.243863175579673,-0.431322375683746
-0.205913316672472,-0.452744153827393
-0.43071356515368,-0.232084311030923
-0.530930845662259,0.022308828576683
-0.535865098598278,-0.329507387127926
-0.552035977038231,-0.36104503638407
-0.217390352352187,-0.328277289227687
-0.0943529160067952,-0.519791498181523
-0.436043738813447,-0.16427330629709
-0.486801503249581,-0.103777770416253
-0.370219477841822,-0.23366707497078
-0.215432037668651,-0.0601533972186463
-0.354024194925212,-0.080182844785013
-0.110557280900008,0.103300003312686
-0.303494696690262,0.204265147835672
-0.371816697589913,0.0531365649021844
-0.383019444445116,0.0258905201709473
-0.49209374866104,-0.00163560077691618
-0.743133092868368,0.0563413688212137
-0.265209349468537,0.501818338609764
-0.521760204348439,0.431736508162659
-0.4817427453431,0.562137700333405
-0.379983385344057,0.474209501562054
-0.586835390208747,0.565204073130118
-0.624943685931621,0.314449495409105
-0.614070590902521,0.463039845061374
-0.646782570416608,0.22729691347291
-0.78301659573194,0.274579610664937
-0.877743070020543,0.102860137396386
-0.937323200361152,-0.0414537620827282
-0.866304732722154,-0.152953805272848
-0.916528057088453,-0.186993333561894
-0.909194152757796,-0.224651558685153
-0.82106978888688,-0.32745116085384
-0.850494596691987,-0.372100324329542
-0.867343509001585,-0.348762578301764
-0.873793416588767,-0.3204882436266
-0.864921459780726,-0.467309793878312
-0.816132034744125,-0.416635293363571
-0.867313062968049,-0.364666900572706
-0.872708408044442,-0.24985227227502
-0.892548709893121,-0.270471621331921
-0.843359024740646,-0.359926030760539
-0.890633073896359,-0.3928389147236
-0.926000436120155,-0.202266327953951
-0.656636568085855,-0.110484934094809
-0.808584714074791,-0.00933802536522457
-0.956441895168752,-0.231226735353314
-0.977538588956524,-0.102140518357632
-0.985056374721994,-0.134281745804713
-0.932011522204585,-0.0350014039870982
-0.981090206785077,-0.145854871794736
-0.965986411433538,0.0810236898391734
-0.978972311143478,-0.0109466197157104
-0.953988600647082,-0.0689667396129534
-0.977363829028576,-0.0160933977609545
-0.989191933968718,0.10326164823921
-0.912767171273238,-0.0360660904282305
-0.94877805048206,0.119027837088688
-0.773320315415633,0.197506526571365
-0.94712608669779,0.0806551841535603
-0.915489860832139,0.0296590007573692
-0.875315850380042,-0.0592885376885769
-0.862828894185198,-0.131205682754237
-0.94192872672312,0.0143960815066178
-0.902375474450346,0.145848021777931
-0.923714145868155,0.0989666113968461
-0.946562536788716,-0.0175061266565517
-0.937940968128128,0.0543891636852402
-0.908780607587507,-0.0201654592266551
-0.680166550134885,-0.0272015588014347
-0.754955387367317,0.0696826537755766
-0.50815621300805,0.068697022663919
-0.627321326572537,0.164605986200979
-0.73939512582133,0.136575113723595
-0.783361427695913,0.1
-0.352023379067123,0.0703434011195122
-0.74933623088195,0.267903233580067
-0.593532949493149,0.360205649585326
-0.701712397466071,0.261468617018499
-0.746196319696179,0.262567831672535
-0.663745090659774,0.321494474477253
-0.63016975055113,0.137059918816418
-0.639469654106578,0.134994178767523
-0.71532759114612,0.101683010801339
-0.651148347583016,0.106799318585908
-0.705101514140175,0.19048996709823
-0.715507706260322,0.186320731321957
-0.693820748399117,0.144145329979226
-0.622552033668562,0.0909618418599734
-0.770628373610486,0.0131635848353362
-0.677829967517997,0.298967038125768
-0.752528940656372,0.250475688851119
-0.771495523449596,0.263362650798869
-0.687521186739046,0.254480453838932
-0.563677506080498,0.183468945435162
-0.721887403076112,-0.050535146961448
-0.618682927675126,0.0764003824669473
-0.531325339405794,0.412671804147913
-0.699173483449803,0.353334136072875
-0.576905409604226,0.39164810199334
-0.675979446022311,0.278004129698761
-0.3941375183233,0.446450101777754
-0.593291502771548,0.375555123978593
-0.323829957610377,0.45269419272852
-0.398797725138294,0.45152979766107
-0.385741863560124,0.454341297617128
-0.513976808103833,0.473375287843618
-0.577400385594792,0.420365988658049
-0.467854981587482,0.472544461913434
-0.3785623279062,0.425248459248798
-0.358751929053066,0.461324062587538
-0.468379888368764,0.393618225154581
-0.46200398821396,0.65767214534261
-0.332186545049254,0.645309484475804
-0.232239319816685,0.705759576646821
-0.117047238619189,0.643225885588846
-0.134371283104698,0.723949688956206
-0.129942899668835,0.725368831090494
-0.0471282599593597,0.686158347680445
-0.000637930575062358,0.575492495112586
-0.131147681893972,0.644100951082778
-0.203648345477955,0.720199465506066
-0.212761583676162,0.586114325641991
-0.0134477091346204,0.568735856819794
-0.0637385800595721,0.707123623873832
0.00957266226812892,0.437980029178115
-0.166275486695658,0.767236353945438
-0.0677485731811271,0.525116641103669
-0.373997590112501,0.444631988685185
-0.412697843363992,0.543367541184598
-0.470367333142205,0.483225470819656
-0.533423857978407,0.39829486529657
-0.346088265677987,0.694459450574813
-0.505295497067552,0.603225470819656
-0.473972997972408,0.564489709808337
-0.611509767570496,0.617864693873479
-0.338382270128585,0.438333835029548
-0.162564995470192,0.3547409911394
-0.341284570634085,0.535718866632782
-0.4653220944974,0.58355234764066
-0.380317571225017,0.551260629720807
-0.328942633863027,0.443559638066029
-0.358865995280258,0.649368394345182
-0.303382369821104,0.818099651158179
-0.273044132838993,0.594868329805051
-0.190894023482068,0.759483986949576
-0.336778290382212,0.727021024954007
-0.165535403231202,0.614164657353959
-0.124591547421928,0.755132990987983
-0.125865063420436,0.612081936204245
0.0782851325815599,0.546126102173657
-0.0570048618160763,0.648079453589825
0.0690236649410225,0.635084265856472
0.0482261823554735,0.79291928572543
0.169366934106204,0.658294697273055
0.0958136760896052,0.656347840297436
0.0864736002552467,0.66265895757339
0.20103666937767,0.565423486236795
0.317727601006398,0.732976284434228
0.247593489233758,0.546263132539419
0.30911153594626,0.534904878422045
0.211698820624512,0.558432164954494
0.217412751109741,0.566118244282762
0.247616746745879,0.559950019078931
0.244335719916464,0.545563258709861
0.423007494928325,0.565527728207002
0.399829071786202,0.52586220736572
0.372285431574611,0.578885438199983
0.488475998369825,0.50705617438323
0.546178400184593,0.565710845638653
0.430806170693354,0.545088685494176
0.182699120804502,0.533573728938714
0.353989202263796,0.583060690570449
0.261626187983165,0.45081743567063
0.221786585320733,0.399669221577008
0.0236243455463843,0.232808895413558
0.188718465728515,-0.0581555412101981
0.151016562157954,-0.0153922134346457
0.146456810413712,-0.190713507902075
0.040994319074135,-0.324619620554003
-0.00469426500960168,-0.474465295941934
-0.137242329433213,-0.589384668169264
-0.173135515698462,-0.631032294673893
-0.181788100210372,-0.629699023790835
-0.122648638261647,-0.815118829458158
-0.219763075657305,-0.698763230192993
-0.175605462624952,-0.737535163851397
-0.101842593804872,-0.822744422078317
-0.166248961002313,-0.776169139975056
-0.083070865520236,-0.776827571865701
-0.182139662383316,-0.726920982853817
-0.118034630696774,-0.671209398562969
0.0306580729004769,-0.690490782624097
0.0100287523390787,-0.694323898968736
0.0781770823895108,-0.702415693322852
0.0587705870372253,-0.518669787061055
-0.00793558729461069,-0.826694543866584
-0.32132122892281,-0.73297418185213
-0.262632264355083,-0.758290490996841
-0.315133145358038,-0.68970043487393
-0.317429785847943,-0.674434452965213
-0.298517805465294,-0.660515859919336
-0.303712893855744,-0.522262299973933
-0.240272761294169,-0.628547963340852
-0.215366855510952,-0.638887596734636
-0.228173857186817,-0.656480326989269
-0.138260744185038,-0.732748475172065
0.0146375040085862,-0.698067956968868
0.0462763934202104,-0.664178199224664
-0.0199030770791036,-0.692670396049553
-0.0596295495866826,-0.687535613318291
-0.0071941258528646,-0.750787605552925
-0.0673373279511608,-0.748871442194504
-0.0469686801831444,-0.84820490018456
0.0262071165197711,-0.746012668797165
-0.0582720505957037,-0.799176174743052
0.0656208971227267,-0.833591904637847
0.0943298854603185,-0.687658386953712
0.252005131316708,-0.774089069742987
0.304276843078823,-0.696078718907834
0.448808063996698,-0.726736158627439
0.527271224745833,-0.655037869501265
0.630516652750303,-0.706117214949015
0.589553620267303,-0.632519054058382
0.617677465595446,-0.640393085703966
0.599922266419387,-0.632292742629901
0.639729696812543,-0.56470267026699
0.644574849535947,-0.524863969742265
0.600897647331804,-0.616346137716211
0.609541672378978,-0.553879708554054
0.586130316283526,-0.569474021867939
0.633742754846921,-0.488613849842988
0.613459709418595,-0.503250081970887
0.591962389273541,-0.440797297377954
0.655036700911654,-0.398650570162441
0.587301243144054,-0.353237791030463
0.655036700911654,-0.398650570162441
0.672424995845872,-0.385031352952082
0.618539758253938,-0.17132616275398
0.470015991940422,-0.136682658607088
0.239876383115729,-0.238327019756436
0.656017949297747,-0.131305927968576
0.639253912734434,-0.0685456928786639
0.53043563223438,-0.0684971898937325
0.505280955163245,-0.0984261596205312
0.558432000147649,-0.0239695476847941
0.52433002452401,-0.077343189058355
0.676389448768023,-0.10899846746122
0.127082023477697,0.490337393130496
0.436674681729256,-0.0507809272384005
0.57230152588263,0.0145292781062274
0.272204303063008,0.0203348591453212
0.600730931494392,0.0675880595794793
0.325546862811642,-0.142991398919383
0.65352624627064,-0.114244400158878
-0.447213595499958,0.894427190999916
-0.707106781186547,0.707106781186547
-0.447213595499958,0.894427190999916
-0.447213595499958,0.894427190999916
-0.707106781186547,0.707106781186547
0.353553390593274,-0.353553390593274
-0.447213595499958,0.894427190999916
-0.707106781186547,0.707106781186547
-1,0
-0.832050294337844,0.554700196225229
0.127208583227138,0.216192826644585
0.0408799345920185,0.115141568840651
0.0527864045000421,0.223606797749979
0.0527864045000421,0.223606797749979
-0.447213595499958,0.723606797749979
-1,0
-0.948683298050514,-0.316227766016838
-0.00502525316941677,0.0707106781186548
0.136736947252186,-0.255495323024182
0.125359752017302,-0.209879447810101
0.480761973820412,-0.362639436051311
0.139643571322798,-0.271353896940595
0.261464452322687,-0.325945782981791
0.274666081372461,-0.405690855573088
0.274666081372461,-0.405690855573088
0.48719559784731,-0.387570246650621
0.265294409288726,-0.342449051134521
0.470870955797419,-0.331831801500922
0.46423834544263,-0.314304661822948
0.243066005351551,-0.267724055845523
0.453979692250226,-0.290470911269127
0.453979692250226,-0.290470911269127
0,-1
0,-1
0,-1
0.316227766016838,-0.948683298050514
0,-1
0,0
0.316227766016838,-0.948683298050514
0.447213595499958,-0.894427190999916
0,-1
0.751691747137871,-0.257911264160503
0,-1
0.707106781186547,-0.707106781186547
0.447213595499958,-0.894427190999916
0.707106781186547,-0.707106781186547
0.447213595499958,-0.894427190999916
0.760420126196641,-0.0629342937337255
0.817791736035903,-0.167858052416222
0.86142225670744,-0.00649611293853527
0.854686720985689,0.0118915238405533
0.931015460676836,0.0555709019634929
0.46423834544263,-0.314304661822948
0.837648000221473,0.0887407260272332
0.827895039618531,-0.195439507584855
0.769238559685619,0.307073357310669
0.800766986093232,0.129946592843295
0.707106781186547,5.55111512312578e-17
0,0
0.948683298050514,-0.316227766016838
0.800766986093232,-0.129946592843295
0.941230388247117,0.0217101018850214
0.8859433190076,-0.0894850070040101
0.938228992579857,0.0316217972464052
0.836433191889908,0.0300430133583382
0.868157792429192,-0.0248837497176239
0.720205278708015,-0.0707036520486502
0.641149926724773,-0.0481527564397553
0.839378868137393,0.28490298898787
0.625167868003865,0.428726165670804
0.510626618294335,0.570339647633696
0.499800289319167,0.641893822913689
0.487951292007063,0.599877375855158
0.547970817303921,0.5428102124429
0.582254361568105,0.543689653831738
0.635020628261425,0.426174157445682
0.465277696768118,0.285589377785329
0.614348390376958,0.312892328119344
0.550513039882857,0.106019124415755
0.550513039882857,0.106019124415755
0.533844657395488,0.360582533604428
0.551908758663648,0.348029514389785
0.596284793999944,0.447213595499958
0.614348390376958,0.312892328119344
0.62319438954158,0.306786720408974
0.421626482406301,0.516363363013469
0.420602325803926,0.179719025174797
0.469468559753952,0.469468559753952
0.473684403035837,0.464305442383933
0.816219861804726,0.387272522260102
0.39829486529657,0.533423857978407
0.393131747926551,0.537639701260291
0.378774446007105,0.545488140573945
0.356398650550919,0.563181073350129
0.647784177952264,0.587556777708125
0.320569783642495,0.583973372237487
0.280377631359709,0.604524073672658
0.197886355541575,0.635490559238125
0.146217253391506,0.650241058612084
0.124516310622318,0.652882518637117
0.0781554202213517,0.662053870462429
0.0957826285221151,0.652608761740384
-0.255177913111982,0.662053870462429
0.465271965339546,0.653352323427953
0.125000524446056,0.654816861930276
0.098058067569092,0.49029033784546
0.098058067569092,0.49029033784546
0.414178541678778,0.323380833381777
0.10750108893958,0.47446688522797
0.376085650612027,0.523771503324157
0.0723101526062187,0.325395686727984
-0.0682259901545417,0.621523230381749
0.306492398229253,0.368461306560822
-0.144549856245769,0.598974223387618
0.0644540164697323,0.631246833682338
-0.267143220966489,0.327116694414361
0.100485762144584,0.43149258199174
0.234498493520516,0.654032940202767
0.108541558776238,0.496471017403705
-0.217479599032888,0.920586694177591
-0.0857142857142857,0.671052370871575
-0.143647411626355,0.68016107089028
-0.439409153935917,0.648214588360565
-0.107625164073634,0.535158931738625
-0.131325501928102,0.900001994298858
0.0105274487115007,0.899171530278683
0.219130295508054,0.637149429187681
0.0103085215968353,0.753816858340362
0.0928345828646633,0.595581542438192
-0.242360781732312,0.415134695693852
-0.104487062840703,0.297567935401439
-0.249198358838328,-0.118454268746206
-0.257854165556037,0.199022697186132
-0.423909784666345,0.0699421569926615
-0.256699217491582,0.195418436760034
-0.405014170898347,0.0808200203816291
-0.0299664310968391,-0.10775770009539
-0.25446834910839,-0.219360035115931
-0.202447662637212,-0.359658419208724
-0.436049677884237,-0.30300357823354
-0.442947456618813,-0.509093536174177
-0.168974922053629,-0.575899688214516
-0.381964191016008,-0.648138348918226
-0.0852231451375659,-0.639085499761206
-0.210973427097965,-0.491132221041988
-0.0488493305068157,-0.653871013515406
0.130386285482177,-0.475884965441399
-0.136037961002806,-0.546543981639634
0.0297655262041046,-0.335029499114058
-0.12368145597325,-0.326466421387403
0.245305451639146,-0.528255971019734
0.0911702636270503,-0.341177687801213
-0.0597619451719125,-0.34105267626908
0.0447213595499958,-0.489442719099992
0.0906819520203889,-0.750309256831817
0.104309295133161,-0.871322373777209
0.192980082753911,-0.765729796046904
0.236937061993275,-0.754587416756718
0.312034580612288,-0.79139673775444
0.153183797656556,-0.707859326309919
0.287636142719472,-0.76596427562227
0.317337708451855,-0.764603029161096
0.201672820098147,-0.769716214044314
0.374058702761956,-0.663351239052139
0.199539215135161,-0.697121612853741
0.252785606223796,-0.706499153334927
0.212205408595933,-0.853825566210143
-0.118203087097129,-0.787933612185129
0.000871314227230482,-0.839573668089235
-0.174829290544313,-0.81970114363676
-0.166186814904083,-0.70351022861727
-0.174187932378615,-0.837683627207408
-0.211986473489517,-0.840978813509984
-0.305453352924625,-0.729127128102653
-0.0421627687823044,-0.834558744876437
0.00105367047278812,-0.838742845509107
-0.235084152512244,-0.741306312107317
-0.115232511549534,-0.835274359213387
0.157029634007196,-0.842070239580158
-0.149730347910568,-0.803172366683786
-0.0833203919150955,-0.66139816362702
-0.117619765238761,-0.820531424189836
-0.17205203769136,-0.770238985374958
-0.241079748820373,-0.758871619910562
-0.206644053180577,-0.7634577509426
-0.180691830184542,-0.550953265403318
-0.0504154454941622,-0.882936721107282
-0.336169888808973,-0.664210990064291
-0.292431928360613,-0.689808264863555
-0.260997486565872,-0.703112944656632
-0.220251738047768,-0.716074490733882
-0.230950702295461,-0.711778453846135
-0.43646216628647,-0.526595596329568
-0.237170824512628,-0.711512473537885
0.0782300083555762,-0.615873906967772
-0.454651067963515,-0.705725970471294
-0.156539908588321,-0.619470527894386
-0.169816163752329,-0.739435467726031
-0.434466659850277,-0.590116162535364
-0.104660266751704,-0.588176366249031
-0.37982446551432,-0.761719551600548
-0.288132091232445,-0.523022669537501
-0.479595102435744,-0.671690895539153
-0.465761600473014,-0.741607240713333
-0.738674369673563,-0.340667814895355
-0.524283591033783,-0.452747342354739
-0.57945805209506,-0.41140398958524
-0.62994628395353,-0.530217340495518
-0.407924970018737,-0.581016968882892
-0.783324103861727,-0.402466588421513
-0.528811514564371,-0.520924950362071
-0.65195356215566,-0.682275983337326
-0.630741219512762,-0.569649513158992
-0.536995744702745,-0.482701242990534
-0.532559677385504,-0.522890915121427
-0.481417375293123,-0.513453824171181
-0.443400108239353,-0.76125744919371
-0.207964120050895,-0.52143760904296
-0.443087365362505,-0.637521210085327
-0.41854025091372,-0.739575843518323
-0.472293673142036,-0.689461304690299
-0.513207448524301,-0.675335966935564
-0.65000446386924,-0.447701754794418
-0.564436841581854,-0.652644207579127
-0.681024374429691,-0.660743952389102
-0.603771773589475,-0.517652966915809
-0.553945111059806,-0.609715797811447
-0.739421333236229,-0.35001377189198
-0.757019546059343,-0.223532694954742
-0.792893690979327,-0.513925879497059
-0.774404950128146,-0.452880264855777
-0.716814143874055,-0.360218318889275
-0.761216171337253,-0.545906112979243
-0.75348625999133,-0.427635178654116
-0.686152563481847,-0.501234393339002
-0.732267394315765,-0.493094332497426
-0.561501820763437,-0.659088033559921
-0.708869250221976,-0.450616968862927
-0.768801820567267,-0.182665638853847
-0.714539069397244,-0.467688919254224
-0.85705454797765,-0.436436035812314
-0.580048018656196,-0.569735792782428
-0.671557272434969,-0.233066978001918
-0.702489420387113,-0.577560044701363
-0.620936184229287,-0.40388045879831
-0.430352441312897,-0.330482007309728
-0.594401019527601,-0.412663641547976
-0.466142422786312,0.0775626948659273
-0.550971904362714,-0.0293902574922405
-0.721335242920704,-0.359372361401949
-0.567762071453715,0.084393095581884
-0.780216193707843,-0.475290556702516
-0.805165267297277,-0.260654465486741
-0.651969184443422,-0.384197656908119
-0.787053734538281,-0.151177244655635
-0.623857946929853,-0.496584315338441
-0.761671614660057,-0.336295070053338
-0.795673642247287,-0.275938948357384
-0.839603910169475,-0.296331270391657
-0.749340694418503,-0.210064416524663
-0.941992286027303,-0.284116298090859
-0.798130020567473,-0.155314168204688
-0.783209005417623,-0.261030961211305
-0.84002231135096,-0.146152337415777
-0.855784205688508,-0.199343282398564
-0.832153980058391,-0.303819793939097
-0.789760296576459,-0.249224526719073
-0.794539133659223,-0.0775044317978934
-0.794299298012182,-0.405065793281757
-0.751596220753566,-0.259846205035251
-0.770700681285817,-0.198687757182722
-0.762777002399563,0.066241367417814
-0.811704191417603,-0.325434400293511
-0.808562776731027,-0.104154546917062
-0.940212586025138,0.0994458758519502
-0.642407649766302,-0.220205215953143
-0.792304789528165,0.145055774420524
-0.815673412337687,-0.223182668600343
-0.745958307083696,-0.00774745754061574
-0.494974746830583,0
-0.627760101758692,0.34071121256595
-0.453136213295548,0.14142135623731
-0.742535625036333,-0.310633906259083
-0.552350112096553,-0.0548359593910819
-0.628447181008254,-0.22998229774095
-0.596116135138184,-0.0392232270276368
-0.812501311115139,0.0418495767269623
-0.835960932109683,0.237902864540591
-0.873841076793916,-0.187749913392921
-0.535196194853256,0.198725053106886
-0.549487111693809,0.128176627560379
-0.470270089730883,-0.0251097460361774
-0.440845702386234,-0.0401365389613711
-0.659847906689793,-0.151191948988684
-0.394722142175279,-0.142930644258328
-0.596101263428808,-0.188177119290886
-0.390095640766919,-0.452660928230809
-0.680187752582754,-0.295292013911464
-0.767586380963857,-0.125239223965648
-0.673307445575687,-0.273995130602381
-0.513760453493199,-0.181596591528763
-0.591472000005853,-0.169612129098031
-0.694181609151131,-0.173767649929805
-0.819071390515479,-0.102808780230122
-0.825341861523078,-0.0212949298618227
-0.605376544606718,0.115933825506727
-0.852867027982094,0.0419651171914167
-0.703511823871077,-0.0339726994774687
-0.815300968740935,0.0418418884019218
-0.811304721344762,-0.0483088225673324
-0.741599882403578,0.457669297915817
-0.775431997787155,-0.0624763115258117
-0.756969828746188,0.439898604459862
-0.740922794943642,0.398851577831293
-0.744008892744206,0.231712103403319
-0.725017724940987,0.570092068140884
-0.771916882382276,0.209283463591695
-0.769493024110607,0.393075366674268
-0.607588548210748,0.408272293416705
-0.618767535750647,0.386580270475848
-0.861479121504635,0.504072682480669
-0.922186929307027,0.377422657722731
-0.706524099898712,0.250120406251788
-0.697204853827773,0.512367049172897
-0.706004698577898,0.249271839991916
-0.699899387261072,0.246333254615772
-0.574009011380165,0.148566689931828
-0.726022745091239,-0.0746548950027344
-0.573348733933763,0.199576701251181
-0.883145971025532,0.431573488902644
-0.475199857835161,0.00102965297533987
-0.848488340149248,0.281297653125742
-0.767736787315319,-0.00753208594633604
-0.661152678632991,-0.0313871825452217
-0.90032354182513,0.0548314700218146
-0.606442541524471,0.00874604933120148
-0.816227766016838,-0.166666666666667
-0.681873662531605,-0.0114006206554724
-0.564261328223996,0.0323721824175653
-0.800639053898225,0.243872397312364
-0.407868932583326,0.223606797749979
-0.239368930742945,0.0902977322429591
-0.497006791124606,0.0225359180373263
-0.235702260395516,0.0785674201318386
-0.476904526312175,0.384773458895502
-0.676467124416621,0.184996217225203
-0.461707068222444,-0.149533489169352
-0.355009152424014,0.103278690830785
0.0796932055627073,0.430864075337301
0.157472848277122,0.329965565472458
0.092131923596748,0.0747552989320061
0.0554700196225229,0.255470019622523
0.216125485472363,0.344250717453148
0.126756473118527,0.137172147388648
0.152037421334938,0.387321250960377
0.190046776668673,-0.0158484362995285
-0.5,0.5
0.438742588672279,0.316227766016838
0.669909490345176,0.135325168056441
0.183245795478406,-0.310518004452948
0.497518595104995,0.450248140489501
0,0
-1,0
0.921555244525215,-0.381720680758398
-0.0256583509747431,-0.158113883008419
0,1
0,-1
0,1
0,0
0.447213595499958,-0.723606797749979
0.593526891896973,0.067961288287272
0.551930026412354,-0.674444849067795
0.518233398741743,-0.277350098112615
0.455452875172672,0.166497369193084
0.58355234764066,-0.420600734947404
0.322715554666045,-0.206298050497683
0.620595645426185,-0.777606995498823
0.767314776295435,-0.576837071888637
0.8,-0.4
0.974341649025257,-0.158113883008419
0.166460523067248,0.23957339333742
0.359795884612097,0.485620455103173
0.989488312299207,0.113655064135955
0.982096762319636,0.181818599275175
0.921628240778268,0.331988030129675
0.90705770277235,0.371431983884554
0.564172727190779,0.0649241826512227
0.301219979723959,0.278103852762099
0.478811297134723,0.461887528993541
0.98313641122534,0.156632361480361
0.99148813678818,0.102182553737677
0.988678568871012,0.111023790359617
0.973847283485034,0.212126211914743
0.623436894816056,0.333672422901491
0.664092625571223,0.0413449115297362
0.99029033784546,0.098058067569092
0.658781139164437,-0.340992543689349
0.964303527141356,0.2375790880888
0.766932240229226,-0.281924867420957
0.45317812173592,-0.299117151387346
0.981511231946651,0.15579837724503
0.984665041269404,0.1593938874432
0.929779275589843,0.320235368712139
0.964435166156673,0.220933644377281
0.914274381031073,0.347641532339187
0.899979605179387,0.372927072732666
0.856692730450016,0.513188231576813
0.867644357865975,0.481479437238747
0.907834262814274,0.399546448818
0.897501162329473,0.42272906611877
0.881335166562188,0.471676266928396
0.884039704492175,0.439970919037421
0.895319330987673,0.236988478135998
0.705800266393013,0.585379778435724
0.616548861505798,0.237611398151778
0.868243142124459,0.496138938356834
0.894427190999916,0.447213595499958
0.923862393311896,0.378277345956967
0.938329433685442,0.338597563857753
0.708929937977279,-0.00530566988496934
0.415908578519158,0.270387203497358
0.795583496854357,0.462250163521024
0.880263492611552,0.463045436289666
0.844771610025194,0.534597975826378
0.894427190999916,0.447213595499958
0.707106781186547,0.707106781186547
0.743987795314789,0.665900914370486
0.556975987414022,0.161122332095777
0.70664424402847,0.684216833715982
0.769578537762196,0.630903488705888
0.630903488705888,0.769578537762196
0.800766986093232,0.577160188343253
0.650791373455968,0.759256602365297
0.759256602365297,0.650791373455968
0.707106781186548,0.707106781186548
0.813733471206735,0.581238193719096
0.813733471206735,0.581238193719096
0.782299853449546,0.610801268307037
0.857492925712544,0.514495755427526
0.857492925712544,0.514495755427526
0.816025147168922,0.577350098112615
0.8,0.6
0.66778450283413,0.728372670946134
0.69795242391654,0.69795242391654
0.624695047554424,0.78086880944303
0.69795242391654,0.69795242391654
0.0909730795211867,0.626942490971977
0.525419567291032,0.850146718231152
0.572035026730089,0.790806371363355
0.614476706402621,0.781190400969461
0.537547963019967,0.807465244903376
0.587121470970174,0.785082514417357
0.588256916346986,0.770953833997656
0.488907162376663,0.867766286682629
0.419917281883408,0.897948446775236
0.429206147456981,0.892386662978591
0.279381695526585,0.959412899097923
0.14142135623731,0.989949493661166
0.164398987305357,0.986393923832144
0.474333062750687,0.821635813972189
0.439573121330621,0.862642632006202
0.308012413001735,0.894431280456833
0.0620173672946042,0.996138938356834
0.274721127897378,0.961523947640823
0.351123441588392,0.936329177569045
0.393919298579168,0.919145030018058
0.393919298579168,0.919145030018058
0.316227766016838,0.948683298050514
0.393919298579168,0.919145030018058
0.242535625036333,0.970142500145332
0.242535625036333,0.970142500145332
0.242535625036333,0.970142500145332
0.279381695526585,0.959412899097923
0.266579111917747,0.962435179117233
0.399168518544175,0.91537818428448
0.509307173066796,0.850006919730544
0.382654987466636,0.923810860451659
0.463522043118917,0.885699174708097
0.289176538236979,0.932239944336573
0.314450844618931,0.920890111041458
0.325737511834379,0.914141831668335
0.272868090618021,0.940967960628392
0.350279711527354,0.566764478820768
0.175204227205115,0.933203208317427
0.0151645838291708,0.922351652777001
-0.0684941496351618,0.93297434706849
-0.0669477644254509,0.679978255614667
0.130163495160742,0.950057208026391
0.24079041871297,0.905227610366959
0.0286482094451787,0.939765849744794
0.0762658890248027,0.675358909277838
-0.09673835176079,0.889191933968718
-0.351492874992733,0.394028500029066
-0.231716868153312,0.515771438297494
-0.321227103044205,0.653358473151207
-0.43029749898114,0.562055277912249
-0.56455862797431,0.380989040517215
-0.645245803948178,0.125309686551305
-0.56319011818213,-0.132438748989387
-0.722108951516803,-0.133363630189313
-0.634640270923551,0.0239511725052278
-0.806470424995828,-0.0628590615209174
-0.80605594050805,0.127300430536806
-0.84101081260053,0.181596591528763
-0.776562008499333,0.0708467281537586
-0.770143473569277,-0.041731764902867
-0.433028966582971,-0.193811017546429
-0.451724565906278,-0.0617077092887301
-0.444538988319865,-0.0445226564123901
-0.357179142336054,-0.0164544627930506
-0.363435320768405,-0.180475080680206
-0.217794168521968,-0.113451639644641
-0.277158869789675,-0.142593994459964
-0.280241405035301,-0.10968564716807
-0.183939504291217,-0.514162734476097
0.0181868308050484,-0.0181868308050484
0.12060113295833,-0.12060113295833
-0.0673120374499003,-0.319415891150871
0.204387654133789,0.0714285714285714
0.17652361619528,-0.187198789732639
0.243026019620559,0.168095533579517
0.315389559202762,0.00433342925617295
0.244980867350023,0.384031768258167
0.307376684119267,0.0609548451812441
0.225751714409311,0.472471020335341
0.331767794103853,0.333588995364411
0.279572363128211,0.466667078730317
0.343403367225147,0.490556291400135
0.422170210523964,0.397476204200777
0.648838532396062,0.286732389516262
0.703865182546429,0.423468281344932
0.748439204198795,0.362033478764043
0.628325427540883,0.456062495306821
0.600385762947787,0.420151643156363
0.624859129195383,0.51348317324838
0.611422794883503,0.600794269498617
0.338789417819855,0.578736078202234
0.398304446113108,0.715165041026681
0.179214231271893,0.773943146803547
0.22299263093922,0.824683725572007
0.316388609754725,0.930829464858095
0.350791994089485,0.863519994676737
0.216029736323963,0.772636711985635
0.154754756321655,0.924728062762832
0.0933304858904139,0.706457317090408
-0.180621194265009,0.836053085433163
-0.0534716269461847,0.778652100537111
-0.374649351771124,0.845109789859481
-0.273853740327584,0.745227965372425
-0.255934015026552,0.847788265488192
-0.354504755654282,0.718198272071989
-0.273213983842189,0.765344895673695
-0.314420958398189,0.506830978657478
-0.153181223412648,0.579672911834181
-0.432634289474052,0.665485569821187
-0.279528421478064,0.414348739734711
-0.589952986591926,0.798210217222401
-0.194846859463441,0.508919941231192
-0.27264715741598,0.420957912168976
-0.242765000486139,0.437667253739929
-0.405545512452518,0.871933323312639
-0.15003467165154,0.63291255045852
-0.263730431497924,0.428470399097643
-0.292160202435037,0.405350627928542
-0.635964900992456,0.77143810453098
-0.660475361230374,0.7416037962364
-0.752065623408985,0.657328742801817
-0.765892441792341,0.627572345008301
-0.571993897657395,0.482950457185243
-0.591149926724773,0.455400634153519
-0.419890313393834,0.472042007879309
-0.420388865777261,0.369087993118649
-0.753479830990056,0.457366292197414
-0.809064042828787,0.503324690721492
-0.822277565209465,0.478453042074817
-0.827112110122809,0.356565895130333
-0.642820943194502,0.418464505495723
-0.870803629282441,0.256122719748912
-0.645729102090791,0.42042149816729
-0.666862614248928,0.552153989206255
-0.58018858122482,0.401352073996758
-0.812645277501187,0.295008265280003
-0.867419681816355,0.289539856207644
-0.880614036075002,0.286553733422281
-0.813299440657458,0.349171457241496
-0.73635883014785,0.333876188717672
-0.872634822652644,0.387626539944043
-0.852548808244231,0.359178491329562
-0.867491312578098,0.3982355150184
-0.830462714892173,0.386391454136227
-0.861493020431618,0.340823292456255
-0.606329363416729,0.254986297901645
-0.732016189733902,0.182407592935198
-0.76360817518307,0.206077228185992
-0.703711389168238,0.231492693730566
-0.60194095730202,0.259304468109106
-0.757914876207329,0.0205196494737771
-0.785436737600245,-0.0302808109415908
-0.70917735492394,0.0819080874938489
-0.751552083259999,0.00175709347394721
-0.64609489662953,-0.00736023323875082
-0.687591248776455,-0.0837829159021999
-0.719980654802955,-0.107358549539977
-0.442854645224444,-0.0469788479258749
-0.639015742278921,-0.249348885141113
-0.51171127557217,-0.104221535039521
-0.524399773931417,-0.255320694459133
-0.601174575715333,-0.271446295678833
-0.595258054255576,-0.488747112223721
-0.735461399529416,-0.357986337841434
-0.658001731974911,-0.412660691871004
-0.725855395294427,-0.317539376037397
-0.61389055294138,-0.485675902045846
-0.536070441984666,-0.376981658350376
-0.515188906575531,-0.437241256575167
-0.527190183249979,-0.437129105451543
-0.35308785204829,-0.3163320100179
-0.368472856194116,-0.475120813679166
-0.498040196087259,-0.564010721678307
-0.336927218526156,-0.539568596165606
-0.337703710672992,-0.444716558633007
-0.354389451387878,-0.437722067006728
-0.173861564692259,-0.525142301079388
-0.33135381989973,-0.550445739954779
-0.208499350254363,-0.52042662759185
-0.246852340165226,-0.610244622262226
-0.23920383965664,-0.639102189682343
-0.212321366036627,-0.609730282122287
-0.151267627781938,-0.816890944228253
-0.118893542466705,-0.778460171850233
-0.131487951935873,-0.925953472568688
-0.0737973108243264,-0.920173697592226
-0.047545287090703,-0.877743429608303
-0.0378219647643191,-0.940412141028591
-0.0108589326956506,-0.898887674647994
-0.00177811196745709,-0.904375160388129
0.0273961410030591,-0.886368255182677
0.0759174392185644,-0.839809794686436
0.0719139543455369,-0.892294153315357
0.0495112907806661,-0.799360335812256
-0.0298455755683668,-0.778427244017834
-0.029509988127658,-0.768214125801528
0.184156040478999,-0.734138628287674
0.0823450060308515,-0.733575328518689
0.116497629069474,-0.811900470577399
0.0653919536523343,-0.816745974715644
0.12938844229408,-0.795298092254424
0.182775194549232,-0.964989808375948
0.18972886528763,-0.779672921901836
0.258077061673413,-0.849416387170936
0.257490443555622,-0.763951252819469
0.300137353587097,-0.742139280034267
0.324921328421126,-0.826603859517297
0.256949225958366,-0.758751234052347
0.328455285066927,-0.727670191762311
0.33911960869357,-0.734122020425762
0.382107913594655,-0.804041830941035
0.361816380793947,-0.72100228782517
0.419691397351859,-0.70581253098514
0.452314151860251,-0.692375171181358
0.456355454548692,-0.778489202251873
0.508877470657131,-0.745527393935814
0.434920988446142,-0.69297800673124
0.451717202616018,-0.782028599371139
0.403694495971699,-0.717193418799457
0.486350577422153,-0.800615928612488
0.379319709612697,-0.739903703194312
0.444477361276007,-0.697231843455486
0.464158214192291,-0.700741145056974
0.469444928139003,-0.73581995388115
0.558890080319183,-0.690778355920054
0.530995117121012,-0.617763366751787
0.573434442820466,-0.609895058924383
0.520378442811057,-0.662440297581644
0.622599528003641,-0.639320795015149
0.576550611584441,-0.562666246368491
0.623242564529191,-0.636540546663898
0.576851582616913,-0.567873838768501
0.594834479855024,-0.542266971691791
0.668586526137986,-0.531780549330015
0.653464361999062,-0.444099593456211
0.691567740050299,-0.538032829861485
0.696716058039581,-0.398251874132219
0.685623911195117,-0.343268822277627
0.712322653204465,-0.40361154083432
0.81190746954393,-0.337232328417433
0.682914794828846,-0.396511996912485
0.741947546575492,-0.427912697004322
0.673006796268781,-0.537509004735868
0.601583543516288,-0.540020274415302
0.57260327616198,-0.562847881787335
0.582896567699674,-0.632234858188294
0.573578359636085,-0.647085785608205
0.545747169446806,-0.656221719703435
0.331129091712407,-0.520875871541747
0.431301595137214,-0.664277144931439
0.285380269330079,-0.607530783100183
0.416137718357053,-0.713120279985579
0.379154974716288,-0.753814690300381
0.19661921531005,-0.831198128318608
0.114944497014,-0.862311458966109
0.0933979584984989,-0.861727729829615
-0.0427432973174963,-0.881620491539177
-0.0174406475790547,-0.884543547193378
-0.076096948434283,-0.851532288273534
-0.0303532366050833,-0.839655700017073
-0.0837730308476187,-0.838426677012232
-0.0952743008617729,-0.82666829709819
0.0134857627393979,-0.764980632852929
-0.0462449925098427,-0.873203994488047
-0.0746486115847899,-0.882364861084302
-0.188028198613752,-0.805176820982791
-0.177515848537526,-0.808324674315374
-0.21513956950759,-0.886811454313668
-0.198992138938115,-0.834224787389015
-0.144721359549996,-0.489442719099992
-0.316747004411347,-0.356764806796916
-0.258276949623775,-0.693458656089924
-0.202697754632269,-0.670370932754047
-0.265067797548226,-0.534675346008127
-0.420067896675374,-0.600315990145846
-0.409379664688943,-0.760091758497661
-0.368399755528103,-0.561255704422839
-0.488498942179308,-0.526091259869424
-0.527189356930771,-0.457480449270294
-0.633665569701235,-0.217040388616751
-0.508218273082928,-0.413143244697115
-0.686284845901965,-0.297343086871312
-0.624596472333543,-0.387010403751711
-0.746841444290374,-0.258140211273218
-0.750635730576673,-0.39941751044368
-0.883887778352953,-0.330760185598845
-0.730070333653004,-0.287698942878522
-0.839548344773001,-0.192785321127273
-0.876448343745625,-0.25286599384963
-0.842262900499987,-0.199486620850755
-0.895695533428068,-0.0936257007445301
-0.874961695344306,-0.0118737681506799
-0.876778603513518,-0.101961107496863
-0.804793380527064,-0.198617574991855
-0.77699354878546,-0.219830679921934
-0.829794901274727,-0.291373429582783
-0.72169323702323,-0.262574992152183
-0.620243836540277,-0.264045194109983
-0.658043486652761,-0.293866213449708
-0.345954373332777,-0.252640664982306
-0.337330015299282,-0.269391494932303
-0.338097045555271,-0.351607922147643
-0.158827186951259,-0.182682523009184
-0.227763286157241,-0.286166194427743
-0.193011861381037,-0.259328373560425
-0.080685880151957,-0.285574701712127
-0.0234887359547978,-0.325992671316496
-0.190299228199117,-0.344827055409094
0.00466112120698877,-0.0424115861826967
-0.0862554110430494,-0.128777442158437
0.0114052886883734,-0.111341985431919
0.0520142826046595,-0.0740539438101653
0.192227246803985,0.0260219935803887
0.155336208011632,-0.13146312099321
0.304649173269755,0.0507600820691909
0.0719431723731845,-0.211024162138763
0.274957862532134,0.0146746277955266
0.382404943896969,0.0648129783892188
0.36427052513546,0.145541025969834
0.442000050625653,-0.107836458609644
0.474382198898009,0.0137667057930715
0.557136358651884,0.280751938753732
0.50205379312804,0.364431949287019
0.549417188204779,0.471059817913936
0.501570979553173,0.565785738290337
0.47892850661015,0.617129389387575
0.569242420015083,0.541843780212115
0.465967442084975,0.726351348001682
0.449574262340769,0.696929135485376
0.374530630148187,0.686130229765974
0.438562499354303,0.723626648539071
0.47618308673648,0.623772646947315
0.437226200004427,0.669162618751665
0.441914133680526,0.664144358126344
0.558731865383709,0.671735612829358
0.388027808941233,0.706359202700326
0.392392433910416,0.70383910342168
0.396398458823276,0.699729584070011
0.427254340156879,0.611751274174513
0.358144673909366,0.724728002082368
0.391836871891794,0.656917456499112
0.484968595832255,0.726146570170962
0.33807071021731,0.691397378531491
0.387987599364017,0.781528659384278
0.26401849681056,0.70973788116231
0.163690243662659,0.820703604350268
0.135345087086264,0.73372484180417
0.0509939163756828,0.76521042080865
-0.0113009593523912,0.780068727762667
-0.0391155793986782,0.774451209761259
-0.0257102205467298,0.758066463863975
-0.0314816102890195,0.747979153541848
-0.102148613319252,0.768775642248299
-0.042786397201652,0.748147899025166
-0.101919638594526,0.706014019950942
-0.129293980688134,0.707121050462665
-0.213647036735049,0.706086580950639
-0.199717883776885,0.711929375129253
-0.168836746754032,0.72075916757639
-0.202596890784716,0.783695478423896
-0.219297274168759,0.74471539104275
-0.229911842423071,0.779946154154761
-0.282033801540496,0.7808832240058
-0.18951013582148,0.795775383334105
-0.0672248068435106,0.86107129270713
0.00258445830541979,0.838563164981287
-0.0260929622900509,0.921468065475685
-0.173710058482672,0.852100072229957
-0.0764914295091696,0.943417543112073
-0.0540565525515135,0.947097161593014
-0.257213054293876,0.848073383890797
-0.322733638260761,0.871836907658875
-0.230951221271258,0.828027614847644
-0.309924258183959,0.82203736098434
-0.343469763716871,0.7987149862569
-0.306724912206478,0.86264582610939
-0.370551075028861,0.758910225827531
-0.335849181452997,0.850055005502853
-0.327630195522493,0.854945511159099
-0.439372989529223,0.771392552215279
-0.507046498197091,0.752435660024549
-0.535082903764985,0.656351175940411
-0.535118093186795,0.758384245325978
-0.565362984313666,0.741037096581293
-0.475505813382588,0.621548742329206
-0.553362647798812,0.583338278956828
-0.452218471257456,0.625050760873924
-0.342664166430946,0.571393858431001
-0.457522897507287,0.528947391619556
-0.404167308457007,0.488371690193655
-0.466945444774812,0.498811689038495
-0.460992829552293,0.451573386687201
-0.512228774837179,0.40834266137257
-0.509858408322467,0.399301127422459
-0.48216755229436,0.400058460229369
-0.457944959335896,0.470946981992385
-0.442212731995008,0.407166027018195
-0.527101476676788,0.340593610689467
-0.490738799794956,0.40775994195277
-0.570120148429563,0.147348406729849
-0.504725792382364,0.280894800297402
-0.518714848395733,0.285884264824521
-0.528954116802234,0.244945289221079
-0.588164846060457,0.257953693282254
-0.570957441735859,0.329591522257563
-0.621234556970228,0.225514633955493
-0.583071211393156,0.351191948988684
-0.452687394703902,0.147945019057153
-0.495466363794288,0.170650309630546
-0.501556544297806,0.129800114793013
-0.518861029942266,0.0838122047288398
-0.453377262444534,0.070693170438638
-0.493506970215291,0.197990931265496
-0.51393206303075,0.199552262278414
-0.536424965876283,0.0653689281709516
-0.525583826226502,0.0960763815100348
-0.609245518352925,0.0851052520637764
-0.523069497764067,0.103009723348209
-0.496475811988209,0.164494209257499
-0.444524254243712,0.0283249604806612
-0.374297340197761,-0.0604452386628946
-0.447587532271035,0.18491108068823
-0.378780416791576,0.236647542195132
-0.454453331348773,0.0586934164209748
-0.377941123555759,0.249330332710133
-0.365053784525595,0.0120451260415207
-0.313261684722035,0.0488666901596678
-0.423991897531669,-0.0602091909400535
-0.423043228224187,-0.112306270509437
-0.323261251290191,-0.128520782943049
-0.308185432792231,-0.14150386866783
-0.2880767241294,-0.194068401182432
-0.232433266371704,-0.169810261047678
-0.244033096235693,0.0263099329845234
-0.278446906304408,0.053932067014547
-0.278880513388605,0.140988880672354
-0.296186550156229,0.0732150340438832
-0.358223552911461,0.111222986851831
-0.347293057642182,0.0463937930013132
-0.440287568993597,-0.0156438108574038
-0.362168630638628,-0.0994447054392426
-0.433347593045077,-0.189364420234627
-0.369886900969408,-0.203195821920907
-0.369331780127079,-0.22532612552335
-0.365451983496252,-0.280559410796691
-0.452226437158977,-0.176552028170131
-0.353879019626756,-0.305792311254996
-0.35983594787753,-0.342609476592349
-0.352164803046681,-0.325916585804866
-0.369951824506683,-0.393511596762829
-0.365730297485531,-0.389695851328275
-0.378388512878744,-0.402668913727602
-0.353233762877563,-0.378084597776544
-0.356961081472328,-0.396766864373324
-0.304568465479284,-0.443971321795013
-0.150408777393386,-0.420332903171787
-0.148305105344313,-0.438637012752699
-0.0899714215611451,-0.433475878986639
-0.00216850584667091,-0.371557553315244
-0.0126315500890383,-0.402877279567709
-0.025747319103408,-0.208321958734682
-0.0021901054935291,-0.331964542127198
0.0143998302517219,-0.34944238037477
-0.153108714863453,-0.297329677734147
-0.12181280714743,-0.254219373413906
-0.139880804337074,-0.363047473582649
-0.118215642226142,-0.239757762814035
-0.202038052746771,-0.282476911401801
-0.191848450057112,-0.171949713277548
-0.179730691763604,-0.169210023861328
-0.207211696502514,-0.162169780576928
-0.113854788401011,-0.200786954908458
-0.241639627415466,-0.111828729508233
-0.211166787231609,-0.229599943266772
-0.300467256716531,-0.151030093206133
-0.337762972093169,-0.232785188238534
-0.309719600224009,-0.206985145838478
-0.270861388209748,-0.241542874602606
-0.417731651216178,-0.31001486459536
-0.39957648102204,-0.327406240218888
-0.355780356959156,-0.408498915986387
-0.270667757853818,-0.381281681646591
-0.231349008605788,-0.340581203003606
-0.254515545464395,-0.315523045939495
-0.182523243904512,-0.423557208117089
-0.199632308911937,-0.332318991221614
-0.265680952104089,-0.312729835344726
-0.21372909419016,-0.384599888914358
-0.310253793382633,-0.280129561410726
-0.239868691524041,-0.545665420268366
-0.272333642338479,-0.284544298122879
-0.261536684619295,-0.359206201484556
-0.52660051568003,-0.456553795019266
-0.270016914215032,-0.622885653725754
-0.305998110175713,-0.578499468357044
-0.384235770170529,-0.622142574476484
-0.405738271477448,-0.535198477717564
-0.462145595465125,-0.643651405283293
-0.443053211394582,-0.666699024163078
-0.42953701905173,-0.625699369633696
-0.386623788436324,-0.691441629637124
-0.357100424964309,-0.569889358325375
-0.442311248847845,-0.509637670724392
-0.345860536502667,-0.692636923973426
-0.570947089747739,-0.406475655061675
-0.503512126720119,-0.333629136070086
-0.472898338238206,-0.408441461429234
-0.684050460521235,-0.350762447041392
-0.41282609130113,-0.200739114528134
-0.733631544999687,-0.0560327673222653
-0.438023817957192,-0.338183893187744
-0.643237940594581,-0.161759051236147
-0.81427727945862,-0.223826310247764
-0.725755255996386,-0.189541741249498
-0.741257255042788,-0.0680301595331043
-0.682601292866236,-0.017121623457302
-0.725104844649942,-0.0444114518735633
-0.821640064411314,-0.0640527741189202
-0.813916897061729,-0.0877004312851748
-0.816271671656071,-0.0227043735727084
-0.829910839690723,-0.0405178969986286
-0.807232747897531,-0.028725335304365
-0.774432504128928,-0.0656592616609085
-0.665555808871554,0.131805099085961
-0.705406243482058,-0.00507024370630074
-0.577525670878687,-0.238534091086717
-0.49263382219404,-0.269039878371243
-0.729744824788823,-0.0825205558472285
-0.437617773596528,-0.307035003284224
-0.613142654309932,-0.316333331310031
-0.476439765246883,-0.338180106737483
-0.542780926537445,-0.235921780005652
-0.288496718872149,-0.425639234696791
-0.440252182686565,-0.331044626849628
-0.360014886231579,-0.311793297930413
-0.24317512331199,-0.285258360924848
-0.225107459479269,-0.346994910904385
-0.123659262026532,-0.600531577462177
-0.284088388012145,-0.233388448136967
-0.0217632215790736,-0.360968392061134
-0.224760491044738,-0.05806086571271
-0.287780202838567,-0.333136634213296
-0.143234983255033,-0.494494468816645
-0.199437071682199,-0.267933958464925
-0.285843195773031,-0.208304254632423
-0.18191787206598,-0.460021745321617
-0.235757932693837,-0.224180865432309
-0.127987578305948,-0.393781333713892
-0.0130436986452779,-0.341581855986497
-0.198196953635455,-0.35078868462501
-0.151942126465292,-0.458061009456294
0.0455848470956022,-0.632798020477669
-0.174645431189342,-0.399604005750439
0.185337517564511,-0.77897608052995
-0.05936560366285,-0.635445990513701
-0.0211202949650691,-0.679532053921527
-0.0901057456379572,-0.554956570026568
0.0491155331126969,-0.993217222944012
-0.00656201999660194,-0.718740909852857
-0.0383400777179363,-0.984786002021056
0.0683396643151196,-0.861183047651238
0.169338730319254,-0.581416456045217
-0.189311969428441,-0.857186615714068
0.187827100327701,-0.761064356657257
-0.192394634440549,-0.730949176879835
-0.0303169531295416,-0.858438637030795
-0.103972777205363,-0.834500540603273
-0.35060981737477,-0.728180420586785
-0.223099735965585,-0.754448831416746
-0.285692709187539,-0.639289963441531
-0.394660425888545,-0.521412891253567
-0.414334839684259,-0.548719974243704
-0.476492399127946,-0.569020363013654
-0.389510362170506,-0.463160401852565
-0.482611583042465,-0.377551065973164
-0.384273674607469,-0.391309324960781
-0.33130159675146,-0.366029118815683
-0.449665343351233,-0.407127926508755
-0.30659765586156,-0.275872145409569
-0.217725792124036,-0.366812516949875
-0.319752988491236,-0.563938945906964
-0.303551595377347,-0.357234076723194
-0.129948948633116,-0.134625836076888
-0.108712128319501,-0.121791686644403
-0.207984625117869,-0.0770432191100778
-0.173199181514249,0.102122004494005
-0.107650837567882,0.318205627647476
-0.0948742823603842,0.406823112846601
-0.0268830662790412,0.396029404868051
-0.0677511650863284,0.376373379263232
0.0624712720798101,0.378242243156871
0.146870676433633,0.488294410829771
0.178108544451521,0.569097318773533
0.249699894398516,0.521521756373142
0.162562568440242,0.513710425820804
0.346208213555313,0.677045562708607
0.282424330275236,0.392646535306565
0.209908811253999,0.884269662543874
0.285989487390466,0.625586885411807
0.281264084511022,0.935561973576105
0.269381243879243,0.670978723519147
0.100912818199614,0.835489956564589
0.235146949520525,0.835636916307813
0.196610716788873,0.704476146919183
0.136142038853726,0.949381052074798
0.0965110990194212,0.638743035923114
0.105213353960737,0.775701088539613
0.147502682397388,0.773262489794513
0.178062164451011,0.616130155724289
0.149665586773639,0.913255570797168
0.071905253163652,0.648572462697987
0.186900555721669,0.727704680468815
0.143417163558699,0.440654988420918
0.157992970013299,0.677406374473716
0.270830469179395,0.524844463677002
0.206767494367971,0.516262933908361
0.0793681102973523,0.710888212973599
0.0662245722879309,0.697305602315369
0.225981282743758,0.532393858958369
-0.245334382898008,0.695590820986753
0.224377630587883,0.512341040396457
0.0960388327584462,0.694659147959075
0.108517544766724,0.693793086479227
0.122354888393892,0.676383724156363
0.128586717492024,0.672820802158856
0.1565399452473,0.65557719900366
0.204003070381036,0.384265207195157
0.202001141856387,0.635348948666533
0.22767113978564,0.59019764363794
0.0707409899751044,0.577163756612656
0.0327492707978725,0.650374084744358
0.0814184430794474,0.643509777724529
0.0720870369353385,0.421503996156856
-0.0320260022970424,0.689871665329645
-0.0278704146043715,0.306945680262458
-0.0936116259804597,0.414546645048154
-0.109785909461402,0.19519176078311
-0.0357735564224678,0.375767308256681
-0.112283225853524,0.297488180078011
-0.115442579263722,0.229030007132965
-0.230749035346965,0.456799745254697
-0.180901699437495,0.427255143227934
-0.169621395456443,0.451711029234947
-0.141434259269102,0.589307206984107
-0.132123270346412,0.564743061810807
-0.31383556251607,0.488454065381443
-0.0486741325013954,0.503489486814011
-0.302795067428393,0.199840945355232
-0.338174935153207,0.399591716716588
-0.339127217383462,0.165894291950656
-0.321516731980432,0.166097588122426
-0.296842707997444,0.139702593009188
-0.470394054810511,0.0748734440814916
-0.195903059160575,-0.0441035880788137
-0.355724465586225,-0.0733221444970628
-0.32368614260783,-0.343195729135275
-0.3499929807417,-0.14087506234134
-0.280454346607893,-0.270949902084303
-0.118968250621541,-0.331427248333889
-0.351952931750401,-0.367448487226812
-0.0875650254398128,-0.40717690314277
-0.189766156409607,-0.465290772229063
-0.0208952924296259,-0.51807229086952
-0.00110848334482738,-0.562379478021928
-0.0989327107351404,-0.585249594853748
-0.180762255307471,-0.68403176759022
0.0143867094357937,-0.526481040259053
-0.0935740086502817,-0.563407585352295
-0.189615631467996,-0.644651566780047
-0.220635384235718,-0.487185398235617
-0.262755538956209,-0.598551581596528
-0.265084158587292,-0.597965030676551
-0.138051063821648,-0.52703995139671
-0.170798054574526,-0.384618637378181
-0.172626988810816,-0.39538846322032
-0.231984964589214,-0.522633252363155
-0.366349612571101,-0.644263058345186
0.00147765086188285,-0.462505612096672
-0.0900772414296324,-0.529098722214273
-0.0121032214285463,-0.363180561785594
0.0502826535382434,-0.279233140041457
0.0183191949879929,-0.445244668298533
0.161402910858141,-0.246195376464463
0.300764555409329,-0.11061075194608
0.209769950042316,-0.163109546407492
0.282566919342002,-0.197818296262228
0.351025378060124,-0.21103968756694
0.420539211876257,-0.391315136580271
0.372743378298684,-0.506576635511408
0.384623862905305,-0.657469892630666
0.332749902510393,-0.5183396636613
0.344219768933182,-0.728362729649446
0.239312960270521,-0.67793808359534
0.256711514947691,-0.679409394492547
0.260928658433025,-0.665892607031919
0.216906158024753,-0.69448262459945
0.194493383180362,-0.565650502704342
0.183841100736712,-0.711717206903967
0.0739873125819518,-0.707394806169444
0.185282793884427,-0.698009354924743
0.199510128313967,-0.729914832891474
0.0901724766887315,-0.731336979215304
0.214098739987435,-0.843611972973423
0.235895214812123,-0.604066036854091
0.230494866278467,-0.651413220624544
0.340990918273986,-0.478693204486104
0.286480488301594,-0.291839565539911
0.457788126549835,-0.260937888187684
0.477423654133627,-0.167953519401071
0.379159541514837,-0.274444743875015
0.548240692167067,-0.41057762334787
0.378275639458222,-0.439871234058819
0.352882603187358,-0.416806246586027
0.432010226225274,-0.58959335648174
0.186387988848782,-0.52252896812254
0.254657377046386,-0.626940899720809
0.142168555304026,-0.597656998626263
0.197878758836207,-0.66086854264314
0.125671059775292,-0.637085804053558
0.130149405665893,-0.569965648932091
0.182163406368,-0.561145685523112
0.130782159082277,-0.534326376083543
0.066948946449047,-0.65073224767271
0.0971271804918352,-0.562247823099048
-0.0199410076726555,-0.593226839963199
0.0650038345480249,-0.679757084065304
0.142394925327206,-0.593340957937043
0.178455926702528,-0.578160219238775
0.155267095986494,-0.559356213105886
0.17911049675013,-0.63205757178385
0.0705592644297634,-0.678145579155042
0.0328804102246158,-0.782322359668457
-0.0657949275033295,-0.752819354398811
-0.0162592117752228,-0.785384286844948
-0.0300335389904854,-0.747066288989341
-0.0635526801059997,-0.824559607652558
-0.0125724134595862,-0.840176214597221
-0.0844015349485217,-0.717471572805431
-0.00638714907652659,-0.682005930529145
0.0472864850059611,-0.775013087269921
-0.0208589960317781,-0.746814056699757
0.0361160635256404,-0.589549169817832
0.111416630079936,-0.583868856400919
0.109325801909003,-0.664965374359987
-0.0212584337916716,-0.734407383853396
-0.0552718205440561,-0.7519231130902
-0.0210917239156353,-0.766937885603467
0.00227760947948169,-0.804729475240625
0.0523814911543784,-0.781962577255878
-0.00936252029631169,-0.715658628133408
0.0150523985087161,-0.803425700145907
-0.0223450660211675,-0.806509524178228
-0.073401281129085,-0.886315318222033
0.0319916201085993,-0.742844958027557
-0.00338735485123983,-0.750042648718187
0.0411607135996656,-0.883286598027146
0.12366469183695,-0.662533749950105
0.132623240944365,-0.700473872024771
0.211800711062854,-0.579073876963282
0.350833079687897,-0.729841136485239
0.430804095434674,-0.612959493843126
0.252205521779883,-0.445229979564017
0.468394906717015,-0.543144711475984
0.390714403871346,-0.477222642585992
0.460042099678363,-0.412037449552541
0.642585073237256,-0.356374257061729
0.664453854860616,-0.365134928809071
0.670457101163258,-0.319300691921849
0.694496828763351,-0.2452541707403
0.685303799970717,-0.262047701316175
0.761415352104073,-0.10979390250195
0.713070149235376,-0.126723558542543
0.714704067568383,-0.142069891087795
0.845992187311247,0.126295826060371
0.890869814563524,0.210813104072113
0.873351910246438,0.179605626761221
0.895665210262668,0.238806502125423
0.846506690990964,0.395238828322128
0.857018090774359,0.450420862389306
0.585540809994354,0.498767765390912
0.45967749605304,0.394372947198711
0.566059967964535,0.465410834724362
0.81070778707796,0.532957586770209
0.737346084964629,0.428871714349368
0.643571872298996,0.482920690567061
0.429254325582587,0.700382584678393
0.307240835873001,0.479024597453496
0.248526152884821,0.620481548479265
0.298255827066222,0.663008309944347
0.260670928544648,0.637185532749964
0.260503762603685,0.505165627830618
0.325003244596027,0.511980131598278
0.331403966013114,0.489056030500374
0.327035292636126,0.567086660941892
0.303937170997757,0.587063081390664
0.264922862230682,0.424247966677068
0.31313993884808,0.540352776925478
0.175129978467612,0.220869015946247
0.163356146517931,0.327417740107764
0.246113166442739,0.274284505128346
0.0908438043863317,0.142870359961563
0.256350497787057,0.291366420282151
0.232807505988501,0.223461036304624
0.0786476772134331,0.267126167362341
0.249124934391216,0.162786694018837
0.173910703908909,0.127653353568002
0.200003510828414,0.172031929053584
0.145362905720949,0.0666085642232669
0.0751310367131551,0.00780195889530244
0.0411651243092025,-0.080758403677751
-0.0302050167138649,-0.00197062090754975
-0.101910848507492,-0.0903072881094079
-0.22911830492409,0.367241044255904
-0.353831765102424,0.00318496950744432
-0.107867170031589,0.300854621744234
-0.0361278161253553,0.236927251501116
-0.196486720481827,0.374768934679807
-0.209218210172801,0.183825872443565
-0.338458707376102,0.440140953225164
-0.273354566172607,0.216201138968174
-0.209355568390733,0.323622038985305
-0.496402445627843,0.494297648603563
-0.288680902006752,0.442359180300058
-0.165612039221622,0.236421619503216
-0.489548107202002,0.418277216590556
-0.295109610260113,0.382629453352333
-0.381580362674538,0.56407074788408
-0.325027664240646,0.535751572900076
-0.231348905262832,0.495366114078886
-0.309604482278195,0.608412364841551
0.00967296960915623,0.575101794752067
-0.377160101915054,0.58071511979793
-0.132764904732783,0.632454014288239
-0.0210654957016754,0.373753768005035
0.0249790876580969,0.640451545270937
-0.118369724022171,0.205066135941161
-0.0642824346533225,0.600661395214729
-0.0384289733992091,0.568384120829939
-0.271247963125226,0.557304681467828
-0.126688126709964,0.578325870246532
-0.22417534122739,0.579521298938914
-0.19694583698891,0.343921116378569
0.0383099024506622,0.592926569730795
-0.201857177016681,0.611455902399638
-0.0075323435828894,0.724361596392878
0.145725168538455,0.588483195374837
0.162234307005296,0.396473515010157
-0.102073647861203,0.30710869133509
0.0389428137040153,0.547966972414044
-0.203168976717326,0.103549933126556
-0.0662636275286964,0.328895440018934
-0.074535599249993,0.155118929822754
-0.0748889301378034,0.105684684940851
-0.265556267221594,0.000385990644674013
-0.230277074878327,0.224805561795419
-0.306699317883673,0.0620803696466046
-0.184209903650569,-0.0411191175505157
-0.181595226792685,0.0981268243506775
-0.0582330591933738,0.0928766316513384
-0.000559500166509119,0.113846640792296
-0.234831144099914,-0.00257225249705094
-0.0352023656930723,0.0703618129356608
-0.172394634793191,0.137235499287457
-0.309803298364552,-0.0768479702819663
-0.345727899600983,0.0884305385502409
-0.652416710312943,0.00946902240273861
-0.49497753954446,0.117005266235662
-0.602767327228702,0.129896949254431
-0.620785245370954,0.219532871834049
-0.580306794437293,0.121421356237309
-0.618695663592674,0.115359896967091
-0.835779945358943,0.245174060405575
-0.783362306082864,0.0716026401544581
-0.804681998956333,0.150502919942155
-0.87566191102304,0.169988391339737
-0.816905360052984,0.113323990447279
-0.897065357576086,0.0589554314820047
-0.824888739093869,0.130904919894712
-0.744840853130799,0.0743697164630882
-0.909357897002236,0.0915029122547157
-0.763624232739991,-0.175962294759714
-0.872582816632618,-0.020107166512655
-0.755198519575395,-0.0415406507409334
-0.780419394672778,-0.0782622188938442
-0.930020476254058,-0.0997726596636734
-0.894531293140574,-0.0494698402335304
-0.963827448162099,-0.125747123319141
-0.88065361242034,0.00955384337253623
-0.799742350079454,0.00754029066107119
-0.954581195618585,-0.0762748537090246
-0.930344898285075,-0.0354399772910927
-0.964279586962427,-0.0492789104347607
-0.942631679872843,0.0651465025282849
-0.974881008621613,-0.009691764035544
-0.97486523566445,0.0328741766050678
-0.970376951613781,-0.00377209662931648
-0.988134533899484,-0.116014623282365
-0.996445300090969,-0.0480722869824276
-0.937127446460021,0.0050606487876947
-0.989519516611399,-0.0457087954781933
-0.973452912993137,-0.0644715079578499
-0.983559670169928,-0.0624048198566958
-0.910686284837195,-0.042830038251728
-0.936807656107819,0.0608123830007102
-0.905109441503598,0.0427801513573298
-0.859237945448083,0.10081493809055
-0.813621189671867,0.217462904173597
-0.826279096378175,0.130799839707435
-0.858240524712855,0.245142578496307
-0.853135637298255,0.0919954207528934
-0.821986552829734,-0.0199628436404842
-0.848779156505478,-0.016111272995794
-0.843387623351832,-0.0986967812621193
-0.838091591919166,-0.132052473608969
-0.798386608508446,-0.176237356728709
-0.818246536674085,-0.296507970693591
-0.808351520122376,-0.322187126037512
-0.769646591834582,-0.289066158955981
-0.733289402294843,-0.23550304378618
-0.810215904686604,-0.283018143876459
-0.788162929462108,-0.216788358288375
-0.819906107542983,-0.218157473754226
-0.771198977282934,-0.157338049340829
-0.768149546271585,-0.121008952822303
-0.760470323762206,-0.118835553870001
-0.783485351449368,-0.0812908272051729
-0.763121693479934,-0.00744536625234565
-0.73378004456067,-0.0356519407117737
-0.715982370180214,0.0577532856696915
-0.773076174671963,-0.0493843127761628
-0.710369355218879,0.0352547150490907
-0.737944512732546,-0.0150186757628763
-0.633066306897279,0.0272748650873145
-0.694577434913337,0.0330252208908745
-0.667086021035396,-0.0983879139193145
-0.69768793542646,0.00235642203810944
-0.642052263838536,-0.181519474622332
-0.63372017283357,-0.230445325915299
-0.630596968926621,-0.243064241604611
-0.574559749974199,-0.293383068777066
-0.568817112549301,-0.239273962480751
-0.578779590079422,-0.327725488997554
-0.48664637715386,-0.298486381879126
-0.517645675591355,-0.394984435625392
-0.571610817370687,-0.396437779124251
-0.500373730633243,-0.371343683280202
-0.575457008775036,-0.545925968534338
-0.55774221798643,-0.556653745400268
-0.497488708408627,-0.421522303081121
-0.617732117139087,-0.535224071977152
-0.634374631041284,-0.506246347147307
-0.558045643648343,-0.543520539589881
-0.632279517641868,-0.495727805614005
-0.641032267220609,-0.494053169109791
-0.562847812813319,-0.511863446140659
-0.666077562723301,-0.499706769839145
-0.590204070974671,-0.422553832596832
-0.47587055144688,-0.465320562330205
-0.637034584210356,-0.369816177920928
-0.486528348463547,-0.440877812578923
-0.551837497931083,-0.403613680789851
-0.513455036903162,-0.482463466284232
-0.458370865989952,-0.44986434616832
-0.392264212205252,-0.333314875944646
-0.325297274291995,-0.510314494161651
-0.348420127404548,-0.531015282650658
-0.224182423693641,-0.540520940365315
-0.227669788312779,-0.389044313364507
-0.195684301483825,-0.356934042973378
-0.148909044665753,-0.373754116870824
-0.202993323646894,-0.34426637828638
-0.127696994640855,-0.380036599873475
-0.080602890314033,-0.390544545601889
-0.118327459812029,-0.383826932829463
-0.111489339992868,-0.263955995138827
-0.107556599414307,-0.262429976344044
-0.110018241076153,-0.155963475286231
-0.0832657208170784,-0.168932607730383
-0.0541435584362954,-0.166910553179167
-0.0386973078580808,-0.160108659808311
-0.106101464448447,-0.172783910483109
-0.0225458346094324,-0.15947077457806
-0.126937905811478,-0.179375359488214
-0.0975812022495215,-0.170404491647844
-0.161378919833723,-0.250812972055713
-0.13960249051687,-0.318001366228105
-0.0676472325859177,-0.49051532263144
-0.199438363704294,-0.599658067220358
-0.21759451410013,-0.529943719215646
-0.138155552216277,-0.537746375240218
-0.053432763410621,-0.561155612544039
-0.16136115106545,-0.546727474491366
-0.235264222400655,-0.656176533984032
-0.183861586900262,-0.765877810027268
-0.174843532023332,-0.688188507498926
-0.197809421983757,-0.767510382093668
-0.342509284378512,-0.694018435286886
-0.218203459260642,-0.73433743773337
-0.321682217401417,-0.710672579968976
-0.225756457129305,-0.800726791632393
-0.258769264701357,-0.713244742910867
-0.302862916749362,-0.705637368181537
-0.146991575491391,-0.736889008888038
-0.0853789131361928,-0.790267932332377
0.0560376410655176,-0.829428476017465
0.0379293942571164,-0.839939675118888
0.0284197892296284,-0.796316146009217
0.0998067332019804,-0.815157077888145
0.15408779959984,-0.783185937823963
0.192720640054007,-0.742473446933696
0.284492886994667,-0.761466798619676
0.322479849745613,-0.792421981319976
0.440250548093694,-0.656294735759378
0.47513632556908,-0.752148608013764
0.500288698659853,-0.736225239105149
0.522768749672218,-0.718932435415501
0.458982721197552,-0.783625780330176
0.537364515824903,-0.611930419424793
0.561338183512528,-0.593831220263852
0.560263617250045,-0.796070729118618
0.589129264574392,-0.549305697292991
0.459723516758422,-0.677261813076133
0.701784045024658,-0.659649105136521
0.503711868571152,-0.6403369787306
0.624733511419657,-0.741217726438047
0.615234775336012,-0.527192855143562
0.61962255597703,-0.747117855605873
0.630513376419628,-0.623423638877301
0.636771280957943,-0.503321853862871
0.638263208390791,-0.721427965340902
0.573334124302452,-0.52097975483453
0.665026730277755,-0.58479607288213
0.657144478413967,-0.592804377887698
0.641576289551941,-0.610867704174047
0.628343337929726,-0.622409569627459
0.546916143546633,-0.541916686814537
0.628345255754947,-0.617077275765364
0.716724348534116,-0.680917873563912
0.634025623092883,-0.621675628740057
0.61701903961657,-0.633278545678425
0.541057399078251,-0.495596271236885
0.668787047390425,-0.702908174948403
0.621880325415475,-0.564981015222137
0.56482753509438,-0.418825979001706
0.782599735066297,-0.504296294707952
0.679908828316113,-0.584536176075068
0.693117333975544,-0.454408855170961
0.706058002294591,-0.464194580923348
0.693985083949083,-0.450866111819996
0.688170621970294,-0.433503503347848
0.73008948440919,-0.402488070734982
0.751239238231956,-0.222202524357897
0.73198819430162,-0.505866970696894
0.730931717163171,-0.336040497092464
0.720725135168726,-0.220464926771341
0.745982272096414,-0.517430974160853
0.77358294972586,-0.348448922403945
0.789585998735693,-0.163984178522033
0.744328981747843,-0.535246560290965
0.63223329139131,-0.397875187334596
0.717584806211696,-0.611138599816539
0.542677735075255,-0.570932280168598
0.620037452360428,-0.498173874315335
0.575377621489461,-0.570437582992528
0.458773996165635,-0.666740908918998
0.409451874525853,-0.491547355513049
0.45472420734207,-0.636407863490417
0.28272790074157,-0.765324273697726
0.285708766389279,-0.649862555779733
0.239624991261058,-0.693399210971829
0.463373036526483,-0.67790399907578
0.322076703667917,-0.671210882333467
0.382862986379979,-0.812762783433744
0.366157711025736,-0.751964294290134
0.195202222059092,-0.727666086274947
0.0690761228771317,-0.701259848569081
0.190878022007876,-0.526827137883505
0.0169831877416151,-0.843591045667855
-0.102757804413014,-0.498417236552809
-0.0449479264545378,-0.583389227886002
-0.507710642785156,-0.360301162901963
-0.0979530592708006,-0.437108729044881
-0.0238819432436431,-0.471011029796079
-0.0460504736940486,-0.518980121866327
-0.0159503215125634,-0.62638430957527
-0.00468242109249838,-0.612060687687622
0.0423849054165766,-0.571776545584397
0.0523410608053879,-0.638223724856839
-0.0310717551991324,-0.427122247055091
0.13742167187935,-0.49318182509299
-0.00980402162810328,-0.45401089262233
0.121747145153108,-0.406018591024827
0.00388093922579499,-0.277828113382077
0.100347799234175,-0.388839718155225
-0.0949448104477125,-0.561832929467206
-0.0505426540450763,-0.585746564574241
0.167642690656618,-0.365427395722525
0.0150467826440538,-0.107037878389246
-0.0442647134514745,-0.278320639618481
-0.265801966221404,-0.103780315725748
-0.130948502563204,-0.0856529292247703
-0.0798985518453707,-0.132977883290981
-0.15219152255088,-0.499632833016944
0.0142626828135973,-0.122657072649427
-0.238439465801234,-0.101246034859892
-0.141735609564529,-0.168974922053629
-0.255197368256587,-0.441258195020839
-0.223696191047169,-0.0600996901456369
-0.192447202284034,-0.172840667082341
-0.177452086095426,-0.468763136643506
-0.041744770539796,0.103802680201378
0.0239344695994729,-0.294168046925955
0.124742418680539,-0.224704697887018
0.108289142192448,-0.245313894766832
0.193379998418252,-0.195062476980708
-0.0843710408779931,-0.127845375909406
0.00500899429216811,-0.128813173868966
-0.141363206844645,-0.144449951222463
-0.282736708680076,-0.181997599935917
-0.0807336354381639,-0.275844877788625
-0.18095274421498,-0.443838590738525
-0.251355185186762,-0.524586570886418
-0.338507881703601,-0.445039626698075
-0.435085066491131,-0.16189441797712
-0.476435456867348,-0.582625943875481
-0.676405486627005,-0.44935851215929
-0.659117995312277,-0.308903656504581
-0.48731648574145,-0.260269511273736
-0.76508300223596,-0.369036942349233
-0.666190570698772,-0.174902071424689
-0.540717557182872,-0.1726818232942
-0.674412138335568,-0.213399298072885
-0.669748397802956,-0.0272916635603496
-0.833278721455177,-0.0367642732640112
-0.670948509937824,-0.138289876278367
-0.726208897819699,-0.00110047084070465
-0.754695745440369,0.248622487509017
-0.808999041988058,0.125026289966144
-0.959159345236851,0.154498723971241
-0.773692442074787,0.111783890927161
-0.705847416768073,0.372332826487781
-0.730448963347775,0.282507544740397
-0.610371302702426,0.501421289456165
-0.77079172762321,0.313287815361041
-0.740634759703808,0.544621943179868
-0.62865894941212,0.372494093407699
-0.903103578627519,0.377547876209021
-0.748541503139287,0.350091440722362
-0.579123466920722,0.365349708490339
-0.904722092795546,0.383086000276596
-0.728769112396766,0.399488522805356
-0.735520813603246,0.386042059750012
-0.580926680420883,0.20522592789018
-0.615278058880911,0.509092568097376
-0.725745694222283,0.127190219484717
-0.921624823618065,0.337152845666692
-0.436448777490737,0.294782320699606
-0.606472588463541,0.384054742163849
-0.902591375783638,0.334454881970976
-0.554274566066791,0.286064649270645
-0.913580684062285,0.087939995800367
-0.668468326513071,0.383567483652073
-0.74968166352151,0.309349314378088
-0.90790910459179,0.13773687671412
-0.735150806096463,0.332287407450296
-0.634423111753012,0.306159538245202
-0.763362734652486,0.309721083058745
-0.752545242252722,0.358457744061947
-0.812823384264964,0.336290988351215
-0.620745209540289,0.576719924155643
-0.695362782777798,0.371964140903163
-0.704476242639548,0.462037594447748
-0.60596351142284,0.568255618707205
-0.699167780458016,0.626879687182026
-0.426840559435433,0.618406346063571
-0.493010539391032,0.62290139976708
-0.531347272849716,0.588894554615515
-0.554422343403122,0.576115389184988
-0.311179592037368,0.556125869776163
-0.570879592407515,0.556486968394094
-0.31439724568109,0.611239374045391
-0.549203078222813,0.780437830600535
-0.418292568740995,0.472771193719195
-0.76766411092906,0.531700359342032
-0.436261807100968,0.667879317823727
-0.494848810944913,0.553229775945218
-0.454361189979901,0.590533216687779
-0.40984983311341,0.628024723170194
-0.401450260052676,0.483439602822039
-0.352933450939491,0.90867106533616
-0.380429833924509,0.634997548688414
-0.393584363444326,0.364529522693727
-0.469112523306036,0.559539900552458
-0.487850766695026,0.806172275247683
-0.540986917733031,0.62320034106497
-0.470274653008332,0.636079071241795
-0.504722790964711,0.615662830209756
-0.472586610406568,0.63949672818211
-0.435333293085035,0.668534398436243
-0.58101992636366,0.45256207812635
-0.376035858752344,0.641873835496367
-0.33715080296431,0.667725546472566
-0.31111235419038,0.674154996370773
-0.144851904823417,0.710089503322758
-0.321904610592735,0.669289997233943
-0.577103967615932,0.673966559841243
-0.368337868464993,0.652667159282366
-0.323360075379994,0.672777198263879
-0.153248938534685,0.863555083663202
-0.572564691657708,0.458276043839487
-0.417204033028508,0.864756724474752
-0.360649143908676,0.475069984662201
-0.246838271314112,0.821847679946668
-0.482177329450155,0.56792662202141
-0.650478447931297,0.63161937133444
0.0504157407279126,0.70768909214224
-0.340128780610885,0.741743649880766
-0.122472891700307,0.722724266936065
-0.0387561411879179,0.744027776262113
0,0.75
-0.100532759270243,0.791009017211092
-0.0806138907421793,0.84760557878255
-0.0938591416319906,0.823365958031106
0.088193789494073,0.823684103888624
-0.263423578573341,0.822977894189022
-0.062195424836397,0.848409868052252
-0.30975157325998,0.825243770445021
-0.137101456908027,0.818469194940458
0.125321755136931,0.830759292237889
-0.163679791623009,0.804373972098155
-0.170386216119371,0.866502098910153
0.0960887608822442,0.837496969148978
-0.0333619376003043,0.842245085859142
-0.15893452272851,0.854225250925105
1.13749825252675,NaN
