0.80670273937254,0.588027869220454
-0.11009448371747,0.324797389499311
-0.0567366579687744,0.333519460807604
-0.166001665411232,0.362370370882682
-0.0575690877600984,0.430625354864086
-0.149479644588005,0.346341976056998
-0.072328832882481,0.329042165266558
-0.0740603881079201,0.490085042196371
-0.0745274389159289,0.38311160449209
-0.0553086896213458,0.423124228575528
-0.164300442670336,0.404467872893425
-0.114892024320312,0.406618933817321
0.0973941105022605,0.393743983120812
-0.100087803061083,0.382417008901657
-0.0403870617626449,0.360922319175965
-0.0260636766379332,0.320449202301864
-0.0899986018330809,0.380045159055335
-0.081961653027471,0.363503138653563
-0.0198224382210539,0.371492350954847
-0.108490908488603,0.35415833935671
-0.0733561263987156,0.293666136943352
-0.101880193874078,0.31979791166414
-0.0781943835376913,0.238565024870485
-0.00605102569963452,0.280920580900306
0.011881775127974,0.240797822368294
-0.202546923544646,0.380601616427975
-0.0250870367882922,0.346291260531678
-0.0488999988957712,0.275195144962432
-0.0526368272711879,0.222102844830379
-0.0406258018262747,0.304551193099718
-0.0123990985222358,0.177082504627809
-0.0757506518659721,0.199874255073669
-0.0271390423459496,0.144008841111535
-0.20782556399465,0.269763590763427
-0.0859053396114417,0.228976697505094
0.0164395111837391,0.197984808069297
-0.0451184463531091,0.210000483469645
-0.0285782298971729,0.215523846658053
-0.0766922328697744,0.07614223231766
-0.0359060647514952,0.243378499197228
0.0188679245283019,0.208141416398474
-0.0876705471756947,0.207252123515321
-0.0374687280850297,0.172174982238016
-0.0341853017488396,0.158402076031265
0.00477837386644646,0.127262302228383
0.102879309773675,0.153352192948274
-0.109171987940972,0.112365814432933
0.00810677689663786,0.266524957988644
-0.0929963786143443,0.045056935822036
0.0103712753825252,0.176894710098045
-0.0832487435301067,0.0142832262887274
0.0377124208588512,0.120392198300564
-0.00418346012274629,0.0559075980537808
-0.0315246055990722,0.0832487435301067
-0.00657264705596952,0.0130319715322926
0.0315246055990722,0.103448275862069
-0.06372382034035,-0.0280364089833455
-0.0239697213961542,0.040918873938527
0.0143822020313467,0.154594012004102
0.0569035593728849,0.00690355937288492
-0.000262458909325969,0.0928088989843267
-0.00921310674166737,-0.00230954736878245
0.013011564334735,0.071877405478824
0.112724022691947,0.0571482821112889
-0.00936926109322105,0.0122517680634933
-0.0186886723926607,0.0755922317655456
0.0172166672187811,0.0315737865166653
-0.0445684458009947,0.00664110046355895
0.0556940131083312,0.112597572481216
-0.0456684469052235,-0.0531220068302228
0.0166666666666667,0.0333333333333333
0.0220982208656719,-0.0164042077573407
-0.00921310674166737,0.0815737865166652
-0.0666666666666667,0.00976310729378175
-0.02614223231766,0.0531220068302228
-0.0166666666666667,-0.0569035593728849
0.041336893810447,-0.0143571192978842
-0.0666666666666667,0.103384465739549
0.00488155364689088,0.0186886723926607
-0.0764297739604484,-0.0471404520791032
-0.0902368927062182,0.0707106781186548
-0.0868020397213499,0.0359545820942312
-0.0286688865883041,-0.0519128395420599
0.0114255381027065,-0.0278153680497088
-0.0617851130197758,0.0215482203135576
-0.0882148869802242,-0.0617851130197758
-0.0209982197614432,0.0468779931697772
-0.0951184463531091,-0.0117851130197758
-0.0566729969923121,0.0572264044420718
-0.113333333333333,-0.0330964406271151
-0.00404401145198808,-0.0333333333333333
-0.0982404531833319,-0.0074535599249993
-0.168688672392661,-0.0353553390593274
-0.0364553401635561,-0.00433155309477649
-0.0953553390593274,0.0653553390593274
-0.140786893258333,-0.0655666655624379
-0.139416255561721,0.0299060486894001
-0.0853553390593274,-0.0215482203135575
-0.0817002367273957,0.0370481596200549
-0.157292468492941,0.0040262752810661
-0.0723955303950538,-0.0112743619186121
-0.120710678118655,-0.0166666666666667
-0.0922588984322123,-0.114644660940673
-0.148790453735446,-0.00406909418545052
-0.13847734588955,-0.0907868932583326
-0.0962015424069324,0.035050061245617
-0.241861811629099,0.00448446684377754
-0.0839560712058958,0.0279853570686319
-0.220962437124903,-0.0413079733011997
-0.131147540983607,0.0163934426229508
-0.110751710637262,-0.107422727942624
-0.230055882964661,-0.0106256284309668
-0.229766353025567,-0.0138636003821884
-0.0960889698011976,0.0078723545676528
-0.182316726943601,0.0183823007140925
-0.177124621582941,-0.0511691859599941
-0.0978196715880842,0.0779648253913601
-0.325014065417756,0.00771390397874333
-0.193760986354407,0.0150623113590216
-0.113960032494771,0.0231731392364383
-0.15986447477105,0.00428873419039208
-0.106903559372885,0.0166666666666667
-0.0440503417776335,0.0911097383275195
-0.223959135159608,0.0040262752810661
-0.145930905814549,-0.0179012956646828
-0.132685205504173,0.0479394427923083
-0.141383742144066,0.145496296163037
-0.184145792794774,0.103646924648875
-0.0827663535686299,-0.00718096345180156
-0.207786483469545,0.142010921948867
-0.161059896149252,0.000826229960786798
-0.208887937083603,0.0592535790370573
-0.260658278147369,0.0359577151659783
0.0273768613156761,0.0944589006406698
-0.181183970891852,-0.00178936964406922
-0.15436344962353,0.165889510631625
-0.0950526556238298,0.161059896149252
-0.21990323268119,0.0209135788433562
-0.145177941481339,0.104282917938433
-0.116964766323538,0.0736860312751548
-0.233416981075128,0.0680635175349078
-0.111941428274528,-0.00679038626841139
-0.14503282346221,0.140657573934493
-0.126264953624939,0.0617488245926805
-0.202490709254266,0.0472966114137996
-0.144913891825127,0.0453999644479119
-0.186785032620699,0.151823897172329
-0.127674623651401,0.12305212201619
-0.290754634689223,0.0599650582379789
-0.123875267006322,0.0823970704724246
-0.0894176393262059,-0.0111586307372903
-0.290796751644355,-0.00480152817726971
-0.0474931014243254,0.0299492417752026
-0.104288751167007,-0.00869032477264864
-0.141179044483943,-0.0821282993364965
-0.0949412537658722,-0.0283746906450794
-0.162151591002093,-0.0102769550460861
-0.182402825680803,-0.0318013963190637
-0.0953207397658052,0.0651961170477619
-0.108601025450433,-0.0957089202994947
-0.183260023846362,0.157073656272869
-0.165968584596262,0.0238602280567733
0.0623351135718902,0.0135446598364439
-0.046307945867686,-0.0423030652598419
-0.0567698545911396,0.0426480979046961
0.0342131497012369,-0.117145737402561
-0.0158730158730159,0.117685929561478
-0.0976025231331249,0.115186303292056
-0.0570831786374902,-0.0602934358481971
-0.0587833842233919,-0.0163934426229508
0.010877160443398,-0.10839292217161
-0.102338371919988,-0.105151042006116
-0.00214730868005114,0.00525220840288752
0.0138636003821884,-0.0692933303698316
0.0342545071283342,0.0791333225167929
-0.016624300164534,-0.093884018229227
-0.0674717577916527,0.120638935152
-0.00368818624318918,0.022217542876648
0.00559079822021168,-0.120422329940037
0.0127052138759733,0.103888832765612
0.019565474350409,-0.0857876876223251
0.00814086907434716,0.0757688214067841
0.0155835706128434,0.0990957315491567
0.0692386729447751,0.0399744337968923
0,0.0166666666666667
0.0554315541990053,-0.0260326871573351
0.131573786516665,-0.0189762140354491
-0.071823172610594,-0.00108196829924141
0.0279853570686319,0.102621199765354
0.0811502361752813,-0.0744744944903949
0.00543155419900526,0.119238672944775
0.119849179867475,0.100787579712302
0.14064904697276,-0.0458215491600844
-0.03397775152283,-0.00794295510132468
0.0902832458836035,0.0563543446579009
0.022532268025707,-0.12392444350438
0.0604836260857559,0.0125441832934476
0.00758820773700632,0.0762462762279567
0.141274019300567,-0.0383947095268918
-0.00912680807142771,0.0471151174157757
-0.0515506192283313,-0.0367449102654603
-0.0695776635257063,0.0709279877211916
0.0767498838070452,0.0973266718653421
-0.193398944936989,0.0277661537514991
-0.0131377717733189,-0.00068199113209502
0.0273132715898762,0.00712900614643088
-0.043478611993411,0.0972056627821424
-0.126921721637661,0.0873164275353731
-0.0424896473157867,0.0437956985868298
-0.0655737704918033,0.106208338764247
-0.0151609180693452,0.121017859222823
-0.0248209837694062,0.15622692874279
-0.00446984354469429,0.0384005857773246
-0.000101304856832694,0.0137839489694197
-0.0352433306536144,0.0742849545593303
-0.00994736783987959,0.147092657431915
0.0317319362812182,0.0911408272481761
0.0719111258316738,0.199311901523484
-0.0339323592310867,0.0988386249239459
-0.0525353261025085,0.168212242120665
0.131514668592212,0.0674353795464803
-0.0249392864966442,0.065274282347526
-0.00683281572999747,0.0819499027074569
0.0765662839636394,0.167328508079508
0.0414941113613392,-0.0115139018693276
0.0192417032223731,0.0719631757763256
0.100731775570955,0.146907356583732
0.00234869223943978,-0.0122517680634933
0.00247143074496453,0.125878068184842
0.00678609863624955,0.0751454960427849
-0.00892883758013779,0.101690523458475
-0.0463352055251372,-0.016109691213802
0.05003472764903,-0.0823639728068397
0.0166724132219506,0.126693336139989
-0.0519956471475786,0.019333109371718
0.0877296605247031,0.0978294266906842
-0.0376499524176158,0.0413858589575642
-0.0744133619353609,0.047001810973564
-0.083782623028582,-0.0704122097743476
-0.0245290439915247,0.0250883665868953
0.0273411454763259,-0.076107130385743
-0.0451184463531091,0.00488155364689088
-0.0223606797749979,-0.0125975724812161
-0.074120226591666,-0.00800356047711368
-0.0396888268898284,-0.0823970704724246
0.000559322595370558,0.0187385221864421
0.0462184474573379,-0.07614223231766
-0.0268377563864982,-0.0473252488255096
0.0178413165644718,-0.00307082639038309
-0.0577014159241505,-0.123816170565574
-0.0078723545676528,-0.115270410969166
0.0870268975962789,-0.0254555148278695
0.0166666666666667,-0.0873773447853214
-0.0215482203135575,-0.108925565098879
0.0211949708002205,-0.0653156141875482
-0.0833333333333333,-0.0735702260395516
-0.0562288704415189,-0.0766247007878637
0.0153042066531119,-0.0548815536468909
-0.0365064451239299,-0.00426054402764901
-0.02893401324045,-0.0219134443866687
0.0312530963825281,-0.066304821091612
0.00630113783942541,-0.066304821091612
0.0796342494957546,-0.0154211584655158
-0.0339137925322955,-0.046945764064588
-0.0517241379310345,0.0416243717650534
0.0133416373808783,-0.0432621362040274
-0.142435125956332,-0.0753016012485317
-0.00578549548041022,-0.0918947728844267
-0.137885921370117,0.0670535834278138
-0.103408784829907,-0.0185691753160619
-0.0670145642732179,0.0951308866318371
-0.102715103830116,-0.150282937935109
-0.0913118110769846,0.126404691226986
-0.0985558948435685,0.061075385829011
-0.00731019287094807,0.0125678224254664
-0.186591348862152,0.137072066971611
-0.175203322645489,-0.0577588377387097
0.000395500800057381,0.10053272541497
-0.168724236960457,0.149328222767473
-0.116974259391351,0.212291282541543
0.0232139481567114,0.216447192236853
-0.0943819311705017,0.135860127704399
-0.0774327786281288,0.19428747678067
-0.134972881461141,0.287187142232627
-0.103719785078613,0.0960092058458552
-0.10748543705932,0.189882507531745
-0.211090275102426,0.32990366288464
-0.0525551012277029,0.189094072697605
-0.136352500779227,0.110053887473387
-0.0496805618284585,0.212370416998289
-0.214119136293315,0.170292247519978
-0.0927353155654489,0.19723762408392
-0.121810679222884,0.2269546917791
-0.0956433641717611,0.154746925753104
-0.043621358445767,0.229264239147883
-0.127527686820924,0.0904461842149199
-0.0715079103309825,0.314175833386396
-0.124997844580161,0.19920903676104
-0.148280684813701,0.219059876441227
-0.0277401750707773,0.206475911569883
-0.0463676577827244,0.204676743839977
-0.0455223356195866,0.146321248924764
-0.0212606786707691,0.359188024008205
-0.168138671840546,0.116929125575993
-0.107793335409303,0.356006000338827
-0.224964824848297,0.213631066706871
-0.0735538743974806,0.161662740293001
-0.0704028279629558,0.272555334941231
-0.100066685983481,0.198968325870807
-0.119238672944775,0.217479126128107
-0.065457120402113,0.264357119297884
-0.0872850539005339,0.108221868396499
-0.0554146491485997,0.224736953399721
-0.15081245946144,0.157716018834325
-0.0209900420783862,0.240744074353948
-0.18724140006235,0.204190552604723
-0.111726584512932,0.314677369572823
-0.152755467789351,0.203284343987315
-0.120621571796897,0.194999705371586
-0.192935832664702,0.262868344892373
-0.0354335977431993,0.170640256229874
-0.135456706536595,0.269567858110042
-0.0718425757516366,0.243547116711841
-0.179365606625151,0.24045653271116
-0.120467658266955,0.288705335303268
-0.229439914517658,0.221912475453761
-0.208502912092658,0.18309692409676
-0.0641871433749329,0.211648977935278
-0.202377563751091,0.276436178322133
-0.233416981075128,0.218791012907656
-0.0765982323794875,0.230490929456329
-0.161041509376417,0.243187526505695
-0.289655879833173,0.302594517219112
-0.185012846448697,0.248295821248389
-0.248140342951318,0.29038324236557
-0.159427417921786,0.280855547156134
-0.0810915233553261,0.259364014770694
-0.134792587639314,0.320135712751383
-0.311447226060067,0.289244268059422
-0.184832503129018,0.297006939509937
-0.222576821909867,0.295277530639169
-0.113933198726593,0.338657552459625
-0.260153397218646,0.380204529624862
-0.226802601394007,0.352306932761441
-0.267098821005217,0.374392294095508
-0.201492979327002,0.342242486671432
-0.250837028011634,0.475669800402082
-0.19316295953629,0.297501268541761
-0.207465210530033,0.343954429380241
-0.215267395691932,0.341096613540485
-0.197228274397929,0.277598299272216
-0.12213665737551,0.291968226815831
-0.236556674914682,0.336023175076266
-0.194424096540649,0.361714967278784
-0.196695782477157,0.314290012737929
-0.140707575549375,0.367713680261341
-0.153751675468301,0.25794009222294
-0.1875592436338,0.26608736614748
-0.213958023750927,0.409636120640376
-0.152978651569087,0.392832806335883
-0.233017799086299,0.277546091747416
-0.18489092710964,0.34618688061996
-0.0987333988511859,0.285615873153365
-0.128118915035323,0.387870959710208
-0.10162805501724,0.449956812678842
-0.0933587053907431,0.307591675797764
-0.234207984332875,0.377518952116945
0.00111092947265689,0.280938103281644
-0.106059081896671,0.330104998572016
-0.166135986857005,0.345071117683183
-0.139766359609635,0.40127746905953
-0.0449064688122237,0.231665965705796
-0.146823992959791,0.309369878537442
-0.132454701807834,0.263447825259044
-0.13594064303784,0.341496621354739
-0.113903138669204,0.192539611274189
-0.189532400117505,0.323541475619809
-0.16561530232872,0.176347441409432
-0.132598282947405,0.18900592186475
-0.222903162277318,0.169028240985858
-0.20845577157968,0.12425059940043
-0.1696141055227,0.273295477479438
-0.243591653433137,0.171844856525729
-0.258575115008348,0.232877664713818
-0.265253872270742,0.194490797169423
-0.208156060360597,0.299771904265258
-0.249262580296331,0.171785113019776
-0.308730729780656,0.197479126128107
-0.235295519713983,0.276924426620738
-0.385173975841232,0.276230760099448
-0.274206929231631,0.353255634427706
-0.205865729178047,0.284642576147201
-0.289056440734324,0.362625124890247
-0.388838344911453,0.301536627188236
-0.363066183062704,0.377892595034356
-0.340961631871386,0.307832208874495
-0.283357511231925,0.297861392688591
-0.297004382474756,0.387190555489367
-0.247612622275598,0.294832283677416
-0.360887405395199,0.368395915661849
-0.210246340274618,0.316399010347355
-0.36137879242744,0.293742014709366
-0.359247492334228,0.361230911103066
-0.270142713412134,0.30687686785113
-0.317510152058719,0.26285842260225
-0.278388767635466,0.338205271638949
-0.325396881780627,0.166603713281626
-0.350576011529125,0.321026549358124
-0.360898670579556,0.208473029460681
-0.323448077073007,0.300155302572038
-0.365276732186841,0.343181847463778
-0.445847605996953,0.257528460494882
-0.358612775745914,0.294855410440343
-0.312505471965706,0.275087045498755
-0.412859198273099,0.336690061667838
-0.43766191305604,0.295158421476125
-0.48255320380998,0.321357069332041
-0.434565432238082,0.403804568945331
-0.398630390711882,0.260338546791151
-0.502293317765064,0.303801256142091
-0.524047054293585,0.38999302598764
-0.534720843224478,0.384596712641132
-0.618395037406919,0.249442111314067
-0.508804729943655,0.35497743780295
-0.634712303075501,0.231476907487009
-0.579695391414574,0.243872970877525
-0.57911575710583,0.216137425244665
-0.667136737365955,0.197203368924072
-0.635129535503067,0.197073616505083
-0.663902759204452,0.191910060802168
-0.650905643440312,0.093418840994986
-0.643703799957013,0.0747506581681174
-0.587502644073493,0.0305672202540997
-0.640252526052997,0.0353661384942593
-0.590924143747761,0.0525473463057802
-0.619290763044961,-0.0481301451987413
-0.59420726138537,0.0605953632742697
-0.686281275497823,-0.0535262816095514
-0.712631782300674,-0.0505858643627821
-0.623747876297974,-0.101505497271835
-0.683426499449,-0.11108625492854
-0.505426772888161,-0.109280659938389
-0.655911869152575,-0.175438241696223
-0.658874605637448,-0.218024007030748
-0.640972677928205,-0.18581154859042
-0.627608172184017,-0.255766709215656
-0.558979651576544,-0.311356255339403
-0.589729461563747,-0.263520610869885
-0.531344197333171,-0.308771341989701
-0.553351449656449,-0.291635397204269
-0.541670761796835,-0.297645488772223
-0.543726702715866,-0.314783325070573
-0.568885075972981,-0.3359404734851
-0.526762448195992,-0.332069116647758
-0.598369180023521,-0.316479823580563
-0.415544963707008,-0.367052503910458
-0.508662853355772,-0.415268681719513
-0.591964457234394,-0.327733604101189
-0.490068105777838,-0.476762542966826
-0.466940663123265,-0.38810958241116
-0.438268136272661,-0.431789073247674
-0.53195667769131,-0.370851364501306
-0.535768276629297,-0.347127363727562
-0.532267368785815,-0.418106450588723
-0.493778490737827,-0.419234355734805
-0.481762663954721,-0.437420211773918
-0.579083338861005,-0.495224234356774
-0.573264163459748,-0.41353059907514
-0.511180795708958,-0.480174906136744
-0.580644500623756,-0.466580167979096
-0.575228078546653,-0.46026969711779
-0.595084880130312,-0.437264085770164
-0.607426896014868,-0.510333873544762
-0.643886368050419,-0.464416223933653
-0.70157055666062,-0.451271980732246
-0.624061686944816,-0.499518710389456
-0.697903301411566,-0.48438149310177
-0.695062831050052,-0.474099839462226
-0.691277135621741,-0.556878743826806
-0.678647827423284,-0.510107801722622
-0.733474352951979,-0.482166052068721
-0.740959158544771,-0.504325921510623
-0.764895900821507,-0.492222541675251
-0.680957165334254,-0.443192484094669
-0.668249757524051,-0.457046531573192
-0.778247654460671,-0.494364144098504
-0.753556020136567,-0.468809891888531
-0.755759107861796,-0.501388097722127
-0.772305960764661,-0.489173692947562
-0.734032578875765,-0.416565249521696
-0.702176757757629,-0.404339570409271
-0.765358185837082,-0.45476356124736
-0.773175373967542,-0.440850867785848
-0.832462553495237,-0.416669481636363
-0.723744696357767,-0.495042033153648
-0.787546908758991,-0.471160735754929
-0.750802202316103,-0.501028194742139
-0.76275132999023,-0.45844893387957
-0.702581563585422,-0.473225581912815
-0.735952432183395,-0.422669951337972
-0.770642611185843,-0.478583035434405
-0.742430703983085,-0.448283836152078
-0.770901341824022,-0.441402978837279
-0.740439668680177,-0.477161998747068
-0.773676714374431,-0.47383475115626
-0.735309874030086,-0.430918939114447
-0.771468338674659,-0.490697746407241
-0.760738881611739,-0.524180842972211
-0.761198897562704,-0.498792674465624
-0.692805526240839,-0.520888956953388
-0.72738132314824,-0.531859122473103
-0.727376136539419,-0.539308514549082
-0.631533360455521,-0.501734267857988
-0.678351934644089,-0.514802299523729
-0.698385530971448,-0.55462050402712
-0.64607521017302,-0.529764463429925
-0.655119639447753,-0.492934205951968
-0.641044535866645,-0.477894717884079
-0.61954367433753,-0.508239998775109
-0.583966113915389,-0.559242800704082
-0.54945146993071,-0.523477069830791
-0.531261124090006,-0.491461104637908
-0.528729819787998,-0.467838566332988
-0.541683481164913,-0.457140045689552
-0.542619675996271,-0.561395117267461
-0.451744854852142,-0.549803779805606
-0.515679545593805,-0.593891227161988
-0.449634433254822,-0.54327370285403
-0.428094361641921,-0.529011417851884
-0.36547298019415,-0.622261320184985
-0.351584803157037,-0.560290221545508
-0.363867552764819,-0.559805164144145
-0.249749927154311,-0.561592407250048
-0.206068697315498,-0.582801381838776
-0.205336754019604,-0.653504074589586
-0.129059031535684,-0.552703154439625
-0.121798899390959,-0.47584619183549
0.0267417834988751,-0.533518170948453
-0.0895868002996638,-0.529974729124442
-0.0195749033757604,-0.509277046503647
-0.0101850280433782,-0.484820105186955
0.115258645439732,-0.415918988050346
0.124106672867405,-0.357456428343736
0.224431275340493,-0.373849985735241
0.15892778687033,-0.291943227490725
0.0982686951933621,-0.20176817546277
0.249732845972564,-0.167228601251207
0.219874471885933,0.0521446683166251
0.227074505418529,0.0482627016038738
0.442602170038779,0.197223737077726
0.35934440522215,0.230717851589365
0.422142677684384,0.290839360495462
0.370529131400803,0.331248657519059
0.366946844262838,0.422092218614563
0.345652484736577,0.281284158780466
0.45691757792716,0.350138975753259
0.450080906085389,0.448069869821323
0.491174191851795,0.316232217419975
0.555975881400318,0.386097805115007
0.449887075035535,0.360474640184456
0.417457932025283,0.268803912351881
0.429343822508015,0.429402590020518
0.437620029787812,0.385299222313246
0.370741775555119,0.371184608491455
0.339759021067019,0.413483092426439
0.338782693490023,0.445184975840267
0.26885289478979,0.427488693540852
0.385197596443387,0.455292008192345
0.323002540452932,0.519138244709163
0.242122166502058,0.465438538633548
0.204137853430207,0.450709555025885
0.229817347695057,0.518572117957915
0.101183743137296,0.434165762939678
0.18691396210304,0.484763186432056
0.167851502217525,0.445480681828541
0.155414278918692,0.548182108195637
0.251401212784802,0.45724454042749
0.0819423536290696,0.576932400202868
0.224928508533344,0.459512430264391
0.106468096725411,0.525004122488383
0.0894634395381582,0.492982900622257
0.030073708124557,0.496351783677943
0.0539030218039381,0.500561873765679
0.0425444217872831,0.600594268196642
-0.00102200717597325,0.513358708101776
0.0614139521161629,0.451235805363393
0.0228492954921427,0.59962225135567
0.00475510343616042,0.457984648924285
-0.00385879583138976,0.487458982660543
0.0457701847263755,0.529941484742271
-0.0173964379574907,0.493889164169891
-0.0527666076471617,0.50372676900589
0.0223362337645345,0.512863756282847
0.056913203085472,0.62031452585133
0.0195323149993444,0.409431162411363
-0.0865114021773232,0.601227848696367
0.0517241379310345,0.511754769120552
-0.161036824525726,0.447541678090313
-0.0462467577667143,0.544334654677289
-0.075084086388689,0.527876910831382
-0.0774327786281288,0.513947174981777
-0.0657195793114389,0.46217540294464
-0.175393449086769,0.4581609333749
0.00949785452786219,0.550709950252806
-0.137639803694647,0.496168281990413
-0.0852475449337184,0.494461110728282
-0.033506319761717,0.455370221298168
-0.05525757544612,0.490203528373476
0.0246766097161198,0.597091700536929
-0.0841703882257899,0.455587905280366
0.00924787666204974,0.616846435850439
-0.014865586955079,0.474250029935233
0.0181440130843483,0.610043110720708
-0.00960247156998867,0.585856684589417
0.00869602203571324,0.612440916034857
0.05938188346808,0.525501850989824
-0.0093442328724724,0.635273907820917
0.00664575406528728,0.710193158458087
0.0108281921784141,0.565869037462906
0.0262183770228986,0.56124803549629
0.0507596176282165,0.599736924285566
0.00816397941174865,0.598523923347144
0.0977294413040161,0.540082140704751
0.0182456615871627,0.468328349533576
-0.0382542446046868,0.61411031713093
0.0737288249827132,0.610515100997941
0.0597771146656649,0.495316823105519
0.0428435402056542,0.576938336412987
0.0106705436695986,0.577134026280414
0.0506814828476297,0.477824461800291
0.122767325065976,0.558886910872706
0.0193052106948557,0.546980572536408
-0.0121740221398322,0.534627891709041
0.0342294241011197,0.570429857340792
0.0151936678349285,0.593208026959606
-0.00538462928202263,0.573409500061387
0.0820852690777601,0.565240202204365
0.129696978288059,0.540411392896667
-0.026303323749718,0.520930318123596
0.112823639134499,0.57985387488234
0.100525450305378,0.458982284870506
0.0954320453132655,0.511344087261356
0.0536908175842684,0.497038272525792
0.0811592496854533,0.507407902988939
0.122968500930566,0.519625742590904
0.0612773021154088,0.52821982184995
0.136476998176778,0.449933463887756
0.168100216479931,0.508031361404846
0.168264952814586,0.563467803048374
0.130985158072646,0.420568289688601
0.218715798136002,0.465396032559557
0.218331029734961,0.539891150559718
0.197530497103442,0.486880933514819
0.214203400259148,0.266143374373869
0.266021328171029,0.438998655277693
0.228541183536428,0.347935268595741
0.227741097147806,0.36496661320266
0.12890741816028,0.310579520752908
0.224209534034495,0.301329623831161
0.195146143889341,0.350137985095464
0.208982220114763,0.451377510341444
0.248746799524866,0.23234469741407
0.192016789315872,0.341207591845915
0.217525298011403,0.392960110186163
0.250129468208122,0.294474194567251
0.173282684396763,0.274907603319644
0.23960289414325,0.308938882141288
0.183230601968299,0.259113782274279
0.188017101290092,0.27183134982551
0.213421563305137,0.217175196515618
0.221364455188465,0.185285964880445
0.179257949375962,0.165543689175629
0.263069550879978,0.287984081558227
0.213053866454273,0.337405179608593
0.271722705881791,0.161397811424688
0.116439906486802,0.132487414383083
0.0764454091413935,0.138774995185254
0.274743053190674,0.211807164572176
0.190248678233434,0.00997427963262457
0.237536274586291,0.14914668989769
0.35226593034446,0.217673671262906
0.223531844395057,0.0887464167209956
0.238351040363124,0.0327763502259794
0.24846197942483,0.177672716961748
0.234529355106307,0.149860267412552
0.322969639253182,0.214038865784758
0.264185441142342,0.102223268139495
0.337692941002434,0.121725816623742
0.204043156263904,0.190658056254546
0.399356663584238,0.0678874675140523
0.289141641249489,0.227893366635461
0.355271872861522,0.119769642270698
0.268750659141473,0.187094769843721
0.521166793991543,0.206667838278804
0.214631545735503,0.190988155671833
0.462002535710951,0.164633265751318
0.424052324953819,0.121396687369365
0.399822553201828,0.141472902509043
0.349687375623749,0.152546923544646
0.399401153601566,0.130023455729233
0.524864784415259,0.106777109162155
0.320820772963271,0.0707275831690603
0.442477729670784,0.040391988491041
0.470301299580436,0.063099225690612
0.538537074134551,0.188071608716372
0.288552288207631,-0.0779448392137502
0.427174331784042,0.0937478086564975
0.380360239448417,0.0561110939847152
0.376297677633308,0.109945531156717
0.47840994267665,0.0737179434525198
0.421400933232011,0.0708187344952633
0.425095134027857,0.0614384494811839
0.533382090608869,0.178409014398896
0.347527486188171,0.0703188447003785
0.400054332500906,0.129192298783841
0.414646703950552,0.115555743186807
0.373857065999645,0.149781267100656
0.293159036874588,0.164217428643522
0.448870155406642,0.164179728055062
0.339121198440947,0.19876262630941
0.363171204172496,0.14371760016411
0.423908631627685,0.0440937961387536
0.463987356969541,0.194586821293971
0.339594822510354,0.146384274866685
0.37454073267654,0.0631363892153407
0.363616584617365,0.153902417572975
0.330702124501127,0.172248153384236
0.395819176834386,0.132224257347417
0.260370667426367,0.14419776499475
0.419125068878434,0.130796470092144
0.303729905935944,0.187447807966583
0.199545425271187,0.309443997298529
0.368252936181842,0.217072558870509
0.165806738720045,0.152390795171406
0.333170648740503,0.150868031198428
0.14257450964312,0.1224772421951
0.264738261841317,0.15106786892257
0.191896229695527,0.197036860774682
0.259691850062195,0.118076428913385
0.17125538720326,0.0917408237011076
0.241960012207562,0.0566379794322012
0.234646876332009,0.25757340510632
0.262150688603373,0.0494755412342439
0.18289801037708,0.068688916626439
0.197179784043995,0.0792060599675145
0.197342355913123,0.0577160188343253
0.2142187771442,0.064182642520681
0.230132437730214,-0.0683026694890622
0.22012068908402,0.0830036821098809
0.284956141936302,-0.0110535640505659
0.264963664224309,0.122117442427687
0.168438181011628,-0.0138683152415952
0.305320833656774,0.0877831589557834
0.281548703783203,0.0545940120041025
0.292573565818342,0.0509361649795964
0.240102107933087,-0.00771057923275789
0.282224830639036,0.0456409468804643
0.264407271325063,-0.0254921836748071
0.151286817968119,-0.0246404458494823
0.291257279775727,0.0357340133771245
0.236872445694925,-0.148302309865284
0.197126439102416,0.0911986926824207
0.156939025842427,-0.0140231009235741
0.238121294837354,0.0354566691529565
0.0964374300294556,-0.150878009923874
0.188998332558535,0.0809360178478675
0.167779241821179,0.0176040188434382
0.230845599547684,-0.00741327844105114
0.156586459920274,-0.0222278866201228
0.125361755212963,-0.0374774324282365
0.213443251124802,0.0148521923771216
0.172865780425365,0.0811466522872503
0.106056626628967,-0.143324507515477
0.138517392302723,0.0600680534788872
0.130792647998796,-0.128345007318096
0.209400487754692,-0.0980632887458041
0.159738024560319,-0.0269797745125628
0.146921102424787,0.0351928063592596
0.162445448705409,-0.101694915254237
0.0660347402938349,-0.127218006810055
0.235163736014519,-0.0562592365337722
0.135216631607156,-0.115693953697565
0.0651979229145019,-0.0743169820613998
0.172326456069159,-0.0424043003504774
0.124071616050698,-0.206564403819221
0.208097608912374,-0.115032891360587
0.166086707608717,-0.0443110155701267
0.156385455349524,-0.151135304530627
0.261255438149634,-0.0222912623933354
0.147665369897755,-0.160947570824873
0.084958252256214,-0.113147573033331
0.170321601920866,-0.119928364151252
0.294516311522384,-0.146867578577802
0.182098704335317,-0.1769546917791
0.152569294453243,-0.0475090223047798
0.251152870378764,-0.23420344259781
0.0925286762000822,-0.112197862249554
0.167868035248163,-0.17392449393828
0.141765778086192,-0.258221920279948
0.187103086131575,-0.154555105242315
0.0245996924137432,-0.130621285635718
0.117196281515885,-0.230919208745437
0.205921054756102,-0.263955714167558
0.110697591251097,-0.0672261126008084
0.0649354248610834,-0.327659248468411
0.106457773055764,-0.231482711273801
0.0835971904148384,-0.311342160811737
0.248428112724958,-0.0811015797563193
0.0455585971516481,-0.134871185794644
0.130538834384991,-0.264566920259992
0.122942173304936,-0.301280639281676
0.125870492280115,-0.214684290074626
0.0765233251101719,-0.301168405950527
0.0201181291937312,-0.177798223576423
0.0682304662290222,-0.15238456228875
-0.0168589061498476,-0.254194217558062
0.0783671047914331,-0.243171435356757
0.0861098409444612,-0.278792950089371
-0.0418928385460421,-0.19343048135961
-0.0165919981219193,-0.226324723502386
0.0402297830293364,-0.285910968703904
-0.0142911119633652,-0.248358571618779
-0.13138558258342,-0.248641173381769
-0.0422404641908335,-0.18872382034035
-0.0253218478965159,-0.276153572798952
0.0349734547415795,-0.139268754664482
-0.0449992795728269,-0.275503235045048
0.0130945700219731,-0.193147427720975
-0.0644846002467829,-0.223271508074239
-0.0571779414879962,-0.134221383602185
-0.0868281588689656,-0.199832850615236
-0.0537913742514867,-0.103939134919066
-0.0275174263676801,-0.267115707239892
0.0731039539995415,-0.0441785323733769
-0.103738733638278,-0.0770811419898308
-0.0299060486894001,-0.178553147163711
-0.0222915818316233,-0.18670479411873
-0.130682191770487,-0.116001179613946
-0.0236592693822114,-0.0994493085849006
-0.0625218663112529,-0.143543104723654
-0.114798421143055,-0.209447259678973
0.0308519763191603,-0.103390919824337
-0.0933485096960879,-0.0493349509978113
0.0169698700938007,-0.111999330399765
-0.276971042420914,-0.203811956258702
0.0222729591510538,-0.0517312859307108
-0.0189223299202214,-0.118300468239191
-0.0747158620153172,-0.0874166952269762
-0.114012759813891,-0.121855061695953
-0.130007416166668,-0.0556593718870037
-0.0633466680699946,-0.0965781719342494
-0.0982693936314771,-0.0375641204117661
0.00317492220022658,-0.0704122097743475
-0.0677966101694915,-0.0508474576271186
-0.11169135615226,-0.115899874757113
-0.0289340132404499,-0.0691821627256489
-0.0594755656509933,-0.0197886734968895
-0.117481877957343,-0.0457545723481817
-0.100447676628855,0.102564689863551
-0.0803407934629392,0.0779921012234994
0.0283746906450794,-0.0300526584311911
-0.0638071187457698,0.0402368927062182
-0.131405697287862,0.0969127817961839
-0.0327868852459016,-0.0163934426229508
-0.0506875980331874,0.0663415373108399
-0.183698968502229,-0.0386537538039811
-0.0468779931697772,0.0140946603885582
-0.100607670133102,0.159932038506114
-0.123924493938281,-0.0247715946210484
-0.0605755667552221,0.0440184452488804
-0.0285263412182526,0.0499794683227282
-0.142613789192764,0.142613789192764
-0.0867177990728821,0.0597631072937818
-0.0856177979686534,0.171260678670769
-0.149770552587932,0.111134244197973
-0.0610303986187886,0.0469086419323451
-0.0282699072432263,0.185546819610897
-0.165441696393843,0.180076414641932
-0.113066164878151,0.158581170582325
-0.0878260380501546,0.155671494478465
-0.121137279527245,0.200656910702561
-0.0639674459613728,0.193067383980274
-0.140491099504941,0.150994994906902
-0.155786581309961,0.237406953970233
-0.0629115073719058,0.226845933601414
-0.17060113295833,0.229789156966535
-0.162200485678103,0.195533819011436
-0.152148766244757,0.310128358737622
-0.157450383234223,0.211101224466108
-0.106345381137714,0.180693425417378
-0.118841586141662,0.243071357893653
-0.109378298482317,0.310206607175298
-0.15276565644399,0.275290360849481
-0.204186460941241,0.254307751934447
-0.161912944035314,0.271126050776982
-0.22441798892739,0.227799047769294
-0.200421467853881,0.270126510044424
-0.116350260895619,0.230805406824259
-0.177045909008343,0.201574952999867
-0.196455033267978,0.308060503560502
-0.200957308048164,0.321604024193867
-0.121793482132299,0.266755963564503
-0.214651170310877,0.252524652858645
-0.189543756440476,0.365707359208129
-0.147637430257762,0.255615197832782
-0.246138334088218,0.219674104221713
-0.285202499542944,0.339882016485948
-0.286716190900843,0.331418343909128
-0.274089284093941,0.316316922064245
-0.249219289222031,0.390347674573625
-0.197786142217477,0.289066056765708
-0.283467046955186,0.324318313501149
-0.1983657860465,0.309969760075322
-0.195612293111617,0.446759707833098
-0.225173113762248,0.297749600661105
-0.261354427376799,0.395662703159139
-0.129755890179696,0.368478926309542
-0.224769482045241,0.422830719411739
-0.194918860277452,0.424307499033882
-0.151470701100398,0.545661433317882
-0.202303843910115,0.492440586719728
-0.275534585624752,0.560557394973166
-0.13971160431347,0.504189796552578
-0.281736971232955,0.499211511170421
-0.166817377099776,0.427702531977757
-0.14912782022317,0.4754566370113
-0.185743895621348,0.541095712437247
-0.204358456936418,0.485203439008989
-0.139076935998244,0.575415846271698
-0.169697956585844,0.519385797990731
-0.143047799509009,0.556328481976497
-0.152496531723365,0.576906879633085
-0.105293506712411,0.573609165959321
-0.111506188564786,0.636490261009256
-0.101422689462811,0.521550838786233
-0.10522578570316,0.526934624551371
-0.0215891517882469,0.493893277697152
0.00817859021940509,0.451553484420739
-0.0520541921557862,0.549952054799229
-0.0350390750903113,0.433281165009986
-0.0359424987418866,0.459121474785329
0.0180375794326987,0.406808762622731
0.0214182088979365,0.485452321774676
0.0686453020908054,0.380292340819496
-0.12135039854761,0.472026134034415
0.0595480593826005,0.368176835005536
0.083887552322464,0.435695743780728
0.0598975731299118,0.405907191274542
0.0339975283015598,0.351954550513161
-0.00525921066468581,0.354019564267369
0.0485991935906811,0.394132017627563
0.165205045128716,0.268861483349009
0.05895296336416,0.392967940566692
0.0239727614618394,0.322808558178169
0.00938768676961299,0.465954616582067
0.109985725549015,0.261699903923369
0.0415881247868763,0.343116453434645
0.0539558793796776,0.193837856834087
0.148713316712012,0.242955758623948
0.0107500501121255,0.197655296276199
0.0906392706093594,0.301526674483529
0.197854533897959,0.147777262364909
0.169979964193191,0.208599651392092
0.150938407501742,0.183254918858844
0.150638330323032,0.0373986830103107
0.114528370596418,0.214000208629017
0.224152130466206,0.109940634122033
0.327685023197871,0.297268794713698
0.288547757972066,-0.0342675595063193
0.352000268319115,0.0586860448274773
0.34867804735709,0.0573633531884942
0.275436129577929,0.0663240082399924
0.323210327316588,0.102198857187962
0.38644572415468,-0.029785889414819
0.378627408527565,0.0488232459946431
0.440523410924506,0.0730231381083033
0.35501483197605,-0.0534385614210285
0.353375717168855,-0.0468768799400322
0.417040800702857,-0.0392450070483532
0.351146437175812,-0.00837488056186804
0.339490345713173,-0.0977895535108784
0.521496338769225,-0.082519612172798
0.542466228419211,-0.0756171343046324
0.477983593532381,-0.129294283026486
0.38708343067348,-0.15493309599279
0.449206615675456,-0.206962886537944
0.363936230634611,-0.233810017784846
0.465669304190612,-0.269910172632018
0.474655769167047,-0.209907501812507
0.4755563958604,-0.352559403075434
0.438853238880708,-0.282402817736687
0.470237235968202,-0.239027703472118
0.400867984745019,-0.399868532990401
0.474936046294434,-0.314991406763865
0.400023444902716,-0.270686992733145
0.453229590643084,-0.310131287768963
0.475466397784153,-0.267533314842522
0.387973196298208,-0.222503737213895
0.480903132819911,-0.305313829957504
0.3621859764732,-0.330219051508112
0.498785132413296,-0.273789979174915
0.41392153529242,-0.314748426544954
0.490752191131253,-0.431955561388838
0.388982314838536,-0.421687002677016
0.382742042264627,-0.3609101820224
0.438103094374417,-0.294159807671447
0.421676182201355,-0.333568174665502
0.327185311367148,-0.425572510489287
0.422973236648465,-0.292416858693085
0.327490533960868,-0.281523282146855
0.32211147601065,-0.268501788560045
0.23475254691712,-0.379371062751161
0.257904331181511,-0.356358985462455
0.261225601814765,-0.343719406024588
0.215422764200364,-0.313136083300754
0.276581963720475,-0.264225506707828
0.109395083850176,-0.302648964226219
0.320753699788189,-0.236182566918871
0.271304987031602,-0.294533393917907
0.241959299192932,-0.311261865207767
0.190785584995877,-0.348248175929275
0.262250671109406,-0.314067988860408
0.161947101568533,-0.367946533471179
0.162749230663871,-0.310339590331006
0.202962099809583,-0.352311362429507
0.106955407042847,-0.388176473497789
0.295297430543274,-0.355168707208142
0.187396226387109,-0.361542577568428
0.173753213717675,-0.443195158343728
0.190561171767936,-0.45073879124221
0.0689959550626034,-0.372719066662885
0.24660910761211,-0.276017161074025
0.0382028560003247,-0.378552755586968
0.0603481033677683,-0.310770313265172
0.0426902777310265,-0.305711512975482
-0.0522585561898147,-0.397286120623034
-0.075707208607754,-0.276004194136922
0.0352604817770886,-0.369697012194924
-0.117517106318015,-0.358428930056179
-0.086940353652125,-0.379565964907504
-0.0822006558686268,-0.328117926320366
-0.0677497627204899,-0.338256530502702
-0.0995818134225412,-0.212888782125871
-0.018432856148551,-0.333101449066171
-0.00159845538461011,-0.349382097810039
-0.034805338507213,-0.177217150688426
-0.045151490875065,-0.354332438629178
0.00456211547534933,-0.242901426573467
-0.167205442355141,-0.232762429556809
-0.0516760761138201,-0.225127456118179
-0.0617798982562265,-0.227788941988661
0.0236460048601244,-0.140251769886741
-0.0600229809479563,-0.107115312438598
-0.082792571272482,-0.218567650190767
0.0480680362269494,-0.19024277997113
-0.131997336858049,-0.0387826237032606
-0.081113760147926,-0.105723355993059
-0.0162802088023151,-0.0998522823343681
-0.022956282174816,-0.00236437146513732
-0.0282203355830992,-0.0691691053585725
-0.0707235285918617,0.028699465344354
0.0534279504711853,0.0452941299512681
0.0272060532504766,0.151052347750587
-0.00960086742426669,0.08480638747479
0.0910217912041,0.150427036335712
0.0506168461666465,0.074584185844155
0.0649902596153578,0.0129121127523832
0.0948618557672261,0.107177031995093
0.0252538136138053,0.0757614408414158
0.0309372917476553,-0.066856299196828
0.0955027081986964,-0.00451391340365132
0.0230275598304836,-0.0494122428251949
0.0372161463782393,-0.0147211739244561
0.101810154137151,-0.0951200053915996
-0.0064088086619139,-0.00523023605024022
0.0375187732664008,-0.0785338604675815
0.128980553991595,-0.0327560802835323
0.0838089547859071,-0.00554785554415505
-0.0226823371721658,-0.0505031518673747
0.0716262133911467,0.0591632079472483
0.0379839300753953,0.0992388680840167
0.0365744886820628,0.103719785078613
0.106552747872388,0.0426998355006063
0.0335000130719009,0.059174132598973
0.0522636319872482,0.0100043013156908
-0.0215737770310181,0.0321344678226581
-0.0345690295380739,0.0654479179300517
0.042664025505184,-0.0745391641572146
0.142875945720008,0.0451952158452334
0.0185043141061237,0.0107361240637558
0.000920253587049413,-0.0675315016826436
0.102158056499961,-0.0338232787716299
-0.00859989901981704,0.0236317631827604
-0.00756926871958165,0.02529969101136
0.0313174263498807,-0.0562622691458593
-0.00698996270772895,-0.0540500181444384
0.0292812251010643,-0.0490001350614478
-0.0511655958260863,-0.0980064186972449
0.0288028803474649,0.0821768168440089
-0.0721785618194212,-0.115570490113913
0.00730825945338918,-0.120645359754085
-0.0549015458499716,-0.139268754664482
-0.203652644222315,-0.160079122010894
0.0293476321222699,-0.0302215716861159
0.0378807204207079,-0.125870492280115
-0.0337519694716949,-0.134537644688674
-0.0422782892905461,-0.126611323252821
-0.0770425805073051,-0.0741560989780894
0.066304821091612,-0.172685302319992
-0.133244528099543,-0.0549855195106276
0.0951687305409169,-0.116480247394362
0.040391988491041,-0.064950004988777
-0.100218613623907,-0.0734464342359757
-0.0295292376253783,-0.0937436438650581
-0.0107321026560985,-0.126126915816466
-0.0597984107201802,-0.123602122568305
-0.0497886734968895,-0.0556684469052235
0.0247362911946499,-0.101486165531711
0.00970272113392085,-0.147722349159971
-0.0274468059634021,-0.0425783366037538
-0.0342732824701822,-0.100996886732448
0.0494499994478856,-0.0891368916019895
-0.0117851130197758,-0.0548815536468909
0.0902368927062182,-0.144280904158206
-0.0712925751995222,-0.0328437189410799
0.104270999857183,-0.0321887622900043
-0.0374770443728842,-0.0899769619215764
0.0268777362309645,-0.0373401346503886
0.0743826855009919,-0.0467433652759898
0.117295248911779,0.0496371349474959
0.0505249178186519,-0.0138071187457698
0.0317215448650919,-0.0630018112959087
0.026537483127111,-0.0327868852459016
0.0362236172785643,-0.00173070178688663
0.0184262134833347,0.0074535599249993
0.135355339059327,-0.115829124471764
-0.0116321992707747,0.0196357597478884
0.0379524280708982,0.00635355882077053
0.144171358997881,0.019085759195774
0.014574460774349,0.0302415672108549
0.106353558820771,0.00175954681666807
0.146483356149517,0.017267856551306
0.00488323677396509,0.0977851312723555
0.0885015898443355,-0.0255414873403352
0.117576170238126,0.0617699767035105
0.0395035955087418,0.0223846884374865
-0.0188151226033912,0.0109549173874135
0.150262458909326,0.127351778582214
-0.0319803420060354,0.0347680796940591
0.134454594771042,-0.0208818210000029
0.000578947949594088,0.0537894748465566
0.0424682482899976,0.0944752962444708
-0.0532867255966006,0.0532593402339246
0.0479394427923083,0.0508474576271186
0.028581101223487,0.0859634484489816
0.0832817399391617,-0.0461046037199212
-0.0517048333016056,-0.076318477982264
0.0299666037647065,0.00651465025282849
-0.0839554345406354,-0.0435669106912676
-0.00813921404452239,0.0403595513431565
-0.0514067802224892,-0.0549600116460896
0.0442485471288913,0.0121584998182993
-0.0622600449376819,0.0451250646789226
-0.148424701547236,0.00621622203636459
-0.0175753569681243,-0.104890713664456
-0.0540170217353834,-0.0160142651381571
-0.127187590593091,0.127265097514797
-0.251199228004644,-0.0168514441988876
-0.145100881579958,0.129054764002683
-0.138515108609173,0.0630706511223081
-0.0807470778762271,0.160982326191465
-0.155802338557701,0.072231881352809
-0.170241308734741,0.0807886386421204
-0.196076846424739,0.173200262354788
-0.0160266453398394,0.119948422440012
-0.161499801331107,0.0766270385995889
-0.202298940728995,0.213874760775533
-0.173584048113304,0.138560931070905
-0.225467215427504,0.195267009027744
-0.11806392614062,0.141860720929683
-0.257088590425103,0.0870924052220109
-0.166601264820868,0.132804306934341
-0.188524012107259,0.137388899479718
-0.285029588801621,0.207132910075168
-0.323300809044891,0.23335349202446
-0.224291419819541,0.210818396620743
-0.325252607694293,0.232607309704507
-0.241716129490848,0.174011678237426
-0.188824943765981,0.0423167688319366
-0.192445256657061,0.171686711263662
-0.262134557801379,0.126787599167715
-0.133760952777434,0.226042189250534
-0.242566277756587,0.0147205792901665
-0.200310661198028,0.0992924533476493
-0.20843689340539,0.206170804367198
-0.272371470641435,0.233215176993707
-0.143095413724042,0.163619334730838
-0.284988256521816,0.144392051336191
-0.223027039282728,0.0885126493159486
-0.189210557580098,0.24164664772411
-0.17103724050111,0.235788202830296
-0.211618873590259,0.17982513264322
-0.16861661067967,0.219535129817197
-0.122127982254495,0.0655415884449295
-0.242063097777665,0.167453285198232
-0.216910450892987,0.239734210168261
-0.166933998192443,0.238513158562835
-0.191189640621962,0.18834990387677
-0.156795383442337,0.272608879769215
-0.202125949568552,0.166591113139639
-0.111240175228236,0.0945815618468875
-0.278547714173228,0.248141128715943
-0.0998889692497888,0.196139313156452
-0.263704254186947,0.275982265558797
-0.210241351342102,0.0754531795290223
-0.217306566107059,0.154277414752791
-0.225835341705615,0.259990022879751
-0.228277585772567,0.151032523210036
-0.300948077905435,0.116805938219047
-0.302495926957205,0.280269875075994
-0.221157947305735,0.146516209793062
-0.348860618806973,0.109249298838851
-0.317551537235345,0.321511668102155
-0.389078246794283,0.10747411798684
-0.252323318030547,0.126846307844266
-0.197113686351539,0.0710390551544463
-0.303588818638451,0.144219258679865
-0.304716537709788,0.167975461292353
-0.290602715415892,0.141091659912897
-0.273882250565412,0.265185562078743
-0.198880055947402,0.024907663124774
-0.259691850062195,0.0334675759240163
-0.163214299289271,0.0329444242132769
-0.232554351570584,0.0600988372857778
-0.231292081053752,0.0754682270901451
-0.168528277884857,-0.0158730158730159
-0.148179256687507,0.049487049709641
-0.246887549819929,0.0297955836148758
-0.25425689565762,0.0202829623518589
-0.266488409532531,0.0288151106046666
-0.212823917628179,-0.0444218503789145
-0.266437195262706,-0.0247254946355969
-0.271582614906909,-0.0836512383811533
-0.1120305394148,-0.0140606890004284
-0.252292918585042,-0.070345712191216
-0.216886794143022,-0.0073193699191137
-0.240808931436972,-0.200568339853912
-0.279688019524486,-0.176000438457115
-0.185220662394939,-0.136360184118926
-0.228752479962076,-0.0907149682669075
-0.212730019300061,-0.0605947736065438
-0.181636582712454,-0.132389278297359
-0.182162497392823,-0.226500380813245
-0.182036200381223,-0.0420895181864364
-0.126311440382717,-0.180152710053198
-0.231296520247025,-0.0873384736385457
-0.10529933179213,-0.222295232909488
-0.0908291953386863,-0.102446373639397
-0.125442081383554,-0.10638048122838
-0.233015897849495,-0.205681732892389
-0.127394403473383,-0.165971789399938
-0.0812593055358387,-0.211201899234787
-0.0822360015811611,-0.146640960697081
-0.0472111099508428,-0.316797744981532
-0.0807074073773219,-0.179803124397463
-0.0273782421204843,-0.329483879152824
-0.132450735286641,-0.30994802967407
-0.0333251556502764,-0.213917213590386
-0.0407074267824251,-0.295173629305781
-0.101628313772408,-0.318366618947555
-0.0495888911393381,-0.281476523135181
-0.108582428306128,-0.307469492320842
-0.146092659451678,-0.383559787133566
-0.0893492697589391,-0.33954859781583
-0.0880287128147038,-0.319170771306928
0.0101955574430486,-0.306905644092712
-0.102615691836977,-0.267991308215072
-0.027411550961797,-0.318988973747779
-0.022307382468549,-0.292946286650017
0.0173139655933328,-0.255856428950531
-0.0559564720176572,-0.403561286840106
0.022973551061376,-0.362314527078479
0.0406495167014893,-0.362803449221991
0.019206776416022,-0.333631095669058
-0.030685429458369,-0.393256189599534
-0.0371626334734022,-0.253096732886939
-0.0834327517087618,-0.38565763803527
0.0400962763441411,-0.345641275577945
-0.0474343208475638,-0.237831668951326
-0.0577278188986098,-0.322668562795153
0.0167767759884569,-0.238316434917872
-0.0106512442711972,-0.317713654528786
0.035909364490548,-0.270738233377484
0.0272968500579972,-0.203089463725454
0.0594891055292932,-0.298804655086968
0.0727328789832531,-0.202919111775585
0.151759325260928,-0.259311872076712
0.0882986266130973,-0.281454970481596
0.0802016481058903,-0.23877883940105
0.161474086599246,-0.252491580946691
0.0600543127341438,-0.323531314569519
0.140281320302757,-0.1142502696274
0.187659845587811,-0.250473383315612
0.204139797305381,-0.214604991933551
0.0511072654501857,-0.162667671630855
0.189054819984261,-0.232670004042929
0.313206533986461,-0.158737220774446
0.190622090441792,-0.176540100427711
0.291012093437004,-0.116184254619261
0.187873575831855,-0.190323349453755
0.167353358892735,-0.121935295399344
0.195924395036572,-0.130830977526094
0.285074497856075,-0.17355143098261
0.237798051141914,-0.130022791929806
0.253969896013714,-0.130631413155581
0.355951642513238,-0.186636752105183
0.324887934419612,-0.221403649521306
0.308970193122391,-0.177946243542592
0.326661286719959,-0.241614719698945
0.305600197616506,-0.149653284086713
0.374979957007798,-0.178287851825583
0.372191151113042,-0.233803588120057
0.422104919299832,-0.33159573611154
0.320462153739636,-0.280770965760226
0.321404738837169,-0.228269625411862
0.435286706662238,-0.311317062213569
0.477065486802919,-0.296941552876129
0.449473734002521,-0.301704981425577
0.393326778264232,-0.282519960564475
0.405511891318686,-0.319959714274433
0.381138980448822,-0.289001574732868
0.353621234989139,-0.323044244378317
0.323152280715361,-0.301278638019245
0.262375882343244,-0.285954235239215
0.377751457473844,-0.345912335156486
0.415201328929291,-0.367475657048955
0.358569988213425,-0.250679080327129
0.278269944689309,-0.301846031951969
0.33455324716288,-0.267105128503246
0.293059837897262,-0.309282111544641
0.287389179703947,-0.377952210123938
0.257107412484543,-0.325786853890376
0.134498696008272,-0.339913039807233
0.300945723467461,-0.33791982985945
0.269686771414659,-0.349128108558933
0.18131814140263,-0.313445335369055
0.229644970584882,-0.345557726362992
0.283227857275725,-0.349172509582588
0.0499811343718546,-0.370180188423221
0.159198240501782,-0.282639883946143
0.297825372500168,-0.303138377275666
0.143163640582267,-0.318957776181832
0.225729117913049,-0.289810515180627
0.111972733030185,-0.304646192765465
0.123057805537881,-0.273579330880078
0.149747099578539,-0.328628600787
0.14134396970824,-0.221595056747895
0.0922433045824872,-0.237427232205503
0.236430257430094,-0.216733942606899
0.102500658980216,-0.275435523626628
0.252360829194471,-0.303697152695616
0.165453889686807,-0.188390682779312
0.128492588592299,-0.25775944426737
0.216556465895523,-0.272548879519725
0.14306517096534,-0.276525824439195
0.163388119817593,-0.226879903675465
0.280375774447028,-0.290986455436104
0.177499627087517,-0.343505618123832
0.140983913810753,-0.335031054098149
0.191052356771596,-0.245620369333887
0.190329809650194,-0.301603039805779
0.154366147984487,-0.272865198295218
0.195994314613279,-0.308682597209907
0.210316667911308,-0.409340580049956
0.19129886357748,-0.274040788045096
0.264709375515685,-0.411920838698454
0.210815645796611,-0.353577596466327
0.257221942958247,-0.404161316685155
0.237497667502269,-0.373479155675491
0.176665050842744,-0.358666753348862
0.205910346212785,-0.309887056938471
0.181670219307944,-0.352564899543768
0.264804116806591,-0.390266499698782
0.198990793478657,-0.376586895496448
0.222863803532988,-0.451416751885273
0.295165145121987,-0.30241724900678
0.295031690231791,-0.437638127328842
0.167797597254357,-0.448479467595572
0.236523278282067,-0.402454679996984
0.169197600064159,-0.408211986658417
0.235793319391392,-0.328849487930517
0.269498436738554,-0.347132182487865
0.172515381464608,-0.323336121012512
0.176009329799711,-0.336443581385108
0.193049298706272,-0.406362881179612
0.20165143123284,-0.31684659501123
0.262483031356484,-0.434034475053924
0.269339805275147,-0.43114087033558
0.312723309365019,-0.383260624134488
0.280117459050766,-0.434857093172317
0.290743160753909,-0.446325013525076
0.324868565978658,-0.429099145924502
0.309817893022047,-0.450921018498814
0.332011948866191,-0.477249847392145
0.38164129006516,-0.367050282643952
0.346468776912997,-0.307754110020798
0.46809832907565,-0.421722292835187
0.401195207746839,-0.40160677289163
0.47449962929877,-0.43936919863222
0.499008978983546,-0.481102409990864
0.448075365438933,-0.36665097721402
0.435322564154168,-0.345597600858816
0.579394625812329,-0.322042217135817
0.542308117245204,-0.332785816191313
0.66232583650746,-0.413172971414412
0.633062772483765,-0.360218580239717
0.606971278637637,-0.396872190010248
0.627692804111907,-0.31644848489359
0.628134051161373,-0.347762028901926
0.644802172258633,-0.381239239277368
0.653985231875097,-0.308073513150436
0.623034666976993,-0.364156612332394
0.692711615256579,-0.347148650645463
0.74830275694662,-0.288224547795572
0.73188353716597,-0.350105294914313
0.720509369245076,-0.316224057311047
0.781326992467817,-0.292733460260308
0.699287002118055,-0.343835264446914
0.771065314629313,-0.332070445104297
0.734546863985311,-0.413856829648232
0.820071332312572,-0.412802877030269
0.751647671736065,-0.340833457615673
0.798166700070237,-0.382784281504031
0.835988334506933,-0.375812754335211
0.811484313691223,-0.390179387259637
0.800140977235111,-0.451063223213739
0.809001033706661,-0.424092007328127
0.798201960074381,-0.447204389556752
0.804319273175723,-0.490441945684557
0.823060775577643,-0.470200220123978
0.802717428652334,-0.514829369147208
0.798485521427233,-0.479830665648707
0.754675234032485,-0.542761660012759
0.771061083729027,-0.557976775764731
0.745903422079511,-0.569595699595364
0.714172776654058,-0.561729356487619
0.708856191725314,-0.567102216156666
0.738287137899521,-0.575467685679057
0.684348697270612,-0.608299331063203
0.668315013787335,-0.639579355636481
0.656858197476593,-0.620640539447399
0.644182641401471,-0.620447608775124
0.547432343656027,-0.642675071449817
0.577725030953821,-0.663329188024461
0.557646362197459,-0.70632085275866
0.566935872257001,-0.636356818485046
0.534188405258242,-0.710307165670926
0.542987094631015,-0.690141374708643
0.513710006405237,-0.686604136247133
0.51511240218401,-0.697300018119435
0.480966805518582,-0.685494644685959
0.493263446863733,-0.692844575992483
0.461910159034752,-0.750721735592622
0.464339614766831,-0.791167003969537
0.45031029469386,-0.791696793135594
0.380667736966605,-0.816389959030863
0.406386910276422,-0.806457917334098
0.400084630987572,-0.824235893865674
0.347885457719734,-0.81504962386889
0.342997235560386,-0.819639086915193
0.296618475437607,-0.789559726472128
0.325308781662556,-0.801673140598298
0.217586709863309,-0.7558058556296
0.185454780576878,-0.778868214799489
0.195021066946087,-0.70647055291319
0.142027594525757,-0.757974057467055
0.152657837263905,-0.724568559704345
0.137658228954377,-0.751504753939632
0.176986779245389,-0.711472838932806
0.203102730454612,-0.640435687028824
0.157827638557786,-0.729195588256104
0.197549667055419,-0.717389482474769
0.151855665467811,-0.639495826839535
0.206960947569773,-0.525893518532816
0.192465408426472,-0.571289095639306
0.199160960946531,-0.53825017085138
0.140694248216771,-0.46848984407105
0.307658100260153,-0.469681519925901
0.246057858960958,-0.417427849902534
0.252845231948131,-0.368644146586065
0.292411756933359,-0.356676830015469
0.319822711896927,-0.343860106243098
0.359236210338403,-0.311436445369745
0.240512508135724,-0.231184597847614
0.249927454357413,-0.141484273354669
0.337106672594945,-0.256851281885979
0.21748713864871,-0.204400004230563
0.257151148134712,-0.117815268071533
0.275676538472609,-0.128390421071829
0.194423619450867,-0.105335096510776
0.196501549572777,-0.124055343468336
0.216100739149247,-0.0449254396561437
0.24894681873119,0.00956281919128334
0.142917329771253,0.119502716291395
0.229369850846005,0.0440682732639105
0.109381749714486,0.073386481049274
0.0990714680144209,-0.00166643265826072
0.0763252354448238,0.00904310592705414
0.0948620160919556,0.0695663045610884
0.0193627190775817,0.0195974383464959
0.139868390705999,0.101026755730838
-0.0584272993243575,0.114667906087158
-0.00174455717603338,0.116319658778217
-0.022492271540315,0.177805117324622
-0.147779135279383,0.182755760043441
-0.136082848208675,0.171566069906928
-0.143336934440715,0.0418416543696807
-0.134816940283824,0.0743275258146558
-0.109399120384244,0.0765771633606566
-0.150054126589252,0.0450161571239288
-0.148978114227785,0.0547642024352264
-0.150328982151575,0.115859582087657
-0.109793081464878,0.0938929637765045
-0.183437675090629,0.0249146569495613
-0.201300362199101,0.215327930672634
-0.128591304872505,0.077865935364018
-0.368378136833779,0.0359109509044019
-0.186180699884032,0.067565604593633
-0.19103244527954,0.0212615985849686
-0.167007002848495,0.102703823964224
-0.232928654909399,0.147789197325675
-0.294433817907207,0.135905339611442
-0.190582380550513,0.0900413951829247
-0.341042925519318,0.123029782137589
-0.245905823081087,0.214222491404097
-0.32521013644078,0.136533462494339
-0.233584869867028,0.20235052868619
-0.357253697263146,0.190359660961182
-0.322604386276507,0.104654398163963
-0.39060753105039,0.217013845711984
-0.426296470476803,0.204280556507335
-0.335777525512945,0.178487083112841
-0.388336780287598,0.0731292238816371
-0.457176786204361,0.102338371919988
-0.371090851732436,0.147224082428738
-0.348749216949016,0.206272337478747
-0.441598207120079,0.0563358040915399
-0.466040586793648,0.0228270490207662
-0.461869314794966,0.135342007643268
-0.499154942327111,0.106423029769285
-0.427375518856037,0.0960883326398336
-0.331017917206408,0.0280573650360866
-0.532979167952642,0.0311817300250768
-0.4591932108818,0.103682991409508
-0.451890477844829,0.0555965587939214
-0.45698894761094,0.17751381959756
-0.365015754855555,0.226952971229184
-0.403257130880111,0.135457531352366
-0.485158603222338,0.189056195347412
-0.340065194973223,0.135666993189113
-0.492560943687981,0.216559058815116
-0.485583208362817,0.136547057483912
-0.444569875087862,0.175909310550967
-0.411754064783431,0.189201125942905
-0.408685602909339,0.163433992957923
-0.38072574446043,0.24078813143506
-0.497887982468194,0.202362075723112
-0.464895730714615,0.22599610656135
-0.335695518525854,0.291706292974804
-0.441837976219008,0.236538857781625
-0.493245157370206,0.321813949143795
-0.489744729294539,0.256211744040548
-0.348428705539813,0.257561497990481
-0.362074522846273,0.273359977896726
-0.424762822724132,0.384514068801237
-0.345221669752154,0.273612089261297
-0.388432936293014,0.295410612475255
-0.429155526206477,0.343897319539695
-0.422913656984958,0.315132084088289
-0.457694461682233,0.302553502823887
-0.439159915534646,0.350960908379433
-0.417856814271405,0.265279313967382
-0.507075551230277,0.299088659640524
-0.46884914678451,0.302697659313682
-0.400760201736578,0.375558124077123
-0.441793099655288,0.222125179872312
-0.295103365631774,0.289149959406204
-0.38536620720872,0.350556623377073
-0.381901411939944,0.251022959357399
-0.295330688350329,0.171467043972613
-0.372878082115664,0.205980190863353
-0.339509445355932,0.229534875740266
-0.339264722617528,0.159939928394339
-0.28833132192092,0.179529442749783
-0.340583645126961,0.20664791425885
-0.303717698579404,0.137425226450281
-0.278859803944516,0.168114509021283
-0.221676051329096,0.1269546917791
-0.307193311103285,0.250814210496156
-0.248454997012785,0.187376411425125
-0.133924796208331,0.134128714799237
-0.205730523404903,0.159318029700172
-0.258483169816818,0.169251801081638
-0.166684402837589,0.0544329205720445
-0.173216620345894,0.147814158149374
-0.112004753024717,0.132622241349161
-0.142284038010746,0.0627856752659688
-0.0644567357404364,0.148908728100833
-0.0801214721573491,-0.00646681627998015
-0.0953230188946225,-0.0223287832462448
-0.153858749848379,-0.0433645067412342
-0.0577683943888618,-0.00380838631084042
-0.0610429486811265,-0.0155635999862155
-0.11873862376476,-0.0715819179728179
-0.137054552887878,0.0341270098493981
-0.032504057400536,-0.00880391590066367
-0.141582445831655,-0.0707925583902849
-0.164864300945614,-0.0486293623033884
-0.141080522136357,-0.114749241456718
-0.177983158259631,-0.0582737737086103
-0.0953809052624351,-0.0650166650103235
-0.151734464083206,-0.161497571376987
-0.107970414185973,-0.0977466469317631
-0.0735117574423484,-0.0987431892984161
-0.0309291065049447,-0.12781116601554
-0.0817437814922025,-0.109380212398926
-0.0999329069356821,-0.12604573954695
-0.0224702249353228,-0.235508252808328
0.00192591212636218,-0.103754079549683
-0.0116980224740663,-0.165588233288326
-0.0805998371837757,-0.145492804187194
0.0339874460552901,-0.264938542679541
0.015212397663709,-0.146904456708048
0.0364889877270251,-0.126700243475099
0.0144158495948156,-0.193399051571045
-0.0027759166145508,-0.170431863843215
0.116483318212514,-0.140384700671225
0.140265096953325,-0.255889748057167
0.0412360701159486,-0.237477166859988
0.0299284827872323,-0.254141803408862
0.149018271423445,-0.120149112576252
0.0845313141035696,-0.264663848660876
0.121166930832856,-0.25638203415059
0.0897124907283366,-0.248706917156962
0.0460191975544665,-0.18639333134564
0.19602187673688,-0.200008177214916
0.0743385438144377,-0.182610238834988
0.0650581713633287,-0.225886521057295
-0.0582663184937448,-0.231223063563753
0.17040556734187,-0.1734903824669
0.0757391610020595,-0.197035495980142
0.158551234357112,-0.181375627092641
-0.0304221597026643,-0.238956453667057
0.122450931952882,-0.320785873509088
-0.0449582118710049,-0.121089135614637
0.12060113295833,-0.233308250599871
0.135700314647964,-0.228503776878319
0.152084355142818,-0.0714340470407622
0.00514989907007996,-0.247237534172612
0.00262457005362427,-0.176789391297411
0.0592728761067518,-0.14296644007375
0.156668924468411,-0.119381178269028
0.186244705254241,-0.179627272746276
0.148576944065385,-0.166995384291486
0.163269645889055,-0.0914808994580418
0.0940144994246399,-0.127042717539105
0.271576457421125,-0.078715937371303
0.137122611900982,-0.0235300025186845
0.186054897662178,-0.0303278820844618
0.201668318073836,0.0504519568270613
0.147617825243393,-0.0879817889414499
0.147560719550818,-0.0709118066440251
0.144799481880779,0.0433989737482511
0.215654565012437,-0.055799417549641
0.249347268082851,0.0324032635492904
0.26596448126743,-0.107173973429711
0.25706955462335,-0.0492171008989199
0.181796556763022,0.0806349894061638
0.348992265640169,-0.0551371361903699
0.228203646870985,-0.0373808880861276
0.182476449691343,-0.0484196060298405
0.240352255689786,0.0359907731389147
0.31073954557221,0.0136075858775913
0.230583880257053,0.0166748443497236
0.172038416295713,-0.00515714717664511
0.369951685443895,0.044433598788827
0.327166580226537,0.0366218935886799
0.282822393245932,-0.0648898568026219
0.245803780192562,0.0922400127162951
0.404603765048193,0.0107866165588045
0.32589387161627,-0.0323905256499501
0.257655791206846,-0.0251471752610511
0.356785859877365,0.0751197350849861
0.338236610044539,0.133409503244588
0.311122882448456,0.0739347048607823
0.358311060036129,0.0669834199793273
0.347446403694197,0.0570077233163381
0.270536045891967,0.0953182945331153
0.243620254634523,0.097966624923365
0.364599875777144,0.107389055414364
0.312697935818977,0.114538772142547
0.280855841259578,0.182127856171496
0.334287925770583,0.136372501857394
0.30721734953275,0.210096607960025
0.359782859280183,0.122976177548337
0.262993921905493,0.217543350733748
0.327996104675067,0.167086418843333
0.291566988714226,0.199241334553209
0.413420252635593,0.121529951375386
0.279980585925507,0.248569169417345
0.375999832387667,0.0692279067255329
0.320082662262658,0.19837612820079
0.260742408864192,0.0815782006112065
0.197844240616433,0.101531187843434
0.370308987607862,0.0938216801605163
0.315553139350835,0.0732497896322311
0.331036770940476,0.0693740194382997
0.30887877909906,0.0266371888424565
0.365049487553189,-0.0668735952130313
0.2428936660372,0.0259339424628779
0.327894263656342,0.0800821315998057
0.38386308202404,-0.0510273632895163
0.176237544053125,-0.0772365196849311
0.353719177122455,-0.0812878240315582
0.299263161582918,-0.0684561802570746
0.252988108846938,-0.163026263045511
0.267273035324422,-0.0885238212156272
0.312694898870256,-0.188018762169446
0.249275604755183,-0.190421056887159
0.261123782522166,-0.268618834982789
0.246981149744895,-0.117735028119054
0.218468136991992,-0.280659021154128
0.112283208192913,-0.186459010511707
0.15439377140351,-0.289642635516952
0.150394039926657,-0.22530059495426
0.210579213139963,-0.291957056426946
0.0950379199780923,-0.246245627774537
0.0859053396114417,-0.338189804246762
0.121740216987638,-0.18718813491769
0.0724202752932417,-0.353506793987041
0.0968774402213227,-0.41254413498937
0.081229557207064,-0.336323267789837
0.10463877513892,-0.430530271408991
0.0708545702414642,-0.411623355680869
0.0241990430436098,-0.395503502330063
-0.0246954535570807,-0.382144055253789
0.102574074886672,-0.325362528478327
-0.0217294481010099,-0.431079777069781
-0.0737102125362411,-0.321060523954402
0.0124541838117584,-0.399636961365548
-0.0991089220939972,-0.431193585101983
0.00816405275070929,-0.374379562044151
-0.0166708945270565,-0.539877151348418
-0.0267518158305171,-0.449402813637405
-0.133140074418073,-0.442059855722348
-0.0705225727575047,-0.441783789521487
-0.0934902161042724,-0.40945914998128
-0.0547882688428002,-0.408886230648274
-0.0907822906936592,-0.480095156030262
-0.102824386740922,-0.415068169966719
-0.153153232996054,-0.406852885021744
-0.226077386147451,-0.434574490600764
-0.159459268918783,-0.363536941616817
-0.166510873024427,-0.385279094314476
-0.212976848931278,-0.398041103349166
-0.256869194309903,-0.468188630767799
-0.29654404509558,-0.432531106326183
-0.297858614220281,-0.420185601184206
-0.271478840226101,-0.303886284430057
-0.283741661939942,-0.391507980240872
-0.260348937023918,-0.303161716987931
-0.367021275342422,-0.252639108808012
-0.286347627784549,-0.309696445152818
-0.246447048235636,-0.174677379456732
-0.292428369602293,-0.278676307718791
-0.306463684495863,-0.149777769230583
-0.343239032825839,-0.13073452602307
-0.310579224534008,-0.0926556824269923
-0.350124295542828,-0.0814781393035933
-0.269538277730138,0.0151877196171367
-0.318217952970514,-0.0648279373238877
-0.186898142326521,0.00777994795375299
-0.314123000807377,0.0233024414216386
-0.26126007331077,0.097083521042434
-0.25055499165629,0.0807642982584756
-0.291397136290892,0.19348262979831
-0.152719396116023,0.272684983128384
-0.269355745609066,0.217892213821603
-0.117057626987424,0.264796070323533
-0.14396589410152,0.253781049241465
-0.154109037996052,0.367598315054082
-0.18314874852061,0.270009737675347
-0.150626353841507,0.30667489956929
-0.0779204352194495,0.233342889983485
-0.0718671242000156,0.334680108177714
-0.164422494657208,0.318181356971066
-0.113468178923583,0.372362883313507
0.00982816535524534,0.370836795884904
-0.0967466296584981,0.370951383088802
-0.0179133968910343,0.425834223536384
0.0266534315733032,0.472528679934266
-0.0473473985411429,0.469154792522503
0.0721906724697314,0.482912653446919
0.0269334512472465,0.406976018369943
-0.00651664910942831,0.500784629821848
0.0767810264647547,0.389864539662754
0.0643867860930133,0.473649741833111
0.125225952661541,0.483214357285252
0.0736661363956385,0.479806192789156
0.0850605047028079,0.4924280437288
0.183919847643494,0.541434054233554
0.184020489409669,0.471738991552014
0.117798267240329,0.539049042679608
0.254016644048308,0.43517643570962
0.235024230884502,0.510447164207543
0.314597636387788,0.613416646535545
0.205940390595473,0.536336549824637
0.317880445976987,0.480099503927052
0.281120372696795,0.445352423814224
0.342770173889055,0.46107943301626
0.305743272760646,0.630990277721886
0.34915176141957,0.607447070801223
0.390926169001831,0.545657205785708
0.384108673803602,0.522820419758819
0.309461005940112,0.636756276909365
0.435116275714348,0.588656391875192
0.433772869889331,0.433649618590609
0.447750512704932,0.556220569398097
0.399220210835904,0.602306419145992
0.307375109032591,0.491444939351546
0.492243776389528,0.538479106000357
0.343127667154354,0.521618267078374
0.445254007176175,0.483488094898601
0.440862924230969,0.525652037549263
0.381477339574965,0.51209268959342
0.437308063635459,0.517625640995643
0.402828396752101,0.584326085105347
0.411125708402851,0.592907137629147
0.500567477545029,0.609979702916398
0.36719202612771,0.538613417193472
0.430790752707696,0.704998145190913
0.37903638198226,0.590335363492508
0.444558653191769,0.70786810152307
0.365516750485473,0.651379371596255
0.467138712479652,0.667927917673773
0.347849071076343,0.658892842694163
0.413104692788197,0.691046071512101
0.352899416097656,0.716269846996634
0.350222697140063,0.695142524382747
0.3863845196234,0.696360771636913
0.308564221064663,0.722752840846128
0.317594754563176,0.757249234278284
0.342763789680054,0.73527516862294
0.30975664520481,0.745006947884253
0.216002456813492,0.837834435126233
0.235141555418095,0.815168430120749
0.173519466507206,0.759028184671659
0.171536657720087,0.759136262046849
0.128731772474569,0.793754077923756
0.0558272356609374,0.770805761580879
0.0713582873347805,0.807957485939819
0.00540290199380922,0.744780982356137
0.0316571185128117,0.807759978035585
-0.0742276216563895,0.806699472852861
-0.0934079466052376,0.781579428067557
-0.0985177837673675,0.826460748487123
-0.100785628766579,0.744058897557494
-0.166063728800677,0.762332443577859
-0.22564612995156,0.760818797096933
-0.289057208958768,0.713068177107256
-0.250078882838611,0.740093542188545
-0.236572348492652,0.693389484846173
-0.257476366644411,0.663080854145433
-0.292819218736576,0.580132043116472
-0.271110902842218,0.706620763812839
-0.279608123005769,0.6133192786641
-0.397766029395488,0.620678437346232
-0.364835105781846,0.60450847635255
-0.388690675125593,0.575196270507939
-0.404246554460922,0.584278213212623
-0.401078393631796,0.598020163748211
-0.394557858799863,0.499782586236766
-0.35356059900238,0.513477325608865
-0.398177828031382,0.454876494887169
-0.442498210660167,0.45755132099598
-0.352888556031949,0.405970526045433
-0.447935315328084,0.379705975594437
-0.465925909346763,0.378349478405625
-0.39877713294073,0.351181685900034
-0.38541077012794,0.383075763567634
-0.393450206481404,0.209495470369791
-0.42053455690539,0.31331893935755
-0.369040787883071,0.2571423269535
-0.372573848059733,0.267043331631424
-0.34187577996433,0.252142086276151
-0.409830878554943,0.336893623114465
-0.295796940125833,0.351165363472403
-0.298207713920252,0.277443984820827
-0.299840036906302,0.359300177205314
-0.254545583469856,0.337864427037839
-0.181725582216169,0.331946815029719
-0.112554753576832,0.362851853707485
-0.230690492218944,0.388835494385136
-0.277724332336156,0.391963179106367
-0.130368950412617,0.293962016814979
-0.10680113978763,0.332203990848189
-0.1697289495421,0.417215491836875
-0.270882975158467,0.33801490248109
-0.178220917575325,0.296629233051667
-0.148346826154162,0.248982518875238
-0.208911798830925,0.368843837337039
-0.093530215976226,0.335468996844915
-0.0877383783536024,0.425084568381751
-0.224837747894227,0.35729469119574
-0.0860612629308147,0.416108983120321
-0.0961869531873145,0.301057941470296
-0.116175859077717,0.477573080451171
-0.11764008029179,0.436664620416653
-0.0182189007908499,0.492865773514033
-0.141263111004858,0.613078889327047
-0.128336693012597,0.434194318118961
0.0319894671212546,0.520404652273426
-0.149044723979063,0.561662464996814
0.0267211514871022,0.573044699632411
-0.127300554469434,0.522891390519389
-0.108358771226313,0.61610329471637
-0.0330572810994608,0.51109217586905
-0.161364659160414,0.489574539399986
-0.0717747155800057,0.548136224569096
-0.0714142451795434,0.533685151550861
-0.0294234650582453,0.544087348359277
-0.0807211201518861,0.53907243064425
-0.0527543126498557,0.574330184652748
-0.0614909492698054,0.580548638544562
0.0183460238228978,0.494670030299076
-0.0568793548883271,0.564976053890227
-0.0466507857696817,0.47875762989864
-0.0067883857009867,0.556517314819716
-0.0233266852794773,0.53497487817468
-0.0824519071410027,0.567389640156804
-0.0984527071772958,0.57670155133683
0.0170983946911075,0.526368043503236
-0.0536869988606848,0.49137836841748
-0.0355493368525004,0.538025996562707
0.10142906679799,0.368084847242728
0.0608013359540993,0.257065429414151
0.0114309386527727,0.117772843361051
0.138474601196976,0.161961271915262
0.085179862175615,0.0544405798944189
0.0822153764383345,0.0313511231188033
0.128498301250888,0.00100179669238804
0.110991553783651,0.0530048591927135
-0.00445838128764179,0.0282729349205624
-0.0161343796774705,0.111257714813204
0.0185783400210729,-0.0336351152976099
-0.118536948133157,0.120862412342119
0.117007629012654,0.066500823160964
0.0385077501475922,0.108541185021936
-0.0505961744521976,0.0610598685278651
0.0502622961680939,0.00560066863114548
-0.0164561898926291,0.127051032355695
-0.0865657826590439,0.0630536217227307
-0.0530502947131113,0.133419226920114
0.0181241444098374,0.0819672131147541
-0.0900679790694584,0.104375395903154
0.0683978352474745,0.142895857669833
-0.0456834882865612,0.0401099154870803
-0.0174140181860264,0.139035821158825
-0.0821841397111805,0.136014524226351
-0.0173003324148511,0.154048542029603
-0.0195070373177162,0.140847603355877
-0.130348876073644,0.13543323209628
-0.00830609359824968,0.198318575514115
0.00690868526781248,0.183764823864047
-0.064862595806097,0.208939936140771
-0.0454742605365326,0.152615396635943
-0.121580838028406,0.182626400186744
0.0101614859181817,0.107969782105983
-0.105853736257485,0.116856442837112
-0.0936925610633965,0.242951216689377
-0.0918601047352304,0.110800363384614
0.0368646122572798,0.0678044748453486
0.0145363877422488,0.127367165135902
-0.0828277996331541,0.220562345767737
-0.0293295140405073,0.204843240274063
-0.0101954910540079,0.18133947639931
-0.04581319078949,0.174527139119129
-0.0133087545487561,0.0792256129138713
-0.0828105880045372,0.0859537350982028
0.0242781295471899,0.194774082658101
0.0126113039899011,0.0555495736927408
-0.0303672278837429,0.0248107642521596
-0.0574615470205914,0.142403664644261
0.0670734657788078,0.167099288535763
-0.0319725787159023,-0.0522193694795461
0.0830990496506325,-0.0104028565209319
0.0536632826963653,-0.0695387415477711
0.0839899105613755,0.0325263449198473
0.0402368927062182,-0.00338446573954877
0.133076205800166,0.0696901223010127
0.178903510338698,-0.027985357068632
0.140906999578691,-0.0138299929833854
0.183198705439546,0.000550000552114384
0.099995396292321,-0.0724228169695746
0.168350300592633,0.0778639433516807
0.171077644903201,-0.0644796296766932
0.210633762079146,0.0436982953386962
0.303326250372269,0.0304814532328457
0.220276749326279,0.00108096695844755
0.312754912600609,-0.00624970073964024
0.195856664080623,-0.12450370272124
0.236078502414035,-0.119649747442443
0.185286916553175,-0.0400051069306809
0.269560441943373,-0.0540007090779584
0.286730943193818,-0.102616563458152
0.235757806165838,-0.025457120402113
0.306286130882135,-0.0185184961719487
0.253843443275322,-0.0679082036979889
0.26166444524284,-0.0183088101241212
0.313748453941237,-0.0260621313603825
0.328304425600867,-0.00881638124497806
0.256738733395283,0.0343398715767409
0.222591739201217,-0.0384358428852979
0.21389182433472,-0.0173104085892892
0.208446897827148,-0.112491637335823
0.320425794581711,-0.0030175380242138
0.204655779346731,-0.017540912285628
0.347884158762564,-0.0172239567116657
0.209176436392935,-0.072051529306402
0.198930996830217,-0.085179784129394
0.264061399972039,-0.18219051332472
0.283498231391047,-0.116723986933998
0.361665819582002,-0.143175170767331
0.163280837039352,-0.26584669172724
0.278044861538983,-0.13326960489537
0.204388919503942,-0.432313495732054
0.181521870015025,-0.300552210639726
0.192325756654455,-0.295003153011826
0.0902582696508888,-0.319601389709391
0.159406842713223,-0.328107085490008
0.0652982484104196,-0.336176138321478
0.219377734722427,-0.302846602431665
0.124663169202536,-0.369209719952217
0.319418765533682,-0.333936893269736
0.127310054973775,-0.445529271170578
0.188830431624561,-0.454608276696202
0.108720735590988,-0.421842613303676
0.087548855198691,-0.496122506777814
0.187115768089705,-0.441270729678109
0.109773682857023,-0.517214134957682
0.168693357082134,-0.447394661950575
0.0593382369857393,-0.449632884307217
0.101167668367281,-0.550441318972641
0.166287394651401,-0.497920647768542
0.0802379080841185,-0.457443632937186
0.0630716754364746,-0.515410171489261
0.122147671604055,-0.61882589605153
0.0771238409798421,-0.540661835727073
0.0565899378511685,-0.615421472978594
0.0788278486594507,-0.542916268083208
0.0589663783059863,-0.566321978259516
0.0591706140252696,-0.530383571123503
-0.0781252553481985,-0.562924556365707
0.0229291946392481,-0.560256601635149
0.033095212376458,-0.565879702545289
0.0388761144465541,-0.536005024456239
-0.00739668015479171,-0.577932014371581
-0.0183011988524753,-0.497797338677025
0.0418655151202179,-0.583708091111693
-0.0260407401107017,-0.539223019895115
-0.00123798653700567,-0.521562771349456
0.0231624170159611,-0.549007949110821
-0.0356858031085307,-0.550091483093116
-0.0100379222217903,-0.479587416725494
-0.102511488907955,-0.462091111763661
-0.0146115678035751,-0.475177771348285
-0.0815790466421158,-0.513100213565149
-0.0230380098244636,-0.453818156955608
-0.0291856750491831,-0.651132556603277
-0.0763936454506054,-0.555755272828835
-0.064825499649143,-0.494535761722384
-0.058554914507568,-0.477009271434108
-0.0430523440930351,-0.544975569516053
-0.114980881030072,-0.549112795169594
-0.0877070476026951,-0.556729342472204
0.0870063434469703,-0.462019278729312
0.015879939210886,-0.500835636179315
-0.064799930615323,-0.536865805014217
0.0251641883249703,-0.533997245042135
0.0489615878034353,-0.631667515862585
-0.0273458674723541,-0.541819728433578
0.131416613582317,-0.558277318250418
0.0201183090592071,-0.486340511225949
0.119181838884406,-0.529746210935805
0.0213548197577172,-0.492539664808064
0.125988461145688,-0.564060428814469
0.0778558410700445,-0.558434563895828
0.088701854329967,-0.587345409595152
0.0152559128136815,-0.663888547992895
0.131788583724956,-0.63229299841527
0.109758031875376,-0.636342841810676
0.0952663328385379,-0.663886568462109
0.0978326022921471,-0.677470221376401
0.0546309788065331,-0.640301741595474
0.0611501791076961,-0.749605546198528
0.0702791366484144,-0.734996839107514
0.0570817209341144,-0.667441824380394
0.0547258185189972,-0.669761229490792
0.062414213587094,-0.737080156212646
0.129161033423198,-0.701263300704993
0.0927405856739435,-0.67395495379803
0.0641467058304069,-0.768691862411799
0.0871286014418128,-0.765388356867365
0.0835445362910665,-0.715391521708502
0.120365581925979,-0.810134689457932
0.105001844178767,-0.7357052024625
0.133361850371511,-0.777846724313498
0.134073445163973,-0.820772298839535
0.0771309876211622,-0.806626986694557
0.114052575209916,-0.81896686680718
0.154009426569502,-0.84558252158548
0.141405236803511,-0.800197435173678
0.12960122828487,-0.81015081321394
0.141130661373412,-0.830543379034207
0.104187935360348,-0.858093024074711
0.0761311222895752,-0.873783551805166
0.118722338731254,-0.883471307627652
0.0711079328269463,-0.847455675899487
0.0227843972542483,-0.842722333420965
0.0839097827393348,-0.867991087811312
0.00250116483825967,-0.877190716370846
0.0375779111824865,-0.85324960823996
-0.042950638587479,-0.895861734471672
-0.0530727393523882,-0.810501148123878
0.0188704192974847,-0.848777390209688
0.00380431347681463,-0.86894985687378
-0.0973804238429669,-0.892550880661322
-0.0707651107630168,-0.85306978074364
-0.122485737609638,-0.870308310575622
-0.139645226440028,-0.818151271481675
-0.174625143419012,-0.828303206356306
-0.211426729761868,-0.818906487240143
-0.175089164529386,-0.800518946100376
-0.303186745720813,-0.733575745638763
-0.309702987964608,-0.740081791167944
-0.3670294564492,-0.764124769861692
-0.380919822521872,-0.781894946412553
-0.400911194703704,-0.775136334841061
-0.378500758341188,-0.726142359795829
-0.358390036296743,-0.687405643595561
-0.363187259339187,-0.662973155750983
-0.396934228944991,-0.604937932535496
-0.345657843024793,-0.625379154900865
-0.404836868532427,-0.621777880835515
-0.443199498945824,-0.583825759279823
-0.382622828083938,-0.573821909441119
-0.444477041282145,-0.590213444090431
-0.539242356057077,-0.509231665698541
-0.465138477430829,-0.519555770624499
-0.577160560832035,-0.437312700326187
-0.503340306017175,-0.444700307723766
-0.432175521343579,-0.44967186131793
-0.361072827193176,-0.400384221566392
-0.424785713436291,-0.265315758388466
-0.335727950386756,-0.25749769282041
-0.397309625326319,-0.215192445835022
-0.287816020843763,-0.0988697346310302
-0.221194675906496,-0.0776874404181687
-0.276870624789654,0.102688846064057
-0.261049779443169,0.127392585413761
-0.219649008110934,0.208155201667468
-0.20987545099374,0.278601363421704
-0.158465909898823,0.311914492274115
-0.220927105005516,0.375460885232481
-0.160462401489957,0.314664402920086
0.0225203513570438,0.453871276113502
0.0260936982908765,0.597135112709064
-0.0232494315762166,0.609063088050247
0.0493494650731191,0.585274382908477
0.0113722609257071,0.567443469453746
0.0434088808704647,0.62838871143144
0.0679963922592204,0.638617610300951
0.11770298035691,0.643464727597906
0.0802132794444681,0.599584040717655
0.0662783973469648,0.623700074407432
0.110071954834468,0.607006724825731
0.173363947611526,0.683994961255656
0.217261476392194,0.709643411528124
0.0912833196053374,0.663625113857692
0.167696052583835,0.689685288452332
0.285138542025983,0.580325293852212
0.241872172733633,0.706245711437117
0.355749602312958,0.614671372958907
0.287205227990495,0.680962353674887
0.397382211361373,0.589015646429485
0.464880453535249,0.6015655710088
0.501883948429188,0.606215347267342
0.557152374516465,0.598460925371502
0.577158723263349,0.505282402583016
0.515447412035286,0.427736723091112
0.6096985190814,0.436297802662667
0.547976419666825,0.397957823368477
0.637967518133981,0.389662137188762
0.6034226801292,0.395598236617669
0.594805179705885,0.382261823419863
0.602127922016218,0.332331052999043
0.648154705972834,0.300823555347351
0.567161324439766,0.331355740110822
0.646130124081918,0.325825522118644
0.646055759352044,0.33259375941316
0.594603504505753,0.242975694916184
0.57746358358364,0.231361514723342
0.54351522020403,0.235254517792517
0.594249208795379,0.219784089539604
0.507561716487788,0.193787385227408
0.489674170554144,0.237118982709511
0.55221454082908,0.161454094924774
0.473776606120279,0.0930569269287158
0.56647709413595,0.220356865628879
0.469430465564342,0.159396599774218
0.526486720263308,0.115020908194952
0.483977122707786,0.152966884099376
0.430698194905608,0.0592507878242698
0.455880576883612,0.107611463031948
0.421473442136955,-0.0138321081451588
0.388039166800019,0.0076298749768746
0.357784951502452,0.0403365091487704
0.381317957840869,0.0476567331618024
0.354221492919903,0.0984495410425499
0.16077979893501,0.00166834554891084
0.382108260985469,0.0038002086277835
0.241315577288939,0.012479541750696
0.226016886214512,-0.0418389994934728
0.253260506509322,0.0514229202374063
0.135958210293317,0.0362363623636855
0.195527657921005,0.014085198078726
0.190921305017458,0.00178320038023583
0.0799648073614153,-0.0510139599336772
0.120516240060377,-0.0791680072329043
0.143405729551901,0.0205896457551013
0.100367752163798,-0.0530430109653309
0.108777226767654,-0.0518568589247574
0.069401833037532,0.0323427571959422
0.0904154648689592,-0.0453879076732564
0.0593018892832326,-0.0396593634909736
0.0551636943994625,-0.0675576488184451
-0.077532360794645,0.056832024723724
0.00943926184056518,-0.119238074010856
-0.0616168700396659,-0.0370722669610011
-0.165491915669299,-0.00210000137721147
-0.111050759320222,0.0205446056553114
-0.00488665650087122,-0.0593612855060466
-0.188515743874023,0.106059778916773
-0.123390178520781,0.169153212649193
-0.262644659478371,0.085526088639909
-0.220762335514511,0.0484614548381002
-0.274359975158127,0.178331914943439
-0.256687672411889,0.021790583857417
-0.273817668825845,0.163951946538122
-0.351295566097279,0.092292314801945
-0.253895392492731,0.122134833370057
-0.234339113118052,0.121135135911175
-0.30666239919628,0.0681114292295831
-0.270375728510118,0.145312263596724
-0.313957867594537,0.106398104343121
-0.182386908183177,0.0976733590749521
-0.320023178950388,-0.0374667358643293
-0.16568311410349,0.0426480979046961
-0.33020752894708,0.105258791344141
-0.239534562062744,0.037665255060007
-0.208730484163506,-0.0606987517245622
-0.353808654580551,-0.0112035777252357
-0.276807407177974,0.00411443296142853
-0.20787488634565,0.0218623099189322
-0.231643020662638,-0.103801077643251
-0.207752535454953,-8.0816204258138e-05
-0.261911206877552,-0.0958655381786459
-0.197434807517182,-0.0238930711087385
-0.188488638687733,0.0152033275468302
-0.204482967834678,-0.0221803517520849
-0.32125912140182,-0.0105105456174777
-0.13025697603593,-0.116513243803416
-0.169996847099696,-0.11007510452618
-0.224155530018064,-0.0212925751995222
-0.201978770087779,-0.00384564665355469
-0.215908505937384,-0.0558117494714144
-0.0917987687135302,0.0379749573141589
-0.0703404250837197,-0.141546977165236
-0.200447573447167,-0.0635255161778476
-0.11114654180149,-0.0119723894964239
-0.152287635883695,0.00792147481249553
-0.145042151965656,0.0223105285965223
-0.134100762653523,-0.0744683159423131
-0.20408597470446,0.14134599009969
-0.143327979329046,0.048976955562715
-0.151695500625411,-0.017244100015715
-0.120763694422852,-0.00152931855484146
-0.104610057856496,8.42339102644313e-05
-0.0156475832063313,-0.0674720836180103
-0.106280334209729,-0.0734841030089988
-0.043457981678865,-0.0900127832569839
-0.0507228963277015,-0.0891760980698227
-0.0429441665690356,-0.0688716240902924
-0.0257373606389718,-0.0542226052917359
-0.0127869697988338,-0.103769057269292
0.0664154668024718,-0.123728955955324
-0.019300112962663,-0.0437278908693669
0.00673929336499499,-0.0648004048816558
-0.0812105680722525,0.0241833636169099
0.0675137673494345,-0.0631475730333305
0.132544592717589,0.0155741810404239
-0.0548833046816067,-0.0202862984944673
0.0879592418661889,-0.0482757566097304
-0.0245091357117224,-0.0355510717127128
0.00630879834160468,-3.13736348391342e-05
0.0834133647270464,-0.133187916013637
0.0877404480637119,-0.101569621881139
0.0951941260280906,-0.115092281202271
0.0931317440535135,-0.0636321598560097
-0.00396472573475329,-0.185753120982783
0.0776904282144681,-0.0825975480644667
0.0914716906471115,-0.160150758051068
0.112047571929102,-0.10574300319335
0.0542304118243672,-0.20558904094022
-0.00223871042185232,-0.267551035002614
0.0436895433412211,-0.180431649652371
0.0263834545650443,-0.170510780859124
0.0382326231511462,-0.270270772411157
-0.0132804992774355,-0.230313407188926
0.0574605960081689,-0.144106021496055
-0.0170449729681026,-0.292628492096785
0.00742828810222512,-0.25288968254155
-0.00183440678472648,-0.336080856650838
-0.0697840532844821,-0.222595647206611
-0.0474433755156758,-0.279858456839226
-0.0475893067924864,-0.26463215315613
-0.0811947537199028,-0.369033661560788
-0.0823695616374488,-0.278886487619837
-0.0916638364214925,-0.335963249019555
-0.193658066134414,-0.243153333496786
-0.0839324204210505,-0.316539791249503
-0.077799895501538,-0.229839637323145
-0.0305540622099864,-0.285091866083327
-0.18528327818579,-0.276971536743659
-0.0424494074183734,-0.361802197165235
-0.165596577310566,-0.309524173298129
-0.157849111525725,-0.212662127468716
-0.0793599287341422,-0.304939301286158
-0.11878479586071,-0.33848231949373
-0.198067610433871,-0.213959222158806
-0.171220268806813,-0.336147414426904
-0.22027693060719,-0.323184309264774
-0.124767440314909,-0.305120432235918
-0.177168688455306,-0.37299059991842
-0.113290670585338,-0.280423429601939
-0.135396243549628,-0.333837650471226
-0.0969975307753577,-0.338286818529591
0.00124901933865263,-0.360371203826934
-0.157085656061056,-0.39170633111304
-0.0875037949960519,-0.386387438525709
-0.0602799090877059,-0.402801432543472
-0.14523680182536,-0.280855029308655
-0.0239791264541118,-0.303634159185232
0.0193180487794648,-0.358163712097554
-0.0704369370422806,-0.368570684459848
0.070333436765149,-0.319993617568649
-0.0258402509675899,-0.327823099731182
0.0788835739788674,-0.362771253119402
0.0395602334551872,-0.384685762259258
-0.0643893573269509,-0.268362367344886
0.0346801587697298,-0.345281986065019
0.14290730780954,-0.189045483225234
0.00312755004293744,-0.280387603941932
0.0369887426859821,-0.139939112155542
0.144255145886063,-0.116894160469796
0.0451185439226445,-0.26565543829669
-0.00258891132851395,-0.110795206760164
0.0619556386583493,-0.168462526545168
0.0867781430833665,-0.143230279001097
0.0962597924510429,-0.282669738988979
0.0865220664194966,-0.188518158291512
0.129842141061813,-0.265372610451325
0.140778349377149,-0.235634577944723
-0.00596691807540204,-0.141379993017753
0.162592472544983,-0.276362882965421
0.151906728027896,-0.326232298251231
0.0104021968084152,-0.349087338686997
0.115223747813868,-0.29786085749286
0.0817705640965087,-0.346194545270244
0.10595106550454,-0.326884685047011
0.243796624834566,-0.259597855767804
-0.0253736499140488,-0.30621419639297
0.0112559045470885,-0.281841328617639
0.0135046397653977,-0.333909492061186
0.0742399574067661,-0.342879710203686
-0.00418154990439055,-0.284805829157796
-0.0845359021470747,-0.349674945899309
0.113751974340205,-0.422134201515476
0.0516620345695225,-0.298454413423876
0.0468976832247248,-0.326351933217433
0.0782474411874959,-0.369683556828369
-0.0159954793571014,-0.389334190135366
0.0559581698886312,-0.376175822310636
0.00760811312728003,-0.312095794653228
0.02550749061981,-0.438904976493355
-0.0130734526661924,-0.46006077342174
-0.0406966167516437,-0.441092440840265
-0.0304039578940085,-0.468711094583547
-0.0500890935693788,-0.327725653793531
-0.0920582447163474,-0.444795372938627
-0.0564612546266564,-0.400375881009459
-0.111890130200983,-0.392276151948312
-0.155736382562628,-0.463587880540211
-0.153158321437489,-0.430342841272546
-0.0481111532941217,-0.507613541617519
-0.188061867071724,-0.474755615164196
-0.193456255203792,-0.497134978005123
-0.164423532388991,-0.414694615135259
-0.247830982470018,-0.467510377425375
-0.165603851725937,-0.385541260309432
-0.22126438209797,-0.53828859646912
-0.252789587482223,-0.537729191169642
-0.17513993978781,-0.527778216707832
-0.345448051572687,-0.522518093620692
-0.205871009898069,-0.520199609440096
-0.304971105203837,-0.454256618197266
-0.287642644045024,-0.487423448879332
-0.338614938148862,-0.513270013519306
-0.276020253033667,-0.417204894718643
-0.248314310355479,-0.438269692633514
-0.283157994724773,-0.440777954490482
-0.278483320345659,-0.321872876251154
-0.383609877401636,-0.389928103336179
-0.264874418818989,-0.400738449076495
-0.32848171719536,-0.448579979843147
-0.193378446880622,-0.414916731212005
-0.319978813350444,-0.318470300874145
-0.135936591939546,-0.46933904043053
-0.222457830901016,-0.387946064775331
-0.239280766502306,-0.350611573829226
-0.186266449947058,-0.415063852727312
-0.240573870805749,-0.338871780885278
-0.201173966408036,-0.322463397268117
-0.273651831830546,-0.375915501113187
-0.286244962964616,-0.305732013933425
-0.347117652780466,-0.357592753504867
-0.305697398907392,-0.317273631530559
-0.315692694957276,-0.305697628196649
-0.259677481247812,-0.344442127083991
-0.41732350297999,-0.276742563938251
-0.344028905739062,-0.351299448175595
-0.285762139949481,-0.17684828224601
-0.339845314626634,-0.29089361981162
-0.403798025540857,-0.0823320942529777
-0.323604970609784,-0.117731776302078
-0.476022788695585,-0.0609591940984225
-0.367056367669096,-0.135560101057436
-0.359737949933218,-0.0485144015015738
-0.525132069312211,-0.0842634053379501
-0.357169494438749,0.0268798816325963
-0.49588388260797,0.0623677438023324
-0.424662969414145,0.0584132658567759
-0.421559115317773,0.0452072002450857
-0.410783315032203,0.0353754006854203
-0.51133752395523,0.0348965578235122
-0.392420255395647,0.0477328774608264
-0.44142024707005,0.016988435665265
-0.380639684137362,0.0334686798268579
-0.385834333559732,0.121264749458218
-0.434958613148701,0.149705704395614
-0.403960515964416,0.0560404509748744
-0.391862094109447,0.164972226695606
-0.277350383874932,0.1834408877904
-0.394163843519896,0.0811916911918995
-0.322502859654228,0.167908847650125
-0.380081742854348,0.287826545414676
-0.314843497980891,0.121056749206831
-0.295762298904506,0.192374426267311
-0.366787515279185,0.271571499812281
-0.254338471280408,0.233004622907778
-0.323181053401155,0.298173966734145
-0.379405032009648,0.188892324444481
-0.297041213544672,0.334561028142636
-0.324243622355074,0.253801976083397
-0.353521544953613,0.294341532802353
-0.278457700694184,0.279458060041351
-0.273826017775366,0.361646005081043
-0.31137519935662,0.291692898115962
-0.268253612617959,0.326612346325508
-0.33859523853088,0.223344028069579
-0.284785338509295,0.286955571252712
-0.342874483112295,0.35486789841737
-0.29803498309586,0.21809677217815
-0.302639581450344,0.335853693570897
-0.171614743560996,0.28910738706493
-0.314853068914461,0.320147189827237
-0.283527907721657,0.267988033601075
-0.180751234445987,0.304324644143721
-0.224025015032164,0.342138953675854
-0.340020699369408,0.397132242679362
-0.22203545448235,0.416013024246738
-0.236374150036313,0.404620734548691
-0.283521618831534,0.44752571525851
-0.263916897859405,0.430491293543223
-0.188509081097719,0.477398985468824
-0.228263418350695,0.496813626177348
-0.20232368170597,0.404435417428392
-0.300183240625656,0.587379945589404
-0.217690231590425,0.494508810673653
-0.173441169783249,0.492563886451617
-0.146007532885901,0.593176360141489
-0.111126458644007,0.480902243237128
-0.19675375523384,0.51139061873908
-0.106401279076809,0.607751956469528
-0.188829213096752,0.612994280567253
-0.0842609735605123,0.538179516240711
-0.00338656782993261,0.628332225548436
-0.106206627979817,0.580218950720063
-0.161814650335725,0.70189457177535
-0.0706959506741603,0.653426138359805
-0.0234490372997305,0.464206998778159
-0.0137596378847519,0.488334871401919
0.0502138232358608,0.598974730506611
0.0690253861529225,0.627770010999071
0.0983315482222131,0.481837332246087
0.0577563913158747,0.548215181745773
0.129587815813201,0.493906002551795
0.117431171999766,0.523018079082541
0.151098495434259,0.613536770031357
0.250239970664839,0.45419127453054
0.0989438416156633,0.521412567156288
0.162761804069057,0.657978754098443
0.255710174367082,0.565930733193698
0.133708302998123,0.47695935351572
0.25569008973874,0.499158647259843
0.179362861932576,0.391854296151113
0.203071301934297,0.347383891186312
0.272572489747754,0.402073621601855
0.0930204994743744,0.312776769849215
0.26906240785242,0.3758056751924
0.212955165740777,0.20923017460786
0.212436481049158,0.239595083164701
0.236591903275354,0.177605231603713
0.286430257430094,0.328976697505094
0.322353164297012,0.0915047990377957
0.250573907903671,0.14076181052487
0.319170771306928,0.0851942476272694
0.239350191510851,0.135937236140195
0.369283384556443,0.181811150696653
0.466611070423888,0.0693748281480533
0.37509958364564,0.0127785820913758
0.473655238150706,0.133984701362716
0.378101863497255,0.0477858471015733
0.464614254994905,0.0156164311744239
0.321414488967518,-0.0387435105708196
0.421597084949956,-0.131485350995562
0.465610814660332,-0.0629890203675458
0.452032481274722,-0.116499546792763
0.477094875619371,-0.175951695801141
0.444363263889369,-0.103711325406485
0.470296056892096,-0.230341828467564
0.440448390504247,-0.0593886259535783
0.513924046976092,-0.210487184253879
0.543930609121484,-0.237810842823411
0.514738676363497,-0.072891852805717
0.559784813653578,-0.140163115971493
0.580584866383939,-0.0877620116868539
0.505689430583639,-0.12262582954917
0.548623961057469,-0.173961688745392
0.535115525174679,-0.144259127834998
0.463298282942553,-0.140457797325273
0.62986195034737,-0.149878571327251
0.624791203048691,-0.165687256158112
0.519942101162313,-0.138904277892056
0.576543809209548,-0.211181988565779
0.545163006043458,-0.233802648289606
0.632567374222811,-0.150510948168244
0.447445871599022,-0.143783266698984
0.413720328011641,-0.15782929109541
0.436724429786495,-0.211728046975481
0.535313894917199,-0.35289598383535
0.411722516180684,-0.212571073165732
0.309799586972581,-0.205100720262947
0.333240125806608,-0.281238509366633
0.349555764063765,-0.299077681301923
0.335679694453635,-0.226691025046102
0.189578985984484,-0.291116629656714
0.257902580146795,-0.3333353745055
0.232475013788686,-0.278010952227032
0.190600719092812,-0.346627300998215
0.108054480150824,-0.304353285084174
0.0338719936376521,-0.390093369547042
0.0030776623021004,-0.292011160105335
0.101864268407871,-0.297883742833541
0.0670357915844731,-0.354233201377282
0.10019694261807,-0.433555246411241
-0.0262248646325883,-0.359667328808722
-0.0703249702848928,-0.357139184513875
-0.114188264670555,-0.351334701385688
-0.106045582397982,-0.291336309108657
-0.0956185894995546,-0.27699759503132
-0.0455482620218708,-0.40832243568051
-0.283627739413266,-0.159387356569965
-0.0837394136797286,-0.305013671991631
-0.101056819649668,-0.153498041484089
-0.171655639579151,-0.0728106411598498
-0.23804506398956,-0.0641701108893043
-0.133434349423441,-0.05600911265972
-0.199470041899069,0.0645232191239538
-0.160845956773324,-0.037357430841019
-0.174313623648599,-0.0289075447678826
-0.170113332864846,0.0877106901581857
-0.271874859184089,0.0259910486441988
-0.338927550333441,-0.00914501664601764
-0.269038083419829,0.0294405627461105
-0.267434128297735,0.107452326477651
-0.291441116163517,0.0654942091303166
-0.241038376661868,0.0925137885172339
-0.313212925631071,0.189637031470945
-0.302071282089212,0.0994316428273813
-0.235314413805055,0.118838732153551
-0.333615109640783,0.307027924324899
-0.241817731587293,0.212917732691522
-0.262440789420543,0.321383493842615
-0.304311249135803,0.268749615744189
-0.195306504540297,0.263948233150973
-0.204154468355545,0.295985144996528
-0.25870001558009,0.241880534604507
-0.172651647806526,0.223933784552311
-0.279621615364395,0.228805308875214
-0.249978450933004,0.455815757213427
-0.179311810514532,0.363733323234257
-0.183201023507546,0.319048199855341
-0.224722675587885,0.361652353989403
-0.146333615734336,0.367370599135374
-0.197748186121934,0.407445383182509
-0.132786626398142,0.461923667136643
-0.124187426546818,0.387012816716032
-0.234375269112229,0.271589544190256
-0.121801639693896,0.353055236217437
-0.153514838763312,0.316030735255586
-0.147927629625576,0.334778260392797
-0.167281460437707,0.292180440618058
-0.129901463068336,0.384711072398006
-0.209373603615368,0.29638513972583
-0.142544190458947,0.252565113376985
-0.151716727912284,0.251809917706495
-0.206144019982463,0.297364963870976
-0.116793214210155,0.310937152457742
-0.0551155171535483,0.283034391653548
-0.165328361101408,0.322272189351405
-0.0730397598714781,0.338646266898504
-0.0654746894953024,0.290740959431466
-0.156326930059839,0.387461430276877
-0.0710306406388536,0.294367891189634
-0.0552632357760547,0.364158642793547
-0.142324206704787,0.376892087907623
-0.137137445269192,0.467397668345357
-0.166392106682344,0.29816739557341
-0.0633213267761134,0.411454898931261
-0.232044741055802,0.331538903108484
-0.152350139217616,0.378664575816312
-0.0893057586560405,0.418791033454616
-0.179792615996131,0.434387807113861
-0.0637724020045198,0.404707530234326
-0.0867685653666144,0.373265725318334
-0.10905799554917,0.418729756656266
-0.104765653261338,0.427495083780226
-0.103771929196873,0.454480444018493
-0.145758581136064,0.353200954650145
-0.133660221786615,0.352758238879525
-0.0216393675241915,0.38707250058052
-0.108712041074479,0.281292927987881
0.0527737881611959,0.363994120383312
-0.226828234703004,0.324210396726819
0.0338094573223291,0.246927562467554
-0.0777160708784478,0.253865656004582
-0.0597165286108371,0.280343651408227
-0.0141391747696597,0.267123612379391
-0.0822332486771115,0.175470181585029
-0.112758663913274,0.253891647387279
-0.077056189370802,0.2399553279858
-0.180111751241309,0.278937113734669
-0.0391668427102409,0.283832858405546
-0.110836323248009,0.37909019359889
-0.127051969919819,0.348646974717357
-0.168268407658377,0.359132111579847
-0.0383778043567727,0.392416179708966
-0.0592373229663392,0.309825881925903
-0.111922038572381,0.380897005660568
-0.0624905478849141,0.194441790208889
-0.0185791272323358,0.435195628432078
-0.0449037700288223,0.356657595327238
0.0435903051641111,0.382034958103302
-0.107958070623814,0.385490168700591
0.0561546537628739,0.318057184937756
-0.1496533303365,0.255073236723653
-0.0843093838795114,0.261124452846693
-0.00860263572880865,0.25707849470822
0.0539697635157683,0.300045478697987
-0.00428875116700726,0.229541238753982
-0.0877847956693054,0.27912634913648
-0.0448959052395104,0.194914484807052
0.00278059670857467,0.250885605181608
0.035274648368715,0.237554484639005
0.107570958513301,0.146197410082476
-0.0456670862704906,0.287554959934763
0.112255505139686,0.294937210027194
0.24175951738426,0.218345512551269
0.0476809940336698,0.301953448059236
0.0354937157120189,0.205250749709144
0.0611549022427529,0.221501915544539
0.210628157862255,0.197939221848315
0.0943208815140586,0.215997747534498
0.142766080079942,0.154035833768931
0.172866460717133,0.17813425350342
0.141789880444899,0.107399484535767
0.263764299841385,0.170549586686597
0.198137248119087,0.200331929857841
0.286383677584091,0.141601565470087
0.20997203982536,0.148299778515308
0.113647292373964,0.0872196069332415
0.388816417549304,0.140107683319479
0.233671044551529,0.146037064489087
0.221461304319391,0.0738286586201673
0.283336070508289,0.105182415640955
0.313912364982181,0.155451608437928
0.314737363148697,0.100313206732429
0.378068177111382,0.221566168544202
0.166843487767224,0.138308076774435
0.409901907772033,0.0643151823250066
0.408946597247981,0.197068140115318
0.361945103493482,0.103027422316666
0.351817947675878,0.189493330610169
0.314368673441558,0.12677276395982
0.381801478312457,0.213729991555167
0.392079589654559,0.159430996088103
0.402696393154974,0.176163837515014
0.449030543333763,0.154445531324544
0.351649684635382,0.264523721260369
0.470895342359279,0.15693504731357
0.396167815744615,0.245910600246142
0.320298492382679,0.159413220712725
0.436182479684068,0.223877272173664
0.375274437331413,0.212342243158657
0.403228030310344,0.294235504196666
0.433396805002677,0.309226774266992
0.378660749384385,0.30997993844591
0.450889572364563,0.328600585789282
0.450387478566122,0.325098267618211
0.392517404065664,0.408852032219933
0.400781198639713,0.314870830569182
0.406331939484868,0.357724528060423
0.417762825403986,0.391489464773798
0.394979670037921,0.450735647666194
0.439321771226116,0.362729916897804
0.397887945039755,0.531159988287876
0.408777921533308,0.505770685443159
0.36711030553534,0.555727435237507
0.368845696808257,0.585483017879702
0.361173715453674,0.575773807372535
0.295863399333579,0.644589599179917
0.322087501323321,0.619161752518755
0.295158327247994,0.585392828227608
0.217223090485761,0.70495755656607
0.264368614895525,0.662058314574321
0.214152036324011,0.724686110845335
0.223385582835143,0.702321899733376
0.183686073654862,0.734552390356246
0.0992074791114136,0.789541144099899
0.0903767021005751,0.770845199897951
0.0516963218969679,0.750208572058922
-0.0208009359247341,0.76194286727218
-0.0501816057517464,0.799801121399465
-0.0742276846360718,0.773713779605971
-0.0552338149510482,0.832011682136265
-0.118161038075617,0.759318393179962
-0.164865142183922,0.786970157306346
-0.120000704154552,0.803894818390742
-0.115355419817754,0.751220248657953
-0.172787056444937,0.769716204837349
-0.235196558718607,0.797641873825817
-0.196607042896902,0.817851357062275
-0.250573034848512,0.80348985891191
-0.266224668125357,0.817058817190227
-0.225439485697309,0.78246909614492
-0.246153489553755,0.795017868456481
-0.323383305915039,0.795832345036894
-0.292381864752816,0.810212575819187
-0.291899548028658,0.859997752000201
-0.251801063294948,0.87013210261674
-0.320528378138534,0.861603072764708
-0.356283035005581,0.850429808275389
-0.370719844678225,0.852495732925547
-0.397932857261636,0.864238252498205
-0.378210227096619,0.859190658981978
-0.379366333536828,0.853456742289827
-0.390516070502476,0.836478909650156
-0.380274290827259,0.839110090287941
-0.395741284805549,0.834385899362791
-0.437859570569577,0.799290767705592
-0.434988597333736,0.791331352663327
-0.46311465018711,0.794430072706652
-0.477916986828244,0.786618276893013
-0.47811331563904,0.798808346465264
-0.520939044350283,0.794104487385807
-0.518215287558182,0.791590449759182
-0.51203050698877,0.788527711063127
-0.534803570665577,0.746998515515528
-0.556908133817604,0.711103438541394
-0.573488236421553,0.707786494251569
-0.582469474533406,0.736602849343491
-0.576089146541947,0.675443159625685
-0.593827246306406,0.673437400659534
-0.621959425193637,0.697953361511954
-0.622658641616443,0.651727104051978
-0.655902719922068,0.679769580033341
-0.65502596720879,0.660774164623761
-0.694255411960952,0.639949516688896
-0.714370594051091,0.622099925770539
-0.711101709486147,0.599444158136031
-0.729900339531187,0.578549302137769
-0.730601846303562,0.513475283017096
-0.745240112736269,0.492659808172207
-0.717209824910296,0.417410136034442
-0.736136531550937,0.353540396766484
-0.725776525575328,0.277633375890846
-0.6772231783143,0.288935977605445
-0.656470864072358,0.267386102682855
-0.679264144085965,0.221084573887181
-0.637755431297741,0.127509378183212
-0.58450665488303,0.0620887730070561
-0.569527111380569,0.0408548138158637
-0.499179580638495,0.0333210836800584
-0.453214717960563,-0.0459774507717348
-0.464324866157775,-0.0576929629861554
-0.301744994353428,-0.111248587491788
-0.35133195641197,-0.10791206832843
-0.274459130539865,-0.103405117747922
-0.27671470864586,-0.104013662214198
-0.166741998491676,-0.251892744541651
-0.205885331349085,-0.238142035630975
-0.000649055074518971,-0.343942500792387
-0.0100709389325485,-0.2988407897474
0.0413797808389766,-0.347392450215821
0.0517269700653557,-0.302626871247279
0.100782508540631,-0.315845973309794
0.0619815731116032,-0.325023850799473
0.2286110690579,-0.318928544290555
0.188939098773768,-0.344520432611333
0.196482230776806,-0.239781237443011
0.276349011752117,-0.311987616757338
0.221017967172666,-0.309816461392941
0.290349299239073,-0.213526390262879
0.172124020187834,-0.271342377243406
0.31896837528161,-0.239859007303603
0.229328481273464,-0.230460956812101
0.247903981411925,-0.211163845344683
0.257905322888088,-0.225794002329574
0.383084976925225,-0.250515334584276
0.29236773554996,-0.250195601128803
0.378490572212062,-0.169442193555914
0.345384529437888,-0.270652450418027
0.340189220736352,-0.184396365129781
0.432797146160563,-0.13817444284271
0.393408059125617,-0.149211878363287
0.446901430385899,-0.148562344606005
0.516690843645666,-0.10298674031143
0.412209643392389,0.0723388715677494
0.532501561843083,-0.110617000269856
0.497616454132404,-0.17079850516197
0.500095072869745,-0.131841679729435
0.584138236365902,-0.221763439126002
0.547785667478886,-0.130499014773887
0.486752319568371,-0.0919743873312993
0.594238923306821,-0.00933699516678417
0.54781548229365,-0.0527924263162744
0.593255002595241,-0.0533107221951509
0.682472622245949,-0.0233975133246503
0.581442680252833,-0.0631993295040243
0.60714133483944,-0.0484127828863056
0.487698350429818,-0.0324512211993303
0.614254502177995,-0.0688725991040531
0.55838732118631,-0.0720203743455455
0.514440022273192,-0.126940877258529
0.537880396424584,0.00872183648648441
0.544298524419838,0.0223089451867261
0.477900434836976,-0.139738626931697
0.389543053207979,-0.11750388510308
0.473825169470891,-0.00553566636884765
0.510977327583064,-0.0687129289626928
0.430405159786404,-0.133124901545783
0.567667195702982,-0.0176104133588298
0.424888710408653,0.0281529139660377
0.606403473721773,-0.0027323882132495
0.593510346649478,-0.10403633711691
0.400713759647445,-0.000766074434139792
0.548071395677858,-0.0434436908015083
0.507708086090602,-0.105702009278573
0.466773779690849,-0.0771590300772601
0.576700578177643,-0.0474350106452845
0.55657209963695,-0.0457903964593387
0.508215034065077,-0.128283511806893
0.581866426125903,-0.162602545836111
0.495119420581426,-0.148396322560229
0.578830599677335,-0.14344713170042
0.614784289298507,-0.198537370829606
0.515052340829148,-0.260754278149251
0.525785487812064,-0.150916570734412
0.45806470371952,-0.175247881735253
0.56967791923218,-0.204301782684262
0.484221103237804,-0.196289984123007
0.476767594584779,-0.127226788285179
0.555968968917851,-0.261893233301606
0.548030670639601,-0.172170103580865
0.54450297358748,-0.273339019492724
0.574987248692524,-0.233785530156284
0.511248168737547,-0.257574410317238
0.472644272555235,-0.213558173015674
0.499069319661584,-0.287270869225818
0.517505136598017,-0.238100018526042
0.503646016017845,-0.352455797491966
0.523924927489056,-0.269030355325374
0.594122895037003,-0.343631436624338
0.390251970000813,-0.331011928264849
0.508781094339076,-0.398022511976426
0.479461197925552,-0.358327179214063
0.486679648905509,-0.420470412422984
0.506373195158521,-0.547301732004877
0.486245854118527,-0.432519669523641
0.46574571732537,-0.470565011011953
0.514092136304762,-0.510857268635904
0.417150343058202,-0.585012891610038
0.453665791388821,-0.514163866063231
0.476353077405408,-0.598744155061074
0.443486519285578,-0.511358927319937
0.448626949188214,-0.646547439882868
0.447190143106833,-0.637635248055252
0.47793922380231,-0.652012042834334
0.45772326725789,-0.608898689432578
0.431694390351669,-0.603513898830613
0.463095395199536,-0.598869335358758
0.344898501853535,-0.66928458775367
0.405145974213946,-0.626887996472519
0.430816567268586,-0.747836031397478
0.473278700410693,-0.713032389633059
0.480878877376613,-0.68624772520548
0.494895354508068,-0.732171971064921
0.499018619791338,-0.774367471614779
0.430446822043982,-0.736561470122848
0.47772917323346,-0.770188894358823
0.462136988060502,-0.816529968540424
0.442008844227202,-0.80992645260207
0.446714670648315,-0.807742002423161
0.444184387172863,-0.813102405926778
0.445595422852655,-0.83364325263694
0.459487974448529,-0.81895000955964
0.476589833637664,-0.846394741346922
0.454691046985741,-0.826705374983418
0.465849053172804,-0.859091111282786
0.458116874864025,-0.841910612567917
0.466418237236837,-0.850896051218767
0.43967923148578,-0.833123502379792
0.469492482179334,-0.843221500652899
0.462919399086815,-0.845498901137762
0.459143195957835,-0.809198203576391
0.446941525493793,-0.842331452772214
0.423569940582866,-0.798865260771852
0.452118937049884,-0.824974558466782
0.442986148600713,-0.738180740617764
0.472893300049307,-0.743859919539529
0.451322553836653,-0.776976087188451
0.466162670061556,-0.731803667774651
0.501221581891604,-0.72368699530806
0.494200553181481,-0.691432066399715
0.490992964829572,-0.687882200074078
0.499970833438649,-0.649156018556929
0.534413464399168,-0.598063832078513
0.572598848572694,-0.611978072410751
0.552860266367752,-0.612882995050674
0.442550256439047,-0.552492703137246
0.463157459551716,-0.55559640872179
0.520444942744688,-0.494388325701517
0.491254064681728,-0.533178603130757
0.471724587026619,-0.455937040743744
0.521809796513853,-0.432022823608669
0.465670693593507,-0.45338549444519
0.535493854921351,-0.378012172027305
0.468232269506439,-0.37798634992444
0.483852949050608,-0.31241344932023
0.374596690382313,-0.218055245288355
0.513706260850538,-0.28677997921815
0.460718062481624,-0.283652841940647
0.470317796849469,-0.241755826190188
0.625585426461857,-0.184543245483134
0.348981574205134,-0.193491492619096
0.419284341465539,-0.229226610121056
0.545712924632849,-0.177739552876383
0.264595120335209,-0.0495258561380597
0.427910158310284,-0.0319721743332307
0.323352130164248,-0.0657298190609876
0.368619361781022,0.0569730204595835
0.367503571355403,0.0536585187537296
0.210638054416558,0.117340159463536
0.253977345224423,0.188945702673573
0.186673874065536,0.163939282622511
0.303643112618421,0.166472368283931
0.253327882316067,0.205875788168937
0.304201682689586,0.2420926548687
0.323249413534254,0.255161111584174
0.195190142764155,0.187542749654875
0.196786577060064,0.255858457733105
0.280785672021897,0.240916382074153
0.164512562573128,0.2572231304365
0.317070457487088,0.257724254873409
0.230229766462097,0.350425692465006
0.187438705556511,0.224518858588335
0.245223121189869,0.305504788765449
0.19341637415374,0.206912774053037
0.121667947184165,0.235408455771819
0.12413362363407,0.0781952216228643
0.0795798610904254,0.184436367915663
0.160833793005485,0.261129166822513
0.0888484803046313,0.266070249582056
0.0393673368010401,0.154332602243446
0.0814413128802454,0.393055712942
-0.0863962028008187,0.286805336145919
0.0214303344886907,0.337971897796268
0.0975019045860303,0.34082731324854
0.0290592262129559,0.278380031622619
0.0625093284774754,0.33393079668957
-0.0183508762956955,0.327468735665222
0.0449858350466263,0.444070046502749
0.00906989225679692,0.198043989321216
0.0253167853374567,0.332012013469282
0.039665795762583,0.440116657767118
-0.0406611453532426,0.349063618484479
0.0440308987085433,0.28157242306338
-0.0620766102249654,0.235670212697218
-0.0562379712325544,0.356129313608926
0.0696117681044273,0.197118405572101
-0.0854269887359758,0.341730162950327
-0.194134664530715,0.276323852064661
-0.132216720304772,0.364373902457935
-0.175614533284956,0.319438633203708
-0.218063718096935,0.257295856709644
-0.0434976922860834,0.195431781319066
-0.160323510776979,0.215052547620227
-0.0368313201147258,0.269746795912953
-0.0168623131659414,0.203664781461185
-0.0468333925689077,0.27084085574156
0.00325951832372445,0.222789459853882
0.0573183072039661,0.18722939009319
0.129069380024753,0.139106589961045
0.10348236579536,0.108956666064795
-0.0023082044906652,0.0944881009135372
-0.0754161478354303,0.142265958452699
0.0471028646069772,0.06048371846483
0.00676788879049394,0.134414596697756
0.0526683682313754,0.118254343364725
-0.0434747617750864,0.0810642728192491
-0.014126550027039,0.0366948370856074
0.0673653896276152,0.0654292731760281
-0.159353471314904,0.222835278623575
-0.0757092219699175,0.104364872729423
-0.0593735799048765,0.0335898079534614
-0.248605943207008,0.231101162951982
-0.258730847248282,0.0303301501416828
-0.201037680802525,0.0452608611303398
-0.248800999220092,0.133003291376116
-0.315506679050315,0.0994052732828172
-0.186711672649308,-0.00753496331218018
-0.340055528625093,-0.030718449668471
-0.377044495525098,0.0413847127132633
-0.353007789405821,0.039061113889314
-0.331647378734297,-0.0617160785733691
-0.40420882746695,0.0138795392313087
-0.397617846131501,6.45188232791229e-05
-0.30895170120246,0.00736181448628823
-0.415369900943203,-0.0117331710397867
-0.327189469545039,-0.0993543794406349
-0.393662331784945,-0.00590452744999374
-0.354882765600145,-0.0191593462097635
-0.363289736885292,-0.00529696684818648
-0.526245638786563,-0.0811452737832798
-0.272002214861015,-0.028428409938868
-0.43254574961088,-0.108024121090593
-0.27658934774599,0.0290367785236719
-0.388996616418266,-0.207871066159
-0.341772197787862,-0.211101651841393
-0.369221433435343,-0.165338869027939
-0.314918835517758,-0.169065443334913
-0.38235463958627,-0.273374272702055
-0.310808099677699,-0.305954252924606
-0.347281515999432,-0.244628634496842
-0.32559521796018,-0.294514561332673
-0.287032709416731,-0.294723229370832
-0.308824879577563,-0.245418857051091
-0.240201256814675,-0.306314532252558
-0.33667367470336,-0.25723297740134
-0.386547591934243,-0.343832189167113
-0.335053773736073,-0.285474892327903
-0.276295275834939,-0.262100393922311
-0.329430400415572,-0.241985636940156
-0.369998352684644,-0.259442469092586
-0.243269835928062,-0.270788256459833
-0.276335882483542,-0.259355760320108
-0.28496232135893,-0.342818950761817
-0.264789975280222,-0.211572535006272
-0.290896457359701,-0.210800951206721
-0.287266608909239,-0.417951482501247
-0.335907662407808,-0.390914790227971
-0.292647437322361,-0.384588458274175
-0.326212839170457,-0.366858290739712
-0.207707710460347,-0.355623155584167
-0.272614342579016,-0.496076386893709
-0.191020052200586,-0.35867964520941
-0.286252565731396,-0.374959811796448
-0.2666653027789,-0.366262064385567
-0.24661308154304,-0.404849596212386
-0.0673705705952325,-0.344181412218567
-0.223085919308399,-0.560707653541624
-0.209988348465678,-0.367137992506863
-0.176969830427064,-0.459058943254626
-0.090755683193862,-0.442582910234182
-0.142615448641111,-0.436585523445436
-0.101056604095027,-0.329886710732466
-0.123350013284294,-0.474947186985533
-0.0291168815004764,-0.380380336234192
-0.16868594260584,-0.344054716967342
-0.102851255691719,-0.466918441544255
-0.00931270581849308,-0.452804085297262
-0.107300095741691,-0.400238311880939
-0.0676022635923263,-0.400206219727243
-0.0567020629540806,-0.393685793533279
-0.105318201764735,-0.433978996016268
-0.0576736201201499,-0.34363759704735
-0.064803423214021,-0.450465635205251
-0.0457866362994912,-0.394818832657632
-0.0517780973265206,-0.388166040464467
-0.0557443965125141,-0.396529249911244
-0.0109124398590892,-0.394231301468617
-0.0154916017813081,-0.427736973974503
-0.0401417701532435,-0.369496383403305
0.0244713156269936,-0.404876223300146
0.00712723017940958,-0.351584200462618
0.195425311537373,-0.37262125872893
0.0805829582154935,-0.341221050001736
0.0362593336029586,-0.347785545941108
0.166655596762745,-0.485512096247112
0.149409567004892,-0.341920971749765
0.17788495032063,-0.368029868285284
0.141482885335759,-0.330244827354157
0.207109097000288,-0.284686497237977
0.282201953550384,-0.364124764539447
0.375813908110912,-0.278778124433844
0.252381794309562,-0.268604086349093
0.217719313051,-0.353114961163149
0.229901717129331,-0.139523601698664
0.323160751423969,-0.208427839385381
0.302978116356573,-0.16417014880002
0.32669618402115,-0.251510642976513
0.294431790652452,-0.108827785534898
0.364015865032658,-0.319760930227805
0.373504839247721,-0.259470315931088
0.451684878477094,-0.199882083006766
0.331488788322228,-0.279473347808232
0.404101766403956,-0.253858265336597
0.420331625937242,-0.202022110681345
0.343308565154071,-0.319779131926066
0.320624240223808,-0.23752571386989
0.310494896201175,-0.295540211736483
0.262189870781849,-0.365614422679097
0.215720493711076,-0.328523626513852
0.236309913942481,-0.304408816822799
0.263931216802537,-0.359364519495125
0.145962915756143,-0.339316383000527
0.1604361157022,-0.372781555222961
0.179234342616616,-0.341565469462046
0.0204521741733207,-0.444860955705788
-0.00329248458683999,-0.560116966581826
0.120697485831175,-0.472267906174455
-0.058446665849781,-0.482672571519193
-0.0135266292677368,-0.562767249534031
-0.0572327011911871,-0.466579566272761
-0.0242683817003523,-0.429598942984701
-0.0477947867782523,-0.51859993117555
-0.0582603370998537,-0.444037610718903
-0.0574716248664125,-0.4470810254516
-0.139600601243109,-0.433842439152415
-0.118943077757855,-0.497967675808473
-0.160847305500968,-0.55845515965394
-0.146947471518459,-0.49411162110899
-0.230045065887986,-0.562490926330894
-0.173092165400555,-0.424388382897253
-0.190438604033927,-0.45727126368672
-0.241770227808455,-0.416398333936849
-0.277358141453564,-0.37896853028887
-0.273451718872531,-0.503706184655391
-0.270014062658387,-0.454506187928858
-0.240365761362901,-0.52722285215618
-0.270476066729005,-0.532980806370819
-0.307267739459726,-0.656654828313558
-0.272055501711657,-0.529734619412893
-0.23760341168414,-0.536238946867049
-0.291255615511976,-0.517879136715073
-0.274999702092775,-0.53531593002134
-0.285680608723803,-0.590495345492042
-0.316409081192329,-0.463782167288566
-0.203936658598695,-0.469228104896968
-0.248952479455757,-0.482919352479405
-0.351659037196939,-0.514116432565525
-0.242312803495921,-0.513202219627791
-0.353271396585042,-0.457745376489495
-0.366687589473534,-0.482057414104659
-0.258371891383996,-0.484913306606318
-0.291286977234579,-0.476209105533846
-0.36027056396496,-0.53790390950569
-0.292449267704018,-0.474097555654499
-0.406962002355824,-0.484527182958137
-0.357480541964159,-0.425226824065776
-0.400086219631649,-0.503474125496537
-0.457642899296408,-0.317507439367393
-0.467453093923952,-0.342009031814987
-0.520961677013674,-0.387571484819821
-0.485352273850257,-0.36518816095834
-0.504762959361465,-0.420066150086489
-0.484992996827365,-0.337963141545976
-0.444693179111672,-0.463094534769097
-0.439106567925735,-0.372139659975558
-0.486127537071785,-0.445116009210452
-0.436697574637527,-0.447237866833381
-0.456698927467492,-0.471093780231837
-0.527220571323122,-0.515874397362552
-0.546078253885427,-0.433296260591319
-0.486474728351913,-0.475650510417691
-0.5029974227974,-0.522918697794185
-0.484179781680947,-0.517694246215241
-0.540210276942716,-0.532992732951495
-0.575127963155009,-0.497403409704632
-0.490739603550238,-0.530535883500008
-0.518708500495899,-0.578397078035849
-0.585415721324972,-0.545378795598426
-0.533715591944512,-0.588831627533171
-0.533550468258217,-0.545172598573161
-0.536612045165105,-0.572381552875665
-0.507714037452528,-0.57831977783258
-0.508280920821999,-0.589990648821983
-0.548248738740609,-0.587505252861582
-0.513839984386,-0.607962199114219
-0.566840094389344,-0.649221953265319
-0.571125063342202,-0.683847776406528
-0.576453448659216,-0.717492898962797
-0.535662521504664,-0.746995059832367
-0.583258195866207,-0.714061234183058
-0.544219484757527,-0.737164039169191
-0.510923702168851,-0.730218427520062
-0.53487489300812,-0.727142100229019
-0.562885038608519,-0.727483463120411
-0.557197869388012,-0.721771936429063
-0.524239820551474,-0.710930170378697
-0.527086479033309,-0.715640136820722
-0.532614935514571,-0.681452399116964
-0.480373289646288,-0.677339913033627
-0.523706469239816,-0.739229747973612
-0.475128070572612,-0.704510400514766
-0.490533492977947,-0.737747496515267
-0.46970438593174,-0.712186223468936
-0.506855503627781,-0.693872180815895
-0.51471531150814,-0.63403625879373
-0.518658121001074,-0.578431592883715
-0.532086519034098,-0.593900486054391
-0.474021990366152,-0.628203804884776
-0.545088259708071,-0.490781482011528
-0.546458971527779,-0.373623988273073
-0.514940678743684,-0.363209756153933
-0.55595696471676,-0.281432939446052
-0.618739903752352,-0.263301158484268
-0.635104614808377,-0.223593431442766
-0.673398915944652,-0.180585784229714
-0.646782297447007,-0.168828618424357
-0.646679374763257,-0.131053333187791
-0.70734303010127,-0.0882995730858977
-0.642605513123617,-0.0995266754889428
-0.586412110948627,0.0191883637375658
-0.477586200911486,-0.0528179606938971
-0.513127567893568,0.0484244860880724
-0.489770757587465,0.0136130453949473
-0.425250763611179,0.116168271358379
-0.422803142980139,0.169909305054307
-0.35679666237802,0.138881314070505
-0.320479463713741,0.140861813355588
-0.284020769265214,0.191133054001069
-0.159945468876208,0.164152033865297
-0.124779018835621,0.168561827543917
-0.0605258002625226,0.13401641258902
-0.00970777871546575,0.331552239164125
0.0152600351345774,0.215508962144111
0.0642681104167682,0.342667191087947
0.146858979330646,0.371596810843709
0.0952665532948493,0.242353799984312
0.220718762677863,0.285434960648745
0.174128563846451,0.183810335876153
0.140040902475869,0.159624084815285
0.200773605670228,0.144018382545955
0.249512600791762,0.144406063502005
0.259906845949287,0.145345448548228
0.248495754682144,0.0390866551583267
0.277858768592605,0.10111105423943
0.237546667735072,-0.0544274700911167
0.303585904384579,-0.170509894913361
0.318412755819353,-0.0403266730721084
0.303005944621714,-0.151565440440119
0.361350762194941,-0.161833346699008
0.43457757683614,-0.257454836074616
0.382773962653917,-0.343390862991613
0.31677860129158,-0.321106966124418
0.286382487226017,-0.375528032265075
0.35558088482126,-0.358735993035159
0.361520639676523,-0.336820304292929
0.321191257591899,-0.405708026291177
0.286600440646632,-0.414483252259028
0.406822196335403,-0.426054732465092
0.190475732783729,-0.521291852913203
0.351255663167908,-0.414513863773907
0.256641583650437,-0.495210671781891
0.198585655142939,-0.472543314650129
0.218714901980159,-0.500214857910154
0.011214931005975,-0.47572143076279
0.230539409580331,-0.408012691647899
0.0645219321859895,-0.588706841018883
0.162692948746588,-0.491330023541937
0.0588474674744928,-0.593906163747003
0.0184513628843131,-0.524584145754426
-0.0507979692893958,-0.61273530530772
0.0922740683515392,-0.585710630373536
-0.110203780893113,-0.524981195975677
-0.0183877504184074,-0.551606832130472
-0.0620503285971996,-0.47837023017234
-0.0790588643102595,-0.537534349945506
-0.211212409593478,-0.486519697110975
-0.150495721805431,-0.562714730389245
-0.133319981301986,-0.623949468675742
-0.180682488099135,-0.598462194292765
-0.152629655093535,-0.630681484989487
-0.230180006342218,-0.648785841105633
-0.213368886288264,-0.611064808293022
-0.257904633919489,-0.627188249128713
-0.340696151573963,-0.567929702606749
-0.397674379144753,-0.651757639105857
-0.371977677025513,-0.574082407811164
-0.40520138846395,-0.669114694724147
-0.372980290280991,-0.674127397260264
-0.328853670016395,-0.589249705154631
-0.46277407039971,-0.574532053444678
-0.454385685847799,-0.510094154770705
-0.444965446885505,-0.574017048539764
-0.509047047473954,-0.568874813233483
-0.387571034939513,-0.523892659984105
-0.574324835864635,-0.489058570254568
-0.437488065554702,-0.541318698925038
-0.453972476511306,-0.504842611769451
-0.468227297314624,-0.394664903689279
-0.435777520660863,-0.403613419952832
-0.499076454569297,-0.474645242431324
-0.382945236910638,-0.382007799371613
-0.477112849800818,-0.523754192786012
-0.403943193182807,-0.399225578658595
-0.517872784743445,-0.416754350932994
-0.379510866603494,-0.278804765163679
-0.450296249853439,-0.292694030546663
-0.397263478139549,-0.27514457060666
-0.420956381424849,-0.317682200397198
-0.490476900488187,-0.212748071487429
-0.402582674912382,-0.15569962913518
-0.463103576897431,-0.0385311723395082
-0.622080893722907,-0.0381551896945236
-0.537037594859419,-0.043504649647027
-0.588177829266478,-0.00740007129582199
-0.529250727226703,-0.0327956992724124
-0.51120656476347,0.0864417804209534
-0.489323910434909,0.0773153788556996
-0.608007211300239,0.0243533547960408
-0.561566653764488,0.0066042640114095
-0.565050128039104,0.0255378969674509
-0.494096947643559,0.0698019241960269
-0.608545559185375,0.0719877398381959
-0.49753139251002,-0.0283427557490323
-0.586399466418545,0.00135983637591505
-0.650696553516496,-0.0186292960279593
-0.606664797426578,-0.035421005061313
-0.681577868860998,-0.084140548310151
-0.572613390322972,-0.042666149867531
-0.541612362141052,0.0319923521521677
-0.643314445141689,-0.0482764601861643
-0.663140729487351,-0.00692931107367184
-0.647236965498313,-0.0247936380418027
-0.681348593457348,-0.00633423405634363
-0.598727527882793,0.00978101796399651
-0.743391235951636,0.0142827340146059
-0.691039112301917,0.0538164272036475
-0.730775852354003,0.0588638696596812
-0.664273522661281,0.0201908230605776
-0.633631052358253,0.0691354400615536
-0.616490391670987,0.135338129294111
-0.750098314462892,0.0199269951934955
-0.678360927730281,0.0917867383715083
-0.679831879344325,0.0666967676021463
-0.728242372727259,0.0775330333500383
-0.633435773177526,0.0822607085422179
-0.76226505866229,0.0413930596912843
-0.731577080845707,-0.0103601323692274
-0.787173815552793,0.0133673431971832
-0.706700680350812,-0.0694316526558502
-0.749345509065477,-0.00428649665384199
-0.840914095937691,-0.0522431540912789
-0.849092658818401,0.0240832572635792
-0.809356134758715,-0.0651930227782673
-0.801458749208357,0.0889278259734632
-0.819224712149821,0.0333181589659244
-0.84119615444217,0.0604801089395306
-0.809304844695075,-0.00662672539926154
-0.8741737591772,0.0528422970309648
-0.772604250190123,0.0269354212885496
-0.762729851474173,0.0577260227702628
-0.810010956644247,-0.0147628356310992
-0.847212284599657,-0.0211296658806884
-0.819792789468664,-0.0259668417227491
-0.833997966218438,-0.0132992362188606
-0.866896815294982,0.0896506795076774
-0.821682683777667,0.0362082649523732
-0.922059771999427,0.0184155770534159
-0.885510095445763,0.0387770271628886
-0.890912662253749,0.0662540591323736
-0.870167034541241,0.174349731526437
-0.840821689430765,0.0792540779648576
-0.870758467822405,0.111803386607416
-0.813593353813652,0.207558236723399
-0.948673265727804,0.134376095580295
-0.88270064927736,0.196363766507249
-0.912447813191777,0.176307786938786
-0.871033340516658,0.165540289611212
-0.903299868395729,0.125303976677149
-0.884400808583703,0.134888174432905
-0.933092910651938,0.157520200215451
-0.888297397116653,0.135061052779835
-0.866859845747006,0.152747052138617
-0.89237829295576,0.222065827079879
-0.894846651232794,0.240748927585417
-0.895232755012993,0.265718991759075
-0.908265529251029,0.258663535031535
-0.885353910607338,0.228713825991064
-0.850360811908179,0.228347868360482
-0.870734700874412,0.217890540684206
-0.846550537619469,0.231373677268197
-0.855917753680636,0.244378779284149
-0.843221756177075,0.241862617280487
-0.882892113464834,0.279079924716414
-0.834504382955706,0.259044332820798
-0.829229580855547,0.306079207068164
-0.88024779404498,0.299411875755572
-0.838008250535242,0.349963079661921
-0.840029153102753,0.361271605982053
-0.787217125737088,0.442968301098291
-0.772500935842625,0.382518929526322
-0.721915823990215,0.473261476417833
-0.684899556804045,0.561374996843753
-0.690469344633721,0.514592952212404
-0.653532998267773,0.570146407012012
-0.663172081772333,0.596029164764545
-0.602905694688382,0.65788834932518
-0.593790513553716,0.699549305006078
-0.503885012925024,0.753681464718566
-0.513860967548402,0.73903857710019
-0.430230313701873,0.764907538286674
-0.409571652529045,0.817343614478437
-0.40364121454732,0.851006138421668
-0.364961922261355,0.868039746249628
-0.380841430965872,0.866728225711859
-0.33920173909072,0.856669075678484
-0.328835607845498,0.904247698665226
-0.34301638336493,0.869175986070063
-0.323827911285325,0.921277900060914
-0.351414533865752,0.866374406062509
-0.321797412075393,0.889085335334955
-0.316620988406598,0.89008250841129
-0.335072286363064,0.863404275787749
-0.33947544975187,0.874642966520951
-0.344702630477934,0.874047746207304
-0.327304613834034,0.909702639321398
-0.325710124482182,0.916525480216259
-0.33942614304059,0.905944743235253
-0.369025554967916,0.888867387108972
-0.418292091085382,0.866851575417029
-0.391878942896481,0.878595791102102
-0.414324074868225,0.86792930113179
-0.398854920171923,0.866487937303942
-0.404348283623608,0.859781108157422
-0.372975593717128,0.875435073303919
-0.403276585589234,0.854109993078141
-0.409099840337844,0.82747567767599
-0.354792077341358,0.818552340819242
-0.369591786256279,0.843775274339747
-0.392315683010963,0.760279819440291
-0.306826278022784,0.842051381307678
-0.375498512808092,0.793843942799585
-0.299629777424324,0.823156325825306
-0.402843892336145,0.717898227183641
-0.366060788398156,0.754015051640286
-0.34366134351763,0.771114460017585
-0.309859369210125,0.788331142617578
-0.276267114679542,0.749066483560109
-0.262076819775485,0.778837084229553
-0.186256936065756,0.711807819331385
-0.212260295210072,0.707155942371497
-0.192950299595248,0.717339509951878
-0.187217223601328,0.770214360631619
-0.161685467316653,0.660750359001302
-0.160790148177093,0.714270131437553
-0.167063182247352,0.650349260295622
-0.257013689323468,0.603105580598278
-0.258247519752786,0.618872736965825
-0.141210991553732,0.488001802169172
-0.252505598738711,0.501175613770954
-0.164465877953329,0.368333513758124
-0.191717553631148,0.312168106098005
-0.18390069372526,0.354498877699819
-0.129206939765499,0.335729613514685
-0.0799734984444852,0.319400731551212
-0.23753909842245,0.212699357263029
-0.0497457153335426,0.235905390096354
-0.159261581305223,0.0449202060516147
-0.199661109166234,0.118220776703986
-0.0200898460642381,0.0898920496993151
-0.0279890782267012,0.0746727826613225
-0.0562735623712618,-0.0582461982994655
-0.069269142491178,-0.0393792000173384
-0.0954810283412656,-0.0282688164511278
0.0177037487091838,-0.0188707354965523
0.0822168990401972,-0.0810208431305785
0.00892887132621091,-0.122129635157749
0.0140193718897663,-0.141259714539035
0.0426710411234947,-0.194085581366048
0.103271404258168,-0.124085692462392
0.0965833902052218,-0.215213213983412
0.0901163136335955,-0.252764448186047
0.131080943084417,-0.417378995213573
0.23872697321232,-0.378143534995972
0.236394681064033,-0.430912158892671
0.207970978577048,-0.385324248799282
0.199293652226027,-0.435237898254496
0.214265723656437,-0.479072987201434
0.283445029318305,-0.488720220763906
0.260445541844761,-0.565222188044498
0.295609461957507,-0.482987191363031
0.324800091050904,-0.47793342377835
0.42637169276131,-0.598938772203965
0.469788035784198,-0.630715077395231
0.41771277543832,-0.55137248172279
0.514835157159361,-0.582245736832863
0.496132285554073,-0.595270897092942
0.537801884882964,-0.645659349642119
0.552838147016831,-0.622823187488861
0.524361937217042,-0.661585536598583
0.487615017735805,-0.653401252317024
0.465029351808909,-0.726395007967272
0.437847879486561,-0.703025671612854
0.401616815430014,-0.791988898545429
0.373242013617979,-0.750793593570019
0.382842365819679,-0.764557251569051
0.350431156625104,-0.807722019746553
0.289003609054306,-0.785743005740232
0.239397835345869,-0.778026169768107
0.267999422346997,-0.833158967677626
0.203556427646492,-0.850317841096032
0.173385466889542,-0.842391966099502
0.197164603812965,-0.845619937931367
0.203683864732932,-0.828580926428757
0.163330832140558,-0.839660028888154
0.0946185211167891,-0.862010998547635
0.140207792398274,-0.803050030800205
0.100595319628815,-0.869234725126742
0.129249372703871,-0.832164099621269
0.13200483122554,-0.830109631412815
0.111570022594963,-0.781934056118816
0.0817108936110379,-0.829081766165073
0.0772228998576207,-0.833413933027712
0.0883948307527228,-0.790320461516076
0.127474433178072,-0.801409611277494
0.154852524083155,-0.779218626509535
0.12574601116144,-0.746664145628394
0.158711160377958,-0.746937870363693
0.185395253700351,-0.757610973728872
0.10436636149211,-0.784067873665529
0.165685844353949,-0.768206188504016
0.0855708896465601,-0.791769263622915
0.0472241069531445,-0.776909022336431
0.110342168709647,-0.725327517567283
0.00632574822280776,-0.771433162806935
0.0168594254609687,-0.71014998668784
0.125485433659441,-0.753315215485349
0.0437464810368107,-0.705353480021104
0.055761788825158,-0.777533425829817
0.0890640120747936,-0.668251687892421
0.053519471046621,-0.643233370676522
-0.0030567945982996,-0.656576757262175
0.035479475140754,-0.664592233434335
0.0334521419583473,-0.627189073307021
-0.0539255438745473,-0.7021416490785
0.08713567492594,-0.644621946230262
0.0698562618315267,-0.735287195873134
-0.0154811616621572,-0.608433358784197
-0.107082745968809,-0.692669284409282
-0.031215444473369,-0.610241965746724
-0.00562691322369207,-0.635494935284697
-0.0904176875717533,-0.546986899205069
-0.076132823152123,-0.644972741571545
-0.0513658843693769,-0.563078926198346
-0.151573920889798,-0.581119863108506
-0.0560903326595116,-0.487399233909675
-0.142053482403623,-0.488111273682465
-0.0316082139903825,-0.480962283826945
-0.148502824641892,-0.531980415914244
0.0162242274384188,-0.43669421255315
-0.0968698154867203,-0.482357775937412
0.0405599048531377,-0.375142512102476
0.0178777594448869,-0.42193228632225
-0.0384066698265521,-0.314089845098273
-0.0241222797362525,-0.361544619480831
0.0535348975972007,-0.365195693079703
-0.0691681451019684,-0.39275533018983
0.0485043993811734,-0.469471648325268
0.0647098523727869,-0.435954256907072
-0.0809964753233604,-0.434758931596558
-0.0455031953980218,-0.523383958300091
-0.00936436462773894,-0.412369051272809
-0.0459107606031997,-0.508376300255628
-0.000191899131166163,-0.486641641929185
-0.0572121489124543,-0.465197531947757
-0.00704197711190826,-0.514752107862347
-0.111088733256471,-0.433129993465735
-0.0531947895045967,-0.451685675745663
-0.0990501679521979,-0.421364085482491
-0.104375231564401,-0.424176971770438
-0.0457322399627297,-0.345678498682714
-0.0830087414287896,-0.444836984154728
-0.0380884367694937,-0.484365432799715
-0.0681386718405463,-0.434610155538119
0.0234402628663885,-0.360988926375822
-0.0602305867973223,-0.443132203106409
0.0337236948744968,-0.380392415747321
0.00913612031516652,-0.418695317272506
0.0833943816982652,-0.357193163615967
0.0178077091656688,-0.344694839713863
0.00950478381120864,-0.304225365078418
0.146790303921645,-0.441707564931779
0.0523473953817769,-0.380145844508696
0.0571685977127461,-0.305849798995908
0.0359372361401949,-0.36934458322397
0.0373884761515333,-0.410901693143265
0.0857618154348603,-0.398855816103621
0.0918458693799837,-0.356887739578307
0.110846164269828,-0.426039616004474
0.0213445574886108,-0.385790381998441
0.149662890456183,-0.416703346776128
0.07226786698141,-0.413530452437831
0.0342988168808815,-0.439279823944912
0.131144148537504,-0.436433650191375
0.130031063999724,-0.309326265050997
0.192869797841718,-0.347868150881575
0.113675706000997,-0.36163389462117
0.104981104853452,-0.314252795179609
0.133063374418427,-0.275429232144696
0.122312778269722,-0.324916586493523
0.166848526025059,-0.200995845373814
0.19788988826951,-0.179680813086958
0.104838140944239,-0.0326679519432748
0.0937852155532942,-0.0614214760280164
0.0903503821292519,-0.0570801186402781
0.2044552411878,0.0798655041940487
0.0469383020251528,0.0564924818194496
0.0431844539195815,-0.0405346376643798
0.0898194003618827,0.0349369506687937
0.066062209520941,0.142570916104263
0.157879484443118,0.0572491669330151
0.0224537281889416,0.0737338338885843
0.147548913790698,0.242909369506886
0.0126825068305669,0.135367568390621
0.0691916085061395,0.281595847528218
0.0734245370456063,0.194607540983715
0.0837964991607082,0.324867195317188
0.111505218529329,0.260730990493126
0.181526760229535,0.344641028020265
0.0480269729117422,0.292405479303262
0.14994351402741,0.374608989976193
0.142577023504704,0.323854537419342
0.0543219673248585,0.355881300894991
0.198564725300238,0.319908201677688
0.0397407018677223,0.402416398942063
0.124623901599943,0.307733241113985
0.101089393843906,0.317175638480038
0.100243486820051,0.384016818960289
-0.0100555707846464,0.380899458190509
0.0477505506906032,0.369682395048433
0.0356892488757485,0.339649881668783
0.00535444033187736,0.401026421389462
-0.0268776560214985,0.3046277889739
-0.00662031599234333,0.417962081361913
-0.0367927299937149,0.377524292896515
-0.0344027508230873,0.416973787149403
-0.0449170841435893,0.427910700755047
-0.090501056156275,0.416888062773904
-0.0464781616740895,0.484755004124843
-0.0368587452935903,0.328805955848944
-0.0467501913434357,0.42724468799972
-0.0372145023185476,0.426414247877138
-0.116841175891164,0.453522462280399
-0.058816019938554,0.421987500323441
-0.198193674855318,0.465209085861524
-0.116269867692632,0.463255222862117
-0.150478453012902,0.381326190266943
-0.213956317989206,0.528091870629397
-0.0851605037411048,0.408891059696326
-0.171782121835097,0.45252963461552
-0.167664296067107,0.444957150791133
-0.153653859236728,0.505445113269689
-0.232339762466947,0.46361342726455
-0.183596384344305,0.429891679562263
-0.224621529800139,0.481109052491128
-0.166693331206572,0.433280058479715
-0.263133460933642,0.451302689711606
-0.0680955691098867,0.481484700350097
-0.168545156436943,0.426255636899445
-0.205155246131522,0.494171637520028
-0.0805392343328722,0.466665469856633
-0.19521679231156,0.343318967583318
-0.178732866511194,0.442990042975955
-0.108311667020107,0.384840708765743
-0.112834465187434,0.34288559759365
-0.195620609399472,0.348842582022985
-0.22471012814738,0.240797822368294
-0.0945202451012768,0.382448471877776
-0.158670201422691,0.30363014069349
-0.170365438103601,0.280486649258123
-0.184564141752016,0.331114208810025
-0.0706531176111797,0.416760735426755
-0.116867929080167,0.271010187289736
-0.147513612367833,0.301306046441545
-0.172977406583053,0.311336479944929
-0.0821690129161775,0.187162861619432
-0.0622294510812986,0.20928343788366
-0.162401904056883,0.362092718130432
-0.0256700829573442,0.0301868356981415
-0.107884897438337,0.233773594019588
-0.0874166228321526,0.147894054332152
-0.123677183216411,0.231526696479739
-0.239831456595305,0.173384127335833
-0.0489294945484083,0.121277704185455
-0.10748543705932,0.106926114463949
-0.0974282599360871,0.175703901100712
-0.0209178675555017,0.168870793174262
-0.123386872108111,-0.0103382789734703
-0.0261891400439462,0.114260516874927
-0.106982206953619,0.032977961871854
-0.0965170123254483,0.00554785554415505
-0.0849152821745494,0.119663861615831
-0.106698139307006,0.0907055550380648
-0.118247487970411,0.0105532275822187
-0.109243739518592,0.153450517963735
-0.107307266950117,0.1871275799661
-0.144991727352533,0.090841508534364
-0.0571243734785118,0.00670438589654882
-0.092677308506798,0.0229118402024198
-0.0262729897498208,0.0699987568516789
-0.114292363692345,0.0804438790330423
-0.0113673995205489,0.0276559264795791
-0.10150617201772,0.0338949230423262
-0.0545227554447208,0.132900542787296
-0.182899539597994,-0.0108045329123552
-0.149160958193129,0.0681495786733681
-0.01974660885767,0.0869738012995266
-0.0422400538493819,0.0853908075222353
-0.130246629929509,0.0428407955130798
-0.154233682998629,0.0904063532329316
-0.0592535790370573,0.0504436405392068
-0.160704932788601,0.0841000826931322
-0.106969623423754,0.0532206296149164
-0.291905739805494,0.0359870192421158
-0.0212433933622263,0.0548105902146725
-0.191517375198341,-0.00961996313245269
-0.158848018472369,0.0340553249578605
-0.0770252280858199,0.0483662375022692
-0.139999774411915,0.0188298443435575
-0.12308059641562,0.0315366112157878
-0.150494726754089,0.0226372646412349
-0.190481812540717,0.00941023732285273
-0.131533305417548,0.0913116462825845
-0.15522382625602,0.0169011695149957
-0.144833887997563,0.13528276832504
-0.0216876798952192,-0.014659229385828
-0.189323184936374,-0.0293378303283618
-0.121089811679416,0.00596729319700618
-0.203943306179791,0.0015752862232056
-0.132909616405332,-0.0244329427514421
-0.0484032956501057,0.145525089806375
-0.176032687157335,0.0508124594614404
-0.0449919961423787,0.0781465018727321
-0.178114520708679,0.0497043421483649
-0.115797958726321,0.0173547018899913
-0.143440019153551,0.0668334704862091
-0.0952020776594552,0.0278758652803492
-0.0952017269499718,0.0107052530403048
-0.1602085943384,0.0199720729924997
-0.165805995341006,0.109541311311286
-0.199815504167882,0.0166051974758562
-0.184900532966134,0.073588882124673
-0.327493747080707,-0.027636896840374
-0.245610767876218,-0.00168858483175441
-0.282683346108759,-0.00979774851510925
-0.312632875907615,0.0326418910921409
-0.392160622132824,0.00417396367306676
-0.265192050695637,-0.0288885458303999
-0.273408446905599,0.117365864607355
-0.281130746624008,-0.0428711401779582
-0.233761198033905,0.0384893529725064
-0.244790254287769,-0.0290268585424222
-0.259255025131526,0.0881071416740406
-0.201838515004964,0.0152851029419541
-0.331175866452069,0.0184571034555292
-0.158143266340151,-0.0932721602640956
-0.172006538028826,-0.0349230101043667
-0.107667857510863,0.0604774314999993
-0.26453208500141,-0.0263084970662813
-0.160669262458542,0.0420819375731975
-0.141143819931024,-0.0397638981268919
0.0105778419151143,0.0602614432076203
-0.169658914998174,-0.081933508177486
-0.106768700187639,-0.0586003130392942
-0.1455487295973,0.0659607903256279
-0.0822312502718072,-0.0388900790673316
-0.102012370457707,0.0166132680162583
-0.160155741083847,-0.0527074566725121
-0.14376321613041,-0.119270597571331
-0.178403424278594,0.0737070047575344
-0.161693386005759,0.0726786364573242
-0.145655388906023,-0.0458151252901345
-0.192020903802498,0.0930643731580194
-0.176587708790671,0.026307145450307
-0.163704625797835,0.0378006681709177
-0.0428669381850767,0.173611453365128
-0.126768167035644,0.195883495629623
-0.0585617125773372,0.0367645849762747
-0.150788905026844,0.13850816445714
-0.111364857453533,0.110091694374448
-0.102667999558819,0.197990100693585
-0.192789859835331,0.235787837247516
-0.116890599942099,0.138977104892203
-0.190916335348237,0.130184370173129
-0.225051692242752,0.137589771622776
-0.23864818028484,0.166291095358964
-0.265684353119679,0.0554866673986064
-0.185615852213594,0.220562345767737
-0.255488784528789,0.110132036666994
-0.138798186257936,0.114491413819339
-0.247478775001047,0.106205087857167
-0.254282236992399,-0.0143687812981889
-0.272098392853753,0.145987953249851
-0.267315286159873,0.181476386121806
-0.325060517068645,0.0632571181936555
-0.290397196162726,0.0385701816990872
-0.275075394589655,0.0991947251800705
-0.200726397542946,0.0547397722297071
-0.358215189876731,0.128764791209643
-0.310538634260428,0.095172741069742
-0.202952130048801,0.138219493588982
-0.359663782826393,0.0575950016140774
-0.308425501872451,0.124809953155645
-0.427849045694628,0.167877478784377
-0.419930761188123,0.0830061596252245
-0.370067742911137,0.169287013372983
-0.431469237155068,0.0922452313640066
-0.402636976375781,0.181299653150848
-0.492470926327668,0.115463539732775
-0.454980044618261,0.160489776345197
-0.471539961387404,0.0906183212596016
-0.492738972754522,0.114392278607808
-0.494976036744248,0.0666013458436701
-0.498915191408026,0.182178878075993
-0.521325258798068,0.115549355123816
-0.469992040412598,0.185688795341936
-0.533885704141293,0.0671088235719126
-0.531727718871557,0.140460609255991
-0.443807318419621,0.107436142579719
-0.596155729092551,0.0437047000001532
-0.462590043406311,0.0802123917291725
-0.467142371784399,0.0929338616758638
-0.537961933526446,0.073577072270752
-0.415260272993652,-0.0188266117245592
-0.565997433225669,0.0321764219729862
-0.556579926877635,0.101931762384624
-0.595771476283529,-0.0316420366986675
-0.568505123073553,-0.0464596921913254
-0.553326950328221,0.0647392488968157
-0.552756327291204,-0.0193058184244244
-0.581057099682256,-0.0158819167894703
-0.592446735995405,-0.0436357784002157
-0.529928846873696,-0.018909073913991
-0.534169615974738,-0.111643244706124
-0.617432503768179,-0.142467232350132
-0.535412059865214,-0.09518667231559
-0.539950975322948,-0.231704718828989
-0.529777591551398,-0.106524262573681
-0.545838055424301,-0.198894469582593
-0.522835962346012,-0.135971826755265
-0.542313810286253,-0.173595695919964
-0.512792791957766,-0.169982492578217
-0.511420037679909,-0.226047015294921
-0.504909598595993,-0.218301172897569
-0.53082081789668,-0.147805572299604
-0.475302023501653,-0.181345067433357
-0.561880509427591,-0.224566502955512
-0.478605237755536,-0.316394425218573
-0.422117764204054,-0.18009689129705
-0.352751328545904,-0.325457105762511
-0.481281620435593,-0.248225809707663
-0.397296418078063,-0.245777116355647
-0.350503480559883,-0.257158282945052
-0.363481352269198,-0.270019944194877
-0.346666900526207,-0.299231608809311
-0.415310447475647,-0.210032008880844
-0.305480953436118,-0.349051550279171
-0.367646950738546,-0.345535221993701
-0.330853555386939,-0.300230880750036
-0.215284119747044,-0.375489669016694
-0.185829096515895,-0.469865692953697
-0.295594824813102,-0.476781864051029
-0.300040412083303,-0.459090093711571
-0.242690081610487,-0.440338760078663
-0.304421053394695,-0.561481482387728
-0.172631913928015,-0.528872699214011
-0.200669469558686,-0.524560886142685
-0.171304363376228,-0.547369543497672
-0.165715721129872,-0.533154578914882
-0.0975118480935869,-0.545127780280095
-0.0561550167342987,-0.521673821453554
-0.0532126310745053,-0.533236767427414
-0.00235625742820352,-0.548651159170107
0.0940872342686044,-0.523367308364537
0.0603999932125646,-0.540003525976325
0.0896628598560072,-0.419166398234939
0.141897257227787,-0.567162153067049
0.255664724663032,-0.459707284615757
0.211453973662662,-0.367649458153288
0.301019560089621,-0.42335357239049
0.367001305338092,-0.277326683075517
0.286413066720523,-0.355932227232326
0.402617046816255,-0.306475767001515
0.45439613773542,-0.255903267848466
0.299927480400554,-0.144162653289935
0.466198941599822,-0.186135078491789
0.45686116149783,-0.145299949010378
0.552578858069964,-0.124292872032937
0.478580425629153,-0.120402806790863
0.529327125627878,-0.0566309738777346
0.441389992483982,-0.119142685224147
0.51316751998364,-0.00939984665982527
0.451712182200585,0.0157846508553592
0.518477663725023,-0.0364716300145727
0.515123124973811,0.102739911505457
0.5187294731689,0.124691206464662
0.496417294295198,0.0886508235183115
0.545984983666119,0.155955564318354
0.479405400329218,0.125369270556581
0.486565456037682,0.175359307262549
0.555486643374123,0.292934271117441
0.55603643781948,0.187144452196905
0.57917905505832,0.23678055501416
0.515738252086031,0.269511056229321
0.405430883207374,0.312606584243746
0.605830172719255,0.407615109973592
0.426313589893267,0.416998762160621
0.481435263517162,0.433671934620804
0.511405348046551,0.474498827581002
0.376748515552756,0.38995468694986
0.413140070885707,0.51481494093501
0.465645500349346,0.490229421284715
0.370956734660825,0.5193935115808
0.417171571531543,0.510940679599728
0.367546823793636,0.572992632502047
0.352981828477093,0.555720078665917
0.31952744483603,0.621199852084267
0.268934960756822,0.614038017487765
0.181749470848568,0.56446121423072
0.177568153131186,0.644794702086317
0.176527358243923,0.593556596908796
0.204112017298745,0.560236085588278
0.159398589743058,0.612365747573143
0.0930013943842524,0.640069759207285
0.128307630753917,0.651525804194185
0.0898914683186213,0.675660379965709
0.0376614148152986,0.680197844827954
0.0908135445367694,0.717964570383522
0.0152451271806875,0.675878607925332
0.0183855499882882,0.674702522956624
-0.0492330124261506,0.651580733035601
-0.00983838732697642,0.635519419938024
-0.0322994459937899,0.750831087756168
-0.0799237512290627,0.658504130412365
-0.0828225970091217,0.649321905373947
-0.0869015759723839,0.659744061300796
-0.123094579390896,0.666723685672779
-0.0645031829779503,0.631344605047438
-0.133541461741367,0.679098618043788
-0.177236580361234,0.692719849372674
-0.230999726314029,0.699435244258277
-0.167142967886599,0.54682045850374
-0.312622034198,0.595180494417205
-0.348123960646004,0.509618625372816
-0.341648239030145,0.582328383763566
-0.405621202042145,0.48672780182755
-0.362127919879166,0.495176728751485
-0.50354615131562,0.486503876601509
-0.357352815175178,0.497627093795298
-0.523066398573803,0.46522525692351
-0.475317389266562,0.530159797344047
-0.466775448585073,0.476859061187299
-0.569462998171034,0.435928227949471
-0.493451380060807,0.498936595650453
-0.547240305465877,0.466403895396513
-0.499927401976904,0.45335879529984
-0.600496543486023,0.491516731967325
-0.518439071178536,0.494225039363605
-0.537440660794072,0.471961315335522
-0.529462229652924,0.469513257972955
-0.461471191144328,0.457667338469788
-0.517985008151022,0.459188837245477
-0.569172092318665,0.420113367931106
-0.639061003109942,0.403714510133655
-0.602290195901674,0.41139150508041
-0.632567258227747,0.397681232596982
-0.652867033189267,0.412381680805099
-0.640477554653127,0.342057268758453
-0.693829043059512,0.288774719527814
-0.721056724936479,0.31588840871287
-0.678366301110768,0.251658475933681
-0.770316580198091,0.211639730761847
-0.71016741306997,0.208487080959942
-0.708222002540567,0.232143933212134
-0.76452000798787,0.150581594678774
-0.738901901482271,0.157328979960651
-0.70580300672003,0.143886692449494
-0.653619472915694,0.138755362450463
-0.755129741663821,0.124577187363793
-0.710157252064764,0.159325905814627
-0.718197375667014,0.0672519265366804
-0.733984389428593,0.0791943875823392
-0.74886313908923,0.119188763032697
-0.70062936313749,0.176286879021821
-0.758483840737608,0.137694895098351
-0.761508909839868,0.11665982301756
-0.750537187012308,0.202969055454037
-0.712187875918896,0.150152427153128
-0.670926607005638,0.0647039906561983
-0.618112732655596,0.0861379860259292
-0.621818461788844,0.0823972181073526
-0.601608757014209,0.0310443986796261
-0.581415844781744,0.0810115123193617
-0.548529775483252,0.0741258243460579
-0.562920996175756,0.0388315286270771
-0.561241742877937,0.139151486819619
-0.533287835044037,-0.0933915412391464
-0.467786494929955,0.0238138301940251
-0.539840974161211,-0.0291874610900864
-0.563742812573682,-0.0450206803122404
-0.525472425716472,-0.0731001288472381
-0.533840112299851,-0.00722046609268145
-0.476946090598716,-0.0293940338047621
-0.440770829867382,-0.0424404688900537
-0.478270786941422,-0.0902100133547914
-0.468928952084541,0.0119054142599928
-0.565478368552751,-0.00278120211343957
-0.374900087841658,-0.0126921261631935
-0.341889104450173,0.0408946873839417
-0.397816741007335,-0.0384005772642258
-0.467802991653043,-0.0912586005495351
-0.391544567589937,0.0494841761300301
-0.377194211097699,-0.0436545312393282
-0.324739990192807,-0.107244257075785
-0.457152689594217,-0.0921402390837707
-0.378645745060064,0.0229310991925162
-0.453837704056046,0.114611301704424
-0.35206548075825,0.0723998735992412
-0.299510363059805,0.0767205149939254
-0.235381898197567,0.0862814133804019
-0.0957572517233652,0.250758301012438
-0.0809947316308181,0.139719409522668
-0.131807484589405,0.279021982485657
0.106358184688656,0.236264744542556
0.0943625154142676,0.328205620512507
0.165293109435993,0.46122457032357
0.160542001847589,0.486973532452436
0.214813422121171,0.503957159951138
0.230208357067773,0.553111540565148
0.333173341042996,0.558595461260454
0.349325360925431,0.549777738662975
0.40514436203822,0.530899928222403
0.440918412206459,0.635849748207292
0.503674424245013,0.585874840010182
0.429501221747806,0.49327828825862
0.497897070452714,0.544557419332909
0.462373523113552,0.577470928414622
0.515692662661503,0.38481779014714
0.601059082994296,0.447402674209217
0.615430311619549,0.460975812795697
0.686660745063433,0.431037811336152
0.670886796426486,0.431213672762112
0.700165176866798,0.415579058436093
0.754825954480066,0.408274374018907
0.762185763496848,0.414128313197983
0.813146518292427,0.351271197393401
0.843252850089738,0.308969363172932
0.851521072378855,0.32044579264051
0.82764088209905,0.314758617935824
0.907883316699183,0.255753905077166
0.847956642579822,0.256729132309871
0.856276501593391,0.247943197344345
0.845059058613912,0.289090265256678
0.806538393997843,0.25823533054726
0.822711456278267,0.255066460499833
0.784162816924548,0.304148015898408
0.803863012649523,0.305789964909614
0.829189906201579,0.290642944915529
0.805598997561706,0.251026912085638
0.837322543335242,0.262786187022976
0.777431686778343,0.241496134060693
0.839690590841419,0.214928746433771
0.795505230811677,0.265588194842662
0.851789278160599,0.149165669662483
0.821217586141624,0.180344826004443
0.832522343177182,0.177186745668979
0.836593677982349,0.156701221316108
0.75400601469419,0.137611633698466
0.823574638107007,0.157416214945096
0.836871734771524,0.175604210866086
0.769453092176293,0.219488119232032
0.85068299946235,0.176345606501384
0.774523372336671,0.182900048111503
0.796588416051277,0.142156708173705
0.821230507037124,0.145498008396483
0.789414237084226,0.184094797324956
0.829178893732102,0.151773908709608
0.790209715169654,0.162954394228113
0.745507026671801,0.151831124940938
0.810931926957586,0.24615517030025
0.788854854849375,0.212358117957503
0.732168908185773,0.215922934483734
0.717789754479236,0.268110710214725
0.806696940164111,0.217774083438716
0.727072228441195,0.256590315693556
0.766802494809149,0.267076405861031
0.721333180376142,0.292773754966645
0.727128547452149,0.221501520203861
0.656055242183513,0.290228047045514
0.694884272491224,0.215290852133119
0.704942326506726,0.265607222074071
0.651734429519615,0.284889322459051
0.632549288829234,0.235829340586956
0.650287976386952,0.215943685249845
0.558001341661979,0.305377985855838
0.691356553611907,0.286626141364909
0.557979685820577,0.358364822541422
0.669858438618991,0.246330823757478
0.59345250995932,0.281774088171555
0.53985967900997,0.317045695096459
0.658475004479862,0.389583789554908
0.537451998702766,0.267926981005897
0.529828580084338,0.340866213123517
0.487746618774669,0.321955927713101
0.585922632999443,0.3139616680025
0.570307128506561,0.29303672225651
0.545002411934982,0.397504405924506
0.52537476044658,0.382527296650726
0.476382682220119,0.323528851264769
0.554973012743046,0.33836744020824
0.503747263558602,0.294848489922442
0.454549006880404,0.350083471392
0.48767249175137,0.349686377530481
0.430643926135505,0.383056934168684
0.449013949555304,0.323719696004941
0.468414509908438,0.306802637981128
0.562884440701256,0.35468183962114
0.440788205403235,0.296524594423206
0.466738016036811,0.326783002573661
0.478355336538931,0.256998220621414
0.447630988483081,0.262434354405491
0.367510320974165,0.248930531536758
0.544098287268773,0.271414941476903
0.395145384283546,0.291549118540068
0.484789132190511,0.249897707391523
0.359475965914718,0.269878509504309
0.496080903307741,0.227829879521649
0.439700695727992,0.284540510448748
0.375643192254017,0.235572362178465
0.521565123220425,0.272794611169215
0.36408528994781,0.331353960529417
0.455008970796912,0.293176555904518
0.489354375663957,0.323961752554642
0.381300524619488,0.271690344650622
0.441809069029051,0.217927911397285
0.265449767868516,0.209681960020733
0.38586650041599,0.266084091208648
0.304460005877462,0.157073678949796
0.342756817580729,0.243155508567151
0.373370200098052,0.189355797282663
0.269060471989466,0.145962322833113
0.341170538744445,0.184005999262304
0.33300711879972,0.108351808157288
0.212151191250412,0.203051684246268
0.0859978672005819,0.05517590908497
0.110678396043535,0.10414669306378
0.134785027162185,0.140136503518683
-0.0161335711649578,0.0623528497428122
0.03218404139369,0.0647177714258871
0.112564674533059,-0.012479636494331
0.00241008556324692,0.111786864054492
-0.00110000110422876,-0.0367428818063446
-0.103657601966225,0.204530570736044
-0.0895948381064203,0.0804096819393068
-0.156450351669275,0.0295522033285113
-0.146284745850182,0.0477352800949872
-0.135831529788986,0.0950049235690373
-0.238982099652382,-0.0198399758004996
-0.160160977255308,0.056158103274915
-0.179941352115799,0.0836903459246366
-0.309510869077392,0.108234122857687
-0.295830862747423,0.120212886043344
-0.303149299651297,0.115721330346155
-0.267256363431893,0.100615713755781
-0.290312538759358,0.167229335591693
-0.286320715711732,0.106926114463949
-0.365618923053304,0.135028372668546
-0.271328869019124,0.165974292574554
-0.300982585668761,0.182270178934708
-0.321863716982491,0.129720868181738
-0.298417019921491,0.102272739537096
-0.364057357942729,0.0869161377724203
-0.376267041045862,0.0627377395347249
-0.288188993910797,0.0750473849464335
-0.254109462349812,0.00944746208360702
-0.369020763379828,0.0174732467770714
-0.287732162368342,0.10381619376399
-0.294650088762596,0.0614874001378566
-0.31012789295914,0.0469769740128516
-0.332134007761716,0.00959658287124127
-0.30066635950773,0.0385377320494111
-0.280745800971915,-0.0521848481927679
-0.304687915332484,0.051100511514486
-0.20299852381832,0.042144541755761
-0.258332851251404,-0.0399570967012515
-0.222001416116367,-0.0582465531680674
-0.283961674487818,-0.110954180490045
-0.299716943971881,-0.0239891190598572
-0.184641810116732,-0.0234621909791787
-0.117078060869431,0.0746885855886317
-0.249828111542514,-0.0592525278168219
-0.0920397167844024,0.0150791818622433
-0.21667611574843,-0.117907142871091
-0.0508124594614403,-0.0428088989843267
-0.259176072115351,-0.0107548136493784
-0.209447259678973,-0.0832233004332114
-0.0680345596707039,-0.0727753338335877
-0.167292728561723,-0.118711737724354
-0.234747719224497,-0.17878470148323
-0.100236892706218,-0.200710678118655
-0.182317860870613,-0.0331138291471659
-0.0964098733751309,-0.219067699938279
-0.221586930637601,-0.178522386539239
0.0402767062528432,-0.153748268770216
-0.281548703783203,-0.157868932583326
-0.191081248696412,-0.199088216071171
-0.245473018573281,-0.239209523386505
-0.202531337363334,-0.142349310197086
-0.129381506696661,-0.185634016497315
-0.116735170341483,-0.159638753106983
-0.197206247809067,-0.18713398501246
-0.2632163557471,-0.213179818583929
-0.129048377868341,-0.106600692437315
-0.201338206562896,-0.173164041639182
-0.282971717034351,-0.106833906700322
-0.25783748578114,-0.162186025544211
-0.15535729299826,-0.143032336415246
-0.189459736671176,-0.121555034108848
-0.118309500495895,-0.17888907652014
-0.166317678484555,-0.097723968268853
-0.259026932576147,-0.146547632622604
-0.142432236650043,-0.18259148072469
-0.182959672249844,-0.115864271741773
-0.235264854480066,-0.302219724994592
-0.15758682393102,-0.241701382402112
-0.223772772488228,-0.180500911155778
-0.210800951206721,-0.192428052283971
-0.150107179246659,-0.281880317282842
-0.250006813795291,-0.245416208688834
-0.115620186247055,-0.135412749948362
-0.238431093344866,-0.240824734441112
-0.124006905535429,-0.313796478497209
-0.120347902882235,-0.171949689922573
-0.172181922084443,-0.260911498879634
-0.198894835280835,-0.164892668621544
-0.242110521847167,-0.257629612904628
-0.215560362428859,-0.206674186226871
-0.270517753121651,-0.239389516550579
-0.189534356131943,-0.243925709896664
-0.277177977823423,-0.254310914274028
-0.180212968281937,-0.262355065098198
-0.254678540645611,-0.269704280674155
-0.196641690546006,-0.305465163887017
-0.29736665455116,-0.270830677264295
-0.278949009690447,-0.2626377295589
-0.233033725002687,-0.299324375647042
-0.255337977276299,-0.324717429705081
-0.379827224675922,-0.40001639187357
-0.291997993264645,-0.221883430735338
-0.319015079865414,-0.302068746993173
-0.345578880386149,-0.309151971652992
-0.22209687656832,-0.341977339464198
-0.324771846852232,-0.325196497368076
-0.344657991789204,-0.209354666021283
-0.338847817155989,-0.196588425434152
-0.311052463152821,-0.22816538080874
-0.278026555160725,-0.248568447685577
-0.286067383078746,-0.247249341412432
-0.281829916276528,-0.0380614866167762
-0.270786238227221,-0.235165547429743
-0.209911362778151,-0.365637272415235
-0.243208655041224,-0.304096098214891
-0.191682846668755,-0.146318172324423
-0.234616418519631,-0.183836994116124
-0.174253490597687,-0.175670354096329
-0.216991423036348,-0.190481962497212
-0.169777528080116,-0.10919690304572
-0.171823195221256,-0.17726434815776
-0.23490587865007,-0.148831860127566
-0.283046074635544,-0.0878347330220837
-0.336522378033163,-0.060806966996237
-0.190787513186079,-0.0596249390390474
-0.320035145714752,-0.0716878138909176
-0.298985666439341,-0.1222068112311
-0.241306646401244,-0.0656538293319001
-0.320321325707505,-0.0372361411834357
-0.267980933788863,-0.0169003312312298
-0.283332960347188,0.00772194760142227
-0.223716362337467,-0.0340106762156208
-0.22855196384719,-0.0195720183513584
-0.297005824185316,0.205803558268656
-0.327276802897946,-0.0779133084524717
-0.294049835990698,0.083663802068692
-0.23213862730217,0.0371223949847092
-0.266687356694297,0.00294039838944849
-0.288771701327629,-0.0214878341536966
-0.234635407187027,0.170713422811229
-0.148315452519323,-0.00675631293595811
-0.173132864324591,0.100598768908075
-0.191760747326887,0.032251908581556
-0.0816843852693884,0.0754349831505978
-0.168173975266945,0.0904674550867911
-0.0552394237854011,0.176151346983771
-0.0649071198499986,0.0936464411792294
-0.181571875343103,0.099806921512678
-0.0530138570331821,0.107891885099969
-0.0690456295081441,0.197316612100711
-0.0402129211245269,0.0955005763612428
-0.158864928704001,0.150246943917716
-0.142979261485882,0.119649260431946
-0.121719156055571,0.0976446582099035
-0.0927563833217456,0.170970443053855
-0.156799887455796,0.152673767638995
0.00861348785377833,0.117499069534026
-0.169510423319543,0.109694413879131
-0.0929867697759754,0.106658312170451
-0.090415276513731,0.0672730986438508
-0.0569283051800491,0.144428040261042
-0.0327090910472925,0.0621045511913173
-0.0636975735854449,0.0293988670416702
-0.00963790253707121,0.0813478932808181
-0.119737205122813,-0.00536810893220767
0.036836109807712,0.108164866327009
-0.0977599235797324,0.116482330088124
-0.107917235252316,0.214360065879845
-0.13952066999795,0.107794864080641
-0.0396191680716132,0.14371249557354
-0.0102344194405375,0.150417633095812
-0.0128043912964612,0.161879241088708
-0.117218758816434,0.190650797598693
-0.0303260262681745,0.168020669463646
-0.0685520596735986,0.1064349167407
-0.104384703798005,0.101466588003362
-0.0405875206335901,0.0717165600462731
0.0711969929415015,0.110760782791107
-0.0631588378464212,0.174775062414424
-0.0237248130409829,0.132253024710608
0.00318135981952699,0.109438035840096
-0.0209982197614432,0.117479126128107
0.0279017791343281,0.0979529115405435
0.0459577395827278,0.078766614150305
0.126888719285186,0.107840150523792
0.078695262824712,0.00390705630765051
0.0390273464416646,0.0447213595499958
0.102664984220866,0.0915353259897872
0.141091326914111,-0.00910235372780481
-0.0365139046896018,0.034165212450162
0.152645458451459,-0.0284182352936059
0.172178439592969,0.102292539725786
0.0864553401635561,0.041599352719773
0.141803715281905,0.0984156928789859
-0.0128194069467184,0.069275527799618
0.0833333333333333,0.0498653721062126
0.220391713646324,0.104727276010124
0.21258974244903,0.128114002972602
0.153050091653513,0.183795678954127
0.110447094394606,0.161132289376017
0.0863834309516445,0.180089965008772
0.0206606126998226,0.219297626991979
0.211849024347446,0.161310872515077
0.155661501449144,0.0279113357844802
0.213808684279372,0.135851811416545
0.213505721528916,0.115233371816831
0.206023198273598,0.1252965124397
0.335464376780195,0.107643473651689
0.203411758560623,0.149423165679707
0.373887403961353,0.197694077985641
0.312288575535214,0.0579962434105502
0.260843077040515,0.187588491642833
0.356661879647179,0.177459444723528
0.246221248553291,0.279252778705803
0.306819463257613,0.150909182173631
0.193289760374285,0.326043663677847
0.35677163841088,0.220477970410508
0.260197462397259,0.123092274839352
0.359112516658485,0.302412323133213
0.289343409096926,0.289406147101914
0.281430365366327,0.325949880791106
0.303047824402087,0.266840849576197
0.342503461648652,0.284111239807543
0.360880705996861,0.307372325271951
0.378615512098835,0.283273066567161
0.3702424920144,0.279962360488848
0.420244409697933,0.319338790324092
0.321335000409743,0.335472879193464
0.437466428536288,0.239775815192321
0.354025573598371,0.330428940415215
0.361808985033239,0.296394891260231
0.523142057223345,0.262307123930024
0.422440119885597,0.358695702282264
0.311667673376189,0.275677862921285
0.424091815273442,0.321832353860207
0.379299829867637,0.229884119308277
0.379831653124218,0.382635531507834
0.441123496149639,0.376753515979833
0.390619298999711,0.376904852510511
0.358357084461467,0.381840937791814
0.398327114456481,0.321365057258373
0.335661651568601,0.405924748648046
0.479168840683079,0.324995423265067
0.492646697082604,0.308012145877043
0.383477937076778,0.291116854603824
0.403687208252385,0.438631759060933
0.560755090438801,0.318684867946113
0.361539427778113,0.425105120405394
0.38143063191294,0.365537142589291
0.501022832206798,0.314514355809047
0.359938404068259,0.415916877038412
0.463962469973694,0.390306412508047
0.443055115987032,0.434778241793801
0.554673174598722,0.364566709652353
0.391990009174952,0.382250334266024
0.419343873803612,0.399725750906429
0.470555153439727,0.498256328418691
0.39831746020759,0.342873333439073
0.384709636726673,0.411836192777209
0.347010860502104,0.412004750200563
0.398157357434726,0.348287486976574
0.369508683839543,0.441405000871196
0.327864941698295,0.359727144263901
0.374670593922698,0.438264039466247
0.301755225990012,0.453956228892463
0.4073210690443,0.407354065453355
0.31684899480995,0.475976523778875
0.389640802309734,0.410112336271358
0.382708535844522,0.444192672179356
0.260279514107439,0.451868557634387
0.409114576463157,0.470352493835104
0.307935403425896,0.454471037782016
0.362437223403675,0.505126378861137
0.323567368342443,0.464142069673862
0.345331134656967,0.503987732042545
0.274833454919791,0.503325160447283
0.316168723918319,0.547329062079298
0.23841054234953,0.540733450128658
0.318150339702765,0.608201874226034
0.220277982532885,0.55697180214391
0.334152797931774,0.536800133385759
0.29844439199105,0.596764388687211
0.229597182650591,0.617742643920342
0.275253693535316,0.670238005284263
0.220533231320483,0.61933373683342
0.174874530327985,0.661128501005462
0.264296730313869,0.69280649580821
0.212382830520763,0.700417926066958
0.274876089268636,0.654259941183481
0.125762690602503,0.715341596079634
0.09690587274742,0.667541254269935
0.122364095119092,0.683336988030558
0.118068289594982,0.672783857851084
0.0943615799216933,0.762438857125917
0.0493993712572487,0.756385466590086
0.0780594584309258,0.743580661738229
0.0430532275202976,0.788249906158438
0.0118347632378665,0.804367473115758
0.0686527737677501,0.782313656735395
-0.00418187445385812,0.82353830128724
-0.0396347037655533,0.794901607542182
-0.0196584051899287,0.813691206798392
-0.073326094807879,0.836259200589191
-0.0200165328064484,0.86129415669733
-0.0722166676645892,0.832462877910687
-0.121161316569335,0.794621832430317
-0.124679558829295,0.82285594709636
-0.0502400468977174,0.810109532329212
-0.11683243123112,0.770531193473601
-0.0921023759841125,0.796057375557563
-0.0961375940575091,0.808500065628588
-0.0711345627145408,0.743255997630506
-0.0253722899760354,0.863807733673443
-0.0368843049813695,0.761499942893736
-0.0373931521979495,0.802530299295442
-0.0331451146825593,0.799332241119351
0.0289278447846768,0.805187397423785
0.00186202458257785,0.789283110923035
-0.0301899379397592,0.800057921517681
-0.0182014136440217,0.795618654964934
-0.0469478388205927,0.750300289192871
-0.0329157016233865,0.84155229830462
-0.0587066080965205,0.781786860316248
-0.0159591819049769,0.858840135695525
-0.112498788900854,0.783621339284881
-0.0765812694537591,0.881894530442921
-0.0207170334694597,0.82901839725682
-0.0747007814050859,0.816848488277057
-0.036102096996164,0.843389467788746
-0.0352844328367958,0.770893837046655
-0.0326338627668547,0.844132439327619
-0.0940817230739869,0.852369913458132
-0.0321999141720373,0.80445533963875
-0.0873896245598684,0.81575399351188
-0.159047909806229,0.769829595397348
-0.108534960982912,0.841079527648647
-0.151820875025498,0.803682230885167
-0.118102257475816,0.806433497838026
-0.123427858845703,0.795021351871581
-0.0937751616620729,0.839449178184619
-0.179791853622504,0.809943493805054
-0.157683423144142,0.82905836310158
-0.100214407081953,0.856328788128656
-0.135193826261803,0.844268169904145
-0.151572088623126,0.863396586413292
-0.143634951313257,0.825979671873566
-0.213978998819725,0.853115826355165
-0.155787764243647,0.885771064078596
-0.197419451220951,0.809941775558784
-0.124087539649418,0.841421005716016
-0.149729291491046,0.817468398235651
-0.125227793495039,0.841339520992926
-0.140909796109618,0.810952623553309
-0.0865783643370659,0.825383762503116
-0.0818715312232975,0.848404447965774
-0.0837720710703744,0.806419710348539
-0.112645948090224,0.81111035221838
-0.132693303455872,0.822209579434607
-0.137462264033542,0.830647651257946
-0.218399844193379,0.802705548396393
-0.168500805697942,0.821764329064245
-0.235380953873155,0.771875377409398
-0.234905170196022,0.795727625331009
-0.303033571141957,0.753530129894455
-0.314707048179758,0.762853118919299
-0.320857363247524,0.701531429808054
-0.372182354758977,0.723755705873801
-0.325759779664778,0.633799159855923
-0.372907304295547,0.582056194509054
-0.435811552661962,0.599872236859443
-0.401819258021033,0.56998579361884
-0.479097760877988,0.534609188745065
-0.450742302111389,0.557060750551353
-0.523182468941145,0.52348312210063
-0.394204375160051,0.511090480902769
-0.506334544704557,0.471381616260288
-0.557382016351052,0.365448767045745
-0.504941279953191,0.331829558126636
-0.462926639346567,0.272229342501012
-0.541160762734295,0.310153843702382
-0.471374208741027,0.194614906907524
-0.500576475102653,0.0956303852742225
-0.439180111642344,0.0996230612307748
-0.514426623505155,0.0827034716828087
-0.491044574166803,-0.038284998898634
-0.403613726724878,-0.0336323912626573
-0.554315988272498,0.0197495027871248
-0.551300778385246,-0.0352637315899248
-0.565460153092903,-0.0154240185344994
-0.638613856804348,-0.15470482132014
-0.554655491429636,-0.0484032314428848
-0.547716142392368,-0.109112148650881
-0.537147879650666,-0.100604025263343
-0.579640038497421,-0.17761255126645
-0.646251396178901,-0.206644986644591
-0.564113283436028,-0.150374563082918
-0.594474992648369,-0.210004355079035
-0.572713726396793,-0.220748589457413
-0.622953025783465,-0.204189018751022
-0.691610447298193,-0.236026238326345
-0.668673396660827,-0.270328910606406
-0.679943049674948,-0.290511416016188
-0.642663771443896,-0.275751004404103
-0.563738059828395,-0.343771429097631
-0.527335101715938,-0.270358342838206
-0.553935972642625,-0.204638356783009
-0.575716216033442,-0.244119498765953
-0.472245703527642,-0.199109822065186
-0.583072907293578,-0.249171827673516
-0.595754790104834,-0.181966866359163
-0.455506610703798,-0.331444086272107
-0.501217604660441,-0.266905886646386
-0.443308087766095,-0.260627946819609
-0.488333964057259,-0.288851250411148
-0.472891520726501,-0.257783565032018
-0.398622471442969,-0.241759491220093
-0.434756530302779,-0.15075251372374
-0.378670682433652,-0.318541053010366
-0.469525736023083,-0.255077010839737
-0.366239641991195,-0.205279699987447
-0.480344912618811,-0.237910947308783
-0.34757949695143,-0.282525245576524
-0.40753526610971,-0.246636445267266
-0.328052446289178,-0.225552688714749
-0.450104786885344,-0.163689874684836
-0.451424545831434,-0.194634198685128
-0.310925491279637,-0.162793448652743
-0.33625485408101,-0.272244349643497
-0.258028867652027,-0.306883210186113
-0.224340225099315,-0.327683293270589
-0.138845424226484,-0.291130802841972
-0.141501039373217,-0.40889091937884
-0.177492863675735,-0.258193848738183
-0.0684660977857343,-0.344189836822533
-0.0994710171774855,-0.3888220712635
-0.126137977233094,-0.452147064187839
0.0276512447667268,-0.199989645753044
-0.0727693461254379,-0.40131892907331
-0.0557281030247187,-0.389058008623043
-0.0161298518649325,-0.366940847238324
0.0250586286869479,-0.3617945701276
0.0410878287526395,-0.249985780713137
0.161028238727065,-0.383829447100516
0.146437478751962,-0.362502179740496
0.206735367863642,-0.462451069131615
0.210348834831533,-0.32771111323084
0.23994648449821,-0.30526178203989
0.378450576298596,-0.327972470283537
0.40241991174605,-0.341946581616485
0.407338063400899,-0.265123243381368
0.455951526652587,-0.293140691199196
0.509211755632574,-0.21137958843761
0.547596720805418,-0.183554940439566
0.511015740209823,-0.291783775727897
0.514469669045489,-0.104471590941638
0.491602258748614,-0.155983993823052
0.488402033164412,-0.154449873831351
0.631230561784109,-0.164665547510208
0.528555905097901,-0.144079550008478
0.655195043813402,-0.103389528500124
0.504325583661618,-0.137277358112862
0.516114588903102,-0.16834224464197
0.575433457564527,-0.0650920951705529
0.518837720613361,-0.0974832610140364
0.538225304403227,-0.0488970284308308
0.559135588900154,-0.118417715020318
0.57307022782445,-0.128202351012118
0.595041970483873,-0.1202887391611
0.605650965481613,0.0210004628314673
0.514694152425071,-0.0171344816280108
0.613432090716626,-0.0463446745972618
0.574533041430331,-0.0622646794419707
0.473849655697679,-0.00928692852634232
0.46471727901666,-0.169684282450538
0.497712850542233,0.0432675661779668
0.6055832925661,0.0625975724812162
0.391779559289848,-0.0206279667265081
0.48163299729462,-0.0282212173058696
0.495189053205906,0.0617851130197758
0.431982031243803,0.0378246855887005
0.353460748645642,0.167417651138601
0.468656074181212,0.0696594785935846
0.379490464839104,0.112877666851558
0.459289145111744,0.20302464598074
0.370993289540693,0.117794702993074
0.37847464736787,0.0746573160947984
0.492443543232435,0.25111956047097
0.246674754989056,0.120663707517108
0.427585934427693,0.162175940408861
0.159391468930697,0.151405511868198
0.306127566407305,0.194212291437005
0.340019712857946,0.02995031391369
0.307531558566802,0.156849938479678
0.463697495416787,0.0778700216742902
0.406375421179989,0.204042495216082
0.384091577815547,0.0822570510748008
0.43524249988424,0.170293276049623
0.374077315951054,0.206518440098065
0.513077400372463,0.194949884946143
0.427772143286809,0.176012120902842
0.479586675111614,0.177403788153396
0.449361386933209,0.268011066979197
0.426713379759089,0.161353096999811
0.489722823018671,0.265646729258455
0.415716957535913,0.185739741278867
0.343452900958044,0.17030922933501
0.333925527092218,0.268419416605086
0.454032935157657,0.242953848681385
0.423775892152518,0.249158489617593
0.378979681640998,0.103899109490968
0.385315238724558,0.244915455445045
0.348564340624472,0.246285531073637
0.364924361264219,0.376314330727935
0.311187996477077,0.13618877267389
0.456462334045102,0.28550605159081
0.367926389640446,0.220761869580861
0.463213965954544,0.219011654762329
0.418611822755266,0.254176175405392
0.440536529361612,0.305005670156864
0.431373462497484,0.255268713293356
0.415288697904046,0.300357521998194
0.54461410174127,0.301474482168533
0.576788135438561,0.335600563975176
0.498876790256742,0.291823061827431
0.500553255792388,0.395717087544886
0.450706108780664,0.214560539099187
0.53422472558178,0.335124074035108
0.537301114028135,0.436867908416085
0.512753561675075,0.386452060866019
0.513231993622707,0.346204777559617
0.518228495325008,0.315869837043803
0.514541807188307,0.326786193980075
0.529480751048622,0.357720804964737
0.545967069371775,0.363105881637368
0.4666885675158,0.308587026868649
0.558387435367254,0.365448079675629
0.550579469078628,0.322482881648043
0.502074595472847,0.280814297852969
0.536155994346951,0.333329543934285
0.508452212019503,0.284635240940638
0.553087442971145,0.284390300777576
0.63317334599677,0.253985629842112
0.540720689184759,0.331823908067149
0.63409536105392,0.304838278907931
0.583706533990551,0.223143764178642
0.570025745320382,0.238503358208295
0.602109843971996,0.22071345337513
0.640425581622368,0.180377649604607
0.528112054385443,0.212223880663815
0.680315358265516,0.147197759279122
0.636300808596876,0.200495928051485
0.567591855129872,0.220083418515331
0.710688405578106,0.122760910772621
0.612580948305231,0.139859303922631
0.639676578235657,0.115939264672051
0.670723653862436,0.0381170428491028
0.758882378794282,-0.0438655048431697
0.757337488973121,-0.0012459170474826
0.78802651028009,0.0631340247311986
0.787685920400628,0.00254343300064992
0.857033154503336,-0.00737888388354381
0.890638210243413,-0.0704028471212254
0.879711299653852,-0.124356963794727
0.887672741371247,-0.0923762744537921
0.894805072168567,-0.121914014916352
0.873661927654463,-0.138434936323972
0.862622550180938,-0.212620027861761
0.859288648745765,-0.221800409131501
0.85567962705136,-0.28288427912452
0.804505982250195,-0.282522289350902
0.858334528222857,-0.32363641582277
0.843636024691836,-0.336269837613082
0.858218789396536,-0.38134084541175
0.859733950327903,-0.332719480331471
0.843767071017272,-0.348713161261252
0.809839205214886,-0.318628241408635
0.850541682650197,-0.359189051769071
0.789901553577025,-0.370634302238139
0.846661027123859,-0.368356582662169
0.836854874157566,-0.354936456030991
0.834929902254579,-0.359868135696094
0.840053902049895,-0.381961652504616
0.840430547197327,-0.369377363859359
0.819908194210792,-0.386500636728846
0.831158353155624,-0.385129839528101
0.782137646074585,-0.397712221475859
0.807779424381657,-0.343861866859679
0.855955554580041,-0.385136548862716
0.80346811711277,-0.40041036944551
0.772883203118996,-0.38628838382586
0.736396876119499,-0.362661498057367
0.776851507658596,-0.479551812952276
0.755486561047001,-0.435402239048926
0.701735616028933,-0.378518453819998
0.803904403585159,-0.528520913772544
0.723721375037604,-0.542290713750815
0.65652910241739,-0.469693827879847
0.694657874981134,-0.49859531233295
0.744745592634071,-0.50507922210503
0.634630287462132,-0.617990959531936
0.700712416257333,-0.623188682128752
0.68472603304273,-0.571265749152145
0.678596392811331,-0.652985578926922
0.647089027447452,-0.619640631712859
0.711886064229029,-0.641232452069615
0.663389788253217,-0.649726873843601
0.611530513481999,-0.668957569394088
0.660859686812241,-0.673633183793717
0.624833478557931,-0.631956413352055
0.678180799671964,-0.679192924922984
0.690313823920938,-0.652946577090222
0.658259248925262,-0.660256579520902
0.678274676111513,-0.60585442803462
0.659904422381785,-0.605626052992218
0.67763956298497,-0.630858005282229
0.658758499092761,-0.497864606994342
0.722530698540685,-0.548658487692357
0.722167697416768,-0.539407293324281
0.749763882746106,-0.476339122501071
0.781850054454926,-0.470679839832429
0.801006252575541,-0.442057164444031
0.753172405435115,-0.442300000835506
0.787543631889394,-0.356304889125739
0.683735612390247,-0.333636430060461
0.608812980789633,-0.257079018610554
0.416183612922363,-0.174723401123849
0.396779461833992,-0.157257061362297
0.381954277914487,-0.0626191144669592
0.255039663198403,-0.0715078621922246
0.158202422583243,-0.051227773703799
0.189015963251764,0.0226160953392585
0.159499172263878,0.0350090714738903
0.229719533541288,0.119483380874036
0.144443763345835,0.0510099196830812
0.0780600824089611,0.0948293703403317
0.145344156843666,0.0710572473027525
0.161322575060396,0.106852889365304
0.0926938663832652,0.0191512164320437
0.0623503781106493,0.191537901086679
0.192052221975068,0.0258814292712635
0.0687556272895316,0.159124770165007
0.112690248158464,0.139771399699985
0.145485337019173,0.0775482184981956
0.155523049367856,0.0155008481618184
0.112169816207611,0.110302593335555
0.0104577905270211,0.102048722559631
0.0981421569515627,0.0545606548179505
0.142766080079942,0.16499625242513
0.156976603955746,0.0403994566793116
0.103163906244203,0.0697346106116932
0.112255629754732,-0.0215688093890027
0.0593558039970914,-0.0245084924534905
0.137485545660556,0.00798685090552164
0.130275540212163,0.025391604774206
0.0457453181654185,0.107371211003735
0.104418569870641,-0.0678174088906298
0.167056344889393,0.030758583746569
0.134542593330643,0.0372361411834357
0.0584735351673107,0.0590057937661311
0.0672591598588075,0.0244066719637691
0.133290514428949,-0.0147711111514031
0.0707578322297842,0.0461998054024723
0.00748982100694156,0.0745937257415898
0.0378291243134048,0.046209207193815
-0.0423899416004411,0.039577271514313
0.0514273422642492,0.116508315575302
0.0375202667582648,0.0605716747704919
-0.076074138144789,0.155492737061059
0.00444232462871868,0.133994935751438
-0.140977380007562,-0.00582410025369712
0.00108196829924141,0.0593243683730126
-0.0524064265990751,0.124759792715514
0.130491964466545,0.0793367926239045
0.0727353941492493,0.113654268087776
-0.0119848606980771,0.0920332389310619
-0.00139386884401185,0.0935121565611884
-0.0868084773406503,0.151648538259836
-0.0816558892977524,0.229451057274786
-0.0460503249015763,0.123956671303905
-0.120243039974716,0.00593608222502463
-0.114007557304497,0.168510396097242
-0.113111314921248,0.166655673697111
-0.197598643641815,0.140625801826275
-0.197603615790519,0.0839420602708865
-0.172063580380058,0.123307628123097
-0.140421702983972,0.171583523739956
-0.09371316743517,0.0842722430055041
-0.141358234279528,0.0472687183389802
-0.203086307777878,0.0787511474037409
-0.111100078137016,0.164826578092734
-0.161507816886665,-0.0745502716578566
-0.159000477173103,0.12461531101945
-0.250420339676166,0.111400444124907
-0.230076698609323,0.0451184463531091
-0.174679179984914,-0.0349645303381312
-0.228408960782058,0.0918699893121559
-0.187533815292305,-0.11103866848292
-0.328831839566722,-0.00871271501095434
-0.0431111049857695,0.0170740479615908
-0.178214374624526,0.0226193972006688
-0.206030128763894,-0.0936200189126319
-0.308766028461112,0.0350266326340886
-0.240232918495911,-0.0805437519620107
-0.23994935106343,0.00367200738233719
-0.248534808621411,0.0583264055463006
-0.251285728652256,-0.0463138949435523
-0.272764645708947,-0.019630566243568
-0.269043413990601,-0.0740917369605582
-0.226271880822023,-0.0482503425504019
-0.326734284497641,-0.115513710063494
-0.314584004498853,-0.131051341367562
-0.195549317345182,0.0591287479935014
-0.498787392083473,-0.113679775952314
-0.343011958419733,-0.0222076403298934
-0.330989193308593,-0.0854378452430148
-0.305038371323576,-0.112072470229272
-0.285794453741366,-0.180625479177654
-0.286284442942842,-0.0356710434423697
-0.352953742492461,-0.100940821296098
-0.21458118330159,-0.0493349509978113
-0.344181818324785,-0.0392021884227752
-0.243252426782293,0.00377218053023738
-0.242738780934862,0.00407928194335
-0.233705251897999,-0.0511881682516952
-0.230929974904913,0.0611363137550956
-0.186760848607318,-0.0041460016663726
-0.242157407925123,0.00480152817726971
-0.137191031633291,0.117443042539578
-0.19823103362178,-0.0284426026051096
-0.222613431972521,0.0777554856790704
-0.233764387563279,-0.0318481770889833
-0.149091850362063,0.0877332564726075
-0.384731443294287,0.0521946447983837
-0.166331847591135,0.023982969345238
-0.187212376025388,0.132916318499061
-0.18834269743984,0.115326456145116
-0.202519943136228,0.0630556995903454
-0.318781293580539,0.165285435679301
-0.155198377179464,0.186171455767631
-0.118465614616005,0.127751769792726
-0.0289061750813497,0.150229927785479
-0.144303663004586,0.135241590799667
-0.111168317530426,0.172671553633929
-0.135617797968653,0.05
-0.0933507218533841,0.135660616873038
-0.30863802345609,0.148765371001984
-0.188208460331883,0.199305814903946
-0.198161141794252,0.110120422563638
-0.0756434089840596,0.0154266902637199
-0.108277281997879,0.175761661309018
-0.276915705848145,0.109403542411086
-0.0697018936403172,0.18177574279398
-0.0765917447383107,0.105573458757996
-0.165189641744907,0.195207071815426
-0.164364085213006,0.191540492528385
-0.137207643016807,0.237316245535996
-0.262774700469023,0.199747861956637
-0.205069269460983,0.223411014281281
-0.308908811834234,0.37655983253227
-0.303326190630763,0.409309323232854
-0.314997463929331,0.437018136585326
-0.441797665454773,0.366088769593882
-0.367464706865896,0.330521040236429
-0.319725500195481,0.382680983649967
-0.339087250657339,0.463370990155997
-0.300594982655983,0.464836208378267
-0.29477395965631,0.452583786540904
-0.229013594070835,0.44006700272463
-0.286930338000897,0.508629715486852
-0.35135623988781,0.486381589995441
-0.182687682810894,0.45705876618522
-0.396409231680422,0.457647083884674
-0.272596760274066,0.505049521170416
-0.214614179710645,0.356288169487101
-0.253883172104807,0.436942209522356
-0.229560123976406,0.456623686505757
-0.370336043425095,0.35484974593206
-0.228323173019164,0.335676615142601
-0.269953498561265,0.420938338714701
-0.147233242654836,0.435397881069969
-0.266159125933603,0.458287170766475
-0.251185574972509,0.409663422356629
-0.296422012957093,0.434432670458587
-0.333806207432187,0.483138032648886
-0.194821402332371,0.455071697133044
-0.285053322518459,0.450895651932705
-0.261438706061007,0.454576274029741
-0.198204739710539,0.448845662242228
-0.242734734775226,0.410118475796348
-0.29072886752948,0.38574951122028
-0.304935721225245,0.467208223416841
-0.321928734556278,0.428970142927782
-0.29132427952363,0.362216375052603
-0.256422429491375,0.316927583475311
-0.336217418659811,0.338162605193915
-0.328486453345636,0.438079676024127
-0.301263190106235,0.431052315837858
-0.264542745720813,0.363195310186401
-0.274761414157095,0.298423297730562
-0.272544798469365,0.297441069231088
-0.41487942445199,0.294057098950488
-0.19952871186456,0.232353516489682
-0.319835770223581,0.271693681112735
-0.336424466229665,0.252561493667815
-0.268605422483682,0.274175730376215
-0.219698396925663,0.299117392066603
-0.287754444057271,0.283806657404868
-0.267197674028492,0.368887312460835
-0.305661668049804,0.329825405694687
-0.30310415969029,0.284754921712113
-0.327930554947459,0.303871519062482
-0.255657282799789,0.3432729545189
-0.242728826781697,0.357056333192959
-0.285097959980354,0.402983145962178
-0.292209600655051,0.416716522927337
-0.263850717710182,0.332443798940819
-0.278860934448113,0.299546945061787
-0.319189671687138,0.431989531362918
-0.248207192766813,0.260507665117375
-0.339684825444162,0.312537390634994
-0.361540324818408,0.386889342916259
-0.236164638756298,0.340504799550488
-0.255628382775558,0.375866816133582
-0.240433408231965,0.50941447817643
-0.336257632767643,0.444487806873033
-0.13325145738289,0.404441362702529
-0.234367313658795,0.434417607828842
-0.122656786247793,0.500325055156798
-0.326106854045214,0.423165794474667
-0.209188024008205,0.468266502856085
-0.209522840546472,0.413583590139689
-0.169269235091404,0.473849579557253
-0.244574468570233,0.442055229795984
-0.203094672642293,0.535277808117705
-0.289031307962652,0.551122228904433
-0.192960750205678,0.480054113118201
-0.227947132491662,0.497636778222471
-0.190130533765021,0.52198955526596
-0.286709207524308,0.551785732308195
-0.247167577822445,0.413924027385677
-0.194496439133664,0.560425565149528
-0.293607408629147,0.385667777733649
-0.260619351022373,0.49504752995992
-0.292230621799043,0.477567154539245
-0.209138154522802,0.4624150941879
-0.146423830980656,0.486675340290174
-0.224674144136792,0.418017740367518
-0.222542084650723,0.483020279581638
-0.0993703636865699,0.505903791121644
-0.208723992813277,0.520097077938966
-0.106411568946966,0.462364620256027
-0.140494601518485,0.51162180426031
-0.19467064816935,0.487327481247514
-0.164134932822025,0.414033749980206
-0.115606352242774,0.488522654946666
-0.102276771566103,0.492308575874527
0.0117131422792126,0.482811120729631
-0.0662620174686847,0.499795676968358
-0.117176536612305,0.44258240570647
-0.0896134607561419,0.611374911011493
-0.0776432008218585,0.518108649406227
-0.0943021575629816,0.39721124817905
-0.00632620526843438,0.521911459730344
0.0718764719335095,0.546007069052765
0.0357255537049967,0.485096480951189
0.0567493812901588,0.440626950372619
0.132381009344691,0.475805604659517
0.139693993428426,0.424691239666982
0.0592798329976079,0.507913814088004
0.0790254990842531,0.456211415448997
0.108897995381971,0.622528069987798
0.185039350332808,0.465863428751638
0.187505719365303,0.463319575758831
0.15770679500036,0.441086537922392
0.137190165435557,0.501120517422615
0.225492389433979,0.497170343526139
0.144941975002622,0.452891812774425
0.221884972567723,0.381509209260083
0.164878577149902,0.278441799634906
0.132879600939157,0.307771321763118
0.181485429063592,0.340261265527237
0.2321025586692,0.31255483126306
0.187851024811175,0.309192448135502
0.196903558224201,0.322863294631515
0.109407661411316,0.146920244546024
0.248261216695844,0.294423143562013
0.191543957170058,0.340126662105534
0.199868946081591,0.1969782718174
0.203006929495207,0.247083333247041
0.212679362069811,0.14254591599811
0.233988108260361,0.088261112782254
0.181053244104364,0.183311515018482
0.251771509516856,0.132824355767351
0.193909259424013,-0.0244238360001452
0.17261301547221,0.203054269060945
0.119157199844498,0.0946342540172642
0.153897079361672,0.0776782921484373
0.142903925915079,0.0242462239983498
0.163008150491506,-0.0632583138578337
0.227785030312554,-0.0234922966999913
0.143885041598386,-0.0798277709881022
0.175899482622056,-0.0958094645941311
0.0511393467020776,-0.10041804595215
0.293954574393782,-0.179415046494262
0.17488461574763,-0.159320994247967
0.175143091559427,-0.163050737882282
0.189882759266188,-0.158374851658114
0.136766979910548,-0.261139276232841
0.242447382526103,-0.165973585060963
0.254000935475109,-0.164334974373459
0.227646151242937,-0.148041373779363
0.240990228293112,-0.186926819182165
0.267758691105991,-0.227587258243183
0.220511214653637,-0.138635105134498
0.338115454824556,-0.202626782618484
0.201114384839203,-0.223105877863341
0.268154658687477,-0.229477940996588
0.236083663617628,-0.176016108769489
0.203312586840254,-0.0818990484460193
0.200761440841416,-0.240691226153912
0.0770214679409093,-0.130565534200411
0.104433103042227,-0.100364488464324
0.199474108952454,-0.270982019283437
0.106390211723323,-0.128876877329633
0.0591862729734891,-0.374672437231392
0.128473204587356,-0.298059849703822
0.061747794210742,-0.403105608780498
0.0730806352425364,-0.323750331905416
0.134643255330434,-0.408795026523326
0.211712086942735,-0.47949063983557
0.213808684279372,-0.317035782308396
0.0844018400445872,-0.498497123380756
0.1188336083361,-0.41465170608578
0.0470737352902667,-0.423366808291759
0.064162930842059,-0.439648675950536
0.172512899436147,-0.430883239616003
0.192410680606852,-0.525747600148233
-0.0110004117421199,-0.42010532173905
0.091041039712658,-0.506567679958973
0.0713054508693652,-0.443540275461795
0.0521869232676371,-0.499357209952026
0.0228870980730616,-0.384020125025392
0.0275205208186647,-0.549972869928831
0.0838089547859071,-0.562412477127221
-0.00689665715576282,-0.442057656512154
-0.0284743545618553,-0.555130596267706
-0.0234117065869456,-0.499790486691413
0.00324952086292285,-0.517788548884653
-0.0266765232533584,-0.490418214766792
0.0461548215165041,-0.4657128066809
0.0610972025446909,-0.535349196341513
-0.0153779033708445,-0.559566888323602
-0.104429418587786,-0.428937273048658
0.0884321736158852,-0.445413192540132
-0.0655981142331417,-0.493587697260634
-0.103412846545313,-0.395022555651079
-0.107268592085865,-0.42035912286247
-0.0572133338916851,-0.422546755506477
-0.118210553956028,-0.456157111074023
-0.0633197552090042,-0.407775685721551
-0.0618822367870347,-0.339137423257586
-0.0999265666033887,-0.261043424019262
-0.162625884493401,-0.368864096794521
-0.121762738805085,-0.164862445588129
-0.129324107609569,-0.428217470842315
-0.18903565570556,-0.214629125755625
-0.111722958619095,-0.264012383497882
-0.201793147972726,-0.186727271633657
-0.104773411667146,-0.164810641258159
-0.185979505348991,-0.186121432382199
-0.239037713402551,-0.0870954076214085
-0.209060808308152,-0.100280613400481
-0.289090927427727,-0.135427451394149
-0.276992054790764,-0.139815532411259
-0.298217798948846,-0.181661794260579
-0.235540417148085,-0.089252433322618
-0.343894667688519,-0.0773519313521773
-0.291557599808701,-0.118641232402394
-0.223766392038477,-0.165734118633757
-0.350803910480971,-0.122128196382335
-0.326432187699223,0.0638968599641606
-0.295041843926737,-0.012736812526724
-0.187774658542334,-0.0229668412371596
-0.337883743907694,-0.0400249121426348
-0.305940357641933,0.145178482472865
-0.341340922982414,-0.0106689065130264
-0.359648504184962,0.143467630243682
-0.425415304669074,0.0976229298668889
-0.252362424401814,0.0774675888662394
-0.289070978984519,0.197611398588791
-0.308300191463599,0.230989112489048
-0.363093112295665,0.224208386261534
-0.396281662940332,0.236460367381692
-0.417921544406911,0.284342650791098
-0.315426566313138,0.222984612324584
-0.366377074887896,0.342206147444359
-0.30104146284377,0.320298520368531
-0.369156955921303,0.263799520279673
-0.275229841402333,0.384558449556448
-0.316215773610445,0.38827240795853
-0.315552145127721,0.391279250069572
-0.421640226044871,0.411547924372822
-0.300068291175322,0.437737704532431
-0.369293952943061,0.37616603685088
-0.296016501395245,0.391075433733389
-0.357243093443587,0.396494412580419
-0.279700122891488,0.493954275372784
-0.344742317469544,0.423865143981183
-0.372483059006883,0.420750987077946
-0.413509412884384,0.468087654687788
-0.360622064121876,0.456950901906818
-0.315956536617467,0.401892595666277
-0.359937125852569,0.477558034202782
-0.368460590404702,0.49244968719043
-0.421964625054059,0.347658349887469
-0.383645274477094,0.491970354479102
-0.410778495761813,0.438825145982156
-0.345123239102991,0.562194966383211
-0.417816794640482,0.488050416547678
-0.400194196383932,0.484549606371807
-0.346482361191186,0.473323946385102
-0.325587065921772,0.515474351975007
-0.388305046280937,0.412725483208907
-0.466318855562653,0.434816419199101
-0.379909800429846,0.432086928825171
-0.46462800858464,0.473076531387612
-0.49875955878863,0.406715884342585
-0.386671381093828,0.369040557002221
-0.401164963777054,0.431605120547803
-0.455378737124032,0.465667386788158
-0.385515291938071,0.288403989661628
-0.447989615233472,0.407510599951463
-0.37889097764861,0.418173041686848
-0.401705730377962,0.448915113901702
-0.373254677496934,0.413201869542676
-0.333457666382924,0.403564640177966
-0.370113260269259,0.472602439959254
-0.364295432637325,0.40678543772002
-0.438274585353375,0.340308321147052
-0.31580131910598,0.320332699741304
-0.378125752722249,0.353411966891888
-0.314946879559183,0.359154460640558
-0.422929910949304,0.333632525227352
-0.349213089869563,0.377412660581748
-0.413003372178842,0.373551308589981
-0.367698044605419,0.377884743974941
-0.504135448083249,0.343720387399146
-0.434375656623554,0.189395615262189
-0.501604513857686,0.25350063534987
-0.492818402972139,0.313472458154206
-0.445257352163526,0.198449977097504
-0.522412758171468,0.283077599231443
-0.489680107567663,0.390138562984494
-0.425712139558571,0.312122635955999
-0.440565368940104,0.263701318511063
-0.527195922215856,0.309290961779547
-0.516847546957618,0.333724956768699
-0.45605346885792,0.268138724907873
-0.623936947908782,0.393995199671503
-0.524257440559519,0.33908648463611
-0.498641255505351,0.321567151404294
-0.552279033161683,0.310029264802566
-0.518090667580298,0.193906286696861
-0.585813541519307,0.375107573613689
-0.59591054976542,0.271264138525266
-0.515289182889407,0.299527307170653
-0.494992448230599,0.292896599444209
-0.546642375807809,0.294312677660231
-0.517363292030257,0.316437614357139
-0.604182727980915,0.374172348110758
-0.512468393603577,0.269705459575169
-0.611888806318343,0.338498836448414
-0.507651578944033,0.41622244557447
-0.538315649476805,0.269390854851749
-0.532536860689027,0.388331182878145
-0.590001644760262,0.380746205938981
-0.558904706439433,0.367410565529728
-0.64806684890139,0.443437133219779
-0.575300364588638,0.411081199541007
-0.618940469363959,0.393125330510721
-0.503665517825809,0.469614335235717
-0.569740234598655,0.304796467135428
-0.563204830292116,0.460793650149453
-0.439703032916911,0.337975584446586
-0.488772610197849,0.350179627394137
-0.585430473670456,0.458297863462272
-0.455339043526907,0.393765257010242
-0.521083069062896,0.38557344291813
-0.50286755654746,0.346137646779092
-0.51433357965396,0.435951190125946
-0.519391668137977,0.412568472118912
-0.454332438151292,0.343024242868588
-0.547404398008159,0.393005294237073
-0.54968688322584,0.430894826550855
-0.486531218819508,0.439859950655449
-0.499961802564682,0.3811748507801
-0.493409079769004,0.47756388620937
-0.479220803200126,0.447649416367695
-0.555614661028789,0.507646245730269
-0.568843868890799,0.488097634873562
-0.483800605841465,0.441576060827158
-0.511462522231586,0.449721506033138
-0.44453740712978,0.45529240385936
-0.537087258688894,0.465538497973169
-0.545993153186228,0.437411475971322
-0.555636125937803,0.457031613017038
-0.485473995745328,0.435895384175101
-0.480967760882569,0.491798619870912
-0.544630772914477,0.501143213745286
-0.495257607451096,0.397113606328998
-0.454992320223688,0.447714223404536
-0.570246902672581,0.37615503756554
-0.450753683727565,0.485958175420938
-0.504523244934236,0.370441343357377
-0.487263644211732,0.430224682283091
-0.492123648648819,0.418473956860093
-0.507196216055775,0.541111939335914
-0.534708585929107,0.453010186417821
-0.580186741572219,0.51475433395367
-0.514725097352843,0.40288279393275
-0.601777301982651,0.361364474102721
-0.627209301813647,0.478270726393572
-0.521861110634209,0.452117279115366
-0.539700169426084,0.447512936031716
-0.568623441418677,0.450978330784844
-0.479832787034981,0.458936813436391
-0.597357674663254,0.514391262108425
-0.566343050290657,0.459671107918514
-0.622346192986827,0.372882620469339
-0.627696846270909,0.43500606188051
-0.62360322377847,0.373956699913852
-0.673447311563027,0.421128375311388
-0.679127596046572,0.399413521866456
-0.600031766300829,0.314105480058373
-0.680979881798663,0.325988147907159
-0.767477904100891,0.301756571080476
-0.722433085545968,0.263357693679356
-0.692016987517421,0.270279160202161
-0.758062812043249,0.164543913645592
-0.776522248888101,0.149159483193694
-0.789593410385181,0.157188313102681
-0.721192150205516,0.187674829292334
-0.733411119776906,0.114226625243908
-0.813115629652601,0.156578163977209
-0.819401192593957,0.00577907953006514
-0.795901926521031,-0.0109092258586082
-0.821969206830373,-0.0187324930289782
-0.849790382007946,-0.0742927191126031
-0.852678785649465,-0.0477485671985286
-0.884550671169834,-0.0603918061766958
-0.869999804947113,-0.102535581212621
-0.861163208400439,-0.136203696986018
-0.880482230531535,-0.197035919905239
-0.853340378398457,-0.179472387595353
-0.879718099229741,-0.19217100085507
-0.844331745326945,-0.248529572548788
-0.896017149486355,-0.242821846142339
-0.866526749837771,-0.205518686986061
-0.878393511569794,-0.23190472893227
-0.88561263753484,-0.24096776781632
-0.867870925469922,-0.189532232567375
-0.850661765935843,-0.267931628368404
-0.809353759580628,-0.257750142593387
-0.830543597047887,-0.283078272132161
-0.856686424880693,-0.318219708513226
-0.804867380441085,-0.318243958958961
-0.803624390354232,-0.286064846985545
-0.772727395034937,-0.271207005848773
-0.851079094865922,-0.408881804129364
-0.833297442864707,-0.391514240794212
-0.827022340026792,-0.342423030360096
-0.802738536427402,-0.412985943502967
-0.841983879773652,-0.45900234813812
-0.775809710731738,-0.446733889333025
-0.781631726671576,-0.493175094277223
-0.715300373876119,-0.512372490534009
-0.697052350336229,-0.578681413576242
-0.574800682691704,-0.586298062701918
-0.561993270126655,-0.575950043502584
-0.565667617314769,-0.630553318550279
-0.64617105623545,-0.630210409747033
-0.599279709826593,-0.675031496069975
-0.562261211917628,-0.67888012513207
-0.550077821397626,-0.678030599989328
-0.504614503110468,-0.717926787882663
-0.527616046683882,-0.720624927342186
-0.441386275345919,-0.753431851769357
-0.470878776569501,-0.761954049194029
-0.438976234820649,-0.763275017274069
-0.430275740413983,-0.815362968420417
-0.394816453287706,-0.838779305362672
-0.391109554047642,-0.846591022332849
-0.369940751837322,-0.861467861216935
-0.314875983840654,-0.834600043498023
-0.219521009541424,-0.842540350538682
-0.180875464017631,-0.900533937029718
-0.13782380419457,-0.891435615362718
-0.127168738880542,-0.872991442209292
-0.0821907539054579,-0.863003103044215
-0.0884922222580389,-0.856162181102259
0.0341164968062379,-0.854182110190793
-0.0699960898829583,-0.83030096719635
0.0456606650930787,-0.831163560582092
0.0526993737833109,-0.823257750928438
0.0362903115108239,-0.885312577523527
0.138567192650143,-0.84557617944939
0.132904910651062,-0.858328856257371
0.123096313128957,-0.847996346914296
0.146636806254996,-0.711876384817579
0.164405203597093,-0.753147642629561
0.196589722054023,-0.805183935073766
0.174947993385434,-0.843389577129629
0.215598703048627,-0.71395269751792
0.300856682535699,-0.780669683863825
0.340794655864377,-0.785413862217693
0.330182049779548,-0.694534808176729
0.387011617851869,-0.726082273172173
0.402945011224597,-0.669167144118178
0.438569615529436,-0.628970586484887
0.426310689227683,-0.579619637894128
0.48832432593165,-0.566896220155743
0.456038100102853,-0.559231368571095
0.544057001736808,-0.572013537237137
0.400607326770717,-0.486483447505453
0.468831344760186,-0.37169882502407
0.496384914849011,-0.426034133083628
0.494858739546905,-0.392803628193171
0.457739605588003,-0.255597780401212
0.452499438159984,-0.277583613175007
0.461487197150515,-0.300718420855126
0.469548095822088,-0.197720321081593
0.420920377214998,-0.185854535458898
0.431716263020322,-0.193883664521329
0.414829899463724,-0.159378356178333
0.447837607637762,-0.141968271092894
0.44353900105217,-0.132694053167065
0.488579554886662,-0.00273785596872872
0.362273710309206,-0.141378366202851
0.395953891876388,-0.0315519028561959
0.41006150490665,0.0179473435732676
0.381401386448184,0.123541927015962
0.307175378108637,0.080812601352762
0.330462498207783,0.120376834018543
0.3293754608538,0.130488735760705
0.335646696065203,0.172816907667888
0.323482589645961,0.33947082004529
0.331248047709806,0.292524854772415
0.346301313668091,0.328258858527358
0.301953779500183,0.396597236135854
0.265425121646994,0.427772863389747
0.296522767772262,0.470836507949934
0.304011673197368,0.404099952237
0.308879290048791,0.522374217874242
0.357192572971466,0.452621086788753
0.338149331070553,0.506974594968365
0.330958967634995,0.437932207374325
0.33029741812388,0.558432997620981
0.368447259996703,0.499846421233778
0.332677120961956,0.53587715697218
0.382359908367217,0.580503193100218
0.36152186871035,0.52847696075243
0.376127252504722,0.599879223280685
0.381405854777949,0.575462203435847
0.309775391504318,0.540825657811091
0.245505991585399,0.546405489250831
0.317426012848143,0.56584661680639
0.345182932019291,0.509036649932608
0.254763460007457,0.550412703299126
0.2781648690915,0.519806112997265
0.348081404761153,0.587316806627057
0.223595055432667,0.589908960878008
0.171088889265311,0.583372301812113
0.244362305365388,0.529108248826054
0.163094526989164,0.571785008979152
0.129206807631108,0.533730995254153
0.1065589824621,0.626357272534355
0.117852678156901,0.63339797691541
0.11394081323696,0.644290862999134
0.0635334376551712,0.60664384984709
0.0790404716070322,0.710256482199534
0.0719501791224031,0.648483755770547
-0.00301840281026942,0.671335535497266
-0.0594258972900148,0.617908122145639
0.0517673076272887,0.692625715214988
-0.0120055279229277,0.689776799747326
-0.0621507530656517,0.696113551033038
-0.0351598342634593,0.698465686122835
-0.1499801501982,0.682936241568606
-0.14503815425859,0.73402689340844
-0.16891398352605,0.586703475264694
-0.153879321627803,0.579916403363397
-0.136344758880081,0.63050904552803
-0.109131943088924,0.683438745735269
-0.108012434589884,0.632058615364413
-0.178402768480874,0.631165637683613
-0.158398947740314,0.659247801579577
-0.162553193295675,0.616272057129349
-0.12242904264713,0.744274103464618
-0.140589199720188,0.624407455332371
-0.177008728203617,0.722590011075354
-0.147456701925535,0.690043936933862
-0.0464218776154185,0.7154515063313
-0.127497718337011,0.771017223039767
-0.0978189952086839,0.627473056138483
-0.0961078307548169,0.713002438118957
-0.0955791777066487,0.700585943176393
-0.153800711970563,0.665471570690306
-0.0907618083048677,0.70292474292162
-0.113938296064929,0.697398748014977
-0.127936122567716,0.616901702173479
-0.0407633712160133,0.694693523937448
-0.112321446503685,0.733404141933606
-0.0944037559768094,0.678504953264824
-0.100219640004942,0.666250668310725
-0.0538677258019271,0.722711358897415
-0.0638270369233605,0.614951381124354
-0.0253184425762706,0.606569783588233
-0.127470216628197,0.621993875624673
0.0226935821727041,0.586977128783028
0.00448091699459637,0.543121188082726
-0.0551359549040983,0.575536773644916
-0.040918873938527,0.657934755723626
-0.0490273464416646,0.523401092743211
-0.0138998250703357,0.526156717000125
-0.021204448165886,0.631061130563116
0.0162459909411602,0.594958521119625
0.0183754585342693,0.481589197181253
0.0153718161842082,0.583554539924227
0.00721682779697898,0.411332492914364
0.0588363147342584,0.486065466489967
-0.00573217175103122,0.623754099520317
0.0152037249856849,0.503388507680191
-0.00264288818266447,0.549067208958506
0.0880001164071792,0.539141273023542
0.0684348974749351,0.483955926204681
-0.0448291536756048,0.459551021111995
0.0278433075666798,0.448636308207569
0.0119199870108102,0.519516027751605
0.0452370543841822,0.508168509039035
0.00512895697805327,0.456748092240934
0.159200380275512,0.524919307479941
-0.042354884044868,0.470375079874248
0.10284128605337,0.518969183424199
-0.00759549747177355,0.543504398092952
-0.0719705730829377,0.479439295965116
0.0280533749861656,0.511799642815365
-0.057849898849492,0.533932901373453
-0.0145799736473231,0.512015953396636
-0.000997315777823914,0.609476209623629
0.0203016237872485,0.564162122353362
0.00826601938643966,0.638703157075126
-0.132239410547534,0.550893154945588
-0.0216402083366572,0.57538305558714
-0.0396086020129583,0.515159906461471
-0.0896041358550646,0.621164796843306
0.0128638228256968,0.602618652073358
-0.232119628735131,0.510818522978172
-0.088447727204727,0.655515591329263
-0.246129095884451,0.546787032735729
-0.0764906512685131,0.526011683791446
-0.144604909909135,0.510245001589579
-0.180495513272431,0.425418441487095
-0.241838250591737,0.468875027528697
-0.323001729338152,0.356320672326973
-0.258385743944122,0.418649133340647
-0.256877682029365,0.388212563338052
-0.202075291082551,0.488923298909433
-0.199812864329633,0.524050889943091
-0.21257940774764,0.315967130556661
-0.144594390921026,0.339880271537903
-0.243643119059814,0.494099964126544
-0.280157892185605,0.455415239207858
-0.264394457989567,0.434412840947951
-0.280060286848543,0.481702299327689
-0.270405139727186,0.362038430128463
-0.210818786798464,0.436486956807853
-0.256577079422569,0.461490774498738
-0.242173715276141,0.366987947525629
-0.309475411886767,0.488037755996287
-0.275842528055043,0.40675377664742
-0.276917279883824,0.361882289308917
-0.33368392887241,0.388571321447401
-0.361738737993065,0.277713212428322
-0.236678914539579,0.300564810888456
-0.276144149411602,0.398804233843643
-0.400814424648526,0.36036028782816
-0.335141466488546,0.3356871837566
-0.369147187434575,0.219150818436
-0.431078735436945,0.319425711527238
-0.39913654957919,0.323097840534757
-0.366514219131533,0.405528611652336
-0.335415266342822,0.325213053659133
-0.381622422258402,0.309383140270384
-0.399373400194586,0.321411527604466
-0.392854053502867,0.27508216586494
-0.469326046540273,0.312920967705464
-0.351364809954724,0.280954612921425
-0.312235006778517,0.307900147513445
-0.359243005530332,0.293738135721002
-0.398133728072718,0.344917158491363
-0.379509224367327,0.320947520893541
-0.41781097807377,0.212662245060234
-0.435307273935401,0.284620092499886
-0.485903970833243,0.25159042726875
-0.526009272590369,0.260284869877234
-0.464491782015744,0.210869023020187
-0.525961408193032,0.255181299826038
-0.525197221632084,0.243796835941073
-0.535959718501447,0.0894598018879963
-0.503669792385537,0.133930571399734
-0.594612373271874,0.1652961785136
-0.619658905200759,0.120969260422807
-0.650032308929816,0.196714860853832
-0.599391791124169,0.0225729525974103
-0.655066333147408,0.144912467643877
-0.630668963040738,0.0295481876469873
-0.617347933720912,-0.0470901060999607
-0.668887921768751,-0.0727235355527724
-0.68643399577737,-0.0826444280037
-0.665121007508427,-0.102946746619217
-0.715895448586257,-0.115663313677398
-0.71085525429916,-0.160531280502393
-0.756761301422369,-0.224226377927536
-0.795671736998828,-0.214116920737024
-0.755916421138483,-0.212150592512123
-0.734310968742982,-0.229593760634822
-0.758760081848393,-0.301656849501455
-0.76273230578861,-0.312966502007471
-0.770327941016651,-0.264241297881985
-0.762111391366987,-0.349545555725145
-0.762156751787784,-0.383678984539239
-0.738848032735898,-0.355688258499481
-0.756231024782262,-0.377113047643672
-0.69532608072757,-0.457850055727257
-0.730500745237375,-0.440029803577814
-0.684979594791339,-0.499657088165847
-0.677123094317126,-0.506617955352531
-0.719987276046611,-0.533840801953679
-0.637180672566114,-0.578406245265733
-0.642472999376982,-0.605343445490771
-0.597245414644821,-0.621960601075736
-0.621083578438443,-0.600140491861894
-0.497542187503312,-0.61113014168969
-0.539967756754228,-0.691543238137242
-0.495219149817596,-0.6757143882344
-0.410655589866826,-0.614223146765425
-0.273906492640876,-0.651960146104989
-0.283218048011319,-0.667810091116557
-0.232994706786494,-0.66745342136888
-0.132279447729467,-0.638608818961694
-0.0820582166021224,-0.612032952575985
-0.0312230269310536,-0.559351914676803
-0.00497143320547788,-0.585765548204827
0.0693924599576622,-0.507754736520991
0.120535143229707,-0.525038575888987
0.176313635098214,-0.508575062255497
0.132170239683467,-0.415510847035157
0.153061119196336,-0.561025139998215
0.276771745176137,-0.348124755765124
0.173653274311769,-0.523704625756994
0.225784891497626,-0.50548888858607
0.20984852819088,-0.491118402981875
0.0898572263322771,-0.469744349646991
0.179258877653717,-0.434074277526405
0.240469081999921,-0.475932086301514
0.264160750975126,-0.385158044630641
0.160672923392654,-0.446081442554411
0.290081652419731,-0.419245391585262
0.260865336230958,-0.426362066473645
0.231858536701504,-0.425129523966608
0.318609220169389,-0.347487907831785
0.289850197072718,-0.350739647099692
0.35225520525851,-0.404664817175409
0.258939836059199,-0.368782103144666
0.320836802794702,-0.29331754623919
0.275482711090625,-0.284338182342302
0.393126818437081,-0.328587295536505
0.335210276017641,-0.212580472042469
0.362946164230644,-0.294104483272887
0.451339128314808,-0.218061213552547
0.368707692852195,-0.0663697529889195
0.395315077599896,-0.139865568577558
0.348468166490669,-0.150385370124453
0.279534779164709,0.0127692550178377
0.342913803686712,-0.127980810320962
0.329505223906029,0.0329928675116762
0.302153225828318,0.0735871328896952
0.422543900810569,-0.0330883130997479
0.300553091422699,0.0443180643238756
0.253920371261094,0.069725861381788
0.328941941564049,0.0371976363785983
0.325864736987136,0.0755266242768659
0.264332036564422,0.0403464378665432
0.221523137580095,0.0882148869802242
0.206969667906003,0.0858352822549258
0.188308076774435,0.0482750944046594
0.138844817043918,0.130864713138241
0.09696300373044,0.131901405859877
0.108359269040134,0.202257814760917
0.203644075639438,0.184803594540861
0.116742956451797,0.163110614234522
0.11340593013448,0.209177998757859
0.106257721078286,0.0634434264284888
0.0511000011042288,0.243071357893653
0.0911758023783891,0.193578539541383
0.0879856613153704,0.227829795501474
0.048610706218267,0.196905285990851
-0.00728569550592714,0.129563546579746
0.0557942754741343,0.291852193519427
0.145344156843666,0.236872445694925
0.00404736984373365,0.241161288446226
0.0493869068820812,0.203995279912025
-0.02269642150985,0.344151856258938
0.0464749255260779,0.211734542264317
-0.044154046713982,0.338342470250764
0.0624993703311216,0.167512908361836
-0.0333623144270794,0.213064803308577
-0.019760319683165,0.227855532979183
0.0630123474510267,0.303026979105534
-0.164307246298188,0.129397742985237
0.0771381190647694,0.166871219986901
-0.0369398738421067,0.230474875054723
0.0378807204207079,0.314286232288906
-0.110088845244701,0.252093164948395
-0.060528353922252,0.252537737302912
-0.136951288942868,0.318869934468597
-0.058627238267909,0.232156540269714
-0.113112137069089,0.286786673233133
-0.109643139875597,0.328463202987419
-0.117353719108355,0.290769698530514
-0.129719956360541,0.336466668774054
-0.204507088694708,0.276676904394126
-0.161340830010313,0.304196605284379
-0.142822089529167,0.361914099755246
-0.0678743655738088,0.35411271111368
-0.107880937859377,0.305015693249647
-0.223628586106575,0.317209151740795
-0.0791753836534047,0.34275631546596
-0.149735662903378,0.360321383401491
-0.142805811584596,0.356633034725743
-0.247112438408075,0.318657885437934
-0.220673747625695,0.486541899796896
-0.196266517628157,0.425821428420639
-0.157300275946091,0.43927427926768
-0.242207901844771,0.452495926957205
-0.242887712209817,0.368719193150011
-0.233185983863094,0.520941928193054
-0.206353523080173,0.453270502392258
-0.239983134933093,0.444669357459409
-0.329721302614121,0.499323489821763
-0.245340759434326,0.499478893542832
-0.282154673046988,0.449461289072786
-0.329477063823521,0.519559143114777
-0.367014426797588,0.540917342530912
-0.375040328721422,0.411531651895748
-0.405390991657389,0.58274203030391
-0.288797905319059,0.398104201854937
-0.320222987088617,0.447569056166793
-0.393243315451236,0.407613382759373
-0.302992584625797,0.464723704497686
-0.465291179070934,0.407153299254871
-0.449461652886625,0.490413454350827
-0.396671929669645,0.472592030859387
-0.387019536881409,0.505932045000104
-0.472809206291645,0.446592073115545
-0.470516908635517,0.417199703477253
-0.494634237982974,0.420168833041142
-0.496108067347478,0.450892439814617
-0.42231257445582,0.367337322160781
-0.618516913548042,0.406172276737722
-0.556078541989727,0.473314319638749
-0.580152353436374,0.455574541688594
-0.560104616045103,0.424025862230749
-0.529503906722725,0.448024654297622
-0.59269944040173,0.407654693973366
-0.631158469006874,0.413753180433794
-0.52432173495212,0.387117042752851
-0.51951984947865,0.430639321711513
-0.417797395779292,0.348816610845898
-0.616789164243794,0.372300226536046
-0.554238861775001,0.349881022692512
-0.573475614711393,0.411531557804437
-0.56205874571284,0.3443272302748
-0.517381262656325,0.357782793430484
-0.498783455548627,0.29311207601801
-0.445641213237762,0.328025547602862
-0.492613308028573,0.26888305699773
-0.559403379134682,0.226119027027705
-0.493593378308264,0.163407081408404
-0.536859409135581,0.202080920208059
-0.569679189575075,0.0864805353594919
-0.492069523844215,0.181697413163994
-0.541935807349834,0.14320949211005
-0.436349484047753,0.0625173065616669
-0.428414418004755,0.0150974336358239
-0.436795039036585,0.0318994512329197
-0.411236233348827,-0.122835746829201
-0.479737331326426,-0.0590535875886731
-0.395592278811137,-0.107710652863376
-0.453080009162163,-0.160780464605003
-0.349830620859093,-0.143907553192927
-0.365564135314873,-0.168210515581172
-0.24085000513645,-0.161313748212974
-0.399691440546774,-0.187546590352192
-0.302483663267908,-0.295808535622289
-0.274211174209928,-0.277594825371086
-0.194153943511094,-0.355170210409806
-0.244233031128257,-0.315383220451289
-0.14403538656137,-0.309555689537298
-0.269571174203635,-0.392423287297993
-0.0827071112355396,-0.416187962224496
-0.100388179193073,-0.363213791294649
-0.0889821537388428,-0.376964682056744
-0.102333282153423,-0.445109806562991
-0.0788342404835647,-0.383441076516559
-0.159531587147288,-0.345606788064828
-0.159271653249924,-0.347624738533728
-0.139993793198925,-0.294097788741527
-0.155759463472906,-0.412771750308149
-0.0948978246696907,-0.410445314109851
-0.115674703988132,-0.44752761623024
0.00951551817583616,-0.384647269015077
0.0141999882860995,-0.489965683253715
0.0905567571736963,-0.412951983119068
0.0208859309989509,-0.516164934398858
0.208122637048659,-0.341532962879612
0.179445221157358,-0.283738121353914
0.304197053933458,-0.313197510897628
0.215863918218481,-0.370359025199509
0.443973029530283,-0.219079952518295
0.416783167014921,-0.22486064719312
0.478114864946638,-0.225839139814976
0.548124486941892,-0.237392542564345
0.382070322300263,-0.282419255222924
0.487279910110032,-0.116530600334088
0.434837899060661,-0.136831744776889
0.363300611493259,0.0274800398999681
0.453894769995047,-0.00723933733359098
0.583645663669861,-0.02544762063202
0.550312773108151,0.0127815948860579
0.416043860569585,0.00125324099400691
0.404736739470269,0.181177085422542
0.481366399679718,0.180656979607865
0.563671890152804,0.17548884390368
0.451361712907744,0.165831899574041
0.309923672009167,0.272600711129769
0.350297784863065,0.26002909904083
0.487939697903196,0.374960492194131
0.559877441629022,0.353026895384793
0.356549146547253,0.35431491629758
0.530672852791643,0.453145058845585
0.521136456981795,0.458288523687052
0.451086568471373,0.522592632450679
0.392280538935557,0.55666545885881
0.351775629327183,0.594996686895905
0.410837699962093,0.565199668459304
0.296072820361824,0.583056268177155
0.336800280086626,0.595778297713125
0.223893247181824,0.6503082794448
0.363703383310368,0.654281578432126
0.276063097638473,0.581565767804037
0.217713868387841,0.665150608634148
0.213493346737661,0.508182836757704
0.255726396185886,0.651522789199316
0.135123521821775,0.565443296200901
0.222700326788341,0.607113267102909
0.131089765235564,0.481461174795526
0.134986769308262,0.506646675758264
0.152982674776217,0.501277201993708
0.0639214929145545,0.655493913997869
0.0665920271346926,0.606397250373811
0.0818403027030558,0.555639045699307
-0.020789941448862,0.557913922578995
0.111506195835263,0.545084404620105
-0.0250586492700639,0.516923530665875
0.0913880749627993,0.496638275453829
-0.02299150181828,0.556468081495944
0.00380833174007143,0.465656670714972
-0.23322678367147,0.446339512634952
-0.126079105109686,0.581851047646086
-0.197586997280788,0.620140626811683
-0.111327320151254,0.577066009303566
-0.277189438308599,0.402770640614364
-0.278319891343086,0.390205624108128
-0.297581498775305,0.439011878973648
-0.262145208361947,0.494325327462146
-0.317723942416742,0.472890029910182
-0.330147602421195,0.443223833980819
-0.334833482334073,0.4186099433608
-0.313078736250752,0.419298555796929
-0.296270415184978,0.350182159002007
-0.388320841262812,0.476566910370976
-0.466395557998982,0.370974946676125
-0.370493240996683,0.436920266819118
-0.335275249224176,0.436388207687529
-0.392241427785196,0.416131734267007
-0.469132871951141,0.367963333535804
-0.441255193503483,0.31520785809716
-0.412969807586855,0.337934024580431
-0.515124341497285,0.316792793449969
-0.43518789578689,0.266742240835453
-0.523148700752799,0.308856337951594
-0.574774545997466,0.282243990251168
-0.440111006802994,0.271966408894859
-0.471212424927694,0.297243955730281
-0.377005703665319,0.189145400763784
-0.425276443465229,0.248844948131622
-0.338028265748834,0.16804287247482
-0.339339085517796,0.269450541697798
-0.28682269105412,0.173685720270416
-0.186629487483936,0.137641083064156
-0.379382899057813,0.0827982354762456
-0.142660677654038,0.0529123587735185
-0.292138326980528,0.0973307272682828
-0.267011727408014,-0.103194866868874
-0.225743103961186,0.0722990459886926
-0.183751063828955,0.0333352961480569
-0.267568057827425,-0.0318066893811347
-0.218555361661648,-0.159965571384595
-0.238134133777291,-0.16839794199387
-0.134652400323317,-0.164236559375915
-0.103501715792537,-0.140930974085228
-0.103036247233896,-0.195381972037756
-0.186507985129101,-0.170812648222568
-0.136438259901872,-0.216538438607567
-0.0573720002043908,-0.194652980978124
-0.0630283579685346,-0.362936729918304
-0.0617215923052987,-0.29308916718107
-0.060778962711427,-0.341799094459534
-0.0187343924608293,-0.258735052529011
0.0513370796166881,-0.427495221904343
0.051821038258264,-0.304950012526664
0.0636274588363192,-0.387333194258134
0.0473385712482966,-0.269144472676741
0.0725511433000611,-0.283005482548678
0.0703014206127629,-0.360592082386481
0.0123855289969396,-0.361573393641657
0.166389889869972,-0.389701494788074
0.232589785918675,-0.449597689933623
0.1929812290451,-0.518928827712131
0.159314096715057,-0.391481253658328
0.221926423268872,-0.401528989469501
0.177056059256368,-0.460062415674334
0.240631486937255,-0.335677338257739
0.260406216780102,-0.366620968641806
0.272790716073915,-0.364246597389953
0.356436467016294,-0.399603867377121
0.368198874017096,-0.408444947413901
0.292512092451419,-0.399065290805364
0.400715708963976,-0.313777789150879
0.349126232725526,-0.40923127314114
0.405278770194531,-0.365756926168517
0.380787166722431,-0.401586371701506
0.396464913549912,-0.393302230154677
0.399343376726028,-0.389909241337038
0.560210392895339,-0.376359086116988
0.460530354770558,-0.421650252093568
0.381989237593821,-0.45766809477845
0.457345745910838,-0.356784497363378
0.430391491044511,-0.364367325173598
0.413855429826443,-0.440477241935133
0.400182062788456,-0.316159401547292
0.349176301986235,-0.350162411240146
0.393667563290295,-0.385731491666274
0.245646443014198,-0.279224131574236
0.351585652081419,-0.315151070249002
0.311028544673015,-0.356651382488766
0.330122664045264,-0.233955334120166
0.1974824039992,-0.245844071647957
0.350473628144793,-0.190707355342368
0.2566640287962,-0.375605153899729
0.309664825215696,-0.285339162317269
0.378404256796247,-0.344385674564715
0.327100632753766,-0.300753113659767
0.311252263979317,-0.179209044693779
0.294578035551854,-0.166544758812794
0.357052404329671,-0.133236571954986
0.257810305552805,-0.135221059021522
0.187515655895954,-0.0573860757893035
0.402687644087098,-0.0657099073479118
0.321058345322677,-0.0380133089753382
0.46019561743558,-0.0802932246199688
0.249363013583563,0.0398227234738417
0.332813165227884,0.0121925353521658
0.270341780218508,0.000169823876186118
0.238812609401019,0.124312346919803
0.305921896659236,0.0363158533615817
0.418112877653954,0.327076431038113
0.421638401408009,0.481692235707862
0.429278818197058,0.377379707458869
0.389414139531006,0.3259430322499
0.53400032517718,0.375469534541197
0.394487248642177,0.332035925718371
0.409479720201538,0.438621002440395
0.504059447777331,0.331813399083931
0.460957574515917,0.367960307336222
0.556528301033392,0.358144359931338
0.571003334654092,0.42569035701181
0.589846858089742,0.311157521698689
0.566924096035368,0.301909355290487
0.580563916693069,0.454760108697218
0.648919445843365,0.296149535053204
0.705219880416525,0.286539968586197
0.631439370437694,0.294138262474247
0.728949456337958,0.328329305525337
0.749604609042721,0.279078939805713
0.734587088996412,0.280360589049775
0.721166471776754,0.269669086661095
0.745112416509227,0.276574926945514
0.8151052949395,0.275769172346041
0.770985424099472,0.312105806669113
0.805788990856659,0.259061820622982
0.822635387888705,0.309266138218524
0.880872006128121,0.265040595812073
0.891469351247263,0.316720716142192
0.867905925412273,0.248493363826078
0.887988041470439,0.245770014771116
0.899030616236767,0.210388678675534
0.93235178656095,0.183108526326377
0.942135832548434,0.164059477016088
0.927617026585546,0.17331586291925
0.933008978500639,0.137191501296549
0.93196263556809,0.122175655955734
0.911739808309557,0.0861648155671049
0.965645219658119,0.0393257324821545
0.912053320647389,0.0276506349236523
0.965687222468835,0.0148573361401046
0.906081949345631,-0.0172168769645762
0.94168952277296,-0.0282184600927654
0.907917549363656,-0.0721165950627853
0.934963097450757,-0.0855075214533916
0.903574714924903,-0.103465941344843
0.921194032635304,-0.155400906941265
0.910013818514736,-0.18792225633755
0.857749077909085,-0.186781775179833
0.893390610795049,-0.220788727141611
0.895862698966285,-0.241977157357344
0.868467316709307,-0.271644838106035
0.899919352288794,-0.246351247477312
0.895651699838532,-0.219697205501682
0.902947127347664,-0.216414061026585
0.898771481454028,-0.273549878039439
0.786874944559773,-0.252265176928986
0.846811397225145,-0.298730158727865
0.90481766870376,-0.200165347792582
0.855559898747841,-0.304930303241101
0.843973029212299,-0.274826347961994
0.884784245356543,-0.289853692523507
0.88502729388933,-0.299405753628335
0.844636750321627,-0.312265955223067
0.820426637595966,-0.323763546819224
0.811639186010903,-0.297426700242314
0.826863518489705,-0.283270047439897
0.818104653161008,-0.337785534570464
0.865629115154278,-0.324773332775845
0.853276257589914,-0.362098883500961
0.855111419524712,-0.368450010852641
0.803906398085192,-0.361898317982891
0.782199563224233,-0.44298149934014
0.753321884769771,-0.423220992465407
0.718611991954832,-0.433103114282611
0.717314391092544,-0.44366606603106
0.807516080400396,-0.439201001834578
0.763217802448093,-0.435538772008215
0.785274518190199,-0.514585995955105
0.768337306463539,-0.540108678729368
0.727127877163651,-0.513171410205939
0.734391605751864,-0.566440480584942
0.716495555826233,-0.640570000930771
0.713970552250192,-0.644718575838219
0.631699026943951,-0.687158367409426
0.637183163954216,-0.674705930687485
0.676466857906711,-0.69686438653629
0.676292980726482,-0.660506500791428
0.595340717617179,-0.649262606386028
0.575214150428213,-0.683725993597124
0.550692079636059,-0.656751292330485
0.581036777676929,-0.727875267873117
0.593636217082026,-0.684374593862258
0.578964376574523,-0.768417428467587
0.518766424782772,-0.668162964552823
0.520907920492182,-0.689560293067645
0.52653203894058,-0.778049213224335
0.545420998008275,-0.755696325443195
0.537335247341475,-0.713163608200223
0.560977931561584,-0.761650856896818
0.554089117663232,-0.725248236874221
0.565449116332468,-0.716819095754408
0.571929737889596,-0.689171877055319
0.591780744717226,-0.760881653143849
0.599624413689534,-0.730860229878305
0.569514813263551,-0.745255494446744
0.560925988991883,-0.722893036585143
0.439898437106285,-0.750624520454718
0.453698535711328,-0.791121210772935
0.459428072231691,-0.819149732457363
0.444068706043409,-0.815290823154633
0.442772352742101,-0.787772552841674
0.377651961567939,-0.804052231803355
0.376981920294958,-0.782623658486321
0.430279435467493,-0.813190807926988
0.420382903459683,-0.822509846883566
0.404649260858655,-0.825426594188886
0.38106891066153,-0.841232161295707
0.33645366743643,-0.833887137875951
0.341870914628892,-0.85785629023926
0.360973075888942,-0.863219128712943
0.317057593341394,-0.864314215661345
0.344297456785827,-0.853566204971896
0.356693866393274,-0.837229500734437
0.334552522769673,-0.850661681102262
0.333600116210881,-0.863357345491384
0.323115746341051,-0.877250959967429
0.330802414977807,-0.856225759466882
0.303192263069914,-0.846265682293589
0.271281923445838,-0.871170883474596
0.273948050557558,-0.884631992471547
0.259423534635376,-0.873153747950298
0.190509819119941,-0.898207423031662
0.189536206177949,-0.890217396686373
0.155656599659562,-0.896743948523354
0.138716803089835,-0.907725862764455
0.120212460506811,-0.913661104111252
0.13516200355024,-0.916539682449545
0.0846245148139721,-0.919477939906132
0.0707946203139356,-0.883256513534018
0.0547552989100142,-0.894130127017228
0.00106525594708771,-0.888871630246627
-0.0406866627128274,-0.919018632990438
-0.0600943952252528,-0.903620102115474
-0.0701984024917508,-0.884961064232339
-0.133121973194387,-0.875573701500842
-0.104075313191125,-0.893716173348387
-0.174980552380188,-0.871287821652456
-0.151598819826852,-0.907053655020108
-0.194918984433309,-0.887584040598133
-0.230144986592002,-0.906853032892228
-0.209411976989486,-0.874441417461829
-0.183166462024326,-0.862122610658608
-0.19181207265231,-0.893452083423513
-0.180096088482875,-0.864677070970668
-0.221538518955322,-0.923075519539589
-0.218914946071578,-0.935873776455346
-0.227920283985117,-0.934309008791962
-0.21465537946018,-0.923314947830438
-0.261181476011659,-0.908567759349061
-0.269403466179845,-0.897915757122328
-0.265266974617781,-0.876101107763537
-0.271845619371453,-0.895021067393479
-0.310279613668851,-0.871538560787872
-0.225315900186378,-0.899122466230852
-0.265011070937139,-0.888944146168985
-0.260968016144615,-0.861160085065113
-0.281577712126416,-0.846536847999163
-0.345280381315873,-0.880801672688186
-0.368975794843361,-0.856314713150348
-0.394393739538645,-0.830746164891376
-0.387669748567006,-0.839980385157925
-0.389261248438763,-0.791445728063565
-0.380672444468264,-0.829205961000993
-0.356727884381103,-0.832470415532645
-0.447777276972532,-0.808090334205999
-0.365921583153833,-0.811523712503942
-0.475191639027742,-0.704084374107168
-0.397571884555826,-0.793326326806087
-0.356176146559597,-0.705237735180545
-0.404248658710781,-0.602455414732707
-0.372399528674217,-0.629555639470921
-0.44682006545117,-0.585369827727689
-0.401260619991512,-0.491973101737289
-0.528230786042359,-0.519306796836338
-0.376744894256497,-0.455799632266083
-0.406165521547198,-0.434400679252165
-0.331642796711144,-0.469186421693112
-0.402610128260759,-0.455498410846024
-0.458017623982641,-0.422093541673255
-0.402131625581499,-0.398672388919564
-0.486191777037347,-0.388181988913675
-0.354788194951918,-0.389097743655163
-0.412567357069013,-0.382134893527943
-0.408112738533297,-0.459588389148354
-0.494299057515395,-0.344178505081182
-0.41639074644154,-0.382511987128487
-0.555065548145775,-0.394567395425573
-0.484956198782379,-0.358246714003704
-0.423524493326718,-0.366515978131748
-0.455806255746899,-0.316077646428004
-0.458567683854311,-0.30938690143959
-0.492225789934482,-0.332050535473943
-0.404107084839214,-0.247499482153144
-0.54683347547738,-0.352030930072157
-0.411730150592382,-0.223889529741203
-0.454500323423458,-0.306743409164306
-0.468572473868856,-0.227657632939083
-0.47047387434834,-0.209962269566766
-0.510679389672405,-0.212349576291885
-0.488412377367956,-0.107179271609759
-0.38411980866028,-0.160140852514506
-0.418094074339435,-0.0953965560651874
-0.376771033027151,-0.130684134138931
-0.430467544449969,0.00339763534969546
-0.486026662287685,0.00997052854582182
-0.363715864628322,-0.0949788214614571
-0.389966279615686,0.00227979309490648
-0.465963464881386,0.0395032552600888
-0.419896190013974,-0.0294891435930721
-0.502523125529665,0.160291589924602
-0.457925210387848,-0.0257668847788148
-0.400900226050274,0.199372660946469
-0.442297714715699,0.085396119358352
-0.468314682605139,0.238040464132107
-0.452029827114701,0.0933864221660747
-0.413273356915742,0.162435156726885
-0.417214264979556,0.16615631676357
-0.455823530801215,0.181721179524896
-0.344910346510605,0.129273841767134
-0.341996258428698,0.0314654649874989
-0.318011692902159,0.156158890238637
-0.339791600851858,0.0987949435564873
-0.361726757213834,0.149850299085971
-0.355997431683168,0.0596018762425222
-0.338985505485701,0.0676713788120834
-0.263921131704001,0.12061768882814
-0.340821600424731,0.11830750297074
-0.372384170782985,0.0453329369161987
-0.399645511059579,0.136635284535497
-0.39080499685673,0.175101515550483
-0.368250600294652,0.132136015586229
-0.370322111780847,0.113571404889433
-0.409072573312436,0.155566422646444
-0.362837301228943,0.0809721534577033
-0.365317178065279,0.141708068414992
-0.40455262894442,0.0810216460405273
-0.41015276211024,0.146444555207942
-0.39143728230795,0.140973759051328
-0.357382906406597,0.0304130027821287
-0.277570126605335,0.020898603318891
-0.215435580655308,0.147294201585357
-0.264052427730957,0.0890595351247057
-0.232918232400766,0.142160884403845
-0.298811062455632,0.167320735566581
-0.0952304331245078,0.125162997262799
-0.206966507151165,0.21608928929599
-0.106943155595296,0.175447423495935
-0.105817136858311,0.112931186582273
-0.05766512675287,0.116971499596905
-0.0997100470722014,0.161602019440556
-0.0462542323893082,0.224125005027103
-0.0762887821394113,0.260441546138596
-0.0877329806729073,0.208091717068875
-0.0916289427319385,0.188714308832947
-0.00835120272088149,0.272368244469241
-0.0635711130769578,0.219359703426185
-0.0595658553764443,0.253554557869792
-0.0278661437520232,0.204184945088126
0.00344911606161177,0.244494435192399
0.0816826638400222,0.29608490858639
-0.112486676353919,0.200155903340635
0.152012116185244,0.263008761176274
-0.0359029433017575,0.293829874326288
0.128118891861085,0.248493080972757
0.0933452423313986,0.231050817946817
0.155620580041444,0.331733948002673
0.130916557308453,0.327110153231298
0.160793135257346,0.283498114400994
0.212901398544431,0.267152868263783
0.230419774101839,0.336734829429532
0.267128215312827,0.278330035878231
0.242017014302085,0.251473755116613
0.333451368067925,0.24289315454942
0.350159089233389,0.359204650763984
0.379979112576853,0.313752486059574
0.334527659655232,0.327653657431197
0.415054239171951,0.344506947499318
0.351508118971444,0.353840000533829
0.3928108230897,0.334556713162608
0.537291445458702,0.426373616258419
0.488171283060863,0.447660636333557
0.598500878641413,0.455484850927137
0.602826425510899,0.474165052017637
0.582767305316392,0.443715505321988
0.623120227557807,0.534557321246493
0.580994219977319,0.588685436612483
0.637409837659358,0.499533581886559
0.621688068181341,0.498079879892314
0.589438604123363,0.479471590437792
0.653925316835546,0.528991617581328
0.583812539858172,0.590651961798806
0.608819785131938,0.555702162283961
0.623651261824628,0.546769475351282
0.572472587999099,0.519184908689762
0.656684283998372,0.548751028128658
0.640085988971594,0.48414724248063
0.573366892603104,0.526062187778899
0.602810163239446,0.533202784246489
0.605806084160623,0.541184090789801
0.607145316080643,0.549475235233914
0.555143325817211,0.574204555478214
0.580162039527721,0.520968509757792
0.530177135841766,0.565147413540883
0.583524002095009,0.535793368925527
0.538585438671126,0.553581242789136
0.561253576748104,0.515760321770582
0.573191695306172,0.512595530543032
0.589331605083197,0.583825930428166
0.59200060469135,0.49443336139102
0.595333599580381,0.580345418198906
0.533925956220206,0.464878489940614
0.506882437044061,0.506520871193165
0.512681267675601,0.465241748107257
0.510614463675105,0.489097306178842
0.519019910567093,0.594169569203076
0.408840536249171,0.402629738599137
0.366199347063204,0.492858493531117
0.452106748336727,0.574533921783401
0.316326160763564,0.524063947042596
0.42507321734544,0.487682153799574
0.262224632953738,0.587069120681653
0.371440909805826,0.473373661542267
0.331463609367122,0.473398006067789
0.347850325093499,0.592328638246252
0.31843288689323,0.52667291392324
0.182814508534092,0.524997352215156
0.192165529537503,0.422330095160866
0.1941965063361,0.546265754291119
0.191307429912205,0.534475745066425
0.111732751589497,0.602530438970715
0.145089067995916,0.501330141944363
0.0623713667731317,0.599321576503698
0.0877813919904873,0.629079632229374
0.0502569480960499,0.575479686444939
-0.0464794974521358,0.50538207509744
0.0151608901826883,0.511759511456002
-0.0460562917841317,0.472331061235757
0.0128435640000627,0.526633188775822
-0.0848048405834157,0.478617902513409
-0.054894630436161,0.480618605253639
-0.0417040316332526,0.454920207544164
-0.105319669938364,0.549224962581352
-0.118821869075632,0.470659713273723
-0.152712298746517,0.610556245323983
-0.139927375747383,0.416557014861574
-0.146529873872646,0.60294414432882
-0.104784169870987,0.482640593133077
-0.0508934198188711,0.514039700870382
-0.0986293623033884,0.412077650461292
-0.130993770439711,0.555420620136874
-0.0117528054085578,0.434469197123625
-0.0811534715312362,0.583173761130847
-0.122113315113462,0.443222354076701
-0.122760358949824,0.536960310720938
-0.047236316956726,0.573591406995257
-0.0998873053605398,0.567356528288635
-0.191489637834125,0.582536096100934
-0.0442549903042274,0.483424516625122
-0.182297937220422,0.470595163525172
-0.117597936888586,0.580392155000993
-0.153170974336205,0.531818577021484
-0.120117004962603,0.469544568209192
-0.149638309957359,0.545441493169772
-0.130030417117259,0.509495692184958
-0.113792623334733,0.404887163626751
-0.114060566509007,0.479200153931833
-0.0348090557554776,0.618543113928601
-0.0300883567705892,0.599384731003221
-0.0790549613360552,0.577753889435489
-0.0432558073343116,0.581782322996354
-0.0477783986175777,0.719098423081097
-0.0886954820565747,0.628816331575293
-0.047952419646124,0.593876971502668
-0.0856996309782811,0.629595316708707
-0.0322343026521802,0.711579936072234
-0.0889017408331026,0.665711867871002
-0.0442534948573303,0.680889655919406
-0.0292339927986226,0.701878928128342
0.0362506805163168,0.666497101409736
0.011651907711156,0.739438522316738
0.0453428908666344,0.694325890608106
0.0814004555473055,0.732706903813563
0.123146425632946,0.803492097359432
0.116038838899977,0.723673564861596
0.0387620904531794,0.738389500771186
0.052093769869602,0.719253463708196
0.146428496436851,0.770658843166063
0.0729563151751166,0.803375896442183
0.106559992264882,0.780782720490366
0.0847255610056782,0.809421029734504
0.0547400284935156,0.832887968240401
0.0887807577059591,0.860148662931628
0.0535457199527527,0.853450872427659
0.0122357368157829,0.890577137947295
0.0772243116773937,0.84468525436536
0.0255490111339154,0.930620803064218
0.0235745081546349,0.914244299958923
-0.026540775415237,0.894264030291079
-0.00274726312139346,0.935449629720457
-0.0127189709686945,0.908926418219878
-0.0170515829397597,0.91364840290636
-0.00602633648173986,0.916934714759297
-0.0248005574747041,0.933912607481967
-0.0737096174511875,0.928174874688975
-0.0905514778067307,0.927200704118647
-0.0591936985973672,0.913291116940803
-0.0945509620586906,0.903501970555834
-0.113292495774863,0.938640537399826
-0.0793877723216438,0.919388192738408
-0.141142037771959,0.898315042567406
-0.138267364014695,0.897816856388559
-0.182312066631319,0.895628338654248
-0.176954139733526,0.921734286722702
-0.191789533251195,0.920256546269467
-0.215237609340475,0.87615360861969
-0.21295288671688,0.848060119099617
-0.268137531614104,0.888836841808597
-0.296354486145439,0.869167135629175
-0.304179128642945,0.867642704829102
-0.327513762541053,0.907806649600719
-0.313093947898663,0.853001193915677
-0.329660607085345,0.875117068060607
-0.332813341944644,0.852744479121723
-0.440509468532691,0.80907972016061
-0.446928628111064,0.784092859848639
-0.489343655939621,0.768490299606374
-0.475290309676513,0.760976595249624
-0.418928883391822,0.673411956845337
-0.449727229872268,0.722326526424213
-0.518084824817615,0.699623415448419
-0.545937228901816,0.678628418236465
-0.518406980623951,0.674638311446132
-0.514233817813034,0.691826522908858
-0.559629667878406,0.650156665860909
-0.525594620714453,0.60267377004738
-0.546948693797042,0.592457958325926
-0.500787589097791,0.594024281064071
-0.621505230009341,0.569849232018879
-0.503037933394975,0.549153133186967
-0.475377227879218,0.438452386732668
-0.591463260073073,0.453661528478668
-0.427830824421321,0.368481299735133
-0.478189734443714,0.462347105921696
-0.497133220530883,0.324811388143705
-0.474675975944165,0.332064604776346
-0.394378889479819,0.319145654563643
-0.40732050134188,0.436031333040003
-0.477458876566509,0.314988402725868
-0.329534085275883,0.308153812750601
-0.384392443656579,0.167861842889531
-0.363926249454203,0.335935760070647
-0.44451953137787,0.23902837733425
-0.326165329333252,0.19116247096233
-0.354475784949534,0.276995898531845
-0.385929720662209,0.244474554324088
-0.368986434728385,0.198906812691062
-0.278682321831639,0.168172758995798
-0.34622377206043,0.30170111564804
-0.316739391901188,0.289561310713118
-0.453842225767377,0.183701037179639
-0.31910229269008,0.224256245566551
-0.328098323686733,0.215980821448389
-0.236805864605304,0.149113144767005
-0.222178196716675,0.15102152194267
-0.353077657691966,0.0554287797478538
-0.258954062566146,0.17862616632112
-0.206245563526717,0.248032945987065
-0.283946094617524,0.206654063541405
-0.218045806563813,0.102141854871955
-0.266613449625116,0.225892058621494
-0.16485859528909,0.125029218215001
-0.229742574085209,0.214477495304272
-0.170107693440845,0.232601041952451
-0.22461389281524,0.227680918615397
-0.206468284289463,0.222485726578136
-0.16952453695596,0.225271168121423
-0.10837227536273,0.255512123881204
-0.214518872935013,0.210124188987801
-0.0133567346362076,0.162979133201019
-0.145633480983101,0.20447010447461
-0.0500053120730733,0.154774866874961
-0.0526917013506996,0.205599665151076
0.0307613270552249,0.15081245946144
0.0359820888927409,0.221509491288262
-0.133785132562393,0.117283940601418
-0.0496002190017364,0.196033301776212
-0.0662227384530001,0.167325363323616
0.133595792242659,0.141049352167659
0.0608631083980105,0.0792642391478828
0.0731731392364382,0.153646924648875
0.0852567020048642,0.163140265540132
0.120462516329826,0.1553886666331
0.0994480424974083,0.0635379175959371
0.100283854833542,0.169758432789145
0.108751385897576,0.0281402204275477
0.0487656727530951,0.167969063145076
0.089968645633722,0.0130599612402917
0.143999341748922,0.135971529562357
0.0810067119986999,0.0528745393992444
0.088618356499059,0.025081265930769
0.0158460295221694,0.0701429413956184
0.117218959567776,-0.0152626552748487
0.0498301172932102,-0.0833201083575379
-0.0407868932583326,-0.00569401310833123
0.0818377478770541,-0.0573087038855294
0.0617851130197758,-0.0693482181051
0.0552535577165418,0.0322333322291046
-0.0104395580566266,-0.0342376017841766
-0.0350187283000289,-0.0837409078247839
0.111945148791624,-0.0259335154982168
0.074597855464573,0.0141631470138799
0.0730926836749726,-0.0467093957436096
0.00171263076922512,-0.0842908068121972
0.101201041230883,0.0239837898381995
0.0453018070235001,-0.143307247017672
0.0554317739579349,0.095634421557938
0.0539609701732494,-0.187970069528101
-0.0123100308384277,-0.0323862459781056
0.138204778528202,-0.195911427701241
-0.0181588690915408,-0.111865052571342
-0.0220157311887622,-0.252914716753817
0.108929998106959,-0.224064637150125
-0.00363467461851377,-0.134215667676376
0.00290801483481034,-0.11282803812699
-0.0648427673121262,-0.153163489465722
-0.069754032275562,-0.111437016301681
-0.00826601938643965,-0.139289805350991
-0.046945764064588,-0.24906394192228
-0.0350882454950133,-0.296637616139623
-0.0343842594271914,-0.135265403037738
0.0882986266130973,-0.23086876472735
0.00522575270912828,-0.157598121512256
0.105113105687861,-0.186467781739794
0.0519484027732885,-0.133439760999696
0.170255046437254,-0.25932048016414
0.0440585677780816,-0.210348817929741
0.0493058130662332,-0.160803384443221
0.105393475225578,-0.263279518407776
0.0915613432218643,-0.199808358703388
0.0489522073725752,-0.30588175658452
0.106372133278221,-0.133453951601817
0.050818026034122,-0.246825808403844
0.0621417350584272,-0.21503848211626
0.0562742641424586,-0.262332022025624
0.0815737865166653,-0.219046820888246
0.121963592971885,-0.274932686053106
0.0747067220981735,-0.216966729192125
0.23089733575382,-0.198460093188273
0.136392993425955,-0.24711512428736
0.144845400720298,-0.252205531968573
0.141595562335369,-0.298323363981986
0.13349253876512,-0.177807426595453
0.127910220381635,-0.128383057866349
0.173884494426957,-0.187315052865184
0.256458716520165,-0.222186899626829
0.203845531552127,-0.300572164457607
0.275872342227936,-0.181492861851956
0.252856524006433,-0.269862042541981
0.224541455954107,-0.221054929311785
0.320564327438762,-0.268954769685718
0.279942531273785,-0.118382283334703
0.254368402566003,-0.174852554978479
0.367314839867898,-0.208326200227491
0.324231812924157,-0.137814135570337
0.332548661820305,-0.193261601161889
0.382267281936887,-0.0516981902757285
0.30487631165087,-0.156228361361609
0.249110817959424,-0.0174628790834135
0.309367511978543,-0.140630864586849
0.347973746648173,-0.0223138026210235
0.251463015045315,-0.0655772853698639
0.451584949858952,-0.109377504339407
0.411410366339034,-0.043119055333141
0.362944886795883,-0.101587094878781
0.361223762889717,-0.0828481551578951
0.546532452289522,-0.0510322521756496
0.286669049517406,-0.0998220049582323
0.323340292972249,-0.0703367910824266
0.42528366147665,0.0125749520545618
0.453890543707835,-0.0416859734047089
0.275147901907449,0.0588597028943944
0.434654066896957,-0.00904674889594686
0.50002977280187,0.0418550099581074
0.351461624478198,0.0597587009818018
0.406259058615438,0.0266413688251072
0.351638833136221,0.0587085750152614
0.326485868317582,0.110487455658231
0.350647701521191,0.0532643898871916
0.328356346060808,0.0515078802363444
0.366098607096404,0.0982676521160879
0.240961644163607,0.124897947611181
0.346337551105528,0.0618687443261218
0.233905846949154,0.0402129211245269
0.222102844830379,0.000559322595370558
0.311151646217534,0.135716164722526
0.215958326362827,0.0350521786361589
0.217689310081788,0.0862625759394197
0.197872896140344,0.079613868753677
0.102383504713135,0.119868589770242
0.120617002205125,0.020962893493685
0.232630758754249,0.0114578983133803
0.211862166990143,0.0571646758233112
0.167181526186634,0.0561926781291566
0.274318799553996,-0.0377668482560668
0.130262674976168,-0.123937665173598
0.160059174943943,0.0259168806968452
0.152950558208634,-0.112696267713838
0.307084135187248,-0.141873775640321
0.0705402427174208,-0.15493675354035
0.156335114556039,-0.170688017916189
0.244489714481956,-0.135888745081786
0.163823212652771,-0.151504386177427
0.284988408354851,-0.153816141094629
0.207451455477608,-0.173530643700357
0.195614988701029,-0.22748093551499
0.0909193091399741,-0.270390227477006
0.123325155650276,-0.163316080632057
0.151661565764952,-0.177872138969129
0.1541396545482,-0.296385548461768
0.00177263882496078,-0.197387070715399
0.144771747473851,-0.241351431808777
0.0950557731042882,-0.225956309140687
0.113574759317767,-0.355006001767086
0.177335584744604,-0.234844531824022
0.088509782209338,-0.26752037113113
0.145222049907793,-0.267355130810448
0.11709492129288,-0.299244696695502
0.109744131179883,-0.237803533161029
0.0483220840613253,-0.220878212848955
0.104282622474939,-0.242767496886992
0.054266180053222,-0.346360712112758
0.00990640260739893,-0.35861794459527
-0.0737101683588951,-0.0977302005437798
-0.0621766122779052,-0.424929525912081
-0.0314932551454546,-0.17157179102836
-0.051212953162199,-0.274737427098932
-0.0823177017256022,-0.260393438426578
-0.102357323419711,-0.220562345767737
-0.176024576964249,-0.121139649075207
-0.0976476337268331,-0.234019342584043
-0.158324578398584,-0.285450941102418
-0.177230217459266,-0.274091762709785
-0.158751722660191,-0.374053928784795
-0.122862428259357,-0.155369113462114
-0.26449312799648,-0.186674980168498
-0.138745237789359,-0.222615623206338
-0.2153135797173,-0.201374695688752
-0.175063718862235,-0.199118732837037
-0.166108488431495,-0.288037440182053
-0.101659768909343,-0.29610200605993
-0.13641270098837,-0.294039747578727
-0.212728518419237,-0.233928193961998
-0.0841611647159127,-0.319682164632712
-0.171728107024391,-0.11019335265308
-0.110263945915256,-0.208432120938523
-0.0359053396114418,-0.206005462102676
-0.0532298009558319,-0.252599299099183
-0.0888675927014915,-0.179687645229404
-0.11907479695734,-0.230540749881771
-0.0168460669722698,-0.255690697901182
-0.114355520923933,-0.302942278355923
0.0531526052180319,-0.242098326138337
0.0529669330153415,-0.30229249606327
-0.0429656247022951,-0.300269231088061
-0.0414054296485715,-0.238101080265784
0.0556479276761013,-0.337466864345721
0.0208733613278751,-0.210081918543971
-0.0275049160357661,-0.240006820768179
0.0675297028040753,-0.217697875581453
0.00504988308299056,-0.21963106638458
-0.0401104424954878,-0.196835174265393
-0.012781632082947,-0.183915007851352
0.0542400123503772,-0.206840680438459
-0.102022005725994,-0.156616017730097
-0.0163898299470023,-0.222662167425749
0.0801832935225401,-0.129255863162642
-0.0499242039177806,-0.150904104775201
0.0668019408738124,-0.0617902914147916
0.00436332985691782,-0.149453882373702
-0.00129594242630752,-0.104550972290242
0.0834360412082977,-0.0761691366052609
0.0317927882316354,-0.149424863808949
-0.0283746906450794,-0.0744133619353609
-0.0403611455007058,-0.121080233326817
0.162347023346522,-0.136716300512253
0.00209173006137314,-0.212489453240217
0.104861521166609,-0.170491297675963
0.0155679082987357,-0.23492574141485
-0.0037195598780283,-0.152210090904692
0.183824373777697,-0.112674139293743
0.0148026086806984,-0.129523079013932
0.163519577102981,-0.129417152896884
0.00900374845181901,-0.173444728374959
0.11688256717373,-0.21695202247179
0.161100484573874,-0.126448059815662
0.110335103744097,-0.239327292424974
0.130076698609323,-0.166929125575993
0.00380142857614245,-0.259457379844663
0.108776919158756,-0.269799925874128
0.247135268146352,-0.17153831266326
0.0949189950106979,-0.161537448492531
0.127310054973775,-0.256140859792609
0.157334526642484,-0.152455283584303
0.11907831794559,-0.163785696710055
0.225829124471764,-0.214255337955099
0.258898057249293,-0.0805701629829071
0.203139081258493,-0.253317100442231
0.277598512668244,-0.0985766950868278
0.205318368063673,-0.317258501053705
0.152697878388815,-0.174989631998857
0.218257198176824,-0.149230540958634
0.251377451491902,-0.255136497078231
0.130867836449595,-0.138078904892019
0.235325582804127,-0.215114398776966
0.242494494749712,-0.121637977725214
0.29271703929895,-0.14642140684864
0.439184945762231,-0.106794720474975
0.381037727865146,-0.110411696983954
0.297860916422109,-0.074502903185795
0.508237531241828,0.00902206413192913
0.3687700439236,-0.103044360452242
0.336533579771713,-0.0280115852757236
0.372950728785407,-0.0157007292373804
0.359953052011828,0.0128875155782537
0.418539379642442,-0.0692339290271955
0.363393503245527,0.0160601392954912
0.285224839917946,0.0606915798427354
0.419190399229574,0.0599532759965967
0.330104059836543,-0.0260176821177851
0.323696076853932,0.0699832613268885
0.458775951696505,-0.00365800450111603
0.375328712052717,0.00806119207001329
0.48768015664939,0.0665371399399792
0.277077413342152,0.194926223128403
0.376857174912364,0.118448870453036
0.392130236729171,0.132548092949308
0.369031049333342,0.257152905682636
0.372424852180585,0.275647190185898
0.302860701429857,0.252192501846204
0.300693274074332,0.247310089671588
0.454806006459999,0.195557397540316
0.33128486677192,0.303997925070764
0.24700874025691,0.336507351146496
0.30754302795397,0.285609325008416
0.346144574203215,0.399936431184008
0.236177355513017,0.334425575438919
0.254939686911609,0.518558105952971
0.229176684675909,0.360407150511261
0.311192326386188,0.494819178359632
0.189885577294239,0.353158047768834
0.0868288337142515,0.46420612530436
0.13704962483011,0.525017729450475
0.0221784657400783,0.480263011125285
0.0832459041929608,0.432252583866273
0.0817832126339924,0.54751943865352
-0.0329407152728905,0.580665562748757
0.00184035342739004,0.547895915361181
-0.0246056312882547,0.568664828098624
-0.08844605944089,0.677542835023024
-0.113620852749644,0.535794057023651
-0.0497227904290828,0.648966896403884
-0.199635375749459,0.577827562069954
-0.143347018602461,0.633572678984227
-0.100735246030354,0.640195512723471
-0.190109075725037,0.587529819926681
-0.186207303120658,0.565635981637108
-0.115750026928608,0.704925844334815
-0.280969866159754,0.555717370239322
-0.160395471532066,0.638108433395824
-0.179424358214154,0.605579071275055
-0.280466841269173,0.599107608928875
-0.333885659405598,0.506479461057689
-0.286743976094607,0.553408672981003
-0.279872749466231,0.444227722039804
-0.298888368034269,0.620371736118373
-0.36788027606081,0.514516590571331
-0.454287978840861,0.573689317193448
-0.427348527282134,0.571032870715155
-0.416868524124336,0.523504773960593
-0.553596490393799,0.539356936038434
-0.558964921893426,0.516757013901178
-0.511653222763934,0.584454489173357
-0.559043993868708,0.603980049586896
-0.604890313560803,0.563375153181425
-0.575421546386246,0.511434042384223
-0.605675148606757,0.594851208217597
-0.65289269342346,0.530693497081881
-0.626867293026993,0.598537050126606
-0.643484667664294,0.571855966766993
-0.62292748281447,0.594174204436789
-0.571189534961926,0.653065619894814
-0.585859223281228,0.620398781654282
-0.5970963968878,0.614039114264685
-0.564752059894376,0.698246817220545
-0.547779130562113,0.642491265387575
-0.551149669540589,0.682311844407471
-0.601803010146329,0.690669092168598
-0.613693829108321,0.733804791811495
-0.637969374671804,0.701595057802426
-0.644071946287918,0.710798926264532
-0.629294782788048,0.65716575037274
-0.602283064808229,0.663579738373938
-0.643571608683868,0.673262047939737
-0.614246734531882,0.657053060820432
-0.613498267046371,0.685853651775928
-0.621750847352264,0.642094591678434
-0.568408518285362,0.642624253370863
-0.669272492037925,0.608728069811862
-0.631207964511866,0.586463856874777
-0.619493816822591,0.640488506539188
-0.684980309405234,0.592342547429158
-0.592538105152801,0.685029199587483
-0.639540980242386,0.657652896025355
-0.600190232059667,0.702516616302824
-0.577153762376905,0.670240794005548
-0.570749823540186,0.691474294111152
-0.552811631916987,0.683493111302706
-0.526978985646529,0.700149815300793
-0.510351483979239,0.71080386172596
-0.549127320194991,0.684218623741865
-0.470730724925172,0.673244161219058
-0.485490106117804,0.73739433551937
-0.521759139872209,0.711357552245626
-0.502902767235975,0.739857456330862
-0.475007136166446,0.699836834496891
-0.495014718823188,0.712499806924019
-0.536907106714292,0.746247115940672
-0.490992079665291,0.738211126276466
-0.452844733807365,0.688404821610821
-0.48176516610664,0.73915003774867
-0.450909615716081,0.731993721617693
-0.479364424133539,0.711967932954896
-0.503305829992984,0.733781300944406
-0.498022269768241,0.754187540136709
-0.43127782676545,0.679535232917662
-0.377141970823495,0.723081260367755
-0.407506134137419,0.66173927117177
-0.355247328471429,0.693245390035291
-0.299327401489788,0.570095082800095
-0.326503872370408,0.707516134723741
-0.294690719060194,0.704827538549357
-0.265090140306276,0.591595448791613
-0.288696195413298,0.69930966348459
-0.206212071000983,0.64003674479268
-0.300990280895326,0.659569871558068
-0.154865538177904,0.598725670223807
-0.185723814243756,0.652383169872102
-0.241216522508188,0.574466140695401
-0.126899924148265,0.610888881067417
-0.159891324141945,0.537512267142777
-0.189791663726471,0.679167419946419
-0.109267398901926,0.517516548227053
-0.0918104157697733,0.50834023525706
-0.13337637832518,0.492062813234822
-0.0308073514110076,0.487070007593643
-0.128655250399695,0.496718701774862
4.42954183287086e-05,0.481201449389242
-0.129875178582947,0.411365984810744
-0.0206186765560412,0.241427526292711
-0.0616640566845286,0.309625816031266
-0.0494181848551918,0.38143054834047
-0.0546180344988695,0.211154946289304
-0.0747842041369064,0.220164196726774
-0.122473882133525,0.215805361754489
-0.100515056328177,0.237154031775906
-0.161779636798642,0.13442654778342
-0.0309246768191419,0.0242467468724526
0.0454060197568326,0.0337674053940552
-0.145372121360203,0.108104504689504
0.00306104086712651,0.0861102529738445
-0.0694273239048906,0.0880039624764502
-0.174259388036692,0.0913327423529705
-0.0891032750762482,0.0840891739520986
-0.0990547908378369,0.0656342470227367
-0.130795127543098,0.040204173525279
-0.049936215693125,0.0941593307516629
-0.0848291154866606,-0.134251195872192
-0.0712327588349559,-0.0222025818475239
-0.0593268502863575,-0.138758659357864
-0.025679150672035,-0.0849280832306413
-0.0624351356493377,-0.154624328187181
-0.0357838762277602,-0.052716806315248
0.0189138117541202,-0.137097387414118
0.0150762429380246,-0.230903281543038
-0.128780735529401,-0.140671491689061
-0.00752558516070969,-0.135760601675623
-0.139588826924858,-0.294546424440955
-0.0960600746571547,-0.223316591005153
-0.0208692089456822,-0.321655557237647
-0.0369186178800901,-0.355490015855127
-0.0647112283694009,-0.360087542768989
0.00596751874524038,-0.362678346538306
0.0666902741809471,-0.335339450550073
0.07841934654345,-0.545708811547582
-0.00386995182526066,-0.486326790204597
0.0716506684107582,-0.579348347250058
0.0582268230050701,-0.535705967694296
0.139945554824164,-0.617502599835885
0.0774519037618091,-0.50985832026507
0.105923576403397,-0.573519079406758
0.278638622557755,-0.572305947884819
0.244876217109515,-0.660982674909739
0.265352923605644,-0.690552649769156
0.289612920817105,-0.699542660985619
0.316541983980201,-0.713100409898185
0.351084030527282,-0.659411277304195
0.409979175264494,-0.68155686157019
0.44337310791898,-0.675938043696697
0.45802868462952,-0.673887274444894
0.444068412430899,-0.756547401098542
0.460380047871488,-0.660492277696056
0.479239284509456,-0.682219774974561
0.475837781251819,-0.724244300164541
0.534866451258406,-0.72683693141509
0.549611634266756,-0.674927487912208
0.522270433949411,-0.670160839178065
0.594856469535212,-0.668171095949953
0.615338996201432,-0.643246596439853
0.610711402811595,-0.675727878853694
0.600841184611096,-0.68829274716795
0.579998653494145,-0.663563784288086
0.566060051625236,-0.558760313350067
0.59264532284327,-0.606329338857295
0.528778786144722,-0.670472376145309
0.618606183174651,-0.548802113942636
0.677962887045999,-0.593547946045915
0.613286804712555,-0.601816305302492
0.609344030427564,-0.661306027581995
0.644907160279522,-0.651202021060747
0.611271716037048,-0.615642141297181
0.59862899615077,-0.571982616945032
0.620239168744359,-0.625557953207293
0.615432703623006,-0.625988113745934
0.644831154975607,-0.567701649231635
0.559149182886803,-0.589573515799103
0.614407098551107,-0.664826215012859
0.589300241514324,-0.647173273294488
0.6451822262404,-0.67223252525756
0.630488431012578,-0.725997871556965
0.637690721646109,-0.721043097794184
0.596586818915712,-0.724884188172281
0.58422123446494,-0.698129112106192
0.559391032077238,-0.717142119238179
0.598168160513678,-0.762215809641541
0.572693072787502,-0.722303271296621
0.601765929138985,-0.714612173566397
0.594620978484145,-0.710138931506195
0.571776524105147,-0.716924909814721
0.509542374412922,-0.751747159391161
0.478009170111902,-0.786154942857946
0.428006449901366,-0.768147592897842
0.412830692900058,-0.791602030315332
0.432232556854628,-0.803025423616923
0.371464350982436,-0.796614805342424
0.352576304396089,-0.699358167366222
0.325907916128414,-0.787385938354235
0.3094984655107,-0.812732170259203
0.37600113000749,-0.835085945424986
0.313205163828225,-0.870897488381473
0.367248154844266,-0.871589387012097
0.346171229230324,-0.829918631867579
0.406140836648421,-0.827671814920452
0.355359390638403,-0.884188215009493
0.343062779053205,-0.874968841792712
0.38719442700567,-0.878327346734466
0.39367845218284,-0.837652922488466
0.355922628905631,-0.873866371852659
0.328440091780704,-0.904907970490227
0.305669155191947,-0.883443014050924
0.353103759082006,-0.909112306599241
0.356808662324568,-0.856421158354337
0.341637576356888,-0.866883280586712
0.292521238365457,-0.872545078027774
0.331727448386216,-0.817257058323906
0.301907020360736,-0.897079908986397
0.344444565340152,-0.846156054130947
0.284439676401846,-0.895486289356146
0.304950395836558,-0.879266673802895
0.298201793060413,-0.893419773973904
0.282476390529615,-0.918594780941924
0.20378507571364,-0.881096583921037
0.267570452123233,-0.889163069548263
0.311287249464129,-0.867863476989633
0.258098386644877,-0.838675823891677
0.198244368117365,-0.824499520242658
0.190987659745804,-0.84855845247469
0.196548402159161,-0.878614478106852
0.149020628573694,-0.876943139140068
0.146212960519397,-0.882211265703352
0.188794446841999,-0.875784052056991
0.138722296900192,-0.88981480363654
0.107711873570831,-0.896426421650432
0.131767598676142,-0.849517876510159
0.0799252465877664,-0.920418002247666
0.103587653605859,-0.945173734946151
0.0938972321760581,-0.941552432453562
-0.00614555836085761,-0.957814678853526
0.0111522690836434,-0.919102702498735
-0.0551875318178022,-0.871293265361949
-0.0970041081497696,-0.907799668084982
-0.143540077075286,-0.894363746737039
-0.145432266941026,-0.910936255131307
-0.195604284940636,-0.89832844020384
-0.215555926224192,-0.918936997652196
-0.194372976775331,-0.909292526499265
-0.23544710961166,-0.900161587997199
-0.283308022831556,-0.886621542167089
-0.292691097203395,-0.889989193193498
-0.325088023455409,-0.863276074880184
-0.333906648099783,-0.869371850006686
-0.366874331125019,-0.861779173783785
-0.34412534451137,-0.867766350496895
-0.340186660486151,-0.8530329854381
-0.357116740517074,-0.87196849618224
-0.343285176425817,-0.881669049970359
-0.343008475680547,-0.884054068000606
-0.352652579223012,-0.880366256922221
-0.331093748242823,-0.889362254519511
-0.32936669858362,-0.890292989087474
-0.362919973055094,-0.891734794246363
-0.352010215489344,-0.862742280540957
-0.393557974533841,-0.869878165970863
-0.378577371839781,-0.894392828204202
-0.366748270555057,-0.882170860077325
-0.381132121806069,-0.869288530893158
-0.376936126161569,-0.879929982177519
-0.371478321282885,-0.895797520813034
-0.39638439816887,-0.890391043070037
-0.419491790121106,-0.879792516305674
-0.455420391496109,-0.855989303883037
-0.443892628362669,-0.803590609430236
-0.449764623882174,-0.847988715675977
-0.473856402850496,-0.806643650055503
-0.405837416790701,-0.809893288533573
-0.48095607770063,-0.828609651217668
-0.495013653534844,-0.707427452010976
-0.465033270074955,-0.738821026692983
-0.533731913737834,-0.771527244593335
-0.541558024470189,-0.786511558863141
-0.540887538237557,-0.726689261894865
-0.532542392712909,-0.746243473262796
-0.508645968970963,-0.679881379262141
-0.584870527192295,-0.653423371051274
-0.593818667810506,-0.580546403620645
-0.597096395097299,-0.655336083802033
-0.494557398107747,-0.646189617266828
-0.670579583673049,-0.631669518309156
-0.666618769507783,-0.585487102666719
-0.628325589027244,-0.549044976123413
-0.666554048151722,-0.533288556877426
-0.684331817650624,-0.608725825947082
-0.680546042968436,-0.552625280931922
-0.722431979793984,-0.529409479808544
-0.684367172456921,-0.570350806014529
-0.703445568684005,-0.570400245225863
-0.651184395291699,-0.584703710760021
-0.656387800707789,-0.578801978856855
-0.695744766657848,-0.62281073324638
-0.676036456544319,-0.525097338344308
-0.624940355660973,-0.486931573488999
-0.685035962143604,-0.501846746430497
-0.606762924768189,-0.48692386736029
-0.658813645869888,-0.473060339503803
-0.599788287258875,-0.440375540606312
-0.598821959440515,-0.35147918795189
-0.642714833430894,-0.367776615346079
-0.667452823628682,-0.404522043349809
-0.669938490884042,-0.367938365801778
-0.680091890402432,-0.309756542948146
-0.557380330417446,-0.297069697438741
-0.726535402115682,-0.323417724942353
-0.672270187233687,-0.321612045799386
-0.633640202875732,-0.249152253268871
-0.65326043498335,-0.29699614377085
-0.670817383172977,-0.34209917722181
-0.66227370620174,-0.277018362812713
-0.646636884972803,-0.278369865499481
-0.680978920139636,-0.244069776962441
-0.625202825167751,-0.178153738892141
-0.638889666102359,-0.174860451768895
-0.527337442685595,-0.142908207192603
-0.671011591237556,-0.0134856424531471
-0.535543478712363,0.0073461214064602
-0.646508115047621,-0.0358801172092433
-0.373546747863701,-0.0155828995906754
-0.377348542509796,0.082346226176184
-0.36710626667235,0.119308469620921
-0.432484228082646,0.259642906504907
-0.357735786670039,0.207460481086679
-0.326161967973429,0.170008843756976
-0.306051189060106,0.295283121900498
-0.283220867999482,0.269864680984275
-0.262151469076351,0.252575173554077
-0.248221719619643,0.222193403040577
-0.189770274021001,0.397689636458153
-0.146689206201092,0.25448056654251
-0.0674149013296619,0.348329757761646
0.103186344593285,0.238009411251385
0.00601329983190996,0.306181630444196
-0.0324392462680597,0.289993975070308
0.0109333237680075,0.214731714989443
-0.0149049340595807,0.309957969879263
0.0094908148384694,0.379315913019724
0.0440209503342196,0.305181068883953
0.0410698177975909,0.299094545429333
0.0243299938355395,0.37370899010127
0.0121539939895217,0.321754196951791
-0.00146784981181115,0.26444190402346
-0.0292009206058662,0.298013161179855
-0.0408584290090901,0.19581941656811
-0.0702167719978142,0.252502470195634
-0.03768695604885,0.279857292524381
-0.0293673063539003,0.310283652481919
0.010618255601281,0.121139904880458
-0.00930297800162808,0.188771148617437
0.104089400343411,0.151559419971349
0.102297606071922,0.0715047652554006
0.144307987979043,0.151770584757735
0.0679661942958417,0.148752315412645
-0.0158709320747046,0.0186027316036122
0.0844984048305732,0.166982637034811
0.119840332131647,0.119555774607856
0.0413808229726036,0.0842745396453773
-0.0493886343660225,0.0908715197017818
0.0639069215303343,0.109623614575984
0.0850846045976716,-0.0320362995796334
0.0859690607586226,0.0629888104288751
0.0249801612304322,0.0777723902600449
0.073692262392864,0.0627157216729493
-0.0280517847348497,-0.0158345556477346
0.0401826374957699,0.140500586581251
0.0468456484619284,-0.00614670675774589
-0.0516820038757599,0.137848547504454
0.0421813581351102,0.243998983212453
-0.0381680079054428,0.0890719297065012
0.00883417852333693,0.111405065455529
-0.0276126546928701,0.109610143466542
0.0348287203274715,0.184212857642329
0.0343154272719356,-0.0543228556732331
-0.0670930005890939,0.176208149007451
0.0106392602221949,0.148514700277351
0.00188861898736376,0.248810213005039
-0.176967405813562,0.116588592791308
-0.116131637913748,0.215230871902383
-0.0864232706236659,0.229740718740374
0.00258108129632821,0.414719700698444
-0.162681087394289,0.257437680042463
-0.0668863623815064,0.217583504173869
-0.0535356463146271,0.257691659771445
-0.0334893581615535,0.224298373731846
-0.167957298870509,0.400780013961717
-0.144897570893507,0.210928199327088
0.0329886180758428,0.241029726891145
-0.0828656601762389,0.340438829581995
-0.0101582359486916,0.296064900452674
0.103487218905821,0.204181505279673
0.0559643698457739,0.328822250865286
0.0905520201029544,0.173187400123706
0.0699848871193686,0.248834872339199
0.125575971761008,0.222260652147524
0.204573183080351,0.210335346448771
0.255177742189357,0.23137223969625
0.189963831990301,0.217954761494152
0.252829061963927,0.225785199343526
0.271216244184486,0.20153739083744
0.256857499931461,0.220711141550563
0.271359766307639,0.225617777734023
0.36236504876383,0.2139148366222
0.309054332272415,0.125595091455894
0.336112424338857,0.146921448300204
0.294636323031183,0.201618354467587
0.357798015230636,0.209410783156357
0.366780709828714,0.139803606942148
0.370792508984472,0.254728632378773
0.366915181611953,0.190418207696353
0.42149326301001,0.139234736436776
0.376387677094828,0.200759539531507
0.44241677875078,0.102851944459106
0.291974859119225,0.127381155900505
0.308656756451682,0.209876545981713
0.422902052369573,0.158370694025276
0.388001430138293,0.130834871946778
0.43718233224136,0.128132456039645
0.441465291134981,0.175300585663266
0.47471323755252,0.0231302629908067
0.455018279631733,0.126379619550447
0.408806691463467,0.122361209044067
0.379310965953708,0.231498091270548
0.513156137170472,0.124415414474845
0.407459693956155,0.19385758334292
0.326638022357272,0.12657880821877
0.308426891981593,0.148919188914283
0.390248876596336,0.266125384834137
0.259702023432632,0.155863447598058
0.389065493423881,0.17598008815385
0.436938561401165,0.167249442162976
0.322953282034161,0.194758267544406
0.450737608720023,0.238710652904237
0.403565153115806,0.226706999806753
0.451859046905058,0.262120423821506
0.464289050396346,0.222831830886664
0.51285791042786,0.20426606949299
0.517581169214009,0.287744100230843
0.57553104131001,0.278197827274763
0.532708697556405,0.238749845282665
0.484606564375417,0.223933318342432
0.529601514872199,0.285098684873888
0.39039225458422,0.0812380657897412
0.621210875531327,0.154548075375746
0.477609540224324,0.0737253148729724
0.452827154489045,0.0335616346353309
0.491039604075808,0.00684794624613518
0.477518152628552,-0.0705940965495322
0.417212324136087,-0.00325718241950468
0.496902414528954,0.0137094782085287
0.437987105799682,-0.102016572735512
0.388764846217001,-0.130682834494534
0.430777281874345,-0.215753716710485
0.446946633921409,-0.287680429872613
0.452165962128695,-0.186061544049138
0.479337829497808,-0.328922017097381
0.522643333174202,-0.343616491041819
0.382254026980287,-0.385205484118968
0.370950082244954,-0.436026108309276
0.385832737906987,-0.419438041115816
0.401261365286951,-0.482889774341397
0.427997365778264,-0.534362890038878
0.385258836496696,-0.511765122929277
0.470237290581683,-0.42060726282442
0.331421519277362,-0.569901495828004
0.292718206563643,-0.548795521091344
0.405786342564096,-0.599644138445436
0.296763843432483,-0.628597492891284
0.405432171386631,-0.582292496962755
0.194290989757184,-0.621902697778395
0.28534889006677,-0.605299400655868
0.170442256612947,-0.627803152196551
0.117843559793095,-0.646396832497728
0.1264510178601,-0.660598524169447
0.0826572494927152,-0.640541365854922
0.0507383128774534,-0.577424122099082
0.0584638696429593,-0.667358320269315
0.0517425005328057,-0.730915068797589
-0.0515143525660442,-0.642998932648369
0.019651308495929,-0.668691012628794
-0.00618287825069878,-0.708678013592141
-0.075032671981351,-0.598229140249013
-0.0522884156094651,-0.656400279868484
-0.131813259611205,-0.665042607305699
-0.145137044907195,-0.7411091156841
-0.18659578533316,-0.677566796487965
-0.120295842797865,-0.678492885365239
-0.25388868545848,-0.759714107957987
-0.20670080914201,-0.709083298373168
-0.229794839846552,-0.597881690428824
-0.235794552225703,-0.670123804992862
-0.181845903478552,-0.70414628442836
-0.263816723322583,-0.649065847208846
-0.371861405368523,-0.61645389381226
-0.358064059406208,-0.522425854553469
-0.400028759894841,-0.631722105182372
-0.458071782782552,-0.580116244034886
-0.471622144489665,-0.525096996502612
-0.607085472392594,-0.40726307148351
-0.556799177706538,-0.435568393798843
-0.539783608604086,-0.386315991888441
-0.605493017620739,-0.325634538161017
-0.683349696729808,-0.297409103766288
-0.6927601194117,-0.248154012574899
-0.680069183048962,-0.266471148651931
-0.706520692819074,-0.261635840042884
-0.694227011846872,-0.2417997581848
-0.648247867152456,-0.253397610849737
-0.768962831501267,-0.198984098740401
-0.703671698160813,-0.241235104841115
-0.741943449309446,-0.240932997439588
-0.667452579996854,-0.223082309683089
-0.749487898657757,-0.319376573543303
-0.695728705704354,-0.213666387498599
-0.63583685896929,-0.246996392988622
-0.742148509017108,-0.198699643285026
-0.663922192711903,-0.254629986600327
-0.636606569332855,-0.313755464240313
-0.733126047400206,-0.298885900386755
-0.672584781055907,-0.341652158014453
-0.553898592852376,-0.252633044595645
-0.602994684301983,-0.343830766102191
-0.61715045538473,-0.321270562993678
-0.617480925936161,-0.306607503414954
-0.561471462736777,-0.477803419127923
-0.585488554206522,-0.389248831526941
-0.637577943851696,-0.38011690838599
-0.536933506313545,-0.398575232674919
-0.564077192278695,-0.416843679584032
-0.565224184324868,-0.432179787024257
-0.617764662153731,-0.405313648845857
-0.4409942581129,-0.426348416382413
-0.555413583432406,-0.413862963796546
-0.575758655160029,-0.377486238081519
-0.536443050870146,-0.338013099658478
-0.652170340836107,-0.358734313446628
-0.625676255819408,-0.371277614976068
-0.665767124296515,-0.322403864089901
-0.578769420150643,-0.351212961221795
-0.726258570393947,-0.31661276454944
-0.58127236230705,-0.385520208193393
-0.584062359483221,-0.330385080000905
-0.630626337320816,-0.267553170055307
-0.638979826216389,-0.303606544430155
-0.725069693888966,-0.32636720684821
-0.689829269534434,-0.224549338777035
-0.770381690726051,-0.180517643733976
-0.71866806927981,-0.140931460389279
-0.732735924280629,-0.0760869271906711
-0.754252465897539,-0.0986810502880357
-0.728439692280619,-0.103020820804416
-0.758194426532321,0.00177178720325721
-0.754094055969392,0.051722228027352
-0.803301046052907,0.0333109675290784
-0.730254378841785,0.108393299670723
-0.803951705447967,0.0991971573470304
-0.803186698646914,0.130420835676011
-0.80571412482067,0.174471691449186
-0.751906361660365,0.287138482495002
-0.779750251768735,0.320596291026308
-0.768634638429739,0.425945287081007
-0.672410436867198,0.510360771384661
-0.725821251586483,0.507861532542895
-0.677332866632776,0.450686341311614
-0.648584778199902,0.583926035096474
-0.641146141305879,0.57385737495308
-0.57216045874973,0.629683887473724
-0.631304963120374,0.627356345952994
-0.550887890704297,0.592436577346851
-0.596305535840598,0.631279845583386
-0.504059969404282,0.659630545625879
-0.52317127657842,0.6252108425497
-0.541711830049299,0.663286689201718
-0.527077639556359,0.647336230796984
-0.503664374813677,0.690643526012586
-0.463070486834417,0.721063057053373
-0.341305329562948,0.636160249193982
-0.369717722482184,0.715843262581657
-0.412638488750889,0.677097675078011
-0.425984386637145,0.734465895218761
-0.335824675078812,0.715654977616903
-0.402360247795632,0.682765790847952
-0.409828111338003,0.664071238591646
-0.381712801040173,0.762573100342526
-0.388863914331127,0.767297765731413
-0.413031558379479,0.759196107262137
-0.372373746688017,0.721745577189477
-0.338102454475595,0.661812248843457
-0.356838619687167,0.713844983550503
-0.291599000885605,0.758253707580671
-0.301283379033598,0.733164443350947
-0.257886673424735,0.757171433749609
-0.275550260763236,0.813541638988025
-0.250784758599832,0.691458094603714
-0.225689676063949,0.665902576733087
-0.182820266369268,0.67914541483486
-0.120237677369109,0.655654176354317
-0.0795420539840182,0.740761872328268
-0.038617039932148,0.716240671543058
-0.0725452435548869,0.65420222934506
-0.153640021703461,0.769167749656305
-0.0563309756760825,0.679198353912896
-0.0526334050383204,0.615014963664347
-0.10981772596868,0.756085150681139
-0.059310888527542,0.708072031055877
-0.0828185708010661,0.772106683727445
-0.0991070958912358,0.708447121913301
-0.0298252126140151,0.698290774133937
-0.0243219321241131,0.688710685367391
-0.0817942711317786,0.701592197118114
-0.130556138641269,0.629416984788107
0.0192407862174291,0.716348502061508
-0.0688000401526162,0.683977092310789
-0.0694032646085519,0.584285330477984
-0.0110714883545597,0.715119251440157
-0.066593104707611,0.643794057244634
-0.0682283595653257,0.568573157799178
-0.0205358318307416,0.587860738281778
-0.0764555790063458,0.556274629260648
-0.0836445159392144,0.557610292110083
-0.00982077877227228,0.463107816163754
-0.10875559081044,0.560177351077447
-0.0925190406729049,0.597918159547228
-0.0561714904724983,0.513525709861474
-0.135104504473728,0.66665386793116
-0.0749374934405417,0.563285861237
-0.0917863088184164,0.582183215080275
-0.219758461117167,0.513670408171796
-0.178411345237938,0.551450113488994
-0.132378684025765,0.543462910507567
-0.192218164102209,0.611542035605949
-0.213331273444276,0.473276324255719
-0.256460642806066,0.573519893228235
-0.247915988639944,0.571517240251638
-0.304820387465639,0.558240381213706
-0.274089918433534,0.611591051973784
-0.28561109605354,0.543216493830432
-0.308079994306157,0.606665150863336
-0.374902773055511,0.674038232543347
-0.317028980162415,0.572640434629193
-0.322983593524357,0.696354415315223
-0.307724404865064,0.558333585981859
-0.316839175360225,0.62900289743097
-0.282452846016374,0.631093440904785
-0.296656317145722,0.643758823820946
-0.249500583078834,0.630130025846686
-0.297983418945007,0.711117209564785
-0.243024552780062,0.601006710351999
-0.197896188895989,0.571855883656836
-0.280780033305719,0.662755511807719
-0.260118755997319,0.607013855964978
-0.252875143181686,0.633193555089567
-0.196696317866919,0.538937538715457
-0.241447096271285,0.700235620039938
-0.117447141433584,0.580207116697072
-0.102557179700079,0.624518826097358
-0.214381875457823,0.565015975337631
-0.127399715440079,0.648613422217243
-0.169254547082174,0.709901467073528
-0.134221217728424,0.625148047735194
-0.109941244937324,0.513567009618766
-0.0992300147954622,0.701061894724449
-0.174150801210289,0.667706932700077
-0.0700753273400234,0.598713078537864
-0.113539709182279,0.652034975013749
-0.117229524143104,0.616920096692781
-0.0355748837909191,0.623250477491242
-0.0530319444654509,0.666040396258829
-0.041402094205717,0.648469746143469
-0.0570345898037506,0.603808273697063
0.0211448151835234,0.58077979893501
-0.0450878960583348,0.645531433411079
-0.0170504573992056,0.618156848079769
0.0460466526728295,0.646260869039702
-0.0482584494250285,0.643329158702188
-0.046892686034516,0.708121705537035
-0.00191208244823113,0.695829513973316
-0.013458528858389,0.625304600308788
-0.057017602282949,0.70079314500667
0.0314256860377764,0.651597022964751
0.0513239597991989,0.61574355452441
0.0607037680006684,0.696150777670119
0.0620381758824476,0.700091094545509
0.0590367726333216,0.625778003165326
0.034994500222732,0.751171757629015
0.0974180882882224,0.687738205927244
0.177562774044984,0.730920181157167
0.0972986504011857,0.713927478420189
0.101298568744774,0.671995708386446
0.14619677828552,0.697056680439894
0.119618785557501,0.675615344400068
0.133785830973427,0.654457631653184
0.18386037200875,0.692345827479889
0.2001015287344,0.697758905162372
0.174439058471081,0.633758071062685
0.214244141357981,0.641549101745342
0.21078314702485,0.654771476828879
0.194198723342822,0.559951572754893
0.219337577462702,0.612877226380142
0.252013224242847,0.544392058423932
0.250342410357591,0.509595739738936
0.285642062484048,0.443907267199043
0.343367376863054,0.54397479116135
0.3117979830512,0.527949439378159
0.270616895388357,0.483221844753025
0.33690612540226,0.41206702081986
0.310095060165695,0.431480246008228
0.332787987012295,0.421112328597111
0.285697471613168,0.35391434727853
0.404978468678553,0.339919353858717
0.30427424752319,0.318978722919963
0.274429580714987,0.250159779638788
0.408510731507026,0.293054344056427
0.454229580609351,0.289558463400195
0.31739183665639,0.157565524566877
0.420370352009476,0.34435235761576
0.437123297266383,0.216358500740867
0.363583628602699,0.166407929101453
0.349273064902961,0.245366491836928
0.382409704176436,0.171629326915088
0.476120618468109,0.142536726937358
0.350700286054155,0.155937326571261
0.356399137497058,0.172515344558715
0.338972124934716,-0.0120124629381144
0.305577450046971,0.00316706851533861
0.434186296922365,0.0586747300517286
0.379743375890624,-0.0248224481490358
0.380329034987516,-0.132477810204661
0.306923539502407,-0.1707585312728
0.367131928687352,-0.0993699280549126
0.306616628444935,-0.128086583153048
0.352303207045001,-0.246283225546215
0.368206526908301,-0.365619633396935
0.233629899021801,-0.367831598246286
0.194845337593022,-0.405911204407987
0.243897670225948,-0.513178838974874
0.223811856352692,-0.447884507414497
0.126385997312004,-0.477084657893931
0.077759995288402,-0.572935336431144
0.164715327224069,-0.59122243237842
0.116575753909676,-0.62148310430961
0.145636860330075,-0.592262228329084
0.0830408284554458,-0.703747547698
0.0509159740706487,-0.699079561084306
0.0599735766184213,-0.704024451529166
0.0221173910752841,-0.704839909893817
0.0545053567909205,-0.711074423595709
0.072538348129897,-0.711362293349258
0.119340209232427,-0.731351446111298
0.0520806241963157,-0.6685263166428
0.140077073878355,-0.725970484789928
0.0124913613579907,-0.739997402375109
0.0442669677339886,-0.703401905490618
0.00692904567765446,-0.678424492574994
0.126359835898813,-0.74617547639465
0.021438617409194,-0.632033911006855
0.0699657812644629,-0.713534195878141
0.0416747954030186,-0.670225050496232
-0.0410899005640845,-0.636974809084193
-0.0193002021391012,-0.586428828338946
0.0114022285756708,-0.570841256041397
8.88344443336021e-05,-0.512589410499918
-0.0675951193389126,-0.491688864962351
-0.0391331742887207,-0.387167756400116
0.0580743298118284,-0.472857334530766
0.00194435709442224,-0.371915549173292
-0.0177642587304676,-0.385662815720588
0.0479091250997145,-0.427119989657564
0.0277220641669471,-0.365515175460136
-0.0144157048652695,-0.28347470972997
-0.0467701990441681,-0.339102801902667
-0.0713702586210122,-0.310717530011282
-0.0152384642705973,-0.32567576426095
-0.0116747104654174,-0.317557060375576
0.0180168009207454,-0.327760878910876
0.0491451953333863,-0.263364448755283
-0.00496627378288182,-0.322007979349224
-0.00492879453490644,-0.305814865953524
-0.0458469388560569,-0.261113529811975
0.0195415865087025,-0.151815890213921
0.0664528457554132,-0.260778250504238
-0.0623667350632999,-0.22668373564339
0.0199019961563575,-0.0882906450612241
-0.0276014174092812,-0.0685600893748916
-0.0768782609050858,-0.060072407510961
-0.0329474417415068,-0.154688125010113
0.00190874808998607,-0.189962003222006
-0.015350912877251,-0.00854200330187387
-0.0703300474712132,-0.127685678698338
0.00911122935934829,-0.0851023025123577
0.00704789122341632,-0.047710482083835
-0.0340352830179957,-0.0401750182252747
-0.0838805910305862,0.0188486749950738
-0.00417384961352479,-0.0467935349422737
-0.0518233202837599,0.113256929687796
-0.0532379184053483,0.0378930706961926
-0.0132429610020051,-0.0192060832787318
-0.152845517485586,0.120692824617743
-0.0145184463745161,-0.0487009712552743
-0.103761884600281,0.0698921744949599
-0.0526368272711879,0.00646124625841071
-0.058277505949045,-0.0229108564284385
-0.116353211169899,-0.0601091975094538
-0.19970030898864,-0.0202407190104311
-0.0906653496517879,-0.137913913399322
-0.139207327926864,-0.0988686195015114
-0.163444201679402,-0.0959341857979265
-0.0504376189438481,-0.19109415423029
-0.135921168591259,-0.145738815188901
-0.141005872659518,-0.165477353376461
-0.251591580683568,-0.127417227502649
-0.104366856521175,-0.0192705694735282
-0.255672092371988,-0.0228534561643706
-0.0584632508658282,-0.108747921255903
-0.28304020289581,0.0363359758745736
-0.111206622836554,-0.130828527010377
-0.152317840242716,-0.022793251707972
-0.14046776949278,-0.0748939990009771
-0.163960032494771,-0.017479126128107
-0.173512811042937,-0.140725925797035
-0.163410031942656,-0.189839805903105
-0.106590154585469,-0.0426999272947418
-0.151658679636158,-0.0701045489731923
-0.218557623489847,-0.153643219129805
-0.183012282284189,-0.0823998085530406
-0.231463789635745,-0.218213653528297
-0.169034762608333,-0.136023612139115
-0.166753798409365,-0.191155367525968
-0.284290717366578,-0.199485302874284
-0.224381723743544,-0.286377757027797
-0.273547931612974,-0.207307076549585
-0.188720317692477,-0.241539003542966
-0.173688498567225,-0.243189630421326
-0.232815229309972,-0.178199541470053
-0.335315214981875,-0.197172643050278
-0.194890699217931,-0.153195017133608
-0.351895419471168,-0.128326363063427
-0.311708426811928,-0.216503730322313
-0.346845394958329,-0.241217257395007
-0.117537674700991,-0.227410327155097
-0.338143939943087,-0.0733436358728075
-0.410170303075097,-0.204515404982562
-0.262550873795176,-0.181024921868833
-0.403844097806662,-0.235251299576003
-0.421874131565684,-0.185515774824617
-0.417574858044562,-0.201337181417015
-0.400714070818582,-0.147668869628845
-0.377848631320175,-0.241055022860857
-0.494987501531261,-0.183081543513579
-0.421293756363504,-0.366743817659787
-0.412694878214013,-0.263335212328662
-0.513812246187294,-0.259097946231894
-0.477793211935664,-0.356977762914215
-0.469548658621308,-0.325167960527968
-0.512119825939195,-0.396059481946354
-0.487118769514258,-0.390945129438792
-0.53988191765392,-0.403734379605083
-0.504658264940952,-0.462816798909696
-0.564017457054815,-0.38096978358496
-0.519783557329225,-0.401676599760439
-0.560948010105795,-0.480095713133913
-0.476529318653236,-0.442125751815335
-0.525508149110271,-0.427639860033598
-0.565944310777119,-0.363056427887222
-0.503910252775802,-0.510682711656621
-0.539350273117844,-0.436665078772426
-0.573480454443912,-0.488352689813163
-0.531508278140073,-0.471852168025051
-0.520046703862448,-0.441920216897187
-0.523994618048637,-0.460323276723425
-0.524579776747839,-0.492060246747734
-0.625051107683207,-0.467026506019312
-0.552291120524889,-0.479276103035412
-0.567097777090523,-0.467446162276688
-0.569469422951549,-0.465769014566599
-0.668740909668559,-0.443792645712913
-0.670050544164157,-0.446335713902623
-0.630954780849638,-0.441357592883267
-0.728094850776023,-0.410905833730909
-0.676797035715794,-0.466344528534125
-0.722275061130161,-0.465492178911535
-0.727249986173237,-0.38189267649703
-0.720353379827184,-0.439518817350941
-0.734765604793835,-0.410918587638555
-0.775797079918603,-0.461242944909794
-0.751553118152822,-0.411679014018348
-0.774866442236425,-0.428520931402117
-0.805958524472068,-0.441978312153288
-0.792486499708903,-0.429758540489427
-0.773487913731122,-0.398779365571081
-0.747319623218641,-0.416333475187859
-0.73203789790505,-0.490780602636586
-0.723814362702489,-0.463936698875345
-0.722676335173722,-0.463672707174598
-0.751950761189482,-0.458114249140673
-0.695690032321667,-0.453419090720697
-0.764293778564546,-0.517100102433262
-0.7342055320087,-0.466945263199766
-0.694185823692446,-0.431241735615449
-0.725239643260027,-0.375379256022698
-0.737530232943587,-0.427049930520316
-0.727402249031242,-0.417290469095088
-0.775096354167438,-0.421912847757043
-0.729669201124679,-0.470926293780387
-0.691200553327922,-0.428620733261835
-0.755117980053708,-0.431431598864282
-0.72532555821727,-0.51888374393106
-0.67170893657868,-0.506190267431591
-0.722992397842769,-0.499428115537782
-0.752903463441918,-0.474564237476004
-0.699957791606578,-0.467847671132348
-0.729229512037145,-0.521383410069958
-0.684693695131616,-0.508305217469676
-0.737731525443244,-0.506293041524999
-0.75966439094207,-0.483485279754581
-0.683611722886762,-0.529421214732366
-0.709793538919656,-0.528611158355903
-0.680745457235087,-0.537682679774561
-0.625568121297689,-0.519881375093563
-0.651046911221877,-0.503198686676608
-0.723175629354297,-0.571240094360299
-0.678789862753565,-0.552642789491561
-0.678471411825381,-0.571891903073728
-0.737653465134984,-0.490305410626552
-0.689369035012811,-0.503166007639011
-0.727035711301875,-0.478199915857945
-0.700489885826743,-0.502492955214521
-0.675503368534712,-0.445236509844137
-0.698000737572827,-0.446126301760135
-0.612329642949442,-0.422061539313026
-0.608092892181509,-0.441175466069123
-0.657247134127681,-0.350657383132479
-0.651257041248312,-0.400966578760704
-0.633579272148097,-0.458619568631632
-0.615265577927156,-0.418706277343417
-0.569379238292455,-0.455283282705474
-0.542499661265191,-0.370447098009291
-0.609355081247706,-0.417860145830109
-0.599129613132217,-0.363360805038171
-0.452988316869047,-0.328298133659603
-0.547248265924263,-0.402641598066029
-0.440320568896286,-0.361175118261429
-0.54639324302806,-0.363182421343866
-0.483079895768615,-0.399063694741892
-0.455076715883954,-0.412453355405685
-0.377072346906064,-0.396433419241741
-0.441723874371099,-0.449636153082621
-0.382200227731885,-0.338418458488244
-0.385095233575504,-0.471084291634044
-0.367926911199428,-0.299945691660865
-0.396727349059057,-0.384012253504601
-0.362705305870463,-0.319607837264726
-0.363401745177848,-0.434078205711127
-0.345550917177047,-0.354954478409934
-0.376989998250309,-0.363231730068196
-0.361745991738599,-0.332118791589595
-0.376811683325391,-0.268821501971583
-0.350701655016743,-0.270523500750863
-0.357688529826665,-0.286254935954229
-0.274916828320707,-0.224849217303193
-0.342856282537795,-0.278998775966666
-0.237879439402906,-0.291397736393564
-0.258228880668821,-0.170046952897164
-0.236506739485585,-0.14934849964855
-0.390323594219196,-0.164052056243387
-0.210209597245519,-0.13905612385254
-0.202456659769108,-0.0795880005627093
-0.284321051145132,0.0445602266771487
-0.233781492634305,0.010010023259311
-0.204611113029314,0.0554696393444134
-0.219768469595476,0.00972240177751389
-0.159356816153486,0.113672374771672
-0.174096081385566,0.29138083739187
-0.15477017259923,0.290425259488433
-0.10944365744525,0.379964864320006
-0.159337272136617,0.403404384201817
-0.188222568850478,0.493871645427405
-0.115981264206118,0.50547767349915
-0.163200241976312,0.581204715976906
-0.2171043316367,0.621873636995529
-0.135932269946927,0.615662053843097
-0.160672415996892,0.721859053734206
-0.193468713022106,0.68952837103815
-0.170641699381899,0.721316913921454
-0.167326476696885,0.731626122531443
-0.199665750596379,0.793124166835641
-0.14389034360594,0.751204643717826
-0.146365028143347,0.703508767793415
-0.210311496598135,0.784305741212116
-0.129266473825398,0.635740204398941
-0.279741665564495,0.777263302134034
-0.188803995208661,0.640526509613359
-0.237324265164122,0.622429315298563
-0.251040207786247,0.632195426706047
-0.32223067973978,0.645186411927852
-0.357339990212656,0.591771323439609
-0.38844534816292,0.662172111688752
-0.448630354828505,0.64896606802185
-0.531825164965906,0.631738522122918
-0.469326291021057,0.627268567207417
-0.444474692399697,0.617565348974241
-0.433635082811422,0.536861802788247
-0.55656711503813,0.613229295577847
-0.484805880970219,0.54264495647281
-0.581452060808031,0.558961074244944
-0.598945271597856,0.467871527749749
-0.621114067138737,0.565958287917743
-0.631793568924512,0.521613243349699
-0.621082844526344,0.468013117975951
-0.567746674027254,0.477100979278039
-0.701169307747961,0.421672180861059
-0.715047885371687,0.478271854767351
-0.574226962783821,0.442647493430283
-0.59936679290037,0.411950730338477
-0.620516816394376,0.441410744243225
-0.657070730164659,0.372751445897662
-0.566064603634162,0.272279821983737
-0.554123865054777,0.39154500440196
-0.554712381926933,0.398290021559927
-0.45687864975175,0.339652476778099
-0.483150784552996,0.347963895749577
-0.494274904961778,0.38294787985895
-0.477054517704738,0.410028190604413
-0.425603761717005,0.47420574464848
-0.37105910829186,0.419111400770521
-0.363753200710779,0.444877809710404
-0.275410618754802,0.537754408550573
-0.263486443679003,0.604755695840503
-0.0635128122726998,0.516113966617344
-0.0532796886286505,0.625171226821544
-0.107819515131985,0.596423634791658
-0.0197884653791634,0.632620769085678
0.0154311609888728,0.612680330131543
0.0733442923518639,0.57126538022059
0.145008184060646,0.569494222496733
0.232667337128527,0.557405397862145
0.128522847622541,0.68617859037116
0.278171342402995,0.499736960044924
0.319272522031459,0.601020306273162
0.364129393358082,0.627872080152428
0.447804207470187,0.524082398243843
0.439525346713765,0.482684872719652
0.559054228753743,0.40758463652012
0.577701629829591,0.296689454940112
0.556874378385793,0.238350595026508
0.613013028699773,0.161488483872728
0.773193938327873,0.0427333543670281
0.74856810412161,0.0865508757917072
0.645833530793849,0.0193740397906642
0.739859003632981,-0.0388172458821557
0.712203153896116,-0.0895740585884407
0.726915712073609,-0.182314928816685
0.748152151417594,-0.197132334827649
0.759572045616285,-0.210278019770528
0.726885314110291,-0.357092881680955
0.680120278663833,-0.317048455966873
0.658614784017472,-0.405422308179761
0.766040455663723,-0.374277353511959
0.705073244347725,-0.397221407269817
0.618334437060658,-0.347639978624147
0.620299372411219,-0.469942436239537
0.664986927369505,-0.455199145877534
0.632483995072405,-0.514968286645039
0.628107757346534,-0.523532078047419
0.718021574111907,-0.40595892616569
0.563043120726468,-0.536470178762632
0.560034447112185,-0.573920900768005
0.621721822706713,-0.543639580108598
0.643322554238995,-0.580009568311658
0.536493091915177,-0.630434604787612
0.520087093883248,-0.622922462057928
0.551763803824582,-0.656300996233824
0.51370102311394,-0.680383391580276
0.517225498419865,-0.694940046890977
0.486226341577367,-0.702435407183532
0.428834656853675,-0.7320390460435
0.404040809001872,-0.701661121637806
0.373933391059192,-0.696468615410536
0.381432618732946,-0.729098810887403
0.312941111482969,-0.69980825151181
0.335412235111794,-0.725117161845699
0.263678353062731,-0.666052088503554
0.278722769039787,-0.630852392814459
0.261923326920688,-0.654607006554309
0.250792123836679,-0.686739509262398
0.192309282166493,-0.653309523609976
0.176978047325553,-0.673725595192305
0.137803794669503,-0.689568459226161
0.173039356857245,-0.712774974667793
0.0865510664844168,-0.684322907867124
0.170551084947483,-0.733665374201767
0.241796940983923,-0.717213214989692
0.16664842672862,-0.694936289088064
0.198111328876466,-0.692914445602402
0.176921629797266,-0.69281262608453
0.186864000608971,-0.6880302587385
0.176276566539152,-0.685507051498647
0.169773394741091,-0.591423767865068
0.204139339202819,-0.557469197250583
0.215143450507422,-0.584499175482525
0.30395472256296,-0.578191949185439
0.193374881742231,-0.556651258867729
0.216554109178041,-0.578179812362126
0.229560509182584,-0.549455110660265
0.250311655721663,-0.566792817180336
0.266250247363749,-0.602577142891031
0.346194407396308,-0.555335197144425
0.311846138033506,-0.524153460802619
0.396437440851298,-0.517619642535769
0.319694793618523,-0.481133873424285
0.395925053570493,-0.553549623939915
0.458573246636089,-0.397835313935624
0.410395236378176,-0.331165214913982
0.503802294111568,-0.476880028733569
0.419528497013346,-0.406961122636811
0.381802591820298,-0.32518209527236
0.444696672908226,-0.31283746650857
0.510171501675173,-0.349037810189176
0.408926931517147,-0.339851320273669
0.530927559432365,-0.326164378177449
0.460221852586629,-0.319784866835115
0.43473046995842,-0.363584558491407
0.442239826679261,-0.369262350091065
0.523028002480356,-0.415528008859435
0.371212653687328,-0.391741510019966
0.47702484923564,-0.375341128438275
0.459520385407913,-0.413832384259215
0.389967351947865,-0.296514454261951
0.416419114060023,-0.362931414372491
0.284144985943707,-0.417737758738407
0.440015329777086,-0.382265734595743
0.360606826869544,-0.377371875741068
0.363364626296533,-0.283796996521077
0.39679644725449,-0.328276748247754
0.47010420223955,-0.346266440550218
0.435055879676956,-0.340318206703758
0.432928588744753,-0.319927055598986
0.416904043114375,-0.255577894972481
0.477642776591092,-0.341617818816781
0.454497881614925,-0.284321025484014
0.519346674083009,-0.209700349713762
0.561261985233151,-0.242626176379542
0.594155694387651,-0.23820748684039
0.579483542315916,-0.156344168040902
0.574181907506147,-0.162476885906054
0.578586717202898,-0.113524115771771
0.672045581445166,-0.0882201593815594
0.567556793716484,-0.0845189396351104
0.662492661703423,-0.0926215701350843
0.681361529863768,-0.0226027748890374
0.67701097889574,0.0432558993631324
0.6396160352933,-0.00796917747832682
0.674104200097904,0.0597170366976568
0.672622127230549,0.130032320023539
0.559275284818438,0.0334577480060968
0.631270285597801,0.104999347735896
0.541373874531474,0.0872420473091167
0.544315245870981,0.174919939132056
0.59230621469288,0.104259838350132
0.58684886101567,0.074373318259781
0.479521237724783,0.195163251620001
0.455139283445152,0.0950734663043987
0.455179459455174,0.185917774449128
0.365031623532293,0.171765610350466
0.458604881908875,0.18657955275536
0.388763968236432,0.202674489375674
0.37082612211085,0.164893403022747
0.413570401109936,0.0795229598682656
0.360138052472435,0.173514708583022
0.330944332594764,0.187326009961551
0.312374907354537,0.178289035599106
0.339213779015398,0.188507900229554
0.371440965703454,0.219835539748825
0.337296766773491,0.147209434959312
0.267417305754107,0.149825073838263
0.197639383176053,0.135522247499496
0.102373961406234,0.202075489936416
0.0862973774088607,0.136076325804158
0.0591651809035638,0.188581575341095
-0.0931610261777266,0.291169083153136
-0.102624536111029,0.219505062368356
-0.179823989928457,0.373600589018667
-0.231885293592459,0.291190462799781
-0.228155404369722,0.257709951240968
-0.310141739190451,0.247947116838674
-0.347608507739669,0.311140832471169
-0.329613631123674,0.315379481158471
-0.416871478372977,0.204027946349914
-0.436046584267491,0.306408262290521
-0.405702517579603,0.314112010844171
-0.406012521512831,0.26531995059833
-0.461738288616546,0.272915487424018
-0.470698558610118,0.201737609233859
-0.533532388261639,0.378971177523722
-0.63453863038707,0.207587132571068
-0.500032445723416,0.289825423745008
-0.421714926104801,0.234480868729123
-0.430396174817632,0.198022452458722
-0.494187234696819,0.227428343172493
-0.51452443000228,0.226438165569697
-0.480786348899488,0.213818377233342
-0.410595046966736,0.21689072910395
-0.543929707778048,0.231449529658694
-0.445355253403715,0.232904088309511
-0.589078745034213,0.232515691006249
-0.44239711149981,0.27877634597892
-0.39975165515301,0.0968530717438628
-0.589123795571972,0.219657311449245
-0.462591102040096,0.113116193639071
-0.540784560202761,0.144596565739158
-0.522592687092178,0.124610989835107
-0.512373056300871,0.170472066005842
-0.491942746192928,0.151732616725794
-0.579422821608675,0.0846879384020886
-0.511805695056451,0.117860455587111
-0.490689005533812,0.174255970761942
-0.625778349359488,0.122075417054454
-0.592344997283073,0.124996269554352
-0.640770165366186,0.0431935511764174
-0.72012134213593,0.117216564340617
-0.708971952281294,0.110179818786452
-0.743370760587835,0.109430992973559
-0.651667939574741,0.0801230177454264
-0.737935236046757,0.154170460492161
-0.739826409591175,0.0928369983596822
-0.683151609870199,0.0740965387459067
-0.630102115457097,0.093360248207621
-0.745376002526094,0.056322564387544
-0.725351538414217,0.141248534903133
-0.580971130887278,0.157977984270906
-0.697748962236682,0.180923090437728
-0.63396357114863,0.182080862557828
-0.665334852053219,0.239047920040587
-0.646698258082652,0.149644331141764
-0.60575148365706,0.223752571457382
-0.554998981125275,0.174378223779848
-0.510505985187388,0.27722200839044
-0.635407246718569,0.296544370282848
-0.562456846160415,0.324513369674905
-0.606050149840242,0.260531796602193
-0.534111585795033,0.31581659330784
-0.487399222134771,0.288873932329646
-0.537514224307158,0.386345165176968
-0.498817429669942,0.419094986188751
-0.499220848885774,0.328190503153315
-0.437763375941784,0.38441193418078
-0.248031871592118,0.391887304046307
-0.348841854654821,0.326798380937014
-0.338045204873124,0.43023236556747
-0.337574814512902,0.422122708824286
-0.252585258887658,0.364609302322843
-0.33346947569181,0.340700443317816
-0.354088549190669,0.46372711460044
-0.313600396640753,0.325613262510079
-0.352475207644869,0.37021494621305
-0.368758391826826,0.379393762622924
-0.343153222736158,0.340174730718043
-0.318522770767791,0.282761595207777
-0.408758931594586,0.264808636323106
-0.312322019155617,0.333957800316062
-0.468211794414052,0.328544547167766
-0.308004556861961,0.213942426284089
-0.370455406534875,0.385636741020394
-0.490325481007379,0.240479111394315
-0.183598901035482,0.362191714308749
-0.471381143784136,0.342162853563209
-0.432011257837133,0.418295854161789
-0.468717188532339,0.410728884904653
-0.388317250861051,0.491675834292348
-0.348656183962766,0.401520742867719
-0.337023460576282,0.252240849069985
-0.257150432521618,0.242877649522964
-0.36293818697571,0.384094356529403
-0.256727796488821,0.439551434249589
-0.410220123474587,0.349728188025711
-0.29989876012284,0.475088768581039
-0.357467962240481,0.364034265537091
-0.234521261176567,0.430658371352798
-0.357349408277532,0.418057596424119
-0.269502510821196,0.377044124036173
-0.298128569496427,0.46238695492367
-0.260891158595942,0.416543086910906
-0.230083487987864,0.40688090909807
-0.12154816198213,0.3674622482307
-0.215586428242031,0.560515099805733
-0.15493497026124,0.426555895219132
-0.179939223312364,0.483703490917017
-0.143590279240604,0.465026884223511
-0.16945612986818,0.556395873468295
-0.121203807093938,0.44194001482185
-0.193848431332086,0.475396430537236
-0.163537793563187,0.581444129316589
-0.119940760403965,0.607010579477583
-0.0709447826018683,0.492379175745728
-0.127903193208677,0.615121798208306
-0.100211182364855,0.451214966785162
-0.136725315801401,0.452386200476215
-0.0974282599360872,0.51107094378842
-0.0406436502852563,0.577854593849187
-0.121818208182352,0.542736056148941
-0.123054126378652,0.469619115944651
-0.162057643150344,0.5883613056597
-0.138336105116749,0.52529742741636
-0.0625440811254853,0.540098181226637
-0.178566252322488,0.521773886647146
-0.149856397510883,0.566945777760203
-0.241268888925493,0.453476389209634
0.0129467299375805,0.581487440607254
-0.0535440703428556,0.499023849784393
-0.0279725898337904,0.473898134993854
-0.0865064041763808,0.557944693185725
-0.100395566641092,0.516780807477031
-0.00478029555863706,0.598003482803157
0.0323357652701773,0.528642865479099
0.0457308987194202,0.610238648639054
-0.020881941569737,0.515812468947465
0.11494466943993,0.458656955745003
-0.00844461938364592,0.4532249896718
0.0191342127441084,0.505753966349218
0.0686403441418757,0.483169384291377
0.10614094774932,0.524710104647941
0.0211693890334936,0.485869556399939
0.106358604843306,0.512949784349781
0.146487933346985,0.444321548493316
0.131511562089312,0.426671783881243
0.099538873906823,0.394732780655182
0.224847725436755,0.415419084881181
0.153420858487232,0.325251372934266
0.207406755779966,0.279935298578857
0.202304884851028,0.307654220391613
0.1947728113875,0.244963028840821
0.241285655604676,0.318938519083878
0.156133757624596,0.236322898404393
0.06932468824386,0.282367800417582
0.228204959600388,0.204685436668878
0.171681019178066,0.210204750848921
0.223928215697181,0.230172679609646
0.213023920849301,0.167776842913869
0.197845377665651,0.199500977687554
0.266863104573176,0.18199747905892
0.186758136536354,0.0575872204020541
0.160235036541215,0.17277506909022
0.347198919593378,0.179433159048268
0.288158985652942,0.232270287213655
0.314882415774562,0.120555544610626
0.285363955273941,0.195919142668188
0.353365300130931,0.122554644001276
0.281612435550544,0.111140515042523
0.247836325698455,0.17497669978379
0.335942942406814,0.201429433375073
0.297265824260257,0.107350057698837
0.331550864458949,0.241339834892338
0.32642998249296,0.216664116155726
0.381123760135213,0.216084818448155
0.450278098668667,0.168196324110474
0.299466960209324,0.144888724766905
0.333762498043278,0.072153147229362
0.459769164029239,0.153860105227666
0.314101518901707,0.211249552477769
0.319118111036631,0.132055188407291
0.43932627289672,0.101088862088836
0.451865326101409,0.0990184786915007
0.258845587841273,0.0483278074283028
0.243396218290309,0.126280542094622
0.244677140937546,0.0195081628189873
0.334220892113021,0.116940110131841
0.271672129374614,0.0542767246745791
0.29409664834245,-0.00267738000087074
0.397491517768449,0.0967053144470508
0.415974123084259,0.0944541305035499
0.226099970782656,0.0166953779181666
0.422547141358519,0.0314070313209657
0.320895656892945,0.113395317801455
0.402240845735512,0.0859112185659104
0.242135005637182,0.0471154716748636
0.317170848376888,0.145460068466082
0.444648637909175,0.150763849139811
0.333994312152652,0.214162980990184
0.33550551703795,0.230871856900649
0.430970777822046,0.369034439519107
0.246738649947977,0.223521447194158
0.396351529739311,0.285518640578997
0.318323839865661,0.189344219003426
0.353270593788297,0.310915969887014
0.386271629280221,0.342678337915886
0.328103324471152,0.350370540161227
0.392609400700506,0.348996337109375
0.362081847460875,0.369660956671644
0.373076615947705,0.369046236669155
0.259389896527874,0.494747423850557
0.313965167712269,0.443979896406413
0.339485455085522,0.553601294619723
0.28196126756956,0.401361354184865
0.446488873497738,0.529116349493959
0.362754552344311,0.577697301096251
0.365907708477425,0.622636009106822
0.365937217868756,0.507161182237636
0.410074360962229,0.619458170091703
0.374283905192011,0.521812710917266
0.461870536093696,0.575306380209852
0.478212894747516,0.657972529848006
0.43864691812916,0.652552628822771
0.495596581814745,0.640464836553969
0.421297093699864,0.649622439280451
0.410176877615096,0.703406213214452
0.416588599453957,0.685694894222714
0.370434604725636,0.705629916310461
0.417077536009291,0.778756999049607
0.393574440295691,0.754346825979739
0.330114223914128,0.779894790141396
0.274283706249021,0.781366950642368
0.342893879468862,0.774191565287335
0.31811780015207,0.76047215548887
0.340060391740741,0.819472371818586
0.271132922655343,0.820636449876963
0.286342273691082,0.853049126701395
0.269872071318643,0.890131489759573
0.249254957705621,0.86780341245851
0.258303421878987,0.886384520135072
0.267141384338965,0.880028077501248
0.262436239511919,0.893516095769752
0.266435482507822,0.856321666532316
0.238913154316515,0.805920107740484
0.24268489081739,0.907212775680711
0.199550611633241,0.905893726268739
0.170121256152401,0.88647343543416
0.164069244879607,0.895239300109471
0.182798146719385,0.86322861869399
0.147472700205112,0.85443175364017
0.0659294775249979,0.889650239833038
0.151777966363177,0.832592171684448
0.0663583713677695,0.89113712367638
0.128232947855687,0.914787556741366
0.14300921132322,0.894073487020411
0.0681487843121617,0.906437649579272
0.0823351086021455,0.899188300839267
0.079227321118839,0.916753228778776
0.0645852224231118,0.886204730024962
0.0117996763768322,0.875389956754893
0.111376640526741,0.826037594367016
-0.0105500223166241,0.809040960278144
0.00505104144613621,0.814870510895021
0.043786907005826,0.781214848755479
0.100516477978666,0.73379154372323
0.0168127717270793,0.751401912331331
0.0115763732292106,0.729133665446899
0.0658620723442909,0.668446616589654
-0.0439710816160269,0.709771290110823
0.114551062340576,0.669168357248445
0.0444610800088502,0.66685451512929
0.10833116482573,0.548369107115343
0.0998496463766591,0.611908894556504
0.0609708735592328,0.555937878404292
0.0755990782595015,0.623225250980526
0.0922805560569031,0.62289591709343
0.0711680579544673,0.502180204409444
0.114011401110941,0.599676183640444
0.0476690011656509,0.621168072003906
-0.0780412442245001,0.623631796221773
-0.0503530051029273,0.580199118756876
-0.122815253806959,0.593050298466428
-0.148118513057071,0.512174425115417
-0.188621746723457,0.615990071814639
-0.226082609764645,0.52849414526132
-0.289307484667701,0.591094085946426
-0.299651492346026,0.439096543492279
-0.251338562209601,0.469541600684361
-0.36888342718938,0.493768296322269
-0.464873708102604,0.435378386965719
-0.386501903398659,0.361619414056399
-0.368767142915997,0.288927818716343
-0.36932719724484,0.277358088911812
-0.362247674748401,0.218457317976485
-0.383846195218917,0.175172843474757
-0.342820423571947,0.205773677614932
-0.340867799683818,0.0669469297473431
-0.227883172544744,0.170144282405697
-0.216963321773893,0.0810874869665747
-0.113779002646308,0.116827567486594
-0.195781847555365,0.0755058187634825
-0.105671857183668,0.0142135611145003
-0.038620075616666,-0.035641696170235
-0.0345803288990919,-0.0730994587973521
0.0320983903906591,-0.180410345248831
0.0199802675869358,-0.0841756196882674
0.0422578949809918,-0.205064483176344
0.0952340280646489,-0.146766979801833
0.114014733772094,-0.241694233444919
0.198701791174722,-0.263308763306889
0.218766411215348,-0.292765922943062
0.172457051586442,-0.252873387044297
0.142786026831365,-0.162295463353204
0.261212297896191,-0.317296329219139
0.233954118087253,-0.287699527147002
0.234883643431423,-0.249875170277998
0.318298400851429,-0.350609593569348
0.379246972403142,-0.365218574398726
0.400649922536682,-0.350827031400836
0.484420364687853,-0.319474124396725
0.553912712691358,-0.405163147895236
0.551713271042165,-0.263607083217564
0.602460549853257,-0.275091362007475
0.575465063070374,-0.370224465468827
0.62025413987729,-0.292741316231789
0.689840704124657,-0.338547884863144
0.65659162067183,-0.375740573158819
0.62634036220759,-0.259087068189276
0.630096348078985,-0.305265364509639
0.57753376749148,-0.286872186968253
0.643303545251616,-0.31264506975723
0.578436386672601,-0.283095811770172
0.614980966000386,-0.42691992178991
0.633650413573493,-0.343755897236123
0.616554559184601,-0.350391041725183
0.690086621082939,-0.254851071190587
0.659072568696336,-0.333370059725125
0.673714485223619,-0.350699147332521
0.645012641900269,-0.413855586011172
0.672531960168791,-0.429650670261981
0.612686459663342,-0.384905820228108
0.580021523107113,-0.437247050940454
0.650723719139107,-0.435668743773877
0.61325076497138,-0.494177365736304
0.530867942000485,-0.467227974487154
0.505786567437524,-0.506315266472242
0.449958708850089,-0.516007473842209
0.546151180677336,-0.580122838361829
0.473330257226264,-0.643085267442935
0.430885155022316,-0.634977810716
0.371881901980861,-0.624770326312069
0.446722585082497,-0.724558551828695
0.410937043629882,-0.733203935597731
0.429212127539945,-0.78272848887245
0.463339979839315,-0.767979218765852
0.368294993755011,-0.806285831421609
0.365553642774601,-0.806202478992694
0.297306004046956,-0.812449883920907
0.296285334639221,-0.819144915986338
0.289529780118847,-0.855029394911329
0.227970190058374,-0.839620931313957
0.219152253260058,-0.868425313318566
0.186904925122928,-0.858987838410421
0.155196791724296,-0.900100677893084
0.153139817102794,-0.860093310780471
0.166703474215398,-0.878103907828961
0.123246551810403,-0.851038473387127
0.0828442099514025,-0.91075451254361
0.114436780379116,-0.911259503383905
-0.0218657894358554,-0.889445811795097
0.0466452840402593,-0.893093581463067
0.0146189082940698,-0.882928951164925
0.0285231089760579,-0.871962707849294
0.000507541867143338,-0.884264224909712
-0.0023859921248228,-0.885466728527669
0.019301721260084,-0.870294737105459
-0.024724240582257,-0.912786451147488
0.00883446410078991,-0.913756784418954
0.00943410929471995,-0.869241983871079
0.0774256653955416,-0.872934914251808
0.0724189066462003,-0.839326941265033
0.0654694469609533,-0.86393174579247
0.115807138093738,-0.859034955000607
0.184466079742862,-0.839907860001057
0.182859061458497,-0.815548635812071
0.162428615239733,-0.848806333009701
0.197169893157938,-0.793754874440751
0.227697595573916,-0.809084611413022
0.296712388669082,-0.789972720554599
0.240391930037971,-0.782784844794236
0.290083191541199,-0.760791579707524
0.318379550876363,-0.73271569480794
0.293273555606097,-0.728303732531513
0.367770055627464,-0.722335057388033
0.395907447841007,-0.707072198652019
0.448472345266689,-0.696241093276836
0.427725073042446,-0.671607895432577
0.460069291521328,-0.622750165572745
0.521246624203501,-0.598881113633618
0.540092268444492,-0.582454654857406
0.539740982238269,-0.597921165220909
0.580387236387566,-0.542459755878355
0.624563849103103,-0.497423092445258
0.628674154950402,-0.521039396684345
0.650213023572417,-0.447058843834912
0.65186292669262,-0.427217872701304
0.720253390243155,-0.401259861637626
0.686630462777096,-0.423596108492003
0.703469860571468,-0.36158647113889
0.754318042790624,-0.328520462383839
0.744060737706617,-0.298096154640287
0.798732126217124,-0.297039431976385
0.821108304074009,-0.211301630172524
0.826377709793745,-0.219896228611032
0.862900280948984,-0.180031581192422
0.862104351742666,-0.0719237000007588
0.867535710222575,-0.0527518122625841
0.889799746696436,-0.0555585270204518
0.87824453729963,-0.0473195248187783
0.876274076533452,0.00502249794823611
0.869549277678103,0.0252247883920136
0.905557438272186,0.102242575294332
0.824672181755771,0.140854023283966
0.875429035514211,0.192030103471792
0.851694930053035,0.23187867283568
0.823405982078791,0.238853766338694
0.869195664887283,0.272500767835292
0.817585221280893,0.26324801541115
0.826323921011168,0.313326643061113
0.827726956356026,0.326592530210565
0.793266047504341,0.382468783292988
0.704824776637075,0.372119925630669
0.747701498398163,0.427601104542803
0.714592874774387,0.44981429361968
0.663522517421947,0.516511520663387
0.560725966633299,0.550046616821985
0.563559439097086,0.550591667487123
0.543222176034157,0.563642620337264
0.485087853909898,0.589397675080728
0.436655750173933,0.599225313654957
0.375724020747938,0.596617305335223
0.342104944877374,0.559009736303746
0.339577661860252,0.554663405153356
0.234789467339601,0.547512785703199
0.212940458531269,0.603707549563533
0.105873230923464,0.547144189850885
0.118972394190994,0.544734131514962
0.0518311871270179,0.566952656053203
-0.0367603292678453,0.563235295649202
-0.0115811727972279,0.43837548926018
-0.00642754913974391,0.35973937321599
-0.163351527295737,0.30265479751897
-0.13312318516072,0.276531631564123
-0.18624592595148,0.242666985065845
-0.0778181477977904,0.234705570828875
-0.19909380889511,0.128621555664284
-0.28056559217688,0.110430652668947
-0.275972628246424,0.0912811438853993
-0.239184752065981,0.0654859754122163
-0.313705662455931,0.0010809961548394
-0.337330074671353,0.0488731651275929
-0.361852787331604,0.0396673957392615
-0.362139479902766,-0.0106555824260445
-0.436118291583488,0.0150479945057921
-0.354111571022746,-0.0467985010567852
-0.281318620257807,-0.0297796718467205
-0.29735576081981,-0.00820225349376843
-0.389717720109083,-0.0556330213029894
-0.33814390286881,-0.111131096024298
-0.239870206737753,-0.0118264341764857
-0.472638884319234,-0.103804285629964
-0.390392078616671,-0.105805688559938
-0.247515230293995,-0.0620954133135597
-0.245834279684118,-0.144775190755272
-0.344238562618074,0.00481766162566622
-0.215721208730582,-0.164183228571607
-0.311116417856862,-0.0962634028600627
-0.316813093020392,-0.141390671427412
-0.147892725986131,-0.0161788759262776
-0.114425038118918,-0.0883316230221522
-0.222464963074915,-0.0773407097018997
-0.136740817341323,-0.0404158292257068
-0.167039977301595,-0.109983943818225
-0.221404366908428,-0.141929571655119
-0.22610517586071,-0.157139372451314
-0.093775166909558,-0.105177071715891
-0.142839161144633,-0.183614734591965
-0.0791545430286261,-0.313590003352327
-0.0727807636533792,-0.158958360217971
-0.0573623556796488,-0.322908509532272
-0.0634745655562588,-0.305527803709793
-0.0600795611133186,-0.327615381737839
-0.18216593431617,-0.214829269370337
-0.00534251232689042,-0.330915007308289
-0.160438585162717,-0.343315462191602
-0.0893239064231469,-0.405192460336877
-0.0191131090874618,-0.289624313274771
0.03455773037898,-0.415159976373289
-0.0133139212606387,-0.340872408489225
0.0873629940839175,-0.431112668537332
0.0252352191742423,-0.297420478243906
-0.00651465025282849,-0.367698766133049
0.11356438072339,-0.402888586885113
0.0768573680554182,-0.493931985841204
0.07746005553677,-0.509341019436984
0.12514054987539,-0.363284061084599
0.206607576475593,-0.388534812472779
0.207946164165461,-0.389063771680453
0.207977033698867,-0.421524208241928
0.271736127486435,-0.357935411274229
0.310050130910106,-0.452397695712048
0.291589010116957,-0.36987538965901
0.299856277015928,-0.354427439214981
0.447007645954645,-0.408688049406298
0.341744674847953,-0.350886121422435
0.443941030868663,-0.376881575189622
0.419654773049187,-0.437008059924773
0.410233999992662,-0.367441599456397
0.52324075111441,-0.259294898473543
0.416661219111306,-0.221008474124484
0.501533804839767,-0.215479806552016
0.543217269094582,-0.243891987805321
0.565270519299706,-0.211267299315969
0.541892816407019,-0.167385410626413
0.621115319253072,-0.163337566666763
0.629783036718861,-0.216270454803121
0.717533284614571,-0.0611783677845485
0.700758143457374,-0.205776863774263
0.638594953246711,-0.0742422013791515
0.740890488850346,-0.0959213620346011
0.730760641061536,-0.117895109207322
0.665573001037969,-0.0660464439745358
0.742623566367242,-0.0109738464765036
0.753144795118551,-0.0125244223623544
0.758800195444727,0.0808221065225325
0.784022372326927,0.00431968585691096
0.825490477578368,0.0836628529178434
0.797016203483881,0.0567858345728542
0.856012969605804,0.137873115896035
0.897176796339138,0.153247756543883
0.889552747980313,0.163856904199426
0.881297045781292,0.135448291130961
0.909627548752643,0.221875703965663
0.908294160934742,0.157137121845578
0.892300638856127,0.229351532797373
0.921698376940408,0.190564623663441
0.894309942814714,0.213147911438412
0.898115821802563,0.17328021196261
0.941744091362081,0.174207428743611
0.919046942271402,0.176942513811084
0.921960305527976,0.160628647786734
0.964111930414719,0.164743203490623
0.930189693981074,0.127828092756663
0.941529444683596,0.111643652728555
0.924379420232006,0.156474608811881
0.885215763267561,0.0699713454704437
0.908827592479205,0.0853246652681927
0.933109974065258,0.059925427636938
0.935679864006573,-0.00212458853920168
0.880990946220099,-0.0175389150773908
0.932489201386949,-0.0836396164868581
0.855152478499335,-0.0810519097802469
0.852470321799585,-0.127441999150166
0.870694145712287,-0.173426630584776
0.802287700306621,-0.240549599260294
0.830096175115837,-0.319314215332784
0.792511998812645,-0.319952111741056
0.746318783553165,-0.262721127274083
0.798484421240278,-0.339571943439286
0.711747506834244,-0.317470383229937
0.65851799462997,-0.367314317404898
0.679666571805913,-0.365435811141534
0.669922758826309,-0.443576279455507
0.604319335968944,-0.431788621530958
0.582270665222191,-0.489293962657345
0.591983490029886,-0.505384532730182
0.536823918663429,-0.544692414564992
0.531770565723057,-0.62847857892582
0.448902671261102,-0.538315501569823
0.411450098447481,-0.596572100565959
0.414855401170096,-0.666400616152755
0.30233372071585,-0.639250792136558
0.244127784104363,-0.687982079207981
0.276706477522196,-0.659244558629203
0.180392046138486,-0.722126260518837
0.170941745115139,-0.637245148764132
0.108347420122515,-0.652381771590123
0.0946106144401734,-0.688721063548223
0.143162547554081,-0.695759469988033
0.0335989128690482,-0.715509077618195
0.0587015416647111,-0.736861481688602
0.0319500858533095,-0.693286321672169
-0.0251059674899548,-0.729735729838637
-0.00347268700875869,-0.764862055966453
0.00976331933915443,-0.762325153491901
-0.0778781070660612,-0.679835559995213
-0.122877066774338,-0.727193950609546
-0.1208142560651,-0.712658934783851
-0.25364703802021,-0.693555823370589
-0.193740529312117,-0.704536484188077
-0.282065746236284,-0.661241937244977
-0.236125414095298,-0.799194967796605
-0.326664579087474,-0.76072329929229
-0.296812248956761,-0.793321645314698
-0.31006425647629,-0.774266487171552
-0.342415661220795,-0.78753572384534
-0.369478893075653,-0.774100505444962
-0.34648371924956,-0.74359883955585
-0.36636864811856,-0.735439545697624
-0.371202758919462,-0.748764382667907
-0.379761251822536,-0.728892991777271
-0.43992006766497,-0.706815787669677
-0.451589528234379,-0.712702303522194
-0.50294652813482,-0.692256685454353
-0.518742504891908,-0.656789934590531
-0.539976497145629,-0.660760025024949
-0.581131040039655,-0.634010149613263
-0.587087008387798,-0.598439621990412
-0.59686193442503,-0.581837474037318
-0.614756024141963,-0.539422460865072
-0.675420916318301,-0.53874177809012
-0.639472496537328,-0.542886185226445
-0.664877026914826,-0.488455141743577
-0.698728230357991,-0.486957674425623
-0.68681327457005,-0.514015528827885
-0.701528761901709,-0.48303470307916
-0.721665180515333,-0.45265884740354
-0.718679846947983,-0.443388726923932
-0.743613224040005,-0.419362325750518
-0.725889193574499,-0.431113692798294
-0.727014226686834,-0.415589221141927
-0.749647791316266,-0.431443478148906
-0.789536565690519,-0.439811045364952
-0.774119416571817,-0.444878730934141
-0.767196475738512,-0.432240338005111
-0.782551608005943,-0.472355532823749
-0.788805042363803,-0.46603021985249
-0.766525512912331,-0.443141544823788
-0.778965099017893,-0.43789056517557
-0.750197747447093,-0.537341233950458
-0.779088218996372,-0.480400395349158
-0.74818109475555,-0.462292756454006
-0.790589334822772,-0.511446795340418
-0.745255755453619,-0.512937329625107
-0.774317880563893,-0.494263654760044
-0.748681751612795,-0.501787688321224
-0.726436572084329,-0.586550724215751
-0.714606580492956,-0.53796804496216
-0.690630213979495,-0.597116110688478
-0.703985468067465,-0.578327693995912
-0.638265093250867,-0.594319494844688
-0.624514093551722,-0.608477531460058
-0.644522871278066,-0.57527031747237
-0.673964147000154,-0.629951793104849
-0.604595032628545,-0.655702793952394
-0.580968830720635,-0.710334182093538
-0.568220595373568,-0.634526405474495
-0.568896122877581,-0.652596233587184
-0.498271818335021,-0.602613867788166
-0.538818248299416,-0.64633112216206
-0.595443441784237,-0.624769601974629
-0.633341764871759,-0.581047609093294
-0.593656518037948,-0.570901790047522
-0.646096806433251,-0.475489075006179
-0.583509881878918,-0.548723878386981
-0.622256290223523,-0.523219043970704
-0.614297134125566,-0.49080935112089
-0.660310705762282,-0.413109858621177
-0.639187351867693,-0.443219628230922
-0.707006871573684,-0.354208992978107
-0.803830896785917,-0.335496935800808
-0.743427669978931,-0.249926755219027
-0.719136228844638,-0.249360302097842
-0.698252550608463,-0.174047000410331
-0.781246137367783,-0.23943902184525
-0.75727109522197,-0.142329280885407
-0.798765470972584,-0.0985422605492996
-0.689443044501953,0.0266840045296957
-0.722341916775391,-0.0247651180956617
-0.759624087660773,-0.00872749953378591
-0.730917540424796,0.0426303310995374
-0.716512484952257,-0.0309492050938738
-0.793807443074295,0.129390925076416
-0.770999102875882,0.131508309560363
-0.749028644435081,0.163476397468601
-0.782082998663944,0.254013463077426
-0.790684486402344,0.263918780739129
-0.794679816236991,0.242884428108852
-0.799574459202453,0.244643339602664
-0.78933170749149,0.296952317614167
-0.797936576460756,0.328119748748128
-0.805285294349252,0.340846334882572
-0.76815511596512,0.343883186894287
-0.76645441876859,0.329694385650132
-0.796725617149417,0.331776079441831
-0.763922381908623,0.359764030289668
-0.7858478978769,0.33410813138983
-0.784139042089499,0.323522754040623
-0.716225995243881,0.349012978992228
-0.765406577260596,0.390116695114572
-0.779089883725844,0.337496816250913
-0.739621472854571,0.301491687396792
-0.777437048588681,0.349237611828734
-0.740566779935666,0.396771677218715
-0.801311634506472,0.326558830067439
-0.742355109182047,0.365161438396087
-0.776920352987631,0.352339479331195
-0.716508926806147,0.345657937623163
-0.72894210623743,0.287460556150544
-0.676149000765717,0.285367304475172
-0.762576236675929,0.275406106152704
-0.714382189254062,0.23900694992812
-0.719571838633125,0.220671358812559
-0.686577328770491,0.193757790081859
-0.73894833982208,0.236057939303361
-0.778418820834722,0.146548861168016
-0.741387016094245,0.177565494269427
-0.706274256205883,0.125815933235778
-0.663703184803592,0.142779156614547
-0.739367475074468,0.129880267190904
-0.745867537883302,0.202921098364171
-0.725680451917415,0.119017280640929
-0.713840755196227,0.133642290103663
-0.686155322716428,0.0862991726792843
-0.697434281141569,0.143454812612593
-0.776773931988635,0.127288034257455
-0.712942084711145,0.131711473305433
-0.778302685121003,0.126049119520619
-0.741355240472545,0.124915930996056
-0.754710971610771,0.156169890866495
-0.697606266114151,0.192380378126557
-0.736429345096934,0.192010063428134
-0.668151162949339,0.162135433455133
-0.711142166563346,0.212710774600675
-0.614271253759187,0.21483323686549
-0.665042261620736,0.246423450971916
-0.678623770619998,0.279531617027088
-0.641762801707584,0.331260389909401
-0.638610584301666,0.298758097887517
-0.592547437332169,0.374323503604046
-0.534129688699712,0.365466087413463
-0.683018257838828,0.392783331313968
-0.591464484907402,0.424664261948507
-0.547262896772307,0.460117412152679
-0.569074644274773,0.523588602731685
-0.536893966427071,0.48980826069925
-0.540637789403262,0.454400757281293
-0.525131108831788,0.534447015255509
-0.464224099292007,0.53923032466089
-0.461226475248686,0.602371691377113
-0.467620468265668,0.626785911978138
-0.4233376737452,0.599323821692703
-0.422470693452321,0.62930891012037
-0.425599875756031,0.626549000125095
-0.375006785853778,0.669579856404614
-0.420365202945717,0.703684036561798
-0.372789398534465,0.6471341114981
-0.379523943549275,0.675134660417633
-0.418097112952304,0.631853349020955
-0.380086497463603,0.66373429068067
-0.317771487719067,0.649087494328468
-0.361066547935463,0.658974818205779
-0.348700301616699,0.627564915737194
-0.304474218756613,0.649054663457805
-0.306029631680539,0.654607517481517
-0.273989503384659,0.651152890970616
-0.315929027889714,0.655435588473783
-0.260728595086487,0.677714829784642
-0.381705630930825,0.57612245073997
-0.36231408773627,0.689546078409019
-0.401003468693395,0.516858854908113
-0.401257243536462,0.597727435948617
-0.442876201856047,0.626221927519871
-0.457496574529994,0.667804989876126
-0.467147130654735,0.554727771446391
-0.474532471619571,0.643410160373758
-0.520181077152418,0.63742319201277
-0.52431637180561,0.633196573238692
-0.505012364101255,0.663529830877664
-0.514632934785017,0.658279133341211
-0.519839176729459,0.661291297442023
-0.488048902796895,0.614161595046008
-0.50626630235117,0.645674207963918
-0.517210946329151,0.676786560345294
-0.527478949717623,0.620569577770592
-0.567976913938509,0.594041540355175
-0.585097932452494,0.567530904417016
-0.589397719456608,0.456363220671847
-0.615304900863228,0.489007298955187
-0.578236860735779,0.466514317664573
-0.550308265490973,0.390038804256264
-0.615362807913495,0.330265646024165
-0.579126492713043,0.230344785423094
-0.617650957341041,0.224628782366455
-0.546330336828187,0.172376853283805
-0.587402149777001,0.164458250084437
-0.518660134947152,0.0511379348297462
-0.543008537045495,0.0592352496428873
-0.490840982675267,-0.00472986719965209
-0.482922878925027,0.0119748097092452
-0.501172497729866,-0.0404661038362233
-0.389215193961561,-0.120337511552305
-0.410838186473324,-0.127570132056472
-0.380281357668852,-0.113717888155462
-0.235958740086998,-0.153139605828038
-0.248918824003944,-0.109902426849781
-0.1698092536317,-0.195642977160472
-0.107021625780045,-0.131489634077076
-0.0252930123713709,-0.225153363845227
-0.0137820128331736,-0.17826451204538
0.006489754268049,-0.20647219423899
0.0691331789366483,-0.210789619751835
0.0654852698784092,-0.171265025936758
0.082176857922785,-0.25162282676737
0.156381279594902,-0.20825040087267
0.11821846884084,-0.104536604501592
0.208384741655374,-0.16217614305323
0.308914146882431,-0.129534910817273
0.292631524845426,-0.124330646572648
0.359734945265679,-0.136751171503099
0.356661540833643,-0.141364487737037
0.364595109012232,-0.190189472973502
0.361515295069407,-0.241626731954169
0.258136688367736,-0.17259565000863
0.46117208938087,-0.256610568728909
0.457841648056231,-0.333599778645005
0.395710017970207,-0.289849162225555
0.398612352782996,-0.298639593747433
0.410320572764479,-0.34458039222675
0.474739918195346,-0.373634434915728
0.447671466593059,-0.367754460631118
0.396744375481191,-0.344091711333821
0.435548761334709,-0.256695524556339
0.443806730545718,-0.349854308639002
0.472123362777165,-0.408114019306912
0.456506975944021,-0.30982746004884
0.413316397564916,-0.424757069371057
0.403627064400098,-0.430897720479251
0.434661185955476,-0.433426836045475
0.392206543486522,-0.454200733889944
0.348734496888138,-0.47168643177024
0.389936550781812,-0.472544625592358
0.244968187025041,-0.573800199419122
0.32485320157205,-0.631136187994573
0.240994079706302,-0.622799942352726
0.191724014761039,-0.678799455710678
0.201626105867115,-0.742056008679242
0.088387927075247,-0.694416039275912
0.0832481477902346,-0.663698060190797
0.168472948445072,-0.759688636600439
0.0761828982990293,-0.718127560740258
0.0949091076822527,-0.747152071499489
0.0843946466984498,-0.743249621244145
0.0302238570363799,-0.745496663550731
0.0426957987861592,-0.762968984894037
0.0417119277952221,-0.689031056547921
0.0177988364570574,-0.639995910928167
0.0312975898603782,-0.679003880121081
0.0165345150889533,-0.648205766109014
0.0565492296825448,-0.649928209002346
0.102102981682788,-0.640123284370222
0.0461581666224741,-0.624161837557641
0.0549930085353725,-0.660519139047885
0.0452998084022025,-0.587649223362022
0.0142173957649632,-0.623844212738568
0.00625833139554008,-0.566608713426088
0.00272358625256198,-0.568405322286855
-0.0473493319677749,-0.518482562071364
-0.0609214136021047,-0.513861568676727
-0.0314991048417921,-0.529712656854547
-0.0947161009018887,-0.484164811749262
-0.069529783343116,-0.375335549342089
-0.135714244850549,-0.444639725454571
-0.125197554941759,-0.402659912593525
-0.186614540231093,-0.337962654699294
-0.188121959481121,-0.296565984478121
-0.294583288659716,-0.275575222743848
-0.259903582240789,-0.276157203626638
-0.236990309491936,-0.270133458140635
-0.29191211198335,-0.201180701145708
-0.273844466455589,-0.145592381274989
-0.294127293980879,-0.15254496820425
-0.272814431656496,-0.0736253517278956
-0.356074131516354,-0.0445804363849345
-0.336824099978302,0.00381836735424348
-0.284790714024543,0.00167969773905477
-0.339377075184895,0.0518463078870983
-0.302962530055664,0.0685472241691573
-0.398500392771461,0.0582789693138128
-0.356411581235115,0.131510620147082
-0.343268814164959,0.209776138601892
-0.378078331319884,0.210332075172535
-0.356080497459391,0.25790241056146
-0.347434091383849,0.29148341363536
-0.264843840138847,0.370176851311318
-0.3350548827646,0.404779706110755
-0.297786107350412,0.367909605557521
-0.386770081817392,0.445220051566184
-0.240902233586367,0.490383908325263
-0.354741795377783,0.546088422253402
-0.347892782351622,0.540048280466863
-0.307724409478594,0.648610199402023
-0.240956583751456,0.626682535992755
-0.215440592105843,0.629139756888528
-0.282603107907446,0.562691150242016
-0.345364532610253,0.643902789119002
-0.308415297236755,0.693952264613233
-0.358486527189274,0.693602241640301
-0.266786749850955,0.633541166434493
-0.311983934573562,0.678584229009464
-0.392423896630184,0.659631133400416
-0.227015518449969,0.737028232176056
-0.165047985851642,0.745139408768474
-0.260117074714398,0.791280148592057
-0.204523115332191,0.819344557113178
-0.167680306881049,0.822476714381843
-0.172783518106559,0.784319754246001
-0.26272683979267,0.822394591622517
-0.216314441759306,0.830964038092436
-0.20980029870066,0.784420303664774
-0.17147630904772,0.753883604350942
-0.259803784921026,0.874936088869539
-0.217724497788507,0.86496520122414
-0.202123257281081,0.803464672026681
-0.271092072284764,0.865965486269158
-0.223180169538559,0.848518891352858
-0.244253370366825,0.80649143154534
-0.193814812779425,0.83414127673708
-0.219460981646106,0.877106603982977
-0.218833728788808,0.875378394137002
-0.183891531633349,0.789227813050662
-0.165901159794802,0.842193445699266
-0.197485734001606,0.861119189304143
-0.225455664886906,0.791116926838194
-0.155416986689864,0.884790176768714
-0.151889821821676,0.829098245769125
-0.0873873700776834,0.845040712212416
-0.137453557728243,0.820308694366368
-0.0561272197132519,0.825585969145549
-0.00780517849062102,0.8325347519891
0.0394036538023201,0.762988521792289
0.133679620794574,0.763885203030493
0.133489535771396,0.758338352595745
0.194729850145413,0.743160453357996
0.290096224866574,0.731349083007262
0.306405290581727,0.682299617678777
0.390032699571519,0.589333144893909
0.444557200445858,0.535158325834185
0.456464268702052,0.484961543964887
0.464559012390444,0.469693429382658
0.476803799809452,0.437420740488327
0.493836193557372,0.328411468508103
0.434635631143381,0.320812230746037
0.482988006937569,0.219008431764752
0.498218190643685,0.122803224452924
0.380854932097252,0.0489889005241747
0.34920913357092,0.0561656280892804
0.321121720631183,-0.0103685968554653
0.341817763150685,-0.0662412193162612
0.336475363486217,-0.0698519821378959
0.31706701920453,-0.248389247530149
0.346800783523,-0.264829300839255
0.21490310173639,-0.27843210614838
0.268806718973342,-0.335713260461873
0.3049894121735,-0.419788442614586
0.269482970768651,-0.506795737283368
0.263398669387191,-0.493079774832516
0.134939584337646,-0.457409782060008
0.19214738192017,-0.554483903169591
0.201497315444464,-0.572842812437561
0.204387907498807,-0.546689639832876
0.33021986169667,-0.430241906757777
0.187607115137749,-0.520392234685731
0.357303598276935,-0.390043947510123
0.272677080393551,-0.450182632218791
0.488597095966165,-0.419619737996844
0.270379798766355,-0.433975212329822
0.48885230209212,-0.390967377686173
0.444352914528627,-0.370438390843035
0.623745387693628,-0.431295216885528
0.582772820993533,-0.40731401480904
0.665656673131124,-0.448328993156422
0.539965917192232,-0.369502833264121
0.63324505752977,-0.351555124996864
0.686965023114773,-0.313598045091839
0.649979156474536,-0.218842239986981
0.717981785545212,-0.35719536468004
0.736385834460997,-0.325394629396691
0.806487223815352,-0.333012273113181
0.837148382898857,-0.279478025425378
0.800530258662024,-0.188641143506867
0.812648997921619,-0.0759907349446759
0.864063964990571,-0.17980162818922
0.891939251220991,-0.155802549826759
0.830978775801057,-0.129435919727828
0.816603563786288,-0.0520746476375745
0.88246110207044,-0.104656753815433
0.846749428018012,-0.0707816747932874
0.900419036370577,-0.0518550442708265
0.91148072621349,-0.0243776213428418
0.892976697277356,-0.0121206791886459
0.913227848694246,-0.0183748262680975
0.852493750967562,0.020861838059346
0.876462317681789,0.0481686421068791
0.89627214326372,0.00311596760763407
0.904515009485193,0.0357791449186736
0.850891466307856,0.075520501912712
0.883514658586604,0.0475799987306626
0.899660215912118,0.0857856318699878
0.813496979113019,0.0554609243961754
0.837367051444545,0.141452920872699
0.855947920185197,0.212753287115077
0.801816865611547,0.138124906470344
0.806570516042212,0.198789040275197
0.711307332960134,0.205904602334971
0.768571795939325,0.234453133325727
0.666796806032555,0.166951284140532
0.618879101848914,0.248372372550896
0.630870339755668,0.191678171989797
0.60534831283666,0.134668064620856
0.550178081577657,0.245270149267003
0.492471407092778,0.211077956097806
0.476804688814931,0.279933602533092
0.44039276639802,0.111009866941517
0.4389929971955,0.262927398423426
0.488950178291116,0.171022767889943
0.444776608542211,0.197554385256637
0.428224559978411,0.153154296976105
0.292902465350513,0.159517656847138
0.32997915700116,0.17610739844101
0.380547065118723,0.219384502766416
0.361035778565146,0.189548489690853
0.493799358209503,0.0966955265470913
0.382976055638785,0.154776266095142
0.337716391384506,0.0757004258467067
0.438498029211396,0.207960724466268
0.454029415672406,0.192348967951522
0.396268651764348,0.207701265452695
0.414732464157748,0.187362579038779
0.482733687504067,0.268178604905937
0.379442675868024,0.231469006170005
0.452373579771574,0.200849037122551
0.465390410903783,0.27924599774191
0.513624700339177,0.28942896208383
0.430061453857621,0.257595916241936
0.44098854379397,0.242451917628717
0.456434196022931,0.215561279646593
0.54257453091992,0.290453765439549
0.475838849382935,0.220936607760881
0.397138701491324,0.224681780806556
0.440104305984597,0.193194693181901
0.487071365288916,0.148734136678302
0.423165623758452,0.141470157816468
0.372889700184229,0.189232848637132
0.388870558848507,0.150293834388439
0.422188498668026,0.169634968900663
0.4660889173767,0.176740039673866
0.288591464618287,0.100959963850683
0.326212649921863,0.155271685198935
0.214702291685819,0.134128714799237
0.31251734291484,-0.00933371106397569
0.222376603516001,0.085598964344601
0.301480130231362,0.0367623208038355
0.269128067686053,0.131021599957545
0.260192003907145,-0.0554650702991211
0.39947029904631,0.0530056489886476
0.337347788302875,0.0254213056726359
0.375571569936667,0.101854492898965
0.270579093947066,0.127655970332254
0.294907238780836,0.0660905297962956
0.311827306226546,0.125972963202545
0.415356242380574,0.0439663151057754
0.262395904810291,0.111339119464972
0.416351579565464,0.0612322887616765
0.294847004311545,0.105993722024867
0.428065663687617,0.116016828123442
0.336294371258171,0.0662336512336097
0.349110702661031,0.150153237915873
0.362792743138191,0.125092425596123
0.38730831889324,-0.0334082842165046
0.310600959956073,0.130237134948967
0.349731076088825,0.182166933618098
0.351344769739568,0.146694301778989
0.250095318780801,0.180110670059643
0.474985212748373,0.202531379557853
0.352834525344355,0.190531233037424
0.387551942479833,0.243149842967537
0.373360368274433,0.177910215983324
0.410821634092528,0.189103759354619
0.452026408833699,0.257009989783328
0.354914112089896,0.186050481178691
0.289343274698914,0.266056415435569
0.381720472949254,0.191729024626278
0.286876138278111,0.17136326229845
0.301015094985931,0.205530988890717
0.287426707352571,0.193193622213018
0.313386838172549,0.178492385613349
0.239719351300128,0.189080244915723
0.350882199610695,0.241617611942434
0.316500296526017,0.140181344076142
0.284073241717761,0.165928641052072
0.374638076732285,0.241929881672432
0.280997326507403,0.224160105218342
0.333217996760176,0.282230164768889
0.349371047004871,0.301668865642882
0.304384713391745,0.236281248917993
0.321245922956604,0.30929678343436
0.221894485468411,0.282402320912399
0.261446574789546,0.175828776820893
0.215679321020826,0.245744306038253
0.289264569053146,0.273820673850302
0.178153188933683,0.160998030236174
0.1682043720485,0.35620402792457
0.253444957898961,0.131401723159324
0.253003565941349,0.326070183979877
0.184695080350502,0.231732723156836
0.247226266870821,0.307278255457524
0.17531310855532,0.165108582424494
0.130309496061055,0.193065213657632
0.058405689863945,0.191517636005557
0.272529006945168,0.10233708952432
0.188552465202133,0.226514567115179
0.14659464983697,0.115283786714885
0.13689003228523,0.0547469231675446
0.114012546666993,0.0759418939677652
0.0600553621619818,0.144045506700331
0.0883722942856369,0.0270750408812678
0.227322433020122,-0.00645946554514035
0.142032130496081,-0.062979596189683
0.0473015435111611,-0.00523582154561978
0.201776472651626,-0.0818479967433945
0.173593471186037,-0.0355911459245229
0.0948398559411177,0.0632707109204568
0.195813403700996,0.0112524775392706
0.146728888661038,0.027908398603069
0.055591793418908,0.00282734245879281
0.0933963294912911,0.0288519254003026
-0.0292155479292963,-0.0743984207053371
0.186763900130283,-0.161473588750024
0.156051216317985,-0.0726160525084281
0.0141227019295486,-0.094364567815399
0.0954117970059182,-0.0328322040436493
0.176796233071575,0.00898113338759419
0.0299894933275992,-0.0119126520601512
0.145028586779817,0.057460705033917
0.0454125810219535,-0.0902140576204392
0.0507531548411436,-0.0480385639628573
0.082898774447765,-0.0494384841731075
0.0983185387825727,-0.0539515996941834
0.116219952881226,-0.000688153533070007
-0.00709600906911422,-0.0349115525144783
0.104718425926668,-0.00816382326447627
-0.0494582079672769,-0.0774040364711449
0.0407279614977882,-0.128846594784004
0.0147951617151993,0.0271862166147562
0.128258029260643,-0.166912248998274
0.00891590975000068,0.00053225859882037
0.00291475353445757,-0.0580813437290814
0.0278811062128706,-0.0988892962090153
0.0380638299245564,-0.00944025446199178
0.0448335412428995,-0.0591537748135515
0.0288595355302173,-0.0333720646875267
-0.0397080154807129,-0.00762300993520957
-0.00428113140328113,-0.109840949643165
-0.0985250859691198,-0.0621278444113555
0.0161144980865943,-0.0100678114161621
0.078427900215476,-0.0831147042581535
-0.038781461030455,0.0446292765337238
0.0597920448578475,-0.107008612988925
-0.051999253991268,-0.0408957081602054
0.0124813588235598,-0.0854546463983017
-0.0487897506854623,-0.035316727486664
-0.0251070545996116,-0.0823838200079186
-0.00114760068213371,-0.000382533560711236
-0.0619045047838229,-0.132828424144359
-0.0613446000989934,0.0143451883089951
-0.096189497546095,0.0251590603670295
-0.0431773496516495,-0.0687139262561976
-0.121785113019776,-0.130262458909326
-0.126584025806543,-0.0650657886946572
-0.0378124963949731,-0.0300564754610976
-0.152425119588061,-0.0631815545675535
-0.130225740429274,-0.0970451866110992
-0.18999316912756,-0.0852677029310674
-0.115771954865976,-0.0194647395980577
-0.26322637494497,-0.0414875785672619
-0.261618429391931,-0.0774259101926062
-0.208654816412517,-0.001721584890911
-0.192763247406242,0.0159634918588754
-0.176087390126791,-0.0271440381915158
-0.273855048383269,-0.0875556862716027
-0.18618120892315,0.0073256455851849
-0.307567627115421,-0.0327203570548888
-0.166534145224937,-0.0446868830931689
-0.319938229911356,-0.033031265763036
-0.247952412572957,-0.0210495408749496
-0.386375341412151,-0.0550435629328462
-0.262533874256317,-0.124081677616872
-0.293293762617064,0.0262808985002345
-0.386991212614018,-0.0703886040259261
-0.397410521850119,-0.0286493745135791
-0.353192422038767,-0.0509027756645901
-0.458638204850411,-0.0590846893797892
-0.51192013090741,-0.00755544020942487
-0.465057977462427,-0.178302460275369
-0.595901989207035,-0.104487162570541
-0.450361087989319,-0.0865530576908431
-0.391194788392834,-0.0801530206926778
-0.471465793711667,-0.113545252228965
-0.499964874981971,-0.034368536275957
-0.58243826638927,-0.09266056702086
-0.428767416371614,-0.0340738583640649
-0.508407196976553,-0.0635413204887432
-0.45636555806165,-0.0957484808157814
-0.493124728958451,-0.0563352851118193
-0.521174938078465,-0.073317299073981
-0.547107509830504,0.0453966529069032
-0.53117074738952,-0.0196917089367714
-0.507691280619641,-0.0936122730604888
-0.534191265583238,-0.00470945894318541
-0.505894675613039,0.0178829443552324
-0.482581159480508,-0.00473620361220148
-0.50238627916451,0.0099021140468505
-0.518481811659175,-0.054104294516394
-0.551766128795902,0.00103584771038344
-0.485385933564051,-0.0162527303073981
-0.443991292218943,-0.0552572818265616
-0.642590015959173,-0.0391414367172818
-0.573566839780758,0.0113601485421875
-0.533845805516619,-0.0125981769885854
-0.638491785800286,0.0127368626883302
-0.554947421487188,-0.0290934157327781
-0.470472070581551,-0.0059950970361348
-0.477897882801568,0.0452081180945062
-0.637467811063658,-0.0375347377951834
-0.638435885116545,0.0308489386440544
-0.643931879419077,0.0173506693037952
-0.556332434297309,0.0220511379289485
-0.5910433827345,-0.0947676786860991
-0.632926891627544,-0.0924849650854949
-0.634215616532102,0.0336517180436708
-0.540239136613172,-0.0408785441238293
-0.558297770092684,0.00834806411874241
-0.538577367231753,0.0419377092259549
-0.53522100130299,0.0536397579726692
-0.542753825348585,0.0398219922505274
-0.470617778159484,0.03079650684262
-0.540002535995805,0.0951887821030259
-0.558905907169388,0.100943972432746
-0.572556882418955,0.017638849285655
-0.548051407765185,0.0858277439443953
-0.575767866756588,0.0110447790077112
-0.59480374639156,0.0493333116363202
-0.65899021542459,-0.0225948397411798
-0.646295944090506,0.0317697076759106
-0.692157734540133,0.031123402407103
-0.60697654974498,0.0196089702246411
-0.618102743334386,-0.00920543929790787
-0.637190919510266,0.00998828961286482
-0.686491356540884,0.00235911156215687
-0.569407812773857,-0.0373197308598103
-0.626946474958413,0.0376874662599857
-0.664929021864302,-0.0562116950029426
-0.533527079317955,-0.0571750527951366
-0.641187271179209,-0.0479113156595897
-0.6871941837212,-0.0342943773755517
-0.659196655744664,-0.0838235519777861
-0.663343332730789,-0.0875843659450791
-0.629566977352025,-0.147634582968216
-0.644080676182987,-0.232474880375512
-0.667980040314481,-0.121567302890843
-0.687731446004227,-0.206335215440889
-0.638515824396929,-0.167213436087348
-0.664858786025689,-0.221857602225219
-0.777111329772935,-0.238573989702187
-0.628996134036438,-0.136345394429631
-0.75265257040501,-0.207481552650967
-0.633895346818078,-0.290987459153063
-0.620769149735939,-0.248209200215658
-0.65402876842752,-0.292312998352443
-0.560325226907754,-0.259148349682044
-0.640366142875723,-0.259161289668459
-0.682635709124322,-0.226406935234025
-0.566603761107932,-0.251421828201268
-0.528214501259001,-0.249866014281724
-0.585516278492982,-0.298383106761773
-0.563262835022917,-0.147898579167536
-0.571357784942391,-0.301794404071276
-0.533775239329774,-0.245974538458323
-0.525420294051626,-0.177436061425962
-0.603589715004693,-0.383794761248993
-0.460288908174966,-0.226394430528958
-0.615903506673568,-0.197775120179669
-0.665108834925818,-0.218542607224468
-0.522527125073613,-0.28986249061373
-0.567521319334877,-0.189120536235876
-0.51745070199748,-0.248673550643922
-0.51385590512144,-0.239122310202725
-0.493885681748954,-0.196939147866832
-0.566767570683005,-0.133900355825414
-0.484076249542215,-0.254632011878026
-0.449734396493573,-0.167784065660161
-0.570526939240456,-0.177136234843168
-0.436453995866204,-0.164219746711523
-0.398237465674074,-0.27961340046916
-0.501791363546143,-0.21165518292213
-0.383517466541657,-0.191485030668506
-0.426928048320453,-0.177570003243041
-0.437733172447672,-0.188968330067513
-0.352771045250841,-0.267995559330916
-0.463398408361528,-0.20332077799541
-0.339182971462131,-0.325746717278899
-0.310659241568647,-0.308898139528295
-0.459790895242194,-0.205893814864433
-0.492353647766657,-0.28173310019544
-0.483138972788067,-0.31275417880195
-0.382970353146585,-0.362436773024321
-0.359178661172807,-0.364271541322809
-0.360851651417416,-0.377723905711582
-0.370508604252408,-0.440938078875387
-0.371645479210485,-0.336584495589237
-0.330633713436924,-0.445425828673334
-0.308024002441773,-0.421121567368547
-0.347061806801051,-0.507714072165596
-0.305848251267474,-0.445460901687652
-0.314038726279004,-0.452247725175343
-0.277035025336424,-0.550921663150219
-0.231505710560402,-0.529781572939495
-0.163156827025537,-0.428153467367846
-0.11808391480325,-0.555776658307439
-0.140749941403814,-0.506723027215527
-0.145806761282396,-0.603119907694083
0.0389595638315408,-0.486380185530361
-0.0885264934258645,-0.49796938982432
-0.0372861773268493,-0.582544744160094
0.0440967969717223,-0.509336161944174
0.0478738003831788,-0.580603547337412
0.0503060659026532,-0.621430475970489
0.0974419723556749,-0.595948014450144
0.109959476045055,-0.639208735160053
0.0622308196779999,-0.578051509161287
0.144540475645263,-0.61133464717271
0.144889907240724,-0.640697020588984
0.164451567143738,-0.648432416430177
0.175692585817918,-0.635554114415613
0.22020550265231,-0.685641957113786
0.149522440899038,-0.597385004830004
0.200544355029986,-0.679600698143639
0.223409605318082,-0.694680661241885
0.20815467208878,-0.635680051271655
0.231872049976698,-0.708738995532095
0.224856326974971,-0.656277272127495
0.265334100498618,-0.704508613705105
0.354689529737732,-0.630593692498939
0.259240025330993,-0.719508766175223
0.304401832375996,-0.538586098659696
0.304136535606264,-0.636496172989571
0.33841546844592,-0.60955611458987
0.422687237468306,-0.612735754905442
0.39589702574249,-0.476348025530544
0.387828846261002,-0.549183376427951
0.37788107987508,-0.497842521392598
0.377167536194668,-0.52416146981584
0.368561455397254,-0.49290697339736
0.441171095670504,-0.554755100697505
0.49139286620401,-0.419546745818317
0.512663867475888,-0.498122818930175
0.501168730221625,-0.418290280206569
0.469238417811303,-0.419370641675441
0.469123546266051,-0.44224512542769
0.393962012378134,-0.354570845120763
0.499212795084063,-0.288941684929361
0.471314197393036,-0.2531037239225
0.463366750425518,-0.230963135253317
0.460797696959086,-0.290910936019512
0.451926228633657,-0.181462789582338
0.473175999787834,-0.187998065783755
0.317991878181791,-0.17819711684179
0.448605294736953,-0.0728493119869928
0.294515617212166,-0.0556537943232098
0.401397244161166,-0.0324837428663453
0.309077812847435,-0.0400140364008441
0.252651606362118,0.083573871818138
0.258447543036446,0.090878349608302
0.299234193752311,-0.0392820244494957
0.165411582170333,0.097327206007208
0.214893476626661,0.0777967751634532
0.121123068136553,-0.00193364358816576
0.274764319403724,0.0443282703147859
0.196483231288033,0.119661541883595
0.263832781729394,-0.0195346067419382
0.165949153911215,0.0626243815120879
0.289629725149657,0.0477069358939181
0.198404350437451,0.0750785820223257
0.178679895086351,0.0961958437410584
0.222873502556009,0.0774410040241007
0.233183687846299,0.128997196488098
0.253642388720784,0.162242962955175
0.210000483469645,0.123173139236438
0.281201477360952,0.110798673190322
0.28117523871702,0.146088055906292
0.161496709386023,0.219039210060199
0.203572845224042,0.161767180186977
0.189049015499354,0.249367637009985
0.364902791033832,0.17900477821459
0.293802499048431,0.206391677501808
0.18168013271824,0.187030997049955
0.268895520963385,0.276549742123556
0.341545409395863,0.280188868259552
0.356770417728136,0.410174072110054
0.279287948108553,0.288811787069758
0.295077931640757,0.420329091554926
0.315681677319915,0.350887955770941
0.227471143759258,0.393449102633923
0.33327025624462,0.396255273475758
0.325179869449644,0.342655280371837
0.227417280908694,0.378142674760771
0.287899847647963,0.396744960495407
0.326552214841487,0.404343345331676
0.351632684399607,0.382611145784479
0.334808373598769,0.433674066949849
0.349545605090603,0.434736920356236
0.358878513328269,0.366050749859994
0.264141037388533,0.316567033574207
0.324039159585494,0.535431294415995
0.295295946838697,0.322278994963837
0.271633088838782,0.387257739942624
0.187198581744081,0.41994719642035
0.189424655399589,0.393130296533579
0.280801835630646,0.443029450292672
0.17897798048729,0.391887241490054
0.180973191854574,0.429921339808265
0.232375604604836,0.477082381995241
0.148408358410681,0.395373389784449
0.0931400861862691,0.457361906898785
0.162281243025469,0.327695851136049
0.204774086277313,0.529969966470553
0.194736787907708,0.486717811656417
0.22495985696181,0.453256662311332
0.20951916378237,0.4971706590158
0.278521933647604,0.573235557761597
0.293297564431713,0.53087412279579
0.206067755109958,0.342200070101571
0.183790146924468,0.504488031509855
0.187987986645292,0.4718953169244
0.191258510076676,0.416154698565194
0.285193877397362,0.429493435802976
0.20281819821207,0.441286855483581
0.239039593227438,0.450027787948413
0.267903135522387,0.512604202714746
0.311335761022255,0.445042165279831
0.273195144585257,0.427410244823566
0.277440062079334,0.392534577045569
0.383073343361507,0.439585041648392
0.319005433042012,0.395422271695669
0.214309038533092,0.362964678851187
0.361590761171198,0.383222612791102
0.273586346994532,0.422294504755117
0.388183590831841,0.461501024228211
0.352164134441841,0.345934567188174
0.330010694762573,0.41998765668415
0.372568581407787,0.340543662462392
0.375794828925689,0.21875383580297
0.368949654340225,0.417561166200789
0.304338123326577,0.274820610424266
0.356016354080729,0.254395583727696
0.333798224001836,0.346693154803974
0.434760470771307,0.275747191623595
0.458959210411197,0.287191347714267
0.438505823305239,0.330755260806602
0.443210345345791,0.279544404197139
0.551408684424912,0.338072047630725
0.503733525825931,0.299733448151514
0.487372076127367,0.234539764336428
0.540900332668342,0.357116981862647
0.508190342676894,0.28420699534029
0.572046597597978,0.214706541832134
0.487637638103039,0.21120219532801
0.526151279277422,0.183865286368867
0.48754840622631,0.223517497528811
0.526122242066655,0.3049213158073
0.489065046218451,0.251157527752612
0.570403692793322,0.22331954296134
0.578981758426535,0.271465638095763
0.596489769040898,0.179177512509469
0.564321938186743,0.224817074618713
0.506158668751412,0.181587599070535
0.624479113898272,0.17867990291081
0.570443715259108,0.1974492414062
0.649283981224362,0.0697976013858944
0.600350059116572,0.143660534825592
0.558975061191257,0.0409252993557346
0.63654005112659,0.0793040430687324
0.577362261663103,0.00523502093921244
0.710233660000739,-0.0526119409630301
0.552505314048336,-0.00642569629803473
0.639181828781083,-0.0628197714524493
0.592043282035797,-0.014868728724921
0.671323269973569,-0.0545068638518881
0.629335037253339,-0.0435669435005792
0.652347994480405,-0.0602781566649198
0.603456657920591,-0.0684094332123748
0.622684757492482,-0.0604707378718436
0.601640388131719,-0.105039688138728
0.595078397631989,-0.092169769132276
0.632260794923339,-0.130957638605326
0.689948198012714,-0.139513802619662
0.594990591788806,-0.122663801767532
0.740358328564009,-0.170463047164511
0.644056936946974,-0.215715639188914
0.664413618272604,-0.242378545222414
0.67343870786796,-0.262856640822908
0.66692480769591,-0.32929561733534
0.655717207540091,-0.270756410750888
0.570284903619505,-0.318313336847478
0.617913314922502,-0.313625720290799
0.634326917764738,-0.333365937608207
0.512733639524433,-0.337576654507141
0.642598138384757,-0.343747190687867
0.60131023307169,-0.360985818891868
0.538028427818965,-0.360241584491377
0.533666458355076,-0.416264749682097
0.562438157624241,-0.365858725002928
0.575484392148632,-0.324925198916532
0.521665223245453,-0.360324648053395
0.533622611132445,-0.348166249041999
0.476043367740303,-0.351637750644821
0.57184853820902,-0.401536779577125
0.491687156769057,-0.382835058729021
0.445984304162047,-0.370360155929056
0.406550007003731,-0.349375100640609
0.450200387124948,-0.364066829357692
0.432821853436501,-0.368074311544157
0.49015226069072,-0.399792941443515
0.500833993898318,-0.392762532468049
0.369633185828726,-0.344483750317722
0.498468503909186,-0.333375989820011
0.460033919106232,-0.407837441411236
0.421346882160245,-0.381073458406968
0.363116565031644,-0.32513330835279
0.373881023472271,-0.363666126466288
0.426012446326485,-0.380119733229652
0.436238575403218,-0.340860528069917
0.36427498809392,-0.342134229579379
0.353507691472219,-0.388990913170472
0.461893354382693,-0.309885208459966
0.317283950373453,-0.327086950856329
0.417470368310767,-0.306421990752958
0.372791131242587,-0.333123477263611
0.405079236335419,-0.390921707632083
0.362961907779039,-0.323917211854233
0.400749107462231,-0.3766628858616
0.20450024026107,-0.334569871728186
0.417314893329781,-0.322885121070285
0.327955581090105,-0.35845185986429
0.386220761817963,-0.336960746685964
0.401243810247242,-0.312307892624913
0.443643424632207,-0.305888275600429
0.385719984397129,-0.302093143372473
0.404949240676971,-0.291641779457564
0.384334886485649,-0.309096195369568
0.364650081124293,-0.302276745398046
0.390660768056545,-0.309402827398009
0.431255700394701,-0.193096132200601
0.438379873597858,-0.314245861210997
0.399793008770898,-0.323070799146645
0.374253567978758,-0.338541787570959
0.4976016566641,-0.393349436876668
0.435772962751906,-0.405568090414946
0.512348871237464,-0.366779048946345
0.425786363000137,-0.453286086526595
0.479174056505497,-0.406218090856657
0.449013419226564,-0.405672334353954
0.465506937940653,-0.469613360756222
0.495177433913248,-0.46358815478292
0.475215923420081,-0.564854621120911
0.406032779981398,-0.516313957094103
0.489075042133537,-0.572774787630729
0.425399111716515,-0.556249406824907
0.480393936635783,-0.526954465898815
0.395787874425482,-0.558141655612655
0.431538735018069,-0.504298859030321
0.516655787165906,-0.530631324218308
0.431952403177591,-0.537833504447926
0.511613907038476,-0.481338818288181
0.537634482708818,-0.492885163082365
0.574040015946596,-0.479367636832796
0.556801821666816,-0.457862770263999
0.578776706875353,-0.463478125456827
0.575790367343232,-0.41447095363807
0.526728864942219,-0.482928758136112
0.513802248484974,-0.439742472011997
0.603797603854102,-0.490423537242744
0.521272082666122,-0.479580233783241
0.526482030120846,-0.474030974712284
0.458091998527043,-0.481048354264078
0.425839849328294,-0.581441398147021
0.511227804406036,-0.570348013755419
0.512803956415402,-0.59038923344454
0.469178850050759,-0.547186441904323
0.523183111216101,-0.559159537203186
0.477364926750891,-0.609922257185262
0.503339741486173,-0.575229099578656
0.517265783971445,-0.562391428519024
0.567376606501578,-0.581267717187673
0.544029034773197,-0.58834258566408
0.484205048946236,-0.575676728349146
0.477344499797263,-0.590629812381523
0.507087195876398,-0.561454161584623
0.427100754301795,-0.538882913320716
0.475618607351426,-0.5864573054254
0.389127295451286,-0.505653971625422
0.39752862775911,-0.58775828147062
0.408966623719442,-0.470281879219108
0.337840649961108,-0.523763584675378
0.238236803723513,-0.452199840277736
0.308439187292055,-0.522728998831737
0.209151967637141,-0.488595199061789
0.301215814841571,-0.529833581084309
0.16170946865587,-0.510271090628784
0.156922727326488,-0.458883481322817
0.319223893211782,-0.44874298190553
0.114896185527027,-0.560388963455204
0.144755240768794,-0.553148971885211
0.11653322363584,-0.570828572890837
0.0527977891500186,-0.529113736210825
0.033764413026148,-0.521512399965066
-0.0428065361239866,-0.566878522987981
-0.0486887350197664,-0.558502616887537
-0.113405544670993,-0.598470137033753
-0.156959265155475,-0.601404296693964
-0.151014228790972,-0.669251876673187
-0.245054177813636,-0.651711445178282
-0.291525493295705,-0.658000187718213
-0.265842006103498,-0.705500642854043
-0.358819756975659,-0.659331657657335
-0.470992851881628,-0.648913435403566
-0.539583569516268,-0.614715771986607
-0.571048691447819,-0.630091921771643
-0.612768269036024,-0.584261281553066
-0.684283057266589,-0.550100719654669
-0.707472880158287,-0.456173620778346
-0.731418081576549,-0.433170601393886
-0.743969081423124,-0.345069446566954
-0.827075660985474,-0.307785354253882
-0.85274051440769,-0.262105802501177
-0.87176713559067,-0.191408279839419
-0.874395972669216,-0.184965737732765
-0.901201863640651,-0.152973557937585
-0.91838392424359,-0.123420971376139
-0.881165832967418,-0.0936749311198676
-0.915696827531479,-0.061818538908154
-0.930970394376743,0.00790652059804957
-0.929216814482248,0.00306217466788746
-0.920557744026414,0.037814074565724
-0.949014759686359,-0.00254505666162488
-0.910924423605719,0.0475484306444426
-0.959482098690439,0.066709190623179
-0.888877206838832,0.115261609261288
-0.940503427063937,0.0629624546164408
-0.899061459763082,0.0513436752824616
-0.887157952126827,0.0792075402024633
-0.920126072995647,0.113214422822484
-0.937204331966925,0.0797535681088522
-0.927415080318952,0.0894539893249467
-0.914708369203307,0.0157072690267282
-0.916310583995246,0.0292598195740963
-0.862852707144518,0.0855270744705389
-0.915463497054082,0.0248119532053736
-0.771435470307168,0.121615031970785
-0.936064100821837,0.0499379672974401
-0.890547280228161,0.0963420495229477
-0.88397809547069,0.0419744720381101
-0.911998242169907,0.0317181235122672
-0.930906404508064,0.156606083986251
-0.81647981058226,0.173805415015786
-0.87306672616598,0.151823422268711
-0.871219930510478,0.19864066532372
-0.878158416841771,0.169896959115432
-0.888128756569191,0.163672685717954
-0.877323726736504,0.240925357584131
-0.903089169889417,0.217492813175285
-0.876313383693123,0.209310766431394
-0.815643705368299,0.242740619180937
-0.787051735673218,0.268175838579517
-0.864603013873534,0.248984324381795
-0.794931992192838,0.228430741657206
-0.793916989285113,0.315233478637265
-0.715343605248499,0.328570989552221
-0.799259920812168,0.356198420686424
-0.798910709194979,0.382068171032577
-0.71994223458875,0.424153804022836
-0.711821850847852,0.400762661908922
-0.729434856704825,0.381875849582692
-0.699520748135588,0.423122843822668
-0.757823379170631,0.41844102975946
-0.747199951424791,0.471232144098661
-0.788000655656001,0.433386216882224
-0.748654663975875,0.472092115665618
-0.744954783204595,0.479256270296086
-0.615549837881952,0.529528098926623
-0.673005850756971,0.531194532422584
-0.592229359097174,0.486295716261923
-0.596566683943554,0.531750880546486
-0.682020678077088,0.509964143439241
-0.559351927571686,0.578912255019707
-0.584107450640061,0.488465864561291
-0.513129198650722,0.618033054155484
-0.540453592719779,0.593178895746149
-0.54682046362476,0.607258650650802
-0.53476142855811,0.661915482313841
-0.44963260575626,0.65202825507932
-0.489570311929571,0.69364723485106
-0.440115328344203,0.693341759296672
-0.475689791266553,0.678015399271996
-0.397730309191244,0.689840589059612
-0.359189469755784,0.669449622757796
-0.362468909064008,0.741733044257179
-0.337561989074314,0.720448160427064
-0.279661286103169,0.733885193045283
-0.322845141663052,0.751014179368342
-0.355298768778215,0.734016597779507
-0.292085931024198,0.758593090928117
-0.274115053465089,0.769455686587313
-0.286179001498788,0.693754600621994
-0.239947911538324,0.807003102887151
-0.21857695010326,0.727064521776454
-0.275780925004012,0.784548850490572
-0.183728307180673,0.756149324810472
-0.178178605399898,0.75676504599903
-0.297705089027429,0.66582652825078
-0.205942322963713,0.708510496825415
-0.199716176411292,0.74400125090387
-0.230248894465988,0.801058139128091
-0.194426026014297,0.726412888893132
-0.161422988508845,0.784438253807761
-0.178649703882176,0.759572228701434
-0.116149062532556,0.751164448692796
-0.136234552731992,0.757559097285583
-0.0523263066403636,0.791279755235375
-0.157388829518928,0.743409597642028
-0.11832591253509,0.651266757291832
-0.095132637527937,0.68878563816248
-0.0574636623464369,0.659769669397594
-0.0539859409984815,0.70610877717817
-0.0316192282038605,0.701996052236636
-0.0458344426560991,0.677755799672827
0.121915072958945,0.696597448170149
0.111220993299626,0.640897175267066
0.160199571387183,0.710689325054071
0.129724314289257,0.59544622634245
0.204828831974162,0.61439110462406
0.223749941023159,0.572137874066257
0.254545458273097,0.556684582168316
0.341323205142647,0.53723338769882
0.233487861345177,0.484292097692489
0.234193279944763,0.516235059054353
0.342085072321134,0.505116371449102
0.338888259381088,0.467908663752382
0.337228919923,0.485308594609083
0.379223418221427,0.523987089606763
0.357329306072351,0.364666035638663
0.394648753574937,0.429755426738618
0.388618114735344,0.40251598574044
0.362305357209337,0.34072232489673
0.372159355936924,0.365687686787153
0.271610839284552,0.327817692303931
0.372659623513176,0.285998386158721
0.375869515831196,0.330663553097762
0.358320195820346,0.300760699117894
0.360480369533314,0.21466874011894
0.19420894418045,0.316441548953391
0.256002056209846,0.241742728053675
0.360279102971596,0.168649016430492
0.343608972773694,0.215514791526089
0.269998067676414,0.0335189853618548
0.236675989104377,0.0801014765651478
0.21861780071731,0.0584319717468618
0.332547420537629,-0.0411508705269495
0.284080390948975,-0.0630156334374513
0.2238100107347,-0.133826174529357
0.221662619561561,-0.123965871326026
0.295958117860728,-0.00345702923357528
0.144987265601405,-0.125942106515173
0.126430969405545,-0.233098231347098
0.104405740930836,-0.206854689058728
0.243193982931065,-0.282843895613518
0.0173141605254287,-0.302901101594447
0.13327417718393,-0.2614743240532
-0.0181228321660786,-0.322446902005081
0.0379010561930834,-0.448777527535646
0.0163760120245614,-0.404761876389707
0.0748880461758615,-0.420760597101357
0.0917136787213501,-0.508714611225308
0.0244720742631581,-0.419302152400404
0.0429650156591148,-0.511153882832057
0.0367058424239906,-0.510916500606761
0.125565627883177,-0.559435829231051
0.0273503561025638,-0.566417890319217
0.143609256654924,-0.445115479008678
0.031841195055414,-0.481882474829701
0.113089705049482,-0.609076406040786
0.13848826433486,-0.606652698852883
0.161468264872903,-0.62215832191317
0.129999412270454,-0.617346338675094
0.0630374197446308,-0.603721899340039
0.125738681524247,-0.701240613529844
0.154451816392466,-0.653384671134213
0.0509902668624521,-0.649884952377421
0.0607658031742596,-0.642164400685396
0.0880348218224824,-0.582561715688559
0.127193088015329,-0.696740632410875
0.108625942180344,-0.657071756693348
0.071781090576881,-0.678833225363142
0.157117036313373,-0.692539569403797
0.0707027940539134,-0.67371873624983
0.115548970378641,-0.671132018677113
0.11732007657897,-0.66751966077539
0.0699234768493099,-0.692416898931585
0.0654404944118268,-0.766664475499154
0.091379810563193,-0.733624756496781
0.0563214762258024,-0.698802360050316
0.212247804919935,-0.679857764666761
0.0699849154031144,-0.755325001255698
0.0692886396687334,-0.719078958705066
0.0954960377747637,-0.714103124509387
0.0843227597705545,-0.668159043711736
0.0361881728587099,-0.73482025942359
0.0683756299808014,-0.704144153785796
0.092074931668022,-0.762274170866153
0.0205229196040623,-0.722529946857399
0.0836861254006594,-0.804535708373541
0.0249955035102045,-0.672956158360898
0.0552971584835924,-0.786826206375786
0.100838001247799,-0.75129335154145
0.00827351510246938,-0.802418835033343
0.0739134064282855,-0.788929697736796
0.0462652017249496,-0.780403074850774
0.0430531746493564,-0.832590311291861
0.0539004919743667,-0.721516465116859
-0.0308718173662724,-0.775381294763987
0.124935052628243,-0.682224467977011
0.000765244908743664,-0.723075614976985
-0.0230038428188271,-0.771757276930665
0.0736475401892953,-0.765847069571099
0.0890227312731174,-0.730812936488031
0.0862230749894103,-0.800375806481116
0.0620627835910295,-0.815963542522203
0.0422980438789353,-0.738564564990115
0.0764196573482537,-0.800380520565306
0.143648116904537,-0.769019297149139
0.115806302653838,-0.796476214842664
0.16549042565282,-0.719560946340979
0.187125128155692,-0.716110089668755
0.17320671350794,-0.772614501942096
0.158667567983953,-0.727125666120355
0.139975769675773,-0.650604761475384
0.109901142665842,-0.766189174837998
0.104912555323616,-0.754978075287232
0.208973334518596,-0.651971205864674
0.0895038421408896,-0.62518671062035
0.169815702318254,-0.665521260241691
0.167726136349741,-0.607298831977761
0.185951146780276,-0.669323898656671
0.244953702330582,-0.639612589431235
0.223328610742922,-0.689907077765025
0.226441780547518,-0.657527559933826
0.319609458228866,-0.59468467264884
0.221386466781336,-0.622310460593357
0.29137505143611,-0.564427508742881
0.204267613758524,-0.615754710185001
0.34241429635057,-0.542629047248841
0.279581331073741,-0.554638986204415
0.270108219487981,-0.544614957047897
0.31044875813633,-0.456949317198698
0.243179264223065,-0.3671151141322
0.34736527522095,-0.46429257224185
0.40356256036317,-0.567954193843297
0.296740747671123,-0.425727035476676
0.227403404653028,-0.297236530684894
0.322536684425487,-0.407532153968095
0.339814690722106,-0.312773178987848
0.244216369548819,-0.209705326559584
0.384341842471483,-0.253241481219713
0.373080300003825,-0.230490485339654
0.322697743532869,-0.202045412620313
0.320450719720142,-0.112201371119225
0.47734088062016,-0.197023728416558
0.487680738117314,-0.146748674346544
0.498295911716439,-0.116762211045649
0.538374542360349,-0.0568296817506615
0.488386654346161,-0.0589891170893136
0.474457091106829,0.0940613327575857
0.54684764064702,0.0304146340862638
0.551742899926971,0.0164245877021164
0.471593229955022,0.0834946452052223
0.459090044229328,0.035756586399304
0.535042286287017,0.116141523615313
0.53896902553213,0.0502030213572377
0.538251314872596,0.078097541749217
0.437199612674608,-0.0240431116609372
0.498519532607158,0.0133927751028034
0.540852396336801,-0.039522220435891
0.390086828326766,0.0925629326252048
0.50044398805183,0.0438946659870652
0.437540602507364,-0.0819461461048964
0.461595791641599,0.0616567386215491
0.360776813053321,-0.0767648711192124
0.49678292743387,-0.0172648025801087
0.486183207801924,-0.0267873804046365
0.469050615581352,-0.053675327689592
0.566994789536392,-0.0532060456044066
0.547098242692704,-0.0726552139485027
0.560705028260365,-0.0199345660384001
0.468238622205112,-0.0175979879782233
0.554095374060068,-0.0587737645837059
0.588926290831995,-0.0638532605502758
0.516888640084717,-0.136547424638915
0.595019236731316,-0.108933469305449
0.60953894868225,-0.108344229701028
0.528134956711965,-0.105858927350924
0.528528898627085,-0.095781535618603
0.627482840609905,-0.0793591894530339
0.520499201142855,-0.0603697430264158
0.621117559340249,-0.0965230321637374
0.652361415507718,-0.103749338094412
0.620543634937778,-0.0349207267569129
0.551682980873763,0.0538600979574552
0.57793736591975,-0.128129286114999
0.569504260564963,-0.064403756733758
0.566975596512393,0.0315056940682179
0.60177214987068,0.0245516147167028
0.589832957881259,-0.0201944911619626
0.529739660335574,0.0116633915358463
0.612453344784226,0.109305207706234
0.518994332526986,0.222652870312844
0.565007483113447,0.20093150657002
0.549208806666845,0.219694614942251
0.478408494229455,0.188690231932895
0.506274289565353,0.24534947943674
0.405261204993659,0.232070878260364
0.367922077240591,0.248138205151496
0.407632817273196,0.357279290990571
0.29797446807738,0.33582666678226
0.278178587468085,0.39625184929072
0.287464253836919,0.338582741533026
0.289860310498982,0.445412109174627
0.316197080815442,0.365779006239457
0.121239402368745,0.44654228456658
0.143805724145006,0.323161385499103
0.0969790827840678,0.411730850812963
0.10382382194125,0.474606590796784
0.165089245469108,0.469732208110014
-0.0689914139242227,0.358712260525599
0.0349162451269252,0.479191634136462
-0.0567531682571614,0.314041305147781
-0.0969119092609186,0.379239370786478
0.00812728055313085,0.384518278588063
-0.0559106285289853,0.367971485082925
-0.130298428269222,0.347922084808737
-0.154887949173663,0.25648807807439
-0.204317559875554,0.239596306807987
-0.258548871596707,0.30830832998897
-0.292807598801317,0.244305813028693
-0.274933387552283,0.209309316997179
-0.431911233527709,0.341319477938051
-0.356344298410604,0.312197910848857
-0.478734543073735,0.355394165217449
-0.489148984191383,0.264065098617648
-0.450556927829251,0.257313772725328
-0.538550134148973,0.290668556673908
-0.546330256405542,0.209287165094557
-0.562167542634539,0.267436010063884
-0.64893510928255,0.20457665631621
-0.459478269145301,0.193502119309187
-0.647283206260167,0.147495671945004
-0.562371522026101,0.122889889911977
-0.535526893547709,0.198343824455527
-0.571267242812539,0.0952042626694785
-0.550022047438348,0.0680017413221627
-0.635952860787448,0.0845876876892531
-0.636739435873811,0.0831391408476913
-0.569673958781733,0.0171611707069734
-0.596761113553681,-0.023221462343248
-0.624066434864756,0.126898621805586
-0.515893499972246,-0.0738822331615867
-0.609890685865299,-0.0240397751239088
-0.725495874764646,0.0894678572184502
-0.63495216881171,0.00179347136088687
-0.604715660555654,-0.056928251797783
-0.705084331028624,-0.0155319185357884
-0.741307463257393,-0.0255027839707091
-0.657970834748918,-0.0932722536868328
-0.715570477951041,-0.0299282238091373
-0.669730216000396,-0.0762437785840643
-0.64604351531968,-0.119191616622768
-0.587037520967079,-0.0904400027564749
-0.528171793742549,-0.0570483414264731
-0.711997543578508,-0.193818221172862
-0.589833991679753,-0.111984361623416
-0.56800031177482,-0.115560048851331
-0.674804212393657,-0.105616955394481
-0.555230475677074,-0.133238773200342
-0.648170654041472,-0.279556449854633
-0.604232056683959,-0.178599928828327
-0.518719881099234,-0.224155045569171
-0.545343344046792,-0.248448242986885
-0.557370320436488,-0.323186428415432
-0.467854359421137,-0.300267119869949
-0.500001081967387,-0.34132339966704
-0.476615812137475,-0.413015502557536
-0.40629987300668,-0.311003995524432
-0.365553593961248,-0.294470218458515
-0.349821111491268,-0.309830599224097
-0.350431340475976,-0.30901390521006
-0.423350464189212,-0.333302621168788
-0.344042201659104,-0.245295881659005
-0.232252258465376,-0.332060092637787
-0.372535777754327,-0.251180393619296
-0.159471755288994,-0.192617939851762
-0.376352016239386,-0.271931065755585
-0.288996780545566,-0.319953145344694
-0.348111056092322,-0.186423280150476
-0.376852985690269,-0.365169061462822
-0.500722667438004,-0.200622141941641
-0.349781155563395,-0.301870311324115
-0.399466353440656,-0.301549256162324
-0.406741415187753,-0.36642694557082
-0.329782891274202,-0.268745904135886
-0.404908928072975,-0.287791112146103
-0.446074013953737,-0.399518898455386
-0.408604382417891,-0.333614847323069
-0.563342370284049,-0.354549951478589
-0.352207395638076,-0.405893427514175
-0.368213674166365,-0.309487090989416
-0.420786243434664,-0.315112546618627
-0.265796989150034,-0.358824214178267
-0.42275350476911,-0.266834061395276
-0.422202285228195,-0.381005161419456
-0.471127395829677,-0.368015307585886
-0.329168277324327,-0.327025144873601
-0.425688757140075,-0.323546882502177
-0.427954312165881,-0.312644434868438
-0.341249437988655,-0.310428442672295
-0.499036561809512,-0.259159472347315
-0.562664755992408,-0.227336371911871
-0.461302465671831,-0.288751067838795
-0.376482960087222,-0.262610930078042
-0.360002125101001,-0.322159779848885
-0.417637559972418,-0.308921789055408
-0.507092396393891,-0.139604204291785
-0.42312536122865,-0.231062941177368
-0.354826074344559,-0.129854154906813
-0.444098113225739,-0.11696652609672
-0.359884453092906,-0.0547766250495834
-0.449264276952589,-0.0876910480660632
-0.356068091032277,-0.0193182063314302
-0.388239061607714,0.0415126062751741
-0.50687438886619,0.0418228686611603
-0.403412096670802,0.0903501098674453
-0.369989572751707,0.0772239772923193
-0.406569906997278,0.172672332861142
-0.419424571829465,0.193769240772275
-0.381363918174655,0.309522271393456
-0.325515548715803,0.230056135805779
-0.405889023053058,0.387813313933893
-0.360438551284459,0.477241704352713
-0.385875162167332,0.433578434965329
-0.313879105729948,0.430110700549428
-0.380229396492754,0.43329642612165
-0.220997820855781,0.581918076096105
-0.285267572060762,0.511273058240648
-0.250980986913471,0.511765299990716
-0.273423262327081,0.647675015829618
-0.181374276621401,0.538573666710787
-0.243790100217058,0.669072470469354
-0.114017918553504,0.561140853677476
-0.117038424221182,0.693065114503609
-0.0751736167383511,0.700938548177425
-0.0597383775616629,0.71240791857445
-0.0387940965391379,0.754408876179492
0.143466759081091,0.728684484703746
0.125523278235437,0.733598368906444
0.17989743217765,0.651305017570875
0.301575216476455,0.706476331627797
0.356973251512796,0.609833217937659
0.373338018193159,0.602257087690024
0.430319239506658,0.564664426761021
0.54707830900863,0.43593667020059
0.614802426765372,0.438460205524884
0.539024616669667,0.347841730497322
0.642901591916704,0.235010557931087
0.682579310955015,0.293973909039071
0.61134006882292,0.173600029872119
0.668007040309801,0.13322610730711
0.693192201603119,-0.0821452852799964
0.668698973112063,-0.0616614493681652
0.726028696102281,-0.14610767743721
0.583196675142156,-0.234834269868098
0.581520991490676,-0.338385654769872
0.62575138831221,-0.236803711153564
0.604455556707659,-0.189986826991586
0.575151874105617,-0.304733729217777
0.568770017791321,-0.349555853629691
0.57094681925728,-0.346445623809041
0.518781049539334,-0.440349570510836
0.542698800029765,-0.393039874951871
0.357088138745525,-0.432122008935329
0.317326289946612,-0.477995884982886
0.432531367565689,-0.510099957796161
0.468955431557512,-0.456783212687937
0.331459689120025,-0.519272709718534
0.378157647948922,-0.49115747625339
0.274324326016674,-0.410316100271981
0.29465238876447,-0.528899021265876
0.168825978680388,-0.499845892988151
0.206618693952998,-0.499434578297903
0.0795157592757261,-0.420813163016521
0.130407837896497,-0.534534143415818
0.169211515041035,-0.501707556604349
0.0528473125766354,-0.409619703029877
-0.00219393289962557,-0.538302643370646
-0.0994013992025984,-0.472791301913451
-0.0101907906208252,-0.440975029574638
-0.124533595879938,-0.406190009996582
-0.17860283358962,-0.333657037610745
-0.263194915941941,-0.323396757998258
-0.245072954255411,-0.35977757366145
-0.368209636706621,-0.243131512422415
-0.331015373544054,-0.238547645453247
-0.477069834408851,-0.315718343630464
-0.419818938986737,-0.258382643036065
-0.586949048966125,-0.157709233891383
-0.403313274164862,-0.213243679916295
-0.647145466272122,-0.179377819227383
-0.532874580662854,-0.150575597607977
-0.531524980895678,-0.0691711914535259
-0.634025874685084,-0.0377331778431779
-0.555685556501413,-0.068515778473342
-0.679843275075821,-0.0320516655354723
-0.658090530403747,0.0350548600685541
-0.683410724531868,0.0485067243212781
-0.780570596498454,0.0528671944272722
-0.811806584265286,0.0631589977842229
-0.750082230219983,0.0990521236383795
-0.763021327265282,0.0696785590468725
-0.718990764324343,0.0639043128080562
-0.773011090737157,0.205905570568464
-0.780382979376424,0.155880948626015
-0.766176141311811,0.287048695131717
-0.767876114029417,0.305435042832402
-0.743180390169727,0.343672842552663
-0.651035693829143,0.345275571294994
-0.804418288290665,0.40304974919912
-0.747087221058843,0.443986059569448
-0.718004360438531,0.464577933926351
-0.69029063894838,0.49246340410458
-0.638611996515498,0.534977274168294
-0.641882160087681,0.522763282297275
-0.613320605068948,0.559672456126627
-0.550780326130061,0.539777082517988
-0.514128190001655,0.606360170369592
-0.548520655265541,0.624095392841658
-0.608528611479158,0.625263270821994
-0.52980673324391,0.634150619111249
-0.523643878976405,0.684915221116965
-0.54347734227588,0.551050939393165
-0.508887032741695,0.628495238758252
-0.402807169182835,0.669312377608847
-0.328206375848169,0.640235577607854
-0.341727437776663,0.778824580650297
-0.220628505728272,0.680346893426829
-0.250433119174746,0.734248326921879
-0.15988898427726,0.752802293909088
-0.098322895270478,0.81042818087346
-0.0839239858264111,0.821184718932248
-0.00207017097866907,0.745808023155238
-0.000570815846526811,0.821429672535864
0.0316622413939221,0.837022706550772
0.0256579922988289,0.783237778222313
0.0324095025124297,0.795233429946036
0.0887957154836262,0.815787563970947
0.0728643275130629,0.834788386103115
0.0750982086101365,0.837464934581485
0.0467306360655563,0.824993476173076
0.111595996912895,0.811252127504794
0.151999519197709,0.804904834665184
0.117198948057081,0.821125515850211
0.0946696733365013,0.791832499594185
0.122315609170626,0.804912921213786
0.162237014070036,0.855008800889409
0.134147293704037,0.747272780305332
0.0554277999438637,0.860869134482153
0.0775484217099262,0.814106841341445
0.0525511946892988,0.823017613730575
0.0670634649271144,0.803071182470943
0.0595234435596911,0.771255442364701
0.0469860717047621,0.8105149628329
0.00527510058180026,0.759206794781134
-0.0400227582039414,0.873250494990122
-0.157510908798025,0.840278219725598
-0.153007623585181,0.78901624211187
-0.156591539115802,0.823820597682873
-0.175934071203992,0.825958574781003
-0.182022942825923,0.807290471528856
-0.276124810903178,0.803189578945359
-0.368558905999991,0.817443135114234
-0.366810582184711,0.791352438112802
-0.365072050217011,0.796552977682795
-0.337462636571975,0.841803815033475
-0.409990400525007,0.787745157604362
-0.459061022977267,0.760895370549897
-0.513845351887399,0.73277016954993
-0.512681808630501,0.713972617946113
-0.526385928064573,0.698156619811057
-0.477129999167493,0.76774657478785
-0.544455832987555,0.697595136502502
-0.52465570371673,0.704607327055974
-0.605779403734749,0.656043517643367
-0.550821564956438,0.695044518426844
-0.660513632799,0.60405520285601
-0.638523444600895,0.599743026519747
-0.65816489865802,0.476474482983477
-0.679952153044631,0.485481559765225
-0.748197510228498,0.400498441923647
-0.679657680709667,0.393865970106564
-0.731508979434976,0.308921723529806
-0.671403824456301,0.261344367824873
-0.754215451428444,0.189384684544286
-0.754293232284158,0.116118010329479
-0.763323095646535,0.0983614468612795
-0.701909356736593,0.084733979268415
-0.74327833308701,0.0568519766345886
-0.715601354168482,-0.089845331905502
-0.646496898274948,-0.100427442094855
-0.562801776733077,-0.120528534839359
-0.533541182123297,-0.120344620920159
-0.512581139886346,-0.146708230264697
-0.500162686972099,-0.215547086784057
-0.421113057583542,-0.2001523275462
-0.395347586750441,-0.197949271984676
-0.448786242334639,-0.346300348459674
-0.267076373140988,-0.296444191972257
-0.167773371755582,-0.374710846335168
-0.154019125758102,-0.406984088736897
-0.0413985533023063,-0.377817944305421
-0.0881152028282581,-0.447505203151823
-0.0948284964879236,-0.480225218362823
0.0760855530492763,-0.493751429828748
0.0312463756151745,-0.50687993474357
0.11188290311839,-0.436097817792101
0.199264186382808,-0.508162166679427
0.0882278996468403,-0.498887784855515
0.174800693350608,-0.580435593259501
0.205868877138529,-0.585607340888877
0.252967352365888,-0.597735403947127
0.297155507735503,-0.543463346064451
0.250195404910493,-0.569456668673047
0.205079119864787,-0.493660638215608
0.313052171972596,-0.566850460715958
0.302669873070319,-0.560974466087539
0.288540753139038,-0.522768750773148
0.313585815768959,-0.480994895264282
0.350445932165669,-0.45388689180367
0.279034185834938,-0.516203264635639
0.264432594537117,-0.421682771200129
0.190487284599093,-0.45632624799877
0.223180163687054,-0.448423653718729
0.193160429273188,-0.441434280161269
0.199638953137168,-0.375882099538324
0.199080640736847,-0.482200723768523
0.260110393074726,-0.379811985332942
0.205798405010657,-0.404100460605472
0.140623855027054,-0.349823605979808
0.183273903409838,-0.232966878768689
0.0940859335087308,-0.35721188700395
0.139196704961781,-0.324438635040248
0.0705914689758259,-0.258760674093941
0.243229933114018,-0.399203260020385
0.0629888104288751,-0.244632131757096
0.00548797876571304,-0.353215301690883
-0.00326287821519163,-0.321472327293975
-0.051122665467252,-0.229001409127046
0.0605322629036458,-0.21864112731513
0.0102959102321543,-0.338794734292043
-0.0113830167651894,-0.216638844516564
-0.0779675722568616,-0.337616123853749
0.0311466452991754,-0.280786828487358
0.0222879732914641,-0.339353545273015
0.033942523162158,-0.277777031072867
0.0555802621675447,-0.260227533525547
0.0652665250319532,-0.313138360145766
0.0125935310026944,-0.28853836893795
-0.0232706709839342,-0.280517686041508
-0.0622444354386244,-0.338287288741261
0.0279937348902783,-0.231324233054264
0.0582480545745872,-0.396485759584215
-0.0423261822035974,-0.164619416565271
-0.0912128458637948,-0.348205826379429
-0.172977823896589,-0.286227659106028
-0.0485227217053908,-0.278302487227626
-0.172113175774842,-0.325458987447162
-0.172617420671011,-0.27958653282071
-0.0460326077248564,-0.262016713238022
-0.174903007478654,-0.377628049687612
-0.121675709976137,-0.334604893992571
-0.0753156096203162,-0.3789842124615
-0.159757430033036,-0.419829439809229
-0.0661138335469718,-0.358268720466166
-0.179859785396278,-0.384824563637458
-0.0265162261978788,-0.418650694729854
0.00143939427919349,-0.331835815560403
-0.0269487495378903,-0.439462203679546
-0.0315810152910983,-0.316407725404692
-0.0344347794412379,-0.454075968559804
0.0582424524408534,-0.402881765290158
-0.00432635723085929,-0.400662190143442
-0.0278888509991581,-0.497994669817025
-0.0494414237694314,-0.479390768490659
-0.0317152160772809,-0.463571888829822
0.0823916479464596,-0.449099509992355
-0.0316615437992326,-0.473337658320634
0.0420984141211184,-0.506243730983407
0.0491592405733671,-0.49508121264873
0.0376843931054343,-0.514072384395992
8.88603632199162e-05,-0.547672589049203
0.0614995804264157,-0.529099267385513
0.0281144410212666,-0.422386235154555
0.121234719278487,-0.461017390924758
0.00216976482390661,-0.495347410886142
0.0305592396850069,-0.418687833486457
0.049041782669831,-0.44710778257309
0.0780248066299377,-0.443292489526734
0.127636407531296,-0.394497434638921
0.0245729287692286,-0.458006265692064
0.0695773061454515,-0.43533602695065
0.0547489858204254,-0.448681925311839
0.109090133949568,-0.422394736316724
0.131041187015929,-0.444477292228846
0.162668012858432,-0.421474736356391
0.132906584692878,-0.533144987386343
0.188116215255568,-0.406501576403881
0.270678090326222,-0.483453281862792
0.163274856690029,-0.531196124470301
0.192515923993877,-0.456268066680134
0.181926768655237,-0.532723410630698
0.230514821487333,-0.538365803484698
0.123058677876347,-0.563188468520117
0.170940380310513,-0.547413913958487
0.198586289526581,-0.485743906975382
0.122471265467722,-0.559372611535658
0.152785701079547,-0.554224573011624
0.20915487206533,-0.625653319255323
0.135780332673362,-0.676369184210133
0.252277482565173,-0.547861660642261
0.174776351480005,-0.650077021157714
0.123709421483318,-0.600749735130208
0.183006396731887,-0.684127600152903
0.202481829991283,-0.641540432811193
0.175125400555513,-0.748070698645989
0.192812034129519,-0.729570640380066
0.178618325695349,-0.730958964276343
0.11026855312882,-0.724014023225944
0.168317403666088,-0.721259414206432
0.151023816779821,-0.638703566395698
0.11444175203486,-0.703484012018645
0.249575801457383,-0.763412439240227
0.315757489488936,-0.682414658992218
0.291604727936258,-0.709148750514677
0.331630290434724,-0.725694422439397
0.263209184765626,-0.791230992188208
0.273510817009491,-0.774050618111935
0.340136861777248,-0.861046744683201
0.360825914071941,-0.812028168843649
0.414041816982642,-0.789973687644101
0.383255658833087,-0.807433891448639
0.450517008191635,-0.813811797977608
0.449707178705695,-0.805797262376104
0.483398211772005,-0.774380472306363
0.482408989385887,-0.745760755504446
0.508463527999181,-0.784315001646291
0.542679029488691,-0.73332281616022
0.559957338505353,-0.70976164613726
0.544389002201666,-0.721391006038725
0.539308489627841,-0.719857418128714
0.560772609446275,-0.721426361762193
0.553164463404612,-0.650252752899405
0.626228992380818,-0.62629283452759
0.571075926700232,-0.653153095934924
0.567697226736507,-0.637054038477747
0.595981140817,-0.625062471495027
0.646083448066121,-0.510382307833933
0.656598020763983,-0.505868144207829
0.656413864896335,-0.468049448442858
0.69204637427267,-0.451500069370955
0.697092046251836,-0.400172429473848
0.738179477963383,-0.365096867223677
0.702257332876096,-0.3038278714982
0.6424119693462,-0.298228910513926
0.714582093602946,-0.230430209069848
0.730224706785099,-0.327498914839879
0.733268532175383,-0.348374153203403
0.718140212399839,-0.373615316716449
0.702859710433694,-0.293662984317927
0.716360626852564,-0.385807586928673
0.746736526366531,-0.334274155523911
0.603254014581969,-0.315102516560759
0.677476150337726,-0.356213275079038
0.691519617539324,-0.33591438669305
0.782338224174623,-0.355644118341891
0.736083720446388,-0.385910830710325
0.767925195441865,-0.390413610790284
0.712718841458893,-0.425610894433991
0.764301931798436,-0.396040507568564
0.678407059487799,-0.362294593735856
0.670336142049337,-0.46727851443584
0.643220632015185,-0.41477756139858
0.54949872677139,-0.382211322912151
0.604249384649574,-0.398207082819752
0.600046798613412,-0.358308011175142
0.519407711404964,-0.368141540300235
0.420485780509841,-0.40000873172407
0.456010970040675,-0.38989638327577
0.444311728096477,-0.403123957232932
0.380828446232066,-0.461608558047519
0.319277326995514,-0.416129788884039
0.251386181054654,-0.325343053568985
0.281487315420705,-0.274427727436472
0.320775617153175,-0.351030402724501
0.201730144749752,-0.300186787548247
0.131313135330968,-0.182465031315238
0.228282168751251,-0.356723947350158
0.0656453191104432,-0.136995185133398
-0.019652603631146,-0.265847454919852
-0.021371281244332,-0.199507882534489
-0.0915683549245076,-0.174808062465502
-0.0521606845288473,-0.252686397677244
-0.0821081807033402,-0.203857955899291
-0.0521220996650337,-0.1791893509934
-0.152793677482186,-0.170351774331256
-0.0368467920172466,-0.14480456038589
-0.0391926521443774,-0.282936503246908
-0.136330949019402,-0.174517014455571
-0.110754427147868,-0.29711674251196
-0.299121211613113,-0.0994377464273358
-0.178118622598766,-0.219823243519401
-0.242640137108776,-0.237757891480895
-0.183255709214461,-0.0962759359674793
-0.206466335336303,-0.180014367453082
-0.175160029466635,-0.202818880516074
-0.312192723980201,-0.248418933149825
-0.180859388905853,-0.259478845867266
-0.249394078604902,-0.104222903296053
-0.142990820040836,-0.0743883499386725
-0.272647542530188,-0.143214401590175
-0.332432279147389,-0.132667829675843
-0.193613645891053,-0.0451561884046166
-0.315718283333161,-0.0728872912124345
-0.198774016218413,-0.162510561019534
-0.210826443264991,-0.103391169041423
-0.383697998704599,-0.166626418260185
-0.175909406161839,-0.0591406605269313
-0.108844909505457,-0.00226296139694249
-0.365244565742366,-0.108618514673387
-0.164704800373769,0.0514283527272218
-0.291548513494193,-0.0233698455364119
-0.250457822527555,0.106346586682977
-0.291098218188721,-0.00131620311919796
-0.410362111126122,0.119178384406962
-0.245159246968693,0.0392145530805724
-0.41983137578002,0.111389877891334
-0.353949323999754,0.140366401810157
-0.310746792181687,0.221518809237554
-0.350071056730342,0.0206585117524829
-0.450736730495605,0.111068509521492
-0.361304596659042,0.00952371487756971
-0.355738657688908,-0.0166457786258338
-0.361350404802814,0.0178579762846842
-0.315547422889767,0.0282117562759016
-0.330799612328584,-0.011795123318446
-0.23990895426831,0.0738750873751277
-0.275164655531518,0.00339690132974471
-0.357098344095898,-0.0341792522835832
-0.307635073561891,-0.172692635616625
-0.271321029170398,-0.122756681192494
-0.318072100694459,-0.107271558733893
-0.235892700155035,-0.274015900465382
-0.179812731796906,-0.126114582660113
-0.273738429460338,-0.16224083983895
-0.211752029427574,-0.246475775143676
-0.179151808804469,-0.2249661064658
-0.188192033903977,-0.301379599133622
-0.151731567820711,-0.323258163346317
-0.083135382137538,-0.314120888224736
-0.177887356669566,-0.266275549565984
-0.0859091502719437,-0.284372923127204
-0.0421489986035195,-0.303012452577006
-0.119448360224071,-0.273551631840213
-0.0332159245157845,-0.323258714955862
0.0209290384741848,-0.257629568740351
0.012977040782083,-0.35069179518568
0.12831595036227,-0.313955267304354
-0.0325187089716595,-0.407029729699159
0.132906194370256,-0.362962532934379
0.172488075140433,-0.367598666891479
0.0499222801667877,-0.418122056192287
0.0512128786365801,-0.342666951474004
0.132273629380023,-0.413451207061689
0.0840783016416091,-0.437962512068274
0.103108542086701,-0.396487121115773
0.176874860100433,-0.378164357057334
0.0548772408898336,-0.456788666486755
0.0486768565607286,-0.429765755179554
0.10700497771111,-0.50167324291694
0.175923735570464,-0.464844927282507
0.214083470727455,-0.477112655938062
0.284141101738533,-0.435642241766948
0.187043711277036,-0.424946715397389
0.293785809683506,-0.379721407579655
0.344661785349623,-0.464368227387398
0.31790456490926,-0.313088739087452
0.329294433082368,-0.417821447574253
0.347816721916324,-0.385358951161524
0.403331997395907,-0.391080939459338
0.389731833877604,-0.311943452325225
0.392513136539684,-0.375319054309468
0.383671490619043,-0.273365089038259
0.386660362020748,-0.317599733775862
0.297734679741946,-0.29039773438613
0.397324891515676,-0.203568780994032
0.444852381992113,-0.204490175197402
0.391024644624273,-0.108532156530552
0.513002979874103,-0.208846902534085
0.424443044228722,-0.119178170764834
0.399128775113635,-0.0561396824459438
0.401201087552377,0.0904224280272267
0.38780770185796,0.0653426459768559
0.349966011429883,0.13694106245639
0.287062589352175,0.202717203649715
0.344856981771237,0.16720929449959
0.346048265687169,0.194842246264536
0.180670004212808,0.232604862656249
0.261936174663026,0.199604301898538
0.248514670545168,0.307415040176902
0.250970330836608,0.259516474426263
0.202230538528394,0.339180855831206
0.215586913875127,0.312951794165682
0.177968958110524,0.35515737350575
0.0294032927110999,0.396471559656254
0.184078149644638,0.326600590286307
0.146528868930601,0.2592665754234
0.0846646799019486,0.364981301813091
0.140330894267257,0.231906168517541
0.0809275201029145,0.27448316137685
0.00392567709526881,0.354718409149481
0.000196507205366491,0.380826403120108
0.101473961822929,0.417936238933715
0.020378244798112,0.456261708845213
0.0603143585376858,0.403471479181253
-0.10301903350932,0.432735681498302
0.0155157592727107,0.364994094833015
0.000838852170498753,0.218556983549476
-0.189677499726061,0.40801496813132
-0.161845462399322,0.264546181027591
-0.227712476540091,0.333288966611245
-0.180367142674832,0.314941898079328
-0.241913509864345,0.396550152340937
-0.371230771557495,0.260756481717556
-0.2711381734827,0.259710185940557
-0.388584830531436,0.244427811919366
-0.390293056861736,0.202170727304258
-0.330254707064521,0.192269515675719
-0.378299167556105,0.151374116447372
-0.335792058846837,0.134087243499883
-0.409578173182909,0.235270991268873
-0.44144293020087,0.201397014001371
-0.322961910800756,0.3360407665014
-0.437717109517218,0.2942684308744
-0.400893466835649,0.214568787096808
-0.33644038910597,0.163716664631969
-0.446903331649238,0.139880630843643
-0.348087943162577,0.112451574200876
-0.406753200731709,0.16625733887668
-0.325827031998019,0.11417172423864
-0.393404096875501,0.139592874152675
-0.413143302889932,0.160701423836414
-0.333818318242371,0.000115137935940214
-0.426559319404741,0.0534552684041415
-0.191135011921689,-0.0402972147542843
-0.303970019465367,-0.0182088281558363
-0.283225164403419,-0.145506985702686
-0.233180772828658,-0.0338296353785616
-0.249719031886983,-0.0475879102057353
-0.223816306282938,-0.0456579678578256
-0.112431426993616,-0.0124605031874882
-0.16360951741718,-0.106100943606532
0.0240792596318882,-0.10754139349307
0.0366336122205975,-0.0269356051241056
0.010844299235091,-0.0269065735310281
-0.0286447579760758,-0.0593019356364452
0.131367838777617,-0.0353869179674144
0.174372974980579,-0.0668371040912132
0.242892282513955,-0.062312162125922
0.15715032297925,-0.0574625074539491
0.296359387392613,-0.00685229984037067
0.261634566781122,-0.147574235144397
0.368661686058407,-0.0740530651104009
0.324853680658175,-0.139980411459985
0.29692522417999,-0.0446198549771245
0.325401377969527,-0.0837272767599021
0.446226892745587,-0.0866693642276573
0.415604150314297,-0.0550711189759552
0.394325031263919,-0.0746075927629989
0.443750549732933,-0.0807371367897361
0.487068116341834,-0.0661065458413709
0.468308753062202,-0.123791959099188
0.51005643627726,-0.0244414414491936
0.540204008771212,-0.0218638972143972
0.479629624193788,-0.0917825429194259
0.581078614708785,0.0163229633398637
0.658157457260445,-0.0587346634533346
0.584966304309103,0.0171338469420746
0.64482435679528,0.0584939200835213
0.71232232589661,0.119664915734624
0.763748642628657,0.186254981494953
0.779840684990688,0.207812741014414
0.702168534105157,0.165192634894242
0.721279077492349,0.319221133919025
0.762259331740586,0.31901333510637
0.704005205115687,0.217872813131732
0.751137231398744,0.367075846069402
0.68564108830087,0.285707727218617
0.712753570198361,0.370957707341588
0.723383652590863,0.318746342453447
0.816519472028063,0.400408385607753
0.760543687614747,0.37191840304485
0.800211321764537,0.383850118835463
0.762593516561433,0.395929576928996
0.795976893283216,0.370807635931439
0.765013453847508,0.33823180672489
0.765866693018524,0.429391564578189
0.803847015695345,0.442157901684006
0.785509581508181,0.382757572448048
0.765704527362763,0.381793621232094
0.729743355774924,0.363395274909275
0.750147591728522,0.425102181530475
0.740187968779549,0.404384201162511
0.741045965993359,0.377469497200836
0.704790542975819,0.38628378964172
0.68146494709692,0.356330382322939
0.694327556627749,0.328787341708652
0.659191920656948,0.355992741959834
0.550836864510739,0.263993749244478
0.625109997731528,0.387654928923043
0.517512113066619,0.33635228824209
0.576306616803088,0.351651423905975
0.520700334871852,0.341428283393941
0.508602235802799,0.435762865133837
0.573517117037586,0.362874574874032
0.420460614145733,0.456913323406129
0.506976342770434,0.371257477601067
0.485457758562431,0.473432639619831
0.414860989281218,0.46638953784731
0.473669566432654,0.502431255746473
0.40835912940827,0.498080082071539
0.47189984344581,0.448389954567603
0.380094424403268,0.441276069331432
0.359912963909793,0.476835837621158
0.283562880851132,0.532445524162754
0.352039027766935,0.46378974511785
0.414914967701729,0.474175046242435
0.22956124216137,0.573139813453789
0.253848998894949,0.638093783551748
0.222256818192499,0.523282475146988
0.308666613286619,0.579645746264046
0.32828404696144,0.652109029217443
0.321827481944783,0.629844807953183
0.288614468951015,0.562889866218837
0.210297158939108,0.641500595619981
0.288082720393408,0.548884441994586
0.22526823295077,0.620068522246868
0.283560353259874,0.62655109093402
0.239569273358357,0.678206500038721
0.192640474431484,0.686024603671958
0.247910534711293,0.607034393423042
0.123212581031367,0.682493354009937
0.192059122406952,0.728781609722601
0.172283705103697,0.751708110579965
0.190007831360117,0.729238279517655
0.0876630562475341,0.710373937874302
0.0640187509552999,0.791246011243402
0.109050709069791,0.769599216133367
0.112483145086852,0.752323431501939
0.0952961846872508,0.771492674304948
0.0979760923497277,0.69328686366947
0.0898415877542904,0.79065167651068
0.154046621223261,0.699086478992037
0.148051106113634,0.737162985231916
0.161737077864215,0.688543543604936
0.263283054660408,0.692291534755621
0.225656949552497,0.724810394745223
0.301500945496749,0.714756406590397
0.298164759864319,0.726142556360169
0.376532229578635,0.62132016288846
0.394464588630452,0.684119876682907
0.500527659778914,0.65961626863734
0.574081403078741,0.616539515477011
0.616601888329324,0.632634642090297
0.690256749100862,0.605606568548835
0.688543854510184,0.586350752189081
0.717414802888367,0.548887539113613
0.727985513175934,0.524843099054802
0.775995344505861,0.505472288149044
0.748455625077774,0.477298923150348
0.782218564759086,0.515576683182552
0.772515021931847,0.487622842181363
0.827680772399517,0.502108861569057
0.788795991141616,0.479474831897085
0.772200002068791,0.439346389009576
0.814796807978893,0.525253343689006
0.825381444529447,0.493501816780093
0.826142469360682,0.468192138585451
0.80815364557955,0.514628256357673
0.791410717500906,0.48565500416233
0.840527523524854,0.469927189687903
0.818816787965771,0.483750357782919
0.806077586152542,0.421547130106283
0.837023889380725,0.464368008533886
0.828781357225678,0.445694223367641
0.822432520581063,0.417388199853023
0.828910133994535,0.447804556536558
0.767856719400539,0.438770804228866
0.836847245283955,0.438948708239771
0.849366378016853,0.418559948561769
0.813782034110816,0.375945379926187
0.870696312239323,0.404471313718242
0.851827747082487,0.376367734084496
0.866857127188878,0.340147125661752
0.844769939968677,0.326440263526916
0.870254737701746,0.358702135740014
0.888040804097364,0.322032596982184
0.889045359520878,0.329060557307799
0.838784391715554,0.314714137949495
0.903442454466683,0.309418088657123
0.925560925086269,0.318510476035897
0.885300134945524,0.324329984253882
0.87963483250132,0.285390870392313
0.858778272534483,0.347621779630044
0.863115468680844,0.313653551048331
0.84555598174804,0.334552903270863
0.901807319851174,0.30694583658832
0.85332442492443,0.312225418605527
0.872297482121298,0.311798688458471
0.807425714779405,0.359919455106128
0.821249478778894,0.374332745160534
0.811597223047898,0.360710100885199
0.769986246809257,0.360986987564668
0.760377348444406,0.405007351610274
0.730155090831656,0.402880896256614
0.679850543048831,0.378529788758517
0.659676019564775,0.406836340596744
0.729835866484403,0.399244091918627
0.707784033814901,0.450098232968173
0.622035228698771,0.491895724366333
0.43547278156221,0.470757876253851
0.535681256520369,0.473992184174354
0.488033733288624,0.603163954169648
0.429927260667838,0.623953401224834
0.393837554415099,0.618439196849347
0.365400765418628,0.65985781534922
0.319589058771288,0.686955405815013
0.236414258599607,0.667009327275742
0.216532846513838,0.69585846422205
0.135035021404437,0.705811591553672
0.126209355199648,0.733199830312427
0.0630259759393829,0.718005900441777
0.0227131110119217,0.726661801053253
-0.066420844493277,0.737092021641323
-0.080496656956787,0.778316169663104
-0.162218931672819,0.766001226618647
-0.186925426072862,0.754020514552253
-0.228147847612935,0.786667211277579
-0.281101962674784,0.826836827100921
-0.319246228983527,0.793226440305067
-0.36304662903241,0.802449881172909
-0.339842583769383,0.825748386133573
-0.44788760433688,0.755709257688987
-0.456162942285918,0.788465747292797
-0.43335678636713,0.818292979342524
-0.457823182816684,0.806489339237266
-0.493198095459748,0.81865041155696
-0.496710279170105,0.804359308886698
-0.47610587536625,0.782947167882906
-0.490946404252455,0.786557077279284
-0.47284130959458,0.808248234019071
-0.470941997717808,0.796835214924485
-0.484558352918581,0.803185623083329
-0.416430952766061,0.841123512006478
-0.374885884350638,0.85718629965773
-0.379079985824244,0.841282881806978
-0.356217092925,0.883734919508625
-0.338758171401315,0.891090361673938
-0.372854029806738,0.874181480766476
-0.333143487272197,0.89797127636307
-0.33279086682696,0.89780655369343
-0.298012771536884,0.883478337886932
-0.284749855191775,0.890440703346232
-0.328123438207037,0.856463943670766
-0.296629041275644,0.893229660833066
-0.29322486633328,0.861041007573218
-0.273125969737701,0.872592733776349
-0.315752159692493,0.859034231835237
-0.297646340668802,0.879215534776579
-0.302238446205803,0.82896915004889
-0.315605459371049,0.83814510073437
-0.286521239623666,0.845165054892372
-0.358934752257255,0.836870350158855
-0.378590406159494,0.817843454539571
-0.357549939805254,0.803371914003313
-0.361025668898536,0.783000848832399
-0.457735859206605,0.779756336866253
-0.417685576922535,0.744177033139931
-0.426585237814013,0.692886950608012
-0.486908277739035,0.690748566211844
-0.506158936671385,0.670138020807137
-0.531214270215598,0.617714423441399
-0.513533233367387,0.613213676650454
-0.590892396690286,0.576717512234801
-0.586216537153331,0.594535619214006
-0.592595758767719,0.557595138126902
-0.65712264952499,0.493674333259458
-0.621219454557803,0.502325730663838
-0.656218953962195,0.47419423965047
-0.667467053112124,0.449758356118193
-0.614196286622615,0.316694625026817
-0.665551276470361,0.431561168024629
-0.662575322221826,0.354051169997441
-0.704304538772912,0.292484878600377
-0.725750805492853,0.343078259610364
-0.643861111323255,0.267881342759328
-0.763654975375376,0.201897782831644
-0.657583430950543,0.222512414845893
-0.684058900443284,0.201294558375708
-0.652533875478168,0.165936566255825
-0.739221655823218,0.157113162126379
-0.722234032499506,0.163008395226578
-0.719477170483918,0.109715503638404
-0.753230645501228,0.106760524883303
-0.65000602276491,0.164543472457251
-0.748808536238513,0.114875980176868
-0.729892587288842,0.0746750874627171
-0.707392962608593,0.0925324403206676
-0.704588671679344,0.0713825368315137
-0.693064475188066,0.0519367895283618
-0.719975324578318,0.0754738320049474
-0.659105341919808,0.0955353559987426
-0.613726160661737,0.0347367874502945
-0.648886292330432,0.0332170213597723
-0.665754231301212,-0.00709830733222892
-0.61693715657864,-0.00261592525753094
-0.535315836173722,-0.0118726649430494
-0.541670655246608,-0.107736695136755
-0.698872572719539,0.0516151769527613
-0.499290253055558,-0.0470425136647695
-0.589690274906761,0.0040327517443216
-0.442799138068985,-0.0307034296925354
-0.502198590026582,-0.0301684879351188
-0.361481305698807,0.0486490892235716
-0.374685670108281,-0.0433985660900146
-0.39743593719413,-0.0273327283055723
-0.356242616992857,-0.0326691947713363
-0.403037200078986,-0.0589951339477641
-0.208302476392908,-0.120924548881882
-0.351263858492262,-0.0703879930723001
-0.345347494420742,-0.184968454477878
-0.312360387961593,-0.151987410701162
-0.312660631819482,-0.125623414631889
-0.190665818421704,-0.129053556277433
-0.225778875552278,-0.150231242027925
-0.20950072233996,-0.0383249926263399
-0.120089838327871,-0.18438015164495
-0.0998986924835957,-0.0504442722056319
-0.0621923058167725,-0.132264181342485
0.0467397141829935,-0.111219245552905
0.00385278755793209,-0.0792658411764386
-0.0485322606998299,-0.0962954209151871
-0.00311697923632706,-0.120285588995328
0.0547187809096938,-0.0991822218459024
0.0183369557382161,-0.0716976496610889
0.0996029131968867,-0.121548220313558
0.0946609733901349,-0.111906130240024
0.213843701536102,-0.127296146677191
0.198555536307099,-0.0706791171397638
0.290371688298188,-0.136686357665186
0.335026254884644,-0.0892954835108652
0.356064226461479,0.01462286933976
0.406735481007217,-0.106237429474428
0.322389378185204,0.0178600835991868
0.354668655291427,-0.0956714985603079
0.369355541263485,0.0325883645551859
0.33801399800087,0.0126872950177666
0.418372633257034,-0.023825808400275
0.466818350309344,0.0369628414491906
0.581601188158065,-0.00200405226222972
0.583228407740978,0.0743865351099069
0.453343797440426,-0.0454871298442036
0.580264825912168,0.0666693626590831
0.630318845342625,0.0632296484190106
0.608891761650971,0.0404795092716248
0.677635865185355,0.153927110704946
0.680931390892572,0.0254866135449809
0.670835425071302,0.0384588356292944
0.64801615142763,0.0247546776481751
0.6711001396707,0.0618633890445118
0.745905680323503,-0.021801994484426
0.741231105601896,-0.0847872719154568
0.705575513452498,-0.0103445596054921
0.821192674337644,-0.064698890158011
0.814332612589655,-0.0213285490098463
0.821266064783885,-0.100478218526146
0.808960314146549,-0.0950886881470649
0.76096542447594,-0.114339375731148
0.841186892636447,-0.102592662986876
0.788808644412744,-0.147409585336339
0.732399361025339,-0.0741653659226132
0.752871638895683,-0.0420286614597034
0.767206750118274,-0.10836067048186
0.676412986731374,-0.0916591955104574
0.724331776040139,-0.140179945652945
0.742850486133493,-0.196302365687217
0.702558480090457,-0.142267043718537
0.779736640171965,-0.281919082504611
0.730156781167494,-0.233974750126652
0.716499331680566,-0.245401670274453
0.698739657816571,-0.273168930615766
0.635567754680789,-0.329313249693123
0.622958171064216,-0.330644657169745
0.617666187517423,-0.410433941841993
0.682667083568575,-0.463356941189544
0.705304256514384,-0.392202651539434
0.627788207904309,-0.463907674545152
0.532479544223526,-0.425120588126019
0.549488825045187,-0.583281762178832
0.475411792279298,-0.599459180425239
0.503361848293312,-0.655205183374364
0.536303868670551,-0.641787895036691
0.481502989351018,-0.701215324396614
0.473348484819333,-0.647410090010833
0.42635570689044,-0.657736823746273
0.397103264429444,-0.769320248703562
0.356037295214321,-0.763826436291244
0.376764213437602,-0.789279499271163
0.366571943006833,-0.7697889651297
0.394793202728218,-0.71823867523545
0.336175686966406,-0.745988369753392
0.279065197219934,-0.796759622695679
0.236986418987851,-0.823765166295139
0.194160525472686,-0.813799989725523
0.181009452998808,-0.875197663152159
0.166760334545412,-0.850013917664292
0.117788044361318,-0.880159627020788
0.136344561060571,-0.881805727435885
0.0684535758357091,-0.911184530706665
0.0816316029671875,-0.900719175273191
0.0692038865236046,-0.860365961791373
0.0307336442836533,-0.887996367117977
0.123588846374673,-0.878887920904775
0.0531140039739833,-0.887660462867358
0.0174898702226972,-0.865720556155064
0.0437520346939441,-0.871814072479008
0.0405831208138877,-0.87035003064876
0.0886480570601982,-0.900609751302361
0.0500570111862338,-0.8031996638294
0.0987350730094849,-0.881609221743647
0.0825371177374973,-0.772185283922544
0.0658380656813577,-0.874024733676624
0.0472266006532734,-0.879336251042282
0.079733242114946,-0.858981271178108
0.0405589480298869,-0.849290017601139
0.102184434682552,-0.877498358363719
0.118796366812863,-0.859672345661058
0.137017643218895,-0.830398653526494
0.188853997031501,-0.824748698052197
0.215574918891994,-0.837661049636101
0.150147792104432,-0.817216331521344
0.275702375246402,-0.867824431103176
0.326008124977293,-0.792283287846454
0.310851393335783,-0.77507324517281
0.320874762981921,-0.871383541409167
0.344605780705967,-0.805704585536638
0.305664686230416,-0.877814985818527
0.364608116539023,-0.839836737171203
0.321608614095518,-0.792626782691309
0.376789127098128,-0.812901906546823
0.398976831679776,-0.78053720618884
0.407871575024089,-0.78476784560143
0.400619773585962,-0.77241407938046
0.367520554201663,-0.802907472808308
0.389026067177343,-0.670694627576483
0.336850574772578,-0.768532962355033
0.389191262849022,-0.795915723639092
0.349415690102383,-0.766160672877933
0.357079417817483,-0.742548111451235
0.288983942032396,-0.756779031240495
0.240795682145259,-0.657575556814371
0.296864875857172,-0.690196762744152
0.206731911987597,-0.656602774625203
0.191175192606197,-0.676158928820959
0.168875593189938,-0.638526449255612
0.236518094749825,-0.716931962561748
0.203813840774482,-0.665821024760135
0.126589555451778,-0.591876265802087
0.174777376647245,-0.642643127831612
0.128764526937675,-0.619250864225687
0.108816250465761,-0.656693880110052
0.0745294556663827,-0.623941818181225
0.098315842356515,-0.611642697622366
0.0214862025783203,-0.681702706126776
0.0477019422796544,-0.681739766950993
0.0306709571444012,-0.682331061363793
0.0226655106206983,-0.71731607592666
-0.00131888414554925,-0.744018950857519
-0.0631110892036161,-0.761460180636747
-0.0442067384673167,-0.67295850302857
-0.158340369490884,-0.673678311124928
-0.102140350125924,-0.798003092774387
-0.203597128673318,-0.717081422759698
-0.223555155246426,-0.759724085846557
-0.255667179503059,-0.754490431242035
-0.320702094792423,-0.747782738396437
-0.224477776824838,-0.741949146891199
-0.339762195613163,-0.707136534770345
-0.336612676183573,-0.738582524049295
-0.389254491624285,-0.742561231981321
-0.431066188954506,-0.699644498978043
-0.41700415534469,-0.707340154667719
-0.446637035742924,-0.712136284655461
-0.41792951745762,-0.719696425975205
-0.424995861145396,-0.737625803494944
-0.373599838268528,-0.772074437398172
-0.426379270922516,-0.815691152298594
-0.464265981300242,-0.794897136923562
-0.452720507146872,-0.804108540249295
-0.479494456598798,-0.776089970539168
-0.455797287762526,-0.806160876085186
-0.411748042274221,-0.792303184259034
-0.483444092525426,-0.810656215864389
-0.400821343033716,-0.826939471039491
-0.39665288750566,-0.857803337340242
-0.382433699834889,-0.853224033630641
-0.370640120873143,-0.845556723373565
-0.361473501690269,-0.901453025641223
-0.326251516027488,-0.925609863554185
-0.286138811209212,-0.900372488820704
-0.232214891638098,-0.852430170867834
-0.256451615701438,-0.870782482154852
-0.265351738822103,-0.847359561694361
-0.199938827395063,-0.872278274839665
-0.189813518420663,-0.825778171539216
-0.15994860666577,-0.831752566072733
-0.119549785701507,-0.807137880676043
-0.188204911546053,-0.811509775674849
-0.15277643837593,-0.777390964847833
-0.135495406467833,-0.864236973255976
-0.0763461541228977,-0.81409593357424
-0.139479325163919,-0.810638776650017
-0.199712456273595,-0.813970453425861
-0.065246820938908,-0.689841035289743
-0.166065077249236,-0.778484294215619
-0.172968608207037,-0.643049636847554
-0.201171998328018,-0.65327345280949
-0.270654053128891,-0.629650356933943
-0.225901004031569,-0.594797345207212
-0.183413479876791,-0.600652217941747
-0.198191001448098,-0.471408121355059
-0.290374393598092,-0.448166717849441
-0.257904691908109,-0.429773909679835
-0.246315371934185,-0.37157028288779
-0.333904281374814,-0.396902348683878
-0.346480303210291,-0.395198018698536
-0.331727761176594,-0.322650996458868
-0.438469225280649,-0.383920193901833
-0.439244702457207,-0.279734020524361
-0.482379654293472,-0.235302670738488
-0.450384055686381,-0.377233893224019
-0.391904472898949,-0.31405909045506
-0.497242439796071,-0.263324990396981
-0.498839780482108,-0.366220217899792
-0.450366837429395,-0.242701995918168
-0.489240173240034,-0.247695677527848
-0.471910330261935,-0.386345241183652
-0.599609413564021,-0.238642347611701
-0.417790624752781,-0.226670179409031
-0.422622001313793,-0.215216216689998
-0.580289026956056,-0.16012776173224
-0.586034123187592,-0.139879115044986
-0.553210884489931,-0.186924369472138
-0.595269841457567,-0.0656493238183972
-0.651461055262906,-0.112481457800946
-0.583225061077526,-0.0311488553691743
-0.609263311036817,0.0417521494349819
-0.540156372056184,-0.0146961872616191
-0.588034928940941,0.0230752796875968
-0.474625434078826,0.104435160339553
-0.535879363147406,0.155832723346267
-0.445341055725451,0.127049190030137
-0.452289920919539,0.170821743968864
-0.435435403571194,0.161462820578512
-0.415338128444192,0.241325200654085
-0.488948451829472,0.209555141879281
-0.46900721308179,0.299405383102535
-0.316701281589447,0.304798070060937
-0.405754184783022,0.298632830245235
-0.464486978834478,0.360220182078603
-0.335266586317396,0.355741438686744
-0.380909719566269,0.220747296130011
-0.33487081160108,0.311374669554514
-0.278914731656916,0.386676908531931
-0.243975024019214,0.302507195668179
-0.296153088656531,0.392938056899982
-0.268029287464082,0.445122994521246
-0.356203538793125,0.37250095042788
-0.345454380553851,0.47738076527656
-0.26452909445902,0.394339857226748
-0.239264678105098,0.350200168320052
-0.27503440325149,0.386487506083589
-0.219754102315006,0.363571970808819
-0.210958914634839,0.412162654731021
-0.218972177201871,0.454336116211937
-0.105410573412131,0.328138601676143
-0.094578000373813,0.326141961307644
-0.136021038711681,0.499588257038161
-0.0114643441432109,0.390898258307591
0.00982201418424698,0.494682010505074
0.0433288124136486,0.542965019477251
0.0817951641393944,0.501005689550234
0.0623096974830863,0.50663875913518
0.135521426171385,0.487723611439963
0.274398152515003,0.508469993250348
0.196141855262986,0.489778776489758
0.341593835948188,0.492193205522945
0.293358846055712,0.517635557186526
0.365482934043947,0.512974444861409
0.393276505607093,0.517859688539571
0.412792616267417,0.52231967162964
0.475898148327493,0.440984793510752
0.544106655950827,0.414896196998303
0.46494526453323,0.426968550405153
0.568501593115125,0.382401511119869
0.54108241945712,0.369390110015858
0.52561165453191,0.351878698836759
0.645945599730652,0.341333261613251
0.706757847094843,0.314745223908224
0.752084653984707,0.314907196338916
0.713381235159968,0.275271109304518
0.74129668175393,0.207277208399969
0.807446162174073,0.185459126419552
0.770764667276645,0.181381903815411
0.793629394905366,0.217242258856472
0.807304614044629,0.0817919681282636
0.770072982699275,0.111063004713907
0.747840583039784,0.0879786415450914
0.779617527980476,0.0971895188629755
0.715226161838339,0.0382287286441942
0.791691656313707,0.0546598888956324
0.681074267951292,0.0509349927752081
0.686443347707865,0.0674191892675927
0.787026905715015,0.0307275234084614
0.612562951188955,-0.0579173570545044
0.623022631489652,0.0265917571451615
0.623240420313132,0.0137510189766036
0.72663607842144,0.0802312064521306
0.604228601820598,-0.0569335803338952
0.60535122810772,-0.0160484004243886
0.581514379867213,-0.0402979498898771
0.634865558045193,-0.0987259330554593
0.530595248884161,-0.144419924006652
0.568456297108957,-0.0154589673553331
0.492829345879277,-0.0301473805948044
0.492406864173986,-0.0961400883525725
0.496437646229598,0.0263865347909653
0.441543939766938,-0.042541476024675
0.38423972277584,0.0478451384752059
0.311810104930465,-0.00352400591415637
0.582400186837458,0.0980335418726689
0.372708600782429,0.142547232710519
0.549519593419226,0.0882522917080998
0.458343723259858,0.0621847677952015
0.381734626992996,0.0247099333874908
0.458751326036103,0.0778164984986585
0.357866932220541,0.0790983448006577
0.453536204171546,0.104103983686524
0.321077306233959,0.091922079357165
0.409132507259177,0.188745032798226
0.489012925816878,0.153096019318573
0.413313310614612,0.294706909172026
0.462497054322321,0.226420965465743
0.477276572857053,0.282456130275238
0.46795546264911,0.398979709375686
0.439639690125219,0.391486108314223
0.381742885868847,0.398946342038791
0.48603054092096,0.436493386640098
0.427705409134197,0.510050763755391
0.413276030622818,0.5806395100452
0.438503653374915,0.643218255294053
0.365593777207619,0.540989743625154
0.457802310493254,0.630990545142951
0.455382583920605,0.647863997211021
0.421918945442976,0.644611199576899
0.390714018634873,0.645540757632949
0.407937133929878,0.731340767103047
0.388866174803557,0.741358860372291
0.390076088572574,0.778900744145994
0.452710875006688,0.756609976310276
0.352600671335461,0.794965735948906
0.40475061042769,0.744621642422039
0.44709705668513,0.797144095944735
0.3922721401524,0.840771145480833
0.38146943780349,0.860934953606472
0.359024662704053,0.790718768111616
0.390284647101921,0.835023006276965
0.36534552135686,0.852157931552942
0.330104038857455,0.864648083268769
0.353230312479611,0.815880073647257
0.330341621452421,0.840596746268745
0.361812328628995,0.807445896926986
0.367940539083227,0.82637018605958
0.260544148476277,0.829281804114732
0.292091476830046,0.805110114257834
0.124120211270084,0.828196567970416
0.199116129975208,0.868181926617805
0.156164933862657,0.830444736572981
0.0772415835096452,0.902208610317271
0.155516814096823,0.834190712764606
0.103687610142421,0.853762070812251
0.0219648342241671,0.889927371385119
0.00073928606784,0.906150652705269
-0.0390094371213101,0.888391951753579
0.0110763492664616,0.892394526425104
-0.0510182645742098,0.886721279188668
-0.0537950783378217,0.896263674382802
-0.0607545937400858,0.896027331684081
-0.0710612232644228,0.797440465485425
-0.0934806450106118,0.904566421007384
-0.088571749185795,0.74073511917557
-0.0225290297839455,0.852541268022185
-0.135284662763793,0.79536398786159
-0.0461585283063563,0.849069231388245
-0.0575286611554133,0.887640817433465
-0.121466911070294,0.696822799597122
-0.128466008333566,0.873205989711953
-0.0646243352845447,0.856307004317637
-0.155152739884321,0.765551780559513
-0.133239346195607,0.884463146941848
-0.208799204805483,0.81866070653645
-0.214020980952667,0.857696203801628
-0.155130257308568,0.826714163666723
-0.202739942362887,0.788735640146127
-0.177570310900969,0.798527965396664
-0.301585021214493,0.789552522807313
-0.310132094075782,0.823735549626269
-0.352818448641053,0.761248338363358
-0.362840960239123,0.790760946349464
-0.306301699200356,0.814010560571486
-0.337195262555816,0.789624181305896
-0.330283165518829,0.721491652182946
-0.279160494420398,0.781698834834137
-0.266860442306364,0.845656143584313
-0.229780886325575,0.782801664898911
-0.174451315707912,0.799462652856848
-0.138114062234204,0.827871854076191
-0.118708378460964,0.799411987409544
-0.0784954011416348,0.776533602099936
-0.0306311353792179,0.770388150554233
-0.0102471341860405,0.727901403063414
-0.0246147284121885,0.700299349970198
-0.0192754510099857,0.69987590696183
0.0629266387162529,0.722708872074944
0.069559098720789,0.707621693827606
0.0850626210366317,0.65430040284682
0.0556736306335585,0.703976664261875
0.193648616379814,0.697591860079975
0.0614540394291503,0.728731237710971
0.168864895986545,0.767216017026357
0.107407355051889,0.673436140571767
0.177208076634583,0.604861477697943
0.275474761923614,0.641107160397308
0.15164259336968,0.566610236239485
0.253941321330679,0.580365345230637
0.21472776976309,0.522460218976837
0.11265901665694,0.557776881610231
0.146288005433315,0.443995593165191
0.100724678925265,0.469752831520343
0.174665577037854,0.392736713405096
0.0871735222113152,0.343180142571277
0.168379340177558,0.459299354890298
0.112760952059046,0.457780725819618
0.133797606812949,0.458932534074276
0.0912131259015035,0.38467705884971
-0.00763563785345085,0.460569731914715
0.0332346918413706,0.319376829173853
0.0345604166461391,0.38157189301867
-0.0605138959435019,0.37950383081105
-0.0567327396729583,0.444660642155963
0.0725202074315259,0.295354050013862
0.00756142090691056,0.388901712394363
-0.126397859130941,0.402816839693164
0.00273976494851132,0.364495320066885
-0.0871311321985694,0.179196422749466
-0.188452617830363,0.345620216178369
-0.110716315165253,0.35624141710459
-0.0547663902000463,0.377202949431262
-0.160008262960637,0.33903427548118
-0.140681579554175,0.416554207922752
-0.169127163959089,0.358187955846267
-0.253422206831355,0.353350500407392
-0.250918925456648,0.31980703124979
-0.252495991381427,0.44010175071865
-0.325687142303649,0.334220536134857
-0.181496359406871,0.396904216960057
-0.325221253829896,0.417257526988095
-0.28680361566971,0.366975404482351
-0.30746315186904,0.473858195028306
-0.447577816527029,0.612694779095511
-0.390735441030723,0.349962818521668
-0.328863683207964,0.377537085196163
-0.44277557973535,0.458261468221625
-0.472019110852537,0.375896720021992
-0.427093437832466,0.421501858640724
-0.538330736998265,0.467029979953618
-0.442689152423528,0.417488276354404
-0.48164513671975,0.373162251791554
-0.428306365048447,0.514624751159004
-0.468706714021847,0.50139469913242
-0.575198412639843,0.465868444382661
-0.570979173533038,0.552141761173159
-0.558197497696428,0.482338351177746
-0.525150265006539,0.500187425947241
-0.555668482271442,0.477293206284426
-0.656142971235566,0.504040543246742
-0.606494194950663,0.498467942585983
-0.721775363852936,0.49731245408012
-0.691543625683981,0.475493408613278
-0.692643759153146,0.436281173638934
-0.750133023008168,0.469769020011974
-0.662374541404904,0.49324739339906
-0.759331516055357,0.468436437656337
-0.750134043570733,0.504690836423195
-0.749644379201232,0.450867554329487
-0.685758687863454,0.390222801732963
-0.843419387845107,0.453554828748659
-0.845670814016584,0.427396820473914
-0.819850224175692,0.421548311001701
-0.865822597790879,0.422433241978373
-0.861750491128746,0.39640326945621
-0.873981232601566,0.363254239451102
-0.88209304819443,0.383775554764603
-0.894152826531551,0.383443687869371
-0.879949465350839,0.355089408714222
-0.854550443091269,0.308290047149257
-0.901705266956637,0.312139467487668
-0.904477414231675,0.289385483402165
-0.894162564999961,0.307413190654984
-0.894569057037107,0.317930871272481
-0.905492843442081,0.286419077476274
-0.933843102528371,0.273714666961748
-0.929144879240178,0.288153706295102
-0.92769943675247,0.280492057058119
-0.932301245643141,0.260052377809449
-0.892639764425805,0.273643354041545
-0.917215864219193,0.259834098728433
-0.889885738313231,0.249448066944444
-0.909488649296786,0.236491285196915
-0.911909314289746,0.246172069271147
-0.907828269524677,0.254610003766872
-0.910795288324907,0.236855542409647
-0.914646151731849,0.223537638930882
-0.871888886266492,0.27384065076164
-0.892226965029631,0.229342850196543
-0.846151346466039,0.246547887586711
-0.900298193095795,0.265309911914456
-0.840520957924197,0.241657136009912
-0.86720112023387,0.316933332364512
-0.884081096259912,0.308947802234049
-0.88046160689349,0.305308789225506
-0.917286724911694,0.255694993676624
-0.91057535000598,0.254656817641348
-0.866772924002435,0.17989808049096
-0.887464343529575,0.205750940216183
-0.851353722099674,0.163453546584101
-0.860931961389589,0.120299264910573
-0.867612092435331,0.186855542058706
-0.939636400503781,0.149615721380003
-0.82952304966165,0.170226985936647
-0.85513421348075,0.159027091331257
-0.884706022243946,0.150196667060871
-0.837790724807914,0.179007498384405
-0.795752814370194,0.139964629639247
-0.849470968701912,0.20340203028042
-0.891622474143984,0.1636316983801
-0.877508531094962,0.204095775836789
-0.907364261940253,0.163954940245688
-0.87442251099061,0.111506637091778
-0.882303412320618,0.145169293482619
-0.874373936259189,0.167672517567706
-0.825619190992945,0.168354079805193
-0.850668395193819,0.138733942554365
-0.883407408342233,0.163015331033997
-0.859594914187899,0.156334203407645
-0.899261117275013,0.0876685898011039
-0.808486232516768,0.179545252756652
-0.867658909696454,0.0909220089091914
-0.814144989527007,0.171459055361327
-0.833056369219615,0.0797643656032087
-0.841784146853582,0.123898575970103
-0.782363855146301,0.130936798640953
-0.909243904344234,0.185509683216089
-0.868058942348833,0.0732400959974682
-0.889188378175971,0.124453268185764
-0.898701437411331,0.122555558247993
-0.826433996373528,0.185799520282552
-0.897878674910909,0.198172481757485
-0.906092298400595,0.251234459988813
-0.892111909113919,0.179931641739396
-0.874099924000779,0.221965587405054
-0.89577099695189,0.227165103996904
-0.919497870712906,0.293163296185418
-0.915106620531789,0.310672138924983
-0.92229590632387,0.315370165170754
-0.910588243529455,0.343155443975955
-0.89177871888273,0.340644318436152
-0.873148478811969,0.421327335516422
-0.862760958724914,0.395402923248475
-0.819829167743476,0.444882358880358
-0.78694721492227,0.480191558846452
-0.790739535329329,0.494086694547112
-0.748082939949035,0.536354602122446
-0.725460064987127,0.581272050416547
-0.705808327321429,0.517093679842856
-0.736971565708559,0.553330355207113
-0.669552329442131,0.587940940226269
-0.721335397905436,0.5710867697115
-0.698451833663525,0.557399851675043
-0.724375340526576,0.567058020526163
-0.627293775249863,0.518188624096714
-0.658968428178862,0.598969349640693
-0.634134126578417,0.545826161084544
-0.640892618841918,0.562743644109434
-0.657017496081389,0.571477015126634
-0.630327553383563,0.565130002629501
-0.644269349234463,0.557330980729603
-0.620040959136644,0.561561862304295
-0.630726464634414,0.528912596597141
-0.610095372733756,0.549626254766134
-0.589716780511569,0.531057876476795
-0.562182813702367,0.548731903189727
-0.523136745310647,0.491791747185943
-0.580313617471941,0.5474077116546
-0.55453192828806,0.468037828242226
-0.615251811793046,0.428009254016967
-0.556129165089003,0.430858498432856
-0.653138574739244,0.343694267996401
-0.68472648989094,0.360743886701404
-0.675944952471806,0.30500941613348
-0.655146036616895,0.284129269895242
-0.635120200490733,0.217966233592681
-0.522478350635621,0.249553300764693
-0.617428689678651,0.193136779632745
-0.631333496256368,0.074300899298302
-0.679387472011022,0.211967005608489
-0.777606545612936,0.0456622715991761
-0.694614859190088,0.0252986433684399
-0.701437725944154,-0.0356404284122511
-0.739010962890246,-0.0470740828999889
-0.687520287506353,-0.102672649840914
-0.715542757047063,-0.064202942780894
-0.618921389422256,-0.114807981345573
-0.742700743514848,-0.16751169307593
-0.738463775578092,-0.287164573833649
-0.635978532133445,-0.382423678970879
-0.627374563823483,-0.444101708656489
-0.645747817257938,-0.463077838081772
-0.635620236015034,-0.525029600092984
-0.5592520853595,-0.619338102175655
-0.556705292063769,-0.646820627816851
-0.491056790036744,-0.596547140890479
-0.507927892894139,-0.71112762578951
-0.414760849291935,-0.732430060516649
-0.476210680453557,-0.676845060042914
-0.366254933064701,-0.753299799031747
-0.271698384526761,-0.788822071609319
-0.346003388830546,-0.730570239271241
-0.258043867060934,-0.811074785600827
-0.27718178675929,-0.714172450844683
-0.195651186977365,-0.84939493829611
-0.133692160914904,-0.832873131892357
-0.138128617099845,-0.841893667067058
-0.201010683292878,-0.840842538493283
-0.0932056809689239,-0.863295181036811
-0.115109566143772,-0.805846612058222
-0.114533383957241,-0.872500260316389
-0.155090114539339,-0.83669850212553
-0.0691636797829563,-0.82231716405787
-0.0610000971918767,-0.866098324264738
-0.0371630144043503,-0.820971029942356
0.0306406998832543,-0.890116557017517
0.0836069353870461,-0.904493886330027
0.114679285855081,-0.860917123777543
0.0975808114452342,-0.926327239564191
0.105317303889113,-0.878468440180712
0.215907982809498,-0.820571922634912
0.171573820022922,-0.90240375020379
0.136017273213452,-0.793947806883394
0.190014073853406,-0.880777317285459
0.173304611506668,-0.897278879026367
0.166272299563118,-0.807609845415832
0.223748257210929,-0.914602906647957
0.13693801563699,-0.863959843540485
0.14381152910303,-0.868832563091909
0.128123234674931,-0.883436619233544
0.124759850304459,-0.92093656127308
0.0587825818408578,-0.92671652185296
-0.0617712280332107,-0.865503435106875
-0.0106186425551094,-0.89551751683007
-0.0897017998964369,-0.841947502562689
-0.153665635589263,-0.887603948501556
-0.227874929478048,-0.861291265608335
-0.217456256127825,-0.861357581402037
-0.268601437931127,-0.824093615543144
-0.334110776776983,-0.798783614636728
-0.379396356794348,-0.840880072196844
-0.410939758495379,-0.810060374209284
-0.370583584241162,-0.759072626756591
-0.459647930344852,-0.763221412055701
-0.474915228437109,-0.735598665484862
-0.486944850611739,-0.681038957430418
-0.472465454562926,-0.691799077298483
-0.486436682839609,-0.630534689470459
-0.533829701477077,-0.670890201007488
-0.524469182465279,-0.643358792845998
-0.563322328477543,-0.651165523477748
-0.61369769196416,-0.603633242560357
-0.547057486130631,-0.593740388262984
-0.641763607240143,-0.624856614756932
-0.657719967094676,-0.552087631197602
-0.632998442429303,-0.597322386564848
-0.676190403185538,-0.565204621565512
-0.686989898546955,-0.630793719364215
-0.704592067077773,-0.604540432126402
-0.704643507514528,-0.57910069503433
-0.698160125442085,-0.592787589953134
-0.715687789996643,-0.554323478223036
-0.705671304449127,-0.552302499560699
-0.72962995738593,-0.560114765122544
-0.712705778416046,-0.551297732191081
-0.740959727438178,-0.597220452899351
-0.727551203471055,-0.588529995479353
-0.760010422322619,-0.590922370476611
-0.677807620303301,-0.589057366477727
-0.756616576463356,-0.60939652808167
-0.710925842291896,-0.568567346905745
-0.72939156780699,-0.589535569509562
-0.704757435299363,-0.566034040498897
-0.733942547046562,-0.619701501209103
-0.694016576597645,-0.612199757456335
-0.670989936700719,-0.642345695086013
-0.675390068174488,-0.614598494335968
-0.6814082521814,-0.643077356038298
-0.67365905118812,-0.61929522027298
-0.65521221480296,-0.588731429520943
-0.671648836521562,-0.603829386735025
-0.680271439685976,-0.604063852313092
-0.633576859838384,-0.583096036732526
-0.624287855265076,-0.664956531468329
-0.638093785466691,-0.662127465191304
-0.602061970171904,-0.648738809892693
-0.578975771468525,-0.644687651874529
-0.596017917069839,-0.642908684707838
-0.555424147059588,-0.67468706412996
-0.545940896552018,-0.718954898191393
-0.510043946177987,-0.650133718859896
-0.461543661064883,-0.675324658949629
-0.439360646944147,-0.744654072385988
-0.406409398283339,-0.631744609227234
-0.352263384959177,-0.766983422053889
-0.297570200421427,-0.733868338832905
-0.265866143763025,-0.689643231937734
-0.235317595003769,-0.758547127709615
-0.168340557744288,-0.712964766702351
-0.208993945832917,-0.765889652503501
-0.0912925728588136,-0.770393847658664
-0.0425411819785668,-0.746909543498878
-0.0569749938224721,-0.813614519686257
-0.0280090973504739,-0.804272769268961
0.0130090683453577,-0.861007785082551
-0.0356539321261417,-0.851551897210278
-0.0248581348730759,-0.858194257023849
0.00352899149742831,-0.839985234795883
0.0272315180762322,-0.880015741901025
0.0380552800445434,-0.855128806768016
0.0472374196918518,-0.909425248378635
0.139902651348516,-0.854914993770006
0.115685447320778,-0.877574466398922
0.196138356962236,-0.843742253255061
0.148352205896087,-0.891774139766023
0.193509530454027,-0.872463268346057
0.254963534540572,-0.831904298282057
0.326536053858001,-0.850049357504065
0.266736044451919,-0.828000273456747
0.293380888033984,-0.801335632529896
0.363594349435835,-0.78536320907147
0.421253335409425,-0.792689398273356
0.466045223320847,-0.791618856396415
0.467044579249909,-0.773741935656321
0.495420570601375,-0.762165239881167
0.547487279031026,-0.738248295490613
0.539577584147388,-0.733262467002871
0.562518017825822,-0.672594652396263
0.590190877281455,-0.681971199008089
0.633388163822762,-0.661149527044473
0.574979383635011,-0.664230770263237
0.60485531019137,-0.648592866774735
0.664180598179321,-0.627922940872182
0.626695517989351,-0.617794330426066
0.595214615650464,-0.667864386034265
0.518955812355041,-0.623539623220727
0.581167765171424,-0.670506574935774
0.532165419452755,-0.653273695691692
0.508923095004244,-0.672693240243992
0.402705064714224,-0.737125151879529
0.334062029314994,-0.653713119939629
0.333685568697489,-0.711416386077478
0.197387628484005,-0.701441947290124
0.256836009952909,-0.647155104331954
0.240482382246913,-0.683517186481118
0.177079829753004,-0.69762190556666
0.0486396757276714,-0.688618510998044
0.100990667395344,-0.777547331157023
0.00310481307489927,-0.61883407282892
-0.00392460688765629,-0.659577019586037
0.00189851876543807,-0.622215193635899
-0.141561484091329,-0.552783215781274
-0.102402609441409,-0.678391250186086
-0.178582298999889,-0.604982239031878
-0.0932807548548777,-0.68034900606067
-0.197135542486295,-0.59469527833234
-0.155434840951991,-0.668840703337241
-0.168093619981496,-0.532322320497322
-0.109335448372057,-0.664607785233438
-0.15469667047092,-0.514491384647886
-0.155569200585482,-0.615022341365025
-0.221844800110292,-0.578343029110056
-0.198084166254441,-0.4594857458927
-0.124148601937771,-0.649681799483058
-0.0936558546588328,-0.485104940623317
-0.132774877573871,-0.538178637498222
-0.10652550449298,-0.396360262671186
-0.13552899983677,-0.409240504080011
-0.0996950241462505,-0.447269330595185
-0.0521991390898821,-0.35836093437063
-0.211126062775706,-0.332622811818005
-0.0421647556271304,-0.307654445684411
-0.169712787905884,-0.436409939992969
-0.121970267959779,-0.347689570375384
-0.168988090591315,-0.360459997604786
-0.228864172522103,-0.241765777830996
-0.162804413191939,-0.321112877223637
-0.169006411024289,-0.335863034781235
-0.158424366125923,-0.235036374586997
-0.2389648777943,-0.3235688817422
-0.141488887645249,-0.218799596520081
-0.236912243826129,-0.262799683397883
-0.235394485075415,-0.159906581598814
-0.247351076095757,-0.226840183371949
-0.383241404574946,-0.289776466490183
-0.248616709677593,-0.190284776732824
-0.3634009343454,-0.252502000724631
-0.312013023810702,-0.191213013099989
-0.325425707343005,-0.164654881633609
-0.28353892591057,-0.22542361061874
-0.368638248298695,-0.206819604031435
-0.431420247070049,-0.165141108718631
-0.306516691424995,-0.154146372587115
-0.429928039355864,-0.162910298942426
-0.357281663128277,-0.175764224824309
-0.393779370742197,-0.154656806869974
-0.435351241514316,-0.0815299322574572
-0.280197913839442,-0.163357992728296
-0.40285668328111,-0.0975759760990662
-0.34307316959324,-0.124569496833696
-0.457972669938489,-0.12931013891542
-0.400116821983539,-0.0752317012061749
-0.404799750157217,-0.130492930826633
-0.402913304863343,-0.155319031626164
-0.351285633962984,-0.0917891085122353
-0.432652262951382,-0.124088567557195
-0.342418074080869,-0.130066636984521
-0.452681457162903,-0.0705226886021838
-0.334249087196989,-0.208951492370447
-0.458053657919176,-0.154367062517589
-0.311799391214375,-0.214888760519331
-0.345688642719241,-0.199826634809463
-0.278651623139239,-0.136815315881258
-0.304789368670464,-0.138367517804857
-0.220741021497072,-0.217292236498658
-0.244033476083615,-0.186095372429586
-0.23597604522095,-0.238374665791487
-0.234914508957581,-0.153888335784878
-0.131407296946417,-0.222381239192551
-0.291514748017665,-0.251254932505178
-0.245019021163789,-0.198142948942619
-0.192231318568433,-0.128733951117649
-0.154837472075942,-0.250959385336224
-0.236667710584173,-0.183269913823251
-0.356783193617872,-0.176479913314468
-0.241287626338814,-0.26537000739355
-0.166259713389032,-0.246611926325039
-0.21108524918541,-0.117759561363516
-0.130283523191614,-0.241146191294621
-0.171115185529635,-0.192145357416697
-0.205006880777767,-0.239105670755905
-0.0569195749958603,-0.265485268510589
-0.197697522572746,-0.146485435788934
-0.254248071775758,-0.342939605724813
-0.133018339525975,-0.279851755792972
-0.22584551332754,-0.157182516122207
-0.194841550430802,-0.163041847961708
-0.110947185894528,-0.270288262086718
-0.27533310641634,-0.129079320376294
-0.176510317226427,-0.258067260654558
-0.170310166007923,-0.249512881303951
-0.215613630997724,-0.1366199509789
-0.235098712053991,-0.210950123644281
-0.252514765301765,-0.0858414201643778
-0.234321347573642,-0.120354348156819
-0.156696564816966,-0.0837583386299008
-0.202009676429578,-0.0409245059966309
-0.211217217892378,-0.180738204643331
-0.0881547470469454,-0.129450963157416
-0.205032805221613,-0.0393266770140321
-0.321109219594465,0.0312032897206784
-0.148335670037203,-0.0245654252530258
-0.235166022214658,-0.0828487733495255
-0.103016170630263,-0.100224707954397
-0.0642790361049753,-0.0931239805387931
-0.194354468963064,-0.120042781058368
-0.0379195072875161,0.0166707245288944
-0.142109723555313,-0.0501454011289476
-0.143549790790814,0.0718280984548226
-0.185924085187754,0.0314400712327986
0.0167184415415868,0.143088375476791
-0.0897212616851965,0.0821600388228221
-0.148718584166282,0.0895490283842147
-0.17442454855234,0.144304750530563
-0.0457683334280937,0.0765105136661809
-0.0799622302576924,0.189571994859867
-0.0497727784842679,0.16630346060842
0.0306679415082285,0.17548721456115
-0.0985552642820149,0.148360572657929
0.0305503054413428,0.262460797498354
0.0599284371537156,0.0956917378472724
0.0425388314263431,0.264336058883143
0.0763893343573382,0.340096385414
0.0886051094517398,0.172952137562349
0.131957541340054,0.306715037678521
0.290365096949885,0.252663493145909
0.215410357050128,0.251153574352723
0.284568620654975,0.319180985649188
0.393131978887819,0.210116826615461
0.300271888991782,0.311496268480377
0.293614559886305,0.207122346909716
0.456506006249891,0.209740979691824
0.332217024289038,0.260062055797456
0.405678748114436,0.25685950077082
0.490860155550579,0.175662517119329
0.380913119309996,0.308776621825167
0.459599411245249,0.145609994697714
0.450685865616384,0.216714028937658
0.527221524996401,0.216441863152541
0.499156316122442,0.250117593384002
0.455789400174723,0.220258788546941
0.505475871101549,0.114268366823676
0.480508116713832,0.114406080412115
0.600142261573768,0.0465771354584885
0.531071984479299,0.0223342378536956
0.511902006978509,0.0171815664499433
0.491060949989977,-0.00475235874358605
0.591080378098271,0.0388596861148421
0.55824739299096,-0.0868741230205887
0.554952373386687,-0.0581156758278855
0.554078788374923,-0.177012684627011
0.552972905846619,-0.110650265471428
0.555768674405475,-0.181769651784646
0.434923039664437,-0.184072645930598
0.573785014537253,-0.299202183999849
0.568345306644166,-0.313237875228547
0.619784205990221,-0.228269162401845
0.527872359074111,-0.385047316555768
0.506402006368105,-0.346168520559532
0.437262165729743,-0.325423497135712
0.50273019996848,-0.441147870930536
0.465327434551625,-0.399565090084812
0.49489196596382,-0.460203575831442
0.517494710506868,-0.473701219477778
0.46920446082621,-0.456072409641883
0.47388186502673,-0.502782462824452
0.421028984701363,-0.516032014017615
0.482434651573059,-0.520897203686802
0.447007346664139,-0.547158287432575
0.458841299366766,-0.523717056955312
0.506658705343368,-0.624746505509603
0.437616894824949,-0.516042096500148
0.548143105806807,-0.515570909075518
0.386527020726731,-0.58748458512905
0.442035764719195,-0.639407416800468
0.433009697526116,-0.615376235174129
0.320262294363657,-0.635982838964538
0.327270805006324,-0.656623777971976
0.406244377963539,-0.518030753104574
0.315763417474067,-0.70045241455776
0.209769898901373,-0.721678188128028
0.188233273838008,-0.600293855603494
0.25356257544292,-0.478669240974568
0.196890167138391,-0.626273230184684
0.222856848012329,-0.468452701212791
0.179492393960401,-0.525743389162791
0.215151806136255,-0.5555013244287
0.115285718511762,-0.459104649049552
0.145989850081202,-0.418924351346523
0.14162686912816,-0.420796506843115
0.0371226571487679,-0.389961002704836
0.140245710715056,-0.44123490298467
0.154698737345943,-0.26302064715694
0.244107200868183,-0.286419422330359
0.163145082416033,-0.184260404048386
0.0673428744299966,-0.250641462999999
0.16867046459235,-0.206731573936657
0.10479936713755,-0.240339178812516
0.177744174901572,-0.161286017662002
0.21060874504019,-0.115441001824817
0.134401274352768,-0.171099843598845
0.200640761651951,-0.129879696764893
0.174844453985946,-0.202214083322732
0.256738928004408,-0.0131080820534664
0.187413066572039,0.0335681166457119
0.159712189069219,0.00976706730962119
0.12537412504461,-0.0805823925972987
0.0409324851737074,0.032467448815001
0.162196953915428,0.0133134893407522
0.0909678824459221,0.0381449281232536
0.00473267692166167,0.122895977016694
-0.153581786876334,0.0986234139227498
-0.0618345006140072,0.23806890146385
-0.00938654539670507,0.309048312982496
-0.0872457356699491,0.259999305909166
-0.103294898798341,0.325822046658959
-0.133136253853461,0.312755569847543
-0.207666345190436,0.371111943483706
-0.177359799808623,0.282802481720581
-0.163259566152615,0.383468876895873
-0.239469003318258,0.36492953027699
-0.304777828062704,0.405539833061364
-0.277676811331912,0.386679145750106
-0.296991699426788,0.461676233084846
-0.303441653786477,0.419772896158468
-0.404591132646454,0.512754830452934
-0.345941474589976,0.478151556684439
-0.285109195113602,0.473142916870451
-0.371867572026208,0.47754329972754
-0.326007993451664,0.515967050941068
-0.252848402943772,0.609314569441977
-0.340145562191904,0.517134067618003
-0.376089792525118,0.567558749429263
-0.3712348822746,0.565932340438261
-0.393979680496036,0.642152767532742
-0.400783350639484,0.636234958678837
-0.401094247151487,0.641390381455172
-0.315151732232341,0.596964644043337
-0.39169919705715,0.641944437013565
-0.445494121629976,0.674976699659412
-0.427523416456062,0.638650231620213
-0.398844588446781,0.702364315607432
-0.422684240884968,0.693232799599572
-0.435137441092661,0.689927786325041
-0.456062772855469,0.678662918179611
-0.440525271924515,0.68884111961401
-0.481559699561791,0.687169432936071
-0.504820987004471,0.661106371600222
-0.43423062738846,0.661529987514957
-0.47789605101014,0.708159434152946
-0.525365371970754,0.588419129568579
-0.567459648728233,0.596095356042541
-0.530436808804016,0.628764313618168
-0.541448668171025,0.638942390443974
-0.573186894550243,0.545682568576352
-0.622384557065142,0.538441053160639
-0.677399957521166,0.616415647862801
-0.600403854327784,0.489325338062842
-0.655732393481987,0.560907350232512
-0.635000586902097,0.552679493801491
-0.62882113927413,0.494159772999432
-0.595150005695886,0.488757288401259
-0.66904850331693,0.405971318624369
-0.625103375518117,0.481757559383923
-0.559158883069291,0.451027398299794
-0.55593245179177,0.471724156745784
-0.566751638232064,0.419542327741005
-0.634882817143575,0.374020881278878
-0.591711133625124,0.429997840424785
-0.580025412899038,0.49449885419636
-0.548856247640482,0.485216838222058
-0.636862934194879,0.391486583315844
-0.584942855730913,0.4911130049621
-0.596514456058775,0.48472695989221
-0.618905295196065,0.57362695184077
-0.571345191001026,0.576090164206996
-0.526300195955384,0.551850151762343
-0.484782517681018,0.430588097788079
-0.597795575084613,0.501493916145389
-0.546877905583749,0.539429880771276
-0.494346667663612,0.549872750753154
-0.51740230944971,0.646732384796184
-0.502988805434717,0.645014083103358
-0.449151025933886,0.65763507954694
-0.469086622705396,0.68112725763283
-0.389122138308454,0.67406652671351
-0.398025433584052,0.631067136276837
-0.351748255466198,0.710068526758271
-0.375692491369932,0.719246475854607
-0.37538761600145,0.671863318472062
-0.227488317470437,0.740523762688792
-0.272189118983185,0.688915105345828
-0.238536486476797,0.69848803083772
-0.269030864736599,0.687670435000239
-0.165906043817272,0.782595199211848
-0.210232425794199,0.74911620204691
-0.0163076340258486,0.811884171598906
0.036060417259255,0.80581041447561
0.0356804965348411,0.813495244537235
0.0860207530989723,0.736739073738229
0.151363751522574,0.817326479405841
0.248533190552952,0.761433479722374
0.224032517502787,0.742865233075782
0.270448084876574,0.83227155135252
0.301099867995417,0.784195834924049
0.415355159807046,0.771485252328062
0.321311138843755,0.63782664221127
0.313488232769325,0.631385504384539
0.359547184249486,0.564720422687955
0.437026103608578,0.591482633568043
0.351904964099488,0.565748995762749
0.453575528938356,0.512431037230065
0.398596811908114,0.429552274669127
0.490980107484197,0.394700400462141
0.382788023039147,0.31364245540716
0.412905667591667,0.339086993215946
0.398729224120428,0.140181228970208
0.422520245967672,0.0626693051774323
0.339356376961576,0.101987825397578
0.366827568698533,-0.0609253307574792
0.343991001459062,-0.2134759853472
0.279633413280244,-0.350072199118655
0.24422971488703,-0.372623538104489
0.161419754004113,-0.396346555074817
0.133234334181763,-0.511842873747727
0.0818528778194876,-0.407142427431395
0.100555397083973,-0.574257761518104
0.0235321674943894,-0.583061077739158
-0.00719043010140546,-0.624958353238419
-0.05268199298741,-0.733413796747293
-0.0630280684169358,-0.663394719908861
0.00398584314525746,-0.681429068531228
-0.0698841880512154,-0.616551386765256
-0.0488113055531263,-0.728425028733361
-0.0631619011951807,-0.778695951776753
-0.112318149484093,-0.691334036538244
-0.0396491965962417,-0.75319612241229
-0.0828256457149345,-0.797202330148405
-0.187893135958169,-0.705082558692013
-0.134595366542601,-0.706927135049743
-0.128454902169169,-0.723959429834337
-0.0568518970949691,-0.696885889969704
0.0176200632248167,-0.735338030169907
-0.108155331585178,-0.705554751096502
-0.157455407658668,-0.648714873798374
-0.101556834538656,-0.633987768698388
-0.158467483716343,-0.616538623347069
-0.165407381452739,-0.606574640003199
-0.228588456607358,-0.665720695547158
-0.260026546471976,-0.620955547195975
-0.228318159827357,-0.578737843383039
-0.297904067882639,-0.550622547959768
-0.24904505341973,-0.562526283803534
-0.234891689239332,-0.603205822096
-0.286636247418603,-0.584572813381427
-0.175557221355007,-0.590292746111034
-0.232129872301073,-0.493678168397659
-0.228855910015302,-0.439121994532145
-0.279258264355852,-0.496002705100584
-0.283768413026353,-0.505315876918578
-0.307312331810178,-0.483211699263089
-0.256083996514175,-0.50856179174357
-0.321122572404258,-0.420001738963619
-0.32766598371315,-0.436321313059576
-0.435944234359239,-0.432726936031618
-0.393201090237094,-0.378297591946065
-0.384437222471455,-0.331485632739559
-0.43235264823703,-0.427820979869529
-0.369917258332413,-0.268933098007527
-0.441107528672922,-0.365985168222576
-0.397577276888462,-0.358056508108402
-0.430414829616317,-0.321750218895483
-0.439633493967792,-0.295189416519196
-0.39125716807005,-0.0933216808079395
-0.3445516073697,-0.308575109069584
-0.409073857102726,-0.272188495711275
-0.354069253824335,-0.115722554659464
-0.42622204248528,-0.135314051181181
-0.388411226761543,-0.260856540461168
-0.421255123615661,-0.163950916374922
-0.269581827481117,-0.344548523806826
-0.222232621562843,-0.212190184953143
-0.287960002990397,-0.265976373404744
-0.255292907623554,-0.223424068912575
-0.123172053254622,-0.300017660806785
-0.249708458679155,-0.404738540607099
-0.341636305625574,-0.341829295735292
-0.280553839576066,-0.290354393266339
-0.0903349459579392,-0.309979695145143
-0.29704666705871,-0.458958609734687
-0.218869934468597,-0.397733664098486
0.497174815368385,-0.655823599334446
0.500434054429908,-0.586611236538912
0.51998680986103,-0.611995071135905
0.550241666188565,-0.547282147162741
0.615753879710259,-0.506687504250839
0.595509013574928,-0.508066259184022
0.528919946715569,-0.590040113037228
0.603040330489573,-0.510918525221662
0.649360356037863,-0.484838148899902
0.694864950298064,-0.419345873628281
0.683555706344133,-0.359640194572663
0.673712946511319,-0.349781448784397
0.739169499359192,-0.346419883006393
0.760412886094567,-0.330703937170016
0.8514186151845,-0.269212856110193
0.866517524728386,-0.257985073264015
0.833022040150164,-0.199371247605739
0.862505981824288,-0.203613813071195
0.854260897861417,-0.103082202693115
0.939562242185689,-0.0943216766384058
0.923394472199783,-0.0756177580083443
0.919864281719834,-0.0145250683325911
0.938022122036026,-0.0521040039734439
0.903973349965027,-0.0439196044337093
0.914723308825142,0.00438336529749715
0.934359838093094,0.014430192231662
0.931169544192607,0.0111553915889354
0.927220374046765,0.0436489978040069
0.914909418056372,0.0502478564095727
0.896157925099547,0.0654428813276784
0.908844483743096,0.0240341808874684
0.917031951379298,0.0379521564774407
0.858929404745386,0.0834032573756102
0.927375191912326,0.0293220428149278
0.930315809459696,0.0563647318289115
0.919361209936397,0.0549409762379937
0.85313986976757,0.0756281656826079
0.901191574571293,0.0480501700879521
0.895203108441195,0.0807175793663157
0.921925902008817,0.0641267436972963
0.872046859886047,0.0927980977455916
0.83365417241876,0.0533102441955476
0.825992843826127,0.0526483780513627
0.771582981018676,0.0401652370606803
0.815649369039356,0.0263061973625908
0.834130675467294,-0.00584760459996099
0.712307049633864,0.0215359347551444
0.774475654518658,0.0151455800399939
0.712136324229486,0.0926361872518635
0.684823788544142,0.0974351158265652
0.580105670050449,0.182342260508776
0.528063995747651,0.27036323362054
0.505495301880316,0.225672812135557
0.412335396012784,0.309367636596028
0.454528654614812,0.396092515947634
0.448922851910729,0.458850246539428
0.389888285136041,0.425999701724899
0.462259218196047,0.39190586517593
0.401584682519223,0.365129188704488
0.403640580036965,0.434375980237403
0.486189237770737,0.342249817322802
0.403280822287007,0.3768581969677
0.404123098658405,0.39482365649109
0.331964266359883,0.330101416174714
0.331492833200481,0.394629148789562
0.408167719591234,0.441332563956036
0.42510034017818,0.426679785266405
0.392205521260948,0.339726722576874
0.4123018318242,0.34868309654721
0.398033361907389,0.364052293879576
0.305343649614666,0.369071152362616
0.504003204818,0.377656620548835
0.471683527215741,0.36661345646668
0.445226227409815,0.379871028946361
0.524807070542819,0.380455367253199
0.442486514022454,0.423182588915146
0.489190876335002,0.473239843257131
0.542419232861268,0.360096873255659
0.423939536270102,0.366876995381181
0.485159480028085,0.367922098029302
0.45830119101528,0.38947210793102
0.515448409236747,0.37343512206498
0.55996217020737,0.389133691714257
0.507709198804277,0.378793256801188
0.544997885329262,0.333090106294881
0.493627066242753,0.370369857388473
0.504530511505259,0.470123403044085
0.466304455810371,0.355952326993786
0.478726669865979,0.372735640578372
0.59426602524947,0.433521838383562
0.488032668709648,0.41909647244294
0.454171740825494,0.394171399531695
0.455055640120133,0.338089439934889
0.507331998581249,0.422801912280181
0.521320689999658,0.417187710887424
0.43273222211318,0.48840374429127
0.501530339699506,0.473682140395546
0.50693507376297,0.511800444018352
0.487264361723978,0.523176108276438
0.556384883108786,0.678125409720592
0.455194449341935,0.681572084929254
0.449701286404647,0.678397300329693
0.478505760414197,0.668073968834413
0.458013140694004,0.73362212919649
0.45741354051896,0.712850335717881
0.42201086398899,0.754471242889431
0.348359778832298,0.722433303461389
0.324593610914795,0.710572961692114
0.319770690087176,0.755872935808741
0.258222702855251,0.740316727446447
0.198435681090176,0.722804927497088
0.188199309956822,0.807400492964493
0.209725822303386,0.774066606276944
0.149873479091161,0.800527550043278
0.11092978720886,0.76267268443372
0.150528270651692,0.791396424627461
0.0768340770240741,0.810556649752168
0.116310979472446,0.773911708720372
0.0648106093770704,0.767654773548425
0.108873003400129,0.74172779026012
0.123099319887072,0.672054391526042
0.124315121411007,0.845810646574937
0.0840862798775696,0.698921432763962
0.0899750027571486,0.719580152453722
0.0327301591869334,0.723132354409128
0.0111005139464485,0.616946664531981
-0.0193190906194992,0.585826449582636
-0.0838820860274495,0.727353490791476
-0.0392995838796379,0.705596919645033
-0.0807790997470265,0.717054839214062
-0.095178605432788,0.720590490096107
-0.165478208857849,0.671486412778811
-0.123907701376808,0.660676219653324
-0.115810942701303,0.612987136752672
-0.120865521637797,0.598467040964625
-0.117123650865429,0.645712675728604
-0.183037614007488,0.57501769816426
-0.125099621669372,0.708494350137572
-0.236279382491613,0.644907095880186
-0.16874627738299,0.562384426112588
-0.215571289400589,0.748696352305889
-0.170598757977706,0.502636512705727
-0.223778054419298,0.63239863744992
-0.23866463356904,0.572381325887362
-0.198843745722111,0.618190299579917
-0.295551186575834,0.560335160353936
-0.143441227366353,0.492706073897578
-0.105876824128306,0.586053454150166
-0.39277154625948,0.464453087454689
-0.261585295997592,0.376124823897111
-0.173086918864393,0.3624803766121
-0.210091806634866,0.327945659676359
-0.234614069324527,0.331156405512575
-0.308157524977629,0.229317477786283
-0.178795832136604,0.287410046081715
-0.271069080236254,0.199536994119422
-0.254018134529425,0.277340171840742
-0.315129846273783,0.222886572673575
-0.186775440672088,0.163615695034864
-0.225850549741164,0.173654096076968
-0.298675567476468,0.202575101757092
-0.17763073534834,0.165288994619074
-0.292295978186011,0.116128481712205
-0.263139485529791,-0.00797463211290187
-0.270624110506661,0.121855497898157
-0.289791283030273,-0.000687808793486724
-0.314560803197891,0.00382649352804933
-0.284041090057647,-0.0980014521891539
-0.26404976511551,-0.0988092876149587
-0.270142576638527,-0.200273782837826
-0.333839151093297,-0.116126055686972
-0.322788961424169,-0.150228953592281
-0.274497559025066,-0.126420891617845
-0.325987284801699,-0.162030586990118
-0.289986867870186,-0.181286111244494
-0.280534218481877,-0.1891925391446
-0.384888819731732,-0.214929074355235
-0.28308421207899,-0.266755963564503
-0.239094072697605,-0.250913826938708
-0.31267908486561,-0.230529598428945
-0.280523764139654,-0.278193339981042
-0.339855287613871,-0.31863885489487
-0.302578828665963,-0.339344500393978
-0.337769839609465,-0.310591537242652
-0.311582338587615,-0.334896257308061
-0.186490643589955,-0.369341176326325
-0.308130705795215,-0.494449257105221
-0.349507741160534,-0.346796318267373
-0.270769101401354,-0.461159316744884
-0.341931613991952,-0.480757950697623
-0.294982387935062,-0.517446064205801
-0.185663363154261,-0.459065050990844
-0.272965881836044,-0.576914094620021
-0.340958824566224,-0.5064805458692
-0.220899903312283,-0.494314535973997
-0.236393345215403,-0.402387517701162
-0.197530680875215,-0.578281877983827
-0.186803399513559,-0.499554236144999
-0.192828095699783,-0.558629289686054
-0.101780168088875,-0.523716202344046
-0.172778489277608,-0.556550683743534
-0.172121457127166,-0.585230911073929
-0.185808428831872,-0.642797207442495
-0.163753813697145,-0.6255661993544
-0.18203276139432,-0.552133878451606
-0.151713900034419,-0.718548120111022
-0.200233490104488,-0.635913315055326
-0.206520442512575,-0.713693547342695
-0.224203224441698,-0.630943672629752
-0.223835378188822,-0.594126658489465
-0.206915762946452,-0.569810055114796
-0.259701272880954,-0.57560171702207
-0.233198961720578,-0.646669611122576
-0.279893237148513,-0.702249559604508
-0.219500250271703,-0.663564000612871
-0.204877166610199,-0.665686610518437
-0.186651736422909,-0.653513133081648
-0.164309974797074,-0.620934899996159
-0.121757805716854,-0.659884654536347
-0.254360254649964,-0.653318541582034
-0.198877024047276,-0.660095921238463
-0.210982925367728,-0.63964156123767
-0.259487850925631,-0.670783384252317
-0.146237712639958,-0.587561243658467
-0.175232513204562,-0.724023581884633
-0.286059618354526,-0.694838549972918
-0.245073890360623,-0.656477885357164
-0.246259060857696,-0.68000625530177
-0.224670287733423,-0.552422115782249
-0.167265329587315,-0.598376647585907
-0.206092003111381,-0.615371584229239
-0.217405016559965,-0.522024789299784
-0.121320505894535,-0.526238135534324
-0.154025588814815,-0.504950184825261
-0.141085638002465,-0.483842400267517
-0.16439742445431,-0.493580586972583
-0.155523188524656,-0.516665960063923
-0.171662169978726,-0.516564787572171
-0.143734115272631,-0.583679104888271
-0.1296684108765,-0.537034851846853
-0.150612790660259,-0.682498092070828
-0.0740189046776631,-0.604186853922998
-0.161499787762019,-0.595334734964186
-0.158308134480769,-0.651539625507858
-0.114298949765665,-0.691360781102252
-0.131476612413523,-0.657276741197499
-0.0519497932907274,-0.623354829088581
-0.0117783846829371,-0.631234637223087
-0.0400181825503784,-0.723015668138917
0.033283150919959,-0.71234707758199
0.0500860460996423,-0.696794031719626
0.069867864201357,-0.645951933872236
0.128178643418087,-0.645490550250294
0.125986716747017,-0.673511636904255
0.185508962461618,-0.668858823242349
0.227822458512883,-0.691445579017112
0.202669865248588,-0.619341344612035
0.190470983701615,-0.740803309631652
0.262440404395492,-0.592295554001385
0.313537791781964,-0.574452031113127
0.331488998824538,-0.561727020103581
0.403668711379741,-0.571344879109821
0.422604507157029,-0.52461398211284
0.437122423843525,-0.427389780913861
0.515188999049283,-0.443510019433773
0.461236962824891,-0.428321376564224
0.537650731884456,-0.358469879966652
0.581106261799523,-0.371396141087636
0.520983063650125,-0.346169849667997
0.678932925872296,-0.295580069767967
0.646147695460835,-0.244934617687176
0.677622299939128,-0.288809012033199
0.699826123733171,-0.184424759250582
0.653896750788544,-0.209317255468391
0.733300267751242,-0.230855820742467
0.715719240578905,-0.19582774978871
0.702455141573774,-0.198140409507409
0.801720195660518,-0.17527497893278
0.822478786559329,-0.12923369907504
0.836211259210078,-0.13652245091231
0.727011753763841,-0.162704682685193
0.814587403439524,-0.0782243165745027
0.840062890979561,-0.0123352994964585
0.842928066236861,0.0151908688768145
0.773751429727932,0.134733681118632
0.751852063047325,0.0945359819128178
0.707501013676283,0.187617287939395
0.781932316874107,0.20482028032141
0.665065850200657,0.271965418207481
0.762912776581937,0.244233436855686
0.622142002420798,0.328827226161053
0.606101607336515,0.408815769074531
0.647290956414879,0.406364151992073
0.721583691609587,0.483361970656658
0.637365814196137,0.555643257259211
0.657815810141076,0.525294578475916
0.506164362867314,0.635810244212657
0.529467215368979,0.619569997035462
0.520808937689995,0.648794549067882
0.479590728781811,0.754438984280782
0.483800089599634,0.774935575345517
0.463815710872757,0.791753197312824
0.416353465418869,0.817888484479262
0.366884497219826,0.792199767627516
0.397730190206936,0.786762286413906
0.32134646212756,0.842864448799414
0.271647948489981,0.844667589794622
0.218149105115079,0.877124748425836
0.0813836507443604,0.87557194762472
0.0572722950915533,0.882337913457974
0.0478148793183359,0.887078493319087
0.0441818829982917,0.950790981105636
0.0441521795966985,0.926932193529848
0.0517579377779652,0.946994992261373
-0.007332364596041,0.958602101788943
-0.0339163528961406,0.962072118460062
-0.0317188438858877,0.917564034872672
0.0230826970162573,0.979023136478425
-0.0653088702432396,0.954353639401515
-0.00818405860597568,0.930611158209293
-0.0404673241063289,0.941148034615634
-0.0301464186143424,0.950332710956404
0.0699013807462752,0.954801807389428
0.0497226625339089,0.951679629796349
0.00316227236431445,0.989208231295598
-0.0243530355024295,0.922417408954302
-0.0709428380522488,0.907445652617205
0.00173846803353736,0.825512614100402
-0.0381633986833703,0.886111875852468
-0.019038656634768,0.950803008528611
0.00308274714423642,0.899153548661299
-0.0646289137328542,0.94667650125356
-0.01409299180651,0.965618978223108
-0.0725175988763515,0.970096924383854
-0.093472905176893,0.930206762339136
-0.128892054039725,0.908220105497459
-0.112305419315905,0.896890045721714
-0.144720421536323,0.892410927039135
-0.0817702885900914,0.911339387868621
-0.0638042929983725,0.912862459226571
-0.140293004781662,0.869807337222035
-0.114236764822651,0.902569439367465
-0.083445188554124,0.89191871815026
-0.0847959271948459,0.892366608215225
-0.141167930424011,0.877869310579632
-0.15010373370957,0.873228956208117
-0.156740571235016,0.867496120899804
-0.210013293334907,0.841694754864614
-0.229836937362091,0.811307540265679
-0.221802283056151,0.884550173252086
-0.214829733539989,0.853206843079007
-0.266539747458337,0.862874380820321
-0.234912368073077,0.878639884770467
-0.181759901554433,0.914640134522674
-0.197846279931354,0.869982051465908
-0.224998730595349,0.89182512265564
-0.183368368733314,0.927400564516085
-0.214317621067551,0.860343939891051
-0.221273273841499,0.914107428395489
-0.219082498877032,0.84264608023553
-0.20716721257527,0.870888534075446
-0.210716740893219,0.889734389453664
-0.211352076480304,0.881755020732271
-0.154690833906935,0.916480998135169
-0.153130069262995,0.91263749803313
-0.0867611963271123,0.917508722772987
-0.0288023804273005,0.916321472533885
0.0280629616765758,0.897639525974613
0.096346160744026,0.866947394495392
0.14264058269364,0.849118848005251
0.204374055187495,0.833113694455719
0.267612933948855,0.765737993439989
0.338230952166794,0.725015501182665
0.348777221388602,0.67354059098678
0.396090878900822,0.638388337447177
0.521734073613475,0.568950294823645
0.600787811105173,0.460302150974602
0.628035904093946,0.494041836768846
0.624310517238103,0.355650916440715
0.663382384401273,0.381323391931883
0.739107078269607,0.283436015820415
0.735967088671941,0.265012280840743
0.715179045261809,0.232717875534573
0.744762707813908,0.160753298206254
0.76263236533053,0.134425481170504
0.746653981848663,0.108497489015714
0.815596244451352,0.0297555095144765
0.787135184384708,0.00971398955047309
0.8559641972076,-0.0660518578910412
0.81242882363944,-0.149395629248118
0.844510758875105,-0.161022283895926
0.830672167707129,-0.220140120227372
0.848249082516131,-0.201917393857335
0.84416341016532,-0.289143071423018
0.846625054115072,-0.303677291525408
0.793656005298071,-0.350126879460366
0.761204942277182,-0.409915813264992
0.777877242154293,-0.413836163727725
0.770417654297724,-0.45761290455206
0.756831196367713,-0.411945661017349
0.797394392027102,-0.464249984449177
0.77250177103831,-0.503475409793965
0.779695849635083,-0.477483288302407
0.776984586042483,-0.485372944523102
0.77553497339243,-0.46931608518011
0.745367960729734,-0.512854459690229
0.647327680805855,-0.537302111878515
0.679490674741182,-0.611729680153205
0.656255941736438,-0.607398493785478
0.626239548197881,-0.638849068449707
0.664453310671878,-0.651707989678727
0.567561590025664,-0.619360414346984
0.652373776525612,-0.678533770057495
0.65599350670318,-0.686048819182151
0.666320605861968,-0.610756033075103
0.686739218282912,-0.61101192184998
0.650326914890645,-0.57140681232213
0.71870365233661,-0.52983436465881
0.742038403754595,-0.520253840639333
0.791169236368079,-0.486244708390765
0.796174032664543,-0.494358475452974
0.826099240331545,-0.476299427888776
0.822246318293315,-0.443029631706333
0.80998006760282,-0.425405785786032
0.859260292626789,-0.377590906214557
0.837680686876053,-0.381500024527532
0.844009919899404,-0.358876313662659
0.838030628306862,-0.323314608284474
0.849262080301108,-0.295281985787239
0.866620207142632,-0.268062048632024
0.833183233608066,-0.209414838277317
0.855263001456778,-0.186173403468521
0.845280606150702,-0.126980878368816
0.846602675539692,-0.0962030598272751
0.886012644613352,-0.073947247362951
0.834626139637405,-0.00154656662942365
0.836479357328787,0.0095826693444812
0.774548182727761,0.102311789974899
0.838814440786453,0.0359166414708544
0.796659500823562,0.201237375251777
0.599871297170118,0.222939046316037
0.732810708379416,0.17340989671194
0.626420021416654,0.217992234936415
0.610837519338578,0.20229518523307
0.606303045626134,0.358299121073748
0.527690874245791,0.311346933411835
0.538492731436295,0.344253796722246
0.530366477868408,0.410410935015795
0.517489506583318,0.488707794272787
0.340556187346143,0.533203720814581
0.446178016059645,0.500447718346941
0.406412728644455,0.539781011337484
0.237941626677474,0.596416161669239
0.234337957843032,0.634113549561089
0.223409158651833,0.717487523782748
0.163243966095932,0.758876429873304
0.143282886649645,0.752161779938392
0.0705419858435229,0.84910036659098
0.0161579463012091,0.849719413126836
0.0191897212678184,0.840938052630452
-0.0373679855140181,0.877700599371814
-0.105300321841754,0.896328365837741
-0.115858317326145,0.893563611522234
-0.143060615954341,0.873063087940095
-0.207613521985664,0.905910364117047
-0.210341413106283,0.882531256982907
-0.221926775323698,0.870303949409853
-0.248130833495504,0.866682308310066
-0.256114941267724,0.856579182015916
-0.290357947865906,0.907528846396203
-0.27095103168519,0.852453761390857
-0.293977590702539,0.842186023087827
-0.305544284193489,0.907697310497334
-0.399758787658615,0.898430884128144
-0.389173250372328,0.881278292114299
-0.352957880578075,0.887342515076696
-0.386064292831692,0.884374544376229
-0.378115704800369,0.842646767160277
-0.343392986101627,0.831901548606942
-0.368223971417678,0.853392328959675
-0.376888527991974,0.852160321815246
-0.402345820833949,0.844965671736324
-0.397875004633565,0.812950081665499
-0.407837779258788,0.786731779070972
-0.482171121108682,0.754447780319272
-0.443533971707526,0.773207780755883
-0.401222359214377,0.79799325563778
-0.515800728892073,0.818826459245517
-0.459089017483081,0.788438739441517
-0.492823095276766,0.768211949625201
-0.496455996583961,0.831195139189957
-0.483194807151484,0.793940483728288
-0.528482885884878,0.730973506258999
-0.483518809878668,0.753452465098253
-0.59265069946477,0.750704441759121
-0.601903106947236,0.720522053025242
-0.616548623813713,0.722517040983932
-0.637347926041149,0.714739898166736
-0.634616697917395,0.699100609868393
-0.64310475372277,0.65089679246218
-0.648970115501537,0.622102075938919
-0.669088486820129,0.637808145093895
-0.709887812191261,0.570437608081709
-0.624034604007534,0.601884087301337
-0.686252218031691,0.643459623561545
-0.66176142283647,0.597631696610125
-0.649587687459397,0.606248146337474
-0.679327334161148,0.619151274837058
-0.729683744251872,0.588477922217977
-0.682022222396871,0.620636107582535
-0.712076164961881,0.610137391846396
-0.764329960721604,0.567841124106061
-0.760662192847022,0.582089260271188
-0.802334862513725,0.50510739637741
-0.759788509927388,0.496942315657903
-0.784496715241769,0.464665472922564
-0.802926990283873,0.45541612513327
-0.820980028848804,0.445075809822692
-0.84207082918897,0.443864497069361
-0.856457876871741,0.417883137850326
-0.868892923131734,0.396138173380808
-0.883017492511398,0.368089116788256
-0.908614449218341,0.292742498645198
-0.869645449443963,0.326759415306642
-0.884214584964602,0.279952131622465
-0.866918198906395,0.271970205909177
-0.889042374760107,0.203063864233075
-0.890922576823924,0.235281534497525
-0.892001889883395,0.239260780556407
-0.845160929240391,0.185820650166277
-0.820092725044619,0.245786861839121
-0.855695751808748,0.250865530395091
-0.838086903405611,0.249454283396135
-0.784604635375917,0.376253366313967
-0.808470464993329,0.302708256409003
-0.811460061600223,0.385596897987137
-0.805724163690948,0.413141001643832
-0.787569207455732,0.458378398669405
-0.771000352649089,0.473770034317841
-0.755292051563259,0.4842512003414
-0.756468649262077,0.465746363162543
-0.742089845913739,0.486408883946018
-0.750803500786775,0.503523257939971
-0.754391007375055,0.480297721476733
-0.76342241790303,0.455098251661045
-0.769331805225267,0.439177201941606
-0.761533928467482,0.402166978122179
-0.802213811036026,0.429090510107623
-0.854522152351895,0.400690799900223
-0.860677645969624,0.342739232264591
-0.749393183205944,0.321145902337333
-0.83142853908353,0.320764061140301
-0.863751270573606,0.335868262058975
-0.864841875133785,0.242099466527514
-0.858646042271511,0.213775340945165
-0.805909048599365,0.185107053092672
-0.879406124609598,0.159930879930704
-0.847803500691326,0.0887953598235969
-0.884264468777801,0.0795659624388815
-0.908355065367308,0.00733714611516589
-0.876930066040019,-0.032315360156816
-0.912771330641136,-0.0658323759215434
-0.92126169855293,-0.0732819973477667
-0.871962880210714,-0.15144887624227
-0.897133466230948,-0.217781836533233
-0.913157123784521,-0.224304368641549
-0.896851744989615,-0.28379414662985
-0.914129189179107,-0.271873305614871
-0.886388454925834,-0.333037521921766
-0.872686499394961,-0.36571024656698
-0.841950331410011,-0.363766440328569
-0.855154999956857,-0.417526492974081
-0.822504422508566,-0.450402933907326
-0.771363713480392,-0.497467826518504
-0.757850913608635,-0.505749872075391
-0.739774641670612,-0.593628064859677
-0.691738974327512,-0.597436094611683
-0.648221034338769,-0.638787538917132
-0.631371276370088,-0.654730289692266
-0.555977708586218,-0.698927799848953
-0.566301721714777,-0.712995879460413
-0.575352255413826,-0.724775589010754
-0.522691067229035,-0.744394924491213
-0.49526321865618,-0.761745305007416
-0.453656494613305,-0.785613141328058
-0.456042374519598,-0.787340982916944
-0.371869218664025,-0.832666740776113
-0.372459036996463,-0.78934903777667
-0.343344216927102,-0.803076751201812
-0.326768172259471,-0.841046421770228
-0.268859396348903,-0.823566677647769
-0.323879810337025,-0.857354174417632
-0.26924636593368,-0.823437791702227
-0.188014709482902,-0.856897601734832
-0.202439650537592,-0.868164556886107
-0.153799028480605,-0.864265179831022
-0.158595849645005,-0.848862291921864
-0.10700692703364,-0.897965242721984
-0.111218377319221,-0.875668309407575
-0.11850966820894,-0.882672133176616
-0.149751505683969,-0.877243988652227
-0.130442866553083,-0.856317735085519
-0.12344973132617,-0.877644406076617
-0.154640537028436,-0.844040008544907
-0.205084010553146,-0.86738797793518
-0.179054438186423,-0.803011650266845
-0.208137102544874,-0.810133009694951
-0.275263035676594,-0.784624122857987
-0.231592015478205,-0.795569835846684
-0.290982340814329,-0.803079017610266
-0.303311074245706,-0.764037580770177
-0.353840224982417,-0.70987067873221
-0.347213145234568,-0.719119970342873
-0.386156630032648,-0.741034082011234
-0.453588070285752,-0.681815438752023
-0.43844850610105,-0.582834943320299
-0.490231492672183,-0.673994579977934
-0.514576963388104,-0.611899251790061
-0.541216257527185,-0.544556731046668
-0.587621233651185,-0.607799019061924
-0.631655575717405,-0.577710311599294
-0.633782407674386,-0.6472238057352
-0.695063638615937,-0.537401094346234
-0.687578089078904,-0.569162878207963
-0.714166245786325,-0.576531703353334
-0.682484164279036,-0.539332663185153
-0.700152183985537,-0.602371277158628
-0.71846291777627,-0.585161791739242
-0.723055882322117,-0.587414370263545
-0.7701066077717,-0.557576741003748
-0.783416683195869,-0.558578714453112
-0.73964901315701,-0.564838531958017
-0.781721910531697,-0.531421918433393
-0.813234545332894,-0.525145634050974
-0.799020075946047,-0.500205503813185
-0.761634511982176,-0.539990449729617
-0.826675998819323,-0.510114350288899
-0.778676190184958,-0.508177837511111
-0.79364855586937,-0.522644280802975
-0.809220270259636,-0.483542047670374
-0.787612352034646,-0.456626138497533
-0.808057221807712,-0.435101546025477
-0.805077700039602,-0.501474160507609
-0.805580215672986,-0.489317575520474
-0.807046033735063,-0.483493662519494
-0.835824031793222,-0.44103788637556
-0.758296121998109,-0.431728292834295
-0.791248496591865,-0.407312770758796
-0.821215830569263,-0.454166524158932
-0.82945424577812,-0.425875438665509
-0.751890105215,-0.364510633969911
-0.783437096701743,-0.394652485718319
-0.823991449360197,-0.403920244223396
-0.803744478053829,-0.40559140115509
-0.794182832077909,-0.435313622501846
-0.756552704346189,-0.439243224968429
-0.733187778778662,-0.428346489625159
-0.751905866148035,-0.425540087115704
-0.707868656535048,-0.439033511749547
-0.689775333067679,-0.482457334617385
-0.689212394763954,-0.398462288969676
-0.62496630192474,-0.426006276305904
-0.606336384288892,-0.393155510325663
-0.651400213067443,-0.390394981669687
-0.552477790070499,-0.407009954961474
-0.504625626565322,-0.434833152480011
-0.530923515455348,-0.33910129305671
-0.539770661003801,-0.337648139079502
-0.432529016707462,-0.376964739355909
-0.500239546947517,-0.418818178993146
-0.498114742799307,-0.322293083045084
-0.498048207821347,-0.311272605427089
-0.507596748824628,-0.303774634377379
-0.43217358486985,-0.372672798855303
-0.383634233389411,-0.349501353123421
-0.458007103532274,-0.395653050348357
-0.342991243889695,-0.247711126373896
-0.346296382283805,-0.391139631561619
-0.349091676351709,-0.4254708899807
-0.389778038368694,-0.324828527575934
-0.260594680125745,-0.318608104930627
-0.165374945007413,-0.271465129821543
-0.26560800679848,-0.344670992708727
-0.163798311500612,-0.28315538251052
-0.204897929244161,-0.365361234130264
-0.0465382200095429,-0.367505477611262
-0.0197583934378959,-0.377350448830967
-0.0699802654524443,-0.293580333556067
-0.0207167131387973,-0.390000616033752
-0.171779302468027,-0.358742686202539
0.0769858908506442,-0.284564066893616
-0.141220717753669,-0.369936803165605
-0.121896076038356,-0.353617965087617
-0.190900413273738,-0.32764241747741
-0.16648384730975,-0.378716582903827
-0.0373643313898221,-0.364143332552006
-0.124307550109476,-0.362484040517607
-0.148233102513021,-0.402819413056594
0.00326719319168366,-0.353605303547461
-0.091732561999037,-0.426949239145712
-0.0536899446550015,-0.433244646918627
-0.146374752795333,-0.449176539961127
-0.162672039201677,-0.377573855978417
-0.238984109515114,-0.317045356715437
-0.138380301027208,-0.402000339617466
-0.0947853635453304,-0.413722982821359
-0.206866406721179,-0.364040550755374
-0.149643766377415,-0.39054873993551
-0.240862382022306,-0.366960996285702
-0.214719856854833,-0.391942700080584
-0.194706689182914,-0.402106006066686
-0.215635867090164,-0.354890612605377
-0.219478490678491,-0.333906597191605
-0.189621333484212,-0.373517535772263
-0.228803530001437,-0.395683181995285
-0.282311587547011,-0.304399710816131
-0.310345311187398,-0.349729004542918
-0.117333279595103,-0.250262986763828
-0.25870725278862,-0.343909327693495
-0.181959063324231,-0.294020057957746
-0.205318419035873,-0.334897055153158
-0.347086966790524,-0.243437259039234
-0.254902862028723,-0.241449746324734
-0.214684969211091,-0.229329185557614
-0.242898615325215,-0.234311607509123
-0.189574227823238,-0.285253864887902
-0.30952120792132,-0.25768845594833
-0.206614906177594,-0.240499007180609
-0.279027448101742,-0.315065631519481
-0.304503368832817,-0.297717223254924
-0.225205814515698,-0.250926936013983
-0.281203273890076,-0.390078632817558
-0.275750533942472,-0.22855228342475
-0.309419025545372,-0.286762931872709
-0.163375834338955,-0.27795019384086
-0.122273915008175,-0.0863062567867914
-0.168906305537261,-0.141451825833211
-0.123980987097814,-0.233901100061007
-0.122336601700862,-0.227514523125663
-0.0348786576847136,-0.1725796277439
-0.129574326777984,-0.291931305354778
0.0106518375354204,-0.259795347433769
0.022829940813051,-0.3513107834553
-0.0879491706311288,-0.181345840547176
0.0385714029465942,-0.261499595324072
0.0218756544441082,-0.220516324432365
-0.10450679050799,-0.236003216402994
0.0774172168696996,-0.348695000295963
0.147444933132247,-0.303437685548064
0.163535389716334,-0.3949508323103
0.0707949812399252,-0.33535931569085
0.0672590913619146,-0.395862778010728
0.155613168269874,-0.289177988536382
0.209717645047666,-0.404803420957056
0.121382355710542,-0.323516623722461
0.153189170521494,-0.334532796573189
0.162837091865245,-0.276779934760702
0.0937658515091375,-0.360376608184342
0.133581078749946,-0.321002020955818
0.1594349580496,-0.32639380305885
0.201692653495542,-0.29096696775854
0.133680045855549,-0.438201277259447
0.070621623279072,-0.317096918454842
0.0865994947497916,-0.258782263484962
0.225878924076565,-0.384750598357986
0.0912527865553537,-0.306843999086528
0.200334320780806,-0.338229176792533
0.0883809701112789,-0.279092503120313
0.0951598539510866,-0.2578994758026
0.191766320900748,-0.224270183900609
0.166666719025451,-0.246942295283806
0.163060181141008,-0.329192488194651
0.166805662814814,-0.424117462786672
0.198975836008026,-0.283504159036213
0.163063199993326,-0.355184008438772
0.211853635524526,-0.383226091458018
0.169863446038525,-0.399515772292971
0.137597952061746,-0.309413944637575
0.123689332873743,-0.356826462120035
0.206142674854895,-0.367469480455093
0.0848612019384378,-0.320546607643082
0.122734650123202,-0.400445108719029
0.144917378390232,-0.339070090569422
0.120139838471861,-0.314713379549204
0.0209017249595113,-0.357038343497744
0.0628834048381306,-0.375553543403464
-0.0465579887313819,-0.282504489021561
-0.0172400102951708,-0.334933090029709
0.089475833390011,-0.360159701181396
-0.0178155507331239,-0.334299204198129
0.0254988064679374,-0.436603729681103
0.0530930947268792,-0.464996493681881
0.0354733092985094,-0.443725880646316
0.0447677935328805,-0.447638782108744
-0.0248216509223535,-0.379016191029848
0.00336983332357852,-0.372451412882668
0.0099174215404552,-0.44942222351673
0.0456999568041014,-0.363983699576982
0.0739499877189361,-0.420267805575187
0.00213363560616049,-0.304923920923009
-0.0563495403089947,-0.292479573632638
-0.0998252144322182,-0.324268269074291
-0.0642596275838054,-0.340796183613419
-0.0117409451020097,-0.42687115318787
-0.108184248922933,-0.371358734408095
-0.204201360752486,-0.459064851751685
-0.199752856231985,-0.323272337007103
0.041278957278585,-0.360014317737382
-0.0976878570703139,-0.451214678466493
0.0529833998288342,-0.440030996984386
-0.0603035833602683,-0.584207767463775
-0.0231448796796294,-0.426755736420613
0.0130627702837978,-0.423500725738607
-0.00617498786870995,-0.415418581174258
-0.0922300531089551,-0.474869889317818
-0.00403119956118246,-0.533641494665539
0.00232510626391569,-0.53398789615031
-0.0285465448491218,-0.498894394475107
0.0552469437463742,-0.531637227352161
0.0570821401424209,-0.464390337515546
-0.0123526049323044,-0.597636875226545
0.141105729146868,-0.44146094833785
0.172602138713337,-0.521509751866649
0.207163566461156,-0.480182083835258
0.218396393938601,-0.452953626900378
0.190794779336323,-0.577886228813683
0.171012237435179,-0.525367639518909
0.172679275388303,-0.550433830974468
0.298713111437813,-0.572709885223184
0.0861482450349352,-0.455914688285645
0.256154695548869,-0.451758465558515
0.19132839246389,-0.47133549950602
0.165482011130021,-0.542964594162914
0.285106767213593,-0.54283264144455
0.253069438907364,-0.639122230970198
0.217226824659745,-0.565990859439573
0.259122400436747,-0.596117823948823
0.239205446047674,-0.61636881043421
0.341455647252407,-0.618528118824241
0.347673458388627,-0.580186462484893
0.324732969183423,-0.574039945674839
0.254114120724498,-0.476913744944091
0.339575114264097,-0.524961576018333
0.400107947717765,-0.56605820967469
0.335613425586701,-0.571319955259993
0.390393981205806,-0.483427975510619
0.433243650787585,-0.54446466163139
0.41275369566877,-0.555685718950668
0.509392028341143,-0.525504977495124
0.46472330368513,-0.519553313249748
0.498480433976957,-0.505194688330278
0.45906942934053,-0.579700083997825
0.44011452446589,-0.535778596002943
0.547163052731422,-0.476004093018997
0.580881562023384,-0.502238449914878
0.540467397082856,-0.505054011323072
0.562105475967095,-0.484487667580947
0.595133540835339,-0.509069659295767
0.607344590706312,-0.490099259645966
0.642525942114946,-0.49056289849908
0.625384199599402,-0.501772694966053
0.593327287487583,-0.445246685009989
0.610352448575114,-0.524925970994455
0.499841274705894,-0.50834194648083
0.571710705363448,-0.519089536733596
0.611092988302134,-0.626228905183686
0.621500363782601,-0.612147697972868
0.567772688650323,-0.718967190838501
0.612171501722891,-0.663743512853155
0.587836077090059,-0.690065127438784
0.553745309898227,-0.666764814254544
0.640924578164637,-0.684573759089568
0.63926841279264,-0.690163468334184
0.61298402579185,-0.713390307282151
0.623513679770078,-0.70003997430512
0.568503569120332,-0.733920454890709
0.535092990873427,-0.704867310746657
0.570741350537028,-0.72054956623417
0.500688651806545,-0.722751355145827
0.571230077172277,-0.689165648322351
0.576166919390883,-0.717786696941405
0.591570190517058,-0.67377279887021
0.585067024202788,-0.693226476188444
0.529255283047202,-0.71945430311129
0.576734370667605,-0.711649111856897
0.501455378921287,-0.68190986716335
0.55758485799445,-0.68051251798043
0.549462638528406,-0.680127050620646
0.515548902789229,-0.637346504154116
0.563538615820319,-0.571619640596136
0.581596290956663,-0.547744225864701
0.540622187802205,-0.546436750187089
0.523586701136592,-0.472852496709625
0.563803882930597,-0.471466486796527
0.485721122899585,-0.471047182428838
0.509564138811824,-0.467114273560613
0.438772787074881,-0.326371822396005
0.519293028567687,-0.352292745836752
0.516256685306256,-0.311908230750552
0.563969147516412,-0.265007931978701
0.501961014448542,-0.192430661470062
0.485113042923889,-0.22682740991525
0.532757329916439,-0.153756080660136
0.509494025931427,-0.0923278816682358
0.588694226938683,-0.089434662230665
0.559018712693674,-0.0259214756796407
0.531632985883922,-0.0797940834985258
0.510238025341754,-0.0581074072063866
0.55766248924499,-0.0583024302001812
0.403914618436034,0.000518045338217965
0.49553929596239,0.0234072208950016
0.386769414488109,0.0183264081944209
0.487777824342551,0.0292624562714001
0.491053244871026,0.0804314963937404
0.436320210381525,0.0479559844240352
0.448713343119548,0.032847743769872
0.480204905992887,-0.0624052123098667
0.472615492724917,-0.0152669993289846
0.345253515894829,-0.00947528441131854
0.411105334882184,0.0335204164819959
0.362243671026496,0.0419954893361697
0.345071266671156,-0.0398644045972675
0.382654211191684,-0.0526815031043459
0.464704785848587,-0.0134047393058849
0.307460574658814,-0.0270417784481134
0.32344579712401,-0.106324175951546
0.422748277903335,-0.0893049827807476
0.45989881780529,-0.221849632838387
0.558889267411083,-0.189916318834464
0.517033536774469,-0.238498944572643
0.55197229669323,-0.280417290680515
0.423869285388422,-0.223977770043288
0.354677991836711,-0.249856284549174
0.354872724879414,-0.271622161657486
0.414410652276864,-0.245310560528466
0.476210967753175,-0.263957121949536
0.408868953125863,-0.287484465194657
0.37431992210513,-0.264753157225505
0.266013996624162,-0.23194626662516
0.274164921583618,-0.359086631538825
0.312872095381174,-0.392815726663763
0.354102834029167,-0.382450460011616
0.203921149441934,-0.364586325597922
0.298814987295223,-0.377670310435693
0.307801698031474,-0.529182214286999
0.210674836601681,-0.411671777314582
0.367940856387731,-0.464362887577551
0.292848678407548,-0.54731176791755
0.19930838437637,-0.433350530121035
0.215794326725497,-0.46322027824377
0.194260776254476,-0.303087972138258
0.191528905585528,-0.393640273275135
0.155450612124564,-0.354704762104763
0.149722137542608,-0.369095517496203
0.128477804801111,-0.363564248647193
0.124151081637851,-0.442502184345257
0.108959069992122,-0.474218698723843
0.0915583544396145,-0.436297201515392
-0.0131503341191963,-0.459067398246461
0.0686902956575664,-0.365042389218669
0.087737175109688,-0.388320748827799
0.0959111226183671,-0.384539143104873
-0.0332326280611363,-0.403285614971371
0.0117356802371811,-0.411568038986541
-0.0543835896415567,-0.445470586696276
-0.119818395151868,-0.349418455449551
-0.0496380339517701,-0.456368456617886
-0.0673586164241426,-0.328192622548985
-0.0528054016505839,-0.362076052000377
-0.032691235764617,-0.429732504543889
-0.197158898430484,-0.315278320552352
-0.221373459614382,-0.366903307010531
-0.154615056646298,-0.251945466429235
-0.122566111554188,-0.331362908889242
-0.228500008761223,-0.238072863618917
-0.215710807702818,-0.293485100341893
-0.253167036624524,-0.241507520394981
-0.273729685499999,-0.25751226229941
-0.270139762789062,-0.23783013573024
-0.259763993966606,-0.285826012181303
-0.341462691118395,-0.31345266618836
-0.186838420031463,-0.157714502935534
-0.293786622985701,-0.217875585443846
-0.297732870603439,-0.188441552419181
-0.342113107754769,-0.169550502576485
-0.32707265160743,-0.222397380779265
-0.417404853342957,-0.121910219193704
-0.385433834082066,-0.136870210529738
-0.369045580968298,-0.11564673081472
-0.341003318538163,-0.0611234181050669
-0.342229300724054,-0.179412585579549
-0.474322246845641,-0.119321667047928
-0.357868520745933,-0.0845513725511475
-0.393746871078158,-0.14042709094527
-0.287664800355702,-0.195302413966178
-0.369755740773125,0.0186994427265441
-0.372929003836293,-0.0998319477576676
-0.384520700845004,-0.150366280856128
-0.417769037509564,-0.0296152348502647
-0.467530267304025,0.0524676732163941
-0.431738212266701,-0.0826720581101547
-0.508974428444324,0.0764548991635837
-0.388442759886187,-0.00919229451772171
-0.393275776452047,-0.000451731300333011
-0.402497873682498,0.1029375983785
-0.426850836735385,0.1522120557686
-0.341249553687029,0.125770892010521
-0.43773397243634,0.0940688943537901
-0.470262660078251,0.133900736851089
-0.293270761825656,0.10071340249809
-0.41907250171359,0.192303362148413
-0.476619760369739,0.0829455187896228
-0.376824506323085,0.0221807618051396
-0.355244592083028,0.0843225470819657
-0.528469585927106,0.182100435770266
-0.498722989005582,0.202802619516864
-0.520336652573147,0.160457812982998
-0.487444411903337,0.196649082175376
-0.482927134301188,0.205286668107224
-0.588932403835269,0.0883673808638969
-0.535352015194054,0.211269402694434
-0.43781788033509,0.261099115927648
-0.45232051035057,0.184720496923988
-0.53850011376124,0.26744631494459
-0.563987880175318,0.276542439346431
-0.529208805941276,0.277322954707501
-0.523003261195087,0.249502201431865
-0.471417088015118,0.263065663022212
-0.651765453289749,0.364080842361238
-0.581212755722367,0.21003098957403
-0.634672166257841,0.313588386572266
-0.547107487731984,0.324184074372825
-0.543050001387204,0.425317142593096
-0.657946252113413,0.402654831782215
-0.638085886335508,0.391698146574202
-0.661237954268446,0.32415917022496
-0.707303950273241,0.347416026409589
-0.693451577808154,0.415547684072764
-0.572878671316763,0.422728624524284
-0.712183352714901,0.435454088646318
-0.593316860600717,0.474874074158324
-0.678177836042133,0.434818749233931
-0.581871021990031,0.445131351369771
-0.623789033227932,0.434903772054589
-0.624738318206391,0.561118359506181
-0.593783103626781,0.539899422681079
-0.474614185260662,0.497075421464426
-0.478691596275962,0.548768767452142
-0.493123439168893,0.535651955314172
-0.530124483895982,0.621190260231448
-0.483714494350388,0.669742432523484
-0.467761415509591,0.672470923607948
-0.470354326878523,0.594921449859858
-0.500243933118849,0.709786646138735
-0.469930024620361,0.69003004294654
-0.517476095282858,0.649345970899832
-0.547624766952563,0.691577694650592
-0.527554978879225,0.660520767119222
-0.487055175624396,0.784564197363701
-0.511413847654941,0.749792679015885
-0.526565131500355,0.689688226379615
-0.521615208466782,0.746600900284613
-0.552938049508425,0.731715260680698
-0.623443485475148,0.690591125935404
-0.577055703169589,0.682072234483447
-0.565349025086285,0.687555967212468
-0.553532214032809,0.687974316256571
-0.55635783202717,0.703563290847636
-0.579228050965635,0.722175984144042
-0.550959285151364,0.732924895743516
-0.605651657339615,0.68395018303808
-0.598047597033888,0.667083787238859
-0.551226936537196,0.759879699572276
-0.566317982792574,0.736119920809287
-0.533304734856254,0.708442985504912
-0.52296549562043,0.735486648970278
-0.427916357058617,0.640422935131706
-0.43858797154632,0.772086095939995
-0.551382331697,0.747796281805345
-0.597140035370461,0.716712904395549
-0.505786398066707,0.706560552135253
-0.501739076816168,0.74090122304066
-0.540796986340498,0.733428992283616
-0.474694389177544,0.733496753908684
-0.549772519110864,0.747709318889594
-0.426157585291164,0.703892370094257
-0.467316318571379,0.698901854820883
-0.411227732440518,0.692925534092597
-0.489091108761719,0.771047884197849
-0.429606995881823,0.699206859073689
-0.425888841313519,0.580064261076619
-0.45198556405838,0.695118191683374
-0.353833016458792,0.64211194061717
-0.401570889032301,0.640785977615345
-0.37377867335279,0.762327102008631
-0.407991662136385,0.646251297980491
-0.305333426956692,0.804427449472849
-0.378849373162698,0.712289676548469
-0.326610778391965,0.703243299249841
-0.356786893390964,0.694565376708457
-0.314152035060784,0.731131506449592
-0.332913678377893,0.71558477931059
-0.211234368598699,0.730262316335416
-0.263009939500353,0.756316637449529
-0.27552967098782,0.728029469296743
-0.18373395566619,0.79756085315584
-0.195073700306873,0.803962510828063
-0.19487924579773,0.769225977670722
-0.192970994616275,0.741742902159862
-0.215086269912903,0.788196943615704
-0.0911738348088769,0.855903775178704
-0.198593730108074,0.790299230353977
-0.133322898658614,0.733485904798897
-0.195937877787782,0.815051052765072
-0.108054631352532,0.795184976202618
-0.155659005984422,0.767144963019035
-0.125340937736659,0.812081124354678
-0.0869848735433042,0.819820573167719
-0.0814332774807884,0.835579407382547
-0.0882377405478235,0.868045062587809
-0.0318420013815922,0.855412298810432
-0.0627285248339523,0.71736272616982
-0.0352734276324294,0.781893593318962
0.0316239009553577,0.794227987440339
0.06242390912322,0.856259788711089
-0.0118250879501568,0.821360614308496
0.146116039994089,0.871021018292544
0.0290694127170249,0.793168531559273
0.192445696429457,0.74294297234372
0.201707100816736,0.783545833856176
0.159179029371671,0.784313241838662
0.198257581917868,0.870688278833206
0.251398038082953,0.768124325320317
0.130453288936838,0.865501282406946
0.146166982608568,0.81293058437661
0.140493783294178,0.836311275940516
0.227024249295273,0.832456224454717
0.209100044137099,0.766425586322235
0.205882878273235,0.809871615739078
0.242789391329157,0.844311038035744
0.254510952064428,0.80939205648063
0.289403441423677,0.795115206130846
0.329953409399365,0.826789023423438
0.343828922021545,0.790588503289855
0.310617690566472,0.786886534370933
0.342004399861023,0.78239976341771
0.31642437901255,0.812050518398126
0.392982861769466,0.799736877351673
0.355308761199232,0.7429840411431
0.363485093289524,0.735894079072556
0.361533338549863,0.752980244702381
0.401071820535615,0.735730042826092
0.449671289149645,0.643398065624189
0.390380162664566,0.625616679779587
0.513885975264546,0.591571708017806
0.486994021947908,0.650849419156433
0.45635753116159,0.645107300283092
0.401940188726625,0.652549228029313
0.440884298132713,0.596240064115372
0.446628237988247,0.603444998016769
0.400043347260813,0.539969816179089
0.526853279987906,0.676861526488566
0.428132236955274,0.662744059543848
0.480884377215304,0.642588601347429
0.469979943753205,0.629782769302093
0.465674748189795,0.609354455305677
0.428515371871742,0.563574654444535
0.426257063768679,0.608382622020363
0.506780394556244,0.644015207669195
0.403080196067337,0.596893155003025
0.473830208829641,0.618041440061888
0.482569281422834,0.562756496958393
0.51962659434392,0.606813784048536
0.548875045184428,0.561175849674546
0.557508729276584,0.540801420441681
0.546916066483769,0.578847591235428
0.554341138553506,0.509469976322913
0.579971318272621,0.416023474375719
0.626519913308642,0.408837927130104
0.671153524251233,0.373651766424267
0.556493244901331,0.345787131487324
0.59718123381651,0.259220146203838
0.670340362524208,0.255229847589578
0.704252749082989,0.273937170315112
0.548109450062017,0.24402178776486
0.529424731119309,0.155443354396401
0.633113473714233,0.0660651014388638
0.599010869510828,0.130376171531315
0.488078343644017,0.0181883817410682
0.501361893266161,0.0146111144930045
0.524797695691788,-0.147575076447369
0.511199923554221,-0.124340278691029
0.408004847878657,-0.252622083332149
0.394380737333744,-0.223206647514184
0.285441379992902,-0.352842476336608
0.254878116489773,-0.353199601930715
0.306505088612545,-0.395898085022682
0.0964756285178752,-0.546674404555232
0.160343866193008,-0.527149591608415
0.0362579054670819,-0.604888414719172
0.0753200639258847,-0.534820560144298
0.0467579583356813,-0.638830314484799
-0.0861313222498217,-0.694078457265265
-0.103415517339873,-0.688310887480814
-0.145103996974993,-0.603501301024691
-0.192402540673637,-0.677005333182885
-0.29074305719446,-0.725368542470055
-0.241401300113364,-0.631411901699163
-0.329187272321621,-0.696399089681563
-0.342057362313822,-0.735626472768893
-0.446784523437136,-0.729190704813717
-0.434344970100267,-0.719273223317884
-0.522062897511442,-0.650722191971643
-0.506679948555838,-0.674154498416888
-0.551103005639086,-0.69326691182834
-0.583193575624739,-0.699607501754106
-0.589859893386512,-0.57955339422998
-0.563119536595509,-0.600174678788885
-0.569981825476549,-0.530758481796575
-0.61160925777802,-0.553144121270203
-0.681666097823615,-0.520637007547463
-0.706523606621617,-0.487582168973238
-0.718608190071099,-0.388031564187801
-0.664997568762552,-0.330963636108693
-0.676450972846097,-0.446737532630481
-0.714334202051893,-0.448944446100392
-0.724582514402081,-0.410135835203979
-0.673230889385594,-0.313651574481328
-0.674156456338694,-0.239805675141065
-0.674516026182824,-0.265852687512714
-0.696349692245872,-0.154672103480598
-0.659856692361609,-0.214200495880883
-0.726919656790775,-0.0580353984655277
-0.652672686367725,-0.0985885483735264
-0.691839622681413,0.0250762803232654
-0.689359209473854,0.0682760044824675
-0.667904791776017,0.0676396456413701
-0.599526090149099,0.141173633115942
-0.640429010028553,0.127359691515002
-0.622951730036954,0.143427742167187
-0.629304336961711,0.165436298181305
-0.43374837937173,0.206214560759955
-0.499087100368269,0.173792562636141
-0.450708985244034,0.154813323838961
-0.482182770309448,0.285396772387417
-0.391235727208145,0.162274269334321
-0.276476667146265,0.31298385075373
-0.343256959555762,0.306764298616481
-0.35426698890972,0.167923637320888
-0.320026048876198,0.157269910057653
-0.260906200740361,0.175751910070207
-0.215463612189436,0.231448376876201
-0.272747756723554,0.241876493188836
-0.15381610006363,0.153486229948681
-0.31208693648385,0.205641459358474
-0.267545108757324,0.0897132996625375
-0.191206420282137,0.245828604025958
-0.146473008780151,0.0881902211482665
-0.253079767571725,0.0145291036431878
-0.120818274189222,0.146685972118742
-0.175691633921306,0.0421194512650563
-0.102344427036246,-0.0923186754374099
-0.194129878373139,0.0568938846259437
-0.149220067074392,0.0303404342074156
-0.154290854113748,-0.0774959418579645
-0.0997025390289915,-0.0460085792121383
-0.00748070616048081,0.00136700047491853
0.0376021503970479,-0.067053463470801
-0.0667413104366028,-0.0424396422223741
-0.108625086539062,-0.10406298835047
0.0700926934063647,-0.135143901348196
0.122689482839695,-0.172716942743386
0.0697716525536889,-0.165610585750282
0.0784811438745366,-0.215934767020075
0.115694671207934,-0.14888022420248
0.00958455495110307,-0.232615515030895
0.0429667266450404,-0.216210343966974
0.0224499756624841,-0.252071719965792
0.130476506844787,-0.361300456258872
0.0205027452500602,-0.383858653263529
0.0478322874971102,-0.405995259838134
0.109256049857765,-0.36973568844145
0.102765670533825,-0.507417950120711
0.0197575485077252,-0.456049678592736
-0.0432443079064369,-0.498870304111923
0.0622996210962607,-0.546264686463956
-0.039290518813705,-0.503504170881228
-0.115389514275879,-0.582352026634065
-0.10896090331522,-0.545368480105502
-0.0844760528529983,-0.619427556764794
-0.119221264055326,-0.602255418833699
-0.186122083361071,-0.623319889060179
-0.175696964691019,-0.673642606523139
-0.182306713430993,-0.677981824279845
-0.0526616847408743,-0.720297766814496
-0.0974950828825481,-0.65622695029794
-0.128433220465198,-0.733448636995105
-0.0522124087979472,-0.768745292129215
-0.141226777973853,-0.735344273951977
-0.0297683221486368,-0.832959057005028
-0.00879150788462069,-0.826666874538564
0.0466444853189815,-0.856477275654127
0.0515244898983789,-0.896956434131672
0.0514220715975503,-0.892086418324538
0.131017257051659,-0.87708805868871
0.138822761059394,-0.837097471579546
0.128845108267844,-0.850180220526613
0.141327442054372,-0.882787154316509
0.156065134545501,-0.885426324480484
0.238868366376063,-0.880256211345933
0.290937798366681,-0.861031439454543
0.290035672086719,-0.83157209119592
0.363036192189355,-0.823661051714642
0.23525376731213,-0.795696724647834
0.292428311930663,-0.775211352624015
0.292619331571885,-0.827563721442704
0.280092728369621,-0.787303569270504
0.320267720518695,-0.762431801569791
0.293659233442912,-0.739925393470623
0.348036163328425,-0.77725071075234
0.362841732953178,-0.738188526118576
0.258822658999036,-0.593373694266712
0.348185058333752,-0.754297826389397
0.413456746232171,-0.617765802106784
0.318106454969582,-0.670918030097121
0.393962670174241,-0.705608249819196
0.386080095159671,-0.534314671402481
0.415974178956882,-0.603240940065653
0.442411403670801,-0.5866728798804
0.434522178086974,-0.634794062625435
0.398314655092475,-0.489481410156541
0.357793022377749,-0.591186409804655
0.50963132130843,-0.629519291736946
0.469197704589172,-0.677976434626914
0.467234596687322,-0.788569192644765
0.401619737227813,-0.659941066327135
0.39328831142443,-0.655879010433534
0.498324529969506,-0.747743992015171
0.437333932738579,-0.714975775685561
0.493645849711826,-0.622403867975287
0.438811677669649,-0.746917785943541
0.42372559327626,-0.745313253992394
0.352154863129165,-0.726795214933556
0.455831039529172,-0.707318723635255
0.338349390367136,-0.723209038357381
0.351188995816512,-0.754783802197658
0.408126689008341,-0.758541432102736
0.33080053825682,-0.810494294283424
0.263840271531923,-0.780992357168953
0.295040820050072,-0.804938523921845
0.285533228409651,-0.799693081958304
0.211531513215714,-0.811078818550389
0.228096988939044,-0.770340508875381
0.327710196070585,-0.832453764417499
0.209773849538231,-0.831653883403755
0.261244196903816,-0.8145591956549
0.214670522140014,-0.798537832936958
0.308105290672419,-0.760046616159116
0.315686229500027,-0.70534732455487
0.293568312914656,-0.662809082473968
0.347198489479007,-0.648440722572128
0.346201721869951,-0.684837055731359
0.372637424747818,-0.653109365966797
0.37335910461811,-0.690463427335505
0.469132273027956,-0.56930057935792
0.466689448526354,-0.539989865858698
0.582683673715812,-0.560692871361959
0.593038195742239,-0.469956675879984
0.5889790099014,-0.331766094323475
0.582994885631812,-0.468274410299232
0.649549145726917,-0.409958131284797
0.7526170909895,-0.381395457785656
0.710668449932349,-0.416369549080389
0.74635274697847,-0.386563266893039
0.726353933177293,-0.223789222129215
0.839677695013868,-0.235621163810574
0.865639511668194,-0.189418688752411
0.869146898918805,-0.201161552040282
0.885473783137777,-0.114703419421864
0.911954571691565,-0.144587287266233
0.905346587365742,-0.08342440232616
0.938683103431477,-0.112697594374163
0.949516926211481,-0.084834526394335
0.977302809316598,-0.103091194805431
0.948609037332323,-0.0637376325946439
0.984194928009119,0.00104769083704587
0.933401574183904,0.0412420106158663
0.975630831239844,0.0113624847517575
0.954421755297948,0.0230057362265581
0.921955628891249,0.0236621723515558
0.939068994164024,-0.0107267096351603
0.898680576103325,0.0623949333503785
0.931276169129078,0.00104560042231311
0.912750519932844,0.00661107052863908
0.932990570668185,0.0483351115779165
0.920267726874658,0.0207513865583609
0.820515884552158,-0.0160940675307662
0.922276348937478,-0.0243997983216992
0.874979430179093,-0.0414713162799861
0.888399294244837,-0.0404342073664389
0.851965873350559,-0.0459755901242247
0.909420967682439,-0.0111884841366622
0.879290078452622,-0.0926372308071607
0.822783622356232,-0.0646736168040063
0.925490260714343,-0.0920096057204982
0.92871120335989,-0.138416567517616
0.84770664453829,-0.0934865545434676
0.857058161152331,-0.0730149085947434
0.850660344444451,-0.0396066906724706
0.828496554841906,-0.102315954022915
0.828938978353196,-0.102497854566855
0.892734400301377,-0.0567523897525166
0.873812286464365,-0.127106712614838
0.869602212460784,-0.121561583085824
0.839673021785543,-0.0826688100189709
0.834476991842379,-0.100259333062472
0.835181590314373,-0.0933274537590973
0.788786141595936,-0.0605960713010599
0.809076241098248,-0.0427987365838645
0.798184445333449,-0.0455990109710789
0.739587785621634,0.0841120335385152
0.765770069776841,-0.000498158283753046
0.735529554410259,0.0680729591452404
0.706639632724157,0.141254427893381
0.621711002647953,0.148908690379928
0.545610525015026,0.295748049815275
0.629554229337816,0.282154460403346
0.526862039749913,0.312834751891598
0.573904022899938,0.382476123513528
0.546069596985357,0.476105157699258
0.572996704039624,0.510486700516011
0.506592163752841,0.521518010452865
0.476863092148082,0.58417208678175
0.462516587399603,0.566668314054226
0.490736963213184,0.631417159729122
0.397858508399157,0.658298156306764
0.354015994560799,0.610505380782422
0.385861402810729,0.624539816781134
0.425536792092944,0.672883654653878
0.248368297254066,0.607731083805401
0.299533200358086,0.690708472221849
0.222557376136733,0.646501411037802
0.162905476556057,0.589206490528777
0.150116067351925,0.720529408442661
0.120903318627534,0.671225328850186
0.0882731655046947,0.673520341115679
0.101295073336123,0.643864829914764
0.133807705506197,0.601724647452711
0.0632689288882995,0.592027712522284
0.16265005091498,0.587206881228403
0.133449182308301,0.598257182901946
0.0268389177985856,0.621828580810137
0.060748705653493,0.585727880185392
0.0106652765417396,0.539881221057629
0.0136917328956862,0.48593542438563
0.000184697026498727,0.55537582487506
-0.0340570760164462,0.478313702505091
0.00129580222043511,0.500170446590317
-0.050973765390462,0.462370007771273
-0.00981817591112311,0.47230251247909
0.0093722817370414,0.495814708032728
-0.0085613887009659,0.385047351600944
-0.00479790585077695,0.406605696129401
-0.025753673785314,0.392016241026476
-0.125961463078203,0.395856029939971
-0.111355108535461,0.367144850492494
-0.0962743783373341,0.342946420573022
-0.0736847899226007,0.322440880978135
-0.0859634588405842,0.23633514007427
-0.0775176331659679,0.18384440421046
-0.13674174607421,0.28931244399127
0.00409886549405226,0.190581007159851
-0.0949632717047535,0.0780159502014221
-0.12784266535195,0.0614430737974954
0.00404724943418792,0.0829972948951519
-0.0550479702735897,0.00862416471523314
0.0255281518572239,-0.0795296670578502
-0.0185571803201477,0.0612429683880815
0.0292964478089299,-0.0433331142670617
-0.0225008184820613,-0.0620914992535455
0.0756462116146805,-0.0936502717128266
-0.0175655819666586,-0.0341195701046874
0.00199831245791201,-0.116709399199661
-0.0512123925191797,-0.098919313234592
0.0204024653606615,-0.166405193917961
-0.0381403328014521,-0.208603632581673
0.0437239262337752,-0.237309127169506
-0.0389188894776597,-0.290633842084905
-0.0762254246674396,-0.218180820356854
-0.0192250977809784,-0.286810080206616
-0.0472644584028987,-0.297008183539318
-0.060509935347658,-0.317349164789057
0.0732896225940322,-0.324924535213423
0.0248582017293072,-0.38748777248271
0.0215968586875589,-0.265394051665477
-0.0716361568925189,-0.472375574259374
-0.014772423615331,-0.415779867804463
-0.0344868274818915,-0.377711514524915
-0.100459447261113,-0.484114814494335
-0.0284352425892731,-0.433474655424448
0.0393349487241015,-0.503482496149861
0.0319390433144813,-0.493424686295334
-0.0254072650074355,-0.458089847428143
0.0186160592508503,-0.575895093545339
-0.00829752402612192,-0.542125203233709
-0.0014050538718858,-0.583470518147844
0.00184766995935241,-0.579693844234224
-0.043229770181016,-0.631801654723373
0.00724737942161823,-0.62790719573867
-0.0410544144002011,-0.649732224779215
0.0143860789206906,-0.645779363433869
0.0842917579733006,-0.617086404697735
0.1273880044281,-0.638375316546303
0.154272306425529,-0.68922436321779
0.110624170958975,-0.66569469189672
0.103462467192745,-0.672368316718137
0.0969226311179002,-0.591413290618527
0.0666132374492426,-0.557539271922085
0.0734471307527285,-0.551260561309594
0.0801102743677728,-0.446914335671098
-0.0418685990893979,-0.390215881210162
0.00843826446388234,-0.50668935792509
-0.179245891736156,-0.357388366018492
0.0281510141611575,-0.398893831660488
-0.0198747559494648,-0.318169691722197
0.0313486312430335,-0.143473009108362
0.0215865782926254,-0.174120545026493
-0.0562531655126595,-0.210802569373961
0.195665199381352,-0.18014114005197
-0.0101381497922567,-0.103201356264808
-0.00525209172937422,-0.10073979957938
0.023858879453556,-0.0774434577765715
-0.150141396074604,-0.0383481802971173
-0.0638969662307158,0.0656454981781509
-0.163109469250506,0.131607188874507
-0.132153004299421,0.106927486288569
-0.0209348357414004,0.169979760165588
-0.212361573887199,0.163841027385777
-0.206548702647122,0.180421233827919
-0.290647201173161,0.118766986501008
-0.056019859241371,0.143111497747287
-0.136917191712384,0.127810648713676
-0.0944680085677381,0.0649002148023724
-0.149321988351901,0.167278594756019
-0.154143729008439,0.151374081292473
-0.269971014946215,0.0960540990625365
-0.336494392142841,0.0572968430987464
-0.323766648551333,0.219858970690097
-0.391898364966023,0.103889044933167
-0.408586785519125,0.212817517168204
-0.4263646405799,0.113521589800389
-0.381627764761652,0.13623589143839
-0.472176368120889,0.148108473422066
-0.525667225464531,0.189821585959001
-0.488958263950424,0.176027838675617
-0.589973656364085,0.149373714668341
-0.612549415395545,0.163932079822061
-0.58694259696259,0.134898998693367
-0.554665482750583,0.149770162525657
-0.668471768834419,0.0659457329271822
-0.588255420196526,0.100220785835073
-0.633760045404977,0.138208403149285
-0.583298578326848,0.036190642082412
-0.508236616739675,0.153430075559835
-0.463089270653085,0.101504831957868
-0.532948737433796,-0.024440863563662
-0.490032015569459,0.104098765799259
-0.434008645688275,0.115634460227297
-0.372048654499648,0.0758115566600214
-0.448499785066321,0.146842037795084
-0.416261194019878,0.0829880235702094
-0.393757155440617,0.117751335311334
-0.393796932952596,0.0977148631007367
-0.354329049761723,0.0521747788372145
-0.43381711886378,0.255717482598276
-0.405802785866028,0.085033517587111
-0.454753502292781,0.120846518912568
-0.396078122354088,0.0890159236818209
-0.481893164964096,0.109957155262275
-0.3394559525556,0.0930910114137166
-0.400685160333014,0.0937203271278156
-0.523343762671345,0.0552230282492034
-0.533644168981426,0.040658304235243
-0.564175756602991,0.0419948194582187
-0.447590688907863,-0.104096983251867
-0.451262489050943,0.0497672946383896
-0.51195737688508,-0.000433860929466284
-0.515664823608385,-0.12086493659895
-0.493009536931335,-0.0775509498908591
-0.418377627822333,-0.217168827563968
-0.476258611762722,-0.0436248291180363
-0.447704814416417,-0.165800238181801
-0.465582184986962,-0.238580327834565
-0.472341859814239,-0.114294289050736
-0.402757681402649,-0.225578726603996
-0.381365902466334,-0.187436036202358
-0.53496692917983,-0.329759661537593
-0.447845177150246,-0.355663636209519
-0.474483864712783,-0.362557651259486
-0.484672493895773,-0.441755209288907
-0.552710479670491,-0.38357989271928
-0.418858947006976,-0.417309274911587
-0.387948093068217,-0.455773015492178
-0.41539870337321,-0.325411410952102
-0.476033824075986,-0.425445915245298
-0.475556364858191,-0.354580928971796
-0.426940354500777,-0.473701183255843
-0.570649059184646,-0.359461253802605
-0.556344033490428,-0.451630219705354
-0.590222650513624,-0.387830583321037
-0.580445637958563,-0.396458485252195
-0.615884094045368,-0.347436823793541
-0.674230597739108,-0.368802933051416
-0.765036578711276,-0.337793691409716
-0.665403871675608,-0.400581215440772
-0.730961014147294,-0.250272251407835
-0.715303112982542,-0.273725226487423
-0.664249586057494,-0.274959332606221
-0.689080737447272,-0.317171501740572
-0.748421150457544,-0.332959165077315
-0.697090994050348,-0.316606223390821
-0.668013127939855,-0.368967318217897
-0.616709214952978,-0.305367938375188
-0.597313731732165,-0.321813625352653
-0.601700363977072,-0.264961832629034
-0.575067255298205,-0.302157994966483
-0.519475953310318,-0.271182659299007
-0.484710187843075,-0.300788006105814
-0.433637195962876,-0.297374079189066
-0.439414355299711,-0.446899153396586
-0.441613657586516,-0.229543634570252
-0.486791129639106,-0.306919816569503
-0.398040480298248,-0.316958111397293
-0.338967986840888,-0.329976200283651
-0.304158244686451,-0.288683004313844
-0.32212211315033,-0.311941564973633
-0.350511839622631,-0.334523285558342
-0.29847787623765,-0.351774689824322
-0.300717432903366,-0.331338129233939
-0.292899915126541,-0.37158189322322
-0.308414428808469,-0.237601566816016
-0.288690753320911,-0.171596564138891
-0.258302993368758,-0.204769734697805
-0.316620814208278,-0.145124257704306
-0.141637649289948,-0.25786599968675
-0.196597267082047,-0.0970414239662931
-0.255068281586255,-0.189532247977767
-0.176628053477979,-0.116332517582536
-0.186416730950323,-0.127929198847232
-0.293832827035039,-0.222685266655316
-0.26231722007428,-0.191765043111086
-0.285107016610746,-0.0892255059117962
-0.127136019710935,-0.225313713752393
-0.167897330944996,-0.0856177097009477
-0.146796041487451,-0.048245922796441
-0.131841272356972,-0.147145574453907
-0.240089506026498,-0.0703005202710207
-0.0869988123362295,-0.0427653732708434
-0.129878362646499,-0.109458639000201
-0.0843536573593903,-0.0135102703995508
-0.130430667728997,0.0435601199648681
-0.162933565952886,0.012171234718479
-0.217181337715697,0.105925607113799
-0.244425275597679,0.0292840701526826
-0.218220221065502,0.0210975342708857
-0.0988911318332461,0.0205136678050752
-0.271126578325012,0.098756550343933
-0.164098681356264,0.121837703948817
-0.345125596815239,0.111940149543467
-0.321223025832537,0.118064763557869
-0.455215855801447,0.265623664604086
-0.237143217703166,0.0657370619903637
-0.417105113436963,0.221741985938354
-0.563035486853294,0.188219772507065
-0.435228627400482,0.167392937507318
-0.491537595664936,0.284073374582081
-0.536485545409056,0.271863905739184
-0.524628374440116,0.289986921798711
-0.472880066281774,0.315174485393477
-0.553249175404729,0.337282281442096
-0.487552913515317,0.343724730976114
-0.449483057907714,0.328061026464246
-0.438040853122653,0.475759512553681
-0.591399044638868,0.383314460663734
-0.581245691284277,0.440119231401457
-0.659193443508617,0.564613211912808
-0.57773929473714,0.423607010162367
-0.658561524681545,0.508778521040224
-0.664771797564253,0.557759506166685
-0.584125536484897,0.542344917853203
-0.570661724849969,0.604660995516799
-0.575174493322567,0.596808662753509
-0.608135947682863,0.640318963054135
-0.677967783210814,0.627257807453951
-0.633928569799992,0.647412254935772
-0.63919875423228,0.65807708066008
-0.623698921766066,0.60460574332522
-0.740099724922612,0.59687451819083
-0.645756123440262,0.602102024507553
-0.662724471566536,0.608126841577083
-0.698516272084708,0.56003465275028
-0.666298103378715,0.601008890701176
-0.687154705487897,0.593346260048096
-0.649515626055454,0.611864584926695
-0.701288767433672,0.630210401130363
-0.661334559287083,0.575679509776298
-0.66281752217509,0.656727146368044
-0.658919967980483,0.628554149672796
-0.624451586265575,0.57700996139535
-0.687269946353507,0.658770955234837
-0.613904711114418,0.507047103556811
-0.752656342451772,0.558240977630724
-0.748124834010015,0.560588280655969
-0.704902822819911,0.564426805384447
-0.671350715729007,0.540534795546357
-0.715096843583057,0.586420657405629
-0.70887291156962,0.590434916914178
-0.735549176104394,0.57993082533523
-0.706599060221125,0.592432697712207
-0.698094675272449,0.588992505674474
-0.6647395977938,0.578460920241566
-0.709839141866687,0.558800672921279
-0.681241421199445,0.582624683071365
-0.652578966083004,0.613472496550184
-0.638775653017387,0.622078332893698
-0.696609978162631,0.622056981804778
-0.603289246408368,0.653908162718766
-0.562872473894862,0.64189791794235
-0.564790691263728,0.692085436296845
-0.560787108372542,0.698959302397625
-0.549099676987824,0.700074453494625
-0.5029477715616,0.72439532198068
-0.557842208774748,0.726162579453711
-0.505450597096818,0.718585168000318
-0.469967717203109,0.745222498839831
-0.458030489285439,0.770034302743668
-0.368773524369399,0.801946208122398
-0.33865110372239,0.808523338493755
-0.39736847679389,0.777113813953055
-0.306962251221712,0.764188794698537
-0.323008237810098,0.779858709582212
-0.251978097319637,0.750184683157652
-0.184073298605296,0.8647065678662
-0.202833032590822,0.872514640739804
-0.159998682513302,0.882402048395569
-0.13680366453725,0.831100554814608
-0.14225873908867,0.884681066083611
-0.127372967934079,0.828345955358719
-0.132133865352691,0.813307512012471
-0.118285501973645,0.829074022724
-0.109506058476393,0.804527182321444
-0.0162989110941171,0.786751038785864
-0.0123786612574954,0.812551258092124
-0.00719842996284526,0.753469824384525
0.00179368182529181,0.758581426833969
-0.0113514114237591,0.825596606961374
0.0881504108889372,0.753680369247858
-0.0540815445539673,0.715417463104986
0.0739258457446925,0.736907693892862
0.020751907970355,0.7148264580752
-0.0162332769378835,0.624631041630086
0.0904284380549075,0.705260725218755
0.200598330296642,0.661829043711458
0.118126540696069,0.638368386906404
0.0685307613944399,0.697163273366247
0.0572359805093815,0.704850445692476
0.171519599287437,0.635324701048555
0.0769600549110402,0.6494650955109
0.103191357041065,0.677647088149888
0.112622009135073,0.635336151903658
0.0555872833441507,0.723990924372605
0.0794696871806827,0.612964793992405
0.0764657269466189,0.630840276137844
0.103996941902419,0.633178286413703
0.0858488743455014,0.680468912432115
0.0660761141106035,0.593344186204238
0.104684568237161,0.562456580455315
0.047414209272766,0.663404067841825
0.0730056579707411,0.657330403919165
0.0617660694616297,0.778250848342696
0.0083252546648617,0.729375870081241
0.0803044043967274,0.756378316878623
0.0460362409048264,0.709143215750688
0.0724071648999807,0.617391310694922
0.135985051428215,0.651643130455097
0.114821521214233,0.659368627454715
0.104178215357075,0.615879096480324
0.164822479434656,0.638709837112251
0.187147284775649,0.614673137281949
0.217669679863363,0.510415469382347
0.323700819139681,0.631199841802128
0.245548503470546,0.530020581218632
0.36487255505195,0.53815588322123
0.36050026969666,0.520580448217165
0.396237236396354,0.501351825504142
0.286470187491144,0.510564045515411
0.377622716627343,0.478410177008688
0.358945814489844,0.465739083220761
0.330615476658468,0.374977752254916
0.374812259284932,0.365115162789795
0.387087523254538,0.359336716674875
0.363406828979063,0.3521932755714
0.474823415606824,0.341176225233691
0.437961715084273,0.242713181227302
0.424586854040474,0.192422944775628
0.455347327299562,0.0527652374474017
0.395708779142278,-0.0182040685239009
0.324668661886035,-0.159791652117612
0.266430193446482,-0.240883667717447
0.20940968756598,-0.322225344310798
0.227175352480584,-0.247799505593554
0.0906821750504587,-0.346714361425324
0.128899452344889,-0.316940588387784
0.0393044118671251,-0.250346041495629
-0.000963651074373165,-0.38897394772401
-0.0382007164908866,-0.285544637802649
-0.0973862702860948,-0.277306231092898
-0.167236513918035,-0.26808757512455
-0.0439794475965476,-0.285749358861196
-0.188596058372601,-0.244359282069315
-0.0566012730562994,-0.232605739459041
-0.172550441053926,-0.231348808697679
-0.0133174983494375,-0.138799238340653
-0.117733722553475,-0.124142150651807
-0.139752317841523,-0.271547737371551
-0.0969836729539245,-0.316694376418713
-0.0477912688605673,-0.309507461879377
-0.0949252669848721,-0.365300201572757
-0.103972461010922,-0.400421302208232
-0.0441657040442207,-0.430336325365776
-0.091156573598574,-0.403256250582526
-0.14188620542938,-0.55711477047049
-0.157926721421826,-0.473543759440447
-0.11366948655559,-0.53992817008619
-0.180100288659337,-0.51302062524213
-0.132441469810931,-0.551940710592393
-0.155014970005362,-0.590182870217958
-0.15265533880774,-0.544083983488875
-0.132292047110833,-0.661078874872818
-0.157770243127235,-0.604628759289849
-0.198476814700036,-0.683660010082757
-0.187639072283164,-0.627309933963748
-0.216710061717207,-0.661469750645446
-0.29410899304761,-0.587831992542405
-0.176196005100418,-0.693103782923837
-0.210329322220063,-0.57584946343184
-0.201551122724784,-0.667414037161409
-0.20893967217929,-0.623462516852956
-0.250068815998787,-0.645171852628181
-0.265811793035096,-0.613956681563025
-0.252576963192702,-0.571814124606959
-0.207781476389389,-0.56644763856781
-0.156566026393917,-0.516681879300119
-0.221868353331518,-0.579176132042303
-0.0793272745865328,-0.596823633318389
-0.0531646973340978,-0.600248458505748
-0.00578264208105688,-0.501348838786273
-0.11331831941073,-0.589878886375128
0.0413042759048851,-0.474318269433758
-0.109489715694919,-0.555700287740511
0.0734564779204202,-0.432207590422069
0.144518255045473,-0.460801614240316
0.0756880494095577,-0.574087687512594
0.137433325769153,-0.579386527004626
0.207810357567651,-0.519657864555726
0.085711104029712,-0.565357673660324
0.218532188578675,-0.608924765224055
0.130809465981859,-0.518625282857273
0.195442423070615,-0.570133505951312
0.0703568354100291,-0.587942599780809
0.119881462024527,-0.550776472099385
0.202555507422406,-0.498668619073174
0.252442307448466,-0.63208863003472
0.143835323798215,-0.606919662688874
0.192644493215867,-0.589866635803365
0.182266089723093,-0.609204124566633
0.180977763416169,-0.593503845187009
0.158107234713416,-0.583363976740096
0.220077577520921,-0.634910136049318
0.202069598797856,-0.643750721683132
0.208975040153521,-0.651799264477035
0.176447863731344,-0.633559849350848
0.211501742659738,-0.640906494911188
0.162860359114581,-0.611286876105218
0.176853786247198,-0.637254162195525
0.153023131610769,-0.623009358568518
0.182239454137647,-0.655879959140066
0.151668287253907,-0.580704894414702
0.133459072104893,-0.636221293305148
0.119289833602117,-0.627119741983155
0.130608762534972,-0.725088112737782
0.0612363444342757,-0.661582805245486
0.174144525229703,-0.6674252575343
0.0432880506797173,-0.658027355545658
0.0970313371924094,-0.747030003157816
0.102757005061723,-0.710685313663023
0.0571488949403473,-0.70579159118383
0.144702771556876,-0.657814265767427
-0.00507921510331977,-0.717538655883301
0.0295391003454771,-0.738882795863084
0.114014802159373,-0.730022317493143
0.141086657273871,-0.719602087024042
0.12707165464809,-0.741004241461659
0.125494362608167,-0.738307700512785
0.191519631191828,-0.670114140249645
0.218457231474109,-0.791354095273396
0.194472471806599,-0.761325010727108
0.314438925775009,-0.751837794773677
0.283967541285707,-0.716165456282567
0.336073598555074,-0.761213913561476
0.360204852856461,-0.696196927538142
0.369391710352458,-0.698935027012265
0.34413146583754,-0.698329567656695
0.383988080174096,-0.738165352268086
0.381615001917835,-0.659278978042369
0.34152203674415,-0.715832656762529
0.390341585138643,-0.714890728923686
0.358612821730117,-0.625538467316648
0.414062639853313,-0.667938742090502
0.375265437358497,-0.707794588624638
0.433296706728439,-0.687280247255353
0.465473856111264,-0.664993701538424
0.385803195017617,-0.70857116474243
0.514389020274342,-0.706562709251932
0.542929420940029,-0.732554302116316
0.501071929935539,-0.672739736320755
0.546021312080622,-0.707503698277977
0.541070765941104,-0.70558208865837
0.567314550846435,-0.665756841451588
0.57782218203955,-0.704109744183099
0.623288645451535,-0.704798751252683
0.632652918911304,-0.7068032661204
0.580526634477074,-0.71201896194406
0.607269298812226,-0.715871767915356
0.572969977101134,-0.696932726691647
0.606465124454879,-0.614830094806434
0.635331024529713,-0.572089073937977
0.63009707732743,-0.626411494579522
0.603413706609669,-0.604439906612853
0.639231629551594,-0.607848416104492
0.651458252167882,-0.597018137940098
0.677204733422439,-0.610660496352891
0.699068833636458,-0.580594311110609
0.681262495979113,-0.524546620486958
0.716851098764434,-0.511188232194753
0.723153177366326,-0.439418409127907
0.715574339322931,-0.492604289483556
0.747117773921267,-0.462039644028051
0.758051537439581,-0.43319600215179
0.784884173847416,-0.415214808901616
0.791119224442555,-0.407657426465348
0.78527296318883,-0.369442403829098
0.783786946870617,-0.390555909277767
0.77240975573404,-0.35004741952737
0.791519331194061,-0.303806081857728
0.765765439284433,-0.297821783417413
0.77017978376962,-0.30335951624247
0.752315633012631,-0.264970123984265
0.748913962723198,-0.258313259803636
0.775818169074003,-0.261855839044808
0.792664951118979,-0.255282846002343
0.764367885222274,-0.256049402240221
0.769131781130182,-0.230761657707286
0.760873086108461,-0.23470059492106
0.758015802420824,-0.157619752078269
0.753294568410417,-0.0670781964610093
0.693056563428784,-0.110215523780954
0.64855610616721,0.0433899187698851
0.544316419581512,0.0972017698850861
0.650081229581722,0.0852026219109219
0.522770744952987,0.19206039499456
0.603338684369676,0.100305239695072
0.560077177399471,0.160606546990021
0.511236579160577,0.0453896955696697
0.42873708534245,0.130885731093403
0.443092877677999,0.0913837135154125
0.473274637037895,0.0923014472208456
0.429683861454499,0.0820874903256031
0.499991861264033,0.0533173901049358
0.288042767946971,0.0928386313648194
0.28099516496787,0.208319049201087
0.23832718595429,0.123053664051647
0.320893049095905,0.158132869787139
0.208987075818526,0.134059328550142
0.223766845174299,0.179058997982313
0.295257176424467,0.212644523408121
0.256862913424207,0.119941281066808
0.29820633888938,0.197343758602275
0.182610755006539,0.287736044834875
0.194124046418962,0.252872896782618
0.210032653721948,0.17925987923767
0.187893753777953,0.237253094876121
0.155498333524257,0.206971592401406
0.188697005076491,0.138676611130167
0.239333111657409,0.125520712918855
0.202609300743005,0.0773114325459957
0.0645743396532938,0.0531460908652539
0.13383254862923,0.00831728314565631
0.0487784083566711,-0.0276069670405195
0.189816012077019,-0.0341351901228786
0.123090488519588,0.00680014515600601
0.116292482566828,-0.0645210463899944
0.128489497378033,-0.112342227608012
0.0848683794342966,-0.0305552329277136
0.152423197178932,-0.127061599250858
0.178977397690689,-0.123997237030956
0.217001041889575,-0.149128323769219
0.235112322802759,-0.197397255095275
0.104895388996678,-0.189802232825448
0.176118773752295,-0.262409178211737
0.203716656109336,-0.230394774255249
0.243034340447059,-0.204692229464911
0.28639793237216,-0.392018433451923
0.212549618364441,-0.232856247485208
0.368007909058823,-0.250011122640688
0.256723023744104,-0.150332399332458
0.169588254284781,-0.313054906356984
0.254946546990138,-0.19955725036353
0.279094520239462,-0.229988402625463
0.205490303591984,-0.166404118299642
0.267693567808584,-0.237410167589985
0.366318461714606,-0.226302420315812
0.333356267516169,-0.176676290530673
0.410518448027195,-0.118686469122363
0.436972510699454,-0.168122684589194
0.427604506540648,-0.185284223513565
0.476544684061326,-0.192190994057253
0.547053742777278,-0.166875996538895
0.498124246691299,-0.194183861202274
0.514505146922268,-0.14277411460359
0.504208160263781,-0.184878109605193
0.616818395749009,-0.137834457159781
0.572360375057085,-0.179312343318606
0.676338116949117,-0.0610393744332334
0.662997575659661,-0.0907167761675909
0.708130146982095,-0.0520622290056928
0.662056803941036,0.00293309172335501
0.68727128833404,0.0263156555162086
0.665779426468899,0.0382849838788062
0.695059844356184,0.0259955937886053
0.717319309394344,0.166419617987688
0.673588347119976,0.234140950275197
0.669010890077472,0.237480456266431
0.706929711064675,0.239595916381611
0.643427764800951,0.328178283866062
0.592651572510533,0.243383363144532
0.624729370340384,0.268344400570607
0.604534084738965,0.291464678177682
0.577572644726916,0.314191029185243
0.599306500564835,0.29739852474406
0.580664468639636,0.309102599817352
0.594733911689555,0.320720705004641
0.618510485455862,0.31544387584216
0.59181583981743,0.387576426252513
0.469059631618443,0.364799989282706
0.499151525400788,0.383911279105653
0.480792336204365,0.419357577573761
0.471268501145146,0.355480803191759
0.496866900834294,0.461864978060953
0.500147227275232,0.436691702346864
0.508825442160336,0.444614001020693
0.608815591510593,0.463680288927242
0.516832678984175,0.502615454261514
0.544539011699481,0.45667730136113
0.649901349032283,0.432448168133842
0.686845781797114,0.475942291776139
0.574752702487092,0.505531304316094
0.686162803369764,0.425250854668806
0.709039400494074,0.428924608934166
0.712806677420198,0.452689119839314
0.756611433115489,0.502580701195965
0.713074354783692,0.359474298901904
0.77142067666479,0.435031954956859
0.754285080675775,0.364518430508185
0.699084709869541,0.26057271019955
0.692149822072247,0.252421666494061
0.767924124441673,0.313599520553961
0.779224644915164,0.223960954672211
0.806616341517123,0.225350977156915
0.838748850917666,0.202407932138444
0.742148480267709,0.140361375123813
0.871060693622702,0.167709482956807
0.903637734838459,0.0328458606242896
0.882383366836388,0.0447378240218269
0.827865197516823,0.0925022818774136
0.889583288123869,0.0429201384827183
0.899440346268043,0.0398653661585672
0.891067200420517,-0.00398368450185197
0.887401373839742,-0.047949603930283
0.87631321935906,-0.0371852204278529
0.848197816834633,-0.107429417047754
0.875667375475588,-0.167254827446372
0.839348671713883,-0.284615527110392
0.787785408646851,-0.234334333070046
0.832365072024459,-0.32147662282145
0.837745148152086,-0.296996680906208
0.791839652245321,-0.295690907870904
0.816708519698912,-0.344953673602968
0.703881914806024,-0.344893535160789
0.7459816240677,-0.390428251216456
0.662187739518067,-0.45945372749302
0.595220463703542,-0.472754472371023
0.56234739552132,-0.470746520658051
0.553413015201398,-0.508387823446118
0.571515125149432,-0.490943279942579
0.476295056037317,-0.455608024210874
0.432469179440766,-0.46030205758995
0.347914857902876,-0.506157296121573
0.256459223567776,-0.466069997054991
0.198915698560543,-0.483917300566825
0.100816293873725,-0.521479984296655
0.036041335543368,-0.481234026686991
-0.0499317664319505,-0.612304728500552
-0.129411161497923,-0.549954001689254
-0.149654117554529,-0.519590699064268
-0.20367280587623,-0.486122035600013
-0.203635906607826,-0.517224795314413
-0.218519551030808,-0.501317020048034
-0.287427978741915,-0.553660149605923
-0.46858051018015,-0.49163387040942
-0.345223819963685,-0.533791320162809
-0.395832022870755,-0.580430957678307
-0.474692451940424,-0.493013551439159
-0.430369310227486,-0.558001812877843
-0.462696176675903,-0.51376905360477
-0.450914979428946,-0.464526442540313
-0.518985589905694,-0.460307690782299
-0.622533216956368,-0.475268059036781
-0.574078106995026,-0.427390227078546
-0.629915178573683,-0.389685344212137
-0.654548916443081,-0.398410268886541
-0.651780391726411,-0.307310596231344
-0.735750622505514,-0.270696355026418
-0.669221325301547,-0.247714057084281
-0.670272604924857,-0.223146958703204
-0.618965012610444,-0.153796780802517
-0.79739782083021,-0.18844498173198
-0.769323063814983,-0.073780343408317
-0.792659214665318,-0.114508425222568
-0.771264685161934,-0.00218677442189712
-0.780187949052133,-0.0541250432538475
-0.753193375270465,0.0151581989231636
-0.788888404447224,0.0921220009414201
-0.867585891934882,0.108204442550932
-0.818181237949359,0.131476612925633
-0.84020350944549,0.108930326363779
-0.803528155643181,0.129801160954767
-0.8598096953646,0.0991162075294248
-0.779546209303005,0.123035799175183
-0.723643179048352,0.0395219026437053
-0.828835177581294,0.0837081933961731
-0.696850021451523,0.0223724054129173
-0.693053519083897,-0.00117990462318265
-0.75677184595842,0.0460640865702491
-0.786143375850201,-0.0287584813855353
-0.673807717299912,-0.00851946166317534
-0.713474473551402,0.0107345817619065
-0.631978801591175,0.0124432890211256
-0.697400727042881,0.064396868493222
-0.707800556072741,0.0434434906713669
-0.71096348516898,-0.00623076682846852
-0.807260875015806,-0.00249975934570503
-0.68613289730941,-0.0186229908807699
-0.6543598976978,-0.0443115290552331
-0.810186423227349,-0.164511975377729
-0.662895025909598,-0.172797124467485
-0.68092920815637,-0.220271571779925
-0.654872020904397,-0.194171829291039
-0.654363970542777,-0.173002234771356
-0.763587440386159,-0.198409666475755
-0.703017461080779,-0.248273460209436
-0.658368925414175,-0.226716892836611
-0.701600839582055,-0.153384827313241
-0.743509814341843,-0.33514739675697
-0.814760804794063,-0.252232211489895
-0.727670553369226,-0.252866897192686
-0.689949124726105,-0.320250842477835
-0.766369885101978,-0.305377035308607
-0.707124078512401,-0.363878138299407
-0.741745673922193,-0.33338283469584
-0.79500711307421,-0.299357954687436
-0.832702789190764,-0.338631838207494
-0.766205934590463,-0.351688891994245
-0.791292904119267,-0.263116911453912
-0.655117483012546,-0.38091429586826
-0.752616733104125,-0.300849594251852
-0.777685531308585,-0.355522397631269
-0.754535968090066,-0.284455399991868
-0.784093102231733,-0.362375029361491
-0.77644638799214,-0.269884627791574
-0.722285554293881,-0.315966366613291
-0.821274075411581,-0.247078446983993
-0.805898165248515,-0.176747494142882
-0.776460978140737,-0.219311190903235
-0.850824947446964,-0.137685795229944
-0.850227732225137,-0.129762516788302
-0.892121196268051,-0.112511741842982
-0.883238633586856,-0.0931863504329931
-0.864268093223352,-0.169447790506116
-0.91039955622372,-0.0966391968085989
-0.932216799427306,-0.0954205177893749
-0.924971806116455,-0.0566428777154871
-0.940130218300655,-0.021627184168359
-0.933846580217103,-0.0151079627489639
-0.926833668526541,-0.0359458867808409
-0.917987940466923,0.0546388869653855
-0.912116655022869,0.0397068647418945
-0.854447176047499,0.0534535028612736
-0.869343767685709,0.124308025708262
-0.916709071370564,0.0766298190190981
-0.877163472088169,0.0912394893095147
-0.866090998244326,0.107804825906245
-0.839521011594425,-0.00883365894401864
-0.899191996238248,0.0665032267806808
-0.85980796944034,0.0373051420746499
-0.870845130986952,0.00977647621031661
-0.805923350020072,0.0047387256998122
-0.758322213153993,-0.00376096532527027
-0.809835365913044,-0.0248634964373085
-0.849774949000859,0.0165386028072245
-0.686452812960429,0.0281514318262024
-0.689135601553622,0.00362408366202088
-0.710931236345521,-0.0776186559697564
-0.70086610895752,-0.0550240208744162
-0.632093284437505,0.0255984612170289
-0.599645212433952,-0.0432331811499993
-0.532907092687207,0.0515126371901945
-0.44345244156976,-0.0210062682477481
-0.402486846406337,0.0162344278054717
-0.384537179598822,-0.0385015004178568
-0.386556423569907,-0.0433007324904274
-0.220293705398302,0.0535582342266944
-0.236408239580957,0.177337726568768
-0.200670950113476,0.0755693958166788
-0.235292621356116,0.182894438144036
-0.195631415385639,0.139003938347518
-0.164390151579999,0.155164560481223
-0.146329251616338,0.0457880166649849
-0.112253673089166,0.0937762681051811
-0.113658896068711,0.0529066938615951
-0.00209997209234631,0.0948401709340303
0.0194595414237545,0.114453487807437
-0.047295160665762,-0.0923004944718993
0.0949268344122781,0.0511705085855143
0.0929383791476882,0.0163049707048455
0.0716775881042968,0.146208540990279
0.261947466658011,0.128537371953528
0.238802066597909,0.0925454467204009
0.215847536390677,0.0579155975381112
0.393061798444442,-0.0306322817598048
0.390442170568893,-0.105898240512177
0.435837947911948,0.0116253532809083
0.393108617678192,0.0058396002267169
0.344975247261829,0.0725960431489018
0.403120743881011,-0.0256678481037836
0.407297780629595,-0.145245362465379
0.434983829163886,-0.196271456907995
0.360594484562908,-0.189937994614036
0.361106485989574,-0.209274461718983
0.346519942357371,-0.197884470240423
0.319347334516464,-0.193152765112967
0.32221111189525,-0.325681835419777
0.243284261824143,-0.294906654277242
0.189534694723323,-0.311114924033663
0.179842206075181,-0.216793897280604
0.248759972226685,-0.189273534164556
0.303195507806752,-0.408486530952213
0.319029192529391,-0.318147829885034
0.318705165670549,-0.217822886088397
0.271666130259708,-0.227277974687731
0.212465953283724,-0.17091666250536
0.151193593233534,-0.222427292387709
0.105787611322295,-0.114865920217313
0.0952353955501433,-0.201734349661199
0.0164725231604053,-0.229137001135156
0.177013360080728,-0.176360614066898
-0.0667923025955629,-0.198545108118959
0.072631173450316,-0.129223336325662
-0.0324382785072733,-0.135943849192549
0.0979954544003336,-0.123433981353703
0.0406583832463063,-0.088587262869968
0.107715839813361,-0.11471916480649
0.18219320319247,-0.145353999121134
0.0830278179126784,-0.222068734504547
0.248642521069445,-0.0487830224623059
0.131185130443893,-0.0823447490238771
0.253360744824074,-0.0942984034290646
0.213173953322972,-0.103663831123018
0.232221016451708,-0.105510011982201
0.400531792631224,-0.149460402179329
0.305045145417613,-0.147861092088708
0.381578400626627,-0.0424742637701517
0.308851528964303,-0.114977420741483
0.459741244337576,-0.0869531351018559
0.421384739822874,-0.129781200760355
0.346718486271325,-0.104703559050713
0.481753876312052,-0.147596109180457
0.444844570758523,-0.114995185292004
0.554515267848125,-0.0652433426989995
0.571485942556516,-0.0711719829389334
0.593091388241641,-0.0315260731790862
0.54020355725927,-0.155317386858947
0.509028200144359,-0.154004211701214
0.653477187197257,-0.102822251157208
0.587028369706666,-0.115742096304195
0.566456032996847,-0.144177410531344
0.602597038959339,-0.198982555706913
0.701682632793476,-0.167071932597848
0.643247849691935,-0.227552986224987
0.532324602290485,-0.138802624441891
0.660455359262833,-0.231404060933662
0.620992181983873,-0.18587949487155
0.539395754189238,-0.215839086183564
0.665146706282566,-0.271338915861793
0.646134832695149,-0.361881835622908
0.728930475533939,-0.278144411700307
0.68688629902301,-0.314346066295647
0.73117850946233,-0.381112861391871
0.711368687127182,-0.330724238476765
0.694918864099552,-0.377545744653736
0.734581671599788,-0.32659939994131
0.658292660985434,-0.375842377220492
0.733026199366437,-0.361695937720402
0.767414913426709,-0.290890008776459
0.756000386635027,-0.318681241155291
0.78815355549997,-0.292491414188663
0.8248898743822,-0.233085364370903
0.807867562993307,-0.288016702743924
0.834975082394155,-0.172161942368752
0.788303383993683,-0.234071494086942
0.826701936908273,-0.160268332535087
0.831274710229003,-0.183048499135676
0.775486181375915,-0.10045668887812
0.854260279337999,-0.093287123166
0.85632804336477,-0.0428445165039247
0.862958112488283,-0.0271005079348224
0.854437027294573,0.00452234426753621
0.862278319714689,0.0187883921760453
0.841946205056836,0.117627955863376
0.783369296650254,0.105372297306519
0.853884726995284,0.0855329722037931
0.739497619363295,0.132204982493781
0.803282416882649,0.224622140233432
0.833330304452023,0.194057093984423
0.840154692364084,0.27151650647106
0.836033271837784,0.268364926768239
0.838643819256645,0.262773108366358
0.832274430549042,0.306655433086738
0.802740697870803,0.340835076729579
0.8263844475378,0.347134639120813
0.829140480608946,0.372719930624086
0.824761165670918,0.366595582967177
0.822757757525074,0.397536352640001
0.801631863189336,0.384500268064559
0.825868443765635,0.398824192754693
0.795595837546732,0.483302145226948
0.824981407523284,0.421180752098153
0.736229212387219,0.42560501847999
0.781189402999475,0.387578105175014
0.809476374249736,0.491406433078518
0.798016094783158,0.446040264039319
0.802690558520149,0.493595381844617
0.797147487379103,0.481084320588156
0.790566254168235,0.432781683632285
0.806767169488873,0.423938587977468
0.789865924982093,0.388334713445031
0.849399539458458,0.377906025398383
0.760549422717601,0.399219162923199
0.75892987826076,0.406912137534826
0.821318684996056,0.471469450801158
0.827213271627143,0.449085658041604
0.832269839371897,0.418460121594364
0.819943784566377,0.467113043523622
0.799015430949304,0.442048649874625
0.780073926961283,0.42376682493586
0.780709406699359,0.489135813397004
0.772203977491665,0.477496666618011
0.78016491639345,0.525652525169082
0.716315314993629,0.565525557775802
0.686982889658576,0.548978689684315
0.6758909377049,0.577618584032915
0.643696155705453,0.618883681995568
0.636501044821221,0.65728485446167
0.585306991085928,0.680426040211563
0.559070148134422,0.678383236336283
0.598449383250939,0.731017438695014
0.491010667843212,0.767422689072454
0.490953501372423,0.78656274506185
0.44774385887601,0.782189537234382
0.394968007713684,0.734960592506794
0.418929130658166,0.790751210483057
0.367569037749703,0.796325628443525
0.397134405333617,0.841387272662655
0.369036817249732,0.80333360685923
0.389889987687092,0.851507247392112
0.338112899383627,0.828777490953435
0.389262764357049,0.840000102335068
0.407192974909722,0.806061612276472
0.408155101738921,0.818098646569408
0.355574574701443,0.845139401703528
0.282904563560961,0.854520050808139
0.306737812957265,0.859417123076933
0.279076066796397,0.869985937963794
0.275676578824341,0.873652847238491
0.2578982882357,0.873633051659759
0.219615429400553,0.870698128506966
0.176373801378892,0.874205473262633
0.250023753916889,0.844519674889278
0.220507287152964,0.869301907486363
0.193638658775217,0.867837887376712
0.185229719868209,0.865121593676883
0.205018061577305,0.859117616538458
0.235285384761038,0.855757152850052
0.181631923779705,0.800334817082824
0.268309933716317,0.848251204223553
0.144524736207033,0.850509282330971
0.211435282550606,0.844337163075551
0.189009894475546,0.84966711145405
0.192563232804084,0.874687268631456
0.211166941998212,0.849096292297295
0.205857061617247,0.882267040692137
0.220812861326407,0.88728107429996
0.218738049397597,0.892693688608256
0.2382051260084,0.855575567126159
0.196262535548464,0.888873044299981
0.261800104682605,0.864024707340306
0.260815870643785,0.88127494964139
0.213217031284635,0.913104904494144
0.223658314413676,0.916411484939467
0.244652135677963,0.914324550259026
0.192467638722563,0.889530177550743
0.230552534791634,0.901790257939224
0.193982135233214,0.903460228593581
0.198692591366739,0.891121829660985
0.106834071638416,0.8979421096117
0.107860791015798,0.932086945736213
0.103871213909445,0.927772977785455
0.0623234455312905,0.909744891268257
0.071250665293527,0.920273464488767
0.0128974574283446,0.904306138766702
-0.0527434342394892,0.9065966943876
-0.0937477932469938,0.927107753371813
-0.0673409339091582,0.867191608653321
-0.217145768215534,0.88169780822961
-0.187192610539146,0.926779296387786
-0.245111011183892,0.850051806206027
-0.298966642885025,0.797612355670709
-0.33433578262603,0.814287148754749
-0.291807690152928,0.822768724701788
-0.390802329878808,0.771038913836906
-0.47761779402082,0.78925088500596
-0.404758175487658,0.729345003766282
-0.462508610660523,0.736514847972026
-0.499467674854685,0.748221776285694
-0.557250620888229,0.684484140444408
-0.543869838256142,0.635566913060528
-0.567153094683315,0.621459263335317
-0.558854212954753,0.715158327759513
-0.582851182550555,0.609677798865048
-0.60453556133367,0.594739999215228
-0.74030375079725,0.564909360695445
-0.676623962856056,0.537279355924371
-0.687532370873562,0.512181700791604
-0.736874789059788,0.454072747194017
-0.725867221530495,0.553125931114482
-0.742701928593569,0.470213708546847
-0.740503169782677,0.467412839825557
-0.783862445545873,0.44953994719514
-0.726363330089888,0.434399552033566
-0.788303000227769,0.4017965823025
-0.791262724023498,0.387329231024063
-0.832375497048846,0.317485096118642
-0.788118707237614,0.350472250458254
-0.835119945303675,0.282241816070487
-0.83314958972749,0.306689003081915
-0.819146266403996,0.343024536293568
-0.882806990362755,0.313753664574093
-0.748507461320865,0.324063015488978
-0.848749717938487,0.294107995527622
-0.843900703232855,0.240559528162001
-0.83101073009092,0.298874685229634
-0.845242517170946,0.240338848088393
-0.823631267933345,0.261865277515887
-0.870757680276239,0.32409737212172
-0.813700970712321,0.289725684659452
-0.816259126241967,0.362132319200067
-0.806326042817681,0.343024676599507
-0.813052265550953,0.385418701841756
-0.761428137486672,0.413084483765972
-0.80263520300034,0.333705307113997
-0.736151215071673,0.407823594960527
-0.756336500399544,0.35490781373679
-0.729246387118168,0.452722617812244
-0.72160418393185,0.444263230320468
-0.678830210194035,0.475485961693298
-0.721952226126515,0.477211586462876
-0.652903216650764,0.465116287070449
-0.665768410109673,0.549211631261237
-0.608353287940231,0.515237187521129
-0.624580525164525,0.538720921348937
-0.657517776900149,0.571103712290724
-0.616025524735009,0.538597324437795
-0.593275068408237,0.523075181590382
-0.557465599907349,0.582557544495992
-0.592451094631349,0.519033475935824
-0.595158031915307,0.574413263327184
-0.556268271759841,0.555312014655585
-0.513467960932358,0.590528935751008
-0.500244205832905,0.541919598337724
-0.43562527802989,0.631103353192506
-0.491259014500743,0.647144748142527
-0.45836899608221,0.682282861119918
-0.40263952951088,0.668776810461434
-0.421981085668322,0.72947568381225
-0.34516456682284,0.734523188988105
-0.4155185866095,0.746462076845769
-0.308613596521331,0.769806984931749
-0.303349501152534,0.767880093554987
-0.284813498542243,0.810767641973411
-0.241000925743224,0.796659167963153
-0.22317726459561,0.743536617308463
-0.187703118251241,0.741826638091122
-0.185540792728823,0.784290457397746
-0.129516623569309,0.746429890179058
-0.102062839689772,0.81608057651849
-0.0350883928663825,0.7349336771051
-0.0101312135629092,0.763448844000375
0.0260592651794846,0.72248204116301
-0.0106274238303715,0.757760199763578
0.0627122045040003,0.724156708496736
0.0850959932226503,0.719244274134991
0.125165392238511,0.692995790056098
0.0789172032029471,0.781461195006098
0.0823053934953693,0.692276265780135
0.0458879429755919,0.745949461880612
0.0485607051668529,0.700177908551302
0.0701424609440369,0.651606997345627
0.104246861545409,0.662595064127384
0.050526311773094,0.696499168015666
-0.00896988370980372,0.734342402896112
0.123572870796516,0.629571450970937
-0.00795689287717303,0.613835887414875
-0.019725240234107,0.672025564371301
0.00227209770287786,0.727433578006964
-0.0366276384262154,0.660766692962327
-0.0518745215738526,0.595090069263736
-0.110894189073992,0.749286071570251
-0.130953902289677,0.671081732796993
-0.121007474966884,0.679599375532518
-0.173515624626043,0.722074368880824
-0.116630164198529,0.627448965719002
-0.10356319061658,0.637900421269469
-0.169339152570806,0.546584529042455
-0.134835637598684,0.513033308422431
-0.123908649806409,0.447147183077728
-0.147644756331014,0.562371492810488
-0.177041242166278,0.462995242911186
-0.206730394805078,0.462699559356624
-0.140510578311761,0.392941525665717
-0.150280898632315,0.471191319289488
-0.234318422582781,0.32863038602366
-0.251816988201023,0.467293225943067
-0.193316125039436,0.279797612622721
-0.166022568917909,0.154520569587556
-0.196348415975893,0.262879902541313
-0.13616158027215,0.17751029937976
-0.122555475501832,0.18181793134446
-0.108643918776453,0.191014418785278
-0.0798992404520785,-0.0271489009534376
0.0470465569693568,0.100872151584262
-0.0655658605858611,-0.143835411083721
0.0541448534946641,0.0121567339522353
0.0622314737305991,-0.168716577989843
0.0482975530272787,-0.145574171126458
0.0776957860685638,-0.209706900420175
0.138341928463899,-0.313884495902443
0.226798883097193,-0.22965569891022
0.147748103316841,-0.240882384379239
0.235491609809747,-0.253887743080835
0.167386756645718,-0.273355015625493
0.204174136799917,-0.23354674350406
0.234735242207039,-0.298813107880714
0.155630670251719,-0.415371404804662
0.178121361631824,-0.420185968767501
0.188468258988349,-0.47511603470812
0.144873457191681,-0.44941505319326
0.178374811610515,-0.563403703923103
0.127536147401021,-0.516111943880268
0.0870238647815608,-0.599972665645371
0.130517740301693,-0.543957272394196
0.103392720202399,-0.602502012862615
0.0459432473092994,-0.663766199175695
0.0741508092546753,-0.668647420871251
0.0753796901274091,-0.666872258300823
0.084720392147177,-0.752937402846571
0.0689799297586065,-0.660055772010396
0.0553859625977881,-0.688426372594828
0.0573402274495533,-0.714174256104761
0.103019389502589,-0.688318801167487
0.161142108055576,-0.696022877914521
0.122616038708369,-0.783085897003457
0.06062254225396,-0.67353681633479
0.0841640247699218,-0.680507466774164
0.0456710350125832,-0.701298787812426
-0.0599633594727021,-0.754905774248666
0.0183538834498507,-0.719264437205939
-0.0372788936032933,-0.725139654281467
0.0150776526601826,-0.812908032297242
-0.0409157712986206,-0.697224160160847
0.051675000394645,-0.64543799904013
0.0179662573497472,-0.671046823227536
-0.0828984042601061,-0.638449293066015
0.0952342273785821,-0.7284444032176
-0.000720586136424051,-0.662349325860827
0.0604580692088056,-0.691875411630768
0.0149316622820377,-0.649403396195321
0.0809322998512212,-0.692109726276648
0.118669443014854,-0.645407518461857
0.183707078285456,-0.634376476754313
0.15278750796397,-0.656529778468162
0.169675747157756,-0.555399277760425
0.277753236204807,-0.575949786830727
0.216149688682265,-0.643997711921427
0.215803070861785,-0.490372075043143
0.305126107937166,-0.611131079610061
0.240945910445414,-0.583203317648572
0.332326928641952,-0.585569468567512
0.248703696726478,-0.541872519731252
0.364030541187159,-0.507246605184713
0.381474855085213,-0.592418077165155
0.401667598876336,-0.432785167177566
0.44401651276897,-0.481319456567278
0.469284797957031,-0.450804609436995
0.48007765210495,-0.423743431639022
0.483223794828182,-0.44372855810586
0.510466882942287,-0.36648914059344
0.542967513727916,-0.356919380173138
0.492064370222838,-0.392145543627712
0.479086259866145,-0.365843570824064
0.573887629245164,-0.342003292053924
0.479054523420389,-0.326994063712351
0.451262673730038,-0.40061460877485
0.62768035240298,-0.269811828301592
0.516628796030989,-0.298504392434594
0.520327212257927,-0.353624127377713
0.55836663769023,-0.247590806068049
0.501006815733861,-0.27099282246014
0.41376523854952,-0.173921935851652
0.573619695708927,-0.229973137349931
0.529123345449166,-0.118964093064062
0.548106029542803,-0.271060196353392
0.582797573462846,-0.0744048978331603
0.587454346445214,-0.139834028197459
0.556208331362984,-0.151172601026141
0.636487370673105,-0.102567446544581
0.601134513850005,-0.132209158488498
0.642851218403929,-0.0703705024163807
0.538506377149748,-0.055530555770324
0.634304389396262,-0.111304531243771
0.595416852103716,-0.0448533325152426
0.655180099699465,-0.0546638086845579
0.604636133779273,-0.110550577870613
0.601649827781201,-0.129003935830224
0.645511309524671,-0.121200532582304
0.701669086143656,-0.171797335063253
0.671801869755161,-0.138669204652273
0.700419538524927,-0.0786950807742266
0.718726946922243,-0.102781665626623
0.741951559130999,-0.147107401279063
0.69785344462926,-0.116192438012216
0.700136295156623,-0.192621456014519
0.743973328295341,-0.179557376983627
0.748930786736658,-0.203722446948436
0.744675124020967,-0.265827093770501
0.833059178965209,-0.269986069006259
0.788514961448652,-0.283575676964166
0.792919498167599,-0.276227062689937
0.691130299753956,-0.281701317615257
0.747708243093656,-0.3669834133207
0.725783590464839,-0.39121969929992
0.676534432414562,-0.447436578299435
0.672740559372558,-0.461225313856092
0.709259261893016,-0.469374121097299
0.686989257164963,-0.504161117135791
0.742647061081834,-0.579967314771959
0.689668231774742,-0.608260039705669
0.673478556910544,-0.619790081570445
0.657955800055543,-0.593967389327275
0.703731930278132,-0.641139277272561
0.677115374169238,-0.625004747788442
0.648796043811321,-0.680048375406086
0.608890528815607,-0.715294124834727
0.587772640151888,-0.744986007021993
0.570731492266349,-0.77074601657739
0.506181926935471,-0.761155997811664
0.457251941810241,-0.804544858096127
0.43517090861428,-0.815061015291141
0.43714517525838,-0.820463348439172
0.367061258656009,-0.848453882739011
0.313223363479503,-0.853698704334176
0.26228835137333,-0.868671670579748
0.244966154081548,-0.861064673052303
0.21009772173179,-0.86486399079859
0.194382036073247,-0.823950185384886
0.102955155900294,-0.897192249455029
0.153742436461778,-0.905731137450271
0.127207356745904,-0.822781991310559
0.0492061459443901,-0.878950021527919
0.0211172683372852,-0.917624695002907
0.0143275395281067,-0.906835459817833
-0.0215252867495142,-0.913337611934422
-0.0748896722853036,-0.903531658180041
-0.0873364009983243,-0.882706666892705
-0.0600606551156134,-0.830343332906603
-0.0237244361475761,-0.946909964287832
0.0134621696803505,-0.800580027390591
-0.0495804907498822,-0.785988354097467
-0.100443157368441,-0.732376307183163
-0.0785668092462332,-0.845414887048115
-0.107478218843461,-0.93728914529804
-0.137221538315377,-0.890008685218362
-0.106333941690509,-0.881920561428589
-0.128728250893488,-0.901665145733377
-0.125931394071362,-0.929077435653771
-0.14253577095757,-0.9018246737458
-0.126952800139578,-0.915899859941313
-0.144693542844646,-0.953210125357182
-0.105404505722673,-0.948997160034556
-0.141385302224503,-0.916525802690808
-0.0761243289360538,-0.875023253578968
-0.127425287852143,-0.831297825382683
-0.156321428960501,-0.912069301009046
-0.213918319665587,-0.872318616927943
-0.222966531775868,-0.889455060102852
-0.192755703347397,-0.801256725654292
-0.223536103928725,-0.900357876848897
-0.269172563206932,-0.875879829475743
-0.262070848325957,-0.895331749603161
-0.294170557673221,-0.854089136765917
-0.318823763813944,-0.822902791838694
-0.409850520536191,-0.798454197751477
-0.407253602467239,-0.734785074792448
-0.427169815574079,-0.745430483207489
-0.421270002517593,-0.702500882224068
-0.450572513056085,-0.686226575862461
-0.550196348685306,-0.667295925683999
-0.548036342985807,-0.640421697289212
-0.584786658944303,-0.559577233437791
-0.623032701345816,-0.512163384774959
-0.575539492982743,-0.496672723020073
-0.64178133413297,-0.392224890951905
-0.671814592305754,-0.369690317419591
-0.629927835918048,-0.309224036482329
-0.706697519237757,-0.190511504107629
-0.660095374513818,-0.205224642800118
-0.710306906595577,-0.136721096302189
-0.720161758162132,-0.106787704480609
-0.678018831643985,-0.109952851783621
-0.768836307587706,-0.0987110709619102
-0.733792997621199,-0.0331039379355911
-0.733035108045989,0.03310066507419
-0.763952054653503,0.07246520697248
-0.718508328506641,0.119621425675309
-0.756375038874142,0.165243773771823
-0.747538625499678,0.106286860514651
-0.784508797497878,0.131858207304192
-0.811875608455061,0.141028974864522
-0.77055491175953,0.157909622768953
-0.744265696698716,0.232944598330128
-0.794599182907263,0.237502563596724
-0.73843445315049,0.193806983499803
-0.749055132150065,0.332382041956431
-0.787327632702169,0.261576869809688
-0.796544789799286,0.264912793420712
-0.778991366646748,0.279726078006096
-0.778169638925961,0.288711842803045
-0.757740396148371,0.335173606485366
-0.720820108023209,0.351103282395068
-0.768017600032031,0.333864417200892
-0.742000661888609,0.335719155828553
-0.764894827909482,0.286003572463753
-0.786182372204177,0.286761948462847
-0.770873051668903,0.353893337794031
-0.715011966678538,0.357273418377843
-0.762856409262752,0.371100147565762
-0.761184699638264,0.390736917295988
-0.74843642981781,0.371486262206214
-0.744948651860826,0.411745013551866
-0.804835074328766,0.316610391353315
-0.753853347930909,0.297362113006558
-0.796037108826403,0.280007578165487
-0.79605171292062,0.224663662073757
-0.797006034572933,0.196204578723124
-0.84428730041236,0.180385975346728
-0.850682018048047,0.159891620689514
-0.853330999321313,0.0776687921581333
-0.854221138531276,0.0893879018000884
-0.86970115922677,0.0116174804618376
-0.885810215165029,-0.0138987468963841
-0.870772690232633,-0.0643644634817435
-0.883752408940098,-0.0818951248417204
-0.886355683733645,-0.182378990820385
-0.851361237384038,-0.194768953382508
-0.839251103514,-0.233357940553601
-0.841476968050108,-0.32555633219691
-0.826774695628645,-0.385859222511634
-0.756266192999772,-0.454621017369069
-0.751334857505781,-0.515501106513768
-0.698009153978761,-0.51633903939526
-0.696873839076103,-0.569872450028614
-0.696797876885942,-0.574270487122499
-0.648084049067854,-0.604065733606792
-0.613030217043116,-0.640604539739284
-0.615427960519105,-0.684464320095519
-0.575796030761677,-0.720623691436803
-0.533408541879063,-0.754379862519854
-0.457934119094125,-0.802498919713536
-0.46180405604488,-0.799437043359755
-0.418806860852493,-0.791814537639759
-0.397970618410849,-0.818496453907338
-0.367116663525363,-0.789303584883873
-0.342510767234804,-0.799366298904083
-0.379273639135305,-0.773555588577183
-0.351229739075702,-0.773116566277272
-0.424742171404109,-0.742525569473645
-0.428585919414119,-0.719483083498044
-0.460369121669034,-0.754505143004449
-0.435060488153856,-0.726961035028749
-0.476644519773963,-0.73938835558296
-0.494605310796321,-0.665172444972701
-0.459434931052584,-0.745689174796391
-0.568617116906934,-0.676611844663772
-0.527937827104832,-0.640711873929989
-0.55909010089929,-0.553401768430525
-0.55398832918124,-0.580413381954637
-0.593034878786858,-0.52695083248395
-0.559076220196737,-0.474649271811859
-0.599411163440176,-0.415494910103279
-0.631875962171723,-0.394229925519171
-0.636552460158329,-0.313777178507726
-0.681749510617411,-0.262271876607958
-0.670745862671587,-0.226502111307517
-0.766307810154643,-0.158819352574327
-0.712742479585286,-0.0900015955732168
-0.770680922535738,-0.0878825340704808
-0.733065727431517,-0.0134094113161974
-0.791782282273463,-0.0102539270937513
-0.767771574876366,0.0714383443070988
-0.770817668218838,0.096312987607672
-0.755618768093711,0.0786302014524371
-0.800587435301101,0.143013706289931
-0.769017417768992,0.180252632552373
-0.784720608437071,0.213060890874625
-0.789862437143221,0.228873954961108
-0.773956106868288,0.242742294496415
-0.717245043723961,0.279588503606251
-0.775717646563531,0.301996920746977
-0.763374481696806,0.317961079533609
-0.766506193592473,0.362099120341313
-0.776604358732264,0.373730016532259
-0.775273514794455,0.374941764346612
-0.776373340499814,0.440779974180351
-0.723323999832072,0.394468961693499
-0.727506160298614,0.435423803475827
-0.696646669519532,0.536616729361627
-0.729891139897937,0.561341381184433
-0.680556321328566,0.475530586663225
-0.693488701673712,0.507697765297834
-0.693786627099621,0.523269886537896
-0.750863296630688,0.433927691317493
-0.714464701684976,0.513037148607572
-0.731913714576802,0.466735407521986
-0.69331750251043,0.47984846753756
-0.65308836492565,0.483000877256502
-0.657071533914437,0.540122764811305
-0.6910340216865,0.533549214975433
-0.661122005646839,0.525498170121203
-0.690623083405103,0.540321249632906
-0.656644043679262,0.564422430361512
-0.656666786550891,0.550039581022393
-0.659797902154711,0.572633310222312
-0.637487387265956,0.563347149063477
-0.684310187335534,0.617581502131431
-0.627252499092105,0.630360299833168
-0.624830485496206,0.634075169163556
-0.621457723357646,0.656910328456047
-0.611435974972796,0.647250134195093
-0.60080464577952,0.670632468297127
-0.59547649482463,0.674202079885414
-0.590272304732074,0.646914052581177
-0.568202410954272,0.685546813966882
-0.604366825482272,0.64337033281974
-0.607172038782057,0.684869712799534
-0.554544737171591,0.717530354338312
-0.555145399201789,0.650438816839028
-0.574199214024617,0.668698642430772
-0.441443002276847,0.633335793013679
-0.55307297980329,0.687876769204553
-0.518051252856284,0.610105352054843
-0.438637323416055,0.600365827332245
-0.483247554405673,0.654736127424576
-0.450107763406552,0.629363726050088
-0.392896525148055,0.647440495011967
-0.338778931021279,0.631358521171266
-0.375442983671793,0.630073688513773
-0.28069026546344,0.601074956218878
-0.321606513710123,0.649639997002232
-0.326193188845611,0.648591443853841
-0.250541916358834,0.633652854794588
-0.227318040924166,0.690146849429467
-0.161535554377518,0.677986237643497
-0.114034062092564,0.723637730980749
-0.140885197110713,0.717268850852504
-0.11059542867771,0.699626150446471
-0.195415091058773,0.732624988374202
-0.105295460022216,0.667488761089335
-0.0452529408174707,0.733760878852934
-0.0826336994900424,0.770883291046163
-0.0832643394880294,0.706052853498629
-0.116984946557424,0.796060059559138
-0.13299098423271,0.764290298685928
-0.0426490135750861,0.741142947844433
-0.0105303973286033,0.68344395913662
-0.0605997549379239,0.769834962560168
-0.0598691205834673,0.763383409294944
-0.0558122303360131,0.720962245642488
-0.0483694812657221,0.745679559555821
0.0119382919260969,0.793724935139311
-0.0631724951029688,0.736140890496783
-0.0840517177161886,0.781668792184529
-0.120923793938152,0.753551150563571
-0.138599528273981,0.680507129348837
-0.109981709532011,0.648553492092557
-0.17505660736886,0.689758832043593
-0.113050442175345,0.657877812109853
-0.210271812832403,0.605679290312411
-0.131059388538778,0.630443277454758
-0.249754372960877,0.495355864814137
-0.181009530403743,0.419369422542263
-0.149296610786482,0.419573064480135
-0.160479878284207,0.380482235635426
-0.191108903067061,0.418174148027721
-0.237076799161217,0.326947462509483
-0.186782459852137,0.304226486139086
-0.22181126842523,0.299774506255426
-0.174009871792941,0.17113821369381
-0.264634788068822,0.17466547965259
-0.303992493514244,0.139357981650097
-0.326968677372959,-0.0216546798195794
-0.355918411799149,-0.007236969595936
-0.399627268967974,-0.0641724851977491
-0.477635662409458,-0.115189480335347
-0.436250655843467,-0.136733717378323
-0.472384722909507,-0.18677793687097
-0.594100354691322,-0.194768002170185
-0.525871331307238,-0.233408314796543
-0.490786546617325,-0.249873686555623
-0.545102385435388,-0.294899782421425
-0.537008746944586,-0.374491447479307
-0.52317391685578,-0.46126980687096
-0.48333666746488,-0.411347127045061
-0.553078780393508,-0.46191787620457
-0.607958881817581,-0.561324371813644
-0.548585459690765,-0.597287608899376
-0.543810766909025,-0.554875491295474
-0.424903262995646,-0.527728788773411
-0.554498080090452,-0.501550457711631
-0.504781531125287,-0.528859454340489
-0.494306032741805,-0.524059911565718
-0.454077384740535,-0.457142444396221
-0.49399296531501,-0.535652056612158
-0.495483554752359,-0.543298326229332
-0.480629143382287,-0.490191611189345
-0.437445908765209,-0.505546451121539
-0.465314490584929,-0.591106425061278
-0.461051098816528,-0.56982229998721
-0.421493815139673,-0.586244612711411
-0.478246610107624,-0.579731231536031
-0.357913403742043,-0.562545251231093
-0.225999920592476,-0.51346932793361
-0.240878583780684,-0.561748436320557
-0.165762623040541,-0.552741221499695
-0.193462198312443,-0.575316045431651
-0.0779445084332223,-0.56543239012687
-0.0941863596630085,-0.649286655108136
0.0416134076551418,-0.627831959084082
0.0203894968050539,-0.631767855015086
0.165857068412473,-0.662271067576757
0.159880707384937,-0.653948618593424
0.149326083317118,-0.62089819004734
0.176633510721253,-0.609458816499501
0.228139975378081,-0.68139778481763
0.269312209332543,-0.669561929555435
0.300842248308034,-0.666014939895444
0.307309560949661,-0.689497350040533
0.33728029864875,-0.693319553775778
0.311414764579479,-0.719004355857913
0.363101057307512,-0.7562999624678
0.250376500135718,-0.676469934538632
0.299584837793958,-0.709740742120337
0.260802188143157,-0.726194642830977
0.268562863971566,-0.786925241467836
0.22036433335833,-0.738194582047997
0.24437349743847,-0.80760978326914
0.253185366240685,-0.776659950639809
0.232728302901945,-0.829047275629847
0.256003968026004,-0.825602315213617
0.248625954099166,-0.827730455270765
0.218445434641134,-0.827364933304722
0.200998223946823,-0.923770540141772
0.130777895798276,-0.854778612399894
0.112552190967582,-0.851023264093362
0.0880654582647703,-0.921582739456754
0.117953106269236,-0.898681172375285
0.187475524330152,-0.923005325614004
0.169257790075723,-0.881055146783423
0.209358531659934,-0.808074607646364
0.245542058712241,-0.819492197606841
0.212436827713453,-0.804430820668855
0.224841486861045,-0.844158174025787
0.189256133077369,-0.857370218333435
0.222863791192061,-0.860256353810231
0.19656341853077,-0.825146922252994
0.282847582105742,-0.859420083368855
0.336665191213769,-0.771800355878131
0.317279859113078,-0.80288006351552
0.355219430266942,-0.743717103799771
0.362224859002424,-0.773674009274341
0.407283023742256,-0.742865989251008
0.364143330869895,-0.73817443311625
0.358311509325433,-0.759594980268117
0.461122566398409,-0.762102695249834
0.450715740454154,-0.639147176484434
0.475686959318425,-0.703603316306374
0.495436875854352,-0.621635815272397
0.51774315668247,-0.611805076842408
0.531382844279482,-0.606393335102294
0.577607252322647,-0.547144674947531
0.59377394172242,-0.549056357653306
0.599137313954635,-0.494790957183896
0.570419616708083,-0.56027640949375
0.657240417645248,-0.494316281006886
0.690637312660977,-0.400619562694536
0.668042336534939,-0.475003048714053
0.628323226980847,-0.453551554918438
0.713261600660457,-0.415205908388928
0.697292036715281,-0.405225314546618
0.689865552589362,-0.376965935078323
0.712504863253587,-0.319378251395485
0.616188377502707,-0.307485485578579
0.661829765440911,-0.369325105832667
0.66423003076726,-0.317172622027672
0.6508082760684,-0.275436185630868
0.710178326339993,-0.347369506439851
0.741162046712586,-0.292735470205148
0.688270216365346,-0.401922983859436
0.68837117816358,-0.395020111104243
0.655535422027105,-0.485303217424385
0.647043078287236,-0.488507288374712
0.612747971141308,-0.521351601980624
0.508341090182295,-0.556017423428241
0.513308739790856,-0.590870761652286
0.511584982195771,-0.619594454841221
0.534977306207406,-0.658282647585842
0.439964284420315,-0.671345583868268
0.476686424212061,-0.652688429802284
0.443402108056569,-0.707365046951206
0.323308220557659,-0.719715612814936
0.383577735688067,-0.709960367413011
0.357989948187131,-0.720066471828487
0.370042085350793,-0.753381273574922
0.441785878226602,-0.622327071606325
0.293089430954205,-0.659967013246604
0.335608212481292,-0.718009285341751
0.391423661311497,-0.719580462905233
0.326759969784901,-0.690935416703505
0.34642309500927,-0.674053312157529
0.3532689049261,-0.668801685556342
0.325328274993875,-0.631431307649853
0.387178846821363,-0.667719868430891
0.342932917593517,-0.592589854926521
0.391811565780457,-0.572273103682297
0.298666066249013,-0.511965492001847
0.373141314857647,-0.496353114338329
0.434446477561489,-0.489066388176827
0.41651517691496,-0.517863707705682
0.349853343622114,-0.490214183554387
0.285114826830095,-0.44923062039907
0.503117594434374,-0.391828591410701
0.487300693083846,-0.324128246713631
0.510569247453916,-0.346996426878184
0.468077863884916,-0.349892973279949
0.637064331341638,-0.381078273390492
0.627564296269435,-0.318460937211576
0.637231350591591,-0.433709652646104
0.605587216725326,-0.325245035884659
0.552756973847679,-0.349289747365335
0.635815620307144,-0.359031390375629
0.670780440471478,-0.2526089218264
0.710834406731478,-0.318106899090886
0.760137184641086,-0.239615476839958
0.779735365927663,-0.221375491285513
0.700264368701252,-0.265713981155874
0.753921586298819,-0.18940830330243
0.79420399993119,-0.14816568489595
0.762224503547709,-0.189644630119872
0.840063663088528,-0.165939110209022
0.853556402029799,-0.157537249855695
0.852001662676689,-0.209265541250454
0.864282468575061,-0.175743792967183
0.866563499383438,-0.152025938704864
0.839658085196447,-0.185124798207277
0.878611157124726,-0.160198974527826
0.843991957975186,-0.130408602884346
0.890015229889465,-0.0810211795197604
0.903551963580016,-0.116087135928661
0.94417467857106,-0.131208361820634
0.896759203966992,-0.08615510167957
0.902150685489681,-0.0784125482156631
0.872964016156917,-0.0545465407593611
0.84254630492812,-0.0429872581879518
0.795274159781672,0.0101533264369582
0.811929233804988,0.0376299033229441
0.83338622232402,0.0409610004404742
0.790243227499079,0.0797383112233959
0.813110092898053,0.043713176635936
0.879910178230074,0.0811064900934903
0.885195562894323,0.114089667545973
0.872369677353311,0.14918348995698
0.903492472080658,0.0774924346684324
0.855641620718188,0.124062712421911
0.862049624881484,0.121750249021474
0.869637957856894,0.147587946349209
0.845444957306252,0.190928885957942
0.819766975114132,0.161083551172811
0.831663750850428,0.120247570433563
0.813894448492352,0.161909929377017
0.806950183874129,0.136147138254212
0.848122938570727,0.19693057954553
0.838585921274684,0.164969950080304
0.869408747974953,0.120292065121991
0.843046729788762,0.152446902295982
0.868836502481029,0.109826484877303
0.8268189948287,0.124199439810937
0.822840943118864,0.0330496263867475
0.692763510178239,0.143329681620229
0.794800405033861,0.0831212574769913
0.782570571579355,0.0529745862113486
0.706967894174716,0.0293626783267568
0.677639698370112,0.011437137730258
0.669180093477739,0.00856493598044134
0.67078772661228,-0.043933813064131
0.614082445335034,-0.0137518933857726
0.606538156733409,-0.0527229989003588
0.669753638779145,-0.0132694379235975
0.55768397448703,0.0508072646321815
0.561301318241442,0.0685629331396647
0.641437867735785,0.109671151183737
0.620008712603774,0.0365534242502558
0.628228800568778,-0.0101992852911501
0.704746211053399,0.0279745460845576
0.624869750099902,0.0356332098131976
0.550183826872182,0.0607892577502375
0.568833404046709,0.0959121649785417
0.499563717575683,0.150488742014078
0.476093825511758,0.187366750241496
0.394336787349815,0.177957430860738
0.423365951049029,0.282980699920209
0.499616651544683,0.226527253633197
0.493317318946061,0.219504947319567
0.462101478841906,0.263509344342593
0.384732350870987,0.228498004099814
0.405283152383443,0.228961281424165
0.379558326180637,0.281751895455932
0.386260044754397,0.403981354560257
0.382569696322211,0.375670480016739
0.306100570624487,0.34697535433969
0.340907176050289,0.420200612723071
0.33316274039959,0.44466451744442
0.241538852041212,0.508582717490358
0.176908887106031,0.445277436745394
0.217489064245297,0.519333352122601
0.262989722838472,0.442206753411733
0.153163374318129,0.44574913193603
0.0729922859450437,0.529709061213685
0.0411783761044366,0.500927539568732
0.0326608497895971,0.562928097133062
0.0539371704163845,0.611217494842607
-0.0836650975256472,0.448849302638442
-0.198815188228087,0.564098810704143
-0.0529792782800355,0.458376267302039
-0.123675264002501,0.470778682127928
-0.233989217318233,0.516797485277541
-0.23781971021117,0.541245527734353
-0.468798649341767,0.496369525481542
-0.482345821889078,0.43108026097448
-0.495165935958142,0.378137725256314
-0.522560610825137,0.388672680426876
-0.543606353739196,0.384447540402785
-0.588702863036616,0.283804357663299
-0.514024254535064,0.284190154708899
-0.613991158076618,0.256024008659042
-0.668455789964139,0.269423528034098
-0.709566537752831,0.275379238293163
-0.598637753302877,0.228982061905149
-0.618712953339734,0.284718161813777
-0.668300056994795,0.218404888667289
-0.732052900332383,0.256591145748584
-0.664852910583024,0.226817573656441
-0.80394129264026,0.180770120693436
-0.815537418520587,0.115912728088276
-0.790955786432514,-0.0241539616627933
-0.843709665699116,0.0738538246406247
-0.769172100111257,0.0354625908368075
-0.846698757883988,0.0391869657170794
-0.865680559067703,0.0153257184063774
-0.83940889412811,-0.0764135728710839
-0.821057285941907,-0.0860084892562566
-0.812284906833103,-0.071738883118821
-0.907510828548079,-0.145870350113025
-0.818032275354176,-0.240858549689701
-0.771234009570215,-0.22022429598405
-0.763104306760326,-0.33058291046594
-0.762929547347513,-0.339726514197422
-0.7570327481741,-0.319013665940978
-0.736772381480956,-0.393769891439712
-0.752031021503217,-0.400175201634116
-0.662552843015338,-0.420245938442895
-0.73804018689311,-0.437668275420294
-0.712536643129209,-0.457523109290925
-0.665757040414723,-0.45297382726641
-0.70567508144043,-0.46957495592087
-0.614617845043649,-0.490488562806837
-0.52446740501163,-0.547434525325277
-0.599553637399945,-0.560096948298799
-0.541974188816916,-0.62228022444702
-0.528194727591983,-0.54811083574244
-0.500805232761714,-0.631915626860037
-0.505759941382875,-0.555896423470506
-0.466593034988791,-0.591327763749097
-0.475779732663946,-0.611708707251173
-0.42292115041361,-0.524685985898743
-0.377457586796606,-0.588359022113446
-0.428075598326848,-0.535324423630564
-0.427203411500426,-0.688413199016663
-0.363141836109675,-0.547061289686071
-0.401360754404918,-0.616259122383975
-0.386349289410249,-0.569729705166252
-0.423040434390705,-0.540295236493134
-0.272570609966349,-0.531757418663365
-0.285296223852169,-0.501392005517711
-0.280128715216463,-0.56481212778178
-0.262116694292233,-0.472759431127281
-0.194242156207595,-0.521788176062543
-0.303042841989529,-0.53309081749996
-0.210489596236098,-0.522588660759169
-0.260607074239227,-0.456629476194372
-0.188260894972578,-0.270035933304962
-0.103505543555554,-0.500782487456953
-0.137589900714478,-0.415911578057027
-0.0346760782192577,-0.372040205940661
-0.0844543326666687,-0.45284786075555
-0.121937445134156,-0.337762437568985
-0.124444206130544,-0.391119732637004
-0.151498006815241,-0.37800654332724
-0.231291426519353,-0.335298264628697
-0.214323000513261,-0.310847288422816
-0.168208248054479,-0.368888663593904
-0.0613366042248879,-0.195260528376526
-0.0500463511466322,-0.0733392036757895
-0.146881645412458,-0.243223527515844
-0.0560247301959074,-0.0715671293641701
0.0515234483692202,-0.0308924658549363
-0.0861169089046094,-0.285506618419942
-0.13319627654474,-0.129343636537185
-0.228032019564643,-0.0752976194865591
-0.218663260158035,-0.0923427293471995
-0.165014874291271,-0.0263071383153321
-0.218500694101523,-0.168729052914942
-0.0814010991890816,0.00936033637835952
-0.0447145550591904,-0.205340628243216
-0.189920729951415,-0.00677422242747594
-0.248015737923252,-0.172533216259109
-0.0893321484104397,-0.0950034324704018
-0.134592628724767,-0.142968854736948
-0.127458566582209,-0.027640988291873
-0.205202862155819,-0.143747248839
-0.0120459192660178,-0.125765825608931
-0.151715992508659,0.00440170632608742
-0.0498390323462618,-0.159969077891081
-0.0162219693768444,-0.0587322507738111
-0.179244315494978,-0.0269996120930595
-0.173475544982333,-0.0340705385558767
-0.101939801355324,-0.0938903503857101
-0.134368289992534,-0.123418362787629
-0.103565122070554,-0.226440435584646
-0.10180096952967,-0.175550853705214
0.134364747875545,-0.1315018454267
0.0993764169624338,-0.0884624708572787
-0.0439855336348562,-0.0543610602332412
0.0685636933741073,-0.0880724258359353
0.0697958358506908,-0.0552048267551834
0.0597840673097762,-0.105875194668185
-0.0512284072129623,-0.107144601115587
-0.0232629727991385,-0.164615124112397
-0.0627926049428421,-0.0370235492407109
0.047254371858732,-0.0589196656429018
0.041148934760559,-0.125564330694901
-0.0145707781589802,-0.00804072889846809
-0.0878524332345869,0.0631591959396915
-0.0196188425189167,-0.143229516127276
0.0199126102098204,-0.0157725000529543
-0.0441287422186863,-0.012556889652671
0.0968699539076915,-0.17473313574582
0.00656682453985129,-0.22968993811956
0.148836002589844,0.0556536890958245
0.0259111637565753,-0.0550527721977294
0.129296070392565,-0.359752331394484
0.0490703412817696,-0.163226554604028
0.0437962630630105,-0.11302370075408
0.0351081049454329,-0.168724641444292
-0.0203723226064707,-0.16916598943903
0.141622334348404,0.059355713817666
0.0023471231448735,-0.0630602648639784
0.0918002346626011,-0.032210894316467
0.12111397853627,0.038527913241524
0.0639133959738463,0.0258123153891207
-0.0363657489197872,-0.0259294353170603
-0.0268839439033396,-0.11746681966002
-0.0221911674606648,0.0160169141993248
-0.0330549971644439,-0.0706428563541223
0.0323497167604176,0.152263349028604
0.116651315196435,0.00992789998778147
0.107887965304213,-0.0816855501040602
0.0352727113287813,-0.0159018142056399
0.107242610677646,0.088442928090954
0.216857669871287,-0.12848203314942
0.081213009573959,-0.0335692865368967
0.069277704355737,-0.0919306918661972
0.118896679502539,0.0232261328608702
0.0238234422604865,-0.0049615603654107
0.251524096051161,-0.270302190546896
0.0947894248056613,-0.219822494689777
0.122092504601249,-0.107757456960938
0.153634774293491,-0.149954096441642
0.18929980276425,-0.212040985522224
0.106503077497511,-0.206703192398455
0.0177881862523831,-0.304134616925377
0.126854373623996,-0.238689721681266
-0.0346888735905112,-0.294858880055885
0.0712929040126338,-0.182986624986434
0.058607250778658,-0.114953971585818
0.06410167273884,-0.179691952697834
0.181324876606021,-0.174301662157809
0.00573931228001748,-0.165226428193602
0.0069765016389271,-0.289233894153327
0.0861630971997128,-0.327140871484703
0.117720181180529,-0.237021819016022
0.150695702998601,-0.225926606412987
0.0681809701159943,-0.256986856084105
0.101310547320181,0.0182467994558017
0.154357732932355,-0.153939568281025
0.0107293887820921,-0.128272382799342
0.216920519423103,-0.0134276475936323
0.178069565314936,-0.093695886641475
0.100838896857179,-0.0301035706000659
0.182762755962148,-0.0527806995691145
0.0816930049186519,-0.0427393395014995
0.086437899101211,0.132445587179141
-0.00541037901736352,0.118080324499368
0.0281597871683794,0.0992380909257516
0.115173408418313,0.153764830720354
0.103368722566427,0.0631478994858231
0.197079088702574,0.0601089291235918
0.176300206061397,0.124421440842742
0.0985500544911547,0.162984386067002
0.25971674006781,0.112263321977615
0.122822073338429,0.24683711593014
0.271821690876931,0.179341270506213
0.142534094534173,0.131115148518278
0.223190608067209,0.162356905874891
0.174811959428931,0.0800591844932456
0.220739231849174,0.167156307604357
0.25039909373378,0.100125064673182
0.246679375864721,0.267920600022604
0.302874952817629,0.167181015786574
0.191472705431121,-0.00496746040544402
0.353638335473179,0.230648706349167
0.281431829078128,0.101807975674249
0.342493452447008,0.0751249448006153
0.35027624399666,0.18600623237994
0.193084650834862,0.0422731451524942
0.39987425912047,0.190826784628702
0.348881911735523,0.0483178720733389
0.532924074737253,0.0807345404429494
0.444705059080857,0.0747338819031302
0.385773465285576,0.105023488305216
0.416345080712031,0.0108249105377102
0.332415675134708,-0.0195560868729257
0.528388609137455,0.0439656347972364
0.462289049789931,0.0434327335518539
0.480237812263394,-0.0105249627866375
0.54763243235395,0.0304631877994657
0.487986387862672,0.0140221034552379
0.510872305225641,0.0520283607723482
0.57262857531176,0.0015122528301346
0.57550190856837,-0.0286810598115359
0.491558968466794,-0.021608664655155
0.553048864434983,-0.0445771686522717
0.644604538416807,-0.091614593224602
0.339089693078565,-0.127271885141925
0.538909716579872,-0.0282431496639228
0.455314345411853,-0.0326256288441172
0.600252463355996,-0.0223891324164354
0.59466346616922,-0.0582587706958112
0.618542114229023,0.0248382918740787
0.629741859380164,-0.0313282433477091
0.580159199619686,0.0586718916306648
0.515539711763471,0.036705809742807
0.4579978926014,0.0670469573903466
0.645444835831374,-0.0672392292610162
0.530774537621411,0.0399980117198603
0.60314340044555,0.0426880811645043
0.476093794886443,-0.0562411806567596
0.461046531940061,-0.100213655776823
0.642235044844666,0.00951700509341884
0.614175267522873,-0.0044060668166502
0.457984450880716,-0.118525824325376
0.586642047262432,0.0364843880998479
0.572101789984805,-0.0829978685085283
0.614649278998806,-0.126463647965811
0.503775703752073,-0.05634478187646
0.478201424848434,-0.129059199093826
0.57196956463734,-0.111313378185068
0.594116079425734,-0.114311254876431
0.465549036101814,-0.130445030924262
0.537490939212734,-0.132040351893295
0.465435928366988,-0.140192068503006
0.389573264952847,-0.177752056327441
0.539436426844447,-0.0710790823714571
0.445991281436827,-0.109227607602347
0.49817954623681,-0.135705872463641
0.349676614251837,0.0127867584855545
0.477698126892247,-0.0959061494505793
0.337433360251983,-0.184064224289285
0.437696891067298,-0.149442719099992
0.39869770915314,-0.0481934914510908
0.2843143531494,-0.194268509454192
0.408111367034049,-0.187309656072176
0.42336118553173,-0.103238242010052
0.418461361083123,-0.151430329202899
0.386102106036297,-0.112475679308053
0.36047310342672,-0.0282874763861602
0.436543892371826,-0.0134148637435743
0.260977924269465,-0.0890715374242201
0.421937353909928,-0.167461799692422
0.347537012687333,-0.189531148653601
0.339927552694306,0.0384216849127295
0.311054766780356,0.0399408629077269
0.265396967708519,-0.003390779346732
0.524435369443732,-0.000656828809488993
0.281533310183744,0.130604201566316
0.480610304193747,0.219390637068015
0.260248833721395,0.228483307511147
0.156771108977758,0.208906530898068
0.244357405096962,0.318215065069228
0.176852381459769,0.32034154542283
0.333858527539444,0.267114785953922
0.305797917963093,0.247375601882567
0.290547380196617,0.262520820986664
0.280290229551768,0.245051221197149
0.260514464413289,0.363160028624872
0.269883673565497,0.397816220239036
0.278858343487966,0.433808738481434
0.302695307580034,0.46912114404511
0.352103029889773,0.387877699673963
0.499205715022759,0.293089135808956
0.444472607525204,0.363800861837177
0.407102088478695,0.346291353776928
0.492182617021233,0.409358305946104
0.334189014717961,0.328467437831034
0.432407532372808,0.325115492927746
0.423661904550711,0.379945337164555
0.422791726369401,0.324963720646622
0.35084083330407,0.462016998867868
0.412142887378972,0.323051194492883
0.410673513860346,0.258490307437098
0.471963445158917,0.422696789446538
0.498435893407407,0.410819714433348
0.435406269212189,0.427174013225327
0.426996597126703,0.552727524422169
0.430905281810418,0.454373993080201
0.496517738906432,0.474103610010122
0.501384260488804,0.368093112986849
0.50879186599513,0.417132646658491
0.575002869933104,0.361033012227244
0.551843508739794,0.473109559976142
0.654109460700567,0.420796186942334
0.660732497602301,0.28416528346564
0.72036430556352,0.366515795704237
0.750291037142331,0.420195300916751
0.690597849920731,0.476718407269379
0.749145502224269,0.435867359396716
0.691380982823949,0.412793968346974
0.690055624793431,0.472659634869307
0.607157639643195,0.421329434080903
0.699749714724178,0.566212855358328
0.7065307509324,0.568944722991432
0.661788017834899,0.563408647334849
0.716983916337596,0.539276014093209
0.731869813171606,0.540299330144628
0.697369429162442,0.513062427711566
0.710182465718867,0.551403036590865
0.673486539848531,0.516725695438781
0.737298708759941,0.542889315191349
0.747984821727028,0.526552773013969
0.717289115116044,0.498928311092462
0.777026816508798,0.458181393300531
0.774297695094117,0.528177366977346
0.787094152710812,0.502497218804753
0.749658683285425,0.508583535453494
0.772043921800192,0.514971986308126
0.748469086274159,0.516526532297701
0.778013292675044,0.508188376357613
0.743267490671055,0.569362021826737
0.749958364744317,0.544138596840119
0.674368506179396,0.522368236054551
0.696463367373366,0.530371240357407
0.741602946317583,0.560192081742211
0.731427911884901,0.56517732371752
0.71150470288867,0.595653825187866
0.738632235054538,0.610966949656161
0.642524079534905,0.566910886651794
0.676992112914372,0.589936558246475
0.627341745270539,0.652829657264251
0.655200834564026,0.606519512936214
0.604587720793443,0.679189705524453
0.571963629795056,0.624677166899017
0.556334302937562,0.693975886452272
0.547066084088016,0.658354618499501
0.490775967244087,0.637073501971407
0.396219244572208,0.707446630769583
0.457264407691786,0.776468014319564
0.383279791132784,0.796353802628516
0.373804486062774,0.815982657560795
0.377088805857085,0.78692848844563
0.38469014334859,0.80843080596932
0.382887210550183,0.794981887472791
0.334571548300029,0.806952734342695
0.307657941652783,0.795893195270889
0.242683805469954,0.824706452726631
0.212604840046787,0.849797026258749
0.216728486715376,0.896596502798076
0.19137727632183,0.800760960026482
0.245269644764866,0.800291293328271
0.182437185642387,0.891931275627978
0.196441154063775,0.872817498836057
0.170139114056369,0.853500171651106
0.184384024032447,0.935619185102444
0.149978903870547,0.889869871260448
0.211044811500554,0.920380406347857
0.184866355384057,0.879400754965681
0.175053833002048,0.897081378545338
0.144077954495437,0.882271965279062
0.13783879972797,0.898583647639291
0.0935783905752147,0.899501465819991
0.12117888521981,0.929311942430793
0.117551871869587,0.887108666675083
0.0775865303206899,0.875685612378014
0.0609742256095123,0.827574825189531
0.0556035399757433,0.881062519286876
0.0265869946552534,0.898276533595754
-0.0198002991218424,0.90144413924089
-0.0262100909435006,0.874275542160412
-0.032287337153069,0.859306835594043
-0.0931436077053175,0.869371038032502
-0.0848476452446782,0.881560135758847
-0.101687957792852,0.875337716163534
-0.122809782035208,0.872801913982853
-0.0561516373230926,0.893081583698117
-0.0905113179427356,0.826804864412609
-0.134674252056556,0.852887691511256
-0.180737015734399,0.875344622878725
-0.145777151319302,0.81573923181378
-0.229899115468922,0.814223548223503
-0.204973582417765,0.79685485995599
-0.226390935207035,0.739790779549206
-0.190001914175794,0.837203509439716
-0.306102091350469,0.779332069626758
-0.287077063985841,0.808803048833238
-0.30801050218832,0.779681398952565
-0.336610071735619,0.74365771402979
-0.327005662952183,0.790218128228178
-0.425132249151679,0.755312894145982
-0.37863699658041,0.739594523345049
-0.405050222050081,0.7423135180872
-0.431941499030318,0.721649371861659
-0.501616979565693,0.705226371979654
-0.479929614773774,0.725813918673031
-0.482120608840295,0.663811222256002
-0.51962460082588,0.633075767455312
-0.533281311670802,0.612662714061058
-0.574721325371952,0.592161054575009
-0.516297659008544,0.534705152494433
-0.52771701699575,0.549745188309413
-0.570621937259362,0.503405605543669
-0.575343852567829,0.481696494253546
-0.63162528492258,0.437335789613656
-0.604703788896228,0.401530601024
-0.555150333144881,0.386635374429062
-0.691999367220883,0.341366370894061
-0.693724207006073,0.29938043736217
-0.661946107312134,0.240961381532308
-0.733517902150294,0.231622581008601
-0.691621824195915,0.201714319931238
-0.685218840765012,0.134040885495083
-0.699608354339637,0.0775163803311294
-0.601665696986679,-0.026075146111216
-0.69549627708686,-0.020339012433327
-0.570512768960483,-0.166557535093905
-0.67261404453153,-0.188971930245379
-0.740983647169625,-0.225584365480416
-0.602596902316276,-0.261685637571522
-0.592337022068481,-0.303404549819001
-0.598841966518694,-0.310648572163986
-0.559396222492739,-0.346587744852707
-0.542164451570261,-0.406913448370641
-0.535805794718901,-0.429113636549748
-0.576241566339406,-0.444785724943753
-0.498702117599623,-0.437267928760067
-0.554575738216524,-0.437525042788013
-0.467809838014846,-0.600518702241931
-0.435926831388667,-0.530407581632135
-0.393263990035655,-0.569629010721524
-0.401872880194926,-0.650581252413631
-0.328667690625523,-0.637346356654485
-0.302791797973376,-0.657553040760718
-0.261506511124899,-0.684808747281341
-0.275669593702214,-0.678038917636421
-0.244489415246637,-0.689201319446035
-0.210434300936158,-0.730093165084045
-0.0931549991584397,-0.774706342834303
-0.171469427971937,-0.777388061558205
-0.0977322471121702,-0.779495263731877
-0.0983298702349439,-0.806581712221336
-0.0725580660132479,-0.816295670363109
0.0142665844997448,-0.77734046124533
0.0742734372979476,-0.652312708792115
-0.00366471811374114,-0.721494412761172
0.00858656555771604,-0.760980907011034
0.102901444617897,-0.617400284970635
0.0812011162531445,-0.609751461449636
0.0730216127481846,-0.697586865001676
0.0519525454455962,-0.556415100851769
0.0739117322111633,-0.492639085242067
0.279133978862122,-0.479533759256175
0.180144854971173,-0.495822162405907
0.185978047993589,-0.512764212701454
0.174052006364848,-0.515827583024559
0.336725807905973,-0.489870861358249
0.220206649216241,-0.43571894566994
0.257677847917746,-0.455342893008374
0.320373264032955,-0.328401884360873
0.400211251665012,-0.340257752636736
0.373931264014149,-0.41699746568807
0.395036765184992,-0.395596989140811
0.445986586266395,-0.359318845512213
0.543029438226527,-0.335235765825278
0.438465321459278,-0.347760819126624
0.53369233917434,-0.317613947269804
0.549925081480871,-0.274734289815019
0.598443656570499,-0.272853634703761
0.543081740153784,-0.272364068295987
0.678827779083097,-0.239766541401089
0.613702464057982,-0.181192246549668
0.650133454137065,-0.223902043860219
0.643855167836363,-0.180751520910094
0.599774688345324,-0.0893626783161715
0.708904782733414,-0.115548908341242
0.714451098764739,-0.0811285281892138
0.71160146485347,-0.00193521269711277
0.70060919408243,-0.00497461780579933
0.719147290676062,0.0314317857940468
0.770079979852779,0.0840432043772464
0.70897351687189,0.156658184885027
0.746603700159214,0.174324502918364
0.729995777136746,0.120195792884038
0.689562890462147,0.169942976677294
0.717780085399262,0.21835022532962
0.767771226404723,0.189302121055044
0.684588040218576,0.229261509332519
0.612395705516982,0.319153197851259
0.646502871086609,0.16869817087881
0.629569648801065,0.284638222168547
0.71784350187976,0.346752604803313
0.634515032069046,0.393796040751092
0.649189496055772,0.388786764388755
0.602077329209568,0.37989676464466
0.550013281626669,0.469473997715657
0.598886281636654,0.479048493202144
0.613067226460604,0.487575615433229
0.582798895978867,0.58956243561232
0.57156331090852,0.503003578982297
0.570775641049049,0.499836375354703
0.577987821454756,0.616471611338992
0.565764843589942,0.629831325755657
0.520176747223444,0.615209144467371
0.506825683015557,0.640673577781067
0.58824600182468,0.55691148508081
0.553333581606015,0.558336022359401
0.632070871814217,0.546729745638971
0.592318150021978,0.581719621639474
0.579407208941453,0.602079009128772
0.564165235668289,0.559416404219732
0.619616205301399,0.586594366359883
0.644518617038353,0.504124315639229
0.636879724688355,0.499613659952614
0.671250423425317,0.424146966379804
0.599111764876896,0.447059925161462
0.62067225779824,0.448076938415678
0.664724234284222,0.395403604845979
0.655122381776943,0.403384914084945
0.638808932413941,0.418150621266959
0.654391680198674,0.399479795575967
0.730584421372495,0.357875527703781
0.614749956846624,0.404802698491476
0.712803194434286,0.362087207349373
0.670979174442007,0.302746859193947
0.656621098940341,0.366907508812656
0.657354213834459,0.259876285675162
0.614235545998418,0.257806232138407
0.513752944460163,0.28991103824468
0.59784631837533,0.221493429533953
0.517250537854757,0.28619562601399
0.555428714456603,0.245757702781848
0.618710745549193,0.242814523650709
0.514703122410035,0.284181592420212
0.502056982460456,0.404281172028982
0.431475444778353,0.39567841792906
0.481732971789921,0.431199403372827
0.453035868995248,0.43472769779961
0.435290232759951,0.516782550043041
0.384195091986922,0.499723675939574
0.399461963468756,0.520213458879183
0.426239534714934,0.501409222566539
0.438714675202805,0.547542180090709
0.424886907418326,0.504922164087422
0.33271929346119,0.380108545088609
0.134893741771996,0.415679670365254
0.26459322819949,0.384929820581448
0.179999400242608,0.503786425285773
0.133137482322357,0.520012436803877
0.235723375068148,0.412918571083591
0.100842368327918,0.302673711462715
0.145824736656098,0.43475924901698
0.121724239909948,0.458599495838226
0.0446082941576143,0.574015138735235
0.0642281877653082,0.651449083763442
0.00628775762002948,0.615293921158244
0.0108736636265432,0.684621847455352
-0.0557905256873428,0.650851204715083
-0.120106540112263,0.598069764189535
0.0448394476614779,0.648440071388993
-0.133905245955116,0.611181432914591
-0.183429003202119,0.680526859627803
-0.28777666075255,0.682058160744887
-0.293761492412048,0.606634241843801
-0.338734643930742,0.615090951163292
-0.381052936556833,0.606758146627549
-0.375028584578909,0.617976975315418
-0.514358635594882,0.663617030962166
-0.50873773106195,0.57251688957352
-0.531453262986647,0.705840280612539
-0.677375007718668,0.660400695199592
-0.64484873991898,0.658629156656805
-0.696468367805948,0.64993030991968
-0.69961897728521,0.621258840710905
-0.688552651877244,0.633531549704989
-0.685630706171384,0.705664963399073
-0.677679203807451,0.643522884508336
-0.661413027688728,0.680821379038964
-0.633374000217722,0.709585801893202
-0.672472406425059,0.69764643218254
-0.60838518341782,0.708520473241004
-0.626137350346295,0.739932649453279
-0.616207311152358,0.737044060450201
-0.5591402835863,0.780996640369875
-0.556150686715536,0.783764774429683
-0.555556627388027,0.781423096265128
-0.551319647206354,0.750578519483798
-0.508382082953232,0.778233159081352
-0.56251013862297,0.763933594937894
-0.460548774478568,0.754592182087613
-0.480771588417964,0.753634388788132
-0.557722815249872,0.766508290158178
-0.514507159572378,0.795521695460826
-0.49941027126648,0.794157731772358
-0.527624598187882,0.769095766671353
-0.554430791063741,0.758385501453486
-0.57862240054346,0.731456497729895
-0.604913292749686,0.708521720611855
-0.611610675889676,0.702910384187442
-0.6285681584862,0.653333035537451
-0.628077314390657,0.687231250637681
-0.61872909167449,0.686588652819653
-0.641581225952048,0.686551614435726
-0.652199709016939,0.684799890362449
-0.643039166929594,0.663589372243532
-0.692812971433724,0.59332155005566
-0.711669687165174,0.59031332123516
-0.716023741516029,0.612280126620251
-0.716049565937535,0.445675260131062
-0.76802291678322,0.463500767389194
-0.821989455633285,0.411891885680983
-0.764440424012434,0.408611269484412
-0.826643314198997,0.325516325672447
-0.798641307971885,0.357737241009767
-0.822821026438441,0.26594382884365
-0.823334783179531,0.236408124996473
-0.854233594272957,0.235278666459947
-0.907169516358431,0.161100297362282
-0.910616319912616,0.155217972339322
-0.869523180938056,0.139275727968235
-0.871302928929354,0.120355487650738
-0.868983667578817,0.0683892169151416
-0.920594743500491,0.0391980634867679
-0.869601750836085,-0.0257981462637448
-0.921025027978989,-0.0302911722041792
-0.907800653627279,-0.0563332136802513
-0.855481096643228,-0.0740614899047089
-0.9087248145139,-0.127918121136868
-0.885549953709367,-0.193925267564227
-0.896437334380358,-0.164551336837716
-0.872267071461795,-0.262477325810637
-0.875121818829802,-0.257041217091429
-0.885514317373488,-0.279808171408174
-0.873923678925686,-0.290752827587605
-0.849188580552451,-0.337440264500807
-0.86106958321551,-0.352493171492165
-0.840333649366745,-0.369904825082766
-0.831299272330558,-0.42363668614621
-0.812787845507636,-0.449327165312156
-0.753887475294911,-0.407345168215541
-0.775502328429292,-0.496033364201113
-0.781824883273098,-0.514017259143686
-0.68529190043739,-0.572525890357674
-0.654188288917955,-0.503613494134175
-0.694457986246048,-0.485354461621077
-0.576885193774486,-0.556698696703214
-0.57836586199402,-0.480520652887473
-0.58659681513363,-0.561781380253225
-0.468586206539146,-0.660960201985935
-0.44392095604764,-0.676112389700346
-0.412203184794498,-0.76785920775284
-0.304723853796306,-0.761512111610251
-0.343671388718913,-0.764205627146334
-0.30032261164634,-0.744060051521614
-0.237198158846145,-0.74432238978769
-0.273174749467236,-0.789256955118497
-0.224677492844072,-0.777218516387883
-0.166734792927944,-0.779616143933771
-0.146954186376013,-0.785478576452923
-0.144115590223159,-0.762891676690568
-0.0265133872921836,-0.722956163274376
-0.0259208993955847,-0.759166832053202
-0.0141807792017593,-0.775406157727289
0.0335730104419222,-0.73402085863303
0.0802822156979402,-0.732877141420856
0.122117259328573,-0.739185933693519
0.203233088294872,-0.713540699191265
0.178177687703535,-0.735977981885183
0.152335045847539,-0.685356814094035
0.279504641788071,-0.704022736327561
0.308514019729933,-0.632175950930298
0.292931794665645,-0.552930857243482
0.31002298468814,-0.639452548573043
0.334123027547706,-0.599506209490144
0.390878448549575,-0.626039030936098
0.460486974183352,-0.475563914352024
0.520092770776835,-0.479804138408034
0.56772946021057,-0.418549044611813
0.554784731117323,-0.341838208563008
0.555612341828766,-0.266599514589731
0.490142317930851,-0.270193883153559
0.598684351135246,-0.295304446171852
0.596884496909814,-0.246010626231951
0.60516054800492,-0.128993060681895
0.584522117834415,-0.0255025101155259
0.646015330778878,0.00960481737844601
0.622188398133467,0.0342556846885335
0.518937607959994,0.122979473750836
0.62020698397042,0.158153981602068
0.533309653629657,0.244369752651837
0.551533482249548,0.237741437768887
0.655624464604693,0.25197885199439
0.549285763208236,0.351587271158965
0.630674996886813,0.425664886538928
0.592126933223943,0.393923586477645
0.552843103078275,0.541456115261775
0.542192569220648,0.509640010782167
0.572594409095195,0.562242268333548
0.519129753777506,0.504335111947561
0.477971425023759,0.615977693331231
0.447718317128717,0.516529701196883
0.414564252616963,0.67081728088731
0.449408557475419,0.662546468663261
0.401534474997597,0.664965594709375
0.399962281761905,0.711074549164141
0.314144682695282,0.690002916778978
0.279436833910646,0.704922636648572
0.289794255610779,0.807662377822605
0.327885358675027,0.744154712854415
0.315199041718132,0.79479928188747
0.204580377184206,0.811527921000461
0.181334369416504,0.846063057386795
0.145528300742983,0.839933971323041
0.168054790054477,0.863793215548011
0.117225243216306,0.847005078406841
0.201975684887392,0.873793854198967
0.170393086608631,0.886168137019129
0.187851609017734,0.821027723431931
0.277996597078357,0.858795878752344
0.173081537736935,0.870602695046029
0.192035585380291,0.859343028976817
0.165371163658974,0.869392037294611
0.17779432356286,0.774221223273339
0.16171008151499,0.861339844422514
0.147642212181686,0.893158883511318
0.21407368201411,0.791054844332755
0.25463351017482,0.791913282205602
0.319857702289859,0.781748581215694
0.331504196093008,0.820852937450993
0.27046952670534,0.854839465180732
0.273763313642009,0.763531815688729
0.341012356898858,0.765579830295714
0.390393215297631,0.739168516238587
0.384044037056404,0.712206705297029
0.459299151153058,0.685674277041846
0.537042358116488,0.693202709818481
0.575081439296652,0.611719378452036
0.589811539576269,0.599803778086562
0.593780684662121,0.519603720464936
0.613160610471111,0.463911740138946
0.614782565485065,0.416840610117159
0.587984786115002,0.39633771529246
0.625596003219112,0.351401727554725
0.53068909183129,0.363071825247285
0.547300058557325,0.357399302353155
0.586112030480355,0.267912346609724
0.58544650803774,0.235906242335235
0.576727095603035,0.310136715439628
0.489458840080862,0.202788695345474
0.512731511302717,0.210915320201946
0.626013603293542,0.235774334987324
0.549601677929146,0.165433535711245
0.46684854985777,0.198005488559199
0.559454555928334,0.12784527367469
0.532284008181078,0.144524375584885
0.398269414327729,0.121922477429536
0.390857813269052,0.17115395324172
0.509359714839354,0.06169989182502
0.416587557054277,0.134802917521814
0.341750344561506,0.049638885309203
0.299863975123249,0.195776020740044
0.213939679225713,0.112292316493935
0.338350536248726,-0.0109512862741102
0.281353520321048,0.0399296552842774
0.158579716015145,0.0178765362419233
0.213913478099692,0.0930317153009931
0.298294756578602,0.167830134604788
0.151081920495166,-0.0537251067590963
0.267418599670369,-0.0411103497221152
0.178840349919015,0.081800680708669
0.21739529352114,0.0606371827271638
0.213454198925872,0.0220743574831392
0.103788249194212,0.0509462911234349
0.0837627740223345,0.025395115585589
0.0963042278549079,-0.0439048411727677
0.097196245127857,0.103352783083894
0.078236303336273,0.00154540248416602
0.161407334848185,0.0688786120610379
0.0841467390111907,0.00410431539417037
0.181521775887915,0.118893290621715
0.134588351490486,-0.134651888825283
0.229566737493089,-0.0515879859841127
0.277777919059694,-0.0564295171744902
0.104666326471577,-0.194318207169985
0.149872005710233,-0.0530021819532311
0.176358395251717,-0.101178372115733
0.276653139169549,0.0214067797669792
0.242419437603804,-0.0400875828098846
0.230515309755803,0.0606997351616547
0.357582627532129,0.037624613771235
0.302383311624178,0.0548004777197743
0.195496732014369,-0.0693139396566944
0.133538244443796,0.0693897222254937
0.066997023526831,0.120296770883157
0.166347633590324,0.0877959885728347
0.166966726457133,0.159164188075804
0.112448407549576,0.0142018613119752
0.184619653873521,0.0267323959336886
0.13719641698734,0.0511453070155291
0.0129010091470488,0.146795923831575
0.136444914975812,0.249996265995663
-0.0502684204867225,0.220031673446352
0.206292557976264,0.18877402367992
0.00506327563728979,0.150588031427234
0.0562547797323677,-0.0174941110581653
-0.069528495086801,0.0745056993221412
-0.00386233094093852,-0.0906855310573302
0.130618253772132,0.0828469013975482
-0.0688297695211432,0.241125727561687
-0.0687870369354043,0.0216003965611978
-0.000825526248344714,-0.0204862772132729
-0.166273307869705,0.0186063086207872
-0.0313002262247682,0.041024831307791
-0.0789404545971513,0.113135062943165
-0.197788597282582,0.170251894581678
-0.0974203878884711,0.0907620822841281
-0.0291179094914885,0.125845779765003
-0.0321673142778525,-0.00857852188094452
-0.224052506577967,0.103703090660114
-0.328157875457154,0.158943055457215
-0.202869561794365,0.0985121125086697
-0.130035165451783,-0.0601287209667992
-0.158921340576247,0.119450456993115
-0.126124444523733,-0.00967474605134839
-0.134382618414678,0.162023212925676
-0.228047343564219,0.195860102782483
-0.0271212983788808,0.196891193649755
-0.302022359138571,0.274735532418569
-0.0260518466790513,0.233281015758262
-0.110526965496948,0.190998971322992
-0.203835769828124,0.134909678183935
-0.252764590778178,0.170547762408485
-0.283772980212948,0.0319650900634031
-0.179499853470911,0.18219763329187
-0.149566365074227,0.0603654372696668
-0.217399571150865,0.126254164520805
-0.0657765606719259,0.100064131089934
-0.252682823198185,0.105645868285852
-0.361284549119281,0.245197972360871
-0.301607399359466,0.212578964222548
-0.146792715922988,0.157252649665303
-0.373794474444409,0.228949625000939
-0.344470820781882,0.159188772834693
-0.234737295898791,0.263662471107741
-0.230592601567379,0.129146709119367
-0.305382654513157,0.0826023852270973
-0.336202369644423,0.12047891018675
-0.157257027028954,0.0491220061213842
-0.274589639595109,0.159835731240591
-0.357360825254957,0.102130971593482
-0.434816358799734,0.044103155734753
-0.150026764938493,-0.110947190343599
-0.379614085295833,0.0254901199598674
-0.394292083559324,-0.0615924374414145
-0.482365558937736,-0.0779268157757343
-0.5679490687056,0.0372820313225766
-0.513154940715242,-0.119195661667372
-0.439026793462648,-0.100285806900894
-0.527234215463221,-0.0540475172731458
-0.54124815909912,-0.146559385041687
-0.626550269339442,-0.108199682892725
-0.637058456062037,-0.0166348782723305
-0.689258685284166,0.002523312441783
-0.689088930762896,-0.131796720198892
-0.682224120751634,-0.0831020042014069
-0.722333967981013,0.0155722724653305
-0.629445308580895,-0.0720664842629371
-0.802737634378766,-0.00351958415417416
-0.711808354757556,-0.0150922747048439
-0.753640749786858,0.0528388224385279
-0.756626461628362,0.0786452773256354
-0.708090204205863,0.0682646867795876
-0.8517986211359,0.0616334184657108
-0.906014830588568,0.154249555216419
-0.79217984323849,0.120596886305369
-0.753865438387407,0.21126713737879
-0.850740221327804,0.179030403132749
-0.80070889755828,0.208396730767249
-0.786875117882711,0.278852524166234
-0.786300073911906,0.332077160131908
-0.805031230935028,0.37005582288731
-0.779934953341734,0.330486340081424
-0.751312543979113,0.314671693955155
-0.722169936332476,0.294343667499439
-0.737061589977306,0.342733186470409
-0.747334068170543,0.320518341254969
-0.722904775757534,0.271839549489091
-0.734867628049754,0.327426532614548
-0.747584844395162,0.290921050918405
-0.76022379023109,0.370740439042461
-0.745903100207851,0.354213637305035
-0.771664072698352,0.284476569283996
-0.792250888663721,0.27400460669342
-0.747348225823638,0.290898667498652
-0.72100131524796,0.316350372248449
-0.696605500169129,0.226558689233627
-0.718753007358623,0.174563305397988
-0.569266697580754,0.0621166797894813
-0.637221595450711,0.162314116400378
-0.656726663924208,0.324074792235468
-0.562575742014319,0.162059669289195
-0.625251938865667,0.128714714685032
-0.592611017322642,-0.0423076228405035
-0.428860485447131,0.025028046770227
-0.654644752659766,-0.0692120078193669
-0.55542106272666,-0.0259186557326309
-0.525956964448624,-0.166733377318102
-0.528666715520826,-0.254016983614354
-0.518722376176082,-0.249590081381155
-0.454027024841842,-0.334887637113357
-0.590256963910048,-0.280124952415598
-0.532212629506614,-0.348901416201947
-0.500323614049934,-0.387360756036307
-0.562075200588624,-0.410031052207561
-0.527003522508732,-0.485412517649056
-0.553333655264184,-0.465583582423731
-0.359639817916551,-0.446962637928293
-0.35124120325673,-0.510508384664053
-0.386179054587212,-0.472456889613699
-0.293897673922425,-0.406019850210176
-0.342873016289479,-0.458442856496871
-0.168523053384166,-0.560184342992375
-0.159187047403489,-0.548874705508123
-0.0693245386557284,-0.542566983365624
-0.00876434411721951,-0.627688085311426
-0.0125641673277985,-0.565654341109009
-0.0527287508237417,-0.587483941032881
0.066679760006434,-0.492178035533244
0.150677734434949,-0.48557124816472
0.105116932320409,-0.442529892609264
0.455825705210762,-0.50594449610027
0.367799046076159,-0.613211334106476
0.52496624675471,-0.45068257865615
0.48166821043333,-0.372591656264801
0.52947892342236,-0.350906785125992
0.660701925149168,-0.268046474573193
0.733683744568195,-0.329858590743563
0.682128508786771,-0.192027813004659
0.648142469201719,-0.144957410981771
0.679162140756829,-0.212855822395824
0.62862758951945,-0.191582606957044
0.722856600364084,-0.212322813733464
0.69359814861358,-0.117150726025816
0.820229910811428,-0.0321979923711393
0.859735744799195,-0.0792277792660295
0.811955181177632,-0.108571602181515
0.797205342545523,-0.0712839812713641
0.836821637463037,-0.00473351040877947
0.878352111505941,-0.0328282034415739
0.874133168859602,-0.0528294580380759
0.858457528065516,-0.10818046831427
0.85183205653628,-0.0936662065937714
0.895272276730042,-0.0662396828081762
0.880399268264362,-0.139796038775545
0.726854899868062,-0.162855306972395
0.818348148290491,-0.188025037272919
0.865461480796735,-0.226233592615328
0.883491741965516,-0.251502237484224
0.777658985895374,-0.159595591539919
0.717818547658176,-0.30198740183255
0.773633478141987,-0.423521343919916
0.67944004212576,-0.357886691974174
0.67334410367302,-0.35101557839068
0.764539315470026,-0.277910352724311
0.825478374765593,-0.384972943232045
0.768745546518533,-0.413974565439487
0.796168625235099,-0.424031200186717
0.792607369330415,-0.434109686958077
0.778722182221066,-0.367824588634391
0.76653359384621,-0.374207929293645
0.785706618662262,-0.383809556488685
0.70062430336202,-0.54166941717001
0.667037157715843,-0.48784906565588
0.724187488854075,-0.448343856067688
0.752555119935247,-0.528818280663269
0.670009576571836,-0.593073845116493
0.694222168871035,-0.61378977499752
0.642805157974245,-0.62404402987623
0.56620593074676,-0.626480899174148
0.570019616718407,-0.609977476158008
0.64094474774642,-0.62411470684939
0.537763054256307,-0.671834112320688
0.563666681168373,-0.723518012371926
0.592868768935407,-0.711455717817609
0.590412954266547,-0.7159481779947
0.527660388591825,-0.68994243978568
0.507990229193462,-0.77528245189022
0.435368427907022,-0.808317727645397
0.384721985857924,-0.77292204262675
0.491475177321065,-0.718714851419576
0.510920178141598,-0.733201412353179
0.442539837767081,-0.764601826778362
0.444372626479293,-0.794949307193443
0.450164362297425,-0.829767107189209
0.430469451828265,-0.818947496780141
0.389379583943423,-0.831302893110471
0.340546133326491,-0.835257825529628
0.354354629026471,-0.843471286787136
0.331201712937481,-0.828798092586009
0.296825964810651,-0.843912214581105
0.22849595692218,-0.851760360846354
0.198593823983941,-0.831178772989853
0.196683012232573,-0.86926896128973
0.171833240752942,-0.809802203087703
0.104858864237131,-0.925681127661754
0.100388924357106,-0.934098387516601
0.09920427220468,-0.939131535582498
0.0837248181967376,-0.849563012598651
0.0667325635422424,-0.902025588707901
0.0946880601452436,-0.87566413780165
0.0829422716365466,-0.893270107979923
0.0926290771774208,-0.877389260586605
0.0572565845916298,-0.885767801770429
0.0370343495327384,-0.884762477361467
-0.00169292927707491,-0.868811429715946
0.0274811864509344,-0.86473722260349
-0.0165629938771134,-0.865804955865263
-0.0391543456459438,-0.855437527923645
-0.0317530634426736,-0.852242679839049
-0.116268453517542,-0.847451659311587
-0.134172866018127,-0.833650574356634
-0.115789691352717,-0.819149791596536
-0.157774819594539,-0.794347013290982
-0.16950588353556,-0.835122751171637
-0.211076887688388,-0.786002018530635
-0.190866276677924,-0.769013829294422
-0.291322748992444,-0.741336684773331
-0.240389201139359,-0.785533333823682
-0.291045053560816,-0.780239523767498
-0.340116202372242,-0.777402496931951
-0.373453443549671,-0.770235510607246
-0.361536360342924,-0.716537343560639
-0.430887977262151,-0.764652576162691
-0.476220818494728,-0.660665497099847
-0.539229718709151,-0.69787310884601
-0.577315279815771,-0.628627928139941
-0.594451411959889,-0.655134292200634
-0.615727184934891,-0.607547188044853
-0.602182269102104,-0.556095080605914
-0.664417883269608,-0.507562190181265
-0.679065680038682,-0.51839420381234
-0.710018665635944,-0.501375806328681
-0.681690965720037,-0.436150028812405
-0.712738001226138,-0.418835291938571
-0.753981453636796,-0.416171331984203
-0.709582618513561,-0.385014927130785
-0.717477395032466,-0.391493857665109
-0.728093016583297,-0.349497230169922
-0.73174654442119,-0.276840860838199
-0.756214600358774,-0.285298132418543
-0.772121876438072,-0.251567863351971
-0.762909518026491,-0.157273470957314
-0.761081317974035,-0.185234074942776
-0.816557822998809,-0.135695026798344
-0.776473422273578,-0.133102645448153
-0.817110395548326,-0.0624160051510714
-0.814931607607664,-0.0713656201074671
-0.786827923066577,0.00689824464293175
-0.843210798140074,0.0174805092251365
-0.820634887319197,0.0302721670881233
-0.824420162186771,-0.0032206383152944
-0.812833053816046,0.106585419021474
-0.784645161849326,0.0669228765428688
-0.835434569863204,0.100683797537599
-0.812769390494856,0.127304038889309
-0.786793236832509,0.124986526730037
-0.808459062656292,0.179722621752442
-0.759336618741459,0.171046996805534
-0.755861271616236,0.116962001969474
-0.775790538502027,0.165281286801235
-0.674479776646499,0.178256607619742
-0.763469660908206,0.186364044885187
-0.685166893874675,0.266429699868013
-0.684036901917969,0.251612634641793
-0.638562278424507,0.272198527326961
-0.639890501293336,0.279980406307132
-0.647040342984886,0.328015926480487
-0.544907482856586,0.259591273001909
-0.670475153818988,0.275760763981413
-0.59131220250312,0.325718811300009
-0.514104175723373,0.220937036747101
-0.592290413677848,0.231154152367693
-0.56698182970822,0.284145174002961
-0.562748189915127,0.162344165240202
-0.483466301520329,0.163552825718255
-0.538619137352257,0.148508106205451
-0.44330865581412,0.14166757444438
-0.502379984730288,0.0540986795183853
-0.385777518433787,0.0748984466296505
-0.411822032217276,0.10179800082434
-0.432887198121903,0.1244107313984
-0.355413880026947,-0.0786637144173438
-0.448790388375092,-0.119026534376145
-0.332567414930012,-0.163046278815245
-0.433725554403494,-0.122548566447792
-0.261994018168892,-0.135213642657703
-0.379340904647215,-0.194969463542976
-0.308093547058223,-0.230517800939441
-0.346177402896693,-0.33277300831832
-0.276744546291186,-0.322526465188833
-0.254471926413561,-0.334540831460141
-0.264430283602604,-0.40664440252389
-0.197758981037534,-0.46756936473405
-0.204489659371529,-0.445710722942044
-0.121314064950586,-0.469369683280018
-0.00160713266337406,-0.446701364845859
-0.11204143589216,-0.542110173491282
-0.0709684730707357,-0.562561573784769
0.00213098131678784,-0.50069109541824
-0.0168207569041891,-0.574768255941241
0.00369595032351973,-0.57338025147728
0.0367632729245427,-0.553921919439219
0.0339423339247821,-0.594114878989275
0.112448630083621,-0.556495493013923
0.148384297138844,-0.553501726864309
0.162235858742964,-0.52200841679241
0.202228162483159,-0.502378478254793
0.177962588039695,-0.59136898347324
0.314695805469323,-0.469457951059749
0.336597811890145,-0.394886724726878
0.412179865845967,-0.416994281840687
0.438204821846465,-0.33504851407679
0.398860151217109,-0.307673008998625
0.462103690299899,-0.328867881880665
0.441426741453367,-0.277888009276506
0.519019959919899,-0.248331638266481
0.509602769766265,-0.159492314387383
0.570733423271554,-0.129638510636073
0.590296576378309,-0.164301200711773
0.67088013855341,-0.164066093313253
0.650380497165647,-0.146050622546763
0.636203187447586,-0.0912170290826696
0.646415196415794,-0.0883541981464955
0.684854472127926,-0.126392754727089
0.649888302912824,-0.117001453808783
0.670136494103905,-0.112987984325919
0.705328159143937,-0.135352936868455
0.659675542777208,-0.135808690333458
0.75262133219905,-0.0542277327343594
0.736049085128019,-0.0477249537197047
0.720448701523138,-0.0262444393477147
0.762407726539194,-0.0173327985621416
0.788511063176337,-0.000452685737844617
0.825333323641053,-0.0369463990435514
0.836174587382056,-0.00725979935933244
0.784169163171355,0.038712491240507
0.872032448196105,0.0259293936065702
0.877907609766668,0.0373755036677878
0.905028749618956,-0.00672206133838841
0.82299110879391,0.05479263681839
0.881184525842977,0.0563206339248713
0.856556456852076,0.0832717955056723
0.810162371233112,0.137082252752369
0.857154860663081,0.0909596850901204
0.78922530799031,0.139323525509918
0.795752914576418,0.199118491833805
0.807659018365815,0.233921609207087
0.736325698154613,0.323290822497985
0.757768106393936,0.315027179708906
0.711225053740876,0.356631988134124
0.693520109891035,0.362709453666062
0.646823953113384,0.403772361797519
0.703784960086832,0.408932215016541
0.639737617633273,0.3892844233035
0.580154201644838,0.488174605746673
0.600648491522981,0.405066348236153
0.628429381039501,0.474844777660352
0.586246845437085,0.500937304913791
0.549491944448644,0.520465552892785
0.531566474887909,0.574135661803784
0.606498873892116,0.562314084317465
0.512198058835891,0.614951924564464
0.52284860720037,0.664487566378774
0.547165209629404,0.649990053727874
0.455485599838653,0.634840366191773
0.460236502229292,0.573237086376504
0.456644269109607,0.632901529331559
0.412499564226131,0.67395244777606
0.440637860807881,0.71095283631793
0.393827353595045,0.731963136624224
0.366375880770738,0.566922851934521
0.395553687910499,0.66289182163301
0.355412857912171,0.594232242005667
0.354974222084942,0.607124867455487
0.385552906239523,0.559344733095951
0.391350393473602,0.610989589646287
0.309113201836445,0.420578849101165
0.33101008464287,0.344084684054789
0.386760482559441,0.444075019966246
0.241982893924568,0.267869941578417
0.34592129169164,0.375733569592884
0.375939831021475,0.364420019602672
0.469145323337452,0.288952660138297
0.373834902031267,0.230221325208524
0.537924329258742,0.118274988828925
0.479923225825566,0.163703818946011
0.492924475925888,0.0910798400345666
0.505516146097126,-0.0447561568290837
0.314511343105991,-0.121208963601079
0.484304061132004,-0.174607482508444
0.541877819303144,-0.114603812709817
0.548577511076623,-0.173747105821293
0.447643704178194,-0.300473196555437
0.469578355153721,-0.310881921913624
0.412545088725092,-0.353588371750156
0.341572511086305,-0.305439515369854
0.333558667230448,-0.320282637113201
0.396399663737264,-0.431445927877325
0.250461545368476,-0.454955828711384
0.388419258398157,-0.533338148592253
0.313022993646253,-0.500559827567437
0.222797077768901,-0.44444226715804
0.243486450240723,-0.612926916380601
0.210334560195727,-0.637308004489202
0.175749254148518,-0.619497792282855
0.170011834847946,-0.641756458517806
0.128900815565696,-0.680654762111438
0.152882349892617,-0.724176557280088
0.151327044076068,-0.774300439618578
0.106950854909759,-0.729727358143882
0.0972724222220658,-0.664965474297556
-0.0533084448980449,-0.781890167671028
-0.0298733385596726,-0.809788495415947
-0.0830927890719628,-0.822079937380398
-0.0791090996775941,-0.852853192992338
-0.0979237914350759,-0.822458309299857
-0.0638622232489651,-0.837687213086447
-0.0664778416680335,-0.836017979366006
-0.156101369426502,-0.851249680063006
-0.0152918048151554,-0.844488359435276
-0.217758200331307,-0.866116404197674
-0.249701231848054,-0.846243202610175
-0.269437752009516,-0.868560703607144
-0.273125310473023,-0.873315875892657
-0.315756900427116,-0.872293666019466
-0.339858248334187,-0.857404360197369
-0.357052447186025,-0.872284298880118
-0.326641459859284,-0.900646428484646
-0.371617519934188,-0.909812485887795
-0.361145071940803,-0.906538181816831
-0.36412315767637,-0.900309144931137
-0.420551827559596,-0.883035916978173
-0.424903194421046,-0.860781008268707
-0.427397673518748,-0.871927002975411
-0.407664685240396,-0.846898839078358
-0.404111394910113,-0.864836207724407
-0.400702561145563,-0.877572001154672
-0.409109669648848,-0.849322238556871
-0.45190855866974,-0.806154742556605
-0.456665240137487,-0.83694437053782
-0.473961861902373,-0.819487600067761
-0.430159925591283,-0.809943921382673
-0.401826620250218,-0.814530689158339
-0.423420063829135,-0.831991657050378
-0.419291465046435,-0.789171603134008
-0.47459505422449,-0.804184713752448
-0.451521896921615,-0.802640133362706
-0.460489748855847,-0.742225768726145
-0.435924000761476,-0.731223361758187
-0.447036851273926,-0.759073881027578
-0.527202914567358,-0.715149648524484
-0.470826069844704,-0.729247207582249
-0.452814829257626,-0.727457965386868
-0.440648841302989,-0.724991842264406
-0.400443117043439,-0.696213702544468
-0.423666024041036,-0.78435266574654
-0.414614091393702,-0.720310235051781
-0.418047205997312,-0.715436327144446
-0.398220340627229,-0.677108027554414
-0.37031863826441,-0.630634050762976
-0.476754451654462,-0.679341464404588
-0.437522519969778,-0.641084755609322
-0.410516601282297,-0.634910992102217
-0.38632514212932,-0.585584513361044
-0.473109572952578,-0.499504875811653
-0.436105041885251,-0.496056562172473
-0.496705662491258,-0.476149365845954
-0.528374955642046,-0.491947419286943
-0.574395613886757,-0.357192046372681
-0.637153229376031,-0.347091261121904
-0.587410546533539,-0.291468010882466
-0.588174880487941,-0.339758131250447
-0.549585478399284,-0.325769249673339
-0.621912177308611,-0.261752919665862
-0.637006942168077,-0.240142742630743
-0.667778696712658,-0.20181405369487
-0.661349374610994,-0.15596940370685
-0.640711788773468,-0.116640893034617
-0.674549047570561,-0.0536154916657779
-0.662655472255501,-0.104486261156578
-0.671868352830382,-0.0150829976910822
-0.66515758728843,-0.047555145627499
-0.623405840135437,0.0897742823879932
-0.607677587796986,-0.00996673237441582
-0.675927078938436,-0.0210426481682768
-0.671953515432451,-0.0364706261863438
-0.760970910092914,0.0273954299511529
-0.768522861270772,0.038093065953601
-0.778973275726975,0.00862362521324046
-0.768858040387861,0.00621888163592155
-0.835847644528877,0.0097792955732092
-0.765741826844454,0.0136382001173633
-0.819823320897543,0.0201952205519226
-0.830106712091958,0.102178081357999
-0.830285661618791,0.0166078730734933
-0.744652035536727,0.00154661989946429
-0.843128383919409,0.0409268351626642
-0.801594330971394,0.00377225536762192
-0.794659477973008,0.099567584211896
-0.851030970275198,-0.00265860723061615
-0.885300269479328,-0.089614923565907
-0.85883982731023,-0.0264454619993918
-0.905881744573872,-0.0524146174062556
-0.914231551988894,-0.0387244691909844
-0.9135246057563,-0.0472209409279038
-0.939286142008195,-0.0746504506130563
-0.85586176003115,-0.00949871722419629
-0.911767009084017,-0.0958361593244387
-0.922655600307604,-0.126129390336091
-0.941796621740473,-0.185488102511655
-0.88930822036878,-0.158735990878724
-0.917325994398905,-0.13691673003424
-0.893663440033372,-0.136621404201809
-0.945385378309879,-0.158201653094541
-0.903700752387683,-0.193392852623345
-0.873822168033626,-0.197357551604423
-0.900768734534313,-0.191144414156526
-0.899104647276147,-0.247719114028984
-0.89272541609774,-0.142001452429665
-0.860869121648478,-0.271154255431623
-0.871685934914232,-0.256742522926554
-0.888843659051237,-0.284104401986468
-0.887215991501929,-0.244775106162739
-0.895715648617448,-0.251428214408257
-0.877631100482011,-0.280042778182435
-0.868464668449478,-0.314851676694447
-0.904828010253748,-0.269888608849742
-0.878643078909512,-0.130846887651508
-0.844768314141592,-0.0900874225232017
-0.874039474815211,-0.160531818248919
-0.83106845933612,-0.186595157861665
-0.903924487901478,-0.139148160921029
-0.920391479559959,-0.0758397509859986
-0.92758920948647,-0.0651250176680587
-0.888102750618486,-0.0697493582534657
-0.937413337088706,0.039735667975989
-0.942850221064779,0.0413974913409468
-0.935801570840947,0.051833620130445
-0.926831659600338,0.102790374775272
-0.941255668794798,0.100316692717633
-0.925833729454752,0.093802179640243
-0.895944504516598,0.124416207663681
-0.930482659568977,0.143527866993322
-0.933408887248742,0.179279002612737
-0.930189094407956,0.210484369416328
-0.945962922480911,0.197772607598875
-0.922797414134126,0.21098069632903
-0.932001054861156,0.205185128457134
-0.912769404435049,0.256131174306542
-0.925386428732807,0.189615041274038
-0.882138484662756,0.265093347045014
-0.898235525586188,0.256345474092155
-0.913217171228535,0.289271780464665
-0.916616301593707,0.290820889652277
-0.892859642732565,0.312136684419574
-0.88395404979219,0.318519798186412
-0.897826608983902,0.250554292542565
-0.871557191478012,0.296120997991106
-0.847738000750953,0.332158270544971
-0.848410703399773,0.320918872259917
-0.786839803785581,0.353071134476607
-0.790151242437875,0.390002413984801
-0.799755564915287,0.403203202812169
-0.747290389094144,0.431719517394338
-0.739609418295257,0.41889614933054
-0.745818869240593,0.480060543066689
-0.713049134879189,0.47943658120754
-0.703409024325036,0.521649119634673
-0.725194076219478,0.45877301600335
-0.671766252258901,0.585052078534274
-0.699088827597711,0.49656160888608
-0.669476838854586,0.547450797622438
-0.64281908183915,0.53046772262858
-0.60869774878035,0.544410929128842
-0.571555866721052,0.597380999307356
-0.622108737962839,0.623263910393743
-0.5819000669849,0.631851745834532
-0.596973270680639,0.632649549756258
-0.565366909110966,0.685846361641058
-0.578696776300838,0.723577619156927
-0.575204967042241,0.704727231603258
-0.547720494239198,0.717490343091853
-0.546239789646766,0.741717260648166
-0.537044574500387,0.749830732871767
-0.509572224147016,0.768529833506486
-0.548924939207581,0.768830811866987
-0.521168308728812,0.783425692768786
-0.505449769555393,0.770739161795546
-0.477566868306673,0.760737454299126
-0.453812006468129,0.763489097447834
-0.486881358264326,0.755191881022152
-0.488601829382493,0.798387710988901
-0.42654082042663,0.833703045061935
-0.452559108983198,0.800488819500253
-0.421145651916587,0.783387978433136
-0.394187467685258,0.820559545058051
-0.420995553672621,0.801352470259339
-0.433726618703793,0.813152927406819
-0.41194494743258,0.80699407929342
-0.44260551646,0.809617541185266
-0.427992087616997,0.803278143930697
-0.372877958505668,0.789042631394655
-0.393193452700467,0.780541719769281
-0.36765039440616,0.792174006887892
-0.412478032176439,0.807417784014416
-0.408616499893056,0.80785314099795
-0.40196132827977,0.803055496109977
-0.416122882116288,0.784028597010101
-0.437387212844708,0.789486365042301
-0.427726816668134,0.779428474625268
-0.422921564255584,0.785563215067462
-0.4314956127875,0.745598247515908
-0.405064654888196,0.730086962527585
-0.403972286803699,0.759516596308341
-0.422583187989281,0.758699444627735
-0.429199623219037,0.679001576623868
-0.434009015022372,0.711879732213834
-0.499558664814436,0.663796822881797
-0.437882347102366,0.584779235266014
-0.426515437666499,0.644962112240088
-0.44885270636491,0.600186048399365
-0.472558801390914,0.555387997332926
-0.547848272383253,0.614796343796674
-0.505876956729365,0.561130114397278
-0.561998795056986,0.582415806338209
-0.485301219114474,0.549903977853995
-0.500232439879201,0.529883616939489
-0.446695288683467,0.484402797574189
-0.387948671534883,0.458300723636776
-0.400029168319932,0.418001804820773
-0.447877447448332,0.510200991094251
-0.457321020629563,0.540901595769043
-0.46249676027807,0.333686202480699
-0.426738803705462,0.423400865356666
-0.493018127963511,0.386256639447934
-0.471358980149722,0.30498496602297
-0.527176534920391,0.326132886425367
-0.421883977117197,0.461624800420501
-0.33840327100396,0.338102079673128
-0.305949090114515,0.450576011258326
-0.348605681630632,0.337967970072771
-0.185477174086768,0.353788669757487
-0.547437983772386,0.510096896363284
-0.265167501428171,0.478456048776639
-0.232756084012055,0.335187594855266
-0.421271400405835,0.372523334737207
-0.288986412071093,0.46905706973696
-0.340754668214691,0.415728111468085
-0.267623996102618,0.44845001117594
-0.228274895666915,0.515462647191869
-0.17778063768056,0.452905484149298
-0.195905312675425,0.408267051279591
-0.0874466731520522,0.461683010474077
-0.181640850278945,0.437619595829798
-0.180532221207164,0.468576863896458
-0.101379766911973,0.459915022725074
0.0420258685894418,0.486146000829902
-0.0303176348201936,0.453666737508333
-0.0598334742839592,0.560614982601047
-0.0441093244110055,0.479444995815754
0.0107484214156522,0.517153332868164
0.000741503517320537,0.471324680457287
0.0496301472830736,0.409084000505301
-0.0349700902716313,0.49509049467632
0.0154612518326675,0.515332984279913
0.0550337153872016,0.403456625870632
0.0443751338811782,0.464244428342815
-0.0297233721861075,0.491059081790924
-0.0373399409381254,0.487174198924687
-0.0181626594369422,0.45666766227043
0.037581477531483,0.561842724419306
-0.0870924185270375,0.448504652306116
-0.0460585109394997,0.56291089450579
-0.0467790679613912,0.49050595783621
-0.118725515373552,0.512547824618922
-0.1148066724079,0.466006198964385
0.0567559479314387,0.3731001653157
0.00841977509257492,0.543407847301076
-0.040849579371258,0.382675883034432
-0.136646395025084,0.37809320220187
-0.0114549509212569,0.36305772249672
-0.0582985402102026,0.238630538408813
-0.0239130751703702,0.385452718225278
0.00680898242047204,0.31792669298049
-0.0704428218125322,0.416685841997853
-0.060690969284177,0.297425070448687
0.0558051857926552,0.416330363161277
-0.16877348676755,0.293795958704686
-0.0482481766974051,0.286628754437166
-0.0745425071447897,0.288435810258467
-0.0468828200036378,0.324340461550638
-0.0597942507822056,0.263998281552759
-0.101809375350009,0.256353400334658
-0.178071747236677,0.23149893163619
-0.109184451107928,0.254126462362926
-0.0305049849324278,0.219936577011873
-0.120080862224023,0.395108513447457
-0.17873435388478,0.39030134115751
-0.0410918236289514,0.467700260623599
-0.149103514338969,0.37182402910811
-0.196621220469405,0.426060238454052
-0.110851672779991,0.225342580944755
-0.0679178806489203,0.276985766915489
-0.0234218149108477,0.189533647930512
-0.0930878599678726,0.241347638886682
-0.107133467572612,0.288597318775117
-0.0867097704238341,0.0295932100776647
-0.0533608295329146,0.208832363408583
-0.1056120073622,-0.00798745881434066
-0.140992955018547,-0.0454482013153652
-0.0759809191364126,-0.0121078319640107
-0.161693944196224,-0.141221089416709
-0.0675114591630236,0.141382763739531
-0.116111823101702,0.0465479041449127
-0.152620043270493,-0.004529660373529
0.043272264350706,-0.00537713726908496
-0.0506612241192344,-0.0893057029483443
-0.0134373765915613,-0.0582157596272695
-0.15820017415951,0.0927004433196311
-0.195130939648269,-0.156579182959283
0.0013459799870134,-0.139747315180533
0.0840485002824283,-0.165972714709981
-0.32376586790288,-0.213238873815697
-0.0518727171854561,-0.174248976994837
0.0865110888004378,-0.141345502956863
0.0339221795296021,-0.196388222080032
-0.132492864166556,-0.343218209124352
-0.00250207133670741,-0.295434951290244
-0.22944959290033,-0.109607966386753
-0.0307249285976368,-0.266742748186563
-0.128152550332956,-0.249842452994369
-0.111243933034514,-0.18838563506381
-0.0170794900785413,-0.285059106904972
-0.0900878303525128,-0.206015375085645
-0.211172047702521,-0.0256716395595215
-0.252605178650714,-0.276321761389088
-0.0697869694520167,-0.114902535730036
-0.175963381212439,-0.226921072272433
-0.0708544168027697,-0.107236172932368
-0.135770005795726,-0.232404473875984
-0.109614780872823,-0.247110947042416
-0.0723380672033044,-0.282311001743564
-0.170005265753022,-0.258200608504923
-0.0985278540130984,-0.303025356643397
-0.0804027095761666,-0.198067203775478
-0.0230533824946529,-0.274834969364188
-0.0909951157424277,-0.0914600925565816
-0.106710345801733,-0.240836300958525
-0.0258137739139735,-0.293434550967288
-0.0497572630981447,-0.257417871617059
-0.114262598089366,-0.372364230315535
-0.184698049728765,-0.296149709869394
-0.0258846360094619,-0.330210993019518
-0.0761566585133195,-0.343775157528881
0.100526974157061,-0.211209955172541
0.0716678983116187,-0.431091084486986
0.00869835372641205,-0.40655946870981
-0.0196056389765285,-0.373424353904753
-0.123910283289478,-0.378630303974772
-0.170940945964194,-0.485953466339571
-0.106400789637916,-0.333872756120983
-0.0155749215118088,-0.359810601440004
-0.0649520777292468,-0.298085301144685
0.0750880652361888,-0.444159098232653
-0.100250872425445,-0.516535531552383
-0.0524811008040526,-0.424845864905107
-0.182230368182732,-0.338531798620824
-0.110746068370575,-0.530395631987115
0.0125421798577058,-0.419300438963102
-0.156684962491593,-0.537497617104244
-0.0367256861667702,-0.4625148290446
-0.120093010339475,-0.468989867364243
-0.0686184366544303,-0.488150076712282
-0.163239415037265,-0.376248198899161
0.0380547691098168,-0.281874462077685
-0.0132090668807641,-0.292071256717763
0.025529182324068,-0.241353403370697
-0.0793979602835383,-0.288302738434411
-0.0678851707933142,-0.252609081932636
-0.0437998188542764,-0.331260393570654
0.123524270786487,-0.138616623731701
0.200922040380455,-0.185981633754698
0.253624805019319,-0.176908847932838
0.213939892638198,-0.0927533753691308
0.308490758497838,-0.242470143207218
0.370024188325047,-0.273085496480459
0.350773806288096,-0.161941946088693
0.341041074339593,-0.24830122551147
0.369101428224363,-0.13918247281414
0.451974543424099,-0.0876578234519273
0.38485067476852,-0.100306037063717
0.407806052383302,0.0135153092813204
0.466438116118974,-0.0949427618693484
0.38201176796782,-0.0674073484871873
0.437889351233833,0.0242051948135652
0.485873295201166,-0.113737196324793
0.539954924931561,-0.15386060832711
0.360107070030915,-0.0242868691277421
0.364698907788529,-0.190423736249617
0.336225272561019,-0.0288859500534509
0.38485492956511,-0.0220758730295767
0.393716552515361,-0.129625749235005
0.511983641997219,0.00163182146894463
0.487670317964913,-0.0766173843279465
0.399193795872176,-0.0174743795497516
0.456221853653003,-0.0722023965061383
0.423456349058408,0.0295282496406333
0.331244115886308,0.0389809690707639
0.359932193324395,0.0358601588975831
0.291683238228359,0.0355552982444716
0.343361187648986,0.0530628424567202
0.364684791232739,0.022287171571999
0.268059628084914,0.112573848946716
0.279950844390085,0.0324651712475519
0.234674383545633,0.0470617999134607
0.13235134784612,0.021377935227335
0.105806481691008,0.0316954426920515
0.176481550992858,0.121399136223545
0.172000580163574,-0.0169135924662699
0.123871478238503,0.165085040045642
0.24608395309639,-0.024264352408742
0.123354454749742,0.0260605713203793
0.183448124487705,-0.0360700537793404
0.203935675431778,0.0430790188789758
0.134265252696906,-0.119888034499267
0.227267247743378,-0.039525342506062
-0.119378829616329,-0.160377308552669
0.140608617977276,0.0327004933259348
0.0363273349216439,-0.0527831238660184
0.0496767359643695,-0.157266818991965
0.175432037668651,-0.024904856048797
-0.0799015383278673,0.0344830092668691
0.0809103676059145,0.013962671558046
-0.12790611725513,-0.0880766873910917
-0.0463851928271249,-0.122872575786523
-0.144071019482037,-0.064484378309628
-0.0101507184621727,-0.0692136607416731
-0.0849118877135874,-0.0156790573038291
-0.104727378145229,-0.0842890257127956
-0.208949746544281,0.00950910665599905
-0.110514532288939,-0.0255718839203732
-0.110162870721062,-0.130888324306882
-0.0815802217497334,-0.0295673756693101
-0.210005995223212,-0.0907269036003622
-0.251311987190781,-0.146583419841219
-0.132671915239085,-0.0505948891558016
-0.306073074816561,-0.056884881169628
-0.226055378228656,-0.113851370249901
-0.261662773171666,-0.215653390852539
-0.184981804658868,-0.073309090734469
-0.4014688010775,-0.154935358159545
-0.248092858286393,-0.190567235648613
-0.210017438323226,-0.193584496627041
-0.323139281831533,-0.276686265001927
-0.175001624230684,-0.250241442424624
-0.26621733975147,-0.242993488579781
-0.216710727316635,-0.24848981883008
-0.284541236934297,-0.210171893239718
-0.146600931878902,-0.131958635776326
-0.159478795550917,-0.204349331843146
-0.177132526502282,-0.141765057681148
-0.237884091276015,-0.163429159620791
-0.0604477394823479,-0.14675041508315
-0.0642957234247928,-0.185984840398439
-0.0686869549225086,-0.364438667610256
-0.093541738035143,-0.451436653800361
-0.0971559122069819,-0.43876574226819
-0.0256882498338318,-0.30302585863648
-0.0278096758200365,-0.382869350953612
0.0497492406353254,-0.414354412760104
0.0629360508948435,-0.36836922892961
-0.0364238810363968,-0.312203836575235
0.080264806036637,-0.184661665066479
0.0627045746064358,-0.320734130247887
0.133407318876073,-0.23503424211621
0.0676648023401673,-0.230869907777011
0.215139364457923,-0.187376103195514
0.105434956140342,-0.0858849896197188
0.131379948015763,-0.290858943869882
0.0967544464068734,-0.165418535798886
0.0885786480055645,-0.137323065407985
0.0821694555595563,0.0153288067726489
0.174738620687213,0.00907017397614138
0.0783380689626524,-0.0688456091142648
0.142615013278602,0.0677596827681882
0.324055327790707,0.015928974038985
0.232249631368956,0.0221068149487006
0.165964876710355,-0.0293585618171398
0.165318764998476,-0.0866165543699668
0.182826566139809,0.0454743184504949
0.0801192882794337,-0.0102469867357396
0.236739405088045,-0.0235520422087792
0.228462152634599,-0.0559376176020371
0.261972093766372,-0.0926954373778503
0.337327583352898,0.0521221721039528
0.248829126330699,-0.0182861480857328
0.302888682516832,-0.0636264786269093
0.140325157174271,-0.0798425656855593
0.18977434039168,0.0697177942330863
0.341406240893506,-0.0278122708380506
0.216464792830716,-0.0575372637142972
0.307237377998548,-0.113435379004826
0.325845667548507,-0.0582925448895412
0.325684063085039,-0.012523456588435
0.221542905301045,-0.0873127686364706
0.239271620138654,-0.0770826737443242
0.296709905778226,-0.0393353632279769
0.308854938715612,-0.132684909808728
0.0953422794315257,-0.185025841235775
0.25058577784926,-0.212133392091168
0.199162100247828,-0.105566119433367
0.0411135002478222,-0.0147311636442525
0.262901578100507,-0.202701411653655
0.166299625624444,-0.0798776396504859
0.19495877518307,-0.180313343879354
0.171885065358632,-0.161846032938181
0.17669957780119,-0.137902944187939
0.257506714656105,-0.128967500525
0.271711521301782,-0.133937733184863
0.200227805293736,-0.122867861762373
0.23647260794407,-0.139454089612656
0.22566328691068,-0.131487899466535
0.328666530718714,-0.042558750990096
0.218382526732806,-0.0507353926338694
0.312271606770046,-0.175364406383433
0.234234022454838,-0.141386524998198
0.177053214495933,-0.180541025338059
0.286240481731504,-0.237651053274676
0.255742866007722,-0.1358641837505
0.45748177814672,-0.159115156187796
0.406621635622773,-0.186807103935291
0.368349155094518,-0.134861193590967
0.316838999950204,-0.231408707649799
0.426388229412054,-0.292108985964541
0.308385090567268,-0.0297025840305957
0.460105915726632,-0.333368349406547
0.469539640783584,-0.180197471619699
0.584873411841951,-0.201387744637487
0.544033632289838,-0.153899282834737
0.592023559889925,-0.117582776046449
0.605728815885141,-0.113883433646147
0.575673785234362,-0.0762382861417407
0.661210514938943,-0.0409706481777304
0.692490998514027,-0.0659881000734115
0.578082573006222,0.0496890520332358
0.674780185060992,0.115517957959744
0.678116790223229,0.052637510132028
0.621313395184391,0.227665946782907
0.72815260156088,0.152992139202236
0.689351351350614,0.215928356489916
0.726717241631215,0.217075966320869
0.677283220635188,0.270793537016391
0.744384222743863,0.206864760843051
0.740583836605845,0.31108596718618
0.757971635254718,0.383056543542588
0.790887332658741,0.368667906393416
0.735349502693363,0.406815964084691
0.790859328952785,0.429534056115699
0.738133562083361,0.473208208801405
0.713303980649087,0.46636700733401
0.764678691632934,0.480252165117878
0.681240476439128,0.472310682331036
0.704436123921212,0.474852727994594
0.627930124869931,0.542792614183971
0.67310690423984,0.572217350556343
0.55884944372767,0.57241338132195
0.610760412778499,0.598892362527519
0.583097189280823,0.639487731513922
0.550678009449411,0.651401137391255
0.54515534912762,0.644688141511285
0.617471396029294,0.615810489584492
0.505543480663087,0.574427545955063
0.530580113307082,0.607587611166302
0.529694283218951,0.644534333330965
0.562842290536253,0.605171560810608
0.541021996243621,0.626344836345966
0.526141016726655,0.618822180776142
0.499460485510616,0.589644833803666
0.501670791851605,0.624088502146795
0.556142415258723,0.604777109190967
0.50866820734435,0.624985224574949
0.494279575283824,0.656450256514822
0.586708745521799,0.606501007094588
0.497144543145055,0.609094157878798
0.556485071585331,0.612877886851744
0.549739884591731,0.555036352353742
0.53228606481404,0.607116710697156
0.596950967940047,0.555781467993448
0.586232502914851,0.500548527993216
0.617661641571221,0.557595785885008
0.5626927329417,0.505918901626478
0.586021285839746,0.493701821512273
0.635114190600275,0.335691031575471
0.638741733634554,0.336151391653947
0.665346758636168,0.363592636430515
0.741329465805196,0.287476482470969
0.734501650564019,0.287884728073187
0.776520015043604,0.255945114782737
0.796729879441792,0.102071177362855
0.834305103930059,-0.00235703375444759
0.765059842979386,-0.0273877597073088
0.777567738108988,-0.0726993005917195
0.767615546040667,-0.188753029466954
0.758832354732237,-0.222786513649681
0.718175574692308,-0.256289050921794
0.759332547756067,-0.30272560685804
0.706000944148246,-0.330818715146542
0.662445535519265,-0.316794484341348
0.690115741255599,-0.38195392697822
0.619940360825119,-0.415701116914813
0.67092175817299,-0.494405185435632
0.601286600612335,-0.609317474667509
0.614422431664432,-0.566252455799041
0.572997508284725,-0.561773569920784
0.605085470955598,-0.654972659643495
0.486400376403169,-0.617442286500689
0.511257072848342,-0.737774811854791
0.429193232145376,-0.674124189284782
0.479609818777386,-0.715883485445633
0.346725245986452,-0.735677593197534
0.360968024389361,-0.770014892968035
0.339040784100046,-0.827387056372026
0.282828174137773,-0.844842647161386
0.215609701198064,-0.83933087696574
0.274589030822747,-0.790976551526599
0.222659464773441,-0.808836963770375
0.238595563469497,-0.821534225105438
0.141910552121464,-0.754108077919612
0.1830393830661,-0.872688911523212
0.156277355015809,-0.82572215276165
0.165059021748201,-0.833976564172911
0.0965283516538743,-0.85349887403281
0.0497234348995515,-0.848032700201328
0.0649724252315204,-0.842478958372507
-0.0117744636250485,-0.851437394606612
0.0105950070561824,-0.859207561174842
8.61119121904844e-05,-0.800323640293998
-0.0388421852628372,-0.777756109700642
-0.0915873824385403,-0.822953660261334
-0.103669939645041,-0.886848407914668
-0.200461760305497,-0.847152463175198
-0.208556173942909,-0.816137216074906
-0.30461177680359,-0.784992167956951
-0.330565526653785,-0.754063133282027
-0.361840581010011,-0.737348915954619
-0.399895704799253,-0.685997008562445
-0.439778918900516,-0.733479881722241
-0.512405813056237,-0.627210132339289
-0.53602717682051,-0.62581659335513
-0.605407525620912,-0.582585516953412
-0.639265836256333,-0.556785577464862
-0.763988185023447,-0.510381881385941
-0.726786254389378,-0.448190301184749
-0.749530591536188,-0.406905373768485
-0.814075560883639,-0.357820305598616
-0.777775454770319,-0.301796462088393
-0.860027462108552,-0.303857169755046
-0.863610440523243,-0.2845545418265
-0.874265713617846,-0.294005927011645
-0.851560026923322,-0.234040781480312
-0.871501556102258,-0.213552556420406
-0.920230612322241,-0.213314772755905
-0.879694978887564,-0.211925647042123
-0.925243339976693,-0.166056572267226
-0.918036961534477,-0.16435170466085
-0.925187292604064,-0.184662820537925
-0.911561167371634,-0.173218672514366
-0.882775054824597,-0.151202079733755
-0.882912564677593,-0.173768249458404
-0.925494056825486,-0.184698601499745
-0.927568126154168,-0.149244174152878
-0.898312768515921,-0.221186257344102
-0.927703904438525,-0.201719428537602
-0.92475915917741,-0.221875840205911
-0.859514013460271,-0.251256694739204
-0.895475819920822,-0.249940136418268
-0.841167871435725,-0.350792077470928
-0.823846307252778,-0.323537241294545
-0.80350860152679,-0.448531806944401
-0.783962700011751,-0.406721254865742
-0.758063654955519,-0.475319592600152
-0.728333090178337,-0.476300787046558
-0.727511875604302,-0.522526995328648
-0.719899337748015,-0.546420939902071
-0.685845429751997,-0.550125312748374
-0.692179433880453,-0.578168390046698
-0.675905906652111,-0.611949363450523
-0.601685385298592,-0.653571043650854
-0.558921169534111,-0.692370809064988
-0.613151103528035,-0.661244300363111
-0.514655386814447,-0.679884920246889
-0.524077383413844,-0.659302701636025
-0.4935303827074,-0.546561006164566
-0.354609283472958,-0.651552391061417
-0.373141306755384,-0.607968412500203
-0.254405812426132,-0.562944852874113
-0.198028146184127,-0.686302551009783
-0.161051523100929,-0.640369140360581
-0.170244707822623,-0.666403838280385
-0.052420178408991,-0.623340101048504
0.0715038281168167,-0.594939062758919
-0.0174909864911875,-0.528733026630565
0.137368905716214,-0.631817964040248
0.192566003319251,-0.56360516015686
0.109967828841772,-0.586061123225572
0.275575148698385,-0.529804624107117
0.259809004668061,-0.575792757122816
0.354551484762322,-0.558473242479527
0.271264416181962,-0.42034201755402
0.294317469844086,-0.39060722159806
0.47495436252484,-0.45274484948535
0.541899268610945,-0.439627966879998
0.539943627849926,-0.389569151019714
0.591118400774716,-0.351081239677194
0.599795330031741,-0.394935764304667
0.7124356108065,-0.30080206784492
0.650380876112203,-0.239093212485963
0.715414219396523,-0.223600689283591
0.712103797738676,-0.291863087879738
0.729753699262366,-0.287847295185388
0.782349399720495,-0.238926097676593
0.741772832908033,-0.219659226022611
0.742003082253661,-0.253890287943432
0.738157126811984,-0.295942400261058
0.792724246130905,-0.244318367636237
0.761906541423883,-0.271107324541104
0.769324135665825,-0.347515038554291
0.77854829672427,-0.282641199100155
0.763848088960773,-0.34827442474942
0.81416916661802,-0.295248719291521
0.777825692608514,-0.325936074342506
0.783824722379739,-0.343590287810762
0.786006454847282,-0.312667761850954
0.779562731662583,-0.356240695085859
0.782657601771273,-0.329732950171752
0.83588240041721,-0.401645386509483
0.708541774061235,-0.401886001705227
0.744358860156583,-0.394333823683417
0.740737710001737,-0.500859819960169
0.76712932208142,-0.503814238500999
0.737010430448013,-0.461015797408066
0.67155440039724,-0.51671423680453
0.670134754459773,-0.516090836967404
0.690141364881382,-0.559502179321513
0.632924039374336,-0.560218428790291
0.645688254738369,-0.498673109040384
0.624467687394492,-0.583089532992015
0.631012984731596,-0.565670461050947
0.599431338277598,-0.611923010427478
0.5629215387042,-0.594442091807136
0.586584824781128,-0.616703147348743
0.596939872658124,-0.541085135081331
0.545077271881048,-0.556057264728875
0.600678360455455,-0.567774557813331
0.575675049563635,-0.508019149889577
0.59414133005228,-0.436860401890237
0.564206836259056,-0.410698377693213
0.554763318937697,-0.360774553504379
0.622707572191984,-0.385292574029831
0.63607080507388,-0.308150637461652
0.623421143036049,-0.308001848800325
0.585305649539111,-0.26362004348951
0.662376894062062,-0.223142994434991
0.610202519608599,-0.215242081525875
0.583090902277376,-0.145505323913195
0.673689732450238,-0.0246172068289272
0.645123488040917,0.0120109748609104
0.67768158883383,0.138248592517905
0.726947998391304,0.129839268071691
0.780730830442335,0.162847346836177
0.698317622816078,0.264408970455286
0.772044605075646,0.262972241588496
0.756840821380455,0.298774224145311
0.739870531304604,0.351821501968406
0.694214032732409,0.433135442688005
0.642615675663088,0.490047973590614
0.635204833671847,0.523522807497732
0.607208599245056,0.541712638739349
0.602834128193029,0.512070895406169
0.588844778033277,0.523983088295998
0.481381960185774,0.55041072699456
0.477021155783798,0.5974698660333
0.310248566554515,0.630278567237404
0.366608910193431,0.608695735660657
0.279384696538399,0.639598115577427
0.287080296136681,0.566835891844042
0.237425017635071,0.58066581621085
0.126730508627856,0.47472341164631
0.0898050685405912,0.482930130492098
0.0233081020079218,0.53656657866868
-0.0433629372295626,0.345957462250421
-0.0702720713997168,0.44341367937727
-0.0121406409512235,0.340873768229905
-0.10781291431045,0.355987610644036
-0.184484985062562,0.434223154448364
-0.221074818779974,0.329023697615904
-0.359144890243792,0.306879188330887
-0.253354660088714,0.292719728643261
-0.290951512852904,0.278163853045623
-0.36253274534488,0.110826573520948
-0.361727030140426,0.195997751251566
-0.423985690872502,0.206926834795463
-0.346960167568189,0.14382560674252
-0.427770558679307,0.0547814590650258
-0.450111483241233,0.0507288594384291
-0.403041051460922,0.00959745934620619
-0.410488538932331,-0.0812647499509063
-0.365528503862747,-0.0988949519502315
-0.451232130721353,-0.175906680127854
-0.433916686161065,-0.143204394377173
-0.488479472499204,-0.219404769529228
-0.467067131709197,-0.216249441562123
-0.51688062868417,-0.193977584089171
-0.512401402840453,-0.285045402285141
-0.504949434496916,-0.218792935850796
-0.513857482645,-0.296310251145926
-0.469124806426632,-0.290676500691009
-0.331392377790952,-0.348592868686883
-0.442406104390179,-0.299129406333163
-0.386079739846651,-0.414441511547601
-0.422449821097344,-0.288609964456761
-0.36794854769598,-0.405902763477911
-0.390242921209809,-0.420470108966051
-0.366971718203218,-0.408201222539297
-0.349802846727387,-0.432354410703456
-0.228633675238449,-0.426171381893386
-0.258352621297999,-0.466199105570229
-0.19147667618959,-0.459617045188302
-0.175565538479864,-0.513692197571462
-0.190067741365701,-0.467328499900783
-0.138015416581796,-0.539144124672854
-0.116741087763259,-0.608895614544737
-0.13512847235861,-0.612997116977497
-0.00371655839802813,-0.533817501447633
0.016911217155603,-0.525801185951291
-0.0924458458562953,-0.558012216230399
-0.0756974353268004,-0.532455822082128
-0.12067617785221,-0.576602496858656
-0.0919154378510878,-0.521395318582813
-0.0631874877263933,-0.541807193353736
-0.140534447353637,-0.555295424575451
-0.0749993463051077,-0.616317879187882
-0.0641398337547811,-0.532235462164622
-0.0684757028718885,-0.61606306533539
-0.110950668745337,-0.563537297097677
0.0571590798102138,-0.52778213334505
-0.00461280672341105,-0.497249359371818
-0.0796974500360093,-0.628908256002134
-0.00851847860982996,-0.615217760965805
0.0323172152579378,-0.663139676476762
0.0662440647367519,-0.610906568198571
0.0547745345817285,-0.722073731805397
0.109126738177717,-0.642336227251773
0.226639327437747,-0.689166662761841
0.195326875830216,-0.652710043101284
0.263313642595557,-0.767767957946802
0.155499388178977,-0.656188004781346
0.227792535277907,-0.676067161248936
0.241749104234516,-0.738606911165682
0.250376346179345,-0.622542620881641
0.275397724203795,-0.673774037701868
0.255229599746336,-0.631098586553269
0.321860746700121,-0.695042630419876
0.252017216102961,-0.593154696906303
0.24685235775029,-0.612841805005352
0.335797122507821,-0.580293735093577
0.330877551169633,-0.528257395908673
0.332714585174779,-0.531159252871813
0.343639488706079,-0.519309598667077
0.407857609331914,-0.453583961979145
0.312013860648043,-0.481299125108959
0.3679402088472,-0.516068581198432
0.503985690812434,-0.452084240260614
0.514170029651241,-0.378302155898689
0.390754712714347,-0.393511412034158
0.447673083218656,-0.318547202318255
0.466154880762932,-0.340831620113501
0.485768694557926,-0.275115449499691
0.556489431643657,-0.318123771663457
0.486855322414426,-0.225642231212421
0.543860741879127,-0.313722108115228
0.578429234973292,-0.223012782233496
0.420191352764439,-0.207144164084361
0.353277187668695,-0.166266212720876
0.540007288084113,-0.15954868903947
0.522501123486113,-0.062236161104124
0.469059159269993,-0.085968107240007
0.513419831913402,-0.230656112908682
0.405369388427471,-0.0286370934152017
0.527353891596858,-0.0329910201457096
0.512645444639041,-0.104982672784492
0.358677683899713,-0.073408624058824
0.493421627179675,-0.0947817916733734
0.463436308139251,-0.0178166062164279
0.422350323973358,0.00149008447711466
0.449078715137334,0.0170852645478717
0.387411919266295,0.0449951530447011
0.430777002747227,0.0266664657272154
0.411867135349322,0.0746799986749255
0.461775299712101,0.11851436137885
0.353127956621828,0.154969560827255
0.435717572216499,0.159669615561022
0.359088950931697,0.167098278175638
0.365223799034541,0.161119031808045
0.335201353617286,0.184786738647058
0.305216557098089,0.161864401597638
0.259140172355971,0.249812706632317
0.25070868838151,0.252913723758708
0.318592027749756,0.139675343223091
0.379898551830029,0.206798011337274
0.25925097988286,0.261600300976838
0.398528609907099,0.381334240572245
0.328770663703619,0.245879959864656
0.455791416573237,0.249381427075847
0.459050474060409,0.31304871787976
0.498279775679461,0.381073425858008
0.473909357464426,0.265581886624958
0.423561562645053,0.261429142017286
0.546055790961566,0.437650851786969
0.527112043329051,0.321541481151301
0.488249686278813,0.34243467042259
0.625018563152631,0.237639665666948
0.658498077256378,0.341087848525915
0.621582420512554,0.288868664192095
0.517530118493998,0.352532241945827
0.694526298568752,0.32536761109799
0.685453721810915,0.356528794871197
0.722873563578973,0.331571512743393
0.704206586631785,0.330474277175766
0.707138628632841,0.376860269956459
0.786409874411314,0.381291259479469
0.704813499668395,0.314079519234438
0.809266914163916,0.421081048218365
0.795769365973265,0.348583875821192
0.845312125291105,0.33381899293738
0.821507570093977,0.397609525691306
0.864239491502028,0.308916907930015
0.830217066912544,0.34944711832961
0.858576922478153,0.336718867889021
0.877140071025436,0.374074574285819
0.865906715513816,0.303249743226114
0.868560329463863,0.313237287841998
0.897205984441081,0.328942697397502
0.877117573436026,0.328615969536105
0.876037991276422,0.348275564922882
0.834022494806834,0.366417373145328
0.850261108323769,0.375647421813631
0.783639306517102,0.374819633016565
0.786118337664134,0.383172878640499
0.775054815450251,0.432395896587308
0.789718523768182,0.423886565091939
0.7555158033549,0.460910978907226
0.753759876091474,0.47900134853786
0.689713485607651,0.531517032804921
0.685243825498838,0.554067601053851
0.6737955244518,0.578859009416061
0.613307607963189,0.558169670203411
0.58653506470069,0.645731955534904
0.554928602223376,0.63788466442811
0.481795219292567,0.610542398167539
0.468093987876274,0.64611593078784
0.380782891411526,0.715805147768723
0.367969821327468,0.755090722613625
0.42138572703457,0.746013740794161
0.418498207067721,0.72816074709715
0.37922456823807,0.713356700632586
0.399739485292687,0.710766557603308
0.3221838560669,0.775424510506384
0.373894155915099,0.783606737966193
0.31632325365667,0.797789696879204
0.31080023494084,0.797987013634665
0.317619869309192,0.75755004225972
0.375925177546131,0.780436438062906
0.414873674958662,0.775303897380903
0.438483446910958,0.769731024682033
0.419383479062645,0.794235977054959
0.431500297805923,0.741679537809788
0.438597834882799,0.799756026233144
0.398596329086243,0.832039617718354
0.398912012219864,0.812185973152436
0.386527408752517,0.788338659455788
0.351777622758676,0.821533187990498
0.357986363780599,0.813095302055954
0.294594726775598,0.794600642292218
0.329211845515829,0.781509623881034
0.320279149431689,0.816472882116766
0.256027335401859,0.790106758242154
0.3430127512812,0.765707757767132
0.261064351897019,0.795723444082179
0.29621996264591,0.774215821102793
0.241771299297469,0.833312686266954
0.236682680880187,0.844194230919798
0.150191574695798,0.846063282445172
0.131760488870573,0.842059513861534
0.158682918691542,0.800778371960599
0.0374903738777545,0.80378420159766
-0.0374760984986432,0.804047123141104
-0.0205571070629781,0.827692731760844
-0.0615481003096223,0.864257781224198
-0.0770016536604266,0.780412666982751
-0.1380203477536,0.775915412881063
-0.162287651313032,0.807076384732144
-0.234242179191042,0.811911735349026
-0.234747021843888,0.825966134628022
-0.304165743599989,0.757145920875835
-0.318302216410784,0.703747214835731
-0.343914706993802,0.670485937254548
-0.418706250666493,0.661833817619599
-0.482815422208918,0.578919247602621
-0.483211239417822,0.461800963828766
-0.502526558196337,0.465646488774476
-0.558881898329313,0.316073008971863
-0.562072742317183,0.298406129369112
-0.554868195657347,0.171757632565314
-0.570420315692704,0.127369179019436
-0.558765869940082,0.0825803558897388
-0.5735284600682,-0.0262131334075805
-0.545124357771552,-0.0746474696291693
-0.572464712463787,-0.115536952746173
-0.46132526384486,-0.212576101563039
-0.581575515346461,-0.320879080918147
-0.537606395359862,-0.398285256935396
-0.535830341771207,-0.456437568259562
-0.445703772433349,-0.516623324957447
-0.468699496934524,-0.489603410517062
-0.373781665130055,-0.54192087851904
-0.278340699305203,-0.619300060800818
-0.237577227067725,-0.627197095683805
-0.170270565836717,-0.652361445338316
-0.0986968980787107,-0.619302391811705
-0.0882069192785123,-0.655263681014704
-0.0716137004282217,-0.675854985423583
0.0980467227239522,-0.625918204480564
0.087961657942986,-0.589448005800158
0.240764542581565,-0.504876866887427
0.26342766435075,-0.52339750029056
0.256832013142909,-0.608481850963158
0.442357695484773,-0.555731668275397
0.320501285834153,-0.508107068411299
0.316799781450503,-0.518492858335843
0.422744220428273,-0.538870319002544
0.500432326502934,-0.536932915805
0.505314637146938,-0.508508854331135
0.514671719176995,-0.407491297537457
0.476974613571368,-0.438544958310931
0.598260395407733,-0.443810996341547
0.56051608047651,-0.474385559148733
0.612694620079012,-0.295958901922621
0.563071575018672,-0.371879684845727
0.560314621291173,-0.281844102066578
0.574473608737997,-0.302862145518709
0.51282558179963,-0.252210209201481
0.41201134758449,-0.275948682765172
0.473605846467964,-0.307508207137606
0.482823404153529,-0.330828360183255
0.511054337684305,-0.348397504028999
0.506730375568012,-0.34667628110409
0.484974422166056,-0.346276414710766
0.526418440792601,-0.375841341700163
0.485689012230466,-0.329012708483872
0.547110220597888,-0.382327435945815
0.426385688145344,-0.270308278989103
0.406652710000384,-0.322376854240344
0.481103048615603,-0.260880246104648
0.381442923570154,-0.292102020444185
0.481809766202856,-0.262284174199826
0.432796168163676,-0.407487145461048
0.453571519096088,-0.359335799437078
0.531938738849918,-0.364202674806664
0.481972811696427,-0.440375858767091
0.436883090881073,-0.319740566845444
0.504220763581686,-0.357993768607972
0.381052109722293,-0.360035025504837
0.4767571150775,-0.393486071270753
0.549779739741119,-0.328319207679679
0.481872417081326,-0.309234475062189
0.483975178765158,-0.278476785775245
0.319189716127131,-0.254596168319895
0.246517198101455,-0.272740908364019
0.441462506752041,-0.269546963070524
0.415870376211238,-0.306382766289948
0.429207607430202,-0.31344598326474
0.392937039576126,-0.284745539111756
0.312607768201192,-0.17430547457513
0.369699423205143,-0.286929143883141
0.316464591233991,-0.339139078488229
0.339578359052879,-0.269174995679612
0.301141342434937,-0.315835842252137
0.260754068227313,-0.201695535565985
0.26590372150372,-0.291382307280223
0.44950789158012,-0.284748352640244
0.223641664818318,-0.198138756983759
0.441017932727579,-0.270166824954881
0.351283788885691,-0.280815691707366
0.221441252955067,-0.356297194246992
0.222909765682836,-0.35915421071761
0.158999957900233,-0.364301668630061
0.184668514192561,-0.396726161829202
0.216581857365744,-0.408059083818148
0.174207790377462,-0.368709003855392
0.13941380128115,-0.484905397820931
0.104257515668017,-0.374515218250144
0.209913535833527,-0.261446490323337
0.0982472903023062,-0.414769251285609
0.100553017571793,-0.367776309315935
0.0679734070778979,-0.200641067651688
-0.0389246432311964,-0.397055887355353
0.00654825027398496,-0.241970331384526
0.00193265082499197,-0.299028292427824
-0.108190612968984,-0.388841815144104
-0.123219098160996,-0.47118229321955
-0.173147298058107,-0.379795865394009
-0.176289168762113,-0.401519986747249
-0.0841636882674274,-0.443789634898529
-0.134198158989923,-0.447300961736081
-0.140374187621612,-0.392680074315801
-0.248555126208103,-0.440513305365853
-0.136377458973051,-0.403226233518567
-0.172187411786778,-0.359955250821621
-0.0731142097941612,-0.378979272163804
-0.0865565671643832,-0.184350760139297
-0.110214321872762,-0.24208345796783
-0.17204712242663,-0.270420999261399
-0.261802879245951,-0.208689102366041
-0.203427762170227,-0.249605075009113
-0.241702174814491,-0.165759044360486
-0.272365642965685,-0.13441746912544
-0.367486348516151,-0.0672241587223657
-0.345786631550102,-0.214629331044838
-0.457043404629441,-0.0612609026758218
-0.437059630210121,-0.095628501027759
-0.418273146911245,-0.0610063986318306
-0.354018239871251,-0.104134165195236
-0.437297997256595,-0.140571402959411
-0.319218417173591,-0.150656268373167
-0.467412093426149,-0.125161765268524
-0.332443796157401,-0.102622924085469
-0.318180980667035,-0.0705078135604648
-0.406633821309146,-0.040370068570445
-0.305596474273836,0.025057057171805
-0.283087832799537,-0.0659527953953701
-0.296325335881624,-0.0897495240876126
-0.313080685720106,-0.135590980271894
-0.365703954561279,-0.136151783150459
-0.35168650699981,-0.0626646449715779
-0.333738581913063,-0.248759797061215
-0.37480327309432,-0.122302701709815
-0.296706160458031,-0.175877274771247
-0.323677471795275,-0.186181931328682
-0.408884774329357,-0.106028356970081
-0.35162486324395,-0.260542024773723
-0.252127958184695,-0.367159404062648
-0.366940719733915,-0.32089850325259
-0.220969115313714,-0.178896572636894
-0.200511712134051,-0.28188411978957
-0.18750458598409,-0.348022430080737
-0.322236532881775,-0.372120604997486
-0.217966418651909,-0.22506666271187
-0.222739166109107,-0.26368633999113
-0.163239907831815,-0.4497861859657
-0.145328700217249,-0.320381817381797
-0.0730608943500487,-0.209056823330394
-0.146685147564487,-0.445327896894012
-0.011580817969821,-0.379107251981566
0.0883517079977403,-0.485157664986004
0.0594942891334873,-0.4201305799612
0.106581129277556,-0.465905233846341
0.139094906087029,-0.270240149672302
0.0774867602645483,-0.40264838415943
0.14121255119261,-0.541837937250516
0.072445526263021,-0.44963793119376
0.173871916302151,-0.453148163411194
0.115760647987338,-0.481828917257074
0.190757326037569,-0.450223737578181
0.0969198832371807,-0.45656989595411
0.167597164704281,-0.444693776086926
0.194728116701671,-0.442686975918614
0.176770866724154,-0.411583736184146
0.127019405967121,-0.40183240992513
0.2060388176709,-0.34097865085649
0.142743261418728,-0.200952184273457
0.211663763620857,-0.34788464798352
0.160198244148967,-0.293280330363427
0.0959792178522148,-0.317298589210949
0.307868906094705,-0.201739478148979
0.14508058900766,-0.290103214392281
0.148981134285459,-0.315387454727862
0.196121388361028,-0.29318320072628
0.0612988216996008,-0.402573139496201
0.0135577601679686,-0.361537257253615
-0.0604451796255621,-0.35682207841646
0.100176850748442,-0.386544132134632
-0.060518876607234,-0.432898336592216
-0.0690831852895058,-0.301764886459247
-0.0115040976183028,-0.264616082998283
-0.111775170198222,-0.34884391472991
-0.0910777076393608,-0.281072768242304
-0.137499091258375,-0.432130458081305
-0.301852835206468,-0.226599054282153
-0.201820520456627,-0.326678477596841
-0.255569744006483,-0.191531342211848
-0.405131240711968,-0.178097692206015
-0.365217347913214,-0.0527637831646848
-0.292728551451638,-0.127556418990857
-0.350938315406646,-0.177152688102811
-0.346119455738041,-0.170398577771531
-0.455591481172255,-0.181589701711215
-0.274693525156004,-0.174121975322976
-0.393894576301024,-0.167011451060446
-0.406388005840666,-0.17614458642685
-0.418953394565902,-0.24982507405525
-0.442861275736163,-0.120534310625903
-0.303378492709087,-0.10813062685722
-0.272355521689124,-0.191136116004243
-0.447377672041748,-0.0970198865205181
-0.440002366128106,-0.115274297480392
-0.470459009956162,-0.174531781552274
-0.217473183363469,-0.13622208081895
-0.452379350866113,-0.215628039512276
-0.350742571603522,-0.127790779508713
-0.453533700994075,0.0962226905676251
-0.368135854996456,-0.0761566451555351
-0.29941779658832,0.0185502018236558
-0.300071932654914,0.00425818565976561
-0.205079911225231,0.00294150240109853
-0.272250894072716,0.00862001366605366
-0.241474374736436,0.119436212278485
-0.164673961294336,0.0510554771765551
-0.259582160010896,0.0649126985448404
-0.236682408071719,0.0154076475822508
-0.206641308807478,0.100657833639077
-0.317819568037902,-0.00645089182637343
-0.181509111271445,-0.0382357506755223
-0.35927808058688,-0.0873210045616824
-0.294719451499146,-0.0332835017908347
-0.204684520792966,-0.145467271401136
-0.211300013428058,-0.184977426981885
-0.27069826624277,-0.142343548324461
-0.122798307598463,-0.0739221641704996
-0.106529317525502,-0.082576350582184
-0.238808726423252,-0.158804541144944
-0.0750144140886331,-0.289144567007742
-0.202116338833491,-0.287546339256399
-0.0980470331919747,-0.273783417461863
-0.0952179463220485,-0.255069990959107
-0.0117821873271151,-0.230490488905477
-0.15799073793246,-0.290251236333705
-0.084116686606817,-0.402856635790686
-0.143243203337327,-0.323609820318981
-0.151244038415072,-0.372893345332277
-0.184064921761309,-0.386570192192613
-0.0792607726017072,-0.435538088807718
-0.08639046001869,-0.526998547908057
-0.184551434892407,-0.473910920117416
-0.107620502007877,-0.429628707682174
-0.204013231471649,-0.481794128607285
-0.200745131277881,-0.419974943295294
-0.15340867558903,-0.597033777450598
-0.171917737887903,-0.574792095312885
-0.162150247310693,-0.457269036415493
-0.153589408050451,-0.446136817197167
-0.322093020514315,-0.418015698791293
-0.0854545630600159,-0.465926889330445
-0.20641880381344,-0.307840713359394
-0.136123171134319,-0.378741339640959
-0.0466647114036415,-0.465082780656699
-0.119145981479248,-0.468180838345462
-0.247518352299252,-0.530964649477324
-0.270179666059211,-0.401983649515033
-0.366800403173186,-0.418385347105655
-0.359597091488291,-0.428621476206925
-0.320326034955386,-0.509496253481812
-0.248424240679026,-0.481551030465335
-0.309186326456508,-0.45623951779372
-0.346845574447849,-0.483755132846623
-0.398367442512649,-0.518275124412644
-0.481322544673357,-0.414038149150409
-0.397864833656402,-0.441255648013376
-0.379929168502188,-0.460022146823556
-0.434967774773458,-0.469316591056639
-0.606226612183034,-0.372869066277271
-0.507857018733002,-0.405230525646998
-0.49596925107864,-0.377141599843764
-0.570914018611797,-0.406008360076413
-0.562602343202744,-0.318761856122348
-0.543821718787301,-0.211068863520428
-0.565225369416377,-0.252689322074455
-0.493750329027003,-0.283120217717382
-0.535699888171062,-0.282942048399958
-0.567433688617933,-0.220554147606945
-0.583079181705981,-0.24294305422505
-0.590432765762732,-0.249985081305599
-0.575857878984249,-0.15644939775257
-0.566465835645845,-0.186896277970549
-0.525724622253099,-0.156375216006743
-0.644024590769857,-0.134385502174818
-0.640985466239173,-0.0939597156828917
-0.547113168776297,0.0117742140057963
-0.618852975729496,-0.0324131938629208
-0.572780151415292,-0.0857672934060898
-0.461316860861078,-0.114032693521232
-0.492534577056746,-0.0648781768116835
-0.423006880549803,-0.031458243413307
-0.390555805011962,-0.17433941803214
-0.392690238817148,-0.164134177947731
-0.551232264759918,-0.0241524471367965
-0.459728541271787,-0.0422334587546059
-0.551588955250078,-0.0613257378259021
-0.518769087996062,0.0524997712063334
-0.637306015893827,0.0958827250654248
-0.589950966856334,0.0525174211884637
-0.537969982643299,0.1002653465221
-0.577108682426009,0.0469617179755281
-0.598995811791872,-0.029072668538519
-0.556199551790119,0.0168164319330475
-0.52428930459699,0.0105210720644035
-0.535654331013675,-0.0239860729940658
-0.666950272424966,0.0217545199286428
-0.654484012933386,-0.0408600166903029
-0.633901772012188,-0.054183325981229
-0.77910371707018,-0.107251074761857
-0.766199389574576,-0.118274778812117
-0.769102186394342,-0.0583153712235071
-0.786773509906018,-0.215129213580413
-0.921268279434352,-0.179586694566765
-0.85909544575532,-0.146694399467145
-0.870651054253045,-0.165935936098039
-0.778687567629561,-0.206479542068781
-0.904348529201623,-0.268129952488243
-0.837370413164947,-0.329938282369739
-0.830112765151091,-0.238008576487318
-0.881143237844873,-0.295012694267716
-0.921007042932516,-0.258730323536023
-0.845235477338131,-0.255670119051771
-0.84535585031953,-0.318668446932648
-0.906918463030295,-0.2773635535697
-0.860455802314558,-0.29041606653613
-0.865786216291078,-0.255159227984971
-0.884596110748867,-0.266939013267031
-0.908267731234693,-0.235310551307141
-0.88354615548073,-0.221981881366464
-0.908992415615356,-0.189556716836215
-0.882777839769519,-0.209105736236681
-0.902296613441991,-0.159480853542264
-0.900347812510019,-0.197432580364459
-0.901507874397345,-0.192061175496966
-0.894473471473879,-0.175022418749883
-0.890671472663268,-0.178035276405934
-0.883811141147816,-0.111014681271333
-0.929398078813073,-0.113690586730271
-0.877401949511955,-0.0955637589527114
-0.821633841577221,-0.034470036230762
-0.871090262386641,-0.0465372240767916
-0.903962294692392,-0.0104748752258791
-0.916021247742259,0.0152536249186779
-0.941570102731505,-0.00350950972599343
-0.798542092729469,-0.0258911260628272
-0.797107134957236,0.00249494325987119
-0.86077894598233,-0.00408899480350058
-0.843058639050058,0.0967161099908746
-0.880787919062963,0.115762388466488
-0.867997730450698,0.151333810779658
-0.823111810209551,0.204401388950791
-0.762483416551142,0.217946289037001
-0.786835666052034,0.127116675308773
-0.844916127931136,0.204205978114518
-0.800602752511285,0.178934768004416
-0.83320075442335,0.185255465276352
-0.851576142024605,0.234893414130053
-0.816200753525119,0.157605351562444
-0.795715325277584,0.228491453907692
-0.858181477827897,0.277576003734235
-0.826244586596519,0.220540657571508
-0.766786682628964,0.217085951385527
-0.8031989866107,0.258993096026309
-0.837344712160514,0.248458416028114
-0.757227705253296,0.255354290112776
-0.738252743564158,0.26014997070935
-0.776995983227285,0.266437419649334
-0.754436995261206,0.236838340594401
-0.735964015891237,0.239653901527084
-0.761685340957102,0.240645673234165
-0.703301297349488,0.343678787417798
-0.762562653684343,0.336864040278009
-0.657600802061074,0.398461576296833
-0.75688877943744,0.395513781103727
-0.700887907410067,0.348014835595517
-0.593738388599278,0.336983966858926
-0.555925169777118,0.406954746644269
-0.721402244484338,0.408452700925818
-0.677009367180739,0.418303626568851
-0.521611247588084,0.407208639466399
-0.603116426357557,0.443839609333837
-0.580331328062099,0.429926923123446
-0.660621066818043,0.465979589616654
-0.54911700109319,0.361032952091941
-0.565458370176882,0.441108190938924
-0.591828511909355,0.508113005416275
-0.523234243614129,0.514142651536805
-0.541000413723582,0.544952735683102
-0.549486027729697,0.566503221515449
-0.575330577469254,0.580151167438429
-0.636779729217234,0.58897444909181
-0.554461951178564,0.650806423755026
-0.582985443693274,0.607631618487032
-0.590533641576301,0.620624606329121
-0.598929619667806,0.621495015602243
-0.542761100542512,0.576675486603118
-0.520558649564164,0.633771516602506
-0.526909165015238,0.653485957585284
-0.433557055104117,0.572394687643539
-0.507467155661156,0.626344360117342
-0.558744517118599,0.666587643402206
-0.475542548211329,0.685964447021552
-0.458154930404715,0.652993164887712
-0.512783584070119,0.657919208941244
-0.508202651350299,0.679794670886661
-0.396359387764142,0.595176365667535
-0.490947382870679,0.64549042731632
-0.479572547207979,0.520789904078064
-0.529794619335357,0.578497757402698
-0.492116883334305,0.609187965178539
-0.462687095722243,0.526989156339913
-0.486474997163525,0.642000379468875
-0.482509167225106,0.590917002635277
-0.494994421999128,0.512239937421121
-0.443573097751013,0.613757023241809
-0.441254178190421,0.588480203453682
-0.380649091315426,0.569100356678201
-0.44981172824572,0.550977825005798
-0.39104587226293,0.517105214668602
-0.377177507672309,0.66621877860289
-0.361841633230486,0.620273847387607
-0.439707202098711,0.594766867159653
-0.319823438322979,0.629124742756238
-0.434379983818694,0.655091610235945
-0.407511242498098,0.677975793894668
-0.333443368836489,0.652429217900114
-0.250126369630144,0.658426719760927
-0.258817121169074,0.706611975119405
-0.234078770780656,0.671165544358139
-0.310062543669805,0.696947001280777
-0.174507691044661,0.777193281063051
-0.241633681902531,0.756316797369386
-0.165450580501172,0.729780064505983
-0.170100478725313,0.78114217732065
-0.119011759100339,0.773731906418238
-0.199926613913549,0.799475301247913
-0.139105631131555,0.737293935910248
-0.0802825276261428,0.699275001099269
-0.0869903169983751,0.761190909725413
-0.0269438531431819,0.763364322956301
-0.00757739236907,0.797126333067818
-0.0892686707571155,0.780294693753666
-0.0581570273750679,0.781682271833725
0.0227858683023291,0.723049653358192
0.0396434900341306,0.839189368895497
-0.000360399801277576,0.858366922198909
-0.026450207554184,0.823596426437413
0.0572827064099659,0.846657384863857
0.00711477226712127,0.820904686543887
0.0332489700909934,0.798690728488713
0.0857730678365011,0.817227061252495
0.0130934037838369,0.844966237627077
0.0506014993341708,0.825125644879829
0.0707454292406109,0.797211257682036
0.00814868639357861,0.794182233483428
0.0118691233750654,0.789709274602647
-0.00846142589054213,0.799059193126333
-0.0165740992739065,0.75632053352065
0.0123611898989724,0.721742954804705
-0.0832244387449148,0.774550960631552
0.0125510846959588,0.742152863224767
0.00195969998295107,0.774310257169146
-0.0111775172445206,0.810043592211011
-0.0841079104868686,0.812640943522446
-0.0178253873944243,0.74709064692953
-0.0581677386462475,0.811592059940769
-0.0688952236246269,0.798146343692447
-0.103351505884206,0.805010164493673
-0.129004504292985,0.837728523008898
-0.139719840907482,0.792087045871768
-0.126296237425421,0.875685374898865
-0.0959843994087217,0.803687399577166
-0.144266601954618,0.856254544613154
-0.0898921643999235,0.783042122473386
-0.0949436246714548,0.784809037745259
-0.0996244099054911,0.769550653167251
-0.107808726789398,0.752933174693087
-0.112359914150432,0.738973777892291
-0.0748118302318022,0.742106324028724
-0.208507477193593,0.757562226462171
-0.146256580741136,0.692797529636015
-0.126578116225868,0.770807490490434
-0.180741586230748,0.741017026173231
-0.0449622449545794,0.754697820925471
-0.122391653224793,0.71017682045407
-0.0387140055964234,0.627182558286164
-0.0246033854812705,0.655907020675924
0.0406321885012128,0.675430106020255
0.138711203590735,0.610972760440462
0.100213490683044,0.561628270906035
0.0482540478120763,0.608433894474302
0.117342354498444,0.611214117712327
0.0911453624484147,0.674143411606142
0.116178206382337,0.651065274862377
0.0737520278864902,0.58211488972863
0.258639879792659,0.536649526782482
0.115071128385472,0.454437422221736
0.131108448859837,0.540982538169492
0.266327208022,0.519455218092787
0.283594063770481,0.579436776138006
0.373960567191399,0.579356599190766
0.360138715920221,0.559474441361429
0.383889616927902,0.43172094178292
0.364971745440181,0.51358412130507
0.428399933433885,0.540353211666437
0.369776786898695,0.549725484307141
0.440821646497482,0.540587373237109
0.458763686753181,0.5609722222641
0.411200010421752,0.61485031642202
0.388448369957088,0.508460594087976
0.464089657241813,0.533166329066928
0.440652420512426,0.524607392554422
0.479592647717201,0.52811339377575
0.506808070847967,0.453391399153862
0.514235943152043,0.473278776262402
0.454454705543676,0.467493164380528
0.535889699525597,0.375084177431231
0.488890964796451,0.400547520008224
0.483657070881942,0.397737289201821
0.439290659547975,0.453155891815956
0.435296692338376,0.450481010450866
0.561468061495037,0.444164411749318
0.579043574205609,0.366174773251553
0.543136160296603,0.367812177181974
0.567483531622809,0.353502252106815
0.56259592175616,0.371969386421347
0.58561902766433,0.438415770890648
0.593281083203007,0.349579712242905
0.607303749338194,0.342325292921643
0.563909418301196,0.310968226884313
0.597624583973854,0.375997132864164
0.663349832520182,0.222342422221331
0.581807254635737,0.376125496607232
0.532963967739496,0.382315100138245
0.556960560970454,0.321358660860287
0.56521532532374,0.302740593209527
0.615698837758055,0.318223118882879
0.562708951819615,0.250894629931311
0.571781873707611,0.285641127144296
0.619618728475422,0.244907304548949
0.59991628953469,0.238426117397211
0.602535549093938,0.312986982219376
0.60186945037351,0.25492276606332
0.707221014430415,0.166125923676274
0.717850430905314,0.205276627673761
0.685878404023207,0.211513275328155
0.656334772745994,0.177190327172273
0.719994959686406,0.159666365959837
0.760374432745614,0.142113375551626
0.71747455508849,0.0903994341584673
0.730839443799626,0.0664040673968168
0.674229408415484,0.0444246582014639
0.797500956695114,-0.0274997426106335
0.714922795380893,0.0449915829465428
0.774730426944607,0.0297211194334182
0.777976890146257,-0.0509215550443289
0.670150951496708,-0.0427517165412153
0.73550339410614,-0.00705160252573358
0.732993173114043,-0.0869733826700104
0.740262200533628,-0.0596369983270103
0.675710046397596,-0.104142245223065
0.741853008737687,-0.0694901073712388
0.761786550801721,-0.0882550945249857
0.661555095137107,-0.0223135392057481
0.715766626306482,-0.0791720419526785
0.741503898053114,0.0357426903948572
0.745697735977105,-0.0382597740597886
0.724110922803139,0.0087664794161268
-0.555480052860287,-0.176974575152509
-0.573618550161201,-0.00211296650557436
-0.497319544431442,-0.101703602849436
-0.474311596156418,0.0122846034459153
-0.679809315267438,-0.0582333812199505
-0.602360923094552,-0.0632622668874328
-0.60396212536348,-0.0214766572251423
-0.638909628716023,-0.0841452054927929
-0.58745665409818,0.0193264730868055
-0.634189189355424,-0.086791272612423
-0.669919992702544,-0.0134963741380147
-0.549696204432949,-0.00822207174407387
-0.610350234667269,-0.124884903490369
-0.650971933034496,-0.0713733257844232
-0.551175645309978,-0.159137416050831
-0.595884542640776,-0.1167521215445
-0.447936104662471,-0.0782426438135847
-0.61383838105437,-0.127830010800625
-0.473239527711367,-0.214596068287233
-0.452773780466827,-0.0743862865864653
-0.401735614725798,-0.139115140411765
-0.572194038591663,-0.172496357672854
-0.467478013021009,-0.221049015879926
-0.547226668539841,-0.230465484966876
-0.500331309519419,-0.270435088657092
-0.490818368678593,-0.139072300942137
-0.47126867963531,-0.111195539206673
-0.45460948924017,-0.239680721539486
-0.426211027604771,-0.328253170391572
-0.495865633545215,-0.333947349323144
-0.414414672529469,-0.270642619386587
-0.367489159246163,-0.437120532756955
-0.496181007324323,-0.373865308428911
-0.417656101207206,-0.406222471908753
-0.407832698253809,-0.411546712415677
-0.415495139526692,-0.460165789865679
-0.380283786796915,-0.457410313233855
-0.267967716471965,-0.457110534687405
-0.309462697178993,-0.384726867653651
-0.31626136684515,-0.438484605652851
-0.261520496592615,-0.426890098353833
-0.242436063169218,-0.451565364016584
-0.168261537097599,-0.553766274803977
-0.0488182015598717,-0.450626897137686
-0.0929726377130375,-0.42055726905844
-0.044404058888648,-0.488490027380913
0.00878457606602042,-0.455670869508551
0.065751035512569,-0.582110567669127
0.0957727110573594,-0.495659475777203
0.0706932913178295,-0.504932113317406
0.0673372081694234,-0.462263941304349
0.166976736891613,-0.557454376212692
0.2198418017891,-0.596010141365857
0.267484211843812,-0.573363680115739
0.237029322608738,-0.670217342107111
0.350076492556566,-0.596183807163534
0.271232255639936,-0.637996431182491
0.30407609966948,-0.590725195094386
0.330693463112984,-0.612366856535907
0.229030571353224,-0.667412536647792
0.261179095770468,-0.640258645697402
0.264537101780876,-0.662618573808217
0.218764959573849,-0.598187106989393
0.236689074912946,-0.683150733902039
0.165934293485151,-0.725811018735526
0.154941821133543,-0.68998086503632
0.0851226948150766,-0.817412775350036
0.141614288781998,-0.701267924315366
0.0565762819475813,-0.741611085730968
0.042747579572762,-0.742996388121683
0.00574024595933891,-0.761036851920524
-0.0657724464029614,-0.752243526550507
-0.128020962816272,-0.722603935871809
-0.158680889440445,-0.771807155524186
-0.220270765631915,-0.816343127393218
-0.2188112999798,-0.769023734711473
-0.321237296133929,-0.757647164641711
-0.348857796717622,-0.766502386942253
-0.391979004796338,-0.690422301490443
-0.429478761620865,-0.650639410540094
-0.56825690080336,-0.614873392550205
-0.469232590388714,-0.626975987269226
-0.509106749578125,-0.582605322378869
-0.539182542118062,-0.6120368864742
-0.563991070315021,-0.570809539097748
-0.591611575522778,-0.523320847276122
-0.540381835976637,-0.601137313335029
-0.569676390436823,-0.543274790107683
-0.57831102428528,-0.54598467061896
-0.538305943847047,-0.558540463666724
-0.631016046672819,-0.573437116004228
-0.535076198540129,-0.498686382362886
-0.558523429760243,-0.515385168192989
-0.55849021442173,-0.576497603138294
-0.518434467524733,-0.573443325608923
-0.466495170135129,-0.5667709958495
-0.465132311083103,-0.621489388506596
-0.450056707638968,-0.665432753929966
-0.425883249253245,-0.627800578699236
-0.340179016705332,-0.624429124336749
-0.324241547965707,-0.492983743893381
-0.400303309570289,-0.622050842993859
-0.25852856961815,-0.437036935962781
-0.263582766295106,-0.541254093354895
-0.246670687116376,-0.607681849418101
-0.316279429842582,-0.713857354730309
-0.214649458489121,-0.607236416366554
-0.133020564134831,-0.658955795509669
-0.153666958308262,-0.728089924220491
-0.0504669367411662,-0.682341194559095
-0.102379279255501,-0.719892594118785
0.00404470030721939,-0.678558958191835
0.0257070363145887,-0.678472207767524
0.0884417256395867,-0.734330860821424
0.0794125677223593,-0.744244300980344
0.0933005411529372,-0.720688854938368
0.0368229098428013,-0.765297411894778
0.0824426186479884,-0.844285549888252
0.130662527545827,-0.810774643804194
0.182459420983711,-0.780964269397703
0.204158903945703,-0.694746555392966
0.248918035247921,-0.752657680254771
0.265722543115602,-0.802089004942165
0.228678206677801,-0.707275293610858
0.232022102150104,-0.768320542439373
0.174944642399737,-0.724140355918296
0.257683895798834,-0.751928687953627
0.174044121359969,-0.704748238741008
0.361696202942371,-0.790366490006128
0.33796783757625,-0.740361639727274
0.291659169141242,-0.706702635074786
0.266359799825412,-0.717093573090342
0.329661203188887,-0.698404703929463
0.347648500700887,-0.780981429598628
0.368982410664068,-0.725837419750931
0.330998275079783,-0.814788559063209
0.398364429017008,-0.661713485530671
0.346628968282539,-0.874094355394446
0.358723842385587,-0.809078646010127
0.314406886718951,-0.837056258306249
0.25838600983546,-0.858224949816287
0.322849196074409,-0.776801522138589
0.297248660883786,-0.868667309790621
0.333657878376036,-0.846521181962132
0.316288585405262,-0.804984855565663
0.351918880778463,-0.871002829776586
0.230197830743492,-0.828872632908763
0.344531011968575,-0.834627025055153
0.339423066093764,-0.736897409786856
0.316277627679383,-0.770054251972891
0.351865363249061,-0.807957935282382
0.362669682488794,-0.79078474934503
0.292037902599951,-0.750307389323913
0.290913278310844,-0.747222076307657
0.380150834918151,-0.761168993495624
0.301583437271911,-0.735455381229446
0.142002127797097,-0.757551285441342
0.292709470595821,-0.784424316600034
0.349074561811596,-0.804277505526531
0.343727986395616,-0.801735852413901
0.267571888489873,-0.661576301297051
0.232409723844505,-0.773956403329934
0.268064494359832,-0.723479403763747
0.279945233668378,-0.83491792682105
0.237102529998177,-0.843489528705517
0.230626785724116,-0.8679879373774
0.211521169290552,-0.835570616938227
0.155572951129596,-0.828635168127228
0.28476919039582,-0.830041902299196
0.286391001024868,-0.770353663625264
0.271618213754495,-0.767107005353923
0.384820061409122,-0.775118058719992
0.393257197675917,-0.72787126309673
0.386518717480954,-0.704148777051259
0.45084249852973,-0.707069192663846
0.343131639013971,-0.681308080797637
0.439655960635914,-0.73041172933912
0.463051086511162,-0.719251493078095
0.50799020511304,-0.669069542162597
0.542764051882173,-0.670132568352848
0.460438216778405,-0.654422558905624
0.592792068669074,-0.626470360253923
0.593548655386817,-0.584446099097779
0.603397195698191,-0.589915217057107
0.642324378948184,-0.548303277916107
0.653122106648402,-0.604432532435271
0.701541038026788,-0.573735758708394
0.709621728628532,-0.543120796880492
0.720511770944015,-0.576810565777896
0.776273209311436,-0.549373506395203
0.764113730746821,-0.517753960798027
0.759344831822514,-0.500506417239767
0.737949395977718,-0.504185255330491
0.801534621715134,-0.455849586364928
0.79036959907979,-0.496262827340466
0.760889098371564,-0.525506722715521
0.737488961805424,-0.48081028502598
0.736324810391447,-0.415563625818696
0.706945490047242,-0.465493034393095
0.751958036138322,-0.525167374624302
0.735153196555097,-0.492639661083866
0.674984718544134,-0.443213850196958
0.550871136451669,-0.510067346886176
0.663026375454501,-0.553145040608926
0.615612847741776,-0.507323063081804
0.711378195606694,-0.572128934361511
0.740718285326945,-0.535864447031307
0.721457083571579,-0.523932648720189
0.719665695369782,-0.527123332667148
0.734645586195478,-0.565304077867386
0.735069456255115,-0.511452272968839
0.739606271625805,-0.525452621529001
0.760198969958347,-0.497204700123394
0.746060903368949,-0.493339281992433
0.775820444438429,-0.436207663747328
0.754152725557189,-0.507493533071505
0.772507738971209,-0.521216448237185
0.770809843204923,-0.462850277250387
0.731056591306126,-0.402359737343756
0.718585874486425,-0.360144406155193
0.730353340933477,-0.330363982783403
0.666089524051137,-0.368545515658424
0.586193649204428,-0.279203358059238
0.58690374661886,-0.0799591665721971
0.637810474937629,-0.0284065266572124
0.614810043051766,-0.0501156438895918
0.646908444027973,0.0296998392019566
0.559041671792164,0.0461209034268164
0.530135848612858,0.0830881800867347
0.592944079126422,0.143647661194321
0.449603465209718,0.0808817464974175
0.61901582419667,0.234302107445355
0.474418320984213,0.245042886406304
0.371458168466978,0.345385146358093
0.384630688997037,0.258971764975476
0.363753381633228,0.341170450704383
0.166208597605059,0.268890573973899
0.370790339588423,0.355716501606253
0.233484822486835,0.276269657016482
0.190791250435144,0.354085403577443
0.139157735703177,0.32812295757856
0.175522279361114,0.355880332536463
0.0593416136567288,0.218100677702738
0.116024244246782,0.425344102597014
0.00365800450111603,0.384031152863125
-0.0056648934420945,0.446563979795716
-0.0724409539170989,0.404082851892874
-0.13622313934211,0.409120641615723
-0.0154532317189513,0.374521786761601
-0.166760483486827,0.415300612460961
-0.200096077889332,0.436749376000693
-0.119892155366111,0.383258812114928
-0.176158418149387,0.320853566837679
-0.0871439353767881,0.412162763099233
-0.131179222471359,0.46466590758862
-0.181864116525313,0.39413219350472
-0.202073167823171,0.614054597398
-0.295063579998836,0.365515665828161
-0.262028256372712,0.52797537850418
-0.259243260382822,0.415523590986713
-0.217447638135874,0.419260931023599
-0.235236684707374,0.4207995378819
-0.277137581037629,0.436241253004527
-0.282939324145189,0.236328251672589
-0.267314840847968,0.46614318757407
-0.206065688542561,0.429960317594414
-0.217290209546173,0.42293903089075
-0.124401262685639,0.304092267702337
-0.245295191468586,0.257783218789477
-0.170209754650757,0.327363665718391
-0.233769192276399,0.273704780924099
-0.218020273700232,0.263748092790811
-0.244951476483879,0.273055140795229
-0.289997907918334,0.298156291616234
-0.261193250775345,0.134770587783672
-0.408231849318084,0.298047770199274
-0.145323993223236,0.0847074248235818
-0.368765731728728,0.184334487245502
-0.272070411218743,0.210831347153372
-0.275514555239489,0.180476958796735
-0.399806850388638,0.134841399697596
-0.246038626846127,0.242443467863142
-0.305894338606945,0.151846483902306
-0.337721795013116,0.280304861246795
-0.294498808286519,0.00902412499853795
-0.166780294236034,0.178304206013818
-0.353053776480804,0.12905774393439
-0.233464922123558,-0.0502481840548158
-0.258276111817397,0.165563302485773
-0.25589455128134,0.140242791115947
-0.288617324239773,0.0153472797069471
-0.250663883321212,0.0852697303847125
-0.256828529924145,0.0760599956302684
-0.326464143570937,0.116529845774702
-0.32178583927333,0.119514946651031
-0.348846528392669,0.0782590085889156
-0.256795681905506,0.0273736614172396
-0.348894240476096,-0.0592361720147443
-0.33532553228284,0.0951961066149899
-0.229714688576573,0.000336716139802357
-0.244787654190632,-0.0255106961584844
-0.304636343704346,0.00206375278468789
-0.291158023678742,-0.055505837987538
-0.353648892265592,-0.0414271117700334
-0.440003009257283,-0.0436726000610302
-0.271015448542511,-0.0229459829108272
-0.343603326651787,0.00571059613697508
-0.297595959498117,-0.0386804297891766
-0.287312778393098,-0.065484699257544
-0.251847659685039,-0.0437327885303309
-0.276178017421675,-0.0401915450786151
-0.30201500975767,-0.017779890850562
-0.251833755814496,-0.128136959145442
-0.235468234245028,-0.0717056356744622
-0.262865409583252,0.00363219483399447
-0.33471700031285,-0.108685416412198
-0.398897679221961,-0.0583513580451822
-0.276522719334154,-0.128532314875183
-0.305758561146989,-0.0198139583996317
-0.250431145142398,-0.00871185941810784
-0.252303292500241,-0.0859329373832459
-0.366633860033209,-0.0102984661295663
-0.316529217884364,-0.0460120100778563
-0.358874767275936,-0.0734474464222805
-0.20506014058718,0.0950371627058792
-0.114331588481174,-0.157222272494087
-0.039914900936847,-0.0813271795287973
-0.0897883610474823,-0.0521818350939965
-0.0644795293433449,0.0619591546181334
-0.0970629835404438,-0.0810388061767837
-0.0428272137491202,-0.0432102605276628
0.00893207100390238,-0.0285981463547289
-0.0687808320315902,-0.136433765268214
-0.0222398099775744,-0.120278460047305
-0.176856295398624,-0.148477054984043
-0.0599281542031204,-0.0884523236285675
-0.00236037689822212,-0.152116301992085
0.0205645575803529,-0.0909861589138535
-0.038263303578955,-0.0873601824613652
-0.0413841311251146,-0.155742066579949
-0.0382551121650325,-0.260350025401569
0.0239470550517437,-0.190634417439174
-0.0706055922220566,-0.0730140018220319
-0.0266478908917836,-0.21664370786621
0.0091772361707322,-0.187195032374079
-0.0213628118228701,-0.285203856763965
-0.0428534722929236,-0.17515902441866
-0.0590135583133605,-0.335021791093511
0.122617364908201,-0.250783078307789
0.00262744600068935,-0.218187550994934
0.102004677207289,-0.18332867994982
0.0976962812560481,-0.103841198007682
-0.0263893187164382,-0.248365747238994
0.0353892085008165,-0.223877005311511
0.0532003333451482,-0.274725287601801
-0.0970011639069731,-0.32444165179614
-0.0447180615347227,-0.299811801270039
-0.125657267409925,-0.319524687980129
-0.000281805234936143,-0.335508334497026
0.00500997500348304,-0.311593670612389
0.0309603280742057,-0.266529515980567
-0.0689810632583978,-0.247023628742968
-0.0199092823097202,-0.232253728891478
-0.0269815177587936,-0.227884737392989
-0.0371068518554833,-0.229042986064592
-0.0288459581523473,-0.237671427934322
-0.0353950200576595,-0.159565533888363
0.177540092327685,-0.0843566789355907
0.0371527172257508,-0.176587537211849
-0.0690561734245653,-0.246988151052163
-0.0368203248682772,-0.154107895567173
0.00446971479063012,-0.0396479583006368
-0.0440692337057858,-0.0686903977188401
-0.0468114797492876,-0.0876736591103668
0.020251675512959,-0.0360775669243608
0.126026552415244,-0.0665112934690009
0.0326202101005183,-0.159906521451714
0.107584217720843,-0.153141743764846
0.0294947137607614,-0.288051589167574
0.0058935256637504,-0.173025473016603
0.0676949828300409,-0.21859853504715
0.117368227347936,-0.143940432916216
-0.0537634621922041,-0.172749827027234
0.0366100166039043,-0.0972869735627196
0.0609632578968856,-0.0600229057447177
0.0683821608775552,-0.0832716651721567
0.0414158543578614,0.0211206903031031
0.0397786060055084,-0.0102183974870985
0.127381343219577,0.0279830434324959
0.0189292317579974,0.046058742965364
0.208579188519091,0.0585591911328873
0.122920281872341,-0.032322972841444
0.0898093705541711,0.0819555568072459
0.214140614545646,-0.103145694479629
0.173997314694067,-0.110120344766336
0.235151997343369,0.00433532023863263
0.101116733091645,0.0867872117236766
0.0531324621987257,0.00967573216962674
0.201550630851055,-0.00447809962312397
0.242725159099811,-0.0982472444929958
0.165472474536868,-0.130431295191017
0.189341328230718,-0.0272891670592669
0.286766948993992,0.0783964851379102
0.351136661916814,-0.0458961402107728
0.450819218563977,-0.0637264341902052
0.412837883342159,-0.0978108886740398
0.359222785404931,0.0199740723110484
0.451998783835448,-0.128566324863828
0.372345863108706,-0.1390699671803
0.390622340806752,-0.00803655438580056
0.381238519359658,-0.103208048506452
0.388751100483921,-0.0568889198985343
0.339649155470601,0.0270878068735269
0.305909009584466,0.00925954115508643
0.42920825399557,-0.148766418684011
0.444268938441389,-0.0850473760686699
0.514305158421423,-0.110786764731506
0.382522577128096,-0.0761757826004737
0.388958336389371,-0.0415830609678622
0.418349718950553,-0.144547987614492
0.387393594947387,-0.102660728195975
0.256995360136507,-0.0366642016003011
0.244703481718961,-0.075111224327217
0.432044899388919,-0.0815738565023187
0.459089947780615,-0.0383245337209248
0.397157676007181,0.0160144522360423
0.383840417800472,-0.0629486995979171
0.397904245714,-0.0214269297579365
0.41701091179831,-0.000831955457949874
0.404688001903,-0.0461939201085901
0.327653016445559,-0.0237590326717464
0.429668268254261,-0.120075445566713
0.410678809764461,-0.193133608744121
0.364163351754023,-0.0874874319640208
0.368678727943121,-0.115675855563691
0.404462587801256,-0.0258203863072375
0.388126555879964,-0.114863102462653
0.40314786514305,-0.133853223803502
0.372373823381846,-0.123739976859375
0.505155215886771,-0.0716169818710214
0.489800062183632,-0.148078676181016
0.386212335228204,-0.0644398272115514
0.476127215506953,-0.136488638074456
0.489142487647339,-0.0754122807102209
0.481834214659872,-0.177093949628918
0.546819437646777,-0.152463771899007
0.441580524939386,-0.255182246891233
0.340917346315361,-0.123367751063
0.555494508434388,-0.173560243006795
0.453356263501238,-0.243932116259536
0.52297117593644,-0.332642210465893
0.505222653980124,-0.28272089727538
0.584121160514266,-0.155783832499875
0.550115004057062,-0.313727194955048
0.490685894284932,-0.259041998164088
0.498004805207618,-0.268402984178754
0.588003094121585,-0.308898953112987
0.585551407514365,-0.285221349488342
0.570851767110211,-0.279276536434528
0.605857537544444,-0.361595032522016
0.600302453448572,-0.425233791121742
0.483474208438255,-0.341393440718791
0.556832826429426,-0.421337873997556
0.514896729652485,-0.343746144836449
0.579949309677454,-0.452777473379281
0.571130079579775,-0.431453372397943
0.631587793374793,-0.44443852890722
0.564400459150078,-0.512837024480405
0.538809383710051,-0.407186405663176
0.445085993715293,-0.379778639618432
0.560607020603778,-0.493945868033945
0.652560999635265,-0.406868654101919
0.62794286842645,-0.387998779219687
0.575274248914221,-0.405509546925836
0.569927701419822,-0.4103923822662
0.57629383885563,-0.373626761276876
0.46066936430213,-0.36780253754086
0.573042728776959,-0.346118383202817
0.596082909294972,-0.236020978472058
0.44504646616877,-0.211283357416888
0.6376549163378,-0.109059546946535
0.664121129443742,-0.103256946428971
0.683779054428367,-0.066405778593835
0.639479081271768,-6.25941165635443e-05
0.638004291649705,0.073278407279383
0.686175934085665,0.0649162568166118
0.695705056812095,0.0721568454545806
0.714667207506813,0.00603087500297056
0.635181431168635,-0.0115801896429744
0.68096868193367,0.136795426812552
0.814660598965064,0.0994548640713446
0.784396317396608,0.154732601844237
0.831780602994543,0.104440876099458
0.790949030549842,0.120081421268645
0.873011643324537,0.132368545329837
0.899217472721441,0.140348570252106
0.898096695642933,0.107200616766577
0.853447770050739,0.144458822430247
0.899510291668617,0.140484633737277
0.798194162144065,0.146633599195207
0.923704549523402,0.180764545128139
0.907705835026224,0.175963767075341
0.929396377205637,0.164648154004784
0.836795666480711,0.184423489731702
0.893796444288496,0.252330518209419
0.913075852072468,0.182782828163204
0.895881612714708,0.21957427306198
0.947966624501155,0.195177748224896
0.862354864395154,0.233867679259536
0.91956826517179,0.191174894266132
0.900958135490619,0.176812259786848
0.909940542863787,0.15795511442171
0.930158443873229,0.190857634220229
0.89972402379819,0.162690601735451
0.857039371737699,0.189083924761818
0.919762005833174,0.239334215163482
0.781827244121624,0.227131676383355
0.882886419707799,0.277687855651041
0.886915685237313,0.22997409325176
0.852163815279446,0.282658477159175
0.894123042220489,0.305661329327154
0.831382652454164,0.338186958350941
0.866705690627242,0.277160158408245
0.876280979370585,0.355975305101282
0.804044784519117,0.314469908251883
0.878004168418528,0.372695084230686
0.794772647032946,0.391983541885291
0.868704003815526,0.378487715868253
0.830507206223926,0.410994808964723
0.805464358522756,0.377410925992941
0.860005197859532,0.403994051032555
0.796747513476432,0.484500492635524
0.785129520544074,0.419259596595771
0.740158111850183,0.55202225650533
0.754106347661535,0.500529652496991
0.798674007495353,0.477931549497723
0.741415467568824,0.51061564167768
0.676977182605011,0.476624740535278
0.688745264674803,0.557976365626881
0.688265085957778,0.525823004982005
0.763231033841466,0.517022919492757
0.649842783679234,0.54202085342835
0.691615114101388,0.592606601996661
0.645837621600006,0.613420012907694
0.626528487251213,0.670507163340961
0.633296784914638,0.693464422021435
0.573285028995031,0.758488583202952
0.490457746443162,0.779337499514712
0.538058552228305,0.788221484233517
0.448085247000136,0.805077748234189
0.452197261954901,0.822933416206972
0.459736147742124,0.812592912418741
0.452618764123999,0.873876904930697
0.476005119835439,0.786944456837546
0.467548042864534,0.828335159006336
0.445747485013866,0.810902498486029
0.420224607703369,0.808138442982364
0.452557124823935,0.816965224221114
0.47730418625478,0.782808284156623
0.462983447458831,0.815074167000869
0.403304654469529,0.822431341546634
0.391859879500133,0.823690732238905
0.443135555026887,0.832943099004733
0.455175881639726,0.830654176929384
0.453962536985345,0.800721947784983
0.4783725812858,0.828502090072356
0.468432285030792,0.820643793457367
0.422399425722136,0.800903652262243
0.497275041088297,0.797469911204227
0.465476680881592,0.778640749945562
0.369997407103563,0.780764073231306
0.431957739436178,0.796714745170353
0.444165317951762,0.811794789822963
0.432631650278674,0.815556949508816
0.378138221690093,0.811286303451525
0.351404742017475,0.833654609116445
0.311633849846121,0.835106986571138
0.319844079336903,0.870458662172982
0.263515275644098,0.89513789397978
0.22912348540461,0.862936531063161
0.234614499612694,0.837340818469036
0.236275464229995,0.900072796653766
0.12743131584397,0.873279223178295
0.180308279984814,0.833282757374982
0.0403850094935778,0.820561457904022
-0.0103316563431508,0.877227284961222
0.0139712978658472,0.907788863705269
-0.0696856328583188,0.895333626288192
-0.137071839934247,0.875140569474158
-0.168929986772503,0.908687553050944
-0.196095272851562,0.901928124125733
-0.239952484896409,0.908296007753853
-0.301106290059601,0.888969633380666
-0.311464529363429,0.853870562820518
-0.368648723104497,0.835889531800707
-0.427490432910184,0.785543061338795
-0.432848183669827,0.810545318114319
-0.478726860846562,0.782926866558268
-0.492899623467284,0.773336734300901
-0.49720390460768,0.771424984227418
-0.506021868374765,0.772026129143336
-0.520778789765958,0.757152873956903
-0.520830157597915,0.738667279051621
-0.562263035654631,0.749800092990161
-0.60419451405686,0.715768327023789
-0.542980923940848,0.732206998779212
-0.599813686410386,0.734951708434864
-0.610801178381487,0.715003390382359
-0.633902167049256,0.696464577539595
-0.604153716500945,0.693419670657276
-0.612058850291433,0.663512291893933
-0.639831604748009,0.675810325724279
-0.655870001201655,0.655931046493099
-0.663325393287779,0.617224552827761
-0.630377424069568,0.620455052893163
-0.695607053538229,0.569728623944572
-0.674821043815828,0.562787021193239
-0.70117351789762,0.562030690592039
-0.677417742484726,0.578716342744855
-0.713582438171675,0.578864275820188
-0.702378592259424,0.525429903343882
-0.756562950831828,0.480998771224389
-0.744885402755712,0.450850756960342
-0.784169522535665,0.458032710392314
-0.719457616659721,0.409865333768083
-0.761938380491661,0.435885822565533
-0.770877763944629,0.368965899340151
-0.720111430799374,0.437567079306951
-0.738556431438699,0.402153449934951
-0.753795405426766,0.400858168100115
-0.744401330632703,0.408844428077605
-0.704997232878617,0.438002713566319
-0.744295045856696,0.379930251491576
-0.722178610011065,0.410442675139082
-0.728972691997117,0.38924257745386
-0.731686436380417,0.378410972287312
-0.70661392095228,0.372002855653995
-0.690869488205777,0.34473577623783
-0.770737236298269,0.32111117012233
-0.795978612778698,0.416998374138421
-0.682879550171648,0.395636705936825
-0.790898411281113,0.344512884223426
-0.798526446324197,0.329924669235009
-0.818819309688694,0.310151482032654
-0.782032034777756,0.268281004027989
-0.785933034540808,0.233459814304904
-0.844821633243475,0.248784895108033
-0.788544638395171,0.234053315636874
-0.817529774249836,0.216017831546148
-0.846177551008547,0.177483038930321
-0.811235273988752,0.209541944990083
-0.864812545216511,0.158496269204983
-0.854942972407821,0.0948180662864221
-0.819712038739062,0.0825519641528621
-0.853319631189509,0.0426389160754478
-0.857446801166633,0.053477811144158
-0.797948864135416,-0.0158411238810184
-0.802833925881771,0.0311611793591072
-0.781627808918088,-0.0238788053933618
-0.828733368266424,-0.0229597956925137
-0.763901926023336,-0.0304276171628606
-0.807112847797852,-0.101332033577932
-0.799303665091288,-0.21116188928106
-0.766691141570696,-0.180741101903802
-0.80053492937749,-0.235265076750718
-0.713300642051074,-0.316427128754085
-0.684391532241738,-0.315844708828784
-0.695275287329903,-0.341108308846147
-0.632851040905873,-0.367089723452012
-0.69049916582092,-0.376628628975574
-0.61163005159809,-0.403122511638875
-0.614504646652968,-0.480324834898165
-0.571042390150912,-0.456957975134478
-0.603684858321713,-0.538604826309407
-0.489174964814122,-0.536098317574327
-0.403147601602787,-0.57121423209293
-0.462500161291814,-0.561949982557996
-0.396479031985887,-0.604139138413688
-0.277226491196672,-0.63809021664503
-0.281965950210837,-0.639506966701248
-0.222866285545372,-0.655050877619885
-0.151975490861289,-0.707421148529771
-0.186095112959082,-0.698195894736035
-0.059092158113135,-0.689089136440332
-0.140858839326563,-0.720796699685459
-0.131543004253766,-0.810767777629205
0.0137656765952224,-0.727428804630997
-0.0496486047811775,-0.775812611830714
-0.0248533843622543,-0.773908151391385
-0.0585950137084191,-0.792164326547418
0.0122037389187846,-0.800897019985468
0.0578933216562311,-0.74714600935381
0.0036925868382703,-0.806546965665333
-0.011527593101493,-0.73121741371678
0.0693082607577844,-0.818901373151279
0.113463240505103,-0.760622642331914
0.114899124298375,-0.736767739072612
0.106323096778966,-0.717623383465761
0.118828922708873,-0.745617393809724
0.101380224956654,-0.765726362686351
0.124173644432419,-0.720139217178315
0.0205919127868205,-0.773946382929353
0.00769106670399569,-0.767933498355351
-0.03850366164492,-0.636942758497551
-0.0206651799627265,-0.673849777899417
-6.34189783178749e-05,-0.654198592269463
-0.0454024450947338,-0.667752456049939
-0.100919451948931,-0.606119071671773
-0.0914260247568971,-0.633293496242093
-0.0818128078076779,-0.536879950182175
-0.0541307156715476,-0.558237405247337
-0.193096771125129,-0.573103098341077
-0.191394154878371,-0.570420612703331
-0.243868944823223,-0.536835917615528
-0.25628125827635,-0.577185032270216
-0.229725570247885,-0.564897787246442
-0.33789094299164,-0.500372690477657
-0.315677382277303,-0.478303926904838
-0.349031758741018,-0.526743780134354
-0.350857342969676,-0.436762273769345
-0.438135374423909,-0.535927537322473
-0.407209397639478,-0.525944886646609
-0.46165318617915,-0.493333197992783
-0.447223645760406,-0.441788153084008
-0.399310810105228,-0.492673444946038
-0.39793774809183,-0.449908674858985
-0.411763415502103,-0.445519512668562
-0.441747374259926,-0.455412269374588
-0.335357255123821,-0.428696278649115
-0.421267698445371,-0.430907689996432
-0.381418209055673,-0.537088537322104
-0.389961580423904,-0.504811679196452
-0.378788527770965,-0.504398516819106
-0.421256945131201,-0.572662087019829
-0.362026179266558,-0.596866256108955
-0.302879200039515,-0.58741752965233
-0.248889352852595,-0.583682379099099
-0.24557254369467,-0.596488279263044
-0.267123401007232,-0.665503879041719
-0.297502244109587,-0.668633353292989
-0.165985155453946,-0.657309395264034
-0.160668818770241,-0.667958057332936
-0.153111090854855,-0.721617558440027
-0.109157111955304,-0.71061061824987
-0.104145075056112,-0.692609861844208
-0.0470818781260374,-0.660788724696882
-0.0288111643417714,-0.715742520382912
-0.0472872205818792,-0.697900841435733
0.00665742869803671,-0.687210138083886
0.0152193861839984,-0.721930824172624
-0.0177203911571494,-0.703821499070973
-0.024373894812598,-0.74860665548734
-0.0140887475956843,-0.748275126018731
-0.0036318118452764,-0.730823690763233
-0.0233584632836695,-0.842082674815817
-0.00418181393052989,-0.807264251765734
-0.0341661962355608,-0.875686852310468
-0.0862782861469187,-0.805952964280987
-0.0777818394912335,-0.86644267916228
-0.157156100092345,-0.871868770250647
-0.138135075558182,-0.849271850600433
-0.145505642372258,-0.823729589488167
-0.234830678752082,-0.815318815927096
-0.171801839912125,-0.863301307690762
-0.274030621959707,-0.82703981937751
-0.283103006895519,-0.780880064675451
-0.312225803956295,-0.790094305592032
-0.379699928976797,-0.796350696964488
-0.440448932014313,-0.768437092965653
-0.520287967766543,-0.743894476700123
-0.496027338168591,-0.739645087968443
-0.529764708103496,-0.716303721953794
-0.550537838751442,-0.699443503415154
-0.567950260581095,-0.663114275587038
-0.606430374446312,-0.647419788364304
-0.6172553417992,-0.652775539165971
-0.676658794648489,-0.615167016517551
-0.685951448650984,-0.572399231594144
-0.701108836585367,-0.596378818841812
-0.722768645736974,-0.547111479407377
-0.769262622491052,-0.511696591851743
-0.776025995071082,-0.475966726251631
-0.762778215866289,-0.444570111219635
-0.7595468436955,-0.352642751303736
-0.752571717976776,-0.372676376242711
-0.774556921285542,-0.373694510574103
-0.793609984432805,-0.336262373345809
-0.795703607881266,-0.308182010173056
-0.767571862142818,-0.290554970045064
-0.795824638224462,-0.230535447890889
-0.8064609547804,-0.195151302851464
-0.804266792275912,-0.172529738303437
-0.8279344871902,-0.152104362163801
-0.817266678160729,-0.0987586364665995
-0.843900038585006,-0.0380886041376947
-0.869616111092267,-0.0197525287152172
-0.818316148687927,0.00372085220040017
-0.845842178698683,0.0494286634694386
-0.852740472798751,0.00422156036868934
-0.829929886932258,0.000922551746544995
-0.819225151802357,0.00222689781343725
-0.75508284461749,0.0711303459440391
-0.887955745638906,0.159959918107868
-0.886950122108046,0.14073810572076
-0.897563582883814,0.167889041025765
-0.895520110950804,0.188571581687924
-0.891829943512679,0.194878398660047
-0.848751816678639,0.245698158753807
-0.856285141044543,0.291034543439747
-0.789285511030841,0.309473244882006
-0.832933229550181,0.366684242809686
-0.822863470559761,0.358184623613923
-0.812875476010195,0.357305622067087
-0.745966071332426,0.371215669397159
-0.735873346858852,0.408268602886148
-0.748075308013128,0.371026213747081
-0.80670025690867,0.471646070104607
-0.730884993602084,0.409444545261053
-0.758669228386574,0.435946171562024
-0.743516775343574,0.479852551070094
-0.701930622212002,0.424565664738244
-0.730581324431105,0.464587493395911
-0.706744533570744,0.475571282037579
-0.676480704416525,0.46093746901355
-0.644166505482096,0.534214361931083
-0.665929608947912,0.494739299561961
-0.634310689002254,0.444976639957968
-0.572339389353464,0.477330992764762
-0.594865494618127,0.549379235792077
-0.585701667934373,0.444295779757807
-0.487404614780835,0.551547009125007
-0.525790814375705,0.499776057753882
-0.52085659248306,0.598005457583139
-0.533825238200978,0.603872013757551
-0.53949012985034,0.594270218317772
-0.45538925899674,0.589221229174454
-0.499016265088945,0.599342192949661
-0.492790802106652,0.61248455738441
-0.500201809944989,0.638399409594213
-0.453153375112769,0.674103787293144
-0.448975560487255,0.688755791348345
-0.433300399617903,0.71208397341425
-0.373753899295238,0.73831883096945
-0.368043053924162,0.716968405849263
-0.362052085056319,0.746315708956586
-0.3530192562865,0.772840741429854
-0.305208905634574,0.746856231519811
-0.280296623932537,0.839613889584735
-0.229509396974146,0.826311849291548
-0.260107861209444,0.811446574310001
-0.194883116073835,0.828545017385521
-0.161310802467296,0.807759130696722
-0.146288884128301,0.876285303220717
-0.0810419164394287,0.842288140508689
-0.0863764539566849,0.789653554645828
-0.087079907405263,0.795925515578848
-0.079626799734848,0.817982725324751
0.0226512362977292,0.821819791482316
-0.0496800518096365,0.733016832864845
0.00833944441628425,0.77406583849984
-0.00898639041336257,0.778912736301784
-0.00549664456410309,0.76338613996617
0.022842819899484,0.779246178553929
0.00727134086749934,0.75264250691678
0.0985728944619426,0.694768127349582
0.10279561215357,0.703791231351513
0.0186000915238128,0.760233316802866
0.0227895276883776,0.742676242405405
0.0161380070609145,0.697945272550155
0.0844662384131896,0.718592840781597
0.0448920260332151,0.741795814928751
-0.0285378277743774,0.773290370729213
-0.0192739522722288,0.784159134239417
0.0268678414638566,0.677646304051352
-0.0220473408174218,0.806182398172166
-0.029717494720567,0.75644808430805
0.0599436293691735,0.808535007369168
0.0219690538229214,0.835407204968244
0.0492460804191305,0.740896744068927
0.000377991118813608,0.806533964057414
0.0246650715692555,0.813124098114541
0.0278356620387621,0.820164768107886
0.109323370074256,0.884017862943067
0.130435193099902,0.846298064600904
0.136857940309277,0.838007964822033
0.245135421455491,0.797782421817467
0.158203642177845,0.830584833991806
0.240165767318999,0.777922148743419
0.24545100862374,0.797405732598644
0.250941110810597,0.806051313168721
0.231348739740154,0.793516966992962
0.259135471427754,0.747545371442407
0.300109099931992,0.777497478571958
0.315027959061509,0.769536321597996
0.334668904507011,0.690378721896038
0.383947683829755,0.723107822174859
0.373093684296159,0.677197050802993
0.409501841136104,0.661639990477145
0.433233539098251,0.650977405593914
0.462710371186246,0.602659027748768
0.458467042361948,0.626510349835897
0.39901830998134,0.62893592170192
0.500884076332558,0.600436964163011
0.477861932048133,0.599867104042333
0.446216357823147,0.576333457877912
0.465065224831858,0.491260231358563
0.469912142963831,0.502708844343299
0.44063568381831,0.537806059057133
0.448329464827158,0.429993504638196
0.428600200430084,0.349248691865512
0.472665742016628,0.352394443874618
0.404333866755915,0.285078690694141
0.451493785636394,0.258750649040059
0.45084752030609,0.144108902669525
0.467481811691187,0.127187928559452
0.385734106807973,0.0845765068163253
0.466404865993564,0.0457348831895498
0.41377455649052,0.022249548248804
0.507306044185872,-0.0445825101326195
0.448037241011729,-0.0694732978694073
0.479041975995894,-0.0240491081186026
0.356679203410093,-0.139235538039427
0.378280324247547,-0.138936922404816
0.40455048056282,-0.14639375692905
0.375345172604903,-0.148234725107105
0.320601398069099,-0.230712937358191
0.302953422243516,-0.232645720330431
0.326730658937148,-0.195893123542674
0.408209148442536,-0.230219433145497
0.224466610961993,-0.229068406737942
0.306619437038524,-0.285326782190617
0.180434827218654,-0.291154662889212
0.297825980231825,-0.300114947738633
0.261601770256364,-0.316135562819227
0.232597947340058,-0.319967545850234
0.203450745189153,-0.356076974390757
0.0411871943498018,-0.280489178444045
0.0549048622147495,-0.377344838657665
0.115915398565793,-0.4440427788177
0.0561580098466293,-0.411128689298032
-0.048864993609434,-0.447402645469251
-0.0215005170498284,-0.471150547617052
-0.0512940778852882,-0.443565143860808
-0.147611869405678,-0.489130811004517
-0.257858421929269,-0.470825254501165
-0.218435554520553,-0.456375002912163
-0.297983865615864,-0.436757678034977
-0.262346425981408,-0.378897273113312
-0.306044807504147,-0.43089039353289
-0.426249530656872,-0.450819954481087
-0.300807397346799,-0.364973008217473
-0.347950367920799,-0.357145044113035
-0.475366384055889,-0.336212275191629
-0.479056955807071,-0.327066396456661
-0.39510178240373,-0.167117021612597
-0.461339355635776,-0.174001206828067
-0.551233671815157,-0.0705443849702624
-0.508376518072186,-0.0381762087424302
-0.570378811333509,-0.0509103761121865
-0.63063199496755,0.0657492776189085
-0.617539354412993,-0.0455734742210823
-0.679237783222506,0.00294282616618098
-0.671405843358909,0.0173547416324626
-0.699083658096262,0.0995292419455939
-0.656394070844331,0.0379811405368826
-0.72519452383119,0.201137570635068
-0.714381613136144,0.169798543170366
-0.72736518285192,0.211932360745085
-0.755456812968624,0.264924496844704
-0.712117662754458,0.291059394694427
-0.758883191203435,0.312856727773753
-0.675142109264514,0.254819205104533
-0.713008798101835,0.353179904279302
-0.62296726636711,0.411130434554313
-0.77580621335649,0.37360703663842
-0.610073703884546,0.432521089774832
-0.62401494994497,0.414628456528407
-0.651051649316388,0.517631134470268
-0.555174557361294,0.516274052869312
-0.477432635381963,0.55758295048822
-0.462801226431941,0.577597812608851
-0.492236559472203,0.588485941937802
-0.470161996992733,0.50409134305442
-0.381776467263085,0.577660878621748
-0.329677115937276,0.590483917653169
-0.358479757699129,0.618354315253534
-0.340831081863785,0.585799051345378
-0.331891880511598,0.616676923864184
-0.297251356504531,0.586777767486134
-0.244869587542921,0.573519330559841
-0.255620748358911,0.60913175095436
-0.256343985845105,0.684140450960415
-0.198296994239306,0.623990055562173
-0.16213325180388,0.624729574851335
-0.222545646183354,0.731503216349321
-0.137365026564827,0.64848191974757
-0.181383915762433,0.671098678932374
-0.11447294626161,0.655798088843867
-0.0581120695647941,0.707023607348913
0.0291863867792877,0.681819375543121
0.0134535893329777,0.663289793357151
-0.00705724859275552,0.639948387038054
-0.00908112251010254,0.618328023054848
0.0244907155524089,0.63895857365325
-0.0120898853243752,0.658284793875637
0.17409752830178,0.62607411533018
0.129627712564264,0.67193045907878
0.126672311037282,0.635672211716943
0.216387142256851,0.517702937975287
0.293958470950105,0.621571588956003
0.236177601373221,0.643554691003666
0.297950373344173,0.56011997640681
0.322073733504536,0.565787185034303
0.361616618676072,0.577931548059959
0.43930256822704,0.454553624205333
0.454066156021405,0.610567740621813
0.545502563353997,0.532421310307607
0.498370050343151,0.55865253815172
0.542267833045898,0.553576922953309
0.647856832194255,0.483075388997218
0.587847459434505,0.487929069729075
0.700338075069782,0.435642598751602
0.641159965964281,0.394880848335796
0.634767155919906,0.446158695404934
0.699582988333344,0.275433051454559
0.763177327941767,0.286832103146174
0.714084181243508,0.258212391760022
0.734844033397524,0.207418162514959
0.762760985993969,0.132485721768898
0.728898848594745,0.118888707541084
0.765556841925349,0.0989889143163486
0.791027908290157,0.00383874383041818
0.743265577459963,0.0118656428668172
0.717618297024309,-0.052632876738416
0.598908239553122,-0.202033571130232
0.659356677547255,-0.232529288052163
0.6195935799167,-0.216415608318653
0.587804942706565,-0.250313156271705
0.571424903160014,-0.210443372107498
0.54410472810984,-0.237002111086193
0.48007776215948,-0.309940345528041
0.418235720242781,-0.25606764544078
0.452393290481364,-0.2948092007341
0.33091036940613,-0.376351142904
0.373090801314493,-0.300259299845189
0.31133898263568,-0.328067217874777
0.140665930464035,-0.450318974000709
0.262348457958859,-0.391378118896219
0.17496982232113,-0.555999672032425
0.108501187336353,-0.481296694573496
0.0378199194257151,-0.445765297129479
0.0199057553241456,-0.540793258102926
0.0610037362233581,-0.563362088099387
-0.0456019734111523,-0.553974437371372
-0.0279845977883381,-0.519924294973876
-0.0999813723076632,-0.515509854501257
-0.230532817908393,-0.462627487004514
-0.231835237876778,-0.466353798584948
-0.355311021323116,-0.444964665674402
-0.267972113322902,-0.489877183574961
-0.302481335041475,-0.463918044663251
-0.408139887070026,-0.447474050363181
-0.332077379132162,-0.402827458038429
-0.506258426751582,-0.337251181331054
-0.454558722576403,-0.393000565086848
-0.568410606849353,-0.43033978882847
-0.626202480425104,-0.351413742781614
-0.652069335041542,-0.291814813112348
-0.602700450641539,-0.311451510993966
-0.60688704170355,-0.255227429128623
-0.594038767954601,-0.175865889126008
-0.723633440669547,-0.189952625767622
-0.633548711736317,-0.196562820204296
-0.667895351609842,-0.284028932240851
-0.717362651333372,-0.265178234795682
-0.742993283034215,-0.262648720045926
-0.698514159653572,-0.297356059543705
-0.664051035479274,-0.294287915223232
-0.768459535036068,-0.385295969193568
-0.703097219304489,-0.288317701435739
-0.695665319955585,-0.399644235877713
-0.723955561051842,-0.4144496894021
-0.66776976654133,-0.29888895230001
-0.684495347327823,-0.334458379652365
-0.579148134825208,-0.394327183454887
-0.630559817610631,-0.42113783017584
-0.703422960731613,-0.368195616984074
-0.62043615873793,-0.445621970149875
-0.589523780219737,-0.439715450998555
-0.605111796106557,-0.524966181419868
-0.607351267243617,-0.500509480910416
-0.537306037826226,-0.504381508964671
-0.499843141110242,-0.591643420190648
-0.567383797244542,-0.612898931746279
-0.507861449100335,-0.617046152317498
-0.502261531272558,-0.595512698387402
-0.540809087586005,-0.727386744815411
-0.481256609368304,-0.669066744330113
-0.461602713384248,-0.642778752465776
-0.438085784056111,-0.630005651901634
-0.362240986008047,-0.711472569595392
-0.353085752427228,-0.723138897370838
-0.308385746953736,-0.701222482430141
-0.320350927057703,-0.732347398270398
-0.397910376040247,-0.72650455005206
-0.359811661618113,-0.792490965706221
-0.318991791303855,-0.732590960255394
-0.225347588744764,-0.800866869744512
-0.223032390192589,-0.764328845376264
-0.0919567531919016,-0.731527654430207
-0.175191752233895,-0.770320031653575
-0.105212267155658,-0.735157148258635
-0.141891420629716,-0.69426598655171
-0.207836118162127,-0.735867951673379
-0.178156646444094,-0.808377422711353
-0.199671238262352,-0.815410022122376
-0.166876939758685,-0.892788165329062
-0.130806487501404,-0.860517429274724
-0.154269583085152,-0.917210533080016
-0.161931116049491,-0.835361069596975
-0.124542147076611,-0.875906504495623
-0.0435043052558036,-0.918735826829961
-0.0529894432050989,-0.846441390141018
-0.00123109346223332,-0.870263262800915
0.0215994232855264,-0.882872812317384
0.0298864585498922,-0.87750163092662
0.0305690010410583,-0.922569439307511
-0.0150349161012437,-0.857717113962041
0.0685979847260295,-0.889059965426289
0.07622135871176,-0.905237273867789
0.084982809422257,-0.835959034200119
0.0156642456214587,-0.838930537267177
0.0802391018974445,-0.909981545358501
0.0359334582069916,-0.806198687782825
-0.00189166098378977,-0.784149347490311
0.0516052816614408,-0.833603188127793
0.163153942542342,-0.804484797857204
0.00832688043513616,-0.867923183864396
0.0491302376362322,-0.858609969959544
0.0759249458904236,-0.864048547658597
1.57701916543611e-05,-0.837512860955215
0.0191943453305557,-0.744390861238942
0.0278445401081032,-0.808076552429601
0.0644207928515277,-0.816518441320786
0.115165260344116,-0.845586951132849
0.0132524320523448,-0.831833545288549
0.0668717028646587,-0.825784519945284
0.198749889648054,-0.7833138562241
0.0950021829846912,-0.773478486483023
0.236157550705629,-0.763190155383514
0.250908347163484,-0.721766660059374
0.283960652543069,-0.714476093904671
0.314972096101856,-0.738128956590012
0.299915073489178,-0.780455060029675
0.312196012637402,-0.780430601801132
0.338470939899656,-0.796392749215199
0.402924177542889,-0.745043522323769
0.419358876970034,-0.72284718146752
0.339612229694731,-0.738557372769181
0.408190380046805,-0.699202296633865
0.416106996035052,-0.76666850302107
0.457768168952779,-0.72813323895398
0.462333314478306,-0.719969293091008
0.471590878648929,-0.697469258614629
0.47305706545292,-0.714713137311536
0.465023293417754,-0.642366408558672
0.501536715570981,-0.691487517317058
0.522619396633247,-0.701967886376544
0.598257693956312,-0.680477173578881
0.498072552236587,-0.646053454742523
0.531812004188168,-0.653972010192709
0.57272840753008,-0.694053579353589
0.572323527852558,-0.684358935688501
0.557751134443146,-0.722021070295241
0.502980475129878,-0.72652109661657
0.455157599573583,-0.76523994014841
0.493160319874787,-0.76273491365826
0.475613894704878,-0.778512154438182
0.515662399340611,-0.773419830209461
0.520916915035791,-0.744277981651548
0.517215826480607,-0.746816493299014
0.546886398048644,-0.727981326876743
0.588934104963103,-0.721705169967922
0.576936549319221,-0.728646529422003
0.569367137151423,-0.683636010643598
0.585769324807601,-0.719997601762154
0.537366514721118,-0.748925380097397
0.522952699903375,-0.7170909471784
0.551760421838227,-0.742190403603988
0.55950505879898,-0.735333569033487
0.546084937329262,-0.658050180820598
0.571086512117644,-0.694949807318056
0.504665531794166,-0.714513866436101
0.55512391574804,-0.584417151590923
0.539883402561256,-0.667346188750827
0.537555521237729,-0.630239862860809
0.619338221917983,-0.588709133591173
0.54827414661223,-0.665342398691179
0.638283630708437,-0.647043573685444
0.675003532506629,-0.594069711560721
0.698797838417191,-0.577062870043696
0.719881283985633,-0.541292719105435
0.738496953072153,-0.491956664915533
0.745281783089604,-0.441693514503269
0.720883631840475,-0.469841331870553
0.813866699501741,-0.445843936000732
0.793732097322344,-0.432378912226164
0.803270280368981,-0.396473022156474
0.811803219892943,-0.390548089940077
0.814101865924944,-0.303519789522673
0.831435638513325,-0.29159519283599
0.865395644856288,-0.304681009616068
0.768915134958566,-0.369255762620714
0.722800921432716,-0.291352422943161
0.665305494773155,-0.273818997929141
0.757553198858161,-0.272694630587497
0.673188042920652,-0.239153807480568
0.701583907586308,-0.378347302616951
0.673179020188711,-0.383644208526809
0.725460863455038,-0.360428202225665
0.627561627176758,-0.360330179904033
0.669763659135924,-0.375120896333461
0.640148001887691,-0.440362764941823
0.670386053364585,-0.465133928143028
0.596714053018931,-0.344275252536442
0.590535080702805,-0.469495681170019
0.477703716698591,-0.37069730463397
0.523798191412407,-0.430445338396132
0.445301466535543,-0.459072846830062
0.407262107565834,-0.389690606359601
0.369228246059741,-0.321448164743629
0.428436492273956,-0.384617006277068
0.345531931098558,-0.428910769685488
0.381011325584378,-0.452240959791674
0.346700520329838,-0.354881535772281
0.439002223066599,-0.442710984674653
0.333542264791863,-0.293651455581237
0.342993345875413,-0.253552417039988
0.315830249459805,-0.320580662331434
0.284240044344234,-0.185456073008987
0.404782999555246,-0.314904957357055
0.301490235235266,-0.219032427679742
0.167490698371621,-0.206296344648631
0.153056417105687,-0.0915701380164623
0.281325684405502,-0.210180619062366
0.256381996326648,-0.0982428715645036
0.285137009560738,-0.0882759335410825
0.233026281565975,-0.118198306174457
0.278122261770839,-0.136020194199098
0.29678947060289,-0.0697490178793342
0.369366056343897,-0.0364905847427026
0.393463026164264,-0.00948452604883509
0.313749905260921,0.123174525586593
0.34397152835875,-0.0147069023128485
0.305106852405005,-0.0532559136656317
0.410645118117761,-0.032440858347852
0.19509687418984,0.0555533538952659
0.385132899590011,0.0498377101149016
0.294865606810635,-0.0407004654229708
0.327657994853489,-0.10325046167687
0.256704915168779,-0.0598672387213179
0.487139404181989,-0.0660196093813449
0.22624345979795,-0.0920587676720167
0.214757206763341,-0.010083940148662
0.257494305079368,0.0167198822268573
0.363373039033602,0.0130711737689305
0.448200824938152,0.0610190384129701
0.478334766065802,0.103706184865053
0.26017300304505,0.0623091110622142
0.295676995498749,-0.0493456432469047
0.387023844397584,0.0714485996778269
0.327094616308258,0.0173507860666637
0.546902849097067,0.0806923342382235
0.390100553175613,0.0658256843295721
0.260003054643577,0.114827187406693
0.330561871148022,0.13126332197221
0.486353196972893,0.139761646341939
0.369048746816804,0.114925530797797
0.473165515962967,0.20216496211009
0.422060276014625,0.113287756662679
0.315170683880691,0.0754156788243951
0.487749770980432,0.228610001744807
0.298314532428899,-0.00948284934596551
0.403513675195616,0.273846856487527
0.562274689671671,0.0808325062570761
0.296238819146442,0.0822927487875303
0.277687717270354,0.203596522005416
0.461520368177561,0.122438933605376
0.49405187288057,0.133843770985805
0.43365355631865,0.0628464455607185
0.40254294920559,0.10622789038774
0.402769738030262,0.0752790792443945
0.569216642792917,0.137295812851264
0.44361100631272,0.0215121040308017
0.37581983591493,0.14229389752409
0.526758031303903,0.0588910657743449
0.344270300885256,0.0845309156996888
0.402801353942438,0.0602607384722673
0.415016911314542,0.123996032546414
0.261848845802686,0.0785857435148439
0.426577918382044,0.023495256082507
0.243599086715558,0.0353518267245078
0.305555336908465,0.0116448677423635
0.140401449878601,-0.0758998639520996
0.254052865811239,-0.122144790916529
0.3073670702799,-0.0663524923728152
0.30374066189015,-0.107666014316425
0.435057129175549,-0.184703048861083
0.502936818256388,-0.213057288639466
0.298363727653018,-0.0632126153328863
0.382940763120757,-0.160080653759355
0.431586753405154,-0.23148779179294
0.249013662587416,-0.209779945667582
0.364023746800938,-0.230591703240299
0.130368290245691,-0.1751952063863
0.295716686381152,-0.171865832340095
0.245579734782546,-0.200026526592143
0.392745101876504,-0.10932467111444
0.265067998813512,-0.187243944529533
0.194377506119266,-0.0310014358313145
0.362925980132754,-0.198886060251637
0.334682946925402,-0.0656580350692205
0.314295084327012,-0.199565685643003
0.285920743616114,-0.184573017880337
0.352004291986774,0.0258146921903453
0.254586302827476,-0.0744407663297651
0.387400101432397,-0.15477011480226
0.334185898957467,-0.0842174304130937
0.435447200804772,-0.0652315788782498
0.392939661482162,-0.110217919221254
0.412567052071033,-0.0632151730190067
0.325550101771489,-0.0534534504689396
0.482285856278522,-0.0618210149919993
0.496528636063266,-0.105621130001878
0.429455136999838,-0.0127944818987693
0.481972405955102,-0.0343960957629734
0.426311365696537,0.0729741365088497
0.597995205723939,0.0989706486855956
0.431780580999735,0.0456862824760268
0.552171227459372,0.0433053513991348
0.518772834122338,0.0449778783736544
0.523864727295431,0.044200277180412
0.522020016885453,0.00551687217026323
0.508393452208954,0.0524567433059713
0.496391835531282,0.0130290948309842
0.51691739263688,0.0659626314895467
0.592601018966056,0.0930679180870424
0.605536066729049,0.00375476497054108
0.593460896866226,0.0861418759226241
0.656645842439858,0.0433217352086666
0.683273791383756,0.0752705985650014
0.652748836139289,0.0615334908146033
0.682298209909449,0.0125701397862001
0.714881630149354,0.103810154579639
0.726073652180684,0.0498345250091286
0.769873187522646,0.130919988810956
0.70513542840843,0.119433960477062
0.757236365483791,0.154819875968604
0.839292618428381,0.202637430422689
0.782783023656202,0.237613455318272
0.787912780930434,0.258093255830039
0.736290740390206,0.333098192621716
0.746374613269098,0.337204095948627
0.730344830630803,0.424630140668878
0.778480605627876,0.444349217378687
0.715494331549014,0.493071209834316
0.730068530710829,0.421865102946689
0.683241717190292,0.502222292355131
0.671119835740812,0.52264543714915
0.71892129420875,0.537678282007254
0.721903368467733,0.553206419440972
0.76715377326556,0.551288172222325
0.758086032163916,0.540552663959694
0.729772201307627,0.579627578206205
0.738806629084471,0.541012766470206
0.745774821604399,0.590522173030962
0.740389235641417,0.598339003522131
0.71274964965074,0.613586008884165
0.72081261791795,0.603476313535833
0.660116099891857,0.59577634759481
0.628686018586213,0.66605412993574
0.66559434057558,0.648572001682204
0.653693318393921,0.622803108172818
0.648809340049852,0.597928911353031
0.670555856221276,0.587320747862913
0.669538888275998,0.625883960296588
0.663275544179604,0.638468576450605
0.618930951284565,0.581876664164484
0.714957218462995,0.616297561810808
0.66643003844342,0.621977326696437
0.703845946000506,0.651592923101203
0.610198971296001,0.645322319545263
0.665915634381226,0.656238010725484
0.625808131260668,0.632501950062232
0.67732807953092,0.655542759435929
0.624738889146217,0.583775485467198
0.633077825599319,0.650668899839309
0.672666326887511,0.636189160789456
0.658256552630388,0.625765309952632
0.591809711460405,0.571297803910106
0.647173476585951,0.632488085395703
0.603816026072208,0.632113432309547
0.581874269675416,0.659134731123928
0.587957563047531,0.675423630900823
0.555904471760826,0.640186870674493
0.536782665441861,0.635788587143759
0.530498876205615,0.663532450051334
0.609895846438445,0.612483467356562
0.671795676280178,0.576133194142835
0.568744385026361,0.713736582793071
0.667042640400543,0.643590602110301
0.623527187134984,0.638585352548053
0.618278306364256,0.662135233759309
0.642577894257651,0.691996498142494
0.67052905746481,0.698077851162347
0.593871819576312,0.639402916391584
0.652500559848766,0.623471954902617
0.623746764569398,0.6809688412042
0.666531370470718,0.595767387683288
0.702192666183699,0.561869313420129
0.684144608375963,0.553793183213085
0.702139019885862,0.568444622993613
0.679891052904157,0.52771096773804
0.737340251252579,0.498406148095153
0.598063959116722,0.507278826334444
0.713801539940361,0.538833338080029
0.697686339648416,0.583975106298292
0.662581279961265,0.569841799255184
0.646085169012246,0.521628356325771
0.603399654256953,0.54465238307999
0.645417056146515,0.610724484167048
0.593499205566779,0.630074557118857
0.538096992704138,0.632306995780713
0.517979101612103,0.642040715674479
0.483870677073985,0.660141005054915
0.491974547252959,0.683501052468574
0.421566807084543,0.688095054189367
0.353333817130978,0.671781779355098
0.410232251858019,0.705346750681571
0.37758316275942,0.699821092073688
0.263449512774059,0.662152703725528
0.350708171910365,0.786252156156608
0.250158405151056,0.763527236922066
0.325302012651695,0.757416694558954
0.134091720691058,0.780505244346096
0.108197285440137,0.832648265851588
0.131300589233462,0.811283453683818
0.155517613304334,0.791764415194534
0.0732661703445264,0.797828332160586
-0.0194320630004458,0.777723793619508
-0.0741027382569932,0.84418106013056
-0.0965951158335876,0.846162585536461
-0.138335831457017,0.769002492953876
-0.19680563278636,0.839241954068514
-0.241482774266687,0.797750474181554
-0.280551258155672,0.801162407772457
-0.299646480921542,0.775871921872296
-0.325752708949794,0.785010642108428
-0.397380416626481,0.791655084942678
-0.390225935645648,0.765844544540741
-0.417000390662852,0.762626318032363
-0.393574404178298,0.757225811379256
-0.424352707183341,0.764633907247627
-0.421195865855953,0.782912277341733
-0.469449366847544,0.752523439315867
-0.469635556500138,0.742010400549585
-0.506463091816723,0.760529622498197
-0.433524936402533,0.74036528569306
-0.373483720932143,0.717403999308347
-0.386072291674109,0.768460880818164
-0.423220797665316,0.72668792688098
-0.350256131005018,0.764095896712237
-0.431912438086884,0.761976065055273
-0.316577643784725,0.775979265334743
-0.39049703707499,0.719287480217056
-0.37176465771024,0.740316706872559
-0.417993242813397,0.74755704674322
-0.423591619714773,0.689498258696169
-0.407634347699043,0.723458653171283
-0.411413033379316,0.700091530138431
-0.385680149804932,0.721702180393004
-0.350706644411361,0.735044264700707
-0.36538728448541,0.742058074297885
-0.344818691047922,0.800720176921944
-0.348866192241811,0.77724540575722
-0.315612286968989,0.788231801645764
-0.302093993520975,0.794649906674456
-0.279960347482847,0.774329099465309
-0.330023275745979,0.807501362774618
-0.374415924414096,0.777507074829693
-0.390487479454427,0.806085503361898
-0.341478393585022,0.840591117138556
-0.351161146367949,0.819063490663138
-0.35149806979573,0.829546366851541
-0.322663698403459,0.803342752650164
-0.343433050157786,0.757793588414946
-0.361070065004062,0.80865111451583
-0.360653776031547,0.830107527890683
-0.302660522110842,0.839881837002103
-0.272257474830313,0.830039489632903
-0.261101192973436,0.817118018937325
-0.263816269146658,0.808528499905218
-0.260567160143851,0.827591014061096
-0.303194705153014,0.876865209977981
-0.293375796727206,0.838235673280691
-0.264620826900531,0.901405947679208
-0.268374572314184,0.920484716033672
-0.262902282945932,0.898685306575421
-0.260122402081334,0.884531032568994
-0.240508257456393,0.853844164533108
-0.264800670654007,0.837130663618197
-0.264364609173073,0.869194802168894
-0.27234486363144,0.850040754226245
-0.299011621085685,0.82302720206579
-0.291026550518641,0.863313794813336
-0.284670406305409,0.892654361937691
-0.353929273643002,0.860785586669349
-0.349146134082477,0.853770459733636
-0.331140366615517,0.85539276842025
-0.42288650253777,0.826797402219931
-0.364311334745824,0.857766019239149
-0.441867319298441,0.793469655851054
-0.408920592151043,0.806236305527778
-0.425907455807005,0.786653748204653
-0.462618770760531,0.749980992854396
-0.505577524430915,0.713417226235758
-0.551808485310941,0.704078927619348
-0.587754805842013,0.631918304857932
-0.625463205842726,0.622607512305623
-0.576927206157723,0.566453167923528
-0.666805597532448,0.530229802280746
-0.646922022892545,0.555575525133409
-0.695949274790729,0.467285697050151
-0.675684050739231,0.443922282341924
-0.715926859259702,0.471935977126694
-0.760695339002227,0.336086972590682
-0.717141538384372,0.303858280335374
-0.774411243727366,0.267586207454988
-0.769023885199571,0.165234760262122
-0.789744409435487,0.159221915287453
-0.773516892093837,0.0677561706191257
-0.705308990170692,0.0233623989397136
-0.783767981870364,-0.0254005951814121
-0.703829104355947,-0.0617468455332185
-0.739767769270632,-0.108001241848327
-0.701865307765657,-0.218235055334274
-0.656930124030336,-0.182453284429264
-0.71203070499866,-0.27113543109699
-0.716474068906083,-0.220034547208446
-0.642427891459739,-0.302276961277581
-0.672920561686977,-0.322203431900012
-0.626585897595976,-0.307790832823778
-0.640355962321357,-0.383113146289984
-0.591239335442913,-0.425681457414142
-0.604389815802999,-0.443002899259545
-0.552138333537561,-0.474255801333278
-0.533531180398941,-0.482293318273383
-0.490277236888574,-0.575694429131643
-0.54351806567923,-0.581405535055478
-0.474849269696629,-0.614562834423996
-0.450829975768064,-0.634269235581482
-0.400683492283426,-0.693304037828196
-0.390316058338929,-0.633404761060997
-0.352249876363144,-0.696290976209754
-0.280632570517055,-0.705147923347471
-0.300445329544733,-0.716879423841158
-0.316553139007511,-0.673074847497344
-0.189986964952992,-0.756917210473102
-0.178497165296283,-0.74301566907155
-0.165532290735096,-0.736989524387232
-0.101858882847069,-0.762079223395516
-0.128751237131163,-0.797752886062066
-0.069711212371544,-0.81491136711312
-0.0275986651708999,-0.801783654608312
-0.0183056984286852,-0.781264672996657
0.0898393568391228,-0.812827645598087
0.0264369179873872,-0.805005558743337
0.150987466699265,-0.788651525502562
0.190020391806035,-0.81306742585646
0.152552894674984,-0.831563286754077
0.222639790573214,-0.780300851515192
0.257151690230645,-0.779665941496306
0.226585305746391,-0.812626330145843
0.261884186153721,-0.746311819996028
0.322697098890187,-0.763752674817287
0.314888197317714,-0.764836937458795
0.320447389324541,-0.785093456168112
0.266738883071595,-0.755764642848854
0.255625241230962,-0.751007904821984
0.349955073396558,-0.785958775914245
0.296276629473244,-0.777005118832285
0.308673059853401,-0.782346745850694
0.295882083185079,-0.800490994590264
0.30302430738208,-0.746716019316086
0.257256192252439,-0.774931051481356
0.342387502589172,-0.757136838938342
0.327519142134039,-0.747312163568723
0.369423865904624,-0.804193291300367
0.349179334713641,-0.806164068651282
0.335118347689963,-0.803055959724329
0.338295274255584,-0.761769029318161
0.347974211102143,-0.692282615801019
0.27404684844405,-0.719163901581184
0.259267776174183,-0.678649530533072
0.245741022707616,-0.773639534134374
0.283854159509906,-0.739114384917151
0.202480992154279,-0.712780608280776
0.221138804224344,-0.715927786603801
0.188946843872148,-0.775419119742778
0.177457117133544,-0.743823439227824
0.129937915029966,-0.716295927414416
0.122975917758702,-0.774539865584006
0.126157721372719,-0.732051272835343
0.0513375772393535,-0.72869950480664
0.103229781000208,-0.814540106663267
0.0233190153191763,-0.78265869556824
-0.00219623498017339,-0.829835825139457
-0.0855653356331137,-0.763598549654959
-0.0458069463932922,-0.861985072911985
-0.0756048613721447,-0.810047572145211
-0.0809756623382193,-0.846946810562627
-0.128535793453119,-0.831785142268902
-0.128048754228581,-0.843264571480839
-0.188339132784557,-0.83435743518074
-0.257922913275001,-0.83095719590029
-0.212414196016053,-0.876997933686489
-0.287552778478191,-0.82628682372458
-0.246978932515857,-0.811239702313523
-0.300768410129199,-0.801097091695929
-0.352565408345575,-0.801687296918315
-0.339529187107722,-0.789103689715895
-0.343031892750594,-0.782050353581993
-0.416943481741286,-0.795689619510153
-0.395568869191731,-0.771569433083685
-0.461239476888758,-0.705337415316712
-0.512883575080295,-0.712698885914111
-0.53064961574985,-0.649474330282293
-0.475529010373976,-0.664569374644332
-0.616290449651705,-0.619067177208611
-0.548808083342242,-0.635931180746372
-0.567186526849031,-0.599439882563442
-0.657095001450708,-0.576065678850237
-0.599354215166749,-0.590029642192978
-0.60636428513963,-0.585053997229041
-0.615892255868699,-0.539274921530387
-0.698453524264495,-0.527664526994257
-0.669334458851349,-0.52228518861282
-0.631213197381059,-0.507307445739393
-0.687331088874561,-0.520575200434537
-0.703071063659875,-0.546868158109286
-0.655537309083111,-0.551212393074545
-0.694752607372376,-0.570981495466663
-0.660238943134442,-0.558223934418988
-0.697401661127572,-0.536310325973279
-0.641649357514638,-0.564307123033106
-0.598400066163636,-0.605997031036193
-0.623675178821484,-0.654016850217229
-0.529914323279207,-0.647656114052649
-0.517561585788217,-0.714819212914004
-0.54844865526962,-0.702229264253882
-0.509306558820731,-0.756072810990776
-0.513910828475398,-0.751765044710033
-0.505394960487268,-0.753753908684743
-0.453517909683037,-0.752336657633396
-0.467822917714422,-0.770752088352333
-0.490662785187527,-0.8056417738261
-0.452699062489829,-0.844602946271854
-0.450992851348666,-0.826079483674558
-0.440389146284459,-0.834306665907236
-0.407626436006152,-0.849716370996629
-0.422465563828228,-0.791274668072511
-0.43211584775119,-0.841505747572986
-0.389578265698181,-0.841754034670479
-0.356102458034205,-0.849373775295447
-0.307142915406956,-0.75736142346743
-0.311476441747238,-0.800924467520851
-0.267953098051868,-0.717108914480415
-0.320645224983631,-0.832047311176033
-0.227680987069084,-0.804679903400047
-0.2389768700973,-0.789305436564037
-0.26777376198473,-0.847151186427213
-0.20891546521678,-0.804561464610706
-0.161199573007818,-0.759152433979208
-0.233401129268238,-0.777615938209539
-0.203166820638715,-0.756460867415928
-0.153692333239089,-0.738774126740828
-0.241099923501185,-0.686709954034722
-0.189819790996805,-0.695312126103399
-0.207401294246179,-0.633000654520491
-0.275210532166903,-0.704288860638636
-0.357225791357918,-0.635499204160853
-0.234439241784343,-0.585467356409708
-0.35760253355174,-0.529558110467131
-0.296322908850878,-0.570523978520159
-0.29252425999761,-0.445013323418827
-0.301665540566398,-0.464819692536368
-0.37194479476622,-0.428448673450731
-0.434613539868227,-0.474369288423009
-0.399232965746137,-0.456943314066129
-0.447110414378014,-0.28904303448935
-0.49613448400934,-0.192298818109002
-0.485093258292916,-0.216228128711468
-0.411078169034925,-0.208988479250217
-0.508214088009238,-0.23574902326673
-0.506067941584447,-0.269628178400622
-0.510270362962823,-0.181308499024016
-0.494667864763872,-0.172464768170881
-0.478045855422747,-0.115811584715419
-0.479477272261255,-0.0781503780635954
-0.548500773730264,-0.0546625169925389
-0.469726239199277,-0.00307908103842127
-0.453407320052798,-0.0465064719324749
-0.518345156766613,-0.0719624392626572
-0.557180086183052,-0.0361063645526371
-0.52424057112076,0.0452582065759405
-0.486788949734332,-0.0356731767318552
-0.474387843380973,0.0340875803364937
-0.619984815542045,0.0271855482789327
-0.642161346349622,0.117144753079941
-0.573487927379264,-0.0122076442487786
-0.702448417331656,0.0746691716600089
-0.701888351025691,0.00867039042923522
-0.732236227094138,0.0846363510129364
-0.745454749272775,0.0277068460309913
-0.704767996648723,0.168651098443894
-0.70131641370123,0.121987563330153
-0.701390821481955,0.099476637314493
-0.629258035022726,0.109776528160294
-0.788724811550707,0.229608183051509
-0.744112053555361,0.205860764738168
-0.772367883003493,0.206798708307283
-0.722286590240707,0.214763584443482
-0.728708231222352,0.250826433363877
-0.762027028674933,0.314875917476763
-0.767136350447685,0.294807499216821
-0.853612837341349,0.30873809501206
-0.749535627322718,0.282747508269531
-0.830831343661292,0.355559863303404
-0.803394168894587,0.346355812430299
-0.832836916372564,0.308540240660739
-0.801264523216802,0.358934088713318
-0.843326668668712,0.37140616147578
-0.810409558445409,0.393171932975076
-0.84344754025604,0.392160910142707
-0.84466500614935,0.402204499061268
-0.831617657401326,0.438860078479755
-0.819850325106088,0.447006644867123
-0.801487011674582,0.464575699765649
-0.800820475228161,0.473750015814274
-0.821968056802111,0.490992638153592
-0.819238263856138,0.486788458661936
-0.80540564755893,0.482444569397793
-0.790330182837745,0.438259434795791
-0.797784474122663,0.461050270110177
-0.745932590630712,0.43799026389563
-0.805116773157255,0.470645785566823
-0.792880092100249,0.427056525498739
-0.746338764040593,0.481792792944646
-0.805871046719469,0.456378352008187
-0.737041668431972,0.445473646863432
-0.73082785921046,0.429513686407448
-0.770244892477342,0.445069828539482
-0.761219737110326,0.43165085302283
-0.780384690144618,0.388043984354726
-0.71853085927998,0.400604627849773
-0.745228108146124,0.366256740741676
-0.690158022241902,0.338741808861248
-0.69126662661095,0.29446810519225
-0.750990601613324,0.351969004042301
-0.728197705523492,0.324390780822555
-0.716942556413052,0.356082490598036
-0.735743222912088,0.314309453655749
-0.68749326047805,0.374495878687792
-0.713709499631909,0.33367931691401
-0.669296096861572,0.330204231010846
-0.6665433844474,0.273089911130455
-0.553975728029723,0.33591878722721
-0.567524820999887,0.312142592114228
-0.614980480683408,0.361710301516648
-0.577976256672815,0.288425044766172
-0.5041594601444,0.33900402519743
-0.49240347033556,0.279785654581846
-0.537954806723624,0.329465027846499
-0.535902141438372,0.294757583533031
-0.555953143791998,0.301870916867103
-0.495679582607737,0.313320057976022
-0.417151725043049,0.270034802149209
-0.508654397588157,0.250928030231674
-0.398816293441893,0.265511899626019
-0.427093414383309,0.291310581679936
-0.402316893031882,0.2199864911874
-0.413166417439088,0.317840759752104
-0.498140773192312,0.174153939208033
-0.431250481522059,0.198886698406634
-0.435955627463405,0.224891658469077
-0.445061440310625,0.122701617844122
-0.436859992706588,0.0660259090543529
-0.454262816144655,0.20789252271343
-0.435740002198637,0.112019718957306
-0.454388967070517,0.128263661628019
-0.52445103056397,0.222580343259418
-0.49795088165797,0.227493418416791
-0.306511998556843,0.170803521907293
-0.486304305979489,0.211523118375755
-0.356080448008356,0.216341885155349
-0.36168420738996,0.14446545394367
-0.498726523152224,0.261360782945495
-0.448745417605964,0.138689204490742
-0.344283238133492,0.155371651796359
-0.461949187858033,0.188222829545674
-0.389626631247784,0.159237271815574
-0.271818220576212,0.243954278506345
-0.241480225215081,0.209611579600098
-0.257797035934476,0.127118520908388
-0.203599065169162,0.213074323512753
-0.251635096961587,0.2775788977312
-0.117377100301542,0.202538465203327
-0.314499329329748,0.350862963613877
-0.205110395062003,0.330331281804695
-0.147355010001085,0.302563005668262
-0.102977567741629,0.241946319488098
-0.249695678255088,0.281967571029463
-0.25335005209548,0.277612796171752
-0.388764788372644,0.261345897438602
-0.390169432473831,0.155364155843187
-0.256415475197017,0.224943166875325
-0.337247090068239,0.340064086533377
-0.201403897804616,0.261781332936931
-0.241272034458207,0.193574551698718
-0.110976939516753,0.192009999253345
-0.193493174449528,0.102922532118477
-0.0824870433775732,0.196794041457809
-0.152965256163802,0.174415232824893
-0.177462899356976,0.202212003351621
-0.0132182879808229,0.272950144705825
-0.143529391639785,0.255270787972813
-0.0937412420938549,0.153791242147564
-0.0549564750208557,0.246136997129829
-0.0461053659587147,0.0237713623569055
0.0375132114073717,0.223826353511581
-0.0412122875629483,0.080413409715682
-0.0861582395509979,0.230784194962211
-0.100154408234957,-0.0424656194397853
-0.1481266879517,0.256577005733286
0.173796501577366,0.0293979398511333
-0.0152707535199739,-0.0299017867970992
0.162138044266665,0.0492815897930333
-0.0613979513954638,0.0686539462671536
0.0959728235406701,-0.0256539666045055
0.118305731844908,0.0361145030315003
0.0800409146597647,-0.0647382335881699
0.0992891736795331,-0.0537375246587462
0.0801049440837423,-0.0205583390322173
-0.0243282940007899,-0.0583217522484687
0.0507000961818254,-0.119289969895158
-0.0215127583242773,-0.100166022461411
0.0260005354090862,-0.101448812517451
-0.0112983400791746,-0.133844551428268
-0.0379301429968695,-0.0907668952100967
0.166358095770224,-0.232041690908958
-0.125715379071395,0.0184250284841228
0.0422516939547021,-0.216116316047619
0.162970769856972,-0.141578384509148
0.259344434108707,-0.116520370460471
0.170087520145403,-0.104278763316506
0.097668958846035,-0.0106081866354267
0.13135098423107,-0.178531453783826
0.194238391806489,-0.130170103065029
0.0438788070873706,-0.245931489653109
0.084622696382989,-0.106342951264499
-0.0283050500055133,-0.0301113247589795
-0.0178549659059815,-0.188129744374366
-0.0248998293886466,-0.197038347563731
-0.054332939231488,-0.155999305463552
0.0921543297978547,-0.0278859507983583
-0.0550596771197002,-0.388657387852467
0.0514269203733826,-0.216635513617341
-0.0304581498778448,-0.289023617182303
0.0368180067569069,-0.182216796502186
0.031922199319039,-0.221137898287306
-0.112375501307802,-0.222468886137996
-0.0582486259551421,-0.0183291044255446
0.0730698581837797,0.0365527637099829
0.0927180936817151,-0.257958381865541
0.0415626516565662,-0.246479861277238
0.189718195374873,-0.176550077399787
0.0133016513227726,-0.144127755433755
0.127963280397926,-0.131788933619183
0.115240366470066,-0.135673520962755
0.024510270018855,-0.0274825223009472
-0.0283686465796986,-0.0447371310195707
0.0686982772316831,0.0942469212318797
0.274204470207589,-0.0216080058442553
0.280119305805905,-0.0819939029952935
0.226047967686774,-0.0778691409173191
0.287941228509094,-0.0489978409465324
0.257586652248564,-0.198842596786379
0.335843988256045,-0.077904489037252
0.337127107167247,-0.169898157766614
0.295025491759137,-0.259321917192194
0.3423080994455,-0.364700553723963
0.239606006442929,-0.34726920982588
0.231552249787886,-0.300118316689441
0.22890342237722,-0.400093373703558
0.294195093824453,-0.33126788036403
0.369268889336591,-0.26211280193373
0.47945652722933,-0.406580833881735
0.350315816469812,-0.435217564989764
0.447391328220907,-0.417976242179001
0.359744364303701,-0.25870004042612
0.518517711373877,-0.25745317620469
0.377307778536007,-0.211675983956931
0.469775620694981,-0.260845464061007
0.396557982298582,-0.23916699012976
0.434688073098822,-0.212302402998966
0.446394630294943,-0.306646613000164
0.365971659381282,-0.271322844553563
0.466880744417275,-0.268481839101892
0.405223761084948,-0.261953349679843
0.381108671682665,-0.380075521065232
0.47025421280919,-0.389040246035417
0.331862766270674,-0.427518303301028
0.3779151233135,-0.33328752252607
0.438179473186535,-0.384771025857669
0.471993863202178,-0.315072894707231
0.358896139128922,-0.373603777463946
0.349386159267204,-0.444742256826126
0.393284940283633,-0.522907467466263
0.387140523462599,-0.474826467631478
0.360209296812194,-0.492985538720062
0.353401769507573,-0.47086903332224
0.392235364572781,-0.460592983041232
0.394213283677664,-0.476323523059202
0.398086929876332,-0.472834754181098
0.351618130233648,-0.449228794503174
0.374202288897532,-0.501534332034553
0.424990184556054,-0.537859846502877
0.352205053608279,-0.511553980808814
0.357740192368931,-0.498739336283753
0.282946046065342,-0.517260724957346
0.390829556811917,-0.461827451014053
0.364507180955871,-0.441534646251601
0.312520563835467,-0.524573612971991
0.379226828660957,-0.451794440947046
0.210683168891772,-0.440457459657105
0.167435333788831,-0.442522905129723
0.31012909622567,-0.357446097826017
0.272052237099578,-0.409613280623115
0.359916921800486,-0.396861399917293
0.327872660774047,-0.342066074491613
0.251902612552105,-0.408912264881699
0.422782506525279,-0.345556887576046
0.4362709324874,-0.29711477554265
0.310298071667884,-0.210483636016072
0.464586316108641,-0.276973248888037
0.463792146257286,-0.190624728752444
0.460978253218122,-0.165134301334677
0.441922140794658,-0.200882720337616
0.512788188929223,-0.174982743650398
0.446897900304444,-0.146495386895376
0.624540256575823,-0.173543009739647
0.49417703889457,-0.14596302734331
0.526700088453795,-0.232956133001047
0.431894488575028,-0.132445559257683
0.56042796860782,-0.193399667614815
0.439793815691765,-0.20356464485706
0.534327581570204,-0.231375213609836
0.567807311386576,-0.26930253806912
0.512881308320734,-0.24034221516294
0.58913320593252,-0.236126424069071
0.462497518019624,-0.17201613158025
0.5066131706652,-0.305264648377118
0.544141535440118,-0.297153660844591
0.563826987608894,-0.367364878784645
0.527544917686701,-0.362184113170797
0.507927304287701,-0.434824648304739
0.536198239317742,-0.291120924992093
0.442624136775679,-0.365427717704259
0.492186180651522,-0.388875633770472
0.510181520054918,-0.34429164349859
0.544649112245939,-0.405794785565937
0.590577860584809,-0.352380477069364
0.532491043060581,-0.244340054759852
0.563801176665715,-0.353987005281671
0.4949103774584,-0.298504738870803
0.586849696427011,-0.255305792633467
0.602007982832244,-0.272771531350734
0.650141543917622,-0.244237755099747
0.652745070680201,-0.207892183807217
0.669814642346767,-0.220663479711834
0.595516073312982,-0.215176240796875
0.57325189375239,-0.217694000817922
0.598392323024628,-0.140701287947258
0.681324636287271,-0.197384636324202
0.700656321146569,-0.251280831834693
0.715344557495636,-0.236256396392534
0.749914134577351,-0.248309464662988
0.763228519037872,-0.261149129282387
0.804593834738561,-0.231307350332602
0.740920573942707,-0.180799649770497
0.652222466219263,-0.141338643446271
0.688930757351014,-0.156364650148158
0.705845125877056,-0.194033328226444
0.781600830008484,-0.123856019050338
0.758204692989834,-0.140846901821733
0.761117980425022,-0.0965200322912164
0.782643379550694,-0.0720243115574598
0.764705269881277,-0.107074535647105
0.78194158315596,-0.0747596577829379
0.828207043159465,-0.0526203125727061
0.783827781208506,-0.00773575657337945
0.771331160559836,-0.0189385597189556
0.741785456845182,0.0609648021356926
0.787403219626414,0.150486302426732
0.783301959990042,0.110704125498298
0.780477804238968,0.162641927527271
0.772824921497813,0.164362062580819
0.805921782997325,0.178560807567777
0.825791974341226,0.224277622755296
0.823560392180606,0.215195169899964
0.815233046378686,0.257887511902853
0.859937887453047,0.156075500368706
0.787823424945481,0.164357437575163
0.802481105367451,0.141670997944662
0.791576151333698,0.0597957075314095
0.86267026535547,0.019151817612218
0.78458825628834,0.0276531752848578
0.811342698844492,-0.0565205646812545
0.767682538330379,-0.094325559414673
0.811938167594292,-0.0844509318570767
0.782095558365016,-0.0823320252864742
0.712751796778232,-0.118485518295046
0.741303965110027,-0.153991594709599
0.719336094070238,-0.125047416274189
0.804889800135881,-0.0801461887675272
0.767572895225254,-0.0511216725056422
0.773678774266748,-0.096847643995687
0.772858761593217,-0.0845745797975328
0.692989839949467,-0.0807716796874785
0.5825351235537,-0.0591679762484534
0.598465214230904,-0.0346353644752288
0.526930267606448,-0.0984294261419906
0.689600802606395,-0.0497415912092569
0.699599078147562,-0.131296717303377
0.692655631293555,-0.0815662318389983
0.699289780151439,0.0153991761767637
0.700439457321494,0.0536302074483843
0.655836736496454,0.121361828126583
0.651052157191903,0.168951584088391
0.670949246164273,0.119417071035962
0.586509917969578,0.130370536086257
0.677796431536166,0.153243074147087
0.51686998708003,0.184873941728131
0.597907847494464,0.245663383988818
0.507756204085144,0.271329466716862
0.51806800935018,0.242727332244502
0.44863270125495,0.267876078220427
0.587325815830763,0.264779298990349
0.599098878425965,0.290459324576442
0.625100800078547,0.372091557400431
0.562777467672948,0.462038127767289
0.556893775420174,0.495543796386418
0.469100892982166,0.493322737989941
0.556589169352053,0.441134964298264
0.487221753989419,0.51979756731983
0.508593101848418,0.564335527693462
0.425529199026369,0.522594677362305
0.477226026643307,0.600509892746827
0.404955755082294,0.634431674490626
0.375566312378655,0.588316505541364
0.297225783121473,0.483578793986168
0.291771373534768,0.61567425298622
0.134827080888256,0.560603973858557
0.137008184386512,0.516012653997706
0.18981318496553,0.561021329783169
0.163094320268962,0.494366731844553
0.0915781286243454,0.341156405062971
0.13113574519187,0.466596311960358
0.0761667933071479,0.29203646950658
-0.125857054388887,0.295085515273974
0.0460959847281713,0.292740714818456
-0.169769063043072,0.137884274430844
-0.0924312195008826,0.242597415971044
-0.197274615031499,0.102598986114245
-0.309151524846232,0.123920079984881
-0.295214542749085,0.186266512505331
-0.264484674286498,0.0868521491809855
-0.273434690617053,-0.0235123512026673
-0.215214792166637,0.0311505143779618
-0.171591897394823,-0.0145140712558867
-0.225295900355259,-0.0736334531673049
-0.138234042633786,-0.114573546617605
-0.278852971568063,0.00841434795073609
-0.236965435935544,-0.0387658796065435
-0.21305971879522,-0.0821805032099336
-0.253034419729719,-0.146625299859022
-0.152532817320396,-0.180885249841759
-0.176930991056349,-0.269270274138045
-0.228794806930716,-0.237228214470278
-0.133530780847635,-0.3189234574269
-0.181867149607172,-0.322513792041005
-0.220488681995753,-0.434025505335783
-0.186849061947009,-0.379011032134792
-0.242732982322562,-0.516476821063274
-0.204407118761459,-0.551521071030752
-0.153229252556629,-0.585721810053201
-0.146399064705246,-0.565265978112745
-0.104892990816686,-0.626713374693757
-0.0390705252792131,-0.463615666922782
-0.0203852196285224,-0.614428550181431
-0.073341363294838,-0.565139818370131
-0.014145687982923,-0.574556275193241
0.0432988548053953,-0.574820277340966
0.00239400805980209,-0.503171399658731
-0.00873069854446927,-0.532119987140399
0.078347842445676,-0.455670992126526
0.134126085707366,-0.47893040031598
0.133366050497282,-0.487793853054566
0.182686609414841,-0.394888783042424
0.196087776926909,-0.309050368388083
0.216239492857512,-0.366266317436492
0.22208272162958,-0.438181572153878
0.278015415678886,-0.328146539704567
0.360255942880936,-0.280015683818077
0.253536732192571,-0.317081767528311
0.271486285901342,-0.20054205640472
0.301933123717901,-0.159125201589579
0.26841353373966,-0.133395405552512
0.282592006360067,-0.136438234481728
0.320977847526514,-0.181546849427672
0.13217679075455,-0.115054805047344
0.206401079760046,-0.0474442659158401
0.185532868639323,0.0417441223131617
0.213954432878559,-0.052942639353564
0.17710574479099,0.107035364755954
0.235576643787231,0.0389933657677932
0.219147482193396,-0.0415464395414034
0.089277998726073,0.170611828327818
0.135055990028999,0.0376607185193355
0.045448821566016,0.0259669545415677
0.0118293062562069,0.11004983422854
0.0301181999829787,0.0471789180145659
-0.0609620517061138,0.147688881707822
0.077418436783059,0.119523122215715
0.0942099530821511,0.179448935257952
0.0987725634661885,0.15591795500562
-0.0510694873480312,0.092890768939741
-0.0347510283688709,0.0549141518343615
0.0375003758236474,0.0707012358144645
-0.0466405807353556,0.105838263892413
-0.138568888234827,0.0633343662196507
-0.135699249526548,0.0808660832247697
0.00825107149422684,0.0445976545408991
-0.0349576477283278,0.0725026108562362
-0.0490069671749638,0.1843262538977
-0.180345583290794,0.139661159745238
-0.106250132655899,0.0886902506430146
-0.0986887777868779,0.0257833738584777
0.00129342763154887,0.0911239862793652
-0.0304511867967977,0.107414500032419
0.0997447236000315,0.0200127477911644
-0.0548470749545219,-0.0553624731899813
0.109966847058328,-0.0358816438872481
-0.0637808147645795,0.0904983836640248
0.0600616901769358,0.0458634674903073
0.0197690239250458,0.139454686991806
-0.0751696559608375,0.115503882197207
0.0212581294479165,0.0866318656022682
0.0267011687065373,0.15010094426859
-0.0256373428581997,0.13595196924209
0.0308924069273588,0.0515937103602308
-0.0274007425118464,0.10392330792947
-0.0713392196512308,0.197208361774653
-0.0500534053480115,0.0314136214323145
-0.07156238589053,0.0636332927645733
0.0111107602192066,0.0239726111679191
-0.168816948939978,-0.148099458413435
-0.161546785100503,-0.162194342836909
-0.146167056420586,-0.126418567575185
-0.0679939202876379,-0.131907030087549
-0.0310440239375724,-0.103303101067323
-0.017009179959164,0.0375636375682496
0.0716814262450882,-0.128056208243231
0.0301326022535843,-0.231590415232892
0.100371818497472,-0.148370547663983
0.0593323052826085,-0.230653832848521
0.0137051146785504,-0.302777704596622
0.121342781606306,-0.336440058693633
0.186700073738453,-0.326731308077489
0.14360191653809,-0.531630036446746
0.110823147381166,-0.48703908518064
-0.00225016170585082,-0.496594066144207
0.123595466875685,-0.480596291852302
0.187000184936272,-0.39686524484093
0.151898494244795,-0.521433522223032
0.0402164399053263,-0.434998726458668
0.130944805385811,-0.43238561194915
0.14352833154728,-0.56953678329854
0.157250554668563,-0.583241125558092
0.115683083523557,-0.571951454188096
0.114377006840933,-0.52042892573891
0.182452872885414,-0.500150166296925
0.0666515593294637,-0.509456941819
0.129412949889582,-0.609137532050064
0.0321255280013147,-0.591441540924637
-0.0355012716983719,-0.596101120483706
-0.13173695572178,-0.372269191943385
0.0659333325971808,-0.429317770358042
0.00831300388591442,-0.375211844906519
-0.0963576062821062,-0.308586626971615
-0.0977155050259241,-0.189100896420631
-0.0570382036550415,-0.392258088813633
0.0181608220947434,-0.337562080025037
-0.0415124478458757,-0.28035417651721
-0.0609721455802892,-0.411778869474257
-0.0417083589207087,-0.333309060698713
0.0890735388745654,-0.233768132391036
-0.0332489534194925,-0.331847693746866
-0.0390169176318115,-0.211598706735112
0.117557859764133,-0.197786445887674
0.139519431825495,-0.0307943016878768
-0.0120067493669112,-0.0613161408059654
0.150425699956558,-0.193022653672701
0.0431394177354149,-0.155226404231731
0.112463820725652,-0.00534948656431332
0.185898073723276,-0.110808096975174
0.0654071648952076,-0.100073260359439
0.0718759858265,0.105797402926915
0.00542018089837024,0.0481714815804153
0.073126309829559,0.0346800821559369
-0.0487162440402017,0.156951714962936
-0.0828622292530196,0.107613961223171
-0.125994817824388,-0.0675030823996959
0.210495684705032,-0.0481280291689622
0.0631823961932242,-0.0687458821337235
0.11567180055958,0.119100983288413
0.0766058678191859,0.0592381260120755
0.0532764943184482,0.065931179617558
0.0742435808927298,0.136268405920607
0.0386623906912117,0.0734481717243104
0.0604527164935057,0.144356673106492
0.0452920058824632,0.15725742159649
-0.0647299437352988,0.112975238360469
0.132780675355241,0.155604486009753
0.10457173809725,0.309110233235513
0.0173057442410067,0.280437604805731
-0.0274115025370036,0.375365245198064
-0.0060132943348162,0.171916652764663
0.0436725572493153,0.398778113553259
-0.0750915490996514,0.246612111807705
0.0998545938372678,0.254398666736468
0.117455581188416,0.23762155713446
-0.047857092416098,0.330503276334077
-0.0184949413544399,0.296194961013286
0.079459658357122,0.478469017811395
-0.0275109845717847,0.504815155229627
0.00400879611482063,0.419576605752334
-0.0430330510029561,0.452492824109109
-0.0415036030906243,0.48583507354705
-0.0216792193420787,0.466525211243588
0.113405473936286,0.585596124895089
0.0600339531663714,0.530785235815906
0.180958223533121,0.486827480877727
0.158376307323717,0.454238245742899
0.188678497652145,0.559215125645422
0.230667731653412,0.429617504168321
0.0610545769710028,0.449921110521806
0.135170740183077,0.459593968662207
0.158760575990554,0.474917833226571
0.086891884294686,0.514379665992882
0.113970957625544,0.53471751487759
0.217063048177953,0.458591244088474
0.239628410450658,0.500529594480932
0.2431713776717,0.458510595607974
0.353533523559667,0.517665072439019
0.280357699750753,0.433962790470797
0.229585001185668,0.455468564746181
0.269900190413523,0.514457274364445
0.426627114095559,0.438839144927313
0.261135075646075,0.477338882931884
0.1543682459356,0.54585345968176
0.306072071001893,0.537671198218805
0.453368768963191,0.508386642278405
0.364905071392375,0.553238164946982
0.483790297987977,0.53314216583113
0.47558843572187,0.520614430838608
0.594341511750128,0.481340500948521
0.549670565198117,0.577737360431514
0.631834602838906,0.560072794323478
0.548319621745817,0.514461518883711
0.660683688725878,0.555191544281699
0.638903297537671,0.585820297307541
0.670054797646174,0.558930985358063
0.669048904112564,0.552539810830344
0.608552009301463,0.577963087643477
0.64386911776526,0.59175628652394
0.608778601998831,0.534178877813303
0.671557498395345,0.537301844929799
0.62407309614164,0.559747251601843
0.56824114311279,0.684968866476748
0.529008263954691,0.69232983685648
0.541314641117251,0.710743904285893
0.441178253156704,0.680620369520282
0.593654173993999,0.72504019472516
0.386568940071848,0.607853839609065
0.417322878072416,0.731702881420998
0.403480689825674,0.746401468175425
0.327315414215023,0.813826611132183
0.38336184050689,0.804661333655436
0.232067856422775,0.818056088907428
0.415647378936892,0.734125037231079
0.392467297621039,0.7629781260788
0.201456771047453,0.773939634683248
0.165041884633526,0.842476061169363
0.262713328335689,0.842033740327843
0.213689102117637,0.834779050952071
0.0690501994555414,0.851900675416029
0.0760271261785846,0.85434805498074
0.0820003547671597,0.784316803521183
-0.0660017132883438,0.800645362988497
0.000307739484061776,0.807911926684458
-0.0160675337471654,0.810902280583039
-0.0341246523187903,0.769131165274935
-0.0737441576900815,0.811367668223315
0.0423455426556037,0.830993788716536
0.0117880588160449,0.825387464091677
0.05307285196554,0.817337461144434
-0.122557169927646,0.789360617046438
-0.0154115387414003,0.814489183925499
-0.181400134749392,0.771323825893251
0.0763836415351657,0.779393602778725
-0.0739502369302873,0.739614901734201
-0.034932518880635,0.811704865744778
-0.00492690579670739,0.721171551848725
-0.0176931721628203,0.839250477218044
0.00956231070843753,0.784463594126013
0.0512859263563619,0.658257358056103
0.0317569503935284,0.651437458203983
-0.0239711661953818,0.722105931547115
-0.00887247330890444,0.709847007871071
-0.0152926886188429,0.792173717391635
-0.0235805224193672,0.622432530119078
0.042259195789957,0.634404343576505
0.120740659674966,0.622149371549645
0.0419224058104817,0.623699475566156
0.183057519949479,0.741551067210215
0.16831603658857,0.513235333534007
0.155098949028833,0.617153567492507
0.0999378066954005,0.536382168608669
0.179929113585697,0.605643012727698
0.25596974772538,0.60341273512321
0.135676314959635,0.47662624308985
0.210521640839034,0.58881066909501
0.295544640286295,0.653393767117337
0.207171982933529,0.667702409612285
0.199102453332364,0.565184115941953
0.302046911759603,0.579793059522711
0.187326376327007,0.575777403430399
0.223381645869939,0.585349297271633
0.0698358997834865,0.598761518492902
0.169596532675997,0.623749022591103
0.0483190441505514,0.66287673757333
-0.0542617680192719,0.64932619138704
-0.222886445545175,0.58278414725672
-0.204620286632815,0.499508938790806
-0.232901715668772,0.575699988402781
-0.265503350830978,0.580956367134457
-0.238444134372507,0.673008531889788
-0.229253715299941,0.6069301480658
-0.314786148373585,0.598062538359255
-0.374676619862872,0.557919341352624
-0.374187929498457,0.530590891294862
-0.430549673184025,0.592845883098279
-0.570066205831614,0.536945155079283
-0.531921154245599,0.506247969449184
-0.566431141562423,0.506401846984523
-0.612899460858791,0.508190436427733
-0.623428240624815,0.511522789813856
-0.659636314803487,0.555921994358267
-0.668269504156795,0.59263480826374
-0.669783871831847,0.552493390385985
-0.721173688391962,0.508173852074296
-0.69941680363968,0.533504942776639
-0.712631966586046,0.567688485649029
-0.660042961076313,0.584696786852491
-0.651169796200129,0.616282953551332
-0.64875772613297,0.571515385414804
-0.659829171052048,0.657601332642077
-0.649282874684424,0.62989059394686
-0.63101135018712,0.633459297655024
-0.655857578632129,0.671498635042902
-0.651318724360044,0.635839504084007
-0.627366519415969,0.616693692651898
-0.641329011765609,0.662543289407871
-0.626914975373909,0.671046878238585
-0.616639484787517,0.73734372979542
-0.613109026152466,0.735147957173298
-0.649897385326648,0.717661209315226
-0.620827021820685,0.749228339883404
-0.578984086564798,0.711545450705238
-0.558880445362245,0.748428178702008
-0.537342000036305,0.641465596568008
-0.534777825434894,0.686240434260292
-0.563735646421537,0.669143239097882
-0.553213556852031,0.595352620103559
-0.558688458619856,0.618280543786816
-0.534935740000778,0.605119652883326
-0.518993858642831,0.636951479166878
-0.574070667928628,0.620181657412991
-0.566969342042554,0.660720629022107
-0.584722954993395,0.593386303170041
-0.591851999581076,0.527447201150725
-0.578949749109142,0.587278989204609
-0.574954838150493,0.58660392001996
-0.640235708698237,0.579597432973834
-0.602392117937256,0.50519702041355
-0.536439936752661,0.580148673630013
-0.596029151829722,0.589478667099058
-0.595715396844856,0.556768891739207
-0.662910190569123,0.494617922145847
-0.594682899378169,0.520660248352759
-0.682294816046843,0.495756221648203
-0.710261199955233,0.501134503928111
-0.693192478604568,0.445739137276125
-0.694293137134106,0.461700249306775
-0.746251082116516,0.486513887591966
-0.725710241116385,0.449006688393192
-0.694842720701761,0.459489146196125
-0.732228302033587,0.388679385819528
-0.75269556304112,0.365603986480796
-0.772184069346046,0.400038369032531
-0.806394611415609,0.381103440615119
-0.779364121578522,0.375045597895202
-0.800298658672934,0.331553013025644
-0.774866791394712,0.275683589895595
-0.830784797506894,0.245716545429127
-0.836041124152675,0.195636193371514
-0.804720591572795,0.162759840925725
-0.863658288795496,0.177866169888034
-0.831909703044818,0.13879300102677
-0.795403704612486,0.0258503564087309
-0.861101850120333,0.0949564284700649
-0.834439308003195,0.0169948089079056
-0.892622604835747,0.00698046932440224
-0.862887577787791,-0.0876289601882552
-0.913227618556699,-0.0782750076407028
-0.840226131189727,-0.0744578467336306
-0.858585009374837,-0.128592054240418
-0.848229647229521,-0.182289566277599
-0.822371334014454,-0.137796053839059
-0.895003290848628,-0.191564326693252
-0.905594619110464,-0.223057223814621
-0.881446387505264,-0.238353210030739
-0.904976679263231,-0.266220588392375
-0.888003681004983,-0.258563833321332
-0.892539348280953,-0.288364109135188
-0.857364155212915,-0.297152545843781
-0.803628446463347,-0.323522317381447
-0.805527531896112,-0.350761230693189
-0.808642806824944,-0.409279839916746
-0.797518595553755,-0.39203166415548
-0.78913305964542,-0.384847653044601
-0.840022815075783,-0.354174277061248
-0.833479555951085,-0.370908578907441
-0.819168759191183,-0.328451812729894
-0.831074336776387,-0.352436847404044
-0.842170560534719,-0.326466875102774
-0.846243378080593,-0.338739402062862
-0.807039328730224,-0.38266015044462
-0.847076414472586,-0.35211861973295
-0.846635819748665,-0.342772195736813
-0.81340640949702,-0.318086681991986
-0.775420904769605,-0.307550582215468
-0.811297782073683,-0.278938126427141
-0.793358706045127,-0.274300312681129
-0.835887147733615,-0.207024544864945
-0.783369129149178,-0.187540735967388
-0.790941275646636,-0.168125536226462
-0.805870798162683,-0.17047511270037
-0.732274337107094,-0.195895052784077
-0.743529530594979,-0.175538734456874
-0.792822640911413,-0.190687115273411
-0.794159558980272,-0.160839648730968
-0.805817114204374,-0.185507517536156
-0.82483650972013,-0.152903479939872
-0.735409453827372,-0.0707607171247012
-0.75749724064451,-0.0114413297971256
-0.803882046107304,-0.0833702664102565
-0.75749592391655,-0.0494119416138716
-0.767507403708984,-0.0530762016000859
-0.716784118940667,0.000139628754500242
-0.695176424056183,-0.0629842533270416
-0.655073139185406,-0.0100697018369375
-0.689599772750925,0.052506902970959
-0.64873012443267,0.101170919023367
-0.706018156334944,0.170706661457246
-0.70766302610196,0.117293006062873
-0.697779162138375,0.259376771716878
-0.529497235729352,0.27902954137586
-0.549188378939715,0.254235538902698
-0.535300455390044,0.201459548507419
-0.478019122837707,0.299137464081509
-0.494408039956567,0.28719536068253
-0.512761489502278,0.322178899307129
-0.435874888557912,0.294009460042781
-0.517313538044602,0.280267992736785
-0.474674395065117,0.375806269237507
-0.453960950295544,0.384709636303424
-0.435698804485126,0.442749111464729
-0.404387659985609,0.318557663652934
-0.449363493892686,0.462984338797008
-0.431714980245002,0.492516039057054
-0.3041483643619,0.553925399578693
-0.331355919203677,0.494093918970708
-0.298418777749658,0.596283639836552
-0.295105125286051,0.456226482460125
-0.266182953008599,0.499701301333658
-0.0939356719394859,0.501515315989051
-0.176803380438714,0.568331249810232
-0.228492979240832,0.497267106256607
-0.205761242234993,0.574673145876306
-0.134932979611348,0.625300196119837
-0.0676102424755217,0.551745956409136
-0.107013655494351,0.512280565716694
-0.0477488508942855,0.579723549161734
-0.0193175196147145,0.579418585086186
0.0578921488318594,0.620236844548336
0.0917797908358747,0.588455639055071
0.201355750656135,0.568708559303275
0.169302821345981,0.56009128652081
0.164423168317715,0.583069531449222
0.196151253199354,0.494909796105711
0.220589596380254,0.516512199248852
0.229143518066832,0.561944967404625
0.258232180649106,0.622786330367394
0.228483130612886,0.607596081190512
0.12787401944111,0.559057326080208
0.221723459392643,0.474495450828289
0.247447424880811,0.482281139046123
0.242047142054402,0.44569311631044
0.258174850943086,0.382874916221951
0.257314334095749,0.392211914372555
0.355137532898833,0.477206279506054
0.365246422663803,0.436654499052098
0.299218689782821,0.347758747140521
0.256193040886899,0.388149848748141
0.286544724508921,0.399386670797405
0.438434511161923,0.236332366293281
0.397982405637439,0.343138377602378
0.487969361068767,0.181649362001909
0.583722772065991,0.182516638604188
0.540081312407063,0.141155315607176
0.560921410293058,0.126639531164832
0.592349962863932,0.155906210698031
0.535751813454799,0.0975594593110532
0.628211809944478,0.154478644072085
0.611392426385279,-0.109039358431259
0.556961421422573,0.0240985891868296
0.575668043305736,-0.0476503071324648
0.593641079128375,-0.0417927340036882
0.655110521561879,-0.0618855686784627
0.696838112454128,-0.132310245480274
0.657991639003486,-0.190060333741718
0.729456125771494,-0.157654558427457
0.715918417532332,-0.0786236273296613
0.688456017111492,-0.161663637341757
0.672070150480307,-0.239546585717153
0.692841337391514,-0.186697222059052
0.696348029437384,-0.248270535095012
0.627737391261521,-0.220526565379084
0.673738849377199,-0.208176980960304
0.67871842233667,-0.323940288240657
0.742367811512331,-0.178978673035681
0.711403764365902,-0.170008175195175
0.689528154526916,-0.154116967543554
0.696730149396925,-0.192089839956311
0.634202208694954,-0.180728400885397
0.70705024086678,-0.140486050656026
0.564511535069692,-0.118231031961804
0.601306115082995,-0.0738085740676471
0.709454246479913,-0.0185115593684279
0.675368359281812,-0.0538967146183383
0.629775383365095,0.0555089295461844
0.636101054218613,0.157315379862284
0.596052626884554,0.13031495952578
0.644703413693522,0.228076345135601
0.662370096364468,0.272133112111859
0.663630688824416,0.208775430383838
0.693875603177363,0.292872791043057
0.702529170646834,0.357739897028396
0.666527863895452,0.312821584852492
0.715127308872816,0.32468000874795
0.696728682943828,0.314328346611685
0.718097081263836,0.260622663353433
0.772470259779025,0.177351913705194
0.80388179457273,0.239690738589418
0.715493041778111,0.26591979202545
0.748497104965254,0.162665577345451
0.711312820008012,0.20240491494209
0.73112069801189,0.112396301238716
0.799910265975105,0.127803051328904
0.792596882733123,0.028177382426657
0.826441403926503,-0.0184480781652716
0.793204531153205,-0.0642479478618719
0.806380569410836,-0.0401793607583959
0.817421644104709,-0.0420057192200149
0.737228807158295,-0.140601587955911
0.750443490939556,-0.204577416998899
0.688923251079153,-0.180461878961856
0.677091243162739,-0.194721817640531
0.601621704962039,-0.152876444418215
0.605229962080944,-0.229992144189615
0.718698885956345,-0.241551110341134
0.724822090127018,-0.252566233132956
0.523614494867553,-0.169723354355058
0.638995929606774,-0.27505356011815
0.606805971080331,-0.176571649219157
0.477090176701817,-0.322271668781203
0.521008187581466,-0.30459902534612
0.43331883775579,-0.23858401472
0.300542152488557,-0.233570483094703
0.540384910209711,-0.135986872716205
0.404669323721779,-0.128917755164164
0.469872452446592,-0.0445546793647865
0.460875164401546,-0.101919862536289
0.505719294611942,0.066903451988499
0.419642066637679,2.82064734094534e-06
0.376441681468553,-0.0115324790147339
0.464975374686742,-0.0953714019226923
0.407798721695705,-0.0843413107685374
0.445390627517757,-0.161732521305337
0.368855650297845,0.0297066287104796
0.399555305043378,-0.0214775732352081
0.30438385421401,-0.0609616850391475
0.252874942583935,-0.0269313350521642
0.456113256292737,-0.048741168063905
0.355288634257189,-0.159403520998478
0.41114251352127,-0.0924908913056701
0.264219700033364,-0.106881639627539
0.375806230584233,-0.0460080747221569
0.440570785723836,-0.103810111441524
0.35718774966714,0.0801668311175113
0.377564371293729,-0.0672088941310206
0.317472697621792,-0.133563253371798
0.477881494332339,-0.207332385439339
0.382809419802571,-0.0956733830901041
0.369314020453767,-0.289012114004865
0.201090579137917,-0.322692670272158
0.393035193575613,-0.200593991107436
0.184186651576413,-0.274298109824456
0.271969856122,-0.208490013868059
0.464033430402617,-0.451230245105102
0.261458004041717,-0.301121365623951
0.395988358812437,-0.441994195497796
0.363022218556779,-0.425226069288377
0.376495184585616,-0.394069724105728
0.34967420025562,-0.518390258326021
0.307344788933287,-0.496469752670915
0.403370066877418,-0.45912957042428
0.327394489871086,-0.562558326496543
0.301676935534452,-0.612533736326959
0.29340261814594,-0.585320151645899
0.277416623530166,-0.492614107780829
0.234187407247989,-0.589241992551012
0.215461071000965,-0.694023795720786
0.256470620931228,-0.720724631742813
0.276117593837898,-0.662415165914878
0.167657386100983,-0.695822954724943
0.213051247534767,-0.712371543484148
0.238890284355087,-0.750187798257801
0.189022889451365,-0.730596265713358
0.186854352501301,-0.740611195771073
0.130409348540415,-0.795616201300336
0.11659599222876,-0.78188305714327
0.144580249184122,-0.848249856577249
0.113971715501639,-0.769278078071984
0.196785216365711,-0.76602692674358
0.14864759803477,-0.730438806309051
0.134130170426854,-0.659108538608268
0.128741555929361,-0.722596956354828
0.191345972807626,-0.779706352066754
0.186356088016202,-0.731007199658083
0.285577432780669,-0.706517115683657
0.162289583687223,-0.72262259059626
0.174390758847735,-0.615518322167462
0.142431177597513,-0.572798367207289
0.214870253946387,-0.578119303441084
0.126117916146662,-0.498840221818544
0.191077626589976,-0.465638227948239
0.17789341303634,-0.383560107631794
0.205136989370327,-0.468614949116662
0.215866812620251,-0.383988392605956
0.30411054846984,-0.365561291666945
0.0784506600324044,-0.340212775064691
0.197158962361058,-0.44598389630922
0.279737753807281,-0.3763555103323
0.180396388372759,-0.296557523132314
0.276399979174123,-0.317241850430412
0.169124528562587,-0.245468441450483
0.259262174837464,-0.304055788216185
0.150868104224007,-0.156775571306667
0.0525245818635834,-0.160541744569504
0.06799731063311,-0.0857586425218354
0.0760402142090052,-0.0601460214014604
0.159044348283305,-0.146508004417462
0.220602704715067,0.0499528808748445
0.130152738931446,-0.0792391268055888
0.0460455875683706,-0.0101645988215618
0.0808688365557046,0.0500821821825631
0.222078433379059,-0.0354679629981325
0.216277944801396,-0.0601156390081575
0.0817377408952856,0.0087958252882119
0.0515537222190677,-0.0396953467065497
0.171843874115147,-0.15501110561588
0.191052994094698,0.038912717507549
0.191107297835113,-0.047710836697822
0.133148956504848,-0.115644709770258
0.0262786646974197,-0.0290398948888042
0.0364896960910026,-0.0758781259730917
0.0400913949056439,0.0875231123561648
-0.0147963417492914,0.131643908214725
0.0952226298180781,0.0420671881937898
0.216430315975779,0.0345243136633542
0.158235429631786,0.121900754184996
0.176192500150501,0.191893606079758
0.116783728549541,0.268594855433375
-0.0169718841351978,0.287059070649728
0.124051588172685,0.280650905610803
-0.0228031923914096,0.221962414252483
0.13322667653518,0.263327676736829
0.0780603775873933,0.344102637950598
-0.0846147015189399,0.285641942004215
0.111705030581166,0.442038781310695
0.0218176188024318,0.474537282534985
-0.0345997727791683,0.414224306840914
0.00842234093722404,0.50912315700587
-0.074678337379939,0.567663120145268
-0.032596960788526,0.502528528000064
0.0345105041504613,0.614326482624985
0.0987604928007239,0.617456168230913
0.10568462484781,0.537823814546798
0.10674721123628,0.548206242834454
-0.0520954478324449,0.576068344944789
0.074878042292688,0.597132514499897
0.0359249326372878,0.659578913942007
-0.00262105152561123,0.550577872164752
0.0691461884584763,0.618814557424567
-0.0734163263809939,0.65488740383451
0.11044596261199,0.688530857199372
0.075249199150078,0.634260319471278
0.0228834414181021,0.656839410082086
0.0678857025205364,0.583846252751859
0.103309695500702,0.620264936996532
-0.0078510010659918,0.593291008405808
0.138682855574367,0.45581212976827
0.00725688179405217,0.515957468273037
-0.0130311700928972,0.509372260048682
0.106346873585098,0.446110674624428
0.027421095825929,0.490045979541096
0.0449053757013477,0.427857250380394
-0.0507867731920612,0.401045093881137
0.00908195140764399,0.296680402937158
-0.0316324548898348,0.357080960252428
-0.0429686240674846,0.385502666158176
-0.0866356009451289,0.339938010123239
-0.12151867882443,0.417615869315623
0.0265603668044881,0.335071034937255
-0.0700536880841518,0.1805732526407
-0.0236876401556836,0.303016602079941
-0.0662929412866707,0.338534816781128
0.0874242706605465,0.302761819486312
-0.0141489380235252,0.369262249291712
-0.0145026028451395,0.439831494968606
-0.159994563508743,0.50128186059426
-0.136095615035419,0.5922278151022
-0.117969949568226,0.491855950848169
-0.245207666114319,0.593225959387343
-0.224207665818023,0.514531506894845
-0.265303654380497,0.586844879609476
-0.324585644160936,0.533435510180019
-0.247120019262498,0.597442705529108
-0.310659454153582,0.629117360546666
-0.341501149524025,0.618426514439425
-0.415708683008128,0.52835555353255
-0.404017021858444,0.476213627348579
-0.420609017210046,0.518572664489667
-0.354046127460556,0.570016967670088
-0.371965759467069,0.622283500360791
-0.347112909301354,0.664722261109465
-0.278205499786625,0.670475349403275
-0.279009593210703,0.698688671574504
-0.249334117832263,0.681156669194453
-0.202207985609075,0.704024734791299
-0.0882866363373539,0.692792269882287
0.0365768591643615,0.695823381845351
-0.00599118248984823,0.695172034601821
0.0845083142432841,0.691651850131377
0.162454247363672,0.716874634511677
0.136521931665414,0.71607594452933
0.164626895608328,0.766817159764709
0.247671086385583,0.663859701508399
0.261740252247731,0.795397240484477
0.265902844181312,0.728303895161013
0.269497952635899,0.681952316266224
0.256268133162358,0.616811663654644
0.217587482986705,0.655265076162262
0.314585509470604,0.615507651412667
0.253337188835899,0.596835716329672
0.211411982987911,0.654345841975684
0.175983758476662,0.685808247671241
0.234560736857627,0.685393951064333
0.1885274685065,0.613194392630029
0.208709008795254,0.535776516387086
0.154531361012364,0.660112715365476
0.0986085597032336,0.632047438943239
-0.0237463685164548,0.615426111716866
0.0617765071475394,0.544829572247084
-0.0927856864820152,0.527089991970264
-0.0648249999697072,0.627294305971602
-0.120773895765972,0.65711238987599
-0.0916091462692506,0.689626734894201
-0.0960631338888698,0.571761789455847
-0.172340458461746,0.728536214435244
-0.166941239964807,0.696420700351417
-0.17749577772876,0.742173106982688
-0.233547813085194,0.59198007830224
-0.32479564030635,0.588700603356186
-0.291547540723363,0.554289655708182
-0.231494796916435,0.693558526937055
-0.378144276362201,0.710144860911484
-0.425920600443231,0.62435362272249
-0.357732057344899,0.640070164516365
-0.477868825910137,0.663951270909155
-0.385691725380344,0.64371525658906
-0.475664980529092,0.595517457565216
-0.480220778019385,0.608972214919091
-0.46834447934098,0.619402351196194
-0.460483203191801,0.647443886193633
-0.482169545946749,0.587209714226105
-0.471207080139326,0.603445858484273
-0.515243207897737,0.56138775897534
-0.435418083159933,0.616322016565304
-0.518058335683456,0.554444636963017
-0.451935137307246,0.619812744554427
-0.428566287271307,0.687526490720325
-0.488542754491186,0.690966213986512
-0.320821284337456,0.683991595756653
-0.359293502184704,0.611393138956736
-0.329923171627208,0.677792246584454
-0.307370546497503,0.628074491888467
-0.360145053470279,0.721817036607486
-0.303672650907164,0.631940480684118
-0.198779969453637,0.676077993646591
-0.168188160607832,0.649786352241184
-0.169079783107628,0.551689048296718
-0.17370468712624,0.587508731554936
-0.154092923085947,0.67222995800198
-0.085110307542721,0.64722018336883
-0.0955277320629288,0.623641994376391
-0.0277067832276099,0.530276998260889
-0.0621063784680754,0.57568838324566
0.038865623339474,0.538119878029228
-0.101327343404747,0.647991954679945
-0.0770553116174713,0.744632050662263
-0.156184569178534,0.616420246569569
-0.15183060331517,0.627763672990582
-0.0947896650699217,0.575566617468272
-0.160050870428503,0.7035528081123
-0.0686226628690897,0.601393248493507
-0.168104479931447,0.478528603928247
0.07891049350685,0.446892035022835
-0.11475801471471,0.410927090732934
-0.0858953106625665,0.305979148031537
-0.165854067901465,0.410316298213715
-0.249441906528594,0.389578175121799
-0.117784804236177,0.132935940215662
-0.127878234276501,0.344955771814914
-0.116646339085943,0.208145156226944
-0.355363951192002,0.175126988999406
-0.272536913686411,0.260496259155776
-0.211736002192034,0.266168525110278
-0.303550081757204,0.332444447693812
-0.0853617832560815,0.228769297459364
-0.260357696577816,0.108238070079535
-0.208137211152728,0.238299056042137
-0.242078979835153,0.155534591332362
-0.36408002103621,0.289973140548821
-0.455299741766558,0.46720026001998
-0.418129079268426,0.250912665912283
-0.435446560032584,0.197264702099859
-0.421003413649665,0.199992154118774
-0.510370098868028,0.329755491962785
-0.399420800076425,0.138998252725824
-0.392244405602192,0.283740615508116
-0.276925226446863,0.181983047260028
-0.214481258162656,0.228829000760744
-0.372703088039552,0.254548832803509
-0.342654928275042,0.206837063579242
-0.328397289851507,0.176866947554011
-0.325074420218358,0.22286892364455
-0.493732064658012,0.321388235083281
-0.513409406915125,0.384720557092619
-0.434375887078908,0.3998192104513
-0.488017222233213,0.354552628632977
-0.455709636841677,0.519404932553471
-0.514654166848561,0.486279834260869
-0.44975579103733,0.401827853078086
-0.388165034913507,0.487061964963797
-0.524231899615791,0.616206296142729
-0.507748130097206,0.537063303984684
-0.39901423573455,0.47411431762029
-0.440354508705829,0.510124442373292
-0.326668757137034,0.496266794453057
-0.334343246858028,0.479899813103097
-0.288786684428156,0.473642299497326
-0.342082973131742,0.47065879243271
-0.34489068766936,0.548540335243263
-0.435660909424065,0.46665116912379
-0.534054923451902,0.596840121712894
-0.274192767894637,0.412209787812811
-0.352061048990835,0.382196313553288
-0.468332733808811,0.355483965341441
-0.455157889378449,0.393120249611363
-0.580280640904019,0.382957134843601
-0.599898048519831,0.360669596254661
-0.536238177186793,0.314380151163174
-0.604039458742148,0.337640709528269
-0.686815622929629,0.388067049472286
-0.660467831436053,0.345285558771083
-0.699446912323609,0.318720983434466
-0.686881069168753,0.35481763976773
-0.73400789973511,0.388134474119212
-0.735784696057401,0.362769158459251
-0.81018389958756,0.257291859846565
-0.754113471265142,0.340081100363933
-0.748034088751007,0.300962445082593
-0.731356411638796,0.283303798482854
-0.719523543867062,0.369783600361936
-0.754535132141994,0.359091268390809
-0.831704805015035,0.320557579508531
-0.807731281287438,0.350129405508981
-0.7709172236685,0.335070536128715
-0.79398438590403,0.364923208156289
-0.773514990946517,0.35623743744483
-0.773743604625264,0.28916288152566
-0.791830921436065,0.33036632299079
-0.857178987123687,0.223743246649819
-0.8798875520237,0.218559497517465
-0.844251010794512,0.236585004451445
-0.862792247537735,0.284721221683531
-0.920687181368389,0.146112669876977
-0.94022664739501,0.152536563533957
-0.857423956232384,0.110440887493922
-0.884311345759002,0.123874047098016
-0.918394871460861,0.153297098319296
-0.906423491994837,0.152851056244789
-0.824069312718666,0.191493443277797
-0.804256487505209,0.222364705038346
-0.840063035830099,0.147667766866585
-0.869638516253541,0.118006642223621
-0.888388202405801,0.128847053773383
-0.863670668529598,0.0733886967394584
-0.904463009736668,0.0649394846301655
-0.912976057189742,0.0254501363652733
-0.905952715973654,0.0723486121998905
-0.904565309882292,-0.0245501429371484
-0.90900272626764,-0.0126187672687309
-0.925127414924522,-0.0772634085382636
-0.894482266892084,-0.113708424395127
-0.920030074928713,-0.102413926227747
-0.893004555975878,-0.159806859761252
-0.897909929443377,-0.0992425342071599
-0.917741380940263,-0.129773041867498
-0.859306104908802,-0.104575389549404
-0.933329962108127,-0.097490657884051
-0.924297861832477,-0.0276130294311172
-0.932970374673913,-0.0339759007290224
-0.867451392554607,-0.000972823946369291
-0.873018872442691,0.0078950073652758
-0.760769924162647,0.0259289130676024
-0.762566043781339,0.0355202975347056
-0.78466168511827,0.0387359816298709
-0.719296063288188,0.0840494549781636
-0.727662814942367,0.217654889523245
-0.634192369545739,0.222299125650331
-0.583128435379572,0.353590767881193
-0.499660935189129,0.408480051076905
-0.621856823820727,0.3827950013525
-0.47086129634088,0.43433357586144
-0.352917016919514,0.49513627008612
-0.324215963394899,0.438428718773282
-0.308758495489451,0.549384699874539
-0.257028592691492,0.475898881358225
-0.163659980174245,0.4590218946793
-0.27463130536901,0.549215744559825
-0.33350651529589,0.47693680673879
-0.226425110268047,0.43713820448589
-0.220248505890069,0.585894154225982
-0.146072974099065,0.554432362814849
-0.151053344681231,0.649353217259701
-0.187199026296127,0.659947593730759
0.000219388741932466,0.617103277195903
0.0162768741303838,0.552323923307696
-0.0328245521376794,0.513775032340722
-0.0202714490345912,0.594003874332524
-0.059367812779218,0.65930365470226
0.0346615121352564,0.521035371175371
-0.0320556978161971,0.389553095165871
0.0580476776983752,0.483630922848406
-0.102280429195373,0.349431228117022
0.0546432515187277,0.483763323490511
-0.107779237078631,0.450467861446747
-0.101656918858156,0.450674793377421
0.256005188457374,0.336935381165351
-0.0466920538365451,0.416540754647102
0.23771337311131,0.506158717363699
0.100254835791259,0.277418874748686
0.0912742342422018,0.30518557580065
0.0755095422302471,0.253163031308354
-0.0146316586764292,0.359977076080605
-0.00749204668558648,0.101811133353406
-0.0990471322694247,0.218550489331022
-0.0246118144163706,0.258338745296746
0.0781142841678104,0.113482223507761
0.0475757269938245,0.125629303658317
0.0836578981941978,0.138812905516974
0.0871987059819879,0.110591770672316
0.0238676586807507,0.0219281282143043
0.059506025630071,0.132433915333615
-0.00732898166959882,0.101830383932294
-0.0331464651042436,-0.043640383119937
0.285178753380238,0.0350081408406404
0.140073222119723,0.0284951121780346
0.253012124506813,-0.000564006904204499
0.0242886409017892,-0.0442656846205347
0.0871230635596086,-0.13002583081417
0.229449206504136,-0.0809967454468709
0.24861931609261,-0.241193914141882
0.237127728446831,-0.275925955422369
0.195365894396895,-0.242421299679689
0.253945226950978,-0.151118468331469
0.271576405660592,-0.203666417555326
0.101722719901562,-0.105169893856181
0.0671201804882374,-0.320361775627436
0.30223816848432,-0.16487604985132
0.195646920947894,-0.1846751750641
0.366136182075255,-0.231919781102383
0.26414936140611,-0.385406037300698
0.376132853333485,-0.340519520311006
0.274887457273127,-0.454012343273508
0.153815207582409,-0.252272322892742
0.260103725389722,-0.209750433376928
0.312160368297591,-0.369262630573557
0.449287049468841,-0.290630452384757
0.469616914433348,-0.253344381155451
0.299725968551902,-0.324278873397839
0.308131947267552,-0.265336609405202
0.322202849075155,-0.278656560473665
0.35673463919465,-0.262245265815293
0.440444738712868,-0.339973174416516
0.48078263371836,-0.379941835277391
0.515200203904039,-0.406557441856034
0.594405992274247,-0.457479733079732
0.513057481482104,-0.421657914543444
0.518637964039611,-0.436354447401796
0.562035311359685,-0.471233253901908
0.620518154865065,-0.430194052614896
0.677458304216732,-0.456431791662412
0.635110266889646,-0.460140858850756
0.63038764129124,-0.391452232322025
0.633379448713767,-0.388928494553484
0.637266835910051,-0.423897983967027
0.675644949742559,-0.299561384874635
0.644620184370206,-0.253123875979145
0.642683431373551,-0.257097667764624
0.723100549644307,-0.0944017912641614
0.665307021811169,-0.0876036507557622
0.717019217193339,-0.111646457936894
0.707415560647728,0.0215144985647788
0.650101956095137,0.044347154050605
0.652660128745645,0.0223258449712386
0.65073151009789,0.0803012267696646
0.666588243065478,0.193191109958603
0.6728979560443,0.186200364378261
0.688298256733605,0.178607690393049
0.643016772254473,0.242363060781296
0.603709612777422,0.301728494061462
0.564650955213151,0.275621470855604
0.464997672869918,0.274729653920472
0.574960168773416,0.380840430943363
0.490564290153611,0.364203364640463
0.604043673891283,0.412414395474704
0.445656155834095,0.430999501584047
0.427157527403748,0.446842074279616
0.448801823385151,0.589513261883612
0.393379743046925,0.524111488052448
0.354907154507638,0.491084504105914
0.333201791449839,0.596142156721983
0.355719132007144,0.668760482537261
0.33267416353153,0.555560025700417
0.343772117416377,0.561122088066597
0.351590907016994,0.530455179300486
0.231187475293369,0.499835703211239
0.170077698805411,0.43986511049066
0.317253280958641,0.502913248298478
0.216489263287562,0.490661039227953
0.174513258306881,0.412473642240156
0.106786635073963,0.376286243288672
0.192223264335914,0.410891790827357
0.135705584550726,0.331398963638955
0.0901591820009488,0.43547103681182
0.0172071466235276,0.300388022343759
0.0631869319148129,0.289537570101106
0.14669164929316,0.250230155692789
0.0307119841832213,0.151022376030489
0.0103649750696598,0.106028577628211
0.0944863701489731,0.218382562053807
0.0829110503627458,0.253034175357038
0.183355404385974,0.0930632408266231
0.0435149205877195,0.135055286926481
0.0889739057004609,0.144787142843114
0.0980784629989497,0.181621567515398
0.0595296214395927,0.0825997176099015
0.0243450315973579,0.105139307867199
-0.0638080159860908,0.0555975746204149
0.0409472991939957,0.200676364437784
0.0181749648455556,0.00347126579321215
-0.0340634122091384,0.124396315825888
-0.0510761634073885,-0.0217118219396882
0.0329310912872092,-0.0703498051844511
-0.0333821188211363,-0.047766607625929
0.1435684062122,-0.0700789806255425
0.0203884199592278,-0.189911815869152
-0.127227449069675,-0.20660778994226
-0.142115587713171,-0.102963250659854
0.0452242697890628,-0.250185171438076
0.165903069794553,-0.132726242851803
0.118913706087181,-0.0216571817759549
0.131629622626138,-0.141146482618405
0.153592643772808,-0.236367460287152
0.00105632557244213,-0.136003395108401
0.12354112086286,-0.220726439527433
-0.0342592382559766,-0.207869959740075
0.0858149535578032,-0.216520081827016
0.151178406847723,-0.120223665427946
0.0545520784808551,-0.283425335638921
0.0493213117472579,-0.243257153016428
-0.109291235733381,-0.263749480062974
-0.0379554435452402,-0.306005486821059
-0.0898230630397893,-0.134361903451807
0.140214220146829,-0.206375584981341
-0.248320197937169,-0.203024404087365
0.0353834279354257,-0.323252373018076
-0.0552048267551834,-0.19274702415725
0.0223018475875193,-0.200434560376768
0.0848507781695065,-0.220156576654865
0.00510342218633065,-0.0732923090699237
-0.0314110797016394,-0.116078555888668
-0.125669798298768,-0.0656749240708367
-0.0278507397959251,-0.151748962700754
-0.198702375249391,-0.214941160672274
0.0493367946974615,-0.154968056479242
0.056821717870906,-0.220692561995288
0.00797225501860412,-0.152489818595721
0.0946133421889465,-0.131952034397838
0.0473995599476215,-0.00479166771178744
-0.0596811743775703,-0.152784803466971
0.0690122917609372,-0.116631440511443
0.100386531402109,-0.043008952244217
0.120008615896752,-0.0115392558256699
0.0219927338886258,0.0216791112922254
0.0832565298239807,0.088705752283062
0.174476822640313,0.0276747665600901
0.109766189461132,0.161117482641185
0.160077294688338,0.0991692270130053
0.156040655645927,0.0856645546577995
0.210287681970343,0.0924032148586131
0.158533900096086,0.0483413476291035
0.169782210453651,0.233994363953263
0.280473262004003,0.0891279672163523
0.288227655418066,-0.100906949245373
0.266065355317319,0.0427722169221708
0.35327510475343,0.116629555200395
0.335453792220438,0.138106638358929
0.208882697032666,0.010021042651915
0.420741122977417,-0.0393009330419642
0.378082837915,-0.0584540533873677
0.33615806591434,-0.0190040139547967
0.388462113675407,-0.0116089505218495
0.441550163912983,0.055537514742082
0.399662801451106,-0.0517543623228162
0.44825196609558,-0.111451805053598
0.457030806666026,-0.055486147081369
0.45383009427506,-0.0984681851748598
0.601097218598418,-0.0868215188438018
0.639736358257264,-0.109402413122188
0.507849278688421,-0.176339029320535
0.572551346786857,-0.20150001504988
0.597659064801567,-0.179432861306487
0.473457931165773,-0.1592311196334
0.540076179279742,-0.191705915682997
0.462210836759069,-0.138107414637988
0.594498774332002,-0.142797824975882
0.560211258595866,-0.141622834210033
0.528729456834612,-0.238807371322595
0.665636895033933,-0.156760385521025
0.679739655279637,-0.150084940405664
0.576632220770735,-0.132524974280034
0.431026768660978,-0.272594914100929
0.54031284336012,-0.188922782831784
0.658397286319033,-0.267611845591033
0.716260312699191,-0.299004878327164
0.717186395927685,-0.357330572249473
0.767514845275377,-0.306291487751179
0.837834510378761,-0.319336292494892
0.814003368008572,-0.402875887775334
0.793133861502345,-0.365235926044467
0.80381543711742,-0.397234382481361
0.778285580531485,-0.414670358760827
0.755517910735965,-0.466995648739883
0.737125626192827,-0.491410582644125
0.767235182283779,-0.486412977862624
0.651646223387182,-0.600328195951041
0.639960018965557,-0.575748850195786
0.598518034701949,-0.578680095489487
0.607386964425554,-0.609441393068359
0.625918721611208,-0.651442991017547
0.599179611842375,-0.658195413160216
0.601427580335734,-0.654932657438964
0.509424905856272,-0.650882278274241
0.584627065676001,-0.688519346178971
0.536330683222689,-0.692047444282968
0.543614462650529,-0.702942438536088
0.572784199590683,-0.68962500208517
0.555522230700797,-0.586324432229121
0.611658422869696,-0.589358499405175
0.538306867199153,-0.710015010628178
0.529778785066129,-0.712357775935071
0.510812151270611,-0.711769439362439
0.436085584425102,-0.688456075848804
0.497361653516305,-0.693252125256938
0.585692212294986,-0.662920241217757
0.62120642382464,-0.659417347952783
0.626333483321992,-0.661708797301524
0.641280811039491,-0.654469510159223
0.654961414695578,-0.687436575268499
0.662764569462838,-0.659590329477231
0.636770536005481,-0.683401438716218
0.641704653695011,-0.629951737665543
0.673450745295582,-0.669957488805814
0.611477110750194,-0.659866884996098
0.652828884925569,-0.639883382831419
0.660510638065949,-0.581866454039777
0.635270031382648,-0.600813659039574
0.649708506174882,-0.607212213995215
0.673006848891269,-0.589765593266172
0.677637704761231,-0.574796397642917
0.661245467000704,-0.585684861896648
0.60169069892362,-0.587999668309007
0.631444344823832,-0.637610250691788
0.574370572897585,-0.648621959770012
0.556115494530835,-0.657702001114254
0.603700140571474,-0.63217255567239
0.617023599698774,-0.626492341787077
0.599931245698854,-0.655871494612648
0.602816762548476,-0.619747186084119
0.61846004886921,-0.641931741095148
0.577656223853772,-0.684431823618336
0.54350199100665,-0.673800007213995
0.499966641928743,-0.711817447778014
0.488041021196574,-0.695874836108284
0.504294258889392,-0.773144367429944
0.441065546634352,-0.722599218857253
0.470963589697644,-0.771111465473676
0.440896995495586,-0.76717886657103
0.456280197836785,-0.807074072087247
0.433773866760879,-0.685926534847446
0.366951619894546,-0.749505024721399
0.431244176362206,-0.72480406202974
0.40872584603227,-0.710686195980607
0.297514646584481,-0.725425362944507
0.390142708078142,-0.755945895533593
0.344694485197015,-0.760360385427481
0.333776615316778,-0.702738549727527
0.269607446132218,-0.741748986091867
0.260280077587571,-0.714048171537034
0.233394343422481,-0.771572213081249
0.260409125650525,-0.84891124301655
0.238018301261144,-0.79632949968587
0.253158645546349,-0.764225309794088
0.193168701389624,-0.845742906534944
0.202432261349506,-0.827436878892458
0.161855574940541,-0.802331854552237
0.108185280698036,-0.862931380370246
0.122012653523037,-0.858743343625017
0.0855636763606218,-0.818602040496834
0.0618237979940089,-0.82719699675004
0.118146932961213,-0.868146177775693
0.0928425358986378,-0.8376768549285
0.120358381143097,-0.768079196307005
0.0641782106533632,-0.742881802540061
-0.0104545955294908,-0.760595373847311
0.0285913722866078,-0.887399508995192
0.0213861233688819,-0.852482118163353
-0.0193205819932013,-0.837125009074424
0.0465533572474188,-0.828226209352375
-0.0170238189735168,-0.798297094243668
-0.0262040463673609,-0.826568905931545
-0.0255109709311752,-0.761345998225436
0.0304208921321875,-0.864117155160017
-0.0285037294642249,-0.65505754291749
-0.00605044576427578,-0.773569663621801
-0.0255460063658978,-0.900977584277189
-0.0517316802578698,-0.825266464214465
-0.099591819676341,-0.769876419226844
-0.155171213568764,-0.748818968031234
-0.0500447848604438,-0.839601894481033
-0.0106749960966921,-0.780667286200759
-0.0330204089521149,-0.790928498235745
-0.0229119951251209,-0.847651708333144
-0.0780601225309652,-0.816276017733916
-0.00238820469181763,-0.790463659920526
-0.0746067453873757,-0.819259720715494
-0.171763646570101,-0.811016851921451
-0.136610687908895,-0.751770419173656
-0.090973593533958,-0.726524047137621
-0.0858643311248695,-0.731709689413067
-0.118443720943603,-0.820737532796456
-0.127020794447532,-0.733039111129818
-0.107039470648376,-0.796303943933506
-0.0543070156490338,-0.775631674925065
-0.15445595116983,-0.790159805151462
-0.336722989527519,-0.755578683021749
-0.292673424892147,-0.811269125573054
-0.294048253480632,-0.795072364065343
-0.27805684661099,-0.814090162481233
-0.314070442654127,-0.829477833439223
-0.350759237172286,-0.880240155919495
-0.340587337005401,-0.862041542510854
-0.381109667930584,-0.773286677850024
-0.424112618793361,-0.735309054525728
-0.424945790527376,-0.666942956901767
-0.466519494958845,-0.760949667143605
-0.418223048412488,-0.749602050275212
-0.44515120543596,-0.751758086616013
-0.43207214984523,-0.6935514850129
-0.361189369111123,-0.578428906836115
-0.30823881793474,-0.663430414274465
-0.309985944858818,-0.682192898717335
-0.426540978736792,-0.705158149048464
-0.425366838693961,-0.659717029843018
-0.307476122053348,-0.622154644627631
-0.437850809562338,-0.563752449959556
-0.349703880188961,-0.550753740764955
-0.420560331937181,-0.529047333422241
-0.410687090482933,-0.615518726892018
-0.406041003629901,-0.543395108797766
-0.451780689046558,-0.589164351852188
-0.496929599675862,-0.563156657753843
-0.452108343329031,-0.55334591260712
-0.599715262972039,-0.564904754997952
-0.500389022395997,-0.603230258023235
-0.517154098155411,-0.566892990077328
-0.630482793794507,-0.561857759890352
-0.537479758753576,-0.558885735228129
-0.608461077423798,-0.572858100647612
-0.630461094943335,-0.59045145103713
-0.630004460104346,-0.578347658249884
-0.588003464385946,-0.558112895270531
-0.636376633943035,-0.4798271463638
-0.621720499723658,-0.496128140021095
-0.660335346888851,-0.525253453318542
-0.542597921281131,-0.487801072915366
-0.597420686558782,-0.470448323709579
-0.659276509317388,-0.436675202134451
-0.710086040096287,-0.477961490621027
-0.689481697645116,-0.369743845912452
-0.738466418698892,-0.295388088150721
-0.687753648579009,-0.275586427774217
-0.745527605717333,-0.278799159396191
-0.793003663507523,-0.261684593311618
-0.811703874697812,-0.229703756863167
-0.745754048050412,-0.338132410245453
-0.787521981473404,-0.249124212669097
-0.772923120676262,-0.216041508326399
-0.737326060298018,-0.250827283922776
-0.724990880624121,-0.234208008045385
-0.748547372668355,-0.321634598205349
-0.636849334495548,-0.309403740510715
-0.740182747257761,-0.297578383865646
-0.73038701470735,-0.332766213298578
-0.627166542367707,-0.395972477005431
-0.711540143751879,-0.392183376389664
-0.671644756800196,-0.466225323691695
-0.502118316852236,-0.498873010291743
-0.523871722202896,-0.394201099178453
-0.448435582693898,-0.481156488081324
-0.501939771401762,-0.549464969156665
-0.407248565524173,-0.602032968685914
-0.418324727441512,-0.593091460331095
-0.403868953879039,-0.651147829964585
-0.473808688298174,-0.691975263642313
-0.456572175714217,-0.68718735332515
-0.46749701921808,-0.658921533605107
-0.379888860929757,-0.637433802257104
-0.36110614289807,-0.649727159954119
-0.41237476229645,-0.773079065506879
-0.383787369461049,-0.717201474742183
-0.301400725545701,-0.707540741072777
-0.466692319460803,-0.738294805519426
-0.383869581128466,-0.769331487971257
-0.385402172485889,-0.689551104070124
-0.369781513022688,-0.772526348334704
-0.40434810002931,-0.752635889002589
-0.411131821529724,-0.727622934233156
-0.403466688349544,-0.726099649512313
-0.482420526858159,-0.657222332650327
-0.469179303219825,-0.697023336714886
-0.510885237851301,-0.655311348535117
-0.593757492017322,-0.621328036386587
-0.596307913699679,-0.584782295480538
-0.655632508291592,-0.586912866820412
-0.652218933597802,-0.489213901657944
-0.678322580603254,-0.49091846529153
-0.743473185648515,-0.43345453214155
-0.803527764603713,-0.387735900742678
-0.860566366013185,-0.357084462338135
-0.777358419209639,-0.378435992445031
-0.834171156406994,-0.374264442050602
-0.868168053025023,-0.27577888167355
-0.881926774302946,-0.251392950980182
-0.845882409756078,-0.194956848003279
-0.86501270975858,-0.2106648871304
-0.879719709421674,-0.174443995078041
-0.885650656755249,-0.118786141481946
-0.884720862038639,-0.05082282217179
-0.885427173866087,-0.0430585560168944
-0.947084048312206,-0.0196141970923212
-0.913926647722262,-0.0682564907384037
-0.895155086363722,0.00503039188356029
-0.914255919271791,-0.0175442698563637
-0.921575974823948,0.0364778962896634
-0.91918721488659,0.0900255451907819
-0.903364058087622,0.115859525026128
-0.928630803247291,0.0980743703196009
-0.931672102399858,0.152028699263505
-0.89620938928626,0.129568969661605
-0.906226915390312,0.169641123887764
-0.867591199030166,0.133495360956559
-0.91550409739508,0.165666910762913
-0.843798332091408,0.146882194832146
-0.865659768089132,0.160664864949534
-0.880391026395418,0.141140161826529
-0.915874064223951,0.0748299522297655
-0.884192541630996,0.0893591658867745
-0.88810603525212,0.0777552575356883
-0.875076960213298,0.0962263455567339
-0.857613993870986,0.00988308857062294
-0.87963081665517,-0.00954670651339994
-0.748486152216684,-0.122486671256066
-0.828676079658485,-0.14663790655085
-0.790720934029758,-0.210971251201408
-0.901279648785917,-0.166783541872765
-0.859981157411428,-0.225583973477576
-0.840596995143016,-0.179148071792229
-0.855268212292729,-0.181735904288383
-0.885677841790851,-0.218307352881126
-0.882620407824928,-0.158094484566698
-0.892172363029862,-0.206074886703142
-0.857739734015843,-0.139146128091211
-0.877608114651035,-0.190940284497542
-0.88262558199552,-0.213021034876282
-0.824610116648836,-0.215143296582816
-0.844817311653354,-0.224678795931256
-0.814203387138285,-0.224803064526256
-0.827278273228641,-0.267802592553468
-0.79937185053599,-0.25147549100814
-0.838281179411482,-0.264941185824269
-0.816821722507743,-0.285163172246579
-0.83663495920304,-0.332953027681318
-0.794652702601697,-0.316451620175379
-0.767886719585548,-0.344977092271516
-0.82219914970157,-0.3999199199604
-0.824410451149446,-0.365078567907803
-0.773420193875343,-0.310911115311695
-0.817086073011381,-0.299723366779053
-0.75720266052005,-0.315410106778234
-0.759196313338564,-0.224176795400894
-0.766761539863811,-0.223466512841929
-0.725431295657959,-0.226797761942487
-0.724762083961266,-0.20089087239286
-0.752834033183957,-0.102748159636078
-0.733388716283012,-0.0482216570853627
-0.70485732572811,-0.113368924535178
-0.699143682015902,0.00266789620989972
-0.763764268353507,-0.00289066234684
-0.745216651436889,-0.0347686198268834
-0.755840351802064,0.0515734362433664
-0.791246923555035,-0.0290030792804734
-0.772353902956527,0.02703435327879
-0.848292604178108,0.0063608193465759
-0.772795039084268,0.0131741535961847
-0.800414259264658,0.0307097147842217
-0.829423339695289,0.12094552623438
-0.893704789525003,0.158344099379565
-0.847869824830361,0.202487787692867
-0.830789648420588,0.188936298908067
-0.813997058614977,0.198392283696788
-0.756717391909635,0.274821875674225
-0.745914937705197,0.245402249133232
-0.764014271663677,0.299832271140948
-0.742234618767106,0.332103709634933
-0.788337568457117,0.349960335219201
-0.742616807445566,0.35903798910362
-0.72807675417804,0.373369587064357
-0.688957301276136,0.399202514101985
-0.709736244674036,0.348270768284057
-0.620245703661259,0.371785297845368
-0.688840430087558,0.416609013372854
-0.655759961524617,0.441200639801878
-0.681686769239381,0.409868468938996
-0.661729878307179,0.370468276865507
-0.631281449754291,0.408270746834413
-0.630930283021756,0.41307692810628
-0.665871017085753,0.455157155714964
-0.646882784874031,0.403635130774107
-0.65065512342694,0.462949315313615
-0.573454739959141,0.452923023477969
-0.649502518856905,0.440495290510546
-0.582029381890078,0.533220766760316
-0.642210857165807,0.457186151248645
-0.674574475307368,0.478211818531651
-0.614299925568488,0.500742904454009
-0.56904192242748,0.52323526733425
-0.563263908121431,0.489364774312168
-0.546787517783035,0.546222271347507
-0.530031668658208,0.543544956362116
-0.510907677358781,0.564880485811148
-0.509712507189488,0.594670714968559
-0.585015975641059,0.601304860697741
-0.57715891174547,0.58642793301186
-0.507433352537527,0.605235259028065
-0.503998289239878,0.564285763503508
-0.544082492218339,0.587317170469608
-0.522853090155868,0.625995757812986
-0.559457927182124,0.614874862263231
-0.508115855367418,0.631909329984719
-0.500957081887836,0.696617446122504
-0.57902161152678,0.697769473861023
-0.563937965864713,0.703643732794859
-0.562718562995782,0.697778178743566
-0.53949872025468,0.703884637806148
-0.585290565090645,0.675642118209302
-0.595847892600465,0.670906165965411
-0.630728688028459,0.681744829047403
-0.576613240969593,0.670436883692604
-0.574222835171573,0.672827045646464
-0.585661905470269,0.681894269077672
-0.577813579746071,0.702606262433935
-0.553517104122916,0.65398570430573
-0.553216877913489,0.670238996543122
-0.561616218783933,0.667130113927396
-0.523160121232193,0.677847195468759
-0.500062302478507,0.699364224362337
-0.587367406354897,0.62645143378269
-0.486332033888272,0.577737822684997
-0.490050015620253,0.601966142041166
-0.417419556671203,0.555780318244868
-0.458258743487863,0.65837514364094
-0.530392532762108,0.667854160402082
-0.500103958731871,0.67795389341993
-0.553674821752327,0.668314614443785
-0.540370289135631,0.680540103303418
-0.44414764844426,0.694528389264769
-0.465645390467291,0.672353030234703
-0.468829442218779,0.746304481090142
-0.479486623868297,0.784635016254432
-0.397094050723658,0.745787392236754
-0.381236369726121,0.7295827476632
-0.347033871386501,0.763790340035323
-0.309389884805637,0.76849070702964
-0.32468018294878,0.792159444275134
-0.268682780621794,0.797562342745872
-0.193424900973691,0.842363287161013
-0.253339496535286,0.814412155371671
-0.201541955944029,0.849370294432619
-0.156244520973649,0.811860825433542
-0.0840372290006913,0.83054167244938
-0.0691528840324048,0.784112242230138
-0.0959663427734705,0.837098981493745
-0.0678598285059769,0.777721393078026
-0.07083353158626,0.817569003473544
-0.02958092917185,0.79642235459561
-0.115507538924405,0.822723440222013
-0.0672411275105484,0.815355320965734
-0.0380910504609778,0.842955451992396
-0.0934305599424572,0.806063608202775
-0.0598366300381249,0.808500726941976
-0.0579687261475256,0.825353374055685
-0.10863419595272,0.841656674231199
-0.0986052024132149,0.806038040011681
-0.10652317368532,0.823042312649841
-0.205817312024787,0.783511155128435
-0.186107437427099,0.803789924960695
-0.250783325807798,0.690671663426876
-0.24858634533043,0.764737946249691
-0.261774858934594,0.760093394089325
-0.321413178631241,0.705036474682304
-0.344279941955179,0.688641627147492
-0.389158882570209,0.720651309897628
-0.290483432312886,0.639598516708369
-0.395351620136646,0.656269767256444
-0.37373021347603,0.613097521083042
-0.405195566910553,0.603883849973334
-0.404936940279213,0.578041641337664
-0.449986171737862,0.555561933231092
-0.46599035416549,0.555771107690113
-0.488912772062645,0.525181910584576
-0.509064747571093,0.501811853834057
-0.395877684947355,0.446149891357142
-0.465621974519368,0.484776629367983
-0.41925544969668,0.405592690309914
-0.502261690096664,0.377191450865078
-0.440423445713719,0.2645765850461
-0.369310915933925,0.410993640344997
-0.429126913667117,0.289123498408461
-0.384291087501945,0.3064973085393
-0.372980296829866,0.40771160597641
-0.368913938653302,0.399951262103126
-0.40258104266693,0.306047354429836
-0.390187846698081,0.397839298849531
-0.314594140643539,0.253449517546351
-0.290018173185347,0.307646092485608
-0.33862043587514,0.161034190742194
-0.273929418699288,0.259578184996297
-0.247620673370202,0.155762283284329
-0.192964034964592,0.270577721065009
-0.0877794780759267,0.180639270024129
-0.162673203303454,0.194025502665007
-0.154980350813058,0.289737314748872
-0.124536753002883,0.236953381959343
-0.0865252704555672,0.258728973557279
-0.157400264376567,0.151299591175436
-0.1158782456053,0.291715608477253
-0.0171258770906663,0.187607329509352
-0.213454239404251,0.201444303721836
0.0741901706907192,0.20087251240765
-0.111177069992725,0.230154018586519
-0.124508867668079,0.168430260844092
0.028973215283651,0.106028632203362
0.0891040124833001,0.0994829181817461
0.0909791604209547,0.00946233796860586
0.0682230884623479,0.1648515050139
0.0432487738632146,0.11374285515653
0.0853455239793251,0.0737564088391479
0.0776195355196239,0.0899595434089369
0.0626517645099514,0.0901394396374836
0.0628957450041963,0.032599205149497
0.247200211433857,0.170627020811002
0.0458360711891153,0.0300135512308041
0.153335904326626,0.112439140393647
0.254145020707585,0.0270386428374594
0.165450918536762,-0.00706892692828043
0.200713985721323,-0.0678281308124578
0.254737816989112,-0.0190531480641869
0.143448722771867,-0.0379586037957098
0.280491317761232,-0.0094347595450821
0.280856727813034,-0.0478222327106192
0.259407495097701,-0.0234920277236881
0.239021044128498,-0.00083127225377199
0.277463055642721,0.0381733948079637
0.286556686242155,-0.0346883540199293
0.362432045630312,-0.0870621577436551
0.327222799718221,-0.0841957284772004
0.386868226828907,-0.0215000526820255
0.316102225768896,0.00848431120138766
0.273385702134094,-0.0818336529218384
0.32229473839007,-0.0909899984803748
0.205996362099318,-0.0898700293806574
0.239212590047802,-0.0519139550062249
0.181522006538637,0.0276822026890098
0.275993181571614,-0.0875440035799546
0.251811375468468,-0.0887847706554736
0.145381216437042,-0.044445889479804
0.136420773676411,-0.0198077665599805
0.0909536977863728,-0.100555111620578
0.0459633800877431,-0.11051757102506
0.15672990734677,-0.078378736774013
0.0904226116701699,-0.0791985488654965
0.07111125607186,-0.160934800955354
0.0374478665766726,-0.115646680700987
0.151023073363229,-0.179721264781263
0.0485086068008286,-0.234862256317701
0.103457499179181,-0.168443388166552
0.00941973315623345,-0.128041290896525
0.107818030705923,-0.343202324640952
-0.00311100258610783,-0.224745016342354
-0.0171506646235892,-0.19308218619863
-0.0260715448579507,-0.313622141895123
-0.0045248123316718,-0.293096641902966
-0.0721012607931028,-0.258377765566567
-0.0862688458697322,-0.246953051217487
-0.0109590373879887,-0.379881821588055
-0.109960385984533,-0.203678031545389
-0.115500154628112,-0.292910584671869
-0.2181943272533,-0.315768241440037
-0.144709217877848,-0.269833547798023
-0.217364674120902,-0.373034446463912
-0.244613963473597,-0.291007740868474
-0.191197509765618,-0.361136448557057
-0.147106199377956,-0.442607788816485
-0.266183391691547,-0.374475283707706
-0.101934308184022,-0.490208205448236
-0.253150924691299,-0.47318187547649
-0.112948091235687,-0.450409592272387
-0.196536725156474,-0.480350603210111
-0.144254379150233,-0.464932350391104
-0.263852510983702,-0.496270640847577
-0.22315587199164,-0.504310134523392
-0.288483830221875,-0.55903187627635
-0.189215972371289,-0.621205536498664
-0.225684083078227,-0.567741426740427
-0.124421020745273,-0.537869815292676
-0.198707006292557,-0.71234448380673
-0.175810891616398,-0.634680823254727
-0.197960713640798,-0.591586568382208
-0.128081452755583,-0.574854287171204
-0.189305867741318,-0.511336691509816
-0.247004234329567,-0.515793161083785
-0.200266048922965,-0.494425726919976
-0.205451392046256,-0.553955032554436
-0.237651577937554,-0.537370956176787
-0.201899018097758,-0.51634679369891
-0.226285510263688,-0.489871809841177
-0.146736947531139,-0.415199686288746
-0.28679706885614,-0.566916382879429
-0.182619099855953,-0.511929512039057
-0.124439176199114,-0.548706260758708
-0.192241251689655,-0.483389378804304
-0.0884329653043748,-0.511765891219824
-0.152769950858858,-0.471582611834951
-0.130823003782233,-0.578883055507259
-0.0258053898119015,-0.442002966631168
-0.101038736757517,-0.466478881093222
-0.0296791897339347,-0.409687136668818
-0.173563556898493,-0.325116562658723
-0.0118586527729048,-0.451083391740036
-0.0971559132693878,-0.482891726274112
-0.0206534060437445,-0.41652325756446
-0.00906741529290681,-0.442224421148166
-0.0300283599986444,-0.338651065725247
-0.0535422542278235,-0.580643201627259
0.0868633791468648,-0.459260590886988
0.00560133613742806,-0.646612931685041
0.0843600046683495,-0.545377189650212
0.0728059228933715,-0.583305110214986
0.0188762599508539,-0.636901341389068
0.0558702301591023,-0.712903796565417
0.0329999309535852,-0.681256747577569
-0.00761944117115528,-0.647517285756595
0.0828529679180564,-0.691616536266139
0.0687051331301855,-0.792577829774776
0.096785617234243,-0.678843729170942
0.145052425813846,-0.719312879975248
0.217462541460634,-0.780011536819498
0.17057459507832,-0.717449135861154
0.181764711799558,-0.776734334139885
0.234281663931987,-0.852347006380598
0.180059041450165,-0.837957159185027
0.199958457416505,-0.84384053496254
0.252039954498824,-0.848617834897621
0.241265002030366,-0.857176713788926
0.188965726576906,-0.874449473892717
0.28697409619483,-0.836501312354309
0.260536412121971,-0.887402235851102
0.235536455172521,-0.880565591779417
0.22102925269029,-0.868427359897179
0.300747516582576,-0.900128487719445
0.234199702588193,-0.837661254810513
0.292325340902357,-0.901842451817875
0.27778734537743,-0.850927586631704
0.310557051721581,-0.847931544187894
0.300258595834974,-0.811050248674468
0.245612317872968,-0.888098927265273
0.249382526306076,-0.7853034182978
0.181192592395423,-0.680519096812157
0.275839117998891,-0.793044994514453
0.333637615764106,-0.820600024385025
0.321082847705466,-0.8179626440665
0.301376417512903,-0.787310917320551
0.33731058173358,-0.774215963993562
0.298226642767477,-0.797058713515702
0.293920642270629,-0.806061181797971
0.33860550442447,-0.811981586090948
0.298481686586049,-0.787186632561837
0.33837360269757,-0.819266939573664
0.281893674102326,-0.811687284949754
0.407740764861515,-0.806957711047573
0.329305956238845,-0.820105226260288
0.369801403678822,-0.823214302250631
0.417616614235776,-0.77354872737063
0.428134154855452,-0.803048618486996
0.411142690582685,-0.818600841695778
0.406406491927348,-0.822881588625163
0.381989353842783,-0.805829725323941
0.412355739971821,-0.796489127223967
0.413949283252991,-0.779643301592485
0.4000272513848,-0.736160222929822
0.372388753388875,-0.772471660704426
0.362586694582664,-0.749625808295474
0.433594876527008,-0.758249934938778
0.414686526304851,-0.720291055218846
0.444676415776594,-0.716724349952888
0.46362065809593,-0.716900300243732
0.471218492013977,-0.659712856312209
0.50186046027165,-0.649548789972703
0.491503803853464,-0.576462521892834
0.496812269859915,-0.616050904387178
0.556575259957757,-0.584368229555604
0.619875311603623,-0.578183213239603
0.602629041106781,-0.627278964791382
0.621289551685711,-0.61401833066756
0.653906827024991,-0.571058263916548
0.653173206572164,-0.516359201349419
0.705008193644246,-0.517775747668007
0.673190029955698,-0.488232448204713
0.796274327822755,-0.466500046797203
0.712444044273444,-0.424500444588127
0.792238743762657,-0.47939512270413
0.788274359833434,-0.383080936102082
0.785940098314137,-0.423560638060003
0.766351052908876,-0.447003167199123
0.786383929920814,-0.432279040192487
0.764380798349948,-0.423121056671973
0.778109984898928,-0.394446382689188
0.822042779357491,-0.366430047700089
0.796273560745293,-0.317359398488781
0.78906169014058,-0.326587520298794
0.793204571861636,-0.333519145405912
0.795463743033327,-0.310824261307918
0.799888188501864,-0.274373457171751
0.805155296466725,-0.33087821487745
0.821404152135148,-0.266262972815698
0.851580125002004,-0.296810934568758
0.810890083932853,-0.298283153856043
0.813448451141572,-0.293372666318058
0.857968969681888,-0.33085720032044
0.831671054266496,-0.234384570273995
0.812483908989774,-0.217739221369276
0.842001296330391,-0.220050679699991
0.769837772536936,-0.178977395149011
0.791015786711131,-0.195171359653221
0.775921729873477,-0.197257960125995
0.71815710345389,-0.254796401830708
0.77591809090068,-0.248501773529762
0.742878935672525,-0.288720764138991
0.801800572387795,-0.2515278024153
0.761184430338442,-0.34233596036059
0.744548166401684,-0.373191710749741
0.735320680537368,-0.427863982888374
0.717149255116047,-0.476706284401158
0.665933365837987,-0.487303704625259
0.645813644866612,-0.483051939176972
0.631011812404218,-0.578882522658807
0.587590001961703,-0.533425812386186
0.608827161580231,-0.522547377897897
0.576175080969447,-0.550428607143498
0.570817279047168,-0.609012430767193
0.629540618940771,-0.544616138847632
0.557910174569491,-0.580266474809706
0.524017373877807,-0.468145423694877
0.592793054164688,-0.522470470832355
0.54665538442461,-0.46851923642726
0.584667919891831,-0.483855640588026
0.585967678520993,-0.50061010165872
0.637463992037118,-0.501422061448648
0.616733496238811,-0.423963530161359
0.712007256585748,-0.325040739668147
0.681033200853484,-0.305011632365099
0.674824650766857,-0.279401344032657
0.704608420492397,-0.262164298600376
0.75621647434549,-0.293180607322706
0.756664432425496,-0.271051675015389
0.73443263345841,-0.257674713845952
0.749999435233024,-0.222732956877424
0.776633174214644,-0.159489041716294
0.760037056494098,-0.141961013908696
0.842748637483012,-0.124213288639495
0.80108274158758,-0.114595938761493
0.762753677431756,-0.0179873807389378
0.805701010271338,0.0310213803585006
0.787728209089627,0.0297562644849006
0.816883238722846,0.065324452503405
0.776568576222374,0.0365591352424552
0.711135248044092,0.114921081266362
0.725232265305568,0.0776312145072278
0.755155197701265,0.0460595274156283
0.780161266670436,0.066317530439209
0.784348569658499,0.144206013416803
0.762074812550785,0.148100211621157
0.776777276100619,0.168055018861551
0.777922786603162,0.226193172092706
0.733013257407567,0.276837569048452
0.782465101029612,0.274163312609478
0.829072516724868,0.229635829097378
0.742294771508238,0.241253462808653
0.804094284480255,0.247038516492228
0.804488372921734,0.310356587291305
0.821786372823108,0.307319542048607
0.882309992280406,0.284802531354912
0.807150126456991,0.278289952181171
0.867582185353552,0.241079700643951
0.79694868476219,0.310900817453139
0.800545754115196,0.320308277912918
0.834383881991543,0.285731403941818
0.834681149846754,0.323806776581935
0.81679782862726,0.364881962116489
0.808688389668242,0.33290680399926
0.856504530811392,0.33485887100171
0.824805394600123,0.425457400568
0.834969090862543,0.432113169125307
0.785050815771026,0.369638725267763
0.775090805108034,0.415552327407159
0.798468380306513,0.37279903435385
0.776430565159749,0.431803631856814
0.800855871298513,0.487945157039282
0.794594821064536,0.330020259985629
0.767223450308621,0.356151198701556
0.769715410537352,0.379089210634262
0.826813723999519,0.309371954660742
0.820438860390458,0.334038074986867
0.796746454679865,0.400451568963276
0.798927217299271,0.390010211988633
0.753115288512824,0.348499688405309
0.747678310022329,0.391653123852579
0.787307924629601,0.40057098081784
0.785949830717159,0.405388393639701
0.767541731672685,0.432984295135915
0.758402778613548,0.470434223056095
0.75324500058735,0.522980230152254
0.714543706451194,0.511709097834899
0.676507277144558,0.487086840204423
0.724223297629017,0.523795350566046
0.647823441197381,0.596405064819994
0.700262236186555,0.530201661675689
0.602866636266453,0.561441975197975
0.622597858642584,0.588487185009477
0.67088203142023,0.621570080672673
0.603575433232808,0.665558886446058
0.602169869046981,0.673639670043942
0.594117033777413,0.688426053428401
0.535214588259728,0.709959211069567
0.589468751410504,0.659871410652807
0.573693472088436,0.708121790680914
0.526963132416248,0.766161975877816
0.497053380375155,0.796654568463055
0.446500576824377,0.821142585537834
0.401785621003095,0.830838541698155
0.368514865898849,0.836228736915762
0.335334909919416,0.857358224493411
0.295014595207042,0.875507825793808
0.26982141184362,0.886579004437438
0.239118611672361,0.864528382304041
0.204480752366461,0.860777890503856
0.19029882877653,0.884891058301369
0.22104993595966,0.878748188390235
0.143799929423779,0.898209507087645
0.120319884903163,0.888555435923131
0.0928864154688214,0.916998284739619
0.0491965464211609,0.909948718197143
-0.028614589998914,0.905777818598247
-0.00995594788802562,0.907878361494958
-0.0723108641212806,0.910464137597196
-0.0639300840366226,0.922606056890197
-0.138672936965974,0.86803145085782
-0.113126186827344,0.833469152675192
-0.133874503644595,0.87307029533432
-0.230719718245876,0.855367290332111
-0.250611978869463,0.826811908453922
-0.3066023829885,0.842749876102812
-0.251133927786886,0.778582007287454
-0.238569465552438,0.701048109307152
-0.235822756912709,0.749246295369898
-0.231928478147053,0.721340724183996
-0.263064889642286,0.66521731247406
-0.251949713584523,0.692512064327934
-0.245364704906462,0.767045978887044
-0.243024281413645,0.747680866791402
-0.273469556875229,0.681005558244068
-0.265065375767101,0.689369947733815
-0.313370418268749,0.661673190693507
-0.295987863938396,0.67518030611254
-0.312318549074517,0.610306538724861
-0.249880303914324,0.591895961747993
-0.324621246110545,0.616395741028218
-0.299066035678516,0.614006775840067
-0.32678761235333,0.557065840765441
-0.270565471103399,0.520168060718634
-0.300362625648925,0.433975004429777
-0.312523803175927,0.447358653523053
-0.355975371060185,0.367199247825814
-0.335327565588958,0.2375152739531
-0.417787513381275,0.32409455236371
-0.375681815573142,0.221244006829286
-0.407110880188133,0.227079655061262
-0.370672090119664,0.16226396158465
-0.408950918973418,0.159653776067464
-0.330125647551869,0.168467147059029
-0.305931708127321,0.152124545272477
-0.340983658115451,0.0264905277649871
-0.284889971167714,0.0460357911938605
-0.352210856766181,0.0135841280812235
-0.255982660960901,-0.00575845939513561
-0.226764297658124,-0.128107233781331
-0.205552644901621,-0.0682555702972221
-0.119096039334293,-0.192746278993063
-0.049409686489004,-0.205235752497361
-0.173424623465697,-0.207061723122805
-0.141355370189347,-0.153030371508
-0.0506793622193262,-0.212919900405471
-0.123774108027419,-0.351194110230777
-0.0225982993582301,-0.26991613547152
0.00224366847030999,-0.308532531377681
-0.00820504182338011,-0.356706877552313
0.0531891715949667,-0.430749368411723
0.161037450351118,-0.472023222756855
0.109219240508195,-0.463786272552234
0.146870047941761,-0.475878518595622
0.249410300892481,-0.517307389466571
0.265346270347331,-0.552731995392115
0.295946874935137,-0.608412506528311
0.33643880309101,-0.563190058988487
0.364133251212727,-0.611759101225763
0.387537809905671,-0.5756853607805
0.431157824932822,-0.615077838691728
0.41192908822519,-0.677990978059168
0.428349566413597,-0.608815909473099
0.439041774315547,-0.576728616617081
0.440428167248282,-0.613799605607499
0.478832842293515,-0.570711851362959
0.558692687825146,-0.542396155239894
0.566053714737346,-0.578505885528301
0.638311091008045,-0.571153652550707
0.632078435135843,-0.560273181522154
0.672339800372668,-0.53436501145778
0.629321138337093,-0.434394767533607
0.681713999257019,-0.478527375238944
0.736796763866312,-0.4356384968291
0.776827395798109,-0.378286718684934
0.720644917564858,-0.347865113595048
0.804096529621361,-0.239726068187228
0.751341410925427,-0.216984408820511
0.77652076147818,-0.157035480297573
0.812029602062448,-0.176355014639172
0.807808946209904,-0.125644894423642
0.863271187103517,-0.17127837654798
0.87112472046417,-0.0642351737740243
0.876494660354439,-0.0927003891629018
0.897751511408431,-0.0552680841421374
0.845522438930752,-0.0313894149697842
0.803133369348347,0.00237477320715318
0.895270015117525,0.0281402777771771
0.849087843113982,0.0698602480584007
0.801107424781922,0.0652318267531575
0.805945844000623,0.122178076239672
0.797649540560517,0.206190755816589
0.831711189074157,0.182048044215821
0.760898475800602,0.232651037061433
0.731712046894772,0.191006952026108
0.725213888465644,0.245634098771929
0.700861042925277,0.272951674464601
0.72701288785513,0.218319211993125
0.634466275970923,0.258827460267191
0.61046663494745,0.275064070135529
0.631759478595103,0.248704730707614
0.548480511761033,0.304498323756258
0.570221093704401,0.208765859024918
0.530726323540874,0.229954220349105
0.497355459904283,0.231662649549248
0.443156916130096,0.0749529402337246
0.473314186551776,0.207480409466399
0.520376348408746,0.214927861263484
0.377268892206914,0.162512676184288
0.380433444898041,0.144875490375168
0.323131788952876,0.213356000945741
0.449183313655629,0.206842477170014
0.347105234942637,0.357913969888878
0.152130796055099,0.321892271886397
0.269718640653228,0.218630017048544
0.181615393543974,0.335173452306829
0.227905551518824,0.3116132619998
0.303801858981412,0.326064712290132
0.0634505148748685,0.442732529787835
0.0975183765889192,0.362686789826011
0.219031876609324,0.400280085750919
0.109598832467765,0.464887448068922
0.0108858914740219,0.476602236428228
0.0947715205781201,0.501560878772546
0.10213139140994,0.496079913314304
0.0303308375551604,0.551691500229582
0.0123798575731402,0.505138236252215
-0.108013630852716,0.467059056944116
0.0883565459644811,0.540432005226639
-0.0610263895639499,0.555431507052951
-0.0753832636514841,0.540775227776663
-0.0835123666389724,0.598031802721174
-0.0671851876871877,0.597266760950721
-0.128337381931416,0.659763981322606
-0.16788857436443,0.597539370541004
-0.203841342387724,0.660590795921875
-0.209054987170793,0.622227703070324
-0.240977701839972,0.578028744021073
-0.286290344797474,0.559907769850844
-0.254684590477639,0.640402702486476
-0.330357576882597,0.695438052886547
-0.313118870493096,0.723260811161196
-0.264155658685535,0.766113525697006
-0.317502438626729,0.744257205884018
-0.261540764760824,0.649669747956522
-0.317473907485467,0.648436405946086
-0.318411097664555,0.657012914321233
-0.372956796338346,0.729646385113979
-0.368120596079642,0.744686075017578
-0.352554434325323,0.761187019312316
-0.400740349225822,0.786029991794523
-0.376004627102781,0.686248799474907
-0.414160917804099,0.820083801785657
-0.373638686752909,0.757161517351542
-0.427588396263988,0.786018493139853
-0.395650601348949,0.754247925214423
-0.476235978132182,0.790192682925879
-0.478870432654636,0.740919474500127
-0.503266460776573,0.695493094488966
-0.447056358171271,0.684186750474057
-0.466379156241696,0.718447412893137
-0.544931909906373,0.677856855713008
-0.525171305352626,0.683718136195344
-0.558498003424395,0.633378433995523
-0.526141281132082,0.655283352696952
-0.594199495733067,0.616981666104122
-0.56729833846565,0.56902344296559
-0.543577548161887,0.553201098524654
-0.58752245153735,0.523203909454173
-0.552902754715332,0.488242245853107
-0.519431430789216,0.443047233741318
-0.538950083252334,0.378448578549296
-0.514135207526687,0.310858287300571
-0.527379405830065,0.353202664753113
-0.494222672436404,0.237922178972407
-0.468979934195417,0.305355927724787
-0.443762476636751,0.289719680396728
-0.446958726826626,0.280326390008361
-0.449856353599177,0.261918682248663
-0.517872700898527,0.108936361307918
-0.469888495144566,0.158178479098376
-0.496693320086851,0.0617603539204493
-0.462078320224391,-0.00249800224415237
-0.449952966819794,-0.00452285491309206
-0.443104383076757,-0.0444902861553153
-0.434060874018319,-0.151957800341896
-0.412235878036448,-0.263271152587605
-0.387863000087185,-0.194971110605031
-0.337521360659583,-0.152500069751337
-0.434645793412972,-0.177699605579132
-0.42347554010615,-0.155499912238293
-0.399133147824323,-0.183106986274716
-0.318213062759268,-0.15452944455597
-0.32831331616343,-0.228528128698665
-0.300084376546218,-0.271895418067554
-0.315093089666122,-0.192501149421544
-0.358583596521942,-0.353634023737329
-0.239811051753665,-0.219679873025553
-0.333144734203301,-0.314964307074097
-0.269234595234562,-0.30258654895573
-0.31427311465785,-0.333936669847291
-0.313766230451805,-0.260536188504267
-0.254529303034726,-0.299259354778603
-0.189283042032564,-0.236669944734391
-0.244233898145343,-0.302930615264702
-0.20923493009064,-0.211621240129659
-0.202325078321738,-0.246246955917655
-0.12791183938931,-0.225384865595915
-0.173045487626723,-0.176465758416196
-0.150762723733421,-0.161180173296039
-0.176737092946325,-0.300678939987712
-0.176750029136715,-0.214699306807917
-0.113493785858785,-0.183234473614459
-0.174612146831092,-0.263699464818651
-0.157812626357035,-0.316439733852996
-0.173072711428195,-0.17120400012306
-0.101491854042029,-0.341279618204576
-0.194736019104573,-0.387706147169141
-0.0585421187910338,-0.295175771107086
-0.0725182485745932,-0.244160013295328
-0.063582721317651,-0.23865426641251
-0.0866856034165124,-0.283069945919159
0.0164689282813858,-0.283009624470519
-0.121408479563053,-0.257430423171287
-0.023921396601209,-0.184137720449142
0.0695198459717482,-0.267802919416827
-0.123800266623764,-0.217750695472597
0.06555742274293,-0.212099764091849
0.00328197891911924,-0.171844982827889
-0.0312741318760365,-0.191769225493159
0.0270208387208526,-0.164611301970555
-0.0229426152162132,-0.100259825756564
-0.0904767544975186,-0.171045253562728
-0.0161207002266128,-0.165345643500531
-0.0366167109222923,-0.287199110058879
-0.179345322900372,-0.0869923925363242
-0.0606109531475127,-0.201771969410123
-0.0633731003424323,-0.364929699504678
-0.065617376236142,-0.335315706779455
-0.0587484137294581,-0.409633053462285
-0.0682981238087298,-0.275191692212799
-0.0480057118610861,-0.428457078918549
-0.0993437340832135,-0.373849351981013
0.000233280809290659,-0.499623713521743
0.0145162671367634,-0.539597612258523
0.0118605388628948,-0.478844995275947
0.0189694519513002,-0.577979683015359
0.0305964621879905,-0.563616811791702
0.00520445622579412,-0.565221595777589
0.0362746420190294,-0.693289602625096
0.0216421964916877,-0.662987905695987
-0.0147347992892552,-0.706798124342549
0.0759772064571141,-0.650569187014017
0.0224061629614495,-0.713425853017704
0.0249425847110759,-0.815638308088693
0.117753882657062,-0.739340902886208
0.113912729049962,-0.756551852973977
0.177065253712876,-0.788175401773697
0.195298625898913,-0.81852431246136
0.16812326653913,-0.825074974007877
0.20653096497614,-0.833663886126871
0.154144849306364,-0.81861916823133
0.222526044657056,-0.857656699145038
0.216070695411401,-0.842704555101662
0.198450086622745,-0.851191995248669
0.222807888113715,-0.874647396019904
0.252243035857593,-0.799623361367283
0.319496559018951,-0.847078398047523
0.296716447083608,-0.832392861533677
0.398242710559974,-0.792778599505288
0.331427375630137,-0.779389424629114
0.402063857085643,-0.84792741905382
0.408873132945992,-0.79010200483327
0.416646243850088,-0.748937366720103
0.403185428940557,-0.811453157243009
0.387106052014602,-0.761371813083612
0.420678823575165,-0.719496427881633
0.428406421868514,-0.767896588466134
0.444759936890422,-0.704583921628779
0.417071986220624,-0.767971199586295
0.451216288971152,-0.786694645840756
0.428333251347181,-0.751759428921761
0.342987992881385,-0.783490002011231
0.36677808222484,-0.838611267472185
0.319793637942248,-0.797564005511858
0.314333183209019,-0.764783440770302
0.21777980342446,-0.726941223661107
0.231964617724348,-0.770205550256526
0.236875868343929,-0.781190001278389
0.127429831205988,-0.795555501038934
0.151356393975088,-0.780528524861037
0.0674408570982871,-0.805426313056924
0.162579242445813,-0.657600284921003
0.0791998450320146,-0.68477667087641
0.0831051042172865,-0.660248316193838
0.137532905466202,-0.741235583859619
0.108563948898349,-0.669100326963885
0.113890541961542,-0.699479232234147
0.0423575779745306,-0.724814478298829
0.0828732844076783,-0.691277852808394
0.121979633823165,-0.727012091260395
0.0863961788858317,-0.779611551593175
0.0733813566837,-0.752894150596462
0.0806816288985852,-0.716014168336887
0.0429182353689504,-0.776684809088441
0.0542772270524393,-0.773315677842561
0.0121665085348537,-0.805722898069929
0.0524308286913614,-0.827842868448307
-0.00927923190976919,-0.766129516438977
-0.006483565103932,-0.80612465984901
-0.00643708069558501,-0.724568222809949
0.0130723798695756,-0.714112008948639
-0.00163883371743568,-0.751461889039587
0.017789405281738,-0.665734274687302
-0.000469932870410652,-0.703201683149579
-0.0242864048018964,-0.724896188631676
0.00293733117105078,-0.777108792453273
-0.138465347177146,-0.68783494196422
-0.095922918323007,-0.73671505404422
-0.133533191538594,-0.786386515262137
-0.0985406199414673,-0.745146953000304
-0.174010630728726,-0.750728466044393
-0.131364754517496,-0.823874421660193
-0.283880918416465,-0.855673235888841
-0.313496882585074,-0.813921374873393
-0.312099140756615,-0.850031621941811
-0.368976343324766,-0.823644942928187
-0.430748766422307,-0.848229962927319
-0.442790536917745,-0.824145250521308
-0.539105085860813,-0.790959923901544
-0.545610551647458,-0.793363417310605
-0.575494673460844,-0.775593662947347
-0.595517821777792,-0.763556076227935
-0.596536077858031,-0.757482858787977
-0.596773050579711,-0.761396454728225
-0.575275725283507,-0.744578247889738
-0.588257908848334,-0.729412039600103
-0.642094699403627,-0.697363850367704
-0.639150364247826,-0.669153554134095
-0.672678313301129,-0.655150256752713
-0.670579648647634,-0.675104551150421
-0.699727959501843,-0.651633508551263
-0.711445342915849,-0.645865708026318
-0.710522537208988,-0.61494439633747
-0.728181655892143,-0.622127427469308
-0.757234132702837,-0.588932069827455
-0.758030896178164,-0.578559418013473
-0.757929246683973,-0.583267411476599
-0.771721972472694,-0.570297425180094
-0.772670151006086,-0.567182827669746
-0.733061193049548,-0.567737921361665
-0.773439844653198,-0.567516421366449
-0.770926334497511,-0.596913741583907
-0.78849585363722,-0.571890268030322
-0.755691326498736,-0.564855527379385
-0.735667903474259,-0.593815661465773
-0.733110888693889,-0.607037600725802
-0.719430687665901,-0.624817407692051
-0.730846321474564,-0.62590146488603
-0.707605066003388,-0.647654080266483
-0.679611317958764,-0.652787123294854
-0.672665014038573,-0.663877664397743
-0.634102385850569,-0.653707376344628
-0.641351278410047,-0.688661859697201
-0.638383508354531,-0.664078224872213
-0.535261480146284,-0.688583868853959
-0.569848920503524,-0.676189841969354
-0.568634298470417,-0.72094042504402
-0.577082390106961,-0.673245745950093
-0.57985203817383,-0.667863485474229
-0.591499818213298,-0.646117143974602
-0.638324295646024,-0.622890831203807
-0.652307888184984,-0.580787841249503
-0.637054455104703,-0.573312871836994
-0.687813302373558,-0.564114970230203
-0.67425514691654,-0.500487646988936
-0.709440895681257,-0.451640434873177
-0.764587434716523,-0.368326580303038
-0.744618224145547,-0.312235195235742
-0.763561723854979,-0.266143414876457
-0.786593914618385,-0.211826104156385
-0.730633556346454,-0.188184583036832
-0.767662363031555,-0.180969935382705
-0.776732624503362,-0.123872008268545
-0.754315463062567,-0.135393680757661
-0.742830800652718,-0.0789857394632068
-0.778115436776919,-0.0364675151941166
-0.748192760944719,0.00555930660559208
-0.744497084151508,0.00726460535234164
-0.777794345358069,0.0229731316096465
-0.813178363842771,0.0570437136372553
-0.793896422569981,0.0883581104632693
-0.747444511716194,0.132563923757004
-0.829905933725385,0.108367551591342
-0.819178901370298,0.162697359249429
-0.844570532692627,0.119355020355524
-0.805006896952628,0.131116587916628
-0.837957873345236,0.180804767270225
-0.781689716268756,0.188563709709234
-0.731003093064142,0.168284889538985
-0.805811735050257,0.14844695514944
-0.751962319807692,0.149347873207074
-0.881984897220709,0.215327684548996
-0.864028053266007,0.185216605734458
-0.826341228217183,0.207121264010767
-0.883004227449161,0.237484378894776
-0.847564423611214,0.252367493895641
-0.865508794697743,0.246727587750903
-0.860741780682517,0.207510891085727
-0.817776662442811,0.178576843338346
-0.706805439255783,0.132584222991036
-0.773471568525018,0.142330055090547
-0.827935624600107,0.0726138047760604
-0.748627395908524,0.109588922941475
-0.731388647173884,0.103259502481538
-0.755762171190955,0.0730610434670728
-0.736224426261417,0.067663710410982
-0.757215203301066,0.0600395270651319
-0.687660027390238,0.0735936082146465
-0.727284307509395,0.0367960583691591
-0.62437010559068,0.065120704362912
-0.691583703710263,0.173721648532631
-0.564378598138648,0.151388922340494
-0.507919948169458,0.192749943598094
-0.581368632315257,0.233397271550813
-0.567376178144882,0.19975414646964
-0.515879197045359,0.261058042489058
-0.623513770906373,0.228075701700743
-0.589457276125,0.23452269539848
-0.525542759495261,0.28289402170931
-0.576978493073844,0.287733261002892
-0.512504731310617,0.289656005142854
-0.654550805477853,0.210562982000251
-0.589164746785815,0.318012681569393
-0.567443783246087,0.335891464176209
-0.611658569517673,0.375091976843375
-0.600384957349164,0.435746457671447
-0.5824993468469,0.434870084126979
-0.51604302972115,0.423300163387317
-0.607579017084982,0.46445978002661
-0.535003539566774,0.474834403496835
-0.586341104995931,0.489887769608389
-0.493573434752691,0.490125607317695
-0.548267568147834,0.528069618307484
-0.557429423707531,0.544492696446329
-0.581863908843019,0.554671491515129
-0.60161375909771,0.52814939032037
-0.5607636677466,0.610597006332104
-0.571978845139219,0.600797683226973
-0.5901008741261,0.602078355862599
-0.559789134758218,0.680966965969044
-0.564108415561597,0.678129113396548
-0.554193596657002,0.675753693513934
-0.545726952498292,0.655446599128904
-0.526815408679066,0.742838945727274
-0.46803822074448,0.708433882511803
-0.500480661397266,0.746260510826887
-0.468732339746138,0.737530557427732
-0.49365780445822,0.704889784658839
-0.456400298119157,0.732960450014251
-0.484149111477,0.708132322035041
-0.413980718938426,0.73140496868125
-0.422681870407503,0.677151521283267
-0.397781936878755,0.714667369142992
-0.416303525702963,0.703273726788373
-0.379660276730198,0.692449722848879
-0.431313166481935,0.69950795007958
-0.397157114605333,0.688364996219554
-0.423743432843,0.669774647995761
-0.384539215987451,0.69014415810806
-0.458578725152623,0.67224193331608
-0.43922788442438,0.698895300829139
-0.488114521361384,0.634321602293894
-0.434648536654821,0.629600710728675
-0.444425885072726,0.641823252832251
-0.432143146881297,0.690154947549932
-0.465177740896821,0.644170102183888
-0.488301857695369,0.626932591103824
-0.475634711482819,0.650744498595682
-0.487677386355497,0.614678375579713
-0.488781765532043,0.629576345525413
-0.473089443676332,0.639311060727306
-0.41004552880895,0.663541790726395
-0.473725550912415,0.651196852424271
-0.455089941107678,0.63742342701323
-0.427794902039656,0.696656792462512
-0.425690914720141,0.692941266536626
-0.453247192764593,0.654386905109889
-0.380422466869241,0.71646770690837
-0.36801757282617,0.670159890501197
-0.460860447961254,0.684482192949216
-0.310612091425006,0.67124308276658
-0.334511810932748,0.678870609996802
-0.277645795665592,0.744199996006658
-0.306922227856526,0.796517955837624
-0.250715444671818,0.751039688374361
-0.20847656301002,0.783615884151553
-0.254130274040018,0.812985543773964
-0.204097866349183,0.842183217607174
-0.230407140648734,0.830077960409169
-0.192759478917152,0.807272941555514
-0.144288706589933,0.81842476869013
-0.202927376483198,0.860392177166385
-0.125373851524826,0.82279011764967
-0.0648455348549193,0.844368256486341
-0.055778369199923,0.887485150957526
-0.0985970161619793,0.852311390736697
-0.0815342605049679,0.855841869046323
-0.0277367462990851,0.929142736731464
-0.0259525112407135,0.954183973643233
-0.00608412100216822,0.89220524022897
-0.00920231828397758,0.934371788690619
-0.0309832402551287,0.916505666826167
-0.0373136752754683,0.917189854712774
-6.78240854228518e-05,0.902628905731699
0.0594840486777508,0.887278444296552
0.102595460580892,0.85766659529116
0.0297060907659532,0.866753784175193
0.106764842035371,0.902214157634599
0.0102684282436709,0.897552334596614
0.0759624974228424,0.8660433759818
0.106658306750596,0.885860866723396
0.116007641639236,0.895685318952969
0.0751095035268356,0.887906432764314
0.119283181845577,0.897002324932451
0.12478423279277,0.849181017113358
0.0817556583728846,0.845131618687374
0.0641141386328381,0.866635835313632
0.064667871756966,0.892264646852428
0.104676211437139,0.938400803779178
0.140943592836359,0.855210381629141
0.115487135526562,0.869665013536809
0.0791592619771776,0.954082383955181
0.0750277987112609,0.935859972930632
0.104005260038643,0.919493354645897
0.068373727642195,0.974482308239677
0.0701146468896778,0.914474231823281
0.0999705993176438,0.907344626096918
0.0935182890658899,0.924760251315781
0.0519381975401081,0.883276607185885
0.0751405507451998,0.841397273594672
0.08766757860367,0.876603387155815
0.150394452307377,0.853109770946159
0.169470447023145,0.806480994689191
0.0760418322312895,0.860940227752215
0.151363795598161,0.929522642776529
0.141131469665839,0.945725616987159
0.169665971888258,0.925617963668218
0.190799181030861,0.82037355967438
0.15224980403589,0.818365525020257
0.232366732915541,0.83286902671786
0.221269905370576,0.841777873934795
0.217598509236137,0.829834505524985
0.273058679300634,0.825772976357448
0.19024369899892,0.865947919887542
0.262601737762685,0.721814711029236
0.230576878276816,0.790076992372195
0.240917264921549,0.854258044021649
0.222643255070902,0.730143014759597
0.259794559106614,0.741315808981922
0.336320892271262,0.862986264281584
0.400681649400506,0.77422128918403
0.412171393728906,0.813059069080884
0.397812825655464,0.863644176924871
0.419470158572785,0.833060831090029
0.450421128210602,0.84816701948984
0.456608409811975,0.796534945810644
0.488857119007718,0.789996834361652
0.490348086310143,0.741003457637367
0.436424909715491,0.750094646691814
0.431318242217867,0.758613514314682
0.502863904982417,0.715123155186687
0.544676089087516,0.740195922984057
0.56512299591008,0.683342374393207
0.54035760376617,0.685141496672479
0.570013684519614,0.647960121669983
0.545277361346173,0.623457511742332
0.589312313004035,0.621040751595898
0.638993322073134,0.555993194733322
0.600906329124116,0.626227096769957
0.663935624751568,0.600952880898584
0.66233103432258,0.565720609166505
0.616843120039823,0.588093035755595
0.618130415537178,0.565719684624045
0.65834219191319,0.533558600857157
0.648209909129757,0.510874588924914
0.635632278250529,0.564688273329351
0.622697104924031,0.54592258446748
0.675911003007283,0.542285601033397
0.665200562681502,0.56594232478139
0.679297605984508,0.535263967667864
0.632842672522159,0.554105754562386
0.626106795067932,0.492914699882481
0.669312852164536,0.510264933833411
0.655248330709004,0.516723022781332
0.641304389898014,0.548894798719547
0.604120563321884,0.620545245708129
0.568623656764302,0.561277172058161
0.638660320180118,0.608113181420054
0.608395020989543,0.618880394874888
0.56861984800341,0.670564812151569
0.571317693766272,0.628089471315741
0.605123278113735,0.611249836134667
0.550269085858346,0.589023443845209
0.581715496312765,0.598847654359621
0.576692648222705,0.604641466655056
0.541361707124716,0.596291941386116
0.564030083816448,0.618139390313777
0.595446834295609,0.540449280919296
0.615503765062061,0.556220890903421
0.61866167236045,0.58745293526971
0.627060988545477,0.553870164889481
0.5784556319682,0.556231215474956
0.590105172574079,0.554018494711623
0.615335509894717,0.571212655248435
0.662472996394306,0.552257235212287
0.6310053068921,0.512841529390104
0.645934451765215,0.547764346442094
0.661690550876151,0.493676420817408
0.63668087702896,0.470739721001304
0.638575688957487,0.44884373579036
0.66719348278363,0.474004915217848
0.666848336240527,0.470501205054015
0.64831741568352,0.445103544652504
0.640880558855211,0.453549810067787
0.608339913826099,0.426441770277145
0.63797969187332,0.42006951077112
0.604186329340933,0.350630967979002
0.626903122359937,0.28860754895183
0.597749353610208,0.349329038866698
0.57045912928908,0.343723455840185
0.589634014563739,0.227555799572091
0.544548585300251,0.301919434561871
0.584555171019927,0.248577420119561
0.606299208354506,0.271572577652252
0.536970789770059,0.26155148045282
0.422027360840715,0.274710008314482
0.435149045686684,0.304990759930974
0.431963296479799,0.163255471978924
0.400413635759764,0.160516471918458
0.455059116630708,0.111469361292055
0.386613304860951,0.0923652176880122
0.409532976664578,0.13059767902327
0.457335693986522,0.0717044825826084
0.437420818973537,0.100060706016138
0.488243576929698,0.058483139109842
0.4502429478226,0.0256872476906269
0.304871406603903,-0.0533295520475052
0.330318662378871,0.00253288382842987
0.296272979109215,0.0737173129035879
0.43978769564299,-0.0572693459085517
0.353125076242092,0.0445846002589386
0.413263780380174,-0.0500895315711325
0.234181798107165,-0.0646899035796146
0.292805368476118,-0.113157481985135
0.374402010931281,-0.0812860765645121
0.246143160626073,-0.0794105373799092
0.270764316054154,-0.0785448507156758
0.14974437916181,-0.0351946812680113
0.0692116295823569,-0.0890308041394903
0.0790873340277477,-0.0333268596730389
-0.0601481551401011,0.0725620044398117
-0.0203572469538197,0.0125056812457335
-0.000390166580854349,-0.0432099445783172
-0.05731315120472,-0.131973577022012
-0.113825144267376,-0.111317985286902
-0.0942435741695471,-0.0897970394520731
-0.0987205361369558,-0.0667483201717897
-0.19739448263837,0.0182603303103165
-0.204364571257014,-0.0769481626347289
-0.297026078752008,-0.121866643004171
-0.256380156733076,-0.0361524807682873
-0.232063498131505,-0.133456417106447
-0.331624850131374,-0.0115841237181999
-0.386599112480978,-0.0180387427482327
-0.343515607956122,0.0377764878145512
-0.396148661642193,0.130325236485656
-0.30056881136896,0.120597850481561
-0.270617960642405,0.160662915700256
-0.258965094603062,0.132836155949439
-0.207976844968441,0.102819554560526
-0.224533547576187,0.0560551725620385
-0.239929330206356,0.0485251284908189
-0.178654888988554,0.134176185624053
-0.177665666834211,0.105992764401885
-0.0632641203369617,0.117537955716319
-0.11909721882584,0.194822016192146
-0.147087972609586,0.115243517494805
-0.0521571111985068,0.142252696310264
-0.128477966569626,0.164148365927148
-0.0568366460523567,0.0974862038202063
-0.090037894020964,0.148059888442865
-0.116446808311752,0.057552140961708
-0.033049067960961,0.187008957749536
-0.14027180239088,0.198927718850622
-0.0858485517327492,0.00437968182785571
-0.0861933273349787,0.174556649236452
-0.151881991063649,0.0247853376262906
-0.207303490933707,0.114844800726023
-0.129800992960962,0.178700653547369
-0.0801470392284863,0.170279142285344
-0.172706492769861,0.245689472648742
-0.00412685272166148,0.24164763984585
-0.0379304316059002,0.22637654872348
-0.053087225022072,0.270890235088525
-0.0681576248859443,0.146863487650748
-0.105094056217189,0.275698539092273
0.00100989266637618,0.241009657980121
0.00904479070893743,0.170995727213779
-0.102243503921705,0.327753582102485
-0.132370604800287,0.164180215282256
-0.156318595966798,0.11863648679521
0.0447781241029495,0.321892384470585
-0.191960952173423,0.202928528735078
-0.0519709200176061,0.251136839267079
-0.0835142044672675,0.247095301890496
-0.211627200233552,0.161317402124663
-0.207748612161726,0.318747017414198
-0.214786656888306,0.374821285432755
-0.0155393495589043,0.299374526346409
-0.0566442692831364,0.195831478625897
-0.113230532865142,0.216318760233843
-0.0863492896241417,0.290431464124382
-0.0264022864853693,0.305846006559251
-0.230467779675666,0.258309972057174
-0.00373579265591916,0.407489023732436
-0.204308718104936,0.331247500263228
-0.237997691540998,0.350689486782379
-0.0658705625749661,0.321292788607036
-0.219646796976862,0.395189953761969
-0.0238180154391408,0.360630589541115
-0.126353324117975,0.325871887411444
-0.126980215280669,0.427150686882416
-0.124138930304618,0.514036334840219
-0.0971706711885132,0.342102725486161
-0.10379337578088,0.473103999614788
-0.0686931033947925,0.39030869535959
0.00448703337009195,0.44892185071424
-0.0593719386747097,0.316924030778564
-0.0876658703320975,0.395547286866845
-0.0275192052061894,0.290937936275834
-0.0268968541718271,0.483583494361428
-0.0668247363863188,0.192401729962516
-0.188358646958763,0.313379621604014
-0.0389276977652811,0.38116925166162
-0.0216005899058504,0.402768230383502
-0.108891008180062,0.273035643028549
-0.134532062493263,0.295106822298267
-0.0155189757793926,0.273934389283853
-0.0302324014019142,0.221208056603695
-0.206346430672994,0.161949902707457
-0.0310869296620803,0.0896563893414886
0.0373897358106575,0.224776243801389
-0.076115764350541,-0.011759871583365
-0.107851475398345,0.159636264676512
0.0933698135738557,0.100935228405609
0.109284228069779,0.104801052063614
-0.0193687552492602,0.153651140636704
0.00169287653632746,0.0774510287866437
-0.138552220323644,0.0745273659227848
0.201402727982349,0.123627220539952
-0.21342537201557,0.179454751221039
-0.0342262556295852,0.0980724753005823
-0.0779366941969927,0.0587554425637879
-0.156349480480446,-0.0707734490893043
-0.129005929322508,-0.132942919791874
-0.105403064615034,-0.286246795952564
0.0148827695992594,-0.0881145983521913
-0.0619900642829084,-0.102666386670578
0.00272281279113286,-0.0719093264241137
0.0454575110280756,-0.283572514320363
-0.0567856880519148,-0.205321746520909
-0.0632521855611252,-0.271109732996763
-0.178388958063763,-0.254964010135431
-0.13773842189026,-0.338813432180603
-0.233300449862817,-0.342263796532892
-0.221115271651695,-0.42437767258983
-0.206597906169516,-0.33995635720382
-0.258899531817217,-0.447552911503696
-0.312553797403337,-0.361058807252774
-0.313196280717981,-0.471835476338721
-0.16083975356411,-0.440860208663795
-0.350357519802063,-0.417151876132126
-0.223155142012226,-0.466929553001167
-0.144272377386809,-0.447252305147403
-0.197763451698828,-0.367608745151395
-0.21643089721526,-0.37889493869737
-0.24677959326377,-0.51971053675261
-0.226007834960346,-0.509601977148101
-0.167738346237865,-0.466427912450187
-0.227852304646359,-0.434208159673295
-0.257590649771274,-0.336320288418542
-0.192394906210928,-0.383693449431894
-0.249172828836447,-0.348191904676698
-0.294038772767521,-0.376315961448958
-0.364553131406495,-0.38883373103488
-0.228918636779868,-0.383822254405153
-0.298075702612162,-0.297625857303711
-0.165060297794192,-0.415570061829074
-0.321901972578967,-0.39555541430423
-0.156733072001984,-0.436794326814198
-0.268263494115602,-0.316837082789782
-0.263472638795764,-0.371043575675216
-0.369291531986817,-0.386652920892612
-0.233648206171046,-0.439835039781421
-0.137499273459518,-0.26663148542706
-0.134298749118423,-0.412858372194503
-0.0951814041366186,-0.408259550215843
-0.162198616773139,-0.278370622565051
-0.272572090825349,-0.347473502728932
-0.172284082266288,-0.320727873651458
-0.141708631798876,-0.35859554978249
-0.1572342356206,-0.310985922475236
-0.0764942490262815,-0.351225195287596
-0.0793818062965169,-0.197139167606095
-0.150013035875137,-0.34340358124927
-0.0974976366747207,-0.250723865717511
-0.0571623924120985,-0.202232463970391
-0.266629583065991,-0.240771521025649
-0.12108965105014,-0.263007147309708
-0.0970548775018504,-0.191714318976405
-0.031291003462713,-0.266102706961211
0.0250423757897535,-0.198123720691512
-0.139627628581012,-0.260703603569272
-0.180124610428582,-0.25700859010548
-0.119688220102692,-0.140439133701641
-0.0647478849548134,-0.142688493049207
-0.277528007527759,-0.110321584455206
-0.207857479591204,-0.152962044112552
-0.0981053746243524,-0.143883992449395
-0.211692638822585,-0.182249261689676
-0.170355556228096,-0.101818044719688
-0.105063715311379,-0.14258014086018
-0.166326960929975,-0.163496382562491
-0.203427741857912,-0.194241132937825
-0.254051344206102,-0.0151333065805367
-0.153299775743992,0.0575658671864396
-0.157300775636192,0.076133781100344
-0.200839147612236,0.0411705747252458
-0.248007461200834,0.161946402556158
-0.223203723567992,0.182799383661126
-0.277248579416547,0.0293215745254979
-0.192715186673442,0.105107747753816
-0.31745210721703,0.166797602541676
-0.364393358904543,0.132538231650819
-0.264533024053978,0.149205303808144
-0.3789506569999,0.235744563879926
-0.416533941437517,0.138918540473809
-0.547209660861255,0.16325900552936
-0.561284635317223,0.0743088028252871
-0.61629295564589,0.0771634927052147
-0.511481811688098,0.0554439911452722
-0.518134457232832,0.068509307062056
-0.424942929240866,0.100879293353342
-0.390644282706292,0.15876225752416
-0.547043071560285,0.0453766800672917
-0.519271406986909,0.0336297378431888
-0.432532269749398,0.01545039166658
-0.542539796715714,0.0325295514489906
-0.548133978570826,0.109458887722593
-0.537075658987517,0.0228583295936942
-0.49729742228691,-0.0543646148258777
-0.561026245199902,-0.0553425885821952
-0.54591762596066,-0.206322468381662
-0.608437612973986,-0.189002684116071
-0.577101467127172,-0.0830064405509196
-0.580082979283626,-0.158896520605609
-0.632129056365783,-0.243529980994263
-0.637562891997232,-0.235613743496806
-0.599111529203263,-0.324724561963652
-0.582743278877289,-0.210369156247242
-0.447846960560181,-0.267100495521599
-0.533148507391437,-0.249350288304901
-0.578851037236999,-0.304597151591136
-0.478651735077728,-0.374088047284959
-0.472537285728564,-0.308782367396819
-0.466119669298225,-0.281532333811129
-0.596415176274435,-0.302354405574876
-0.542080224568411,-0.363773710782147
-0.533583259923883,-0.415982052994877
-0.521525281921922,-0.436054337319363
-0.537890633246898,-0.476986004776348
-0.606397291931732,-0.494280928484793
-0.566898994655726,-0.484890498357214
-0.591708302403694,-0.519887916851952
-0.736083281041588,-0.474618731006661
-0.642415925076732,-0.52831058905273
-0.674712748377418,-0.49788368740539
-0.661099026684308,-0.452796125483108
-0.702248561475788,-0.466424944596516
-0.699615546999911,-0.477734089938517
-0.701415874240684,-0.530428485564108
-0.684976911693854,-0.526792143414926
-0.676915490138097,-0.482700438811776
-0.640507027971938,-0.545531105266202
-0.646668908753412,-0.521076217505041
-0.657333621120005,-0.576971315599928
-0.656851781027052,-0.556919341734101
-0.630883323506733,-0.535684000904369
-0.705136992100721,-0.594891370703748
-0.700457734561807,-0.554146283799317
-0.660455249605275,-0.573621006713732
-0.738830420587208,-0.478169619534982
-0.666469895464817,-0.576180010098945
-0.591550311894762,-0.586822801723579
-0.644411220462245,-0.637129074285151
-0.737681498670213,-0.588746373348119
-0.655181575649556,-0.599006227467734
-0.568188218060547,-0.624019113929657
-0.606854320881605,-0.635336268889496
-0.578970032502877,-0.670421476578697
-0.548797559748655,-0.666502176524332
-0.446904552102566,-0.596319624704101
-0.466801729104078,-0.623892517154815
-0.522316376574963,-0.634740578144889
-0.541252698640135,-0.669013965832751
-0.500502221457355,-0.700298002775612
-0.515751595496952,-0.561812386501991
-0.554672203605658,-0.577755789707921
-0.476218080761334,-0.487243078784279
-0.619592789861892,-0.563638181123141
-0.526462268203698,-0.627025860407038
-0.587591986495194,-0.506999640528028
-0.462780563478296,-0.530408971179729
-0.542070972899307,-0.622056019027468
-0.348491879673922,-0.412882557511636
-0.398656091075907,-0.573558795100166
-0.487408999003749,-0.691304763416189
-0.609751365560219,-0.537702945696825
-0.531590647542933,-0.592968210712936
-0.414915305841262,-0.628929722929248
-0.426677488505997,-0.63788578517135
-0.394182384322319,-0.529653662473857
-0.31698740976785,-0.469604225857723
-0.338060357651916,-0.637493955382986
-0.333099500912655,-0.626630259009711
-0.196901639543391,-0.587870376069363
-0.37587282482642,-0.408388198263944
-0.103008771435799,-0.504622657550797
-0.352505514310544,-0.570176887878599
-0.143201178587145,-0.52137364916015
-0.324231271802989,-0.507140776298487
-0.204562719045529,-0.61264979842912
-0.252246192122529,-0.593749812398013
-0.253670464185335,-0.646251149495025
-0.226366631220107,-0.595316807572194
-0.19607854634877,-0.623001134322803
-0.22073919177783,-0.635216182412625
-0.148631225575733,-0.475883149973388
-0.170980303464274,-0.605517769969104
-0.167008736325417,-0.532573997234669
-0.16920723844502,-0.558982946464156
-0.0974626439512017,-0.590930867498763
-0.198252249986731,-0.530822940410582
-0.109121603107551,-0.526157063224466
-0.215740080387156,-0.48348460171317
-0.0545184092063846,-0.662077634982749
-0.0828063565362759,-0.675920335081159
-0.176148177688414,-0.669978102784577
-0.0632732241462392,-0.582272906866616
-0.114008193731231,-0.553448199910363
-0.152708698662547,-0.53517933319053
-0.105648591818632,-0.674731521936644
-0.0945646976583173,-0.638597245319656
-0.0155023741787934,-0.718946830584274
-0.165653348236789,-0.63587284101907
0.0210148965552532,-0.564812749511149
-0.100875081559911,-0.567042361544272
-0.0717838051058834,-0.632108312991588
-0.102759129603126,-0.588623471783275
-0.0101653111517975,-0.598271353058963
-0.169619687473987,-0.616764458436075
-0.0948291775714245,-0.614537381188968
-0.0455128085401542,-0.479655009628332
-0.0490072612977153,-0.593348343594076
-0.16569172944731,-0.685091668352397
-0.049707608014486,-0.536429511610822
-0.0798518421168,-0.570123233597269
-0.0140595642520589,-0.583461705216948
-0.0125189222560757,-0.552184635881537
-0.0349925682014614,-0.536592864424716
0.074194213040447,-0.611272106917994
0.0901849876897643,-0.535399523249732
-0.0278019747512627,-0.617747968663707
0.0168246143864463,-0.638677690359387
0.0628263112353118,-0.617017815448793
0.0183177376633616,-0.618241048871267
0.0929154283862855,-0.707440921698998
0.0572680778370847,-0.617852436785776
0.0658058803151177,-0.656878838266084
0.0539214436938807,-0.707204447658019
0.178148354059495,-0.577672909931754
0.0517724794089046,-0.66766066425482
0.0162278540707745,-0.628912787467601
-0.00906612975266677,-0.687444754738919
0.0305587016400649,-0.744367281926737
-0.0706218117364923,-0.669545148532729
-0.0178165518474842,-0.699890997550664
-0.0254637135929256,-0.75330867570981
-0.0916671618111616,-0.786409054669286
-0.072867453688636,-0.71020805151538
-0.0598971706763736,-0.668066368622349
-0.0935993424676868,-0.707597400497573
-0.139095579411218,-0.724390365004127
-0.166438883458415,-0.722155686610809
-0.258968019186614,-0.718668160179046
-0.0874484155503086,-0.610759856264984
-0.163710988963906,-0.651202745434224
-0.141352272579691,-0.688530076272332
-0.114758919452799,-0.685981423822327
-0.18406504955289,-0.587227534138876
-0.238818764793322,-0.723018201464596
-0.192990191910429,-0.714795109213125
-0.266672456013303,-0.610816409879573
-0.211175272993793,-0.714902312770762
-0.199831342559823,-0.587579332483547
-0.165514611383019,-0.564411976313422
-0.267747486970725,-0.619077236063692
-0.234498089291266,-0.642529143916992
-0.226629239065023,-0.673420912559346
-0.200288522677334,-0.554623193741829
-0.150850703944071,-0.661148963814827
-0.192509953230759,-0.622427075382638
-0.242145275648273,-0.685435597563774
-0.220119683143703,-0.637141358469544
-0.23903999683172,-0.758126173574475
-0.177099067505096,-0.659854765560186
-0.261325796129056,-0.666876123094737
-0.144678247550833,-0.576807669015226
-0.250667366746232,-0.736725055162252
-0.103977035225084,-0.596791723238412
-0.210948195654809,-0.59989871163292
-0.123820549207967,-0.53742378434909
-0.171589390148246,-0.615618777664415
-0.0436927788761704,-0.494182221879921
-0.0790401944585399,-0.360681508905366
-0.0565055055329708,-0.506652572486012
-0.0931588805023662,-0.569483176026447
-0.106839688951278,-0.59414639830986
-0.0231725262790689,-0.566575605336153
0.034420760142931,-0.59275946131868
0.107827093453375,-0.549722656374672
0.0996691467017493,-0.661482863442782
0.139502028967027,-0.586484135378756
0.0995370085090891,-0.681760306737878
0.152096877496635,-0.527588012311807
0.116411855034138,-0.554624573867241
0.114348578023976,-0.604057294339524
0.19463134670366,-0.669415190074059
0.255945715905232,-0.620914200729481
0.106386219866647,-0.612804042588903
0.297352622234816,-0.660995663201524
0.262128560233261,-0.694444409676755
0.245607279979595,-0.661473387548927
0.230084823979452,-0.659285218839278
0.160847130431036,-0.59928281882898
0.275855958083602,-0.617692084712007
0.255976138173175,-0.64329786656968
0.284905278469976,-0.552714797169529
0.262120971018679,-0.646249263054339
0.356561308632448,-0.70797020313062
0.458369207289086,-0.679600551422007
0.293257998129026,-0.742399343319295
0.462659681558273,-0.612467133486884
0.352814282477212,-0.73442329910917
0.431896685148986,-0.860309746561228
0.441313217718216,-0.78550582572761
0.420692136661381,-0.766574194684942
0.3920075994085,-0.711642023424491
0.376220799729247,-0.750609233276814
0.464426429158452,-0.705396006077887
0.410581820819222,-0.716523412875413
0.480691095713121,-0.738032069338394
0.47358890485557,-0.743872279004593
0.413306071341084,-0.730720653366264
0.385429913010509,-0.699412880529562
0.430513083018276,-0.777780086380239
0.394009521249077,-0.747056055276455
0.381605552733265,-0.762269652873898
0.407414370828922,-0.760708801791929
0.392222945617546,-0.784812303653235
0.383313869328408,-0.824620503660653
0.4004482923504,-0.757026926906925
0.399108351559508,-0.775770364998623
0.407699705560121,-0.774452371378777
0.450913148361887,-0.802602795228025
0.396547829450492,-0.78747298821348
0.487557297257927,-0.810313805576377
0.429254508447185,-0.721885805182141
0.453996273108541,-0.729307335336842
0.412322449340929,-0.700024960481277
0.367367449337202,-0.720406539441451
0.390328699716885,-0.733954816233099
0.449521795554626,-0.732888156215024
0.431666913558427,-0.753195895093679
0.477125977851486,-0.662123217774622
0.449800039540587,-0.662872248377175
0.430679512104748,-0.673500006220303
0.487386216217122,-0.670491020558131
0.449112313059701,-0.669701509589276
0.447797710907245,-0.66816662592065
0.44530865826476,-0.706562539443734
0.425785430578097,-0.640174424916026
0.48788218080448,-0.602185804912928
0.517926697613779,-0.606725228288053
0.429032738133715,-0.58996090178892
0.451278033216438,-0.654436033950915
0.517067313318702,-0.552231421850363
0.502052104818563,-0.573784388088684
0.443081330842123,-0.543854348420352
0.479158884176567,-0.583692653736155
0.407183064712696,-0.520710959251554
0.456879196081646,-0.565800088449646
0.457763598995883,-0.534787008199856
0.456238460040142,-0.503979445856525
0.411248773619769,-0.40764025331136
0.456298439400385,-0.439453728472444
0.471551948246004,-0.473661960237997
0.491130515291329,-0.499908735320011
0.469462139247773,-0.413805803735448
0.395591497928784,-0.446277364087481
0.424971600413536,-0.2995685413401
0.501194689046576,-0.22180308528504
0.537340082081459,-0.268823666182696
0.518580921710596,-0.363850285183159
0.589984473329687,-0.364967726500371
0.508013519213472,-0.291671845663254
0.524044110597581,-0.315891615182445
0.545956472619331,-0.294609463718255
0.497431497902701,-0.26417763195929
0.540945029865201,-0.218433430558384
0.390126365376365,-0.239940757534722
0.358301596471873,-0.174527447313815
0.527126538336922,-0.217686914683589
0.297916357938565,-0.240607227378323
0.360130387763461,-0.17886646423846
0.422896832418914,-0.217056987724265
0.287365773048932,-0.237800586669075
0.255259093406103,-0.203838370869927
0.293828621246932,-0.283336577469157
0.202896655729893,-0.188102059647313
0.153815834984054,-0.206047614545375
0.170152805177725,-0.297675113051909
0.114025796943883,-0.224358810632196
0.118277300738098,-0.282446497398048
0.0934879631593691,-0.171033026319809
0.107621571175912,-0.200260074972237
0.0668453434111897,-0.156832226943519
0.127889147850638,-0.261815388382269
0.0851569781254376,-0.280757000215755
0.12274189667584,-0.208487168989958
0.0285992219386531,-0.332936961802168
-0.0420893244216749,-0.16446160495701
0.0163807279255697,-0.231017521850674
0.0716308704148443,-0.156463248994473
-0.16573121801176,-0.171726200677778
-0.0384397501422283,-0.148582524784307
-0.0622888861219691,-0.105211927279164
-0.110483038617813,-0.112221132840403
-0.00847833621605455,-0.0191025995712813
-0.0179754665719238,-0.230133452408315
-0.052129040935182,-0.108390136905225
-0.0981185635737886,-0.256689350006634
-0.144613754689814,-0.148403521220564
-0.174874017401733,-0.265254293418698
-0.133072988061101,-0.108895624542202
-0.299263891185694,-0.221272895327741
-0.236828711455575,-0.251134209974672
-0.125773795352411,-0.215666802091387
-0.242678561918335,-0.224926431977174
-0.119533267335857,-0.0675017858264493
-0.223093380297367,-0.0810438508332997
-0.114886511068352,-0.16599027565869
-0.244494264978092,-0.0711744845870033
-0.112426361033871,-0.117922043493241
-0.109376405270444,0.0514069649808145
-0.113999350015168,-0.134289570387816
-0.11942342287415,-0.0214717441163498
-0.202837626097953,-0.112332703864827
-0.273631251174376,0.0203566555597274
-0.203260881825584,-0.0434223758309338
-0.170645119094347,-0.0366513380153805
-0.203314748978008,0.0811828805265873
-0.296651347720715,-0.234345992504317
-0.26179675881981,0.0448118519659049
-0.273900420796178,0.0419771926657681
-0.243397950462346,0.152693886534801
-0.139122139829689,0.0461884185022943
-0.178314607889265,0.290136500107968
-0.171038216896861,0.174377081973234
-0.16778075297665,0.258315684481474
-0.193868133407659,0.195784427675359
-0.182495519542517,0.291839827918719
-0.200298065308065,0.258743627262106
-0.235694479180531,0.282277434139957
-0.298544407533199,0.0978150039233792
-0.291620875005209,0.21258155344208
-0.259120844652976,0.0517913532806266
-0.361698604255429,0.0956322466609527
-0.275372443786273,0.216402559409611
-0.362802209629667,0.206371014550165
-0.239864364890538,0.0907711949574874
-0.281397288593145,0.158505972161215
-0.24081489965851,0.125672181764929
-0.232260547115755,0.185787591349885
-0.358733109768354,0.0606116575742997
-0.304654207905143,0.284129373451995
-0.273391677331383,0.246853148304749
-0.337067965195033,0.265383094762361
-0.364547590481024,0.398586284691979
-0.425821865957998,0.345262969471442
-0.414759644903875,0.268228082255967
-0.402147520024377,0.342564982264646
-0.540562742251531,0.371066306868446
-0.538441807159468,0.421462779340652
-0.515009344009855,0.378469523223245
-0.585512030803636,0.458150374085511
-0.511504046378776,0.477578397804708
-0.518863835241877,0.540871104281794
-0.556278340243862,0.53261995447341
-0.648444364515232,0.455802138059775
-0.533762199841214,0.518792472527718
-0.431141879773533,0.476223263248723
-0.611761144206597,0.38745133476749
-0.580653696587703,0.57055555331299
-0.646231009692323,0.538409593606421
-0.680290003253898,0.549463433617507
-0.578323204672891,0.482192261122831
-0.587502196691574,0.633571278051402
-0.521861311206323,0.541145710079908
-0.554090602533694,0.537967589472494
-0.609938571683099,0.486171089462116
-0.641760957099483,0.505681605179261
-0.595179763563757,0.584052192270053
-0.521522479269194,0.589788434858413
-0.637764048716936,0.486097886825115
-0.577754618183193,0.544095332618596
-0.603609478654361,0.604457809571061
-0.532848607349043,0.6034844668625
-0.512234847778705,0.535946832932725
-0.502426970269426,0.657218274470335
-0.629698529025418,0.599346197377262
-0.489336708537166,0.613009219846728
-0.539709033687575,0.612256467099642
-0.453003018545117,0.570033753251516
-0.494143030969239,0.608058480389663
-0.476862442392672,0.487281622474926
-0.386608211237894,0.615592999821666
-0.482817021456951,0.635100846274393
-0.473131223379634,0.642759529225082
-0.463917384966103,0.617441912015282
-0.383773165485027,0.760467825109361
-0.37036234643981,0.68780583277395
-0.407105857194084,0.603862561573264
-0.428080013399941,0.480367974195405
-0.283146378261711,0.518051097208885
-0.357519028495334,0.6310716083059
-0.270038952576616,0.613532268448578
-0.29140670766405,0.789344888538771
-0.351437440899019,0.804561671897438
-0.137130754316703,0.775734808094067
-0.316330943346629,0.817546933025273
-0.358389987040068,0.774801341631138
-0.215774243417611,0.76382935709444
-0.25853365683496,0.808193372547627
-0.369022333066724,0.724884244648265
-0.298277198028945,0.865940857470509
-0.333707669594554,0.839394227708821
-0.205444445249291,0.739092424355169
-0.125999859678636,0.797857099516327
-0.238642562418649,0.886841050479468
-0.0647746619259804,0.831228135086647
0.0288611029628034,0.747464589308492
-0.0733572615944909,0.712433252266641
-0.259859133739157,0.725609884070384
-0.186005276940299,0.710067126384714
-0.0442288800264125,0.827861396472768
-0.182560377765305,0.833675617754881
-0.178174912681549,0.780533473973047
-0.0964164067452813,0.852197146061873
-0.144973896915822,0.757732612939871
-0.0920138710211743,0.70329476623232
-0.00931495532895859,0.785343753673483
-0.139985273170749,0.771933606347362
-0.170830436109526,0.875803748854999
-0.0908799813782935,0.67561797904771
-0.170918719090929,0.852453837187967
-0.190323130334035,0.736333445672439
-0.133372217925869,0.851482644162089
-0.17925181157146,0.887025400233945
-0.105957264113826,0.810031599407021
-0.10267323535229,0.815189647265866
-0.138531536773778,0.71428081895478
-0.116588584925771,0.83916189973291
-0.0896962074058022,0.899799932809748
-0.00028666276942334,0.761669691478748
-0.0757868428078373,0.902344664819462
-0.055709414278918,0.853671019436366
-0.036829981078018,0.814236506814097
-0.0638714440363737,0.773921393578225
0.00942370016120637,0.874185419344328
-0.00459137043732077,0.770543569125353
0.0347176305281683,0.781275394195348
-0.0303753585273807,0.781601162804583
-0.026583027672817,0.823957747985558
0.0555722890699157,0.810586120637099
0.0318045274583503,0.863455563821813
0.0957233092069914,0.770768026890393
0.0624350343023394,0.858725416325115
0.153946930129827,0.753435036647368
0.128143132346327,0.836276491219125
0.187153370256181,0.833830376385527
0.16566913952538,0.870152336282505
0.181047434469336,0.798301090974643
0.151211263194392,0.854074834331515
0.133911772464834,0.771719528634356
0.0989739248293765,0.857651720081773
0.156729790800169,0.780728205681528
0.20472529324016,0.889583096846578
0.2331365483108,0.870684724346019
0.274539681006289,0.894219983187897
0.255236276918316,0.839229516306423
0.267172813309246,0.816918014944553
0.31440044930572,0.746144312288787
0.265388305842189,0.845309591884627
0.278254725771372,0.777495335972106
0.207557029559349,0.790657815928943
0.466030528022935,0.665564075028833
0.334481322973578,0.700664581273638
0.236609528378581,0.817492446248655
0.445265021470735,0.710919275315645
0.442489907248189,0.734819101121959
0.295002357760922,0.736188265060455
0.414047884130251,0.742413860293359
0.462187572334784,0.676560104272667
0.525342479378937,0.744349969209146
0.316587423528798,0.769108812635191
0.528688635661394,0.770679606194641
0.333832689549031,0.812936052406989
0.455071812827466,0.723115934605173
0.405152246791505,0.737942056933681
0.428400293684987,0.713302518097191
0.54823686683707,0.722137486888154
0.503538365601649,0.656339334422494
0.559421802387804,0.612232398642552
0.54672897128371,0.663114714564754
0.620597987154032,0.648361153337966
0.662528360026022,0.58626681508561
0.63916840965967,0.584729167166992
0.635563435686147,0.52119513707066
0.567387453985357,0.560391148236223
0.661151901231614,0.508773987498052
0.674780470998143,0.510663814756067
0.684808357885797,0.526790972039477
0.654843337955063,0.494949123159362
0.698101739779935,0.483959260511455
0.70503606464433,0.42392299626396
0.601878264620022,0.510638038953569
0.513183578095506,0.464602184730494
0.606469587814368,0.381400586466387
0.552374563111775,0.243939419554385
0.536066473885365,0.325113199341773
0.516992616412633,0.152402000212344
0.428590755099364,0.175427530215404
0.483089006175131,0.143626677976393
0.51242881290025,0.0958926315915815
0.526791991823563,0.0990671880818549
0.519769325562055,0.147993695643862
0.489809347187687,0.0696001883913615
0.265901737013557,0.100507583736636
0.303249767242858,-0.0462500202642395
0.3437577378599,-0.0936532637525547
0.205681248897209,0.00861411865059182
0.260415073486475,-0.102200255770468
0.171257012125644,-0.0954153431602712
0.283400023725593,0.00274532982253077
0.152445426059846,-0.168615557169601
0.159136465801718,-0.0954508079535982
0.129878134768031,-0.159554623559563
0.0513727428645695,-0.0788513371086054
-0.00732497581626224,-0.143380253388144
-0.00758376354480081,-0.14988874212394
-0.00773194263847418,-0.247852574085175
0.0459611102197117,-0.236331482383787
0.0234123658586301,-0.1815082622956
-0.0775845401103302,-0.120620002843086
-0.124505831649825,-0.194684413987804
-0.00982811120126118,-0.165402980755873
-0.249347958461684,-0.169664571951299
-0.190280113802709,-0.187862380963051
-0.308130277335538,-0.101700185335341
-0.257029104466136,0.0397240996067846
-0.17651293328283,-0.136353763247829
-0.211772683694472,-0.0178998595120077
-0.314402592316734,-0.0528527324060603
-0.341130739209482,-0.151318326067236
-0.353582992162802,-0.0235259266933948
-0.331185107562237,-0.0587002637325468
-0.258526792147961,0.0161541032816073
-0.448274281674539,0.0236489406777923
-0.38188341720081,0.0626646985667444
-0.414338232972516,-0.163520757959426
-0.269786099148114,-0.014485078292845
-0.378750793538881,0.0410816053565572
-0.250136515312675,-0.0444553382241275
-0.243233601890117,0.0263978166643029
-0.219925617444521,-0.00254828190022993
-0.263946456281095,0.0553570161952892
-0.147821211988698,0.160042068751071
-0.201426661600089,0.0991808969622634
-0.228618845085888,0.0431548706672014
-0.182942133602979,0.118052407491278
-0.196522210835654,0.0577149381802035
-0.208490568953757,0.132988864055136
-0.1895761124143,0.0434905622446842
-0.127063827658241,0.0160311445476798
-0.126543744899788,0.0677317425435559
0.0114378049183213,0.0608395602151111
-0.130771857239398,0.020697709838369
-0.0653676443747811,-0.120694740255562
-0.0985347602748838,0.117477207775208
-0.12779389559368,-0.00053877629316425
-0.0927685620246659,0.00667815304335378
-0.0438187183736596,0.0238690018826489
-0.105133719135853,-0.0160009671988047
-0.11139042233946,-0.0950407219881849
-0.289619362159714,-0.0573657771915136
-0.122029743912501,-0.0731037721146698
-0.157028814088837,0.00316339374558214
-0.212115302702596,0.0273174756400082
-0.207891551735491,0.0366369058483612
-0.199731796351408,-0.0373690732622968
-0.172886042384933,-0.0641612811787941
-0.285349923241001,0.0598665344936727
-0.226804504404377,-0.090559890858521
-0.241813020951781,0.0249258313434026
-0.261576138845089,-0.0939887569881977
-0.333010610031244,-0.0548481278787362
-0.277885982315492,-0.076838450234807
-0.274715279979055,-0.0229838630660402
-0.259710758010028,-0.104248701581001
-0.0691058536111465,0.0629367218491838
-0.43458251611166,-0.0559071961018032
-0.40656856175718,0.0817651521152414
-0.451250105341905,-0.0731444484258426
-0.417021718904646,-0.0447657096861078
-0.40224344253848,-0.152844559953204
-0.360159905401122,-0.072638923404101
-0.406981773640809,-0.0611782232129713
-0.393549413726612,-0.079826011852135
-0.370563534501913,0.0514068341405608
-0.339290658327998,-0.0744938958440542
-0.339062270167069,-0.188000485729692
-0.365441902614,-0.0664104129371703
-0.277950289214174,-0.12764707711547
-0.343020614988766,0.0598061370076137
-0.285945620692326,-0.0926951523127468
-0.301012504969031,0.0106955472147051
-0.373032120706046,-0.041894937350433
-0.334953590960155,-0.101215918156043
-0.310128257820872,-0.137198380234265
-0.260676286407015,-0.0424599489034926
-0.253710820091244,-0.0168725032548602
-0.214136215925151,-0.0807559926355881
-0.273952114294725,-0.0158005470059467
-0.30949015800733,-0.164123320924739
-0.0631604621387702,-0.00493895112682597
-0.319409564910026,-0.0709765157544642
-0.0587711023256422,-0.139114169891822
-0.304700240213564,0.120823270299908
-0.271196788942384,0.0366674285763422
-0.0573310793252836,-0.0988805221250365
-0.162823700945786,-0.0220443009301767
-0.160275380165489,-0.0718369056479153
-0.235642156096982,-0.2539305543625
-0.199035143218029,-0.257582477966758
-0.215276300297663,-0.38885860877688
-0.0743435609477108,-0.305553757143331
-0.294053530115597,-0.243929104894372
-0.310592722191572,-0.147540838172822
-0.0158320658818083,0.0624751394182195
-0.258995107264294,-0.15866769944721
-0.102136105536987,-0.204202642080454
-0.175875912454053,-0.145233600708736
-0.134674517257507,-0.243185056512391
-0.129899103317017,-0.18752947318932
-0.0628502041902958,-0.178769928522218
-0.182352793850351,-0.186600388040363
-0.0203692290225447,-0.150646553136964
-0.052651195754781,-0.094379034496905
-0.183322606124074,-0.10947870033583
-0.177509513567981,-0.189208016214347
-0.0247355892178248,-0.247111550909818
0.134762856505283,-0.289462007467489
-0.122029790843789,-0.23140327109092
-0.0407021679734224,-0.303469693311211
-0.117993223755768,-0.235921425308421
-0.0470830661269157,-0.300986585671095
-0.0137290808727097,-0.326837631140789
0.0841688745984314,-0.187284930997424
0.0905241272034524,-0.145253772887734
-0.0174440240308234,-0.122325239650715
0.0261409353476907,-0.18460254196728
0.0168488400542794,-0.0495717517883753
0.147167149986751,-0.0518842250503806
0.160983358058042,-0.155983981280123
0.0239835036107069,-0.007217444912546
-0.0467995803042534,-0.22245524392736
0.0660921936358083,-0.0404907579269308
0.0223417809695819,0.0503321977590679
-0.0454473402341034,-0.0847948892447602
-0.0565940558688653,-0.111937178079271
0.073001186267189,0.116100126544005
-0.0266981763781734,0.125695178686983
-0.0536074938179127,-0.0866301961303294
-0.0018764290005778,0.130494953879962
-0.0707263109850931,0.152215967748871
-0.0221387646527431,0.0333916204837434
0.0992563021619556,0.206573033138842
0.00925438831847159,-0.0235696751362934
0.0485134220055074,0.134129839805618
0.0179450955495174,0.105125495604582
-0.0217592588525082,0.225557955725846
0.00167325126399864,0.111012523295935
-0.00214426902835503,0.121450009084428
-0.15358168992219,0.217871698000659
-0.133153663498716,0.284491060267692
0.11230961704359,0.449003426405488
0.0821726719040089,0.176122552944468
0.114568772733625,0.401580510260912
0.150949760832166,0.211535112974608
0.187855312555758,0.263450527416676
0.0872647049080334,0.182443174834498
0.242881581576415,0.266163199240603
0.0733377318190715,0.242411499332406
0.119243835262169,0.340668152082541
0.0885610886476771,0.447116161085794
0.148858261354088,0.322396176799083
0.257433673713273,0.374210759164078
0.208475642480048,0.33568956833247
0.286894268410241,0.332012762876251
0.178848948312077,0.461558979356153
0.25385725510601,0.308588970647567
0.145762981679464,0.142576216578119
0.205138910836163,0.420109184331586
0.179894001086998,0.214429714189611
0.18038909500209,0.434567734347865
0.222076069577946,0.352170884453202
0.219089014873349,0.481720608654145
0.0687935493890533,0.372400858072406
0.150621883672498,0.341260398900738
0.076877254402546,0.362394627608212
0.123439701215329,0.330335798397801
0.115760703974378,0.332206188967281
0.372894152850779,0.380791910913021
0.180659458993798,0.257523603667086
0.231577966900492,0.257031837841915
0.0818275248722587,0.265495364837565
0.0912450066088422,0.249083320389032
-0.0446964855000085,-0.0772271381322071
-0.0150066758945882,0.0419262745781211
0.235075598656612,0.194193630557204
0.270055439523096,0.0941246069103482
0.243665150795008,-0.0336692729038174
0.266028382295817,0.110826501508562
0.278534960464264,0.0746411447247195
0.421669830226861,0.151513970220938
0.363650617636935,0.0285786388517173
0.405961249562742,0.179985606155047
0.432988328088953,0.112794014588302
0.442908911505252,0.263928904897337
0.359443732805207,0.22040948259041
0.399421975878374,0.188778648730116
0.323321936895105,0.245822254442819
0.507243862867856,0.288585416842896
0.501874102620558,0.234569373438476
0.44931072146582,0.380120338644672
0.4567161200174,0.454777751227818
0.338954730906748,0.416301434760921
0.419072374436998,0.328861443800011
0.432855830534292,0.315957515330002
0.503504353033447,0.409308096494371
0.428146936016073,0.352900150207047
0.437333087751816,0.407540283115995
0.385872270389472,0.503208266776717
0.36031716776657,0.516917203993727
0.55235235544594,0.363226464860473
0.484896342115481,0.422660788085591
0.446779836773503,0.475617295072042
0.460240666600735,0.544760350550499
0.433983079362792,0.519607439719799
0.512629241266617,0.566505382876365
0.436172227350481,0.455653154098375
0.487442739839895,0.501003888543487
0.413089995145262,0.505080223475667
0.442669111910855,0.542541249375745
0.540809050253227,0.500733285674253
0.464365456027736,0.392838219691181
0.560652864866849,0.374392110838753
0.490987812249955,0.45874521745499
0.54781252427882,0.360976351736585
0.536256879277646,0.396473003726648
0.646403967458089,0.409906454338345
0.533883201571216,0.352478748060002
0.596706693422839,0.386861433639033
0.753003195820524,0.421143822494067
0.687935353133527,0.410123885248321
0.719856762190608,0.407205111140141
0.834553299151339,0.411437525098302
0.763906824656178,0.404265076804091
0.862944639620299,0.32404814385751
0.796440324155494,0.34438174561079
0.863386603946418,0.242078420129896
0.834828351980267,0.335074616712341
0.77121030432045,0.378640553644276
0.794010827820377,0.348140006441949
0.89770467475122,0.29093157049065
0.865547287718197,0.284230994747774
0.86562704385991,0.316721693278383
0.808947667320072,0.299486630323871
0.894022479516064,0.304844582387362
0.765270975767199,0.333058286505185
0.850542530362212,0.264081311460227
0.796349970882456,0.242706427291075
0.843149361266648,0.295390585317268
0.835350399130897,0.352894379699668
0.807126162423013,0.362326333649604
0.819958236491042,0.340828769880509
0.776876984253563,0.36712459934866
0.832366316407158,0.361522086579571
0.803189928229796,0.391278170597472
0.840750168745777,0.37523543390862
0.804966730856627,0.302079634090524
0.74755311549565,0.450472380357782
0.795432880762149,0.37498646080325
0.819824128858507,0.446725103997938
0.789756702138892,0.363959351100189
0.843490748680351,0.365252431635671
0.744703641795134,0.265275324197473
0.808297203480352,0.291408561837194
0.870884007054673,0.29383048692532
0.82731545586063,0.291658675298343
0.835810581356903,0.202064624415574
0.877868238899277,0.308392571090433
0.709589433276709,0.199659012773417
0.774669280240745,0.218559632706676
0.893082485653184,0.194939960366825
0.774388757861152,0.183352728109622
0.684810480009797,0.0655070612511384
0.766572927171011,0.162523202064372
0.86712141947198,0.011787093909177
0.910169116907747,-0.0168861461230834
0.85084690420939,-0.0385016033512308
0.837912803496709,-0.0594655208405647
0.905497694742953,-0.032001928378811
0.821655801879966,-0.0630765674466281
0.856772064599534,-0.102348694074344
0.878899049659597,-0.129098134526539
0.86283759823828,-0.100558400969231
0.869203523092224,-0.12452913548234
0.701301014966174,-0.02657745012668
0.800597299470623,-0.15484197646516
0.851912844669601,-0.121706659403223
0.754968273754723,-0.275430656487902
0.801310539542231,-0.167201609764108
0.824510338570934,-0.211815186362022
0.807096841120863,-0.247429817223326
0.897264784687531,-0.224025068348647
0.780747177673296,-0.209746114575483
0.8896071211257,-0.287816908863412
0.820957551822519,-0.274021703765377
0.899605183027167,-0.261563311369896
0.774334044829538,-0.244483455920737
0.800816169681887,-0.232248371236474
0.873412631425961,-0.221530746219267
0.809103059091482,-0.246814090426673
0.826449056338476,-0.295907031933326
0.829030556420786,-0.265913666063451
0.763780067874586,-0.241341961275668
0.803660894377882,-0.262930317360961
0.824782044937052,-0.251582392177488
0.726942834442708,-0.301656721823327
0.818451386026141,-0.219347585511308
0.758270216771409,-0.25937732760559
0.826846249770898,-0.23176981396413
0.826076382987551,-0.209713885791063
0.758398598665164,-0.227008141153991
0.803823453702587,-0.241678671190327
0.840352083196751,-0.278924897909724
0.857300588431305,-0.343584869245366
0.703848167850121,-0.367856617921463
0.815370334552257,-0.422188165124052
0.757685252504741,-0.387867408712969
0.73491264963599,-0.460629884021816
0.690369531340266,-0.439845334838565
0.789759275026204,-0.466679871194366
0.707444650464592,-0.491167313094006
0.675265140573826,-0.537187577759486
0.679955033253048,-0.571663539851106
0.592879508524603,-0.523633417228744
0.601072885761904,-0.600138392511892
0.563215563213693,-0.602116420992662
0.632961275545359,-0.588202535069425
0.570310785086995,-0.590990845933212
0.566386310260825,-0.740739136639691
0.489890408425564,-0.723489777903081
0.468650793795915,-0.712389045172497
0.4460604115391,-0.741171545517578
0.472110692071836,-0.774927320047275
0.4259806911987,-0.762046461910771
0.409106065971507,-0.778574614959933
0.368978576698786,-0.830146695895425
0.371140262928729,-0.819572605251473
0.348332997009683,-0.823228428327275
0.276803856506895,-0.841933575994319
0.304884145074332,-0.785146906322619
0.273403913543357,-0.856342309461783
0.233876625386118,-0.878193281108897
0.234178406159733,-0.869839853509875
0.207832641722546,-0.865811209761853
0.194652221303187,-0.894974637476657
0.189588289258823,-0.87170988346935
0.150960503633756,-0.888145777551094
0.0644420940980244,-0.860829893741622
0.0984819425166532,-0.895310952435928
0.069561013803611,-0.874849947700036
0.0367677186573119,-0.855873474991697
0.0372507940932284,-0.904915470704062
0.0215759134555765,-0.892421594675457
0.0196548658029568,-0.880600748196881
-0.0242404396522464,-0.894054536131014
-0.0118477861572579,-0.867181871528179
-0.04528921668874,-0.8539135197262
-0.0867433184044796,-0.849132973663026
-0.0645432649043682,-0.856263529711865
-0.0554876509647366,-0.855246700649152
-0.0620911100894262,-0.798563930989991
-0.0613849549389787,-0.804663123348798
-0.084651262571659,-0.722295959455519
-0.166294212404993,-0.742184157929492
-0.0892857168514677,-0.721613579094532
-0.169932333189059,-0.66911596360188
-0.107651889746111,-0.584711198694757
-0.145405824536244,-0.62079772414712
-0.158006713004797,-0.646760478278786
-0.0773710700940105,-0.591902116591603
-0.148528052786307,-0.610511744384592
-0.113248882853525,-0.596242750379559
-0.21418524964786,-0.503940772647496
-0.244828621301988,-0.557387644904005
-0.260846265891018,-0.478496042306908
-0.248061145073712,-0.42454445408181
-0.300670263853941,-0.356014671276843
-0.29830715550726,-0.46473285124015
-0.389161729317566,-0.393249520469914
-0.384764587859621,-0.321317999385728
-0.387791344414277,-0.35274920087164
-0.403887899995103,-0.29252271350528
-0.37959727552309,-0.290064518549384
-0.340409618610822,-0.230160819394927
-0.380511230061516,-0.231097246907371
-0.422034674348559,-0.276676214725128
-0.377163573667905,-0.17344997627466
-0.302382098763075,-0.212606615548192
-0.480658399379163,-0.151290491068862
-0.418454786703114,-0.121802626695327
-0.503143466187978,-0.0603048668030038
-0.476957404511845,-0.0881302418678774
-0.450528841134,-0.00470665256342762
-0.421353769219813,0.0785978630854941
-0.586388769038686,0.141184116392767
-0.486644051092837,0.17041712398273
-0.584934192878558,0.126367002401448
-0.530636795739836,0.25369773959776
-0.630011667763098,0.269483869123223
-0.680562714239346,0.345993707065045
-0.59142613809969,0.388590893860827
-0.617051893561825,0.352818210098753
-0.626714716528844,0.449509251505543
-0.615366931490158,0.438399400400058
-0.654259012331208,0.393768985433231
-0.624345913472652,0.422822243366353
-0.632221926033982,0.478868160181716
-0.608363070251549,0.517638639438102
-0.62808356036545,0.475594828405067
-0.599449330815155,0.50361445783863
-0.609840431881001,0.550270707660252
-0.562980700462337,0.596549544533696
-0.552325124297318,0.566369208480641
-0.486945287404251,0.612036439954062
-0.533184117532281,0.612693314438327
-0.463317615433657,0.642970765285289
-0.492169296942647,0.565402035816946
-0.428932393927326,0.69191969463655
-0.382712671713527,0.650880582839231
-0.367367320239128,0.712898242259844
-0.367405099193481,0.682516939461758
-0.279736201637825,0.656737870276004
-0.27698783195962,0.680439185151307
-0.214384108412996,0.732622756188548
-0.23117316865685,0.718674638947608
-0.174824384741638,0.73374405999467
-0.115124688794124,0.744312673734324
-0.108956949014976,0.748223282613375
-0.0392975680573087,0.725553082481902
-0.0030557547384505,0.756395201910278
0.0314344763716937,0.739701669219338
0.00872935363815617,0.734714029045659
0.117641518718538,0.702067787213105
0.125362283727277,0.657805201876404
0.0880687884481939,0.666016740695192
0.134256145167043,0.705401313336023
0.18813832469045,0.70500173114308
0.192912113593754,0.744715873665125
0.263433736054425,0.654952455874276
0.286004486331324,0.583823421247682
0.286939054128902,0.641863280449611
0.292486237274874,0.666432440320586
0.419651625241693,0.531004679655164
0.429313884496498,0.594175182820205
0.452963547733414,0.590239468700347
0.52712236897094,0.565675189038518
0.531992204233014,0.576342936603894
0.573561614491613,0.550654342768702
0.597621120455192,0.480176910192091
0.637775044896995,0.490269680515868
0.647361076047495,0.41852023376089
0.626671542909764,0.410493294315667
0.612949987432411,0.33035399539259
0.656161002898362,0.351832617665689
0.675517495668345,0.3684722157121
0.751065709369196,0.216376066560006
0.725599179800164,0.167043985586789
0.744168825456422,0.0920875585369853
0.791981213476813,0.129323378949471
0.791523859811714,0.0927503211394852
0.750855215474373,0.0697464307439802
0.851414574954168,0.0569244532973934
0.828597521736105,0.0118790939668908
0.802101328089927,0.0210662941208072
0.838339690920013,-0.00977719307218032
0.788998549708593,-0.0149487336043443
0.869289302431778,-0.0347858085752767
0.840326588641311,-0.14142202731777
0.860765781260318,-0.078873326988242
0.788102161701601,-0.191887925462977
0.822087845705226,-0.248814323946748
0.792493481066406,-0.327710763977203
0.757484559580514,-0.348214720457
0.683599212536765,-0.390162049258356
0.678332144573053,-0.495980986998274
0.707958874498563,-0.581950618677751
0.63890523501211,-0.624481798737974
0.594144180126314,-0.620580980787242
0.580024704148182,-0.706116564539239
0.580820731258463,-0.712737728146461
0.547270985178665,-0.687962610629534
0.569664722962604,-0.711269676927919
0.493453469133574,-0.695302252223532
0.526719044650137,-0.754079820998894
0.515661186640993,-0.787558900513882
0.50059336828054,-0.780225250197554
0.47709718709992,-0.725387916597856
0.466089777342189,-0.792640158143544
0.427126556873143,-0.780789187248877
0.398516058228736,-0.814235228783445
0.357904662733217,-0.817462928349345
0.319178412072024,-0.802484517696655
0.333859913503366,-0.803721933759894
0.254510982284213,-0.802951302046798
0.329534889640937,-0.889656352102707
0.397448081586368,-0.852317021736799
0.314170838013773,-0.828620392054272
0.357901752122966,-0.837143260772935
0.316744536325626,-0.822666392364306
0.35844187763008,-0.86289908342283
0.297844526669443,-0.805612017535546
0.28176716132549,-0.862028726766043
0.313426255063448,-0.826180706804341
0.365860510348471,-0.792675218490169
0.373966956959993,-0.820238204659953
0.389323975030278,-0.773883240630784
0.386805606133122,-0.772430044245539
0.369117351493958,-0.803430006986519
0.340535858778491,-0.838164845248129
0.366258259669319,-0.862205480469334
0.331283248709664,-0.840276740999424
0.3405297086876,-0.859728138316258
0.32846964035531,-0.841347388397062
0.337965177918392,-0.802443912161229
0.295180635336985,-0.841570126069454
0.351281272431499,-0.868465093323444
0.33790779332257,-0.839745117086945
0.299094931587579,-0.841685174201
0.217463906058084,-0.851239371844978
0.235588476798865,-0.860289721987181
0.124359840806789,-0.893921347714201
0.1278123293723,-0.899451021328767
0.0899476368519555,-0.874739793216731
-0.0316575737829435,-0.824611660508931
-0.0767599726382115,-0.891679397683225
-0.0845104664077083,-0.878660913523086
-0.108654177100623,-0.914262221875878
-0.145612268460459,-0.911847942336982
-0.177090179766144,-0.90672463790409
-0.179774316147475,-0.889187205038032
-0.248469958240843,-0.919421040976333
-0.24776064242471,-0.86268629572529
-0.270704971924971,-0.862356977926393
-0.345010897770227,-0.848917887883195
-0.362084843289934,-0.869347801418802
-0.354937440818961,-0.879662793750669
-0.259721794969509,-0.791776067130587
-0.32769263712859,-0.875123429966114
-0.304503919857011,-0.830532751221356
-0.366346772253284,-0.760426616910669
-0.336360749855563,-0.747175475105752
-0.423113174925924,-0.817384347766713
-0.336625994936986,-0.816142965454274
-0.34296106230997,-0.807237198533054
-0.381073219658506,-0.783070928918939
-0.368939117311323,-0.852803360542525
-0.393443587302662,-0.813950741124987
-0.386922147588218,-0.750483249524871
-0.410608215990487,-0.813148852516386
-0.400973631132517,-0.749296021400733
-0.486721658994014,-0.761322901620429
-0.376958914628657,-0.729997910401254
-0.391382965191722,-0.683446269851731
-0.449977270868139,-0.706490847326674
-0.428576126820611,-0.720350345268305
-0.506197045846425,-0.665036820124384
-0.484134484461421,-0.606604897478219
-0.518139025103929,-0.653307044534167
-0.560160836261942,-0.641689776252884
-0.545327150976239,-0.6056871746134
-0.619723469624316,-0.641317434671957
-0.702804367925945,-0.479934942947427
-0.643889874628122,-0.530971359156472
-0.728076417182746,-0.490893553081208
-0.710232459281937,-0.438012060800365
-0.713949265041129,-0.401465958688618
-0.760773793957583,-0.369597199512063
-0.787161029610261,-0.336921728841731
-0.784192746750503,-0.370942472357105
-0.776184799861635,-0.378851820640814
-0.825921583872628,-0.33981649824766
-0.815780513682904,-0.391130335236198
-0.797560003436366,-0.414877361020719
-0.798044219654713,-0.373950838409317
-0.806934076718303,-0.451018207088593
-0.803392452725324,-0.43235083476888
-0.812388417481393,-0.448647057718411
-0.806479013695314,-0.408840714271443
-0.820282917327557,-0.487764245112767
-0.81996553161272,-0.490864025437206
-0.81267248437673,-0.487560377854069
-0.807740676060273,-0.51063143803684
-0.820586405749121,-0.496407728596073
-0.834338646200572,-0.473607702665496
-0.827674133265323,-0.477800729465111
-0.810623654856761,-0.504846793279491
-0.815978485505951,-0.519340730725874
-0.820342056676172,-0.452606372421942
-0.793899007043745,-0.521035950353096
-0.775693742844215,-0.543072986354286
-0.798376846486279,-0.550701664930326
-0.766454406876817,-0.573412535849468
-0.748220115477121,-0.590784457165365
-0.760428087088379,-0.599392204271666
-0.712189501653275,-0.60852023118357
-0.685023501269356,-0.614454607039624
-0.670688326659313,-0.615926476234788
-0.686534616375984,-0.642464295862434
-0.642876549207112,-0.682023530830388
-0.616819271945973,-0.670403150088484
-0.607257730555653,-0.689591382621354
-0.612922770214341,-0.672856805508599
-0.57943858069512,-0.644459085476669
-0.601342549258267,-0.650489085026265
-0.574427646956149,-0.701560795647111
-0.617503610510583,-0.690850087609648
-0.644342116551303,-0.681591497732062
-0.65823888664095,-0.623653583695998
-0.597564269914643,-0.683104843721047
-0.659235092605387,-0.630004649314049
-0.595452373390344,-0.681236257721584
-0.690768148949717,-0.600606469298654
-0.670171177715476,-0.606903339973593
-0.721771905211992,-0.587763295373562
-0.743179515191141,-0.510638898632847
-0.686739256836796,-0.573448648425919
-0.754195999375371,-0.503263524311946
-0.72654071738946,-0.502096174192796
-0.722728661572142,-0.467102584047538
-0.749855952142866,-0.487512932501238
-0.754468311812117,-0.455844997771106
-0.727207294494419,-0.441387908972353
-0.727168850541024,-0.477614524406882
-0.749923552305874,-0.409011158634216
-0.827299521443775,-0.314486016929721
-0.696355926406566,-0.327857740344979
-0.798460410780022,-0.341777258791875
-0.682933269738397,-0.348654030311742
-0.800442875488281,-0.327680322564335
-0.666713500088193,-0.315949856002714
-0.715299884102862,-0.278732486581237
-0.708369558893925,-0.36147273274197
-0.677662204995305,-0.410117720494341
-0.673058231754198,-0.354410647207938
-0.579690277084196,-0.354288978876127
-0.646193903597349,-0.282088130750303
-0.605028038472044,-0.281968906224307
-0.54231129380586,-0.296747614084313
-0.607459063540316,-0.210331394050717
-0.563109984576408,-0.250917210904689
-0.521890264589343,-0.237978589324069
-0.489233597494193,-0.352298776513066
-0.559064413757919,-0.346248241312956
-0.519162794301205,-0.282693374389134
-0.475108563984819,-0.30016948653409
-0.53588779317748,-0.254771339279412
-0.498438869852002,-0.242191727851931
-0.547549610349183,-0.237083630364743
-0.442288174754408,-0.184244625649305
-0.461720149031028,-0.210601574972261
-0.400135415627851,-0.286356032660061
-0.504895251649972,-0.20999187964851
-0.34618881484983,-0.246165520708917
-0.309557975811421,-0.146749426917262
-0.469445396836734,-0.311260064935973
-0.309326630103315,-0.27561215292322
-0.340392832691185,-0.344114407046767
-0.329241927437587,-0.228280572049979
NaN,NaN
